epoch,parameter,feature,context,weight
0,beta,momentum,,0.0
0,beta,persist,,0.0
0,beta,underwater,,0.0
0,B,momentum,kospi_return_1d,0.0
0,B,momentum,fx_level_z_252,0.0
0,B,persist,kospi_return_1d,0.0
0,B,persist,fx_level_z_252,0.0
0,B,underwater,kospi_return_1d,0.0
0,B,underwater,fx_level_z_252,0.0
0,alpha,,kospi_return_1d,0.0
0,alpha,,fx_level_z_252,0.0
1,beta,momentum,,-0.002000615932047367
1,beta,persist,,0.0019857126753777266
1,beta,underwater,,0.001985827460885048
1,B,momentum,kospi_return_1d,-0.0011727837845683098
1,B,momentum,fx_level_z_252,0.0007741061272099614
1,B,persist,kospi_return_1d,-0.0017866876441985369
1,B,persist,fx_level_z_252,-0.0008522056741639972
1,B,underwater,kospi_return_1d,-0.001879181363619864
1,B,underwater,fx_level_z_252,-0.0003052938845939934
1,alpha,,kospi_return_1d,-0.0019409455126151443
1,alpha,,fx_level_z_252,0.0019137479830533266
2,beta,momentum,,-0.003954742103815079
2,beta,persist,,0.003967282362282276
2,beta,underwater,,0.0038925018161535263
2,B,momentum,kospi_return_1d,-0.0017887204885482788
2,B,momentum,fx_level_z_252,0.0006357754464261234
2,B,persist,kospi_return_1d,-0.0031589572317898273
2,B,persist,fx_level_z_252,-0.0008544244337826967
2,B,underwater,kospi_return_1d,-0.003635598113760352
2,B,underwater,fx_level_z_252,0.000895175093319267
2,alpha,,kospi_return_1d,-0.003836030839011073
2,alpha,,fx_level_z_252,0.0038077288772910833
3,beta,momentum,,-0.005892250686883926
3,beta,persist,,0.005937474779784679
3,beta,underwater,,0.0057673025876283646
3,B,momentum,kospi_return_1d,-0.002392584690824151
3,B,momentum,fx_level_z_252,0.0006579975597560406
3,B,persist,kospi_return_1d,-0.004235654138028622
3,B,persist,fx_level_z_252,-0.0012352591147646308
3,B,underwater,kospi_return_1d,-0.005082091316580772
3,B,underwater,fx_level_z_252,0.0018305062549188733
3,alpha,,kospi_return_1d,-0.005728512536734343
3,alpha,,fx_level_z_252,0.005721780471503735
4,beta,momentum,,-0.007794843055307865
4,beta,persist,,0.00788519810885191
4,beta,underwater,,0.007565487641841173
4,B,momentum,kospi_return_1d,-0.0035546154249459505
4,B,momentum,fx_level_z_252,0.0012732510222122073
4,B,persist,kospi_return_1d,-0.005308512132614851
4,B,persist,fx_level_z_252,-0.0016514933668076992
4,B,underwater,kospi_return_1d,-0.005876912735402584
4,B,underwater,fx_level_z_252,0.002168076578527689
4,alpha,,kospi_return_1d,-0.007563588209450245
4,alpha,,fx_level_z_252,0.0076311007142066956
5,beta,momentum,,-0.009649684652686119
5,beta,persist,,0.009823670610785484
5,beta,underwater,,0.00929457787424326
5,B,momentum,kospi_return_1d,-0.004662263672798872
5,B,momentum,fx_level_z_252,0.0021435669623315334
5,B,persist,kospi_return_1d,-0.006193547509610653
5,B,persist,fx_level_z_252,-0.002233568811789155
5,B,underwater,kospi_return_1d,-0.0060544973239302635
5,B,underwater,fx_level_z_252,0.002030829666182399
5,alpha,,kospi_return_1d,-0.009327977895736694
5,alpha,,fx_level_z_252,0.009518619626760483
6,beta,momentum,,-0.011470571160316467
6,beta,persist,,0.011744227260351181
6,beta,underwater,,0.010952575132250786
6,B,momentum,kospi_return_1d,-0.005554800853133202
6,B,momentum,fx_level_z_252,0.003125583752989769
6,B,persist,kospi_return_1d,-0.007162794005125761
6,B,persist,fx_level_z_252,-0.0025902572087943554
6,B,underwater,kospi_return_1d,-0.006047054659575224
6,B,underwater,fx_level_z_252,0.001600820105522871
6,alpha,,kospi_return_1d,-0.010931158438324928
6,alpha,,fx_level_z_252,0.011389870196580887
7,beta,momentum,,-0.01321630273014307
7,beta,persist,,0.013638760894536972
7,beta,underwater,,0.012483359314501286
7,B,momentum,kospi_return_1d,-0.006569545716047287
7,B,momentum,fx_level_z_252,0.004201115109026432
7,B,persist,kospi_return_1d,-0.007967325858771801
7,B,persist,fx_level_z_252,-0.002943362109363079
7,B,underwater,kospi_return_1d,-0.005642722360789776
7,B,underwater,fx_level_z_252,0.000718949711881578
7,alpha,,kospi_return_1d,-0.01237525511533022
7,alpha,,fx_level_z_252,0.013230923563241959
8,beta,momentum,,-0.014911116100847721
8,beta,persist,,0.01550851296633482
8,beta,underwater,,0.013884023763239384
8,B,momentum,kospi_return_1d,-0.007556831929832697
8,B,momentum,fx_level_z_252,0.005338797811418772
8,B,persist,kospi_return_1d,-0.008773867972195148
8,B,persist,fx_level_z_252,-0.003056797431781888
8,B,underwater,kospi_return_1d,-0.0049153706058859825
8,B,underwater,fx_level_z_252,-0.00038045761175453663
8,alpha,,kospi_return_1d,-0.013723871670663357
8,alpha,,fx_level_z_252,0.015031506307423115
9,beta,momentum,,-0.0165687445551157
9,beta,persist,,0.017347300425171852
9,beta,underwater,,0.015202801674604416
9,B,momentum,kospi_return_1d,-0.008614649996161461
9,B,momentum,fx_level_z_252,0.006394224241375923
9,B,persist,kospi_return_1d,-0.009425908327102661
9,B,persist,fx_level_z_252,-0.003302759025245905
9,B,underwater,kospi_return_1d,-0.004008693154901266
9,B,underwater,fx_level_z_252,-0.0014660567976534367
9,alpha,,kospi_return_1d,-0.014886743389070034
9,alpha,,fx_level_z_252,0.01677776500582695
10,beta,momentum,,-0.018162479624152184
10,beta,persist,,0.019143972545862198
10,beta,underwater,,0.016393564641475677
10,B,momentum,kospi_return_1d,-0.009756489656865597
10,B,momentum,fx_level_z_252,0.007364094723016024
10,B,persist,kospi_return_1d,-0.010165614075958729
10,B,persist,fx_level_z_252,-0.0034901632461696863
10,B,underwater,kospi_return_1d,-0.0029172953218221664
10,B,underwater,fx_level_z_252,-0.0026286793872714043
10,alpha,,kospi_return_1d,-0.015817591920495033
10,alpha,,fx_level_z_252,0.018441643565893173
11,beta,momentum,,-0.019697466865181923
11,beta,persist,,0.020914630964398384
11,beta,underwater,,0.017531825229525566
11,B,momentum,kospi_return_1d,-0.010856385342776775
11,B,momentum,fx_level_z_252,0.00824602972716093
11,B,persist,kospi_return_1d,-0.010978782549500465
11,B,persist,fx_level_z_252,-0.003510594367980957
11,B,underwater,kospi_return_1d,-0.001778875826857984
11,B,underwater,fx_level_z_252,-0.0037932260893285275
11,alpha,,kospi_return_1d,-0.0165772195905447
11,alpha,,fx_level_z_252,0.02007284015417099
12,beta,momentum,,-0.02112501859664917
12,beta,persist,,0.02263825759291649
12,beta,underwater,,0.018505685031414032
12,B,momentum,kospi_return_1d,-0.011816263198852539
12,B,momentum,fx_level_z_252,0.00889783725142479
12,B,persist,kospi_return_1d,-0.011819894425570965
12,B,persist,fx_level_z_252,-0.0034108394756913185
12,B,underwater,kospi_return_1d,-0.0007438384345732629
12,B,underwater,fx_level_z_252,-0.004927391652017832
12,alpha,,kospi_return_1d,-0.01702047511935234
12,alpha,,fx_level_z_252,0.02165904827415943
13,beta,momentum,,-0.022488370537757874
13,beta,persist,,0.02430645190179348
13,beta,underwater,,0.019383978098630905
13,B,momentum,kospi_return_1d,-0.012570660561323166
13,B,momentum,fx_level_z_252,0.00927668809890747
13,B,persist,kospi_return_1d,-0.01258578896522522
13,B,persist,fx_level_z_252,-0.003061537863686681
13,B,underwater,kospi_return_1d,0.0001558242365717888
13,B,underwater,fx_level_z_252,-0.005932915024459362
13,alpha,,kospi_return_1d,-0.01737207919359207
13,alpha,,fx_level_z_252,0.023131713271141052
14,beta,momentum,,-0.023786474019289017
14,beta,persist,,0.02593020163476467
14,beta,underwater,,0.020165976136922836
14,B,momentum,kospi_return_1d,-0.01310021337121725
14,B,momentum,fx_level_z_252,0.009519074112176895
14,B,persist,kospi_return_1d,-0.013462390750646591
14,B,persist,fx_level_z_252,-0.002714175032451749
14,B,underwater,kospi_return_1d,0.0007953753229230642
14,B,underwater,fx_level_z_252,-0.006901504471898079
14,alpha,,kospi_return_1d,-0.01750783436000347
14,alpha,,fx_level_z_252,0.024524252861738205
15,beta,momentum,,-0.024971187114715576
15,beta,persist,,0.027514591813087463
15,beta,underwater,,0.020890770480036736
15,B,momentum,kospi_return_1d,-0.01331727672368288
15,B,momentum,fx_level_z_252,0.009423625655472279
15,B,persist,kospi_return_1d,-0.014469262212514877
15,B,persist,fx_level_z_252,-0.002068048808723688
15,B,underwater,kospi_return_1d,0.0010047925170511007
15,B,underwater,fx_level_z_252,-0.007728866767138243
15,alpha,,kospi_return_1d,-0.017420265823602676
15,alpha,,fx_level_z_252,0.02589418739080429
16,beta,momentum,,-0.026043253019452095
16,beta,persist,,0.02906389720737934
16,beta,underwater,,0.02150692231953144
16,B,momentum,kospi_return_1d,-0.013414409942924976
16,B,momentum,fx_level_z_252,0.009094766341149807
16,B,persist,kospi_return_1d,-0.015517332591116428
16,B,persist,fx_level_z_252,-0.0013188770972192287
16,B,underwater,kospi_return_1d,0.0009248233400285244
16,B,underwater,fx_level_z_252,-0.008489063009619713
16,alpha,,kospi_return_1d,-0.017305202782154083
16,alpha,,fx_level_z_252,0.02719765715301037
17,beta,momentum,,-0.027062755078077316
17,beta,persist,,0.030603254213929176
17,beta,underwater,,0.022072583436965942
17,B,momentum,kospi_return_1d,-0.013256993144750595
17,B,momentum,fx_level_z_252,0.008765306323766708
17,B,persist,kospi_return_1d,-0.016415052115917206
17,B,persist,fx_level_z_252,-0.0007606825092807412
17,B,underwater,kospi_return_1d,0.0005471776239573956
17,B,underwater,fx_level_z_252,-0.00941447727382183
17,alpha,,kospi_return_1d,-0.017058363184332848
17,alpha,,fx_level_z_252,0.02845623530447483
18,beta,momentum,,-0.028008071705698967
18,beta,persist,,0.03210916742682457
18,beta,underwater,,0.022511128336191177
18,B,momentum,kospi_return_1d,-0.012989724986255169
18,B,momentum,fx_level_z_252,0.00837414339184761
18,B,persist,kospi_return_1d,-0.017278708517551422
18,B,persist,fx_level_z_252,-9.338278323411942e-05
18,B,underwater,kospi_return_1d,7.61538976803422e-05
18,B,underwater,fx_level_z_252,-0.010262828320264816
18,alpha,,kospi_return_1d,-0.016644742339849472
18,alpha,,fx_level_z_252,0.029592493548989296
19,beta,momentum,,-0.028866324573755264
19,beta,persist,,0.03353555500507355
19,beta,underwater,,0.022792859002947807
19,B,momentum,kospi_return_1d,-0.012902749702334404
19,B,momentum,fx_level_z_252,0.007943029515445232
19,B,persist,kospi_return_1d,-0.017964884638786316
19,B,persist,fx_level_z_252,0.0006394567317329347
19,B,underwater,kospi_return_1d,-0.0002722892095334828
19,B,underwater,fx_level_z_252,-0.011157137341797352
19,alpha,,kospi_return_1d,-0.015970392152667046
19,alpha,,fx_level_z_252,0.030628489330410957
20,beta,momentum,,-0.029596766456961632
20,beta,persist,,0.03495526313781738
20,beta,underwater,,0.0229661762714386
20,B,momentum,kospi_return_1d,-0.013066577725112438
20,B,momentum,fx_level_z_252,0.007471404038369656
20,B,persist,kospi_return_1d,-0.018239550292491913
20,B,persist,fx_level_z_252,0.0013046666281297803
20,B,underwater,kospi_return_1d,-0.0002010578173212707
20,B,underwater,fx_level_z_252,-0.012132563628256321
20,alpha,,kospi_return_1d,-0.015291894786059856
20,alpha,,fx_level_z_252,0.03164637088775635
21,beta,momentum,,-0.030198821797966957
21,beta,persist,,0.03635600209236145
21,beta,underwater,,0.02299746684730053
21,B,momentum,kospi_return_1d,-0.013438048772513866
21,B,momentum,fx_level_z_252,0.007032608613371849
21,B,persist,kospi_return_1d,-0.01835903897881508
21,B,persist,fx_level_z_252,0.001679232926107943
21,B,underwater,kospi_return_1d,0.0002617663994897157
21,B,underwater,fx_level_z_252,-0.01325016375631094
21,alpha,,kospi_return_1d,-0.014681258238852024
21,alpha,,fx_level_z_252,0.032641906291246414
22,beta,momentum,,-0.030731813982129097
22,beta,persist,,0.037721678614616394
22,beta,underwater,,0.022926732897758484
22,B,momentum,kospi_return_1d,-0.013761023990809917
22,B,momentum,fx_level_z_252,0.006710907444357872
22,B,persist,kospi_return_1d,-0.018472183495759964
22,B,persist,fx_level_z_252,0.0018794318893924356
22,B,underwater,kospi_return_1d,0.0006387277971953154
22,B,underwater,fx_level_z_252,-0.014391290955245495
22,alpha,,kospi_return_1d,-0.01391423400491476
22,alpha,,fx_level_z_252,0.03356802091002464
23,beta,momentum,,-0.031230514869093895
23,beta,persist,,0.03910214453935623
23,beta,underwater,,0.022934073582291603
23,B,momentum,kospi_return_1d,-0.01376095600426197
23,B,momentum,fx_level_z_252,0.0059841834008693695
23,B,persist,kospi_return_1d,-0.018642369657754898
23,B,persist,fx_level_z_252,0.0019626508001238108
23,B,underwater,kospi_return_1d,0.0006895009428262711
23,B,underwater,fx_level_z_252,-0.015247960574924946
23,alpha,,kospi_return_1d,-0.013193746097385883
23,alpha,,fx_level_z_252,0.03442072868347168
24,beta,momentum,,-0.03165041655302048
24,beta,persist,,0.040411725640296936
24,beta,underwater,,0.022833405062556267
24,B,momentum,kospi_return_1d,-0.013638618402183056
24,B,momentum,fx_level_z_252,0.005163952242583036
24,B,persist,kospi_return_1d,-0.018774842843413353
24,B,persist,fx_level_z_252,0.002102964324876666
24,B,underwater,kospi_return_1d,0.0006133128772489727
24,B,underwater,fx_level_z_252,-0.016072183847427368
24,alpha,,kospi_return_1d,-0.012408203445374966
24,alpha,,fx_level_z_252,0.03514822572469711
25,beta,momentum,,-0.03190648928284645
25,beta,persist,,0.041669171303510666
25,beta,underwater,,0.022518513724207878
25,B,momentum,kospi_return_1d,-0.013561250641942024
25,B,momentum,fx_level_z_252,0.00439273938536644
25,B,persist,kospi_return_1d,-0.018861088901758194
25,B,persist,fx_level_z_252,0.0023128781467676163
25,B,underwater,kospi_return_1d,0.0006794200162403286
25,B,underwater,fx_level_z_252,-0.017055168747901917
25,alpha,,kospi_return_1d,-0.011579316109418869
25,alpha,,fx_level_z_252,0.03571758046746254
26,beta,momentum,,-0.032132118940353394
26,beta,persist,,0.04290927201509476
26,beta,underwater,,0.022164031863212585
26,B,momentum,kospi_return_1d,-0.01351089496165514
26,B,momentum,fx_level_z_252,0.00378039269708097
26,B,persist,kospi_return_1d,-0.018841367214918137
26,B,persist,fx_level_z_252,0.0025361143052577972
26,B,underwater,kospi_return_1d,0.000854361045639962
26,B,underwater,fx_level_z_252,-0.01808265596628189
26,alpha,,kospi_return_1d,-0.010696719400584698
26,alpha,,fx_level_z_252,0.036267057061195374
27,beta,momentum,,-0.03226713836193085
27,beta,persist,,0.04410969838500023
27,beta,underwater,,0.021697763353586197
27,B,momentum,kospi_return_1d,-0.01346143800765276
27,B,momentum,fx_level_z_252,0.0032917747739702463
27,B,persist,kospi_return_1d,-0.018883073702454567
27,B,persist,fx_level_z_252,0.0027134856209158897
27,B,underwater,kospi_return_1d,0.001094539649784565
27,B,underwater,fx_level_z_252,-0.019159890711307526
27,alpha,,kospi_return_1d,-0.009722335264086723
27,alpha,,fx_level_z_252,0.03675926849246025
28,beta,momentum,,-0.03240223228931427
28,beta,persist,,0.04525143653154373
28,beta,underwater,,0.021165911108255386
28,B,momentum,kospi_return_1d,-0.013408912345767021
28,B,momentum,fx_level_z_252,0.002797421533614397
28,B,persist,kospi_return_1d,-0.018870174884796143
28,B,persist,fx_level_z_252,0.0029835165478289127
28,B,underwater,kospi_return_1d,0.001340079470537603
28,B,underwater,fx_level_z_252,-0.020252002403140068
28,alpha,,kospi_return_1d,-0.008673442527651787
28,alpha,,fx_level_z_252,0.03719053789973259
29,beta,momentum,,-0.032518595457077026
29,beta,persist,,0.046377215534448624
29,beta,underwater,,0.020649224519729614
29,B,momentum,kospi_return_1d,-0.01312295813113451
29,B,momentum,fx_level_z_252,0.002263610018417239
29,B,persist,kospi_return_1d,-0.019045742228627205
29,B,persist,fx_level_z_252,0.003351195715367794
29,B,underwater,kospi_return_1d,0.0013901455095037818
29,B,underwater,fx_level_z_252,-0.021220523864030838
29,alpha,,kospi_return_1d,-0.007703718729317188
29,alpha,,fx_level_z_252,0.03765000402927399
30,beta,momentum,,-0.032657526433467865
30,beta,persist,,0.04746211692690849
30,beta,underwater,,0.020130204036831856
30,B,momentum,kospi_return_1d,-0.012775857001543045
30,B,momentum,fx_level_z_252,0.0016573781613260508
30,B,persist,kospi_return_1d,-0.019334988668560982
30,B,persist,fx_level_z_252,0.0037567929830402136
30,B,underwater,kospi_return_1d,0.0012016722466796637
30,B,underwater,fx_level_z_252,-0.0220347847789526
30,alpha,,kospi_return_1d,-0.006741952151060104
30,alpha,,fx_level_z_252,0.03804675489664078
31,beta,momentum,,-0.03276817128062248
31,beta,persist,,0.04855073615908623
31,beta,underwater,,0.019627857953310013
31,B,momentum,kospi_return_1d,-0.012538733892142773
31,B,momentum,fx_level_z_252,0.0008808004204183817
31,B,persist,kospi_return_1d,-0.019518690183758736
31,B,persist,fx_level_z_252,0.004281349014490843
31,B,underwater,kospi_return_1d,0.0009764127898961306
31,B,underwater,fx_level_z_252,-0.022588837891817093
31,alpha,,kospi_return_1d,-0.005913449916988611
31,alpha,,fx_level_z_252,0.03836081549525261
32,beta,momentum,,-0.03282830864191055
32,beta,persist,,0.049610186368227005
32,beta,underwater,,0.01910424418747425
32,B,momentum,kospi_return_1d,-0.012368717230856419
32,B,momentum,fx_level_z_252,2.3358763428404927e-05
32,B,persist,kospi_return_1d,-0.019654957577586174
32,B,persist,fx_level_z_252,0.004694875795394182
32,B,underwater,kospi_return_1d,0.0006607990362681448
32,B,underwater,fx_level_z_252,-0.02307749353349209
32,alpha,,kospi_return_1d,-0.0049826051108539104
32,alpha,,fx_level_z_252,0.03862384706735611
33,beta,momentum,,-0.032852910459041595
33,beta,persist,,0.05066574364900589
33,beta,underwater,,0.01853119768202305
33,B,momentum,kospi_return_1d,-0.012099191546440125
33,B,momentum,fx_level_z_252,-0.000788311823271215
33,B,persist,kospi_return_1d,-0.019913608208298683
33,B,persist,fx_level_z_252,0.00511600635945797
33,B,underwater,kospi_return_1d,0.00032851129071787
33,B,underwater,fx_level_z_252,-0.023528071120381355
33,alpha,,kospi_return_1d,-0.0040271589532494545
33,alpha,,fx_level_z_252,0.038900863379240036
34,beta,momentum,,-0.032836589962244034
34,beta,persist,,0.051691219210624695
34,beta,underwater,,0.017938295379281044
34,B,momentum,kospi_return_1d,-0.011929387226700783
34,B,momentum,fx_level_z_252,-0.0014009259175509214
34,B,persist,kospi_return_1d,-0.02002372220158577
34,B,persist,fx_level_z_252,0.0053452071733772755
34,B,underwater,kospi_return_1d,-3.0382638215087354e-05
34,B,underwater,fx_level_z_252,-0.02408456802368164
34,alpha,,kospi_return_1d,-0.002893134718760848
34,alpha,,fx_level_z_252,0.039138566702604294
35,beta,momentum,,-0.03277396410703659
35,beta,persist,,0.052704595029354095
35,beta,underwater,,0.01737048476934433
35,B,momentum,kospi_return_1d,-0.011758913286030293
35,B,momentum,fx_level_z_252,-0.0020038941875100136
35,B,persist,kospi_return_1d,-0.020094245672225952
35,B,persist,fx_level_z_252,0.005478985141962767
35,B,underwater,kospi_return_1d,-0.00026919718948192894
35,B,underwater,fx_level_z_252,-0.024570737034082413
35,alpha,,kospi_return_1d,-0.0018423523288220167
35,alpha,,fx_level_z_252,0.039355844259262085
36,beta,momentum,,-0.0326337032020092
36,beta,persist,,0.05370679870247841
36,beta,underwater,,0.01681423932313919
36,B,momentum,kospi_return_1d,-0.0114970114082098
36,B,momentum,fx_level_z_252,-0.0025955182500183582
36,B,persist,kospi_return_1d,-0.02005947008728981
36,B,persist,fx_level_z_252,0.0054230038076639175
36,B,underwater,kospi_return_1d,-0.0004136638599447906
36,B,underwater,fx_level_z_252,-0.025068461894989014
36,alpha,,kospi_return_1d,-0.0007826795917935669
36,alpha,,fx_level_z_252,0.039514534175395966
37,beta,momentum,,-0.03250061348080635
37,beta,persist,,0.054781071841716766
37,beta,underwater,,0.016257157549262047
37,B,momentum,kospi_return_1d,-0.011292989365756512
37,B,momentum,fx_level_z_252,-0.0030318545177578926
37,B,persist,kospi_return_1d,-0.020038818940520287
37,B,persist,fx_level_z_252,0.00546989357098937
37,B,underwater,kospi_return_1d,-0.00043236339115537703
37,B,underwater,fx_level_z_252,-0.025640327483415604
37,alpha,,kospi_return_1d,9.293967741541564e-05
37,alpha,,fx_level_z_252,0.03973569720983505
38,beta,momentum,,-0.03238358348608017
38,beta,persist,,0.05584247410297394
38,beta,underwater,,0.01574661023914814
38,B,momentum,kospi_return_1d,-0.010966877453029156
38,B,momentum,fx_level_z_252,-0.003382081398740411
38,B,persist,kospi_return_1d,-0.02020903490483761
38,B,persist,fx_level_z_252,0.005613550543785095
38,B,underwater,kospi_return_1d,-0.0006234944448806345
38,B,underwater,fx_level_z_252,-0.02610025927424431
38,alpha,,kospi_return_1d,0.0009180652559734881
38,alpha,,fx_level_z_252,0.039996761828660965
39,beta,momentum,,-0.03227479010820389
39,beta,persist,,0.05693905055522919
39,beta,underwater,,0.015251392498612404
39,B,momentum,kospi_return_1d,-0.01082464400678873
39,B,momentum,fx_level_z_252,-0.0036917414981871843
39,B,persist,kospi_return_1d,-0.020131031051278114
39,B,persist,fx_level_z_252,0.005638535600155592
39,B,underwater,kospi_return_1d,-0.0005347981350496411
39,B,underwater,fx_level_z_252,-0.026609739288687706
39,alpha,,kospi_return_1d,0.0015255026519298553
39,alpha,,fx_level_z_252,0.04026930779218674
40,beta,momentum,,-0.032288093119859695
40,beta,persist,,0.05806123837828636
40,beta,underwater,,0.014809871092438698
40,B,momentum,kospi_return_1d,-0.010755681432783604
40,B,momentum,fx_level_z_252,-0.003887681756168604
40,B,persist,kospi_return_1d,-0.019990699365735054
40,B,persist,fx_level_z_252,0.00559041416272521
40,B,underwater,kospi_return_1d,-0.00041119594243355095
40,B,underwater,fx_level_z_252,-0.027018003165721893
40,alpha,,kospi_return_1d,0.0019474814180284739
40,alpha,,fx_level_z_252,0.040488194674253464
41,beta,momentum,,-0.03238761052489281
41,beta,persist,,0.059160634875297546
41,beta,underwater,,0.014583447016775608
41,B,momentum,kospi_return_1d,-0.010420471429824829
41,B,momentum,fx_level_z_252,-0.004341247491538525
41,B,persist,kospi_return_1d,-0.01989969238638878
41,B,persist,fx_level_z_252,0.005794257391244173
41,B,underwater,kospi_return_1d,-0.0005139505956321955
41,B,underwater,fx_level_z_252,-0.027051780372858047
41,alpha,,kospi_return_1d,0.0022664472926408052
41,alpha,,fx_level_z_252,0.040782105177640915
42,beta,momentum,,-0.032543670386075974
42,beta,persist,,0.060279134660959244
42,beta,underwater,,0.01438407227396965
42,B,momentum,kospi_return_1d,-0.010252619162201881
42,B,momentum,fx_level_z_252,-0.00466489652171731
42,B,persist,kospi_return_1d,-0.01980290561914444
42,B,persist,fx_level_z_252,0.0059748259373009205
42,B,underwater,kospi_return_1d,-0.0005684556090272963
42,B,underwater,fx_level_z_252,-0.027103548869490623
42,alpha,,kospi_return_1d,0.002568362047895789
42,alpha,,fx_level_z_252,0.04110058769583702
43,beta,momentum,,-0.03258335590362549
43,beta,persist,,0.06133775785565376
43,beta,underwater,,0.013978777453303337
43,B,momentum,kospi_return_1d,-0.010269212536513805
43,B,momentum,fx_level_z_252,-0.0047253272496163845
43,B,persist,kospi_return_1d,-0.01974833756685257
43,B,persist,fx_level_z_252,0.006147422827780247
43,B,underwater,kospi_return_1d,-0.0003575464361347258
43,B,underwater,fx_level_z_252,-0.027430737391114235
43,alpha,,kospi_return_1d,0.002916526049375534
43,alpha,,fx_level_z_252,0.04129759594798088
44,beta,momentum,,-0.03262704610824585
44,beta,persist,,0.0623980313539505
44,beta,underwater,,0.01362893357872963
44,B,momentum,kospi_return_1d,-0.010461950674653053
44,B,momentum,fx_level_z_252,-0.0049911062233150005
44,B,persist,kospi_return_1d,-0.019767269492149353
44,B,persist,fx_level_z_252,0.006386566441506147
44,B,underwater,kospi_return_1d,-0.00018207576067652553
44,B,underwater,fx_level_z_252,-0.027632327750325203
44,alpha,,kospi_return_1d,0.003140426939353347
44,alpha,,fx_level_z_252,0.04148048534989357
45,beta,momentum,,-0.03262734040617943
45,beta,persist,,0.06339544802904129
45,beta,underwater,,0.013310090638697147
45,B,momentum,kospi_return_1d,-0.010626954957842827
45,B,momentum,fx_level_z_252,-0.005291683599352837
45,B,persist,kospi_return_1d,-0.019998976960778236
45,B,persist,fx_level_z_252,0.006703859195113182
45,B,underwater,kospi_return_1d,-9.536769357509911e-05
45,B,underwater,fx_level_z_252,-0.02774970419704914
45,alpha,,kospi_return_1d,0.003338943002745509
45,alpha,,fx_level_z_252,0.04173516854643822
46,beta,momentum,,-0.03256295248866081
46,beta,persist,,0.0643913522362709
46,beta,underwater,,0.012984181754291058
46,B,momentum,kospi_return_1d,-0.01084141619503498
46,B,momentum,fx_level_z_252,-0.005418640561401844
46,B,persist,kospi_return_1d,-0.020082946866750717
46,B,persist,fx_level_z_252,0.006974717602133751
46,B,underwater,kospi_return_1d,0.00012454720854293555
46,B,underwater,fx_level_z_252,-0.02786746807396412
46,alpha,,kospi_return_1d,0.00342042138800025
46,alpha,,fx_level_z_252,0.041965533047914505
47,beta,momentum,,-0.03253196179866791
47,beta,persist,,0.0653650313615799
47,beta,underwater,,0.012697252444922924
47,B,momentum,kospi_return_1d,-0.011024434119462967
47,B,momentum,fx_level_z_252,-0.005488349124789238
47,B,persist,kospi_return_1d,-0.0201487448066473
47,B,persist,fx_level_z_252,0.007237738464027643
47,B,underwater,kospi_return_1d,0.00019673389033414423
47,B,underwater,fx_level_z_252,-0.027958234772086143
47,alpha,,kospi_return_1d,0.003514573909342289
47,alpha,,fx_level_z_252,0.04218771308660507
48,beta,momentum,,-0.0325503908097744
48,beta,persist,,0.06625993549823761
48,beta,underwater,,0.012535075657069683
48,B,momentum,kospi_return_1d,-0.01093751098960638
48,B,momentum,fx_level_z_252,-0.005657323636114597
48,B,persist,kospi_return_1d,-0.02018766850233078
48,B,persist,fx_level_z_252,0.007491444703191519
48,B,underwater,kospi_return_1d,8.739483018871397e-05
48,B,underwater,fx_level_z_252,-0.027926005423069
48,alpha,,kospi_return_1d,0.003821934573352337
48,alpha,,fx_level_z_252,0.04242435470223427
49,beta,momentum,,-0.032520685344934464
49,beta,persist,,0.06715060025453568
49,beta,underwater,,0.012385781854391098
49,B,momentum,kospi_return_1d,-0.010855196975171566
49,B,momentum,fx_level_z_252,-0.00596598070114851
49,B,persist,kospi_return_1d,-0.020244484767317772
49,B,persist,fx_level_z_252,0.007753118872642517
49,B,underwater,kospi_return_1d,-0.00015075286501087248
49,B,underwater,fx_level_z_252,-0.02784912660717964
49,alpha,,kospi_return_1d,0.004130404442548752
49,alpha,,fx_level_z_252,0.04268335923552513
50,beta,momentum,,-0.032432831823825836
50,beta,persist,,0.06808444112539291
50,beta,underwater,,0.012205931358039379
50,B,momentum,kospi_return_1d,-0.01086795050650835
50,B,momentum,fx_level_z_252,-0.006183524616062641
50,B,persist,kospi_return_1d,-0.020341869443655014
50,B,persist,fx_level_z_252,0.008029074408113956
50,B,underwater,kospi_return_1d,-0.000324505876051262
50,B,underwater,fx_level_z_252,-0.02783566527068615
50,alpha,,kospi_return_1d,0.004421861842274666
50,alpha,,fx_level_z_252,0.042864345014095306
51,beta,momentum,,-0.03236175328493118
51,beta,persist,,0.06898277252912521
51,beta,underwater,,0.01201848778873682
51,B,momentum,kospi_return_1d,-0.011076981201767921
51,B,momentum,fx_level_z_252,-0.00611095642670989
51,B,persist,kospi_return_1d,-0.020307140424847603
51,B,persist,fx_level_z_252,0.008101025596261024
51,B,underwater,kospi_return_1d,-0.00027079638675786555
51,B,underwater,fx_level_z_252,-0.027983583509922028
51,alpha,,kospi_return_1d,0.004762789234519005
51,alpha,,fx_level_z_252,0.04300761967897415
52,beta,momentum,,-0.032242871820926666
52,beta,persist,,0.06984393298625946
52,beta,underwater,,0.011774114333093166
52,B,momentum,kospi_return_1d,-0.011241747066378593
52,B,momentum,fx_level_z_252,-0.006152056623250246
52,B,persist,kospi_return_1d,-0.02039257250726223
52,B,persist,fx_level_z_252,0.00820405874401331
52,B,underwater,kospi_return_1d,-0.0002565781760495156
52,B,underwater,fx_level_z_252,-0.028003418818116188
52,alpha,,kospi_return_1d,0.005058872047811747
52,alpha,,fx_level_z_252,0.043104853481054306
53,beta,momentum,,-0.032093312591314316
53,beta,persist,,0.0706741139292717
53,beta,underwater,,0.011458182707428932
53,B,momentum,kospi_return_1d,-0.011488876305520535
53,B,momentum,fx_level_z_252,-0.006042344029992819
53,B,persist,kospi_return_1d,-0.020305071026086807
53,B,persist,fx_level_z_252,0.008214115165174007
53,B,underwater,kospi_return_1d,-6.77691277815029e-05
53,B,underwater,fx_level_z_252,-0.028116798028349876
53,alpha,,kospi_return_1d,0.005239415913820267
53,alpha,,fx_level_z_252,0.04319552332162857
54,beta,momentum,,-0.03194444999098778
54,beta,persist,,0.07149691134691238
54,beta,underwater,,0.01115534920245409
54,B,momentum,kospi_return_1d,-0.01177186518907547
54,B,momentum,fx_level_z_252,-0.005948334001004696
54,B,persist,kospi_return_1d,-0.020190194249153137
54,B,persist,fx_level_z_252,0.008359855972230434
54,B,underwater,kospi_return_1d,1.0904914233833551e-05
54,B,underwater,fx_level_z_252,-0.028086988255381584
54,alpha,,kospi_return_1d,0.0053764875046908855
54,alpha,,fx_level_z_252,0.04328405112028122
55,beta,momentum,,-0.03182165324687958
55,beta,persist,,0.07233142107725143
55,beta,underwater,,0.011060263030230999
55,B,momentum,kospi_return_1d,-0.0118962237611413
55,B,momentum,fx_level_z_252,-0.006090107839554548
55,B,persist,kospi_return_1d,-0.020032517611980438
55,B,persist,fx_level_z_252,0.008581937290728092
55,B,underwater,kospi_return_1d,-0.0002532494836486876
55,B,underwater,fx_level_z_252,-0.027878398075699806
55,alpha,,kospi_return_1d,0.005529550835490227
55,alpha,,fx_level_z_252,0.04339790344238281
56,beta,momentum,,-0.03176034241914749
56,beta,persist,,0.07317368686199188
56,beta,underwater,,0.010990970768034458
56,B,momentum,kospi_return_1d,-0.011855541728436947
56,B,momentum,fx_level_z_252,-0.006371545605361462
56,B,persist,kospi_return_1d,-0.019915208220481873
56,B,persist,fx_level_z_252,0.008653751574456692
56,B,underwater,kospi_return_1d,-0.0006351153133437037
56,B,underwater,fx_level_z_252,-0.027621420100331306
56,alpha,,kospi_return_1d,0.005665046162903309
56,alpha,,fx_level_z_252,0.04347526282072067
57,beta,momentum,,-0.031609583646059036
57,beta,persist,,0.07402081042528152
57,beta,underwater,,0.010890918783843517
57,B,momentum,kospi_return_1d,-0.011762568727135658
57,B,momentum,fx_level_z_252,-0.006689046043902636
57,B,persist,kospi_return_1d,-0.019825441762804985
57,B,persist,fx_level_z_252,0.00873611681163311
57,B,underwater,kospi_return_1d,-0.0010084918467327952
57,B,underwater,fx_level_z_252,-0.02735608071088791
57,alpha,,kospi_return_1d,0.005838887300342321
57,alpha,,fx_level_z_252,0.043528344482183456
58,beta,momentum,,-0.03138706833124161
58,beta,persist,,0.0747876688838005
58,beta,underwater,,0.010718288831412792
58,B,momentum,kospi_return_1d,-0.011746946722269058
58,B,momentum,fx_level_z_252,-0.007035904098302126
58,B,persist,kospi_return_1d,-0.019662272185087204
58,B,persist,fx_level_z_252,0.008802616037428379
58,B,underwater,kospi_return_1d,-0.0012932820245623589
58,B,underwater,fx_level_z_252,-0.02718699909746647
58,alpha,,kospi_return_1d,0.006113239098340273
58,alpha,,fx_level_z_252,0.04356212913990021
59,beta,momentum,,-0.031118027865886688
59,beta,persist,,0.07548769563436508
59,beta,underwater,,0.010316506028175354
59,B,momentum,kospi_return_1d,-0.011926981620490551
59,B,momentum,fx_level_z_252,-0.007106176111847162
59,B,persist,kospi_return_1d,-0.019566070288419724
59,B,persist,fx_level_z_252,0.00875064916908741
59,B,underwater,kospi_return_1d,-0.0013402551412582397
59,B,underwater,fx_level_z_252,-0.027246005833148956
59,alpha,,kospi_return_1d,0.006456821225583553
59,alpha,,fx_level_z_252,0.04356691241264343
60,beta,momentum,,-0.030963541939854622
60,beta,persist,,0.07619728893041611
60,beta,underwater,,0.009997420012950897
60,B,momentum,kospi_return_1d,-0.011960861273109913
60,B,momentum,fx_level_z_252,-0.007122740615159273
60,B,persist,kospi_return_1d,-0.01943138800561428
60,B,persist,fx_level_z_252,0.008512687869369984
60,B,underwater,kospi_return_1d,-0.0015024066669866443
60,B,underwater,fx_level_z_252,-0.027281178161501884
60,alpha,,kospi_return_1d,0.00685911625623703
60,alpha,,fx_level_z_252,0.04360293224453926
61,beta,momentum,,-0.03077678382396698
61,beta,persist,,0.07688424736261368
61,beta,underwater,,0.009657597169280052
61,B,momentum,kospi_return_1d,-0.01194637082517147
61,B,momentum,fx_level_z_252,-0.006994354072958231
61,B,persist,kospi_return_1d,-0.019174573943018913
61,B,persist,fx_level_z_252,0.008259344846010208
61,B,underwater,kospi_return_1d,-0.001555413007736206
61,B,underwater,fx_level_z_252,-0.027415554970502853
61,alpha,,kospi_return_1d,0.007275139447301626
61,alpha,,fx_level_z_252,0.04367225617170334
62,beta,momentum,,-0.030607076361775398
62,beta,persist,,0.07754722982645035
62,beta,underwater,,0.009438005276024342
62,B,momentum,kospi_return_1d,-0.011747482232749462
62,B,momentum,fx_level_z_252,-0.006950329523533583
62,B,persist,kospi_return_1d,-0.01879502460360527
62,B,persist,fx_level_z_252,0.008096406236290932
62,B,underwater,kospi_return_1d,-0.001786999637261033
62,B,underwater,fx_level_z_252,-0.027473457157611847
62,alpha,,kospi_return_1d,0.007798089645802975
62,alpha,,fx_level_z_252,0.04375637695193291
63,beta,momentum,,-0.030401309952139854
63,beta,persist,,0.07811784744262695
63,beta,underwater,,0.009105535224080086
63,B,momentum,kospi_return_1d,-0.011498454958200455
63,B,momentum,fx_level_z_252,-0.006954412441700697
63,B,persist,kospi_return_1d,-0.01846321113407612
63,B,persist,fx_level_z_252,0.008069325238466263
63,B,underwater,kospi_return_1d,-0.0020201080478727818
63,B,underwater,fx_level_z_252,-0.027533387765288353
63,alpha,,kospi_return_1d,0.008517528884112835
63,alpha,,fx_level_z_252,0.04380922019481659
64,beta,momentum,,-0.030261093750596046
64,beta,persist,,0.07869160920381546
64,beta,underwater,,0.008833687752485275
64,B,momentum,kospi_return_1d,-0.011243938468396664
64,B,momentum,fx_level_z_252,-0.00697182584553957
64,B,persist,kospi_return_1d,-0.018251892179250717
64,B,persist,fx_level_z_252,0.008054954931139946
64,B,underwater,kospi_return_1d,-0.0022548821289092302
64,B,underwater,fx_level_z_252,-0.02760155126452446
64,alpha,,kospi_return_1d,0.009196127764880657
64,alpha,,fx_level_z_252,0.043922267854213715
65,beta,momentum,,-0.030094290152192116
65,beta,persist,,0.07932359725236893
65,beta,underwater,,0.008580408059060574
65,B,momentum,kospi_return_1d,-0.010854431428015232
65,B,momentum,fx_level_z_252,-0.007029715459793806
65,B,persist,kospi_return_1d,-0.018096424639225006
65,B,persist,fx_level_z_252,0.008007052354514599
65,B,underwater,kospi_return_1d,-0.002415871247649193
65,B,underwater,fx_level_z_252,-0.027646556496620178
65,alpha,,kospi_return_1d,0.009722528047859669
65,alpha,,fx_level_z_252,0.04401524364948273
66,beta,momentum,,-0.029921337962150574
66,beta,persist,,0.07995486259460449
66,beta,underwater,,0.00829435233026743
66,B,momentum,kospi_return_1d,-0.010720864869654179
66,B,momentum,fx_level_z_252,-0.00716819055378437
66,B,persist,kospi_return_1d,-0.0179363451898098
66,B,persist,fx_level_z_252,0.008148916065692902
66,B,underwater,kospi_return_1d,-0.0024105205666273832
66,B,underwater,fx_level_z_252,-0.027596311643719673
66,alpha,,kospi_return_1d,0.01033193338662386
66,alpha,,fx_level_z_252,0.044017910957336426
67,beta,momentum,,-0.029755329713225365
67,beta,persist,,0.08055242896080017
67,beta,underwater,,0.007969768717885017
67,B,momentum,kospi_return_1d,-0.010581771843135357
67,B,momentum,fx_level_z_252,-0.007305309176445007
67,B,persist,kospi_return_1d,-0.017894865944981575
67,B,persist,fx_level_z_252,0.008467553183436394
67,B,underwater,kospi_return_1d,-0.002419200725853443
67,B,underwater,fx_level_z_252,-0.02746528387069702
67,alpha,,kospi_return_1d,0.01086835004389286
67,alpha,,fx_level_z_252,0.04391609504818916
68,beta,momentum,,-0.029690930619835854
68,beta,persist,,0.08116306364536285
68,beta,underwater,,0.007786119356751442
68,B,momentum,kospi_return_1d,-0.010497961193323135
68,B,momentum,fx_level_z_252,-0.00746389152482152
68,B,persist,kospi_return_1d,-0.01784401759505272
68,B,persist,fx_level_z_252,0.008718831464648247
68,B,underwater,kospi_return_1d,-0.002407289808616042
68,B,underwater,fx_level_z_252,-0.02718665637075901
68,alpha,,kospi_return_1d,0.011306014843285084
68,alpha,,fx_level_z_252,0.0438602976500988
69,beta,momentum,,-0.029611196368932724
69,beta,persist,,0.08178842067718506
69,beta,underwater,,0.0075505259446799755
69,B,momentum,kospi_return_1d,-0.010527216829359531
69,B,momentum,fx_level_z_252,-0.007630582898855209
69,B,persist,kospi_return_1d,-0.017834441736340523
69,B,persist,fx_level_z_252,0.008848640136420727
69,B,underwater,kospi_return_1d,-0.0023017199710011482
69,B,underwater,fx_level_z_252,-0.026982787996530533
69,alpha,,kospi_return_1d,0.011692610569298267
69,alpha,,fx_level_z_252,0.04387844726443291
70,beta,momentum,,-0.029554303735494614
70,beta,persist,,0.08241245895624161
70,beta,underwater,,0.007310288958251476
70,B,momentum,kospi_return_1d,-0.010576004162430763
70,B,momentum,fx_level_z_252,-0.007769337855279446
70,B,persist,kospi_return_1d,-0.017874322831630707
70,B,persist,fx_level_z_252,0.00893261469900608
70,B,underwater,kospi_return_1d,-0.002229019533842802
70,B,underwater,fx_level_z_252,-0.02669968269765377
70,alpha,,kospi_return_1d,0.011954699642956257
70,alpha,,fx_level_z_252,0.043792445212602615
71,beta,momentum,,-0.029487244784832
71,beta,persist,,0.08300329744815826
71,beta,underwater,,0.006998627912253141
71,B,momentum,kospi_return_1d,-0.010763633996248245
71,B,momentum,fx_level_z_252,-0.00787361804395914
71,B,persist,kospi_return_1d,-0.018141306936740875
71,B,persist,fx_level_z_252,0.008988907560706139
71,B,underwater,kospi_return_1d,-0.0021067147608846426
71,B,underwater,fx_level_z_252,-0.026456443592905998
71,alpha,,kospi_return_1d,0.012365585193037987
71,alpha,,fx_level_z_252,0.043740540742874146
72,beta,momentum,,-0.029424048960208893
72,beta,persist,,0.08359973132610321
72,beta,underwater,,0.006643814034759998
72,B,momentum,kospi_return_1d,-0.011060545220971107
72,B,momentum,fx_level_z_252,-0.007869535125792027
72,B,persist,kospi_return_1d,-0.018413947895169258
72,B,persist,fx_level_z_252,0.00890356209129095
72,B,underwater,kospi_return_1d,-0.001956361113116145
72,B,underwater,fx_level_z_252,-0.02632344700396061
72,alpha,,kospi_return_1d,0.012653441168367863
72,alpha,,fx_level_z_252,0.043678317219018936
73,beta,momentum,,-0.029423227533698082
73,beta,persist,,0.08421089500188828
73,beta,underwater,,0.00633656419813633
73,B,momentum,kospi_return_1d,-0.011340844444930553
73,B,momentum,fx_level_z_252,-0.007874188013374805
73,B,persist,kospi_return_1d,-0.018589453771710396
73,B,persist,fx_level_z_252,0.008809315040707588
73,B,underwater,kospi_return_1d,-0.0018034246750175953
73,B,underwater,fx_level_z_252,-0.02620074898004532
73,alpha,,kospi_return_1d,0.012966389767825603
73,alpha,,fx_level_z_252,0.04366418346762657
74,beta,momentum,,-0.029508795589208603
74,beta,persist,,0.08475906401872635
74,beta,underwater,,0.006051957607269287
74,B,momentum,kospi_return_1d,-0.01161248330026865
74,B,momentum,fx_level_z_252,-0.007937677204608917
74,B,persist,kospi_return_1d,-0.018751202151179314
74,B,persist,fx_level_z_252,0.00878227036446333
74,B,underwater,kospi_return_1d,-0.0017563223373144865
74,B,underwater,fx_level_z_252,-0.026054028421640396
74,alpha,,kospi_return_1d,0.013511750847101212
74,alpha,,fx_level_z_252,0.04374818876385689
75,beta,momentum,,-0.029511526226997375
75,beta,persist,,0.08527164906263351
75,beta,underwater,,0.005678301677107811
75,B,momentum,kospi_return_1d,-0.011797979474067688
75,B,momentum,fx_level_z_252,-0.00799051858484745
75,B,persist,kospi_return_1d,-0.018994517624378204
75,B,persist,fx_level_z_252,0.008799239061772823
75,B,underwater,kospi_return_1d,-0.001700358116067946
75,B,underwater,fx_level_z_252,-0.025980981066823006
75,alpha,,kospi_return_1d,0.013949107378721237
75,alpha,,fx_level_z_252,0.043786726891994476
76,beta,momentum,,-0.02932470105588436
76,beta,persist,,0.08575461059808731
76,beta,underwater,,0.005266598425805569
76,B,momentum,kospi_return_1d,-0.012086478993296623
76,B,momentum,fx_level_z_252,-0.008103721775114536
76,B,persist,kospi_return_1d,-0.018998488783836365
76,B,persist,fx_level_z_252,0.008703169412910938
76,B,underwater,kospi_return_1d,-0.0014838018687441945
76,B,underwater,fx_level_z_252,-0.025935137644410133
76,alpha,,kospi_return_1d,0.014338490553200245
76,alpha,,fx_level_z_252,0.043848924338817596
77,beta,momentum,,-0.02911827340722084
77,beta,persist,,0.0862642228603363
77,beta,underwater,,0.004992381669580936
77,B,momentum,kospi_return_1d,-0.012332966551184654
77,B,momentum,fx_level_z_252,-0.008282781578600407
77,B,persist,kospi_return_1d,-0.0189407579600811
77,B,persist,fx_level_z_252,0.00862711388617754
77,B,underwater,kospi_return_1d,-0.0014323852956295013
77,B,underwater,fx_level_z_252,-0.02575448714196682
77,alpha,,kospi_return_1d,0.014709481969475746
77,alpha,,fx_level_z_252,0.043936192989349365
78,beta,momentum,,-0.0289418064057827
78,beta,persist,,0.08680562674999237
78,beta,underwater,,0.0046889581717550755
78,B,momentum,kospi_return_1d,-0.01264076866209507
78,B,momentum,fx_level_z_252,-0.008534105494618416
78,B,persist,kospi_return_1d,-0.018738742917776108
78,B,persist,fx_level_z_252,0.00855648797005415
78,B,underwater,kospi_return_1d,-0.0012677862541750073
78,B,underwater,fx_level_z_252,-0.025526784360408783
78,alpha,,kospi_return_1d,0.015071302652359009
78,alpha,,fx_level_z_252,0.04391594976186752
79,beta,momentum,,-0.028707893565297127
79,beta,persist,,0.08740104734897614
79,beta,underwater,,0.004347099456936121
79,B,momentum,kospi_return_1d,-0.012816865928471088
79,B,momentum,fx_level_z_252,-0.008817664347589016
79,B,persist,kospi_return_1d,-0.018464932218194008
79,B,persist,fx_level_z_252,0.00842343084514141
79,B,underwater,kospi_return_1d,-0.0010791331296786666
79,B,underwater,fx_level_z_252,-0.025256890803575516
79,alpha,,kospi_return_1d,0.015271103009581566
79,alpha,,fx_level_z_252,0.04374436289072037
80,beta,momentum,,-0.028606247156858444
80,beta,persist,,0.08798357844352722
80,beta,underwater,,0.004058939404785633
80,B,momentum,kospi_return_1d,-0.01278236135840416
80,B,momentum,fx_level_z_252,-0.008951113559305668
80,B,persist,kospi_return_1d,-0.018306506797671318
80,B,persist,fx_level_z_252,0.008393858559429646
80,B,underwater,kospi_return_1d,-0.0011357931653037667
80,B,underwater,fx_level_z_252,-0.024902774021029472
80,alpha,,kospi_return_1d,0.015278068371117115
80,alpha,,fx_level_z_252,0.043600790202617645
81,beta,momentum,,-0.028575271368026733
81,beta,persist,,0.08855225145816803
81,beta,underwater,,0.003868002211675048
81,B,momentum,kospi_return_1d,-0.012656371109187603
81,B,momentum,fx_level_z_252,-0.009108238853514194
81,B,persist,kospi_return_1d,-0.018260261043906212
81,B,persist,fx_level_z_252,0.008600037544965744
81,B,underwater,kospi_return_1d,-0.0014057023217901587
81,B,underwater,fx_level_z_252,-0.024596555158495903
81,alpha,,kospi_return_1d,0.01523682102560997
81,alpha,,fx_level_z_252,0.043523456901311874
82,beta,momentum,,-0.02855508401989937
82,beta,persist,,0.08909863978624344
82,beta,underwater,,0.0037230071611702442
82,B,momentum,kospi_return_1d,-0.012644796632230282
82,B,momentum,fx_level_z_252,-0.009263536892831326
82,B,persist,kospi_return_1d,-0.018159544095396996
82,B,persist,fx_level_z_252,0.008831210434436798
82,B,underwater,kospi_return_1d,-0.001639815280213952
82,B,underwater,fx_level_z_252,-0.024248097091913223
82,alpha,,kospi_return_1d,0.015281823463737965
82,alpha,,fx_level_z_252,0.043492987751960754
83,beta,momentum,,-0.02858494035899639
83,beta,persist,,0.08972655981779099
83,beta,underwater,,0.0037358917761594057
83,B,momentum,kospi_return_1d,-0.012476957403123379
83,B,momentum,fx_level_z_252,-0.009557705372571945
83,B,persist,kospi_return_1d,-0.01809585466980934
83,B,persist,fx_level_z_252,0.008886110037565231
83,B,underwater,kospi_return_1d,-0.0020387033000588417
83,B,underwater,fx_level_z_252,-0.023739835247397423
83,alpha,,kospi_return_1d,0.015191679820418358
83,alpha,,fx_level_z_252,0.043429404497146606
84,beta,momentum,,-0.028577981516718864
84,beta,persist,,0.0903346911072731
84,beta,underwater,,0.003590031061321497
84,B,momentum,kospi_return_1d,-0.012507611885666847
84,B,momentum,fx_level_z_252,-0.009672535583376884
84,B,persist,kospi_return_1d,-0.017964720726013184
84,B,persist,fx_level_z_252,0.008954190649092197
84,B,underwater,kospi_return_1d,-0.002342298859730363
84,B,underwater,fx_level_z_252,-0.023390956223011017
84,alpha,,kospi_return_1d,0.015101359225809574
84,alpha,,fx_level_z_252,0.04331817850470543
85,beta,momentum,,-0.028568921610713005
85,beta,persist,,0.0908774882555008
85,beta,underwater,,0.0033866153098642826
85,B,momentum,kospi_return_1d,-0.012558151967823505
85,B,momentum,fx_level_z_252,-0.009710496291518211
85,B,persist,kospi_return_1d,-0.017955761402845383
85,B,persist,fx_level_z_252,0.00914593506604433
85,B,underwater,kospi_return_1d,-0.002678710501641035
85,B,underwater,fx_level_z_252,-0.023038698360323906
85,alpha,,kospi_return_1d,0.015163740143179893
85,alpha,,fx_level_z_252,0.04317909851670265
86,beta,momentum,,-0.028522970154881477
86,beta,persist,,0.09146860241889954
86,beta,underwater,,0.0032640015706419945
86,B,momentum,kospi_return_1d,-0.012576118111610413
86,B,momentum,fx_level_z_252,-0.009691582061350346
86,B,persist,kospi_return_1d,-0.018012098968029022
86,B,persist,fx_level_z_252,0.008980883285403252
86,B,underwater,kospi_return_1d,-0.002949193585664034
86,B,underwater,fx_level_z_252,-0.02270556055009365
86,alpha,,kospi_return_1d,0.015068809501826763
86,alpha,,fx_level_z_252,0.04307723417878151
87,beta,momentum,,-0.028443891555070877
87,beta,persist,,0.09201693534851074
87,beta,underwater,,0.0029560427647083998
87,B,momentum,kospi_return_1d,-0.01275460422039032
87,B,momentum,fx_level_z_252,-0.00968120340257883
87,B,persist,kospi_return_1d,-0.017947066575288773
87,B,persist,fx_level_z_252,0.008696655742824078
87,B,underwater,kospi_return_1d,-0.00304665369912982
87,B,underwater,fx_level_z_252,-0.02252628467977047
87,alpha,,kospi_return_1d,0.01502352487295866
87,alpha,,fx_level_z_252,0.042998868972063065
88,beta,momentum,,-0.028471246361732483
88,beta,persist,,0.09253447502851486
88,beta,underwater,,0.0026613555382937193
88,B,momentum,kospi_return_1d,-0.01296030730009079
88,B,momentum,fx_level_z_252,-0.009539119899272919
88,B,persist,kospi_return_1d,-0.017805414274334908
88,B,persist,fx_level_z_252,0.008571047335863113
88,B,underwater,kospi_return_1d,-0.003087426768615842
88,B,underwater,fx_level_z_252,-0.02241695486009121
88,alpha,,kospi_return_1d,0.015123165212571621
88,alpha,,fx_level_z_252,0.04297604784369469
89,beta,momentum,,-0.02845599502325058
89,beta,persist,,0.09294091165065765
89,beta,underwater,,0.0024025507736951113
89,B,momentum,kospi_return_1d,-0.013237383216619492
89,B,momentum,fx_level_z_252,-0.009377282112836838
89,B,persist,kospi_return_1d,-0.017691170796751976
89,B,persist,fx_level_z_252,0.00858564954251051
89,B,underwater,kospi_return_1d,-0.0031198705546557903
89,B,underwater,fx_level_z_252,-0.022367633879184723
89,alpha,,kospi_return_1d,0.01541271060705185
89,alpha,,fx_level_z_252,0.04303260147571564
90,beta,momentum,,-0.028356581926345825
90,beta,persist,,0.09331542253494263
90,beta,underwater,,0.0020836542826145887
90,B,momentum,kospi_return_1d,-0.01344499085098505
90,B,momentum,fx_level_z_252,-0.009151523001492023
90,B,persist,kospi_return_1d,-0.017591770738363266
90,B,persist,fx_level_z_252,0.00858954805880785
90,B,underwater,kospi_return_1d,-0.003219160484150052
90,B,underwater,fx_level_z_252,-0.022424668073654175
90,alpha,,kospi_return_1d,0.015715286135673523
90,alpha,,fx_level_z_252,0.04306899011135101
91,beta,momentum,,-0.02832319214940071
91,beta,persist,,0.09367308020591736
91,beta,underwater,,0.0017702077748253942
91,B,momentum,kospi_return_1d,-0.013608945533633232
91,B,momentum,fx_level_z_252,-0.008859769441187382
91,B,persist,kospi_return_1d,-0.01757957600057125
91,B,persist,fx_level_z_252,0.008555143140256405
91,B,underwater,kospi_return_1d,-0.003304150188341737
91,B,underwater,fx_level_z_252,-0.022616975009441376
91,alpha,,kospi_return_1d,0.016115590929985046
91,alpha,,fx_level_z_252,0.043130967766046524
92,beta,momentum,,-0.028264401480555534
92,beta,persist,,0.09397267550230026
92,beta,underwater,,0.0012404329609125853
92,B,momentum,kospi_return_1d,-0.013931681402027607
92,B,momentum,fx_level_z_252,-0.008445363491773605
92,B,persist,kospi_return_1d,-0.017723651602864265
92,B,persist,fx_level_z_252,0.008477454073727131
92,B,underwater,kospi_return_1d,-0.0032598755788058043
92,B,underwater,fx_level_z_252,-0.022841285914182663
92,alpha,,kospi_return_1d,0.01648232713341713
92,alpha,,fx_level_z_252,0.043137963861227036
93,beta,momentum,,-0.028222979977726936
93,beta,persist,,0.09431140869855881
93,beta,underwater,,0.0008206416969187558
93,B,momentum,kospi_return_1d,-0.014172815717756748
93,B,momentum,fx_level_z_252,-0.00814729742705822
93,B,persist,kospi_return_1d,-0.017818644642829895
93,B,persist,fx_level_z_252,0.008356388658285141
93,B,underwater,kospi_return_1d,-0.003158357460051775
93,B,underwater,fx_level_z_252,-0.022970356047153473
93,alpha,,kospi_return_1d,0.016714027151465416
93,alpha,,fx_level_z_252,0.04326661676168442
94,beta,momentum,,-0.028228232637047768
94,beta,persist,,0.09464757144451141
94,beta,underwater,,0.0004694403032772243
94,B,momentum,kospi_return_1d,-0.014136245474219322
94,B,momentum,fx_level_z_252,-0.00798236858099699
94,B,persist,kospi_return_1d,-0.0180739164352417
94,B,persist,fx_level_z_252,0.008216208778321743
94,B,underwater,kospi_return_1d,-0.003286559833213687
94,B,underwater,fx_level_z_252,-0.023006275296211243
94,alpha,,kospi_return_1d,0.0170594435185194
94,alpha,,fx_level_z_252,0.04334127902984619
95,beta,momentum,,-0.028263742104172707
95,beta,persist,,0.09498649090528488
95,beta,underwater,,0.00025664432905614376
95,B,momentum,kospi_return_1d,-0.014067297801375389
95,B,momentum,fx_level_z_252,-0.007887926883995533
95,B,persist,kospi_return_1d,-0.018301378935575485
95,B,persist,fx_level_z_252,0.008110646158456802
95,B,underwater,kospi_return_1d,-0.0034195228945463896
95,B,underwater,fx_level_z_252,-0.022981783375144005
95,alpha,,kospi_return_1d,0.017373356968164444
95,alpha,,fx_level_z_252,0.04349217563867569
96,beta,momentum,,-0.028315432369709015
96,beta,persist,,0.09531144052743912
96,beta,underwater,,2.8457150619942695e-05
96,B,momentum,kospi_return_1d,-0.013812541030347347
96,B,momentum,fx_level_z_252,-0.00785829871892929
96,B,persist,kospi_return_1d,-0.018733080476522446
96,B,persist,fx_level_z_252,0.00813993252813816
96,B,underwater,kospi_return_1d,-0.0036465006414800882
96,B,underwater,fx_level_z_252,-0.02281484752893448
96,alpha,,kospi_return_1d,0.017765367403626442
96,alpha,,fx_level_z_252,0.04351970553398132
97,beta,momentum,,-0.02832656167447567
97,beta,persist,,0.09558238089084625
97,beta,underwater,,-0.00013357686111703515
97,B,momentum,kospi_return_1d,-0.01355732325464487
97,B,momentum,fx_level_z_252,-0.007984798401594162
97,B,persist,kospi_return_1d,-0.019117584452033043
97,B,persist,fx_level_z_252,0.008164878934621811
97,B,underwater,kospi_return_1d,-0.003891926258802414
97,B,underwater,fx_level_z_252,-0.022626008838415146
97,alpha,,kospi_return_1d,0.018162893131375313
97,alpha,,fx_level_z_252,0.04350053891539574
98,beta,momentum,,-0.028313439339399338
98,beta,persist,,0.0958595797419548
98,beta,underwater,,-0.00017952332564163953
98,B,momentum,kospi_return_1d,-0.013226008042693138
98,B,momentum,fx_level_z_252,-0.008265080861747265
98,B,persist,kospi_return_1d,-0.019479570910334587
98,B,persist,fx_level_z_252,0.008293780498206615
98,B,underwater,kospi_return_1d,-0.004080185201019049
98,B,underwater,fx_level_z_252,-0.02240905910730362
98,alpha,,kospi_return_1d,0.01849406585097313
98,alpha,,fx_level_z_252,0.04343787580728531
99,beta,momentum,,-0.028355399146676064
99,beta,persist,,0.09611817449331284
99,beta,underwater,,-0.00012353085912764072
99,B,momentum,kospi_return_1d,-0.012800544500350952
99,B,momentum,fx_level_z_252,-0.008571970276534557
99,B,persist,kospi_return_1d,-0.019742559641599655
99,B,persist,fx_level_z_252,0.00852582510560751
99,B,underwater,kospi_return_1d,-0.0044655087403953075
99,B,underwater,fx_level_z_252,-0.02213844284415245
99,alpha,,kospi_return_1d,0.018826458603143692
99,alpha,,fx_level_z_252,0.04335419088602066
100,beta,momentum,,-0.028312623500823975
100,beta,persist,,0.09629708528518677
100,beta,underwater,,4.07116167480126e-05
100,B,momentum,kospi_return_1d,-0.012409346178174019
100,B,momentum,fx_level_z_252,-0.00871423538774252
100,B,persist,kospi_return_1d,-0.019698675721883774
100,B,persist,fx_level_z_252,0.00881839357316494
100,B,underwater,kospi_return_1d,-0.004818180110305548
100,B,underwater,fx_level_z_252,-0.021919365972280502
100,alpha,,kospi_return_1d,0.01927674002945423
100,alpha,,fx_level_z_252,0.04339626431465149
101,beta,momentum,,-0.028130672872066498
101,beta,persist,,0.09636639058589935
101,beta,underwater,,1.3790348020847887e-05
101,B,momentum,kospi_return_1d,-0.01219247654080391
101,B,momentum,fx_level_z_252,-0.008769289590418339
101,B,persist,kospi_return_1d,-0.01944981887936592
101,B,persist,fx_level_z_252,0.009060590527951717
101,B,underwater,kospi_return_1d,-0.005107954144477844
101,B,underwater,fx_level_z_252,-0.02178032509982586
101,alpha,,kospi_return_1d,0.01982767879962921
101,alpha,,fx_level_z_252,0.043321721255779266
102,beta,momentum,,-0.02794734202325344
102,beta,persist,,0.09650760889053345
102,beta,underwater,,5.587506166193634e-06
102,B,momentum,kospi_return_1d,-0.01194517407566309
102,B,momentum,fx_level_z_252,-0.008675452321767807
102,B,persist,kospi_return_1d,-0.019274719059467316
102,B,persist,fx_level_z_252,0.009168817661702633
102,B,underwater,kospi_return_1d,-0.005339030642062426
102,B,underwater,fx_level_z_252,-0.021729866042733192
102,alpha,,kospi_return_1d,0.02017435058951378
102,alpha,,fx_level_z_252,0.04330330342054367
103,beta,momentum,,-0.027823999524116516
103,beta,persist,,0.096695676445961
103,beta,underwater,,0.00013630674220621586
103,B,momentum,kospi_return_1d,-0.011976372450590134
103,B,momentum,fx_level_z_252,-0.008710727095603943
103,B,persist,kospi_return_1d,-0.01898914948105812
103,B,persist,fx_level_z_252,0.00941470917314291
103,B,underwater,kospi_return_1d,-0.005556218326091766
103,B,underwater,fx_level_z_252,-0.021510209888219833
103,alpha,,kospi_return_1d,0.020564356818795204
103,alpha,,fx_level_z_252,0.043327994644641876
104,beta,momentum,,-0.027741534635424614
104,beta,persist,,0.09688827395439148
104,beta,underwater,,0.00020875452901236713
104,B,momentum,kospi_return_1d,-0.012170480564236641
104,B,momentum,fx_level_z_252,-0.008712022565305233
104,B,persist,kospi_return_1d,-0.018509024754166603
104,B,persist,fx_level_z_252,0.009630664251744747
104,B,underwater,kospi_return_1d,-0.005488686263561249
104,B,underwater,fx_level_z_252,-0.021377170458436012
104,alpha,,kospi_return_1d,0.020790839567780495
104,alpha,,fx_level_z_252,0.04333193227648735
105,beta,momentum,,-0.027545373886823654
105,beta,persist,,0.09702490270137787
105,beta,underwater,,0.00012938695726916194
105,B,momentum,kospi_return_1d,-0.012496137991547585
105,B,momentum,fx_level_z_252,-0.008711356669664383
105,B,persist,kospi_return_1d,-0.018115216866135597
105,B,persist,fx_level_z_252,0.00969399232417345
105,B,underwater,kospi_return_1d,-0.005310572683811188
105,B,underwater,fx_level_z_252,-0.021388042718172073
105,alpha,,kospi_return_1d,0.021252473816275597
105,alpha,,fx_level_z_252,0.04332800209522247
106,beta,momentum,,-0.027481144294142723
106,beta,persist,,0.09721886366605759
106,beta,underwater,,0.00012463764869607985
106,B,momentum,kospi_return_1d,-0.012871583923697472
106,B,momentum,fx_level_z_252,-0.008523673750460148
106,B,persist,kospi_return_1d,-0.01763966865837574
106,B,persist,fx_level_z_252,0.009664884768426418
106,B,underwater,kospi_return_1d,-0.0051795849576592445
106,B,underwater,fx_level_z_252,-0.021440710872411728
106,alpha,,kospi_return_1d,0.021637113764882088
106,alpha,,fx_level_z_252,0.04341118410229683
107,beta,momentum,,-0.02748168259859085
107,beta,persist,,0.09738713502883911
107,beta,underwater,,0.00010744640894699842
107,B,momentum,kospi_return_1d,-0.012955324724316597
107,B,momentum,fx_level_z_252,-0.008446336723864079
107,B,persist,kospi_return_1d,-0.01753525622189045
107,B,persist,fx_level_z_252,0.009842864237725735
107,B,underwater,kospi_return_1d,-0.005391063168644905
107,B,underwater,fx_level_z_252,-0.02131291851401329
107,alpha,,kospi_return_1d,0.022059841081500053
107,alpha,,fx_level_z_252,0.04352511838078499
108,beta,momentum,,-0.02741139940917492
108,beta,persist,,0.097602978348732
108,beta,underwater,,6.021479202900082e-05
108,B,momentum,kospi_return_1d,-0.013049270957708359
108,B,momentum,fx_level_z_252,-0.008430411107838154
108,B,persist,kospi_return_1d,-0.017458872869610786
108,B,persist,fx_level_z_252,0.0099936006590724
108,B,underwater,kospi_return_1d,-0.005513779353350401
108,B,underwater,fx_level_z_252,-0.02119830623269081
108,alpha,,kospi_return_1d,0.022341176867485046
108,alpha,,fx_level_z_252,0.04358348622918129
109,beta,momentum,,-0.027351530268788338
109,beta,persist,,0.09787648171186447
109,beta,underwater,,-7.200002437457442e-05
109,B,momentum,kospi_return_1d,-0.013203724287450314
109,B,momentum,fx_level_z_252,-0.00836917944252491
109,B,persist,kospi_return_1d,-0.01738831400871277
109,B,persist,fx_level_z_252,0.009945835918188095
109,B,underwater,kospi_return_1d,-0.005507126450538635
109,B,underwater,fx_level_z_252,-0.021155742928385735
109,alpha,,kospi_return_1d,0.022515617311000824
109,alpha,,fx_level_z_252,0.04352472722530365
110,beta,momentum,,-0.027201974764466286
110,beta,persist,,0.09814665466547012
110,beta,underwater,,-7.694842497585341e-05
110,B,momentum,kospi_return_1d,-0.01326180063188076
110,B,momentum,fx_level_z_252,-0.008402773179113865
110,B,persist,kospi_return_1d,-0.017456956207752228
110,B,persist,fx_level_z_252,0.009896322153508663
110,B,underwater,kospi_return_1d,-0.005542878992855549
110,B,underwater,fx_level_z_252,-0.021061312407255173
110,alpha,,kospi_return_1d,0.022586753591895103
110,alpha,,fx_level_z_252,0.043501872569322586
111,beta,momentum,,-0.02710879035294056
111,beta,persist,,0.09844997525215149
111,beta,underwater,,-1.2501091987360269e-05
111,B,momentum,kospi_return_1d,-0.013276280835270882
111,B,momentum,fx_level_z_252,-0.008365433663129807
111,B,persist,kospi_return_1d,-0.017558299005031586
111,B,persist,fx_level_z_252,0.00963644776493311
111,B,underwater,kospi_return_1d,-0.005598390940576792
111,B,underwater,fx_level_z_252,-0.02100965939462185
111,alpha,,kospi_return_1d,0.022588718682527542
111,alpha,,fx_level_z_252,0.043457165360450745
112,beta,momentum,,-0.027036452665925026
112,beta,persist,,0.09878166764974594
112,beta,underwater,,0.0001109601289499551
112,B,momentum,kospi_return_1d,-0.013493198901414871
112,B,momentum,fx_level_z_252,-0.008103576488792896
112,B,persist,kospi_return_1d,-0.01750253699719906
112,B,persist,fx_level_z_252,0.00928014051169157
112,B,underwater,kospi_return_1d,-0.0054199970327317715
112,B,underwater,fx_level_z_252,-0.02114206738770008
112,alpha,,kospi_return_1d,0.022635426372289658
112,alpha,,fx_level_z_252,0.043469104915857315
113,beta,momentum,,-0.026951363310217857
113,beta,persist,,0.09909011423587799
113,beta,underwater,,0.0001231250207638368
113,B,momentum,kospi_return_1d,-0.01359077263623476
113,B,momentum,fx_level_z_252,-0.0076846410520374775
113,B,persist,kospi_return_1d,-0.017443515360355377
113,B,persist,fx_level_z_252,0.009013072587549686
113,B,underwater,kospi_return_1d,-0.005269734188914299
113,B,underwater,fx_level_z_252,-0.021368304267525673
113,alpha,,kospi_return_1d,0.022752681747078896
113,alpha,,fx_level_z_252,0.0435052253305912
114,beta,momentum,,-0.026962032541632652
114,beta,persist,,0.09933673590421677
114,beta,underwater,,0.00015675282338634133
114,B,momentum,kospi_return_1d,-0.013575021177530289
114,B,momentum,fx_level_z_252,-0.0074090901762247086
114,B,persist,kospi_return_1d,-0.017386315390467644
114,B,persist,fx_level_z_252,0.008875266648828983
114,B,underwater,kospi_return_1d,-0.0051879072561860085
114,B,underwater,fx_level_z_252,-0.02141398936510086
114,alpha,,kospi_return_1d,0.02289244718849659
114,alpha,,fx_level_z_252,0.04355315491557121
115,beta,momentum,,-0.026947008445858955
115,beta,persist,,0.09955219179391861
115,beta,underwater,,0.00015249302668962628
115,B,momentum,kospi_return_1d,-0.013364172540605068
115,B,momentum,fx_level_z_252,-0.007206327747553587
115,B,persist,kospi_return_1d,-0.01733624003827572
115,B,persist,fx_level_z_252,0.008893893100321293
115,B,underwater,kospi_return_1d,-0.005153863225132227
115,B,underwater,fx_level_z_252,-0.021423814818263054
115,alpha,,kospi_return_1d,0.0229923315346241
115,alpha,,fx_level_z_252,0.04355347901582718
116,beta,momentum,,-0.02705461159348488
116,beta,persist,,0.09976998716592789
116,beta,underwater,,0.00019402068573981524
116,B,momentum,kospi_return_1d,-0.013273396529257298
116,B,momentum,fx_level_z_252,-0.007120493799448013
116,B,persist,kospi_return_1d,-0.017386360093951225
116,B,persist,fx_level_z_252,0.008903120644390583
116,B,underwater,kospi_return_1d,-0.0051150028593838215
116,B,underwater,fx_level_z_252,-0.02133033238351345
116,alpha,,kospi_return_1d,0.023179681971669197
116,alpha,,fx_level_z_252,0.043508075177669525
117,beta,momentum,,-0.02716316282749176
117,beta,persist,,0.09995630383491516
117,beta,underwater,,0.00012042780144838616
117,B,momentum,kospi_return_1d,-0.013112480752170086
117,B,momentum,fx_level_z_252,-0.007194404490292072
117,B,persist,kospi_return_1d,-0.017679572105407715
117,B,persist,fx_level_z_252,0.009086362086236477
117,B,underwater,kospi_return_1d,-0.005249129608273506
117,B,underwater,fx_level_z_252,-0.02120848558843136
117,alpha,,kospi_return_1d,0.023442192003130913
117,alpha,,fx_level_z_252,0.04348902404308319
118,beta,momentum,,-0.02739602141082287
118,beta,persist,,0.10021230578422546
118,beta,underwater,,0.0001241541758645326
118,B,momentum,kospi_return_1d,-0.012954453006386757
118,B,momentum,fx_level_z_252,-0.007429034914821386
118,B,persist,kospi_return_1d,-0.017993953078985214
118,B,persist,fx_level_z_252,0.009269095957279205
118,B,underwater,kospi_return_1d,-0.005522895138710737
118,B,underwater,fx_level_z_252,-0.020826643332839012
118,alpha,,kospi_return_1d,0.0235469751060009
118,alpha,,fx_level_z_252,0.04356633126735687
119,beta,momentum,,-0.02766522765159607
119,beta,persist,,0.10046252608299255
119,beta,underwater,,0.0001312263630097732
119,B,momentum,kospi_return_1d,-0.012738233432173729
119,B,momentum,fx_level_z_252,-0.0077126785181462765
119,B,persist,kospi_return_1d,-0.01839454472064972
119,B,persist,fx_level_z_252,0.009280702099204063
119,B,underwater,kospi_return_1d,-0.005756931845098734
119,B,underwater,fx_level_z_252,-0.020438428968191147
119,alpha,,kospi_return_1d,0.023564565926790237
119,alpha,,fx_level_z_252,0.04378805309534073
120,beta,momentum,,-0.02778651751577854
120,beta,persist,,0.10063624382019043
120,beta,underwater,,-2.3064691049512476e-05
120,B,momentum,kospi_return_1d,-0.012387914583086967
120,B,momentum,fx_level_z_252,-0.007789637893438339
120,B,persist,kospi_return_1d,-0.018908033147454262
120,B,persist,fx_level_z_252,0.009317660704255104
120,B,underwater,kospi_return_1d,-0.00590946339070797
120,B,underwater,fx_level_z_252,-0.020209014415740967
120,alpha,,kospi_return_1d,0.023660607635974884
120,alpha,,fx_level_z_252,0.04388454556465149
121,beta,momentum,,-0.027799570932984352
121,beta,persist,,0.10078010708093643
121,beta,underwater,,-0.000259561522398144
121,B,momentum,kospi_return_1d,-0.01224470790475607
121,B,momentum,fx_level_z_252,-0.007687300443649292
121,B,persist,kospi_return_1d,-0.019091464579105377
121,B,persist,fx_level_z_252,0.009244659915566444
121,B,underwater,kospi_return_1d,-0.005741291679441929
121,B,underwater,fx_level_z_252,-0.020195970311760902
121,alpha,,kospi_return_1d,0.023849766701459885
121,alpha,,fx_level_z_252,0.04393533244729042
122,beta,momentum,,-0.027531562373042107
122,beta,persist,,0.1008860394358635
122,beta,underwater,,-0.0006412748480215669
122,B,momentum,kospi_return_1d,-0.012268594466149807
122,B,momentum,fx_level_z_252,-0.007538832724094391
122,B,persist,kospi_return_1d,-0.01922658085823059
122,B,persist,fx_level_z_252,0.009150483645498753
122,B,underwater,kospi_return_1d,-0.005379194859415293
122,B,underwater,fx_level_z_252,-0.02031034044921398
122,alpha,,kospi_return_1d,0.02412291243672371
122,alpha,,fx_level_z_252,0.043810147792100906
123,beta,momentum,,-0.027364403009414673
123,beta,persist,,0.10107104480266571
123,beta,underwater,,-0.0007736334810033441
123,B,momentum,kospi_return_1d,-0.012390856631100178
123,B,momentum,fx_level_z_252,-0.007501003798097372
123,B,persist,kospi_return_1d,-0.01918991655111313
123,B,persist,fx_level_z_252,0.008849283680319786
123,B,underwater,kospi_return_1d,-0.00501964520663023
123,B,underwater,fx_level_z_252,-0.02038194239139557
123,alpha,,kospi_return_1d,0.024234149605035782
123,alpha,,fx_level_z_252,0.043656688183546066
124,beta,momentum,,-0.027164790779352188
124,beta,persist,,0.10122568905353546
124,beta,underwater,,-0.0009064583573490381
124,B,momentum,kospi_return_1d,-0.01248736772686243
124,B,momentum,fx_level_z_252,-0.00728296022862196
124,B,persist,kospi_return_1d,-0.018979471176862717
124,B,persist,fx_level_z_252,0.008501608856022358
124,B,underwater,kospi_return_1d,-0.0045806122943758965
124,B,underwater,fx_level_z_252,-0.020695364102721214
124,alpha,,kospi_return_1d,0.024224713444709778
124,alpha,,fx_level_z_252,0.04359613358974457
125,beta,momentum,,-0.02696201018989086
125,beta,persist,,0.10133923590183258
125,beta,underwater,,-0.0009897693525999784
125,B,momentum,kospi_return_1d,-0.012409341521561146
125,B,momentum,fx_level_z_252,-0.007265772670507431
125,B,persist,kospi_return_1d,-0.019077863544225693
125,B,persist,fx_level_z_252,0.008120165206491947
125,B,underwater,kospi_return_1d,-0.004216240718960762
125,B,underwater,fx_level_z_252,-0.020790303125977516
125,alpha,,kospi_return_1d,0.02427462860941887
125,alpha,,fx_level_z_252,0.043416284024715424
126,beta,momentum,,-0.02674584835767746
126,beta,persist,,0.10149872303009033
126,beta,underwater,,-0.0009002130245789886
126,B,momentum,kospi_return_1d,-0.012237566523253918
126,B,momentum,fx_level_z_252,-0.0074044871143996716
126,B,persist,kospi_return_1d,-0.01906065084040165
126,B,persist,fx_level_z_252,0.007955288514494896
126,B,underwater,kospi_return_1d,-0.003971693571656942
126,B,underwater,fx_level_z_252,-0.02070249430835247
126,alpha,,kospi_return_1d,0.02419321984052658
126,alpha,,fx_level_z_252,0.04319405183196068
127,beta,momentum,,-0.026608632877469063
127,beta,persist,,0.10166656225919724
127,beta,underwater,,-0.0005362434312701225
127,B,momentum,kospi_return_1d,-0.012239382602274418
127,B,momentum,fx_level_z_252,-0.007589120417833328
127,B,persist,kospi_return_1d,-0.01895776577293873
127,B,persist,fx_level_z_252,0.008079782128334045
127,B,underwater,kospi_return_1d,-0.0037586663383990526
127,B,underwater,fx_level_z_252,-0.020438315346837044
127,alpha,,kospi_return_1d,0.024061838164925575
127,alpha,,fx_level_z_252,0.04309547320008278
128,beta,momentum,,-0.02655956707894802
128,beta,persist,,0.10173549503087997
128,beta,underwater,,-2.306123496964574e-05
128,B,momentum,kospi_return_1d,-0.012072919867932796
128,B,momentum,fx_level_z_252,-0.0078009190037846565
128,B,persist,kospi_return_1d,-0.018939053639769554
128,B,persist,fx_level_z_252,0.00843819323927164
128,B,underwater,kospi_return_1d,-0.0037852535024285316
128,B,underwater,fx_level_z_252,-0.02008049003779888
128,alpha,,kospi_return_1d,0.024145761504769325
128,alpha,,fx_level_z_252,0.04305711388587952
129,beta,momentum,,-0.026498258113861084
129,beta,persist,,0.10179153829813004
129,beta,underwater,,0.0002723829820752144
129,B,momentum,kospi_return_1d,-0.011975578963756561
129,B,momentum,fx_level_z_252,-0.007824080996215343
129,B,persist,kospi_return_1d,-0.01897955872118473
129,B,persist,fx_level_z_252,0.008708984591066837
129,B,underwater,kospi_return_1d,-0.003888645675033331
129,B,underwater,fx_level_z_252,-0.019842423498630524
129,alpha,,kospi_return_1d,0.02429788187146187
129,alpha,,fx_level_z_252,0.042947590351104736
130,beta,momentum,,-0.026423800736665726
130,beta,persist,,0.10182755440473557
130,beta,underwater,,0.00043662352254614234
130,B,momentum,kospi_return_1d,-0.01190133485943079
130,B,momentum,fx_level_z_252,-0.008077741600573063
130,B,persist,kospi_return_1d,-0.018991922959685326
130,B,persist,fx_level_z_252,0.008959058672189713
130,B,underwater,kospi_return_1d,-0.003993407357484102
130,B,underwater,fx_level_z_252,-0.019514175131917
130,alpha,,kospi_return_1d,0.02445341646671295
130,alpha,,fx_level_z_252,0.04280071705579758
131,beta,momentum,,-0.026356235146522522
131,beta,persist,,0.1019618883728981
131,beta,underwater,,0.00043012871174141765
131,B,momentum,kospi_return_1d,-0.012083020992577076
131,B,momentum,fx_level_z_252,-0.008123435080051422
131,B,persist,kospi_return_1d,-0.018803304061293602
131,B,persist,fx_level_z_252,0.008966542780399323
131,B,underwater,kospi_return_1d,-0.0038554943166673183
131,B,underwater,fx_level_z_252,-0.01943320408463478
131,alpha,,kospi_return_1d,0.024496465921401978
131,alpha,,fx_level_z_252,0.042751580476760864
132,beta,momentum,,-0.02611352503299713
132,beta,persist,,0.10207532346248627
132,beta,underwater,,0.00013513203884940594
132,B,momentum,kospi_return_1d,-0.012288324534893036
132,B,momentum,fx_level_z_252,-0.00802376214414835
132,B,persist,kospi_return_1d,-0.018765075132250786
132,B,persist,fx_level_z_252,0.008824564516544342
132,B,underwater,kospi_return_1d,-0.0038175415247678757
132,B,underwater,fx_level_z_252,-0.019566627219319344
132,alpha,,kospi_return_1d,0.02460576966404915
132,alpha,,fx_level_z_252,0.04267675429582596
133,beta,momentum,,-0.025935232639312744
133,beta,persist,,0.10223455727100372
133,beta,underwater,,-0.0001625597069505602
133,B,momentum,kospi_return_1d,-0.012398160994052887
133,B,momentum,fx_level_z_252,-0.007836242206394672
133,B,persist,kospi_return_1d,-0.01866406574845314
133,B,persist,fx_level_z_252,0.008710717782378197
133,B,underwater,kospi_return_1d,-0.0037503819912672043
133,B,underwater,fx_level_z_252,-0.01974092796444893
133,alpha,,kospi_return_1d,0.024709045886993408
133,alpha,,fx_level_z_252,0.04265657067298889
134,beta,momentum,,-0.02579953335225582
134,beta,persist,,0.10239444673061371
134,beta,underwater,,-0.0003104467468801886
134,B,momentum,kospi_return_1d,-0.012454058043658733
134,B,momentum,fx_level_z_252,-0.00761603657156229
134,B,persist,kospi_return_1d,-0.018516315147280693
134,B,persist,fx_level_z_252,0.008829178288578987
134,B,underwater,kospi_return_1d,-0.0037866116035729647
134,B,underwater,fx_level_z_252,-0.019913213327527046
134,alpha,,kospi_return_1d,0.024757521227002144
134,alpha,,fx_level_z_252,0.04271094501018524
135,beta,momentum,,-0.025638386607170105
135,beta,persist,,0.10264551639556885
135,beta,underwater,,-0.00036708672996610403
135,B,momentum,kospi_return_1d,-0.01255703717470169
135,B,momentum,fx_level_z_252,-0.007373248226940632
135,B,persist,kospi_return_1d,-0.0183241069316864
135,B,persist,fx_level_z_252,0.008933307603001595
135,B,underwater,kospi_return_1d,-0.003824461018666625
135,B,underwater,fx_level_z_252,-0.020179804414510727
135,alpha,,kospi_return_1d,0.024701891466975212
135,alpha,,fx_level_z_252,0.04289436340332031
136,beta,momentum,,-0.025654016062617302
136,beta,persist,,0.10296748578548431
136,beta,underwater,,-0.00018565863138064742
136,B,momentum,kospi_return_1d,-0.012696830555796623
136,B,momentum,fx_level_z_252,-0.007130471058189869
136,B,persist,kospi_return_1d,-0.018174588680267334
136,B,persist,fx_level_z_252,0.009018799290060997
136,B,underwater,kospi_return_1d,-0.003881963202729821
136,B,underwater,fx_level_z_252,-0.020295027643442154
136,alpha,,kospi_return_1d,0.02465931326150894
136,alpha,,fx_level_z_252,0.043107546865940094
137,beta,momentum,,-0.02555018663406372
137,beta,persist,,0.10324781388044357
137,beta,underwater,,-0.00011249185627093539
137,B,momentum,kospi_return_1d,-0.012749920599162579
137,B,momentum,fx_level_z_252,-0.007055709604173899
137,B,persist,kospi_return_1d,-0.01817193068563938
137,B,persist,fx_level_z_252,0.009114250540733337
137,B,underwater,kospi_return_1d,-0.003969468642026186
137,B,underwater,fx_level_z_252,-0.02039659023284912
137,alpha,,kospi_return_1d,0.024651549756526947
137,alpha,,fx_level_z_252,0.043099094182252884
138,beta,momentum,,-0.025463972240686417
138,beta,persist,,0.1035044938325882
138,beta,underwater,,-3.314619971206412e-05
138,B,momentum,kospi_return_1d,-0.01287649106234312
138,B,momentum,fx_level_z_252,-0.006843989714980125
138,B,persist,kospi_return_1d,-0.01814032346010208
138,B,persist,fx_level_z_252,0.009138754568994045
138,B,underwater,kospi_return_1d,-0.004094783216714859
138,B,underwater,fx_level_z_252,-0.02063906379044056
138,alpha,,kospi_return_1d,0.024546636268496513
138,alpha,,fx_level_z_252,0.04309860244393349
139,beta,momentum,,-0.02532125636935234
139,beta,persist,,0.10377313196659088
139,beta,underwater,,0.00010356868733651936
139,B,momentum,kospi_return_1d,-0.013060796074569225
139,B,momentum,fx_level_z_252,-0.006830764934420586
139,B,persist,kospi_return_1d,-0.01784062199294567
139,B,persist,fx_level_z_252,0.009284712374210358
139,B,underwater,kospi_return_1d,-0.0041661495342850685
139,B,underwater,fx_level_z_252,-0.02081107906997204
139,alpha,,kospi_return_1d,0.024358952417969704
139,alpha,,fx_level_z_252,0.04326213151216507
140,beta,momentum,,-0.025192350149154663
140,beta,persist,,0.10400015860795975
140,beta,underwater,,0.00013332892558537424
140,B,momentum,kospi_return_1d,-0.013309508562088013
140,B,momentum,fx_level_z_252,-0.006969240959733725
140,B,persist,kospi_return_1d,-0.017857398837804794
140,B,persist,fx_level_z_252,0.009441982954740524
140,B,underwater,kospi_return_1d,-0.004253065679222345
140,B,underwater,fx_level_z_252,-0.020783312618732452
140,alpha,,kospi_return_1d,0.024168655276298523
140,alpha,,fx_level_z_252,0.04330168664455414
141,beta,momentum,,-0.02510906755924225
141,beta,persist,,0.10427924245595932
141,beta,underwater,,0.00029213211382739246
141,B,momentum,kospi_return_1d,-0.013414076529443264
141,B,momentum,fx_level_z_252,-0.007183738052845001
141,B,persist,kospi_return_1d,-0.017974423244595528
141,B,persist,fx_level_z_252,0.00953918881714344
141,B,underwater,kospi_return_1d,-0.004476786125451326
141,B,underwater,fx_level_z_252,-0.02058546617627144
141,alpha,,kospi_return_1d,0.023906176909804344
141,alpha,,fx_level_z_252,0.04344131052494049
142,beta,momentum,,-0.024960020557045937
142,beta,persist,,0.10456301271915436
142,beta,underwater,,0.0003307879960630089
142,B,momentum,kospi_return_1d,-0.013524803332984447
142,B,momentum,fx_level_z_252,-0.007403616793453693
142,B,persist,kospi_return_1d,-0.018117094412446022
142,B,persist,fx_level_z_252,0.00951849389821291
142,B,underwater,kospi_return_1d,-0.004685528110712767
142,B,underwater,fx_level_z_252,-0.020410850644111633
142,alpha,,kospi_return_1d,0.023650068789720535
142,alpha,,fx_level_z_252,0.04349082335829735
143,beta,momentum,,-0.02471213787794113
143,beta,persist,,0.1046982929110527
143,beta,underwater,,0.00013687096361536533
143,B,momentum,kospi_return_1d,-0.013414661400020123
143,B,momentum,fx_level_z_252,-0.007777432445436716
143,B,persist,kospi_return_1d,-0.018549630418419838
143,B,persist,fx_level_z_252,0.00973960105329752
143,B,underwater,kospi_return_1d,-0.0050465501844882965
143,B,underwater,fx_level_z_252,-0.020241349935531616
143,alpha,,kospi_return_1d,0.023572973906993866
143,alpha,,fx_level_z_252,0.04348554462194443
144,beta,momentum,,-0.024455878883600235
144,beta,persist,,0.10474842041730881
144,beta,underwater,,-0.0002633942640386522
144,B,momentum,kospi_return_1d,-0.013297660276293755
144,B,momentum,fx_level_z_252,-0.008061631582677364
144,B,persist,kospi_return_1d,-0.018943840637803078
144,B,persist,fx_level_z_252,0.009678850881755352
144,B,underwater,kospi_return_1d,-0.005175857804715633
144,B,underwater,fx_level_z_252,-0.02027323842048645
144,alpha,,kospi_return_1d,0.02363000065088272
144,alpha,,fx_level_z_252,0.04343632981181145
145,beta,momentum,,-0.02414298802614212
145,beta,persist,,0.10477447509765625
145,beta,underwater,,-0.0007669253391213715
145,B,momentum,kospi_return_1d,-0.013545691967010498
145,B,momentum,fx_level_z_252,-0.0081002963706851
145,B,persist,kospi_return_1d,-0.01917370781302452
145,B,persist,fx_level_z_252,0.009430156089365482
145,B,underwater,kospi_return_1d,-0.005041960161179304
145,B,underwater,fx_level_z_252,-0.020516827702522278
145,alpha,,kospi_return_1d,0.023814508691430092
145,alpha,,fx_level_z_252,0.043240323662757874
146,beta,momentum,,-0.023899924010038376
146,beta,persist,,0.1048068031668663
146,beta,underwater,,-0.0010460760677233338
146,B,momentum,kospi_return_1d,-0.013692055828869343
146,B,momentum,fx_level_z_252,-0.008052105084061623
146,B,persist,kospi_return_1d,-0.019232770428061485
146,B,persist,fx_level_z_252,0.009061590768396854
146,B,underwater,kospi_return_1d,-0.004975434392690659
146,B,underwater,fx_level_z_252,-0.020747946575284004
146,alpha,,kospi_return_1d,0.02404283918440342
146,alpha,,fx_level_z_252,0.0430639423429966
147,beta,momentum,,-0.023790346458554268
147,beta,persist,,0.10486588627099991
147,beta,underwater,,-0.001194765092805028
147,B,momentum,kospi_return_1d,-0.013666734099388123
147,B,momentum,fx_level_z_252,-0.00797959789633751
147,B,persist,kospi_return_1d,-0.01946120522916317
147,B,persist,fx_level_z_252,0.00894404947757721
147,B,underwater,kospi_return_1d,-0.0050102840177714825
147,B,underwater,fx_level_z_252,-0.02083166129887104
147,alpha,,kospi_return_1d,0.024029679596424103
147,alpha,,fx_level_z_252,0.0429210439324379
148,beta,momentum,,-0.023745745420455933
148,beta,persist,,0.10486961156129837
148,beta,underwater,,-0.001268375082872808
148,B,momentum,kospi_return_1d,-0.013638176955282688
148,B,momentum,fx_level_z_252,-0.007923007942736149
148,B,persist,kospi_return_1d,-0.019735902547836304
148,B,persist,fx_level_z_252,0.008985497988760471
148,B,underwater,kospi_return_1d,-0.005099526606500149
148,B,underwater,fx_level_z_252,-0.02081228978931904
148,alpha,,kospi_return_1d,0.024119297042489052
148,alpha,,fx_level_z_252,0.0426211841404438
149,beta,momentum,,-0.023801861330866814
149,beta,persist,,0.10490097105503082
149,beta,underwater,,-0.0011341015342622995
149,B,momentum,kospi_return_1d,-0.013593077659606934
149,B,momentum,fx_level_z_252,-0.007775746285915375
149,B,persist,kospi_return_1d,-0.019954755902290344
149,B,persist,fx_level_z_252,0.009080628864467144
149,B,underwater,kospi_return_1d,-0.005236879922449589
149,B,underwater,fx_level_z_252,-0.02065269835293293
149,alpha,,kospi_return_1d,0.024210531264543533
149,alpha,,fx_level_z_252,0.042410168796777725
150,beta,momentum,,-0.02397659607231617
150,beta,persist,,0.10491742938756943
150,beta,underwater,,-0.0008708009263500571
150,B,momentum,kospi_return_1d,-0.01351085864007473
150,B,momentum,fx_level_z_252,-0.007521111983805895
150,B,persist,kospi_return_1d,-0.020059779286384583
150,B,persist,fx_level_z_252,0.009245661087334156
150,B,underwater,kospi_return_1d,-0.005407164804637432
150,B,underwater,fx_level_z_252,-0.020502306520938873
150,alpha,,kospi_return_1d,0.02432548813521862
150,alpha,,fx_level_z_252,0.04231727868318558
151,beta,momentum,,-0.024052908644080162
151,beta,persist,,0.10493320226669312
151,beta,underwater,,-0.0006867425981909037
151,B,momentum,kospi_return_1d,-0.013466434553265572
151,B,momentum,fx_level_z_252,-0.007287849672138691
151,B,persist,kospi_return_1d,-0.02009882777929306
151,B,persist,fx_level_z_252,0.009563379921019077
151,B,underwater,kospi_return_1d,-0.005524397827684879
151,B,underwater,fx_level_z_252,-0.020401686429977417
151,alpha,,kospi_return_1d,0.024446725845336914
151,alpha,,fx_level_z_252,0.04204828664660454
152,beta,momentum,,-0.024080855771899223
152,beta,persist,,0.10501525551080704
152,beta,underwater,,-0.0003125393996015191
152,B,momentum,kospi_return_1d,-0.013487812131643295
152,B,momentum,fx_level_z_252,-0.00710701709613204
152,B,persist,kospi_return_1d,-0.02003452554345131
152,B,persist,fx_level_z_252,0.009736192412674427
152,B,underwater,kospi_return_1d,-0.005639245733618736
152,B,underwater,fx_level_z_252,-0.02019641362130642
152,alpha,,kospi_return_1d,0.024390768259763718
152,alpha,,fx_level_z_252,0.041827984154224396
153,beta,momentum,,-0.024234749376773834
153,beta,persist,,0.10507994890213013
153,beta,underwater,,7.729546632617712e-05
153,B,momentum,kospi_return_1d,-0.013509996235370636
153,B,momentum,fx_level_z_252,-0.006976132281124592
153,B,persist,kospi_return_1d,-0.019958343356847763
153,B,persist,fx_level_z_252,0.009804698638617992
153,B,underwater,kospi_return_1d,-0.005817283410578966
153,B,underwater,fx_level_z_252,-0.01996706612408161
153,alpha,,kospi_return_1d,0.024395126849412918
153,alpha,,fx_level_z_252,0.04158582538366318
154,beta,momentum,,-0.02433263510465622
154,beta,persist,,0.10516084730625153
154,beta,underwater,,0.0004320016014389694
154,B,momentum,kospi_return_1d,-0.013399251736700535
154,B,momentum,fx_level_z_252,-0.006859810557216406
154,B,persist,kospi_return_1d,-0.020011115819215775
154,B,persist,fx_level_z_252,0.00983296800404787
154,B,underwater,kospi_return_1d,-0.0059680393896996975
154,B,underwater,fx_level_z_252,-0.0198140200227499
154,alpha,,kospi_return_1d,0.024380015209317207
154,alpha,,fx_level_z_252,0.04137276113033295
155,beta,momentum,,-0.024345802143216133
155,beta,persist,,0.10527313500642776
155,beta,underwater,,0.0006565876537933946
155,B,momentum,kospi_return_1d,-0.013306545093655586
155,B,momentum,fx_level_z_252,-0.0067365169525146484
155,B,persist,kospi_return_1d,-0.01990365795791149
155,B,persist,fx_level_z_252,0.009846257045865059
155,B,underwater,kospi_return_1d,-0.006032443605363369
155,B,underwater,fx_level_z_252,-0.019707730039954185
155,alpha,,kospi_return_1d,0.02438964694738388
155,alpha,,fx_level_z_252,0.04124518856406212
156,beta,momentum,,-0.024402746930718422
156,beta,persist,,0.10542682558298111
156,beta,underwater,,0.0008325650123879313
156,B,momentum,kospi_return_1d,-0.013486165553331375
156,B,momentum,fx_level_z_252,-0.006568622309714556
156,B,persist,kospi_return_1d,-0.019636061042547226
156,B,persist,fx_level_z_252,0.009982973337173462
156,B,underwater,kospi_return_1d,-0.005872765090316534
156,B,underwater,fx_level_z_252,-0.0196860209107399
156,alpha,,kospi_return_1d,0.02434917911887169
156,alpha,,fx_level_z_252,0.04121867194771767
157,beta,momentum,,-0.024432828649878502
157,beta,persist,,0.10565715283155441
157,beta,underwater,,0.0008805369143374264
157,B,momentum,kospi_return_1d,-0.013756340369582176
157,B,momentum,fx_level_z_252,-0.006389192305505276
157,B,persist,kospi_return_1d,-0.019223980605602264
157,B,persist,fx_level_z_252,0.010023301467299461
157,B,underwater,kospi_return_1d,-0.0055243647657334805
157,B,underwater,fx_level_z_252,-0.019669082015752792
157,alpha,,kospi_return_1d,0.02417215332388878
157,alpha,,fx_level_z_252,0.04125574976205826
158,beta,momentum,,-0.024371817708015442
158,beta,persist,,0.10581724345684052
158,beta,underwater,,0.0008640488376840949
158,B,momentum,kospi_return_1d,-0.01395390648394823
158,B,momentum,fx_level_z_252,-0.006406235974282026
158,B,persist,kospi_return_1d,-0.018818380311131477
158,B,persist,fx_level_z_252,0.010076895356178284
158,B,underwater,kospi_return_1d,-0.005220165941864252
158,B,underwater,fx_level_z_252,-0.01963914930820465
158,alpha,,kospi_return_1d,0.02413339540362358
158,alpha,,fx_level_z_252,0.04132814705371857
159,beta,momentum,,-0.024352341890335083
159,beta,persist,,0.1059076339006424
159,beta,underwater,,0.0008826308185234666
159,B,momentum,kospi_return_1d,-0.014143994078040123
159,B,momentum,fx_level_z_252,-0.00661099050194025
159,B,persist,kospi_return_1d,-0.01841631717979908
159,B,persist,fx_level_z_252,0.010312194004654884
159,B,underwater,kospi_return_1d,-0.004966346547007561
159,B,underwater,fx_level_z_252,-0.019517997279763222
159,alpha,,kospi_return_1d,0.024330535903573036
159,alpha,,fx_level_z_252,0.0414537750184536
160,beta,momentum,,-0.02415917068719864
160,beta,persist,,0.10588700324296951
160,beta,underwater,,0.0006440224242396653
160,B,momentum,kospi_return_1d,-0.014420269057154655
160,B,momentum,fx_level_z_252,-0.006606954149901867
160,B,persist,kospi_return_1d,-0.01805664785206318
160,B,persist,fx_level_z_252,0.010574773885309696
160,B,underwater,kospi_return_1d,-0.004674872383475304
160,B,underwater,fx_level_z_252,-0.019553447142243385
160,alpha,,kospi_return_1d,0.024484483525156975
160,alpha,,fx_level_z_252,0.0414196215569973
161,beta,momentum,,-0.023872438818216324
161,beta,persist,,0.10579118877649307
161,beta,underwater,,0.00041365291690453887
161,B,momentum,kospi_return_1d,-0.014594605192542076
161,B,momentum,fx_level_z_252,-0.00672539696097374
161,B,persist,kospi_return_1d,-0.01778065226972103
161,B,persist,fx_level_z_252,0.010813098400831223
161,B,underwater,kospi_return_1d,-0.004386015236377716
161,B,underwater,fx_level_z_252,-0.019502580165863037
161,alpha,,kospi_return_1d,0.024674411863088608
161,alpha,,fx_level_z_252,0.04137912392616272
162,beta,momentum,,-0.02358160726726055
162,beta,persist,,0.10565494745969772
162,beta,underwater,,0.00018668767006602138
162,B,momentum,kospi_return_1d,-0.014651276171207428
162,B,momentum,fx_level_z_252,-0.0068349228240549564
162,B,persist,kospi_return_1d,-0.017567100003361702
162,B,persist,fx_level_z_252,0.01107754372060299
162,B,underwater,kospi_return_1d,-0.004271262791007757
162,B,underwater,fx_level_z_252,-0.01945016160607338
162,alpha,,kospi_return_1d,0.024945233017206192
162,alpha,,fx_level_z_252,0.04132327437400818
163,beta,momentum,,-0.023449372500181198
163,beta,persist,,0.10547398775815964
163,beta,underwater,,3.0816008802503347e-06
163,B,momentum,kospi_return_1d,-0.014502284117043018
163,B,momentum,fx_level_z_252,-0.007035765331238508
163,B,persist,kospi_return_1d,-0.017488373443484306
163,B,persist,fx_level_z_252,0.011510400101542473
163,B,underwater,kospi_return_1d,-0.004306512884795666
163,B,underwater,fx_level_z_252,-0.01925024949014187
163,alpha,,kospi_return_1d,0.02520911581814289
163,alpha,,fx_level_z_252,0.04119546711444855
164,beta,momentum,,-0.023306066170334816
164,beta,persist,,0.10530427098274231
164,beta,underwater,,-0.00023574676015414298
164,B,momentum,kospi_return_1d,-0.014383076690137386
164,B,momentum,fx_level_z_252,-0.007074520457535982
164,B,persist,kospi_return_1d,-0.01741134747862816
164,B,persist,fx_level_z_252,0.011716465465724468
164,B,underwater,kospi_return_1d,-0.004203985445201397
164,B,underwater,fx_level_z_252,-0.019223010167479515
164,alpha,,kospi_return_1d,0.02533535286784172
164,alpha,,fx_level_z_252,0.04111099988222122
165,beta,momentum,,-0.023396627977490425
165,beta,persist,,0.10518200695514679
165,beta,underwater,,-0.00020339486945886165
165,B,momentum,kospi_return_1d,-0.014248913154006004
165,B,momentum,fx_level_z_252,-0.007103152107447386
165,B,persist,kospi_return_1d,-0.017493728548288345
165,B,persist,fx_level_z_252,0.011864759027957916
165,B,underwater,kospi_return_1d,-0.004351452458649874
165,B,underwater,fx_level_z_252,-0.019235890358686447
165,alpha,,kospi_return_1d,0.02539879083633423
165,alpha,,fx_level_z_252,0.04116300120949745
166,beta,momentum,,-0.023510858416557312
166,beta,persist,,0.10501190274953842
166,beta,underwater,,-5.116750253364444e-05
166,B,momentum,kospi_return_1d,-0.013981744647026062
166,B,momentum,fx_level_z_252,-0.007193210069090128
166,B,persist,kospi_return_1d,-0.017687475308775902
166,B,persist,fx_level_z_252,0.012209994718432426
166,B,underwater,kospi_return_1d,-0.004682685248553753
166,B,underwater,fx_level_z_252,-0.019067343324422836
166,alpha,,kospi_return_1d,0.025656117126345634
166,alpha,,fx_level_z_252,0.041372157633304596
167,beta,momentum,,-0.023707322776317596
167,beta,persist,,0.10491674393415451
167,beta,underwater,,0.0002603590255603194
167,B,momentum,kospi_return_1d,-0.013640564866364002
167,B,momentum,fx_level_z_252,-0.007234560325741768
167,B,persist,kospi_return_1d,-0.017824657261371613
167,B,persist,fx_level_z_252,0.012393663637340069
167,B,underwater,kospi_return_1d,-0.004983089864253998
167,B,underwater,fx_level_z_252,-0.018946027383208275
167,alpha,,kospi_return_1d,0.025904148817062378
167,alpha,,fx_level_z_252,0.04172377660870552
168,beta,momentum,,-0.023682808503508568
168,beta,persist,,0.10478464514017105
168,beta,underwater,,0.00037322076968848705
168,B,momentum,kospi_return_1d,-0.013393666595220566
168,B,momentum,fx_level_z_252,-0.00732036866247654
168,B,persist,kospi_return_1d,-0.01794358342885971
168,B,persist,fx_level_z_252,0.01261851005256176
168,B,underwater,kospi_return_1d,-0.005175502970814705
168,B,underwater,fx_level_z_252,-0.01878560334444046
168,alpha,,kospi_return_1d,0.026215560734272003
168,alpha,,fx_level_z_252,0.04189279302954674
169,beta,momentum,,-0.023733902722597122
169,beta,persist,,0.10471795499324799
169,beta,underwater,,0.0004841432091780007
169,B,momentum,kospi_return_1d,-0.013189364224672318
169,B,momentum,fx_level_z_252,-0.007263260427862406
169,B,persist,kospi_return_1d,-0.017951179295778275
169,B,persist,fx_level_z_252,0.012759612873196602
169,B,underwater,kospi_return_1d,-0.0052989451214671135
169,B,underwater,fx_level_z_252,-0.018713850528001785
169,alpha,,kospi_return_1d,0.026500746607780457
169,alpha,,fx_level_z_252,0.04213474318385124
170,beta,momentum,,-0.02376256324350834
170,beta,persist,,0.10472552478313446
170,beta,underwater,,0.0005225022905506194
170,B,momentum,kospi_return_1d,-0.013164822943508625
170,B,momentum,fx_level_z_252,-0.007154527585953474
170,B,persist,kospi_return_1d,-0.017762111499905586
170,B,persist,fx_level_z_252,0.01255711168050766
170,B,underwater,kospi_return_1d,-0.005478008650243282
170,B,underwater,fx_level_z_252,-0.01882774382829666
170,alpha,,kospi_return_1d,0.026592770591378212
170,alpha,,fx_level_z_252,0.04235965013504028
171,beta,momentum,,-0.02379073202610016
171,beta,persist,,0.10467313230037689
171,beta,underwater,,0.00046760571422055364
171,B,momentum,kospi_return_1d,-0.01318514347076416
171,B,momentum,fx_level_z_252,-0.007004872430115938
171,B,persist,kospi_return_1d,-0.017621448263525963
171,B,persist,fx_level_z_252,0.012456453405320644
171,B,underwater,kospi_return_1d,-0.005666391924023628
171,B,underwater,fx_level_z_252,-0.018999725580215454
171,alpha,,kospi_return_1d,0.0266310665756464
171,alpha,,fx_level_z_252,0.04244218021631241
172,beta,momentum,,-0.023772090673446655
172,beta,persist,,0.10469282418489456
172,beta,underwater,,0.0002716629533097148
172,B,momentum,kospi_return_1d,-0.013273828662931919
172,B,momentum,fx_level_z_252,-0.006923665292561054
172,B,persist,kospi_return_1d,-0.01732439175248146
172,B,persist,fx_level_z_252,0.012231988832354546
172,B,underwater,kospi_return_1d,-0.005596923641860485
172,B,underwater,fx_level_z_252,-0.019181832671165466
172,alpha,,kospi_return_1d,0.0267350934445858
172,alpha,,fx_level_z_252,0.04234512895345688
173,beta,momentum,,-0.023737022653222084
173,beta,persist,,0.10479819774627686
173,beta,underwater,,-2.2172389435581863e-05
173,B,momentum,kospi_return_1d,-0.013222910463809967
173,B,momentum,fx_level_z_252,-0.00692488020285964
173,B,persist,kospi_return_1d,-0.017042208462953568
173,B,persist,fx_level_z_252,0.011862742714583874
173,B,underwater,kospi_return_1d,-0.005503547377884388
173,B,underwater,fx_level_z_252,-0.019424011930823326
173,alpha,,kospi_return_1d,0.026992468163371086
173,alpha,,fx_level_z_252,0.04212384670972824
174,beta,momentum,,-0.023801393806934357
174,beta,persist,,0.10488443076610565
174,beta,underwater,,-0.00013258033141028136
174,B,momentum,kospi_return_1d,-0.012968153692781925
174,B,momentum,fx_level_z_252,-0.006948341149836779
174,B,persist,kospi_return_1d,-0.01707303337752819
174,B,persist,fx_level_z_252,0.01165292039513588
174,B,underwater,kospi_return_1d,-0.005537490826100111
174,B,underwater,fx_level_z_252,-0.019589895382523537
174,alpha,,kospi_return_1d,0.027264216914772987
174,alpha,,fx_level_z_252,0.042120762169361115
175,beta,momentum,,-0.023900095373392105
175,beta,persist,,0.10503830015659332
175,beta,underwater,,-5.2877498092129827e-05
175,B,momentum,kospi_return_1d,-0.012547098100185394
175,B,momentum,fx_level_z_252,-0.007067115046083927
175,B,persist,kospi_return_1d,-0.01720411516726017
175,B,persist,fx_level_z_252,0.011653189547359943
175,B,underwater,kospi_return_1d,-0.005734399892389774
175,B,underwater,fx_level_z_252,-0.01961599849164486
175,alpha,,kospi_return_1d,0.02741611935198307
175,alpha,,fx_level_z_252,0.042250338941812515
176,beta,momentum,,-0.023938214406371117
176,beta,persist,,0.10517159849405289
176,beta,underwater,,7.269217167049646e-05
176,B,momentum,kospi_return_1d,-0.012174890376627445
176,B,momentum,fx_level_z_252,-0.0071309092454612255
176,B,persist,kospi_return_1d,-0.017450517043471336
176,B,persist,fx_level_z_252,0.01165702473372221
176,B,underwater,kospi_return_1d,-0.005826112348586321
176,B,underwater,fx_level_z_252,-0.019541973248124123
176,alpha,,kospi_return_1d,0.027475601062178612
176,alpha,,fx_level_z_252,0.042252421379089355
177,beta,momentum,,-0.02400796115398407
177,beta,persist,,0.10534799844026566
177,beta,underwater,,-2.4317232600878924e-06
177,B,momentum,kospi_return_1d,-0.012257296591997147
177,B,momentum,fx_level_z_252,-0.00680572958663106
177,B,persist,kospi_return_1d,-0.017481915652751923
177,B,persist,fx_level_z_252,0.011169976554811
177,B,underwater,kospi_return_1d,-0.005635392852127552
177,B,underwater,fx_level_z_252,-0.01978996768593788
177,alpha,,kospi_return_1d,0.02749767154455185
177,alpha,,fx_level_z_252,0.04226959869265556
178,beta,momentum,,-0.023990409448742867
178,beta,persist,,0.1056133359670639
178,beta,underwater,,-3.206052497262135e-05
178,B,momentum,kospi_return_1d,-0.0123549560084939
178,B,momentum,fx_level_z_252,-0.006341883447021246
178,B,persist,kospi_return_1d,-0.017491048201918602
178,B,persist,fx_level_z_252,0.01054280623793602
178,B,underwater,kospi_return_1d,-0.005503139924257994
178,B,underwater,fx_level_z_252,-0.020072204992175102
178,alpha,,kospi_return_1d,0.027260491624474525
178,alpha,,fx_level_z_252,0.04234059900045395
179,beta,momentum,,-0.024028703570365906
179,beta,persist,,0.10581262409687042
179,beta,underwater,,9.081779717234895e-05
179,B,momentum,kospi_return_1d,-0.01234399527311325
179,B,momentum,fx_level_z_252,-0.00597996124997735
179,B,persist,kospi_return_1d,-0.017592111602425575
179,B,persist,fx_level_z_252,0.010244118049740791
179,B,underwater,kospi_return_1d,-0.005625102203339338
179,B,underwater,fx_level_z_252,-0.02028530277311802
179,alpha,,kospi_return_1d,0.027130350470542908
179,alpha,,fx_level_z_252,0.04239712283015251
180,beta,momentum,,-0.02412329614162445
180,beta,persist,,0.1059781014919281
180,beta,underwater,,0.0002651177055668086
180,B,momentum,kospi_return_1d,-0.012502245604991913
180,B,momentum,fx_level_z_252,-0.005919115152209997
180,B,persist,kospi_return_1d,-0.017708759754896164
180,B,persist,fx_level_z_252,0.009993521496653557
180,B,underwater,kospi_return_1d,-0.005813409574329853
180,B,underwater,fx_level_z_252,-0.020312555134296417
180,alpha,,kospi_return_1d,0.027006424963474274
180,alpha,,fx_level_z_252,0.04254467412829399
181,beta,momentum,,-0.024146879091858864
181,beta,persist,,0.10603548586368561
181,beta,underwater,,0.0002900107065215707
181,B,momentum,kospi_return_1d,-0.012762369588017464
181,B,momentum,fx_level_z_252,-0.006056113634258509
181,B,persist,kospi_return_1d,-0.01756080985069275
181,B,persist,fx_level_z_252,0.00980816874653101
181,B,underwater,kospi_return_1d,-0.005859820172190666
181,B,underwater,fx_level_z_252,-0.02024475857615471
181,alpha,,kospi_return_1d,0.02697933278977871
181,alpha,,fx_level_z_252,0.04261678457260132
182,beta,momentum,,-0.02430674619972706
182,beta,persist,,0.10620252043008804
182,beta,underwater,,0.00026256070123054087
182,B,momentum,kospi_return_1d,-0.013010989874601364
182,B,momentum,fx_level_z_252,-0.006143725011497736
182,B,persist,kospi_return_1d,-0.017334146425127983
182,B,persist,fx_level_z_252,0.009684465825557709
182,B,underwater,kospi_return_1d,-0.005774852354079485
182,B,underwater,fx_level_z_252,-0.020111383870244026
182,alpha,,kospi_return_1d,0.02674178034067154
182,alpha,,fx_level_z_252,0.04267536476254463
183,beta,momentum,,-0.02437291480600834
183,beta,persist,,0.10635651648044586
183,beta,underwater,,0.00017777712491806597
183,B,momentum,kospi_return_1d,-0.013050169683992863
183,B,momentum,fx_level_z_252,-0.006289380136877298
183,B,persist,kospi_return_1d,-0.01729942113161087
183,B,persist,fx_level_z_252,0.009630313143134117
183,B,underwater,kospi_return_1d,-0.005820578895509243
183,B,underwater,fx_level_z_252,-0.019837798550724983
183,alpha,,kospi_return_1d,0.026524823158979416
183,alpha,,fx_level_z_252,0.04266450181603432
184,beta,momentum,,-0.024396419525146484
184,beta,persist,,0.10652507841587067
184,beta,underwater,,0.00014267460210248828
184,B,momentum,kospi_return_1d,-0.012925930321216583
184,B,momentum,fx_level_z_252,-0.0065902601927518845
184,B,persist,kospi_return_1d,-0.01735425554215908
184,B,persist,fx_level_z_252,0.009801089763641357
184,B,underwater,kospi_return_1d,-0.006000926718115807
184,B,underwater,fx_level_z_252,-0.019453011453151703
184,alpha,,kospi_return_1d,0.026221096515655518
184,alpha,,fx_level_z_252,0.042696334421634674
185,beta,momentum,,-0.02427106723189354
185,beta,persist,,0.10669893771409988
185,beta,underwater,,3.610099884099327e-05
185,B,momentum,kospi_return_1d,-0.012769785709679127
185,B,momentum,fx_level_z_252,-0.006820030976086855
185,B,persist,kospi_return_1d,-0.017348190769553185
185,B,persist,fx_level_z_252,0.00989852286875248
185,B,underwater,kospi_return_1d,-0.006148000713437796
185,B,underwater,fx_level_z_252,-0.0192167479544878
185,alpha,,kospi_return_1d,0.02588840015232563
185,alpha,,fx_level_z_252,0.04261896759271622
186,beta,momentum,,-0.024216193705797195
186,beta,persist,,0.10679075866937637
186,beta,underwater,,-7.724669558228925e-06
186,B,momentum,kospi_return_1d,-0.012555212713778019
186,B,momentum,fx_level_z_252,-0.006992354989051819
186,B,persist,kospi_return_1d,-0.01724901981651783
186,B,persist,fx_level_z_252,0.010018961504101753
186,B,underwater,kospi_return_1d,-0.006281163543462753
186,B,underwater,fx_level_z_252,-0.018960479646921158
186,alpha,,kospi_return_1d,0.025734376162290573
186,alpha,,fx_level_z_252,0.04256274551153183
187,beta,momentum,,-0.024055683985352516
187,beta,persist,,0.10687480866909027
187,beta,underwater,,-4.6467506763292477e-05
187,B,momentum,kospi_return_1d,-0.012487536296248436
187,B,momentum,fx_level_z_252,-0.007298687938600779
187,B,persist,kospi_return_1d,-0.017124243080615997
187,B,persist,fx_level_z_252,0.010115205310285091
187,B,underwater,kospi_return_1d,-0.0062279547564685345
187,B,underwater,fx_level_z_252,-0.018636969849467278
187,alpha,,kospi_return_1d,0.025534838438034058
187,alpha,,fx_level_z_252,0.042466092854738235
188,beta,momentum,,-0.023866789415478706
188,beta,persist,,0.10694511979818344
188,beta,underwater,,-0.00015511165838688612
188,B,momentum,kospi_return_1d,-0.012517627328634262
188,B,momentum,fx_level_z_252,-0.0074045672081410885
188,B,persist,kospi_return_1d,-0.017109252512454987
188,B,persist,fx_level_z_252,0.010116863064467907
188,B,underwater,kospi_return_1d,-0.006096907891333103
188,B,underwater,fx_level_z_252,-0.018434181809425354
188,alpha,,kospi_return_1d,0.02532980963587761
188,alpha,,fx_level_z_252,0.042283497750759125
189,beta,momentum,,-0.023644210770726204
189,beta,persist,,0.10697779059410095
189,beta,underwater,,-0.0003179383638780564
189,B,momentum,kospi_return_1d,-0.012686872854828835
189,B,momentum,fx_level_z_252,-0.007534507662057877
189,B,persist,kospi_return_1d,-0.017232224345207214
189,B,persist,fx_level_z_252,0.010159485973417759
189,B,underwater,kospi_return_1d,-0.005955719854682684
189,B,underwater,fx_level_z_252,-0.018280813470482826
189,alpha,,kospi_return_1d,0.025105878710746765
189,alpha,,fx_level_z_252,0.04210469126701355
190,beta,momentum,,-0.02344154380261898
190,beta,persist,,0.10687471926212311
190,beta,underwater,,-0.0004160315729677677
190,B,momentum,kospi_return_1d,-0.012801053933799267
190,B,momentum,fx_level_z_252,-0.007587213534861803
190,B,persist,kospi_return_1d,-0.017214007675647736
190,B,persist,fx_level_z_252,0.010340063832700253
190,B,underwater,kospi_return_1d,-0.005883661098778248
190,B,underwater,fx_level_z_252,-0.018244538456201553
190,alpha,,kospi_return_1d,0.02509821392595768
190,alpha,,fx_level_z_252,0.041907280683517456
191,beta,momentum,,-0.023255348205566406
191,beta,persist,,0.10666341334581375
191,beta,underwater,,-0.000460126088000834
191,B,momentum,kospi_return_1d,-0.012872845865786076
191,B,momentum,fx_level_z_252,-0.007503435015678406
191,B,persist,kospi_return_1d,-0.017164872959256172
191,B,persist,fx_level_z_252,0.010587160475552082
191,B,underwater,kospi_return_1d,-0.005852042697370052
191,B,underwater,fx_level_z_252,-0.018281539902091026
191,alpha,,kospi_return_1d,0.025250855833292007
191,alpha,,fx_level_z_252,0.041710015386343
192,beta,momentum,,-0.023092754185199738
192,beta,persist,,0.10647013783454895
192,beta,underwater,,-0.0004304534522816539
192,B,momentum,kospi_return_1d,-0.012886449694633484
192,B,momentum,fx_level_z_252,-0.007398085668683052
192,B,persist,kospi_return_1d,-0.017062189057469368
192,B,persist,fx_level_z_252,0.01073753647506237
192,B,underwater,kospi_return_1d,-0.005865158978849649
192,B,underwater,fx_level_z_252,-0.01830342225730419
192,alpha,,kospi_return_1d,0.025340573862195015
192,alpha,,fx_level_z_252,0.04159773141145706
193,beta,momentum,,-0.02301466464996338
193,beta,persist,,0.10638824105262756
193,beta,underwater,,-0.00023187823535408825
193,B,momentum,kospi_return_1d,-0.012731136754155159
193,B,momentum,fx_level_z_252,-0.00719868391752243
193,B,persist,kospi_return_1d,-0.016915269196033478
193,B,persist,fx_level_z_252,0.010800418443977833
193,B,underwater,kospi_return_1d,-0.005970992613583803
193,B,underwater,fx_level_z_252,-0.018432436510920525
193,alpha,,kospi_return_1d,0.025376303121447563
193,alpha,,fx_level_z_252,0.04157371073961258
194,beta,momentum,,-0.022923491895198822
194,beta,persist,,0.10633870214223862
194,beta,underwater,,-4.2238927562721074e-05
194,B,momentum,kospi_return_1d,-0.012526105158030987
194,B,momentum,fx_level_z_252,-0.00681479973718524
194,B,persist,kospi_return_1d,-0.016773706302046776
194,B,persist,fx_level_z_252,0.010691341944038868
194,B,underwater,kospi_return_1d,-0.006162036210298538
194,B,underwater,fx_level_z_252,-0.01863711141049862
194,alpha,,kospi_return_1d,0.02532835304737091
194,alpha,,fx_level_z_252,0.04161329194903374
195,beta,momentum,,-0.0229794904589653
195,beta,persist,,0.1063397154211998
195,beta,underwater,,0.0003233080205973238
195,B,momentum,kospi_return_1d,-0.01233163382858038
195,B,momentum,fx_level_z_252,-0.006461500655859709
195,B,persist,kospi_return_1d,-0.016589799895882607
195,B,persist,fx_level_z_252,0.010415187105536461
195,B,underwater,kospi_return_1d,-0.0063743493519723415
195,B,underwater,fx_level_z_252,-0.018746085464954376
195,alpha,,kospi_return_1d,0.025283796712756157
195,alpha,,fx_level_z_252,0.0418025404214859
196,beta,momentum,,-0.023031873628497124
196,beta,persist,,0.10629919916391373
196,beta,underwater,,0.0005694561405107379
196,B,momentum,kospi_return_1d,-0.012146527878940105
196,B,momentum,fx_level_z_252,-0.006178516894578934
196,B,persist,kospi_return_1d,-0.016677772626280785
196,B,persist,fx_level_z_252,0.010293710045516491
196,B,underwater,kospi_return_1d,-0.0066277445293962955
196,B,underwater,fx_level_z_252,-0.01873033493757248
196,alpha,,kospi_return_1d,0.025395432487130165
196,alpha,,fx_level_z_252,0.04201266169548035
197,beta,momentum,,-0.023100238293409348
197,beta,persist,,0.10622413456439972
197,beta,underwater,,0.0006838057306595147
197,B,momentum,kospi_return_1d,-0.01192284096032381
197,B,momentum,fx_level_z_252,-0.005974534898996353
197,B,persist,kospi_return_1d,-0.01675923727452755
197,B,persist,fx_level_z_252,0.010260822251439095
197,B,underwater,kospi_return_1d,-0.006861526984721422
197,B,underwater,fx_level_z_252,-0.018676746636629105
197,alpha,,kospi_return_1d,0.025499170646071434
197,alpha,,fx_level_z_252,0.042157649993896484
198,beta,momentum,,-0.023112710565328598
198,beta,persist,,0.10606465488672256
198,beta,underwater,,0.000727131322491914
198,B,momentum,kospi_return_1d,-0.011707422323524952
198,B,momentum,fx_level_z_252,-0.005840427707880735
198,B,persist,kospi_return_1d,-0.01666068844497204
198,B,persist,fx_level_z_252,0.010329493321478367
198,B,underwater,kospi_return_1d,-0.007033839821815491
198,B,underwater,fx_level_z_252,-0.01873575896024704
198,alpha,,kospi_return_1d,0.02584168128669262
198,alpha,,fx_level_z_252,0.04242073744535446
199,beta,momentum,,-0.023117121309041977
199,beta,persist,,0.10591460764408112
199,beta,underwater,,0.0005504934815689921
199,B,momentum,kospi_return_1d,-0.011842806823551655
199,B,momentum,fx_level_z_252,-0.005578853189945221
199,B,persist,kospi_return_1d,-0.01662941835820675
199,B,persist,fx_level_z_252,0.010309221222996712
199,B,underwater,kospi_return_1d,-0.006950049195438623
199,B,underwater,fx_level_z_252,-0.01903672330081463
199,alpha,,kospi_return_1d,0.026245759800076485
199,alpha,,fx_level_z_252,0.042601462453603745
200,beta,momentum,,-0.023169228807091713
200,beta,persist,,0.10576833784580231
200,beta,underwater,,0.0003934602136723697
200,B,momentum,kospi_return_1d,-0.012070645578205585
200,B,momentum,fx_level_z_252,-0.005333815235644579
200,B,persist,kospi_return_1d,-0.0166466124355793
200,B,persist,fx_level_z_252,0.010364583693444729
200,B,underwater,kospi_return_1d,-0.006992444396018982
200,B,underwater,fx_level_z_252,-0.019278956577181816
200,alpha,,kospi_return_1d,0.026560718193650246
200,alpha,,fx_level_z_252,0.04271293431520462
201,beta,momentum,,-0.023236379027366638
201,beta,persist,,0.10577509552240372
201,beta,underwater,,0.0001574361667735502
201,B,momentum,kospi_return_1d,-0.01232193224132061
201,B,momentum,fx_level_z_252,-0.005257129203528166
201,B,persist,kospi_return_1d,-0.016754865646362305
201,B,persist,fx_level_z_252,0.010418502613902092
201,B,underwater,kospi_return_1d,-0.007012183777987957
201,B,underwater,fx_level_z_252,-0.019445324316620827
201,alpha,,kospi_return_1d,0.02667447365820408
201,alpha,,fx_level_z_252,0.04276510700583458
202,beta,momentum,,-0.023388249799609184
202,beta,persist,,0.10583480447530746
202,beta,underwater,,-7.460586493834853e-05
202,B,momentum,kospi_return_1d,-0.012409090995788574
202,B,momentum,fx_level_z_252,-0.005151158664375544
202,B,persist,kospi_return_1d,-0.01705535501241684
202,B,persist,fx_level_z_252,0.010361194610595703
202,B,underwater,kospi_return_1d,-0.0070280395448207855
202,B,underwater,fx_level_z_252,-0.019549736753106117
202,alpha,,kospi_return_1d,0.026681266725063324
202,alpha,,fx_level_z_252,0.04270897060632706
203,beta,momentum,,-0.023625163361430168
203,beta,persist,,0.1059999093413353
203,beta,underwater,,6.502582982648164e-05
203,B,momentum,kospi_return_1d,-0.012413124553859234
203,B,momentum,fx_level_z_252,-0.005102716386318207
203,B,persist,kospi_return_1d,-0.017285998910665512
203,B,persist,fx_level_z_252,0.010211024433374405
203,B,underwater,kospi_return_1d,-0.00706102978438139
203,B,underwater,fx_level_z_252,-0.01951969973742962
203,alpha,,kospi_return_1d,0.02649815008044243
203,alpha,,fx_level_z_252,0.04278190806508064
204,beta,momentum,,-0.023814000189304352
204,beta,persist,,0.10610651969909668
204,beta,underwater,,0.00021341054525692016
204,B,momentum,kospi_return_1d,-0.012442016042768955
204,B,momentum,fx_level_z_252,-0.005196536425501108
204,B,persist,kospi_return_1d,-0.017537886276841164
204,B,persist,fx_level_z_252,0.00989462062716484
204,B,underwater,kospi_return_1d,-0.006948370952159166
204,B,underwater,fx_level_z_252,-0.01945779100060463
204,alpha,,kospi_return_1d,0.026477109640836716
204,alpha,,fx_level_z_252,0.042954374104738235
205,beta,momentum,,-0.023970991373062134
205,beta,persist,,0.10621953010559082
205,beta,underwater,,0.00030354285263456404
205,B,momentum,kospi_return_1d,-0.012408838607370853
205,B,momentum,fx_level_z_252,-0.005397177301347256
205,B,persist,kospi_return_1d,-0.01769450306892395
205,B,persist,fx_level_z_252,0.009607355110347271
205,B,underwater,kospi_return_1d,-0.0068412357941269875
205,B,underwater,fx_level_z_252,-0.019391441717743874
205,alpha,,kospi_return_1d,0.02659153752028942
205,alpha,,fx_level_z_252,0.04304037615656853
206,beta,momentum,,-0.02402564510703087
206,beta,persist,,0.10632354766130447
206,beta,underwater,,0.00015248604177031666
206,B,momentum,kospi_return_1d,-0.01259980071336031
206,B,momentum,fx_level_z_252,-0.005681686569005251
206,B,persist,kospi_return_1d,-0.01764025166630745
206,B,persist,fx_level_z_252,0.009306773543357849
206,B,underwater,kospi_return_1d,-0.006633515004068613
206,B,underwater,fx_level_z_252,-0.01942976750433445
206,alpha,,kospi_return_1d,0.026684006676077843
206,alpha,,fx_level_z_252,0.04295385628938675
207,beta,momentum,,-0.024156928062438965
207,beta,persist,,0.10644039511680603
207,beta,underwater,,-0.0001449743431294337
207,B,momentum,kospi_return_1d,-0.012841781601309776
207,B,momentum,fx_level_z_252,-0.005860010161995888
207,B,persist,kospi_return_1d,-0.01762985810637474
207,B,persist,fx_level_z_252,0.009037021547555923
207,B,underwater,kospi_return_1d,-0.006317177787423134
207,B,underwater,fx_level_z_252,-0.019485458731651306
207,alpha,,kospi_return_1d,0.026567794382572174
207,alpha,,fx_level_z_252,0.042791906744241714
208,beta,momentum,,-0.024260852485895157
208,beta,persist,,0.10653122514486313
208,beta,underwater,,-0.00039581808960065246
208,B,momentum,kospi_return_1d,-0.012992030940949917
208,B,momentum,fx_level_z_252,-0.005939624737948179
208,B,persist,kospi_return_1d,-0.01765332743525505
208,B,persist,fx_level_z_252,0.008958945982158184
208,B,underwater,kospi_return_1d,-0.0060981446877121925
208,B,underwater,fx_level_z_252,-0.019654354080557823
208,alpha,,kospi_return_1d,0.026355132460594177
208,alpha,,fx_level_z_252,0.042699236422777176
209,beta,momentum,,-0.024255016818642616
209,beta,persist,,0.10658695548772812
209,beta,underwater,,-0.0007299131830222905
209,B,momentum,kospi_return_1d,-0.013191341422498226
209,B,momentum,fx_level_z_252,-0.005931930150836706
209,B,persist,kospi_return_1d,-0.017718974500894547
209,B,persist,fx_level_z_252,0.008835306391119957
209,B,underwater,kospi_return_1d,-0.005747396033257246
209,B,underwater,fx_level_z_252,-0.02004745602607727
209,alpha,,kospi_return_1d,0.026176998391747475
209,alpha,,fx_level_z_252,0.04245935007929802
210,beta,momentum,,-0.024252435192465782
210,beta,persist,,0.10675874352455139
210,beta,underwater,,-0.0009981249459087849
210,B,momentum,kospi_return_1d,-0.01351242233067751
210,B,momentum,fx_level_z_252,-0.005843191873282194
210,B,persist,kospi_return_1d,-0.017662523314356804
210,B,persist,fx_level_z_252,0.008664840832352638
210,B,underwater,kospi_return_1d,-0.005186652299016714
210,B,underwater,fx_level_z_252,-0.02054085209965706
210,alpha,,kospi_return_1d,0.025881633162498474
210,alpha,,fx_level_z_252,0.04232240468263626
211,beta,momentum,,-0.02432994730770588
211,beta,persist,,0.10688254237174988
211,beta,underwater,,-0.0011097793467342854
211,B,momentum,kospi_return_1d,-0.01376665011048317
211,B,momentum,fx_level_z_252,-0.005708799231797457
211,B,persist,kospi_return_1d,-0.017734332010149956
211,B,persist,fx_level_z_252,0.0086322370916605
211,B,underwater,kospi_return_1d,-0.004847892094403505
211,B,underwater,fx_level_z_252,-0.020888302475214005
211,alpha,,kospi_return_1d,0.02563854493200779
211,alpha,,fx_level_z_252,0.04232294112443924
212,beta,momentum,,-0.024470768868923187
212,beta,persist,,0.10695315152406693
212,beta,underwater,,-0.001054466119967401
212,B,momentum,kospi_return_1d,-0.013922656886279583
212,B,momentum,fx_level_z_252,-0.005748596042394638
212,B,persist,kospi_return_1d,-0.01788918487727642
212,B,persist,fx_level_z_252,0.008768822997808456
212,B,underwater,kospi_return_1d,-0.004708525259047747
212,B,underwater,fx_level_z_252,-0.021025247871875763
212,alpha,,kospi_return_1d,0.025535764172673225
212,alpha,,fx_level_z_252,0.04239032790064812
213,beta,momentum,,-0.024640297517180443
213,beta,persist,,0.10700975358486176
213,beta,underwater,,-0.0008560804999433458
213,B,momentum,kospi_return_1d,-0.013921046629548073
213,B,momentum,fx_level_z_252,-0.005811435170471668
213,B,persist,kospi_return_1d,-0.01827533170580864
213,B,persist,fx_level_z_252,0.00881978590041399
213,B,underwater,kospi_return_1d,-0.004701198544353247
213,B,underwater,fx_level_z_252,-0.021166294813156128
213,alpha,,kospi_return_1d,0.025573546066880226
213,alpha,,fx_level_z_252,0.04249971732497215
214,beta,momentum,,-0.024850033223628998
214,beta,persist,,0.10695477575063705
214,beta,underwater,,-0.0003770800831262022
214,B,momentum,kospi_return_1d,-0.013840843923389912
214,B,momentum,fx_level_z_252,-0.005965374410152435
214,B,persist,kospi_return_1d,-0.018559755757451057
214,B,persist,fx_level_z_252,0.009001616388559341
214,B,underwater,kospi_return_1d,-0.004905586130917072
214,B,underwater,fx_level_z_252,-0.021102383732795715
214,alpha,,kospi_return_1d,0.025760727003216743
214,alpha,,fx_level_z_252,0.04289311170578003
215,beta,momentum,,-0.025098485872149467
215,beta,persist,,0.10693157464265823
215,beta,underwater,,0.000204300886252895
215,B,momentum,kospi_return_1d,-0.013661597855389118
215,B,momentum,fx_level_z_252,-0.006018678657710552
215,B,persist,kospi_return_1d,-0.01889151521027088
215,B,persist,fx_level_z_252,0.009256646037101746
215,B,underwater,kospi_return_1d,-0.005244947504252195
215,B,underwater,fx_level_z_252,-0.020948832854628563
215,alpha,,kospi_return_1d,0.02586846984922886
215,alpha,,fx_level_z_252,0.043204110115766525
216,beta,momentum,,-0.025305315852165222
216,beta,persist,,0.1068875640630722
216,beta,underwater,,0.0006312956684269011
216,B,momentum,kospi_return_1d,-0.013656151480972767
216,B,momentum,fx_level_z_252,-0.006095895543694496
216,B,persist,kospi_return_1d,-0.019088251516222954
216,B,persist,fx_level_z_252,0.009591358713805676
216,B,underwater,kospi_return_1d,-0.0053750742226839066
216,B,underwater,fx_level_z_252,-0.020867524668574333
216,alpha,,kospi_return_1d,0.02604478783905506
216,alpha,,fx_level_z_252,0.04350917786359787
217,beta,momentum,,-0.025433629751205444
217,beta,persist,,0.10675018280744553
217,beta,underwater,,0.0008298144675791264
217,B,momentum,kospi_return_1d,-0.013582950457930565
217,B,momentum,fx_level_z_252,-0.006345955654978752
217,B,persist,kospi_return_1d,-0.019241251051425934
217,B,persist,fx_level_z_252,0.01002695132046938
217,B,underwater,kospi_return_1d,-0.005582433193922043
217,B,underwater,fx_level_z_252,-0.020670965313911438
217,alpha,,kospi_return_1d,0.026271747425198555
217,alpha,,fx_level_z_252,0.04363616555929184
218,beta,momentum,,-0.025467846542596817
218,beta,persist,,0.10661929845809937
218,beta,underwater,,0.0007419330067932606
218,B,momentum,kospi_return_1d,-0.013525208458304405
218,B,momentum,fx_level_z_252,-0.006611874792724848
218,B,persist,kospi_return_1d,-0.019365385174751282
218,B,persist,fx_level_z_252,0.010488930158317089
218,B,underwater,kospi_return_1d,-0.0058004604652523994
218,B,underwater,fx_level_z_252,-0.020618608221411705
218,alpha,,kospi_return_1d,0.026639053598046303
218,alpha,,fx_level_z_252,0.0436176061630249
219,beta,momentum,,-0.025510679930448532
219,beta,persist,,0.10648325830698013
219,beta,underwater,,0.0006759930402040482
219,B,momentum,kospi_return_1d,-0.01336741540580988
219,B,momentum,fx_level_z_252,-0.006929265335202217
219,B,persist,kospi_return_1d,-0.019342835992574692
219,B,persist,fx_level_z_252,0.010834534652531147
219,B,underwater,kospi_return_1d,-0.006091567687690258
219,B,underwater,fx_level_z_252,-0.020470721647143364
219,alpha,,kospi_return_1d,0.026973091065883636
219,alpha,,fx_level_z_252,0.0437871515750885
220,beta,momentum,,-0.025604968890547752
220,beta,persist,,0.10635881870985031
220,beta,underwater,,0.0005308525869622827
220,B,momentum,kospi_return_1d,-0.013331171125173569
220,B,momentum,fx_level_z_252,-0.0071820528246462345
220,B,persist,kospi_return_1d,-0.019361509010195732
220,B,persist,fx_level_z_252,0.011061306111514568
220,B,underwater,kospi_return_1d,-0.006290769204497337
220,B,underwater,fx_level_z_252,-0.020388446748256683
220,alpha,,kospi_return_1d,0.02734396979212761
220,alpha,,fx_level_z_252,0.04396836832165718
221,beta,momentum,,-0.025597834959626198
221,beta,persist,,0.10618321597576141
221,beta,underwater,,0.0003098500892519951
221,B,momentum,kospi_return_1d,-0.013421899639070034
221,B,momentum,fx_level_z_252,-0.007479201536625624
221,B,persist,kospi_return_1d,-0.019424356520175934
221,B,persist,fx_level_z_252,0.011365365236997604
221,B,underwater,kospi_return_1d,-0.006553540471941233
221,B,underwater,fx_level_z_252,-0.02010546252131462
221,alpha,,kospi_return_1d,0.02759949304163456
221,alpha,,fx_level_z_252,0.0440140962600708
222,beta,momentum,,-0.02553853765130043
222,beta,persist,,0.10606786608695984
222,beta,underwater,,-0.00012847752077504992
222,B,momentum,kospi_return_1d,-0.013664991594851017
222,B,momentum,fx_level_z_252,-0.007544716354459524
222,B,persist,kospi_return_1d,-0.019268816336989403
222,B,persist,fx_level_z_252,0.011453017592430115
222,B,underwater,kospi_return_1d,-0.006700246129184961
222,B,underwater,fx_level_z_252,-0.0201032143086195
222,alpha,,kospi_return_1d,0.027872148901224136
222,alpha,,fx_level_z_252,0.043912336230278015
223,beta,momentum,,-0.025405995547771454
223,beta,persist,,0.10598208755254745
223,beta,underwater,,-0.00045479292748495936
223,B,momentum,kospi_return_1d,-0.014007882215082645
223,B,momentum,fx_level_z_252,-0.007519175298511982
223,B,persist,kospi_return_1d,-0.01909429393708706
223,B,persist,fx_level_z_252,0.01141963992267847
223,B,underwater,kospi_return_1d,-0.006765370722860098
223,B,underwater,fx_level_z_252,-0.020162764936685562
223,alpha,,kospi_return_1d,0.028079500421881676
223,alpha,,fx_level_z_252,0.04368525743484497
224,beta,momentum,,-0.025283535942435265
224,beta,persist,,0.10601919144392014
224,beta,underwater,,-0.0005989024066366255
224,B,momentum,kospi_return_1d,-0.014454219490289688
224,B,momentum,fx_level_z_252,-0.007315245922654867
224,B,persist,kospi_return_1d,-0.018819253891706467
224,B,persist,fx_level_z_252,0.011349557898938656
224,B,underwater,kospi_return_1d,-0.0066972761414945126
224,B,underwater,fx_level_z_252,-0.020290976390242577
224,alpha,,kospi_return_1d,0.028003986924886703
224,alpha,,fx_level_z_252,0.043499454855918884
225,beta,momentum,,-0.025229135528206825
225,beta,persist,,0.10610879212617874
225,beta,underwater,,-0.0006719297380186617
225,B,momentum,kospi_return_1d,-0.014768162742257118
225,B,momentum,fx_level_z_252,-0.007230870425701141
225,B,persist,kospi_return_1d,-0.01855255290865898
225,B,persist,fx_level_z_252,0.011433523148298264
225,B,underwater,kospi_return_1d,-0.006696796044707298
225,B,underwater,fx_level_z_252,-0.020292609930038452
225,alpha,,kospi_return_1d,0.02778587117791176
225,alpha,,fx_level_z_252,0.04330265149474144
226,beta,momentum,,-0.025282692164182663
226,beta,persist,,0.1062813550233841
226,beta,underwater,,-0.0005785535322502255
226,B,momentum,kospi_return_1d,-0.015070956200361252
226,B,momentum,fx_level_z_252,-0.007082102354615927
226,B,persist,kospi_return_1d,-0.018367672339081764
226,B,persist,fx_level_z_252,0.011393293738365173
226,B,underwater,kospi_return_1d,-0.006778178736567497
226,B,underwater,fx_level_z_252,-0.02024504728615284
226,alpha,,kospi_return_1d,0.02745295874774456
226,alpha,,fx_level_z_252,0.04317283257842064
227,beta,momentum,,-0.025438522920012474
227,beta,persist,,0.10645271837711334
227,beta,underwater,,-0.0004365088534541428
227,B,momentum,kospi_return_1d,-0.015319552272558212
227,B,momentum,fx_level_z_252,-0.0068801878951489925
227,B,persist,kospi_return_1d,-0.018233750015497208
227,B,persist,fx_level_z_252,0.011407858692109585
227,B,underwater,kospi_return_1d,-0.006917424965649843
227,B,underwater,fx_level_z_252,-0.020222758874297142
227,alpha,,kospi_return_1d,0.027119377627968788
227,alpha,,fx_level_z_252,0.043079182505607605
228,beta,momentum,,-0.025487611070275307
228,beta,persist,,0.10661207139492035
228,beta,underwater,,-0.00028132222360000014
228,B,momentum,kospi_return_1d,-0.015536227263510227
228,B,momentum,fx_level_z_252,-0.006612186785787344
228,B,persist,kospi_return_1d,-0.01804131269454956
228,B,persist,fx_level_z_252,0.011260216124355793
228,B,underwater,kospi_return_1d,-0.006967643741518259
228,B,underwater,fx_level_z_252,-0.02026248350739479
228,alpha,,kospi_return_1d,0.026766128838062286
228,alpha,,fx_level_z_252,0.04292619228363037
229,beta,momentum,,-0.02543499879539013
229,beta,persist,,0.10679706186056137
229,beta,underwater,,-0.00019537730258889496
229,B,momentum,kospi_return_1d,-0.015753360465168953
229,B,momentum,fx_level_z_252,-0.006206723395735025
229,B,persist,kospi_return_1d,-0.017668599262833595
229,B,persist,fx_level_z_252,0.011196979321539402
229,B,underwater,kospi_return_1d,-0.0068084984086453915
229,B,underwater,fx_level_z_252,-0.020504282787442207
229,alpha,,kospi_return_1d,0.02637023665010929
229,alpha,,fx_level_z_252,0.04285019263625145
230,beta,momentum,,-0.025266585871577263
230,beta,persist,,0.10686465352773666
230,beta,underwater,,-0.00020718375162687153
230,B,momentum,kospi_return_1d,-0.015653371810913086
230,B,momentum,fx_level_z_252,-0.0059525249525904655
230,B,persist,kospi_return_1d,-0.01751803420484066
230,B,persist,fx_level_z_252,0.011127045378088951
230,B,underwater,kospi_return_1d,-0.006776857189834118
230,B,underwater,fx_level_z_252,-0.0206631850451231
230,alpha,,kospi_return_1d,0.026132313534617424
230,alpha,,fx_level_z_252,0.04270060360431671
231,beta,momentum,,-0.025022581219673157
231,beta,persist,,0.10682457685470581
231,beta,underwater,,-0.00019670624169521034
231,B,momentum,kospi_return_1d,-0.015371477231383324
231,B,momentum,fx_level_z_252,-0.005814720876514912
231,B,persist,kospi_return_1d,-0.01765592023730278
231,B,persist,fx_level_z_252,0.011097609996795654
231,B,underwater,kospi_return_1d,-0.00681404210627079
231,B,underwater,fx_level_z_252,-0.020761122927069664
231,alpha,,kospi_return_1d,0.02607939951121807
231,alpha,,fx_level_z_252,0.042427804321050644
232,beta,momentum,,-0.024711182340979576
232,beta,persist,,0.10678378492593765
232,beta,underwater,,-0.00028766662580892444
232,B,momentum,kospi_return_1d,-0.015116063877940178
232,B,momentum,fx_level_z_252,-0.005643065087497234
232,B,persist,kospi_return_1d,-0.017741769552230835
232,B,persist,fx_level_z_252,0.010869031772017479
232,B,underwater,kospi_return_1d,-0.006798051297664642
232,B,underwater,fx_level_z_252,-0.020973417907953262
232,alpha,,kospi_return_1d,0.02606729418039322
232,alpha,,fx_level_z_252,0.042083799839019775
233,beta,momentum,,-0.024484805762767792
233,beta,persist,,0.10669222474098206
233,beta,underwater,,-0.00032555859070271254
233,B,momentum,kospi_return_1d,-0.014988569542765617
233,B,momentum,fx_level_z_252,-0.0055533358827233315
233,B,persist,kospi_return_1d,-0.017728939652442932
233,B,persist,fx_level_z_252,0.010734311304986477
233,B,underwater,kospi_return_1d,-0.006755087990313768
233,B,underwater,fx_level_z_252,-0.02104610949754715
233,alpha,,kospi_return_1d,0.026168741285800934
233,alpha,,fx_level_z_252,0.041756656020879745
234,beta,momentum,,-0.02418483980000019
234,beta,persist,,0.10666792094707489
234,beta,underwater,,-0.00038863677764311433
234,B,momentum,kospi_return_1d,-0.015155677683651447
234,B,momentum,fx_level_z_252,-0.0054059261456131935
234,B,persist,kospi_return_1d,-0.017560763284564018
234,B,persist,fx_level_z_252,0.010330879129469395
234,B,underwater,kospi_return_1d,-0.006482663098722696
234,B,underwater,fx_level_z_252,-0.02124328538775444
234,alpha,,kospi_return_1d,0.026227030903100967
234,alpha,,fx_level_z_252,0.04146561399102211
235,beta,momentum,,-0.023920558393001556
235,beta,persist,,0.10665736347436905
235,beta,underwater,,-0.0002547389594838023
235,B,momentum,kospi_return_1d,-0.015292901545763016
235,B,momentum,fx_level_z_252,-0.0054971505887806416
235,B,persist,kospi_return_1d,-0.017416445538401604
235,B,persist,fx_level_z_252,0.010128646157681942
235,B,underwater,kospi_return_1d,-0.006154267117381096
235,B,underwater,fx_level_z_252,-0.021242210641503334
235,alpha,,kospi_return_1d,0.026137521490454674
235,alpha,,fx_level_z_252,0.04119938611984253
236,beta,momentum,,-0.023812150582671165
236,beta,persist,,0.10663820058107376
236,beta,underwater,,3.9996884879656136e-05
236,B,momentum,kospi_return_1d,-0.015269347466528416
236,B,momentum,fx_level_z_252,-0.0055788918398320675
236,B,persist,kospi_return_1d,-0.017367811873555183
236,B,persist,fx_level_z_252,0.00999376829713583
236,B,underwater,kospi_return_1d,-0.006036058533936739
236,B,underwater,fx_level_z_252,-0.021107472479343414
236,alpha,,kospi_return_1d,0.026104729622602463
236,alpha,,fx_level_z_252,0.04098427668213844
237,beta,momentum,,-0.02376837097108364
237,beta,persist,,0.10665558278560638
237,beta,underwater,,0.00036566026392392814
237,B,momentum,kospi_return_1d,-0.015178723260760307
237,B,momentum,fx_level_z_252,-0.005758412182331085
237,B,persist,kospi_return_1d,-0.017488282173871994
237,B,persist,fx_level_z_252,0.00998354610055685
237,B,underwater,kospi_return_1d,-0.0059322998858988285
237,B,underwater,fx_level_z_252,-0.020849108695983887
237,alpha,,kospi_return_1d,0.026024121791124344
237,alpha,,fx_level_z_252,0.04088781401515007
238,beta,momentum,,-0.023693185299634933
238,beta,persist,,0.10656315088272095
238,beta,underwater,,0.0004638471582438797
238,B,momentum,kospi_return_1d,-0.015079237520694733
238,B,momentum,fx_level_z_252,-0.005977957975119352
238,B,persist,kospi_return_1d,-0.017745548859238625
238,B,persist,fx_level_z_252,0.010059015825390816
238,B,underwater,kospi_return_1d,-0.005992830265313387
238,B,underwater,fx_level_z_252,-0.020591264590620995
238,alpha,,kospi_return_1d,0.026052474975585938
238,alpha,,fx_level_z_252,0.04075603559613228
239,beta,momentum,,-0.023718375712633133
239,beta,persist,,0.10646098852157593
239,beta,underwater,,0.00039572734385728836
239,B,momentum,kospi_return_1d,-0.014741108752787113
239,B,momentum,fx_level_z_252,-0.006146562285721302
239,B,persist,kospi_return_1d,-0.017926840111613274
239,B,persist,fx_level_z_252,0.009996620006859303
239,B,underwater,kospi_return_1d,-0.006176397204399109
239,B,underwater,fx_level_z_252,-0.020422495901584625
239,alpha,,kospi_return_1d,0.026090363040566444
239,alpha,,fx_level_z_252,0.04056964069604874
240,beta,momentum,,-0.023806311190128326
240,beta,persist,,0.1064583957195282
240,beta,underwater,,0.0002090383059112355
240,B,momentum,kospi_return_1d,-0.014496500603854656
240,B,momentum,fx_level_z_252,-0.0062696621753275394
240,B,persist,kospi_return_1d,-0.018112095072865486
240,B,persist,fx_level_z_252,0.009733921848237514
240,B,underwater,kospi_return_1d,-0.006280550267547369
240,B,underwater,fx_level_z_252,-0.0202643983066082
240,alpha,,kospi_return_1d,0.026049964129924774
240,alpha,,fx_level_z_252,0.040312908589839935
241,beta,momentum,,-0.02392428368330002
241,beta,persist,,0.10647335648536682
241,beta,underwater,,0.00011082829587394372
241,B,momentum,kospi_return_1d,-0.014312268234789371
241,B,momentum,fx_level_z_252,-0.006047136150300503
241,B,persist,kospi_return_1d,-0.018239576369524002
241,B,persist,fx_level_z_252,0.009374909102916718
241,B,underwater,kospi_return_1d,-0.006348573602735996
241,B,underwater,fx_level_z_252,-0.020268630236387253
241,alpha,,kospi_return_1d,0.026308638975024223
241,alpha,,fx_level_z_252,0.04027888923883438
242,beta,momentum,,-0.024151155725121498
242,beta,persist,,0.10655543208122253
242,beta,underwater,,0.00017530767945572734
242,B,momentum,kospi_return_1d,-0.013915345072746277
242,B,momentum,fx_level_z_252,-0.005875579547137022
242,B,persist,kospi_return_1d,-0.018506543710827827
242,B,persist,fx_level_z_252,0.009133358485996723
242,B,underwater,kospi_return_1d,-0.006620956119149923
242,B,underwater,fx_level_z_252,-0.020131906494498253
242,alpha,,kospi_return_1d,0.026488542556762695
242,alpha,,fx_level_z_252,0.04035281762480736
243,beta,momentum,,-0.024471770972013474
243,beta,persist,,0.10668129473924637
243,beta,underwater,,0.00032178679248318076
243,B,momentum,kospi_return_1d,-0.013552200980484486
243,B,momentum,fx_level_z_252,-0.005632616579532623
243,B,persist,kospi_return_1d,-0.01880883425474167
243,B,persist,fx_level_z_252,0.009034107439219952
243,B,underwater,kospi_return_1d,-0.006891568657010794
243,B,underwater,fx_level_z_252,-0.020075468346476555
243,alpha,,kospi_return_1d,0.026503046974539757
243,alpha,,fx_level_z_252,0.04061349481344223
244,beta,momentum,,-0.024748077616095543
244,beta,persist,,0.10674473643302917
244,beta,underwater,,0.00043869041837751865
244,B,momentum,kospi_return_1d,-0.013293487951159477
244,B,momentum,fx_level_z_252,-0.005466662812978029
244,B,persist,kospi_return_1d,-0.01906464993953705
244,B,persist,fx_level_z_252,0.009155803360044956
244,B,underwater,kospi_return_1d,-0.007071478292346001
244,B,underwater,fx_level_z_252,-0.019927849993109703
244,alpha,,kospi_return_1d,0.026483358815312386
244,alpha,,fx_level_z_252,0.04084336757659912
245,beta,momentum,,-0.024975581094622612
245,beta,persist,,0.1067659929394722
245,beta,underwater,,0.0004917166079394519
245,B,momentum,kospi_return_1d,-0.013016599230468273
245,B,momentum,fx_level_z_252,-0.005327627528458834
245,B,persist,kospi_return_1d,-0.01919061504304409
245,B,persist,fx_level_z_252,0.009105589240789413
245,B,underwater,kospi_return_1d,-0.0072281924076378345
245,B,underwater,fx_level_z_252,-0.019894201308488846
245,alpha,,kospi_return_1d,0.026486080139875412
245,alpha,,fx_level_z_252,0.04111785441637039
246,beta,momentum,,-0.025195112451910973
246,beta,persist,,0.10677804797887802
246,beta,underwater,,0.0005612022359855473
246,B,momentum,kospi_return_1d,-0.012835321947932243
246,B,momentum,fx_level_z_252,-0.005240388680249453
246,B,persist,kospi_return_1d,-0.01918024942278862
246,B,persist,fx_level_z_252,0.009017753414809704
246,B,underwater,kospi_return_1d,-0.007315877825021744
246,B,underwater,fx_level_z_252,-0.01987025886774063
246,alpha,,kospi_return_1d,0.026537606492638588
246,alpha,,fx_level_z_252,0.04139893129467964
247,beta,momentum,,-0.025280706584453583
247,beta,persist,,0.10686322301626205
247,beta,underwater,,0.0006279849330894649
247,B,momentum,kospi_return_1d,-0.01268591545522213
247,B,momentum,fx_level_z_252,-0.0052446844056248665
247,B,persist,kospi_return_1d,-0.019049348309636116
247,B,persist,fx_level_z_252,0.009004932828247547
247,B,underwater,kospi_return_1d,-0.007346252910792828
247,B,underwater,fx_level_z_252,-0.019832100719213486
247,alpha,,kospi_return_1d,0.026550639420747757
247,alpha,,fx_level_z_252,0.041816070675849915
248,beta,momentum,,-0.025313273072242737
248,beta,persist,,0.10697761923074722
248,beta,underwater,,0.0006879041320644319
248,B,momentum,kospi_return_1d,-0.012777917087078094
248,B,momentum,fx_level_z_252,-0.005457603372633457
248,B,persist,kospi_return_1d,-0.01882055588066578
248,B,persist,fx_level_z_252,0.009204993024468422
248,B,underwater,kospi_return_1d,-0.007158269640058279
248,B,underwater,fx_level_z_252,-0.019644446671009064
248,alpha,,kospi_return_1d,0.026409300044178963
248,alpha,,fx_level_z_252,0.042166534811258316
249,beta,momentum,,-0.025375595316290855
249,beta,persist,,0.1071314662694931
249,beta,underwater,,0.0005786528345197439
249,B,momentum,kospi_return_1d,-0.013091616332530975
249,B,momentum,fx_level_z_252,-0.005669524893164635
249,B,persist,kospi_return_1d,-0.018754426389932632
249,B,persist,fx_level_z_252,0.009358566254377365
249,B,underwater,kospi_return_1d,-0.006870039273053408
249,B,underwater,fx_level_z_252,-0.019451145082712173
249,alpha,,kospi_return_1d,0.026120305061340332
249,alpha,,fx_level_z_252,0.04238344356417656
250,beta,momentum,,-0.02526385709643364
250,beta,persist,,0.1072082370519638
250,beta,underwater,,0.00024287773703690618
250,B,momentum,kospi_return_1d,-0.013313742354512215
250,B,momentum,fx_level_z_252,-0.006001829169690609
250,B,persist,kospi_return_1d,-0.018596157431602478
250,B,persist,fx_level_z_252,0.00950249470770359
250,B,underwater,kospi_return_1d,-0.0065295398235321045
250,B,underwater,fx_level_z_252,-0.019248340278863907
250,alpha,,kospi_return_1d,0.025795426219701767
250,alpha,,fx_level_z_252,0.042471520602703094
251,beta,momentum,,-0.025104397907853127
251,beta,persist,,0.10724557191133499
251,beta,underwater,,-0.0002176398120354861
251,B,momentum,kospi_return_1d,-0.013451808132231236
251,B,momentum,fx_level_z_252,-0.006152351852506399
251,B,persist,kospi_return_1d,-0.018487321212887764
251,B,persist,fx_level_z_252,0.00951751135289669
251,B,underwater,kospi_return_1d,-0.006287212949246168
251,B,underwater,fx_level_z_252,-0.01920747011899948
251,alpha,,kospi_return_1d,0.025609251111745834
251,alpha,,fx_level_z_252,0.042482905089855194
252,beta,momentum,,-0.025082649663090706
252,beta,persist,,0.10728800296783447
252,beta,underwater,,-0.0005116453976370394
252,B,momentum,kospi_return_1d,-0.01360156200826168
252,B,momentum,fx_level_z_252,-0.0062465122900903225
252,B,persist,kospi_return_1d,-0.018307965248823166
252,B,persist,fx_level_z_252,0.009683475829660892
252,B,underwater,kospi_return_1d,-0.006141718477010727
252,B,underwater,fx_level_z_252,-0.019190870225429535
252,alpha,,kospi_return_1d,0.025510868057608604
252,alpha,,fx_level_z_252,0.042552657425403595
253,beta,momentum,,-0.024931248277425766
253,beta,persist,,0.10723596811294556
253,beta,underwater,,-0.0007000912446528673
253,B,momentum,kospi_return_1d,-0.01367785595357418
253,B,momentum,fx_level_z_252,-0.006305997259914875
253,B,persist,kospi_return_1d,-0.017983751371502876
253,B,persist,fx_level_z_252,0.009857223369181156
253,B,underwater,kospi_return_1d,-0.005952908657491207
253,B,underwater,fx_level_z_252,-0.019189365208148956
253,alpha,,kospi_return_1d,0.025410493835806847
253,alpha,,fx_level_z_252,0.04255238547921181
254,beta,momentum,,-0.024607283994555473
254,beta,persist,,0.10707658529281616
254,beta,underwater,,-0.0008065453730523586
254,B,momentum,kospi_return_1d,-0.013589995913207531
254,B,momentum,fx_level_z_252,-0.006499691866338253
254,B,persist,kospi_return_1d,-0.017815440893173218
254,B,persist,fx_level_z_252,0.010070981457829475
254,B,underwater,kospi_return_1d,-0.0058544655330479145
254,B,underwater,fx_level_z_252,-0.019201792776584625
254,alpha,,kospi_return_1d,0.025430085137486458
254,alpha,,fx_level_z_252,0.04243789240717888
255,beta,momentum,,-0.024261530488729477
255,beta,persist,,0.10695190727710724
255,beta,underwater,,-0.0008004336268641055
255,B,momentum,kospi_return_1d,-0.013330603018403053
255,B,momentum,fx_level_z_252,-0.006697170436382294
255,B,persist,kospi_return_1d,-0.01765262521803379
255,B,persist,fx_level_z_252,0.010194272734224796
255,B,underwater,kospi_return_1d,-0.005900599528104067
255,B,underwater,fx_level_z_252,-0.019207140430808067
255,alpha,,kospi_return_1d,0.02543998509645462
255,alpha,,fx_level_z_252,0.04240930452942848
256,beta,momentum,,-0.023925449699163437
256,beta,persist,,0.1067788377404213
256,beta,underwater,,-0.0007695796666666865
256,B,momentum,kospi_return_1d,-0.013029574416577816
256,B,momentum,fx_level_z_252,-0.006876006256788969
256,B,persist,kospi_return_1d,-0.017408965155482292
256,B,persist,fx_level_z_252,0.01024007610976696
256,B,underwater,kospi_return_1d,-0.005989461671561003
256,B,underwater,fx_level_z_252,-0.019209636375308037
256,alpha,,kospi_return_1d,0.02549508586525917
256,alpha,,fx_level_z_252,0.04240522161126137
257,beta,momentum,,-0.023736488074064255
257,beta,persist,,0.10667746514081955
257,beta,underwater,,-0.0006460256408900023
257,B,momentum,kospi_return_1d,-0.012937079183757305
257,B,momentum,fx_level_z_252,-0.0071921879425644875
257,B,persist,kospi_return_1d,-0.01718318834900856
257,B,persist,fx_level_z_252,0.01016679871827364
257,B,underwater,kospi_return_1d,-0.005933546926826239
257,B,underwater,fx_level_z_252,-0.01917346566915512
257,alpha,,kospi_return_1d,0.025604555383324623
257,alpha,,fx_level_z_252,0.042462825775146484
258,beta,momentum,,-0.02354268915951252
258,beta,persist,,0.10651668906211853
258,beta,underwater,,-0.0004677888355217874
258,B,momentum,kospi_return_1d,-0.01274975948035717
258,B,momentum,fx_level_z_252,-0.00739436037838459
258,B,persist,kospi_return_1d,-0.017036641016602516
258,B,persist,fx_level_z_252,0.01006189826875925
258,B,underwater,kospi_return_1d,-0.005986608564853668
258,B,underwater,fx_level_z_252,-0.019308574497699738
258,alpha,,kospi_return_1d,0.02586361952126026
258,alpha,,fx_level_z_252,0.042474906891584396
259,beta,momentum,,-0.02352740615606308
259,beta,persist,,0.10640473663806915
259,beta,underwater,,-0.00022851313406135887
259,B,momentum,kospi_return_1d,-0.012653372250497341
259,B,momentum,fx_level_z_252,-0.007485266774892807
259,B,persist,kospi_return_1d,-0.016904572024941444
259,B,persist,fx_level_z_252,0.010046268813312054
259,B,underwater,kospi_return_1d,-0.005910155363380909
259,B,underwater,fx_level_z_252,-0.01943361945450306
259,alpha,,kospi_return_1d,0.026158170774579048
259,alpha,,fx_level_z_252,0.04254906624555588
260,beta,momentum,,-0.02339310757815838
260,beta,persist,,0.10634400695562363
260,beta,underwater,,-0.00016463678912259638
260,B,momentum,kospi_return_1d,-0.012747343629598618
260,B,momentum,fx_level_z_252,-0.00753746647387743
260,B,persist,kospi_return_1d,-0.01672978885471821
260,B,persist,fx_level_z_252,0.00984142255038023
260,B,underwater,kospi_return_1d,-0.005676541477441788
260,B,underwater,fx_level_z_252,-0.01980399526655674
260,alpha,,kospi_return_1d,0.026439763605594635
260,alpha,,fx_level_z_252,0.04257891699671745
261,beta,momentum,,-0.02329372614622116
261,beta,persist,,0.1062501072883606
261,beta,underwater,,-0.00015495356637984514
261,B,momentum,kospi_return_1d,-0.012957866303622723
261,B,momentum,fx_level_z_252,-0.007658932823687792
261,B,persist,kospi_return_1d,-0.016745759174227715
261,B,persist,fx_level_z_252,0.009837995283305645
261,B,underwater,kospi_return_1d,-0.005460008513182402
261,B,underwater,fx_level_z_252,-0.02012661099433899
261,alpha,,kospi_return_1d,0.026767868548631668
261,alpha,,fx_level_z_252,0.04257941246032715
262,beta,momentum,,-0.023248963057994843
262,beta,persist,,0.10621131956577301
262,beta,underwater,,2.7240697818342596e-05
262,B,momentum,kospi_return_1d,-0.013002414256334305
262,B,momentum,fx_level_z_252,-0.007865275256335735
262,B,persist,kospi_return_1d,-0.016981815919280052
262,B,persist,fx_level_z_252,0.009932411834597588
262,B,underwater,kospi_return_1d,-0.005320126190781593
262,B,underwater,fx_level_z_252,-0.02020108699798584
262,alpha,,kospi_return_1d,0.02699061669409275
262,alpha,,fx_level_z_252,0.042685944586992264
263,beta,momentum,,-0.023122446611523628
263,beta,persist,,0.10618522018194199
263,beta,underwater,,0.0001205294975079596
263,B,momentum,kospi_return_1d,-0.013063960708677769
263,B,momentum,fx_level_z_252,-0.007900196127593517
263,B,persist,kospi_return_1d,-0.017159568145871162
263,B,persist,fx_level_z_252,0.009885100647807121
263,B,underwater,kospi_return_1d,-0.005348794627934694
263,B,underwater,fx_level_z_252,-0.02030979096889496
263,alpha,,kospi_return_1d,0.02719528041779995
263,alpha,,fx_level_z_252,0.04271777346730232
264,beta,momentum,,-0.023054903373122215
264,beta,persist,,0.1061757430434227
264,beta,underwater,,0.00010603628470562398
264,B,momentum,kospi_return_1d,-0.013229169882833958
264,B,momentum,fx_level_z_252,-0.007891342043876648
264,B,persist,kospi_return_1d,-0.01726985163986683
264,B,persist,fx_level_z_252,0.00981826987117529
264,B,underwater,kospi_return_1d,-0.005442862864583731
264,B,underwater,fx_level_z_252,-0.02041475847363472
264,alpha,,kospi_return_1d,0.027138767763972282
264,alpha,,fx_level_z_252,0.04270163178443909
265,beta,momentum,,-0.023097701370716095
265,beta,persist,,0.10608407109975815
265,beta,underwater,,-1.6255624359473586e-05
265,B,momentum,kospi_return_1d,-0.013304335065186024
265,B,momentum,fx_level_z_252,-0.00804692879319191
265,B,persist,kospi_return_1d,-0.01740342751145363
265,B,persist,fx_level_z_252,0.009904841892421246
265,B,underwater,kospi_return_1d,-0.005705493967980146
265,B,underwater,fx_level_z_252,-0.020484227687120438
265,alpha,,kospi_return_1d,0.027094118297100067
265,alpha,,fx_level_z_252,0.04260178282856941
266,beta,momentum,,-0.02311708591878414
266,beta,persist,,0.106083944439888
266,beta,underwater,,-0.00019766349578276277
266,B,momentum,kospi_return_1d,-0.0133320651948452
266,B,momentum,fx_level_z_252,-0.008049008436501026
266,B,persist,kospi_return_1d,-0.017723118886351585
266,B,persist,fx_level_z_252,0.009765815921127796
266,B,underwater,kospi_return_1d,-0.0059372601099312305
266,B,underwater,fx_level_z_252,-0.02069937251508236
266,alpha,,kospi_return_1d,0.026946278288960457
266,alpha,,fx_level_z_252,0.04250429570674896
267,beta,momentum,,-0.02312733419239521
267,beta,persist,,0.10602515190839767
267,beta,underwater,,-0.0002022765256697312
267,B,momentum,kospi_return_1d,-0.013413514941930771
267,B,momentum,fx_level_z_252,-0.00804298184812069
267,B,persist,kospi_return_1d,-0.017927076667547226
267,B,persist,fx_level_z_252,0.009697837755084038
267,B,underwater,kospi_return_1d,-0.00624130479991436
267,B,underwater,fx_level_z_252,-0.020868955180048943
267,alpha,,kospi_return_1d,0.026818716898560524
267,alpha,,fx_level_z_252,0.042383354157209396
268,beta,momentum,,-0.023067329078912735
268,beta,persist,,0.10595422238111496
268,beta,underwater,,-0.0002387046260992065
268,B,momentum,kospi_return_1d,-0.013376124203205109
268,B,momentum,fx_level_z_252,-0.008125299587845802
268,B,persist,kospi_return_1d,-0.01817777194082737
268,B,persist,fx_level_z_252,0.010050209239125252
268,B,underwater,kospi_return_1d,-0.006506073754280806
268,B,underwater,fx_level_z_252,-0.02090655453503132
268,alpha,,kospi_return_1d,0.02673628181219101
268,alpha,,fx_level_z_252,0.04223047196865082
269,beta,momentum,,-0.02309352345764637
269,beta,persist,,0.10591786354780197
269,beta,underwater,,-0.00023373638396151364
269,B,momentum,kospi_return_1d,-0.013559096492826939
269,B,momentum,fx_level_z_252,-0.008028254844248295
269,B,persist,kospi_return_1d,-0.018235936760902405
269,B,persist,fx_level_z_252,0.010232171043753624
269,B,underwater,kospi_return_1d,-0.00651403795927763
269,B,underwater,fx_level_z_252,-0.02110290713608265
269,alpha,,kospi_return_1d,0.026502154767513275
269,alpha,,fx_level_z_252,0.04228225350379944
270,beta,momentum,,-0.02317645773291588
270,beta,persist,,0.10589786618947983
270,beta,underwater,,-0.0001363460614811629
270,B,momentum,kospi_return_1d,-0.013742133975028992
270,B,momentum,fx_level_z_252,-0.007833034731447697
270,B,persist,kospi_return_1d,-0.0183668565005064
270,B,persist,fx_level_z_252,0.01033677626401186
270,B,underwater,kospi_return_1d,-0.0065069422125816345
270,B,underwater,fx_level_z_252,-0.021292192861437798
270,alpha,,kospi_return_1d,0.02622317336499691
270,alpha,,fx_level_z_252,0.04243318364024162
271,beta,momentum,,-0.023383410647511482
271,beta,persist,,0.10590681433677673
271,beta,underwater,,0.00012071819219272584
271,B,momentum,kospi_return_1d,-0.013934418559074402
271,B,momentum,fx_level_z_252,-0.007714773062616587
271,B,persist,kospi_return_1d,-0.018275976181030273
271,B,persist,fx_level_z_252,0.010442913509905338
271,B,underwater,kospi_return_1d,-0.006416067481040955
271,B,underwater,fx_level_z_252,-0.02141609415411949
271,alpha,,kospi_return_1d,0.02599623240530491
271,alpha,,fx_level_z_252,0.04261729493737221
272,beta,momentum,,-0.023741498589515686
272,beta,persist,,0.10602892935276031
272,beta,underwater,,0.00030689610866829753
272,B,momentum,kospi_return_1d,-0.014166470617055893
272,B,momentum,fx_level_z_252,-0.007425964344292879
272,B,persist,kospi_return_1d,-0.018253561109304428
272,B,persist,fx_level_z_252,0.01048225536942482
272,B,underwater,kospi_return_1d,-0.00630019698292017
272,B,underwater,fx_level_z_252,-0.02159404195845127
272,alpha,,kospi_return_1d,0.025638161227107048
272,alpha,,fx_level_z_252,0.04272327199578285
273,beta,momentum,,-0.024019615724682808
273,beta,persist,,0.10610144585371017
273,beta,underwater,,0.00023723400954622775
273,B,momentum,kospi_return_1d,-0.014368409290909767
273,B,momentum,fx_level_z_252,-0.007022761274129152
273,B,persist,kospi_return_1d,-0.01819569431245327
273,B,persist,fx_level_z_252,0.010393373668193817
273,B,underwater,kospi_return_1d,-0.0061682844534516335
273,B,underwater,fx_level_z_252,-0.02186724916100502
273,alpha,,kospi_return_1d,0.02541196160018444
273,alpha,,fx_level_z_252,0.042751606553792953
274,beta,momentum,,-0.024302471429109573
274,beta,persist,,0.10607034713029861
274,beta,underwater,,0.00025415647542104125
274,B,momentum,kospi_return_1d,-0.014330542646348476
274,B,momentum,fx_level_z_252,-0.006830750033259392
274,B,persist,kospi_return_1d,-0.01828819140791893
274,B,persist,fx_level_z_252,0.010574514046311378
274,B,underwater,kospi_return_1d,-0.006358466576784849
274,B,underwater,fx_level_z_252,-0.021910671144723892
274,alpha,,kospi_return_1d,0.025381388142704964
274,alpha,,fx_level_z_252,0.04287524148821831
275,beta,momentum,,-0.024578576907515526
275,beta,persist,,0.10605225712060928
275,beta,underwater,,0.000282534456346184
275,B,momentum,kospi_return_1d,-0.014050641097128391
275,B,momentum,fx_level_z_252,-0.006852590944617987
275,B,persist,kospi_return_1d,-0.018437545746564865
275,B,persist,fx_level_z_252,0.01098379772156477
275,B,underwater,kospi_return_1d,-0.0065777115523815155
275,B,underwater,fx_level_z_252,-0.02172039821743965
275,alpha,,kospi_return_1d,0.025554534047842026
275,alpha,,fx_level_z_252,0.04297199100255966
276,beta,momentum,,-0.024927344173192978
276,beta,persist,,0.10598856955766678
276,beta,underwater,,0.00028007273795083165
276,B,momentum,kospi_return_1d,-0.01383820828050375
276,B,momentum,fx_level_z_252,-0.006892882287502289
276,B,persist,kospi_return_1d,-0.01861805096268654
276,B,persist,fx_level_z_252,0.011343040503561497
276,B,underwater,kospi_return_1d,-0.0068571437150239944
276,B,underwater,fx_level_z_252,-0.021501587703824043
276,alpha,,kospi_return_1d,0.025658035650849342
276,alpha,,fx_level_z_252,0.04306123033165932
277,beta,momentum,,-0.025092685595154762
277,beta,persist,,0.10580174624919891
277,beta,underwater,,3.071714309044182e-05
277,B,momentum,kospi_return_1d,-0.013591855764389038
277,B,momentum,fx_level_z_252,-0.006992391776293516
277,B,persist,kospi_return_1d,-0.018934544175863266
277,B,persist,fx_level_z_252,0.011696110479533672
277,B,underwater,kospi_return_1d,-0.007078421302139759
277,B,underwater,fx_level_z_252,-0.021336182951927185
277,alpha,,kospi_return_1d,0.02581619657576084
277,alpha,,fx_level_z_252,0.043092336505651474
278,beta,momentum,,-0.025273699313402176
278,beta,persist,,0.10573729872703552
278,beta,underwater,,-0.00024614552967250347
278,B,momentum,kospi_return_1d,-0.013380451127886772
278,B,momentum,fx_level_z_252,-0.006918481085449457
278,B,persist,kospi_return_1d,-0.01929476112127304
278,B,persist,fx_level_z_252,0.012037604115903378
278,B,underwater,kospi_return_1d,-0.007147905416786671
278,B,underwater,fx_level_z_252,-0.021344540640711784
278,alpha,,kospi_return_1d,0.025928940623998642
278,alpha,,fx_level_z_252,0.043162018060684204
279,beta,momentum,,-0.02540571615099907
279,beta,persist,,0.1057356745004654
279,beta,underwater,,-0.0004676677635870874
279,B,momentum,kospi_return_1d,-0.013426368124783039
279,B,momentum,fx_level_z_252,-0.006772345397621393
279,B,persist,kospi_return_1d,-0.019522743299603462
279,B,persist,fx_level_z_252,0.012122384272515774
279,B,underwater,kospi_return_1d,-0.006917942781001329
279,B,underwater,fx_level_z_252,-0.02139803022146225
279,alpha,,kospi_return_1d,0.026004265993833542
279,alpha,,fx_level_z_252,0.04320073127746582
280,beta,momentum,,-0.02537349984049797
280,beta,persist,,0.10556257516145706
280,beta,underwater,,-0.0007202014094218612
280,B,momentum,kospi_return_1d,-0.013583033345639706
280,B,momentum,fx_level_z_252,-0.006769395433366299
280,B,persist,kospi_return_1d,-0.019479578360915184
280,B,persist,fx_level_z_252,0.012312165461480618
280,B,underwater,kospi_return_1d,-0.006478710100054741
280,B,underwater,fx_level_z_252,-0.02155913971364498
280,alpha,,kospi_return_1d,0.02626011334359646
280,alpha,,fx_level_z_252,0.043118659406900406
281,beta,momentum,,-0.02544412575662136
281,beta,persist,,0.10550865530967712
281,beta,underwater,,-0.0007907195249572396
281,B,momentum,kospi_return_1d,-0.013694211840629578
281,B,momentum,fx_level_z_252,-0.006733579095453024
281,B,persist,kospi_return_1d,-0.019386447966098785
281,B,persist,fx_level_z_252,0.012327641248703003
281,B,underwater,kospi_return_1d,-0.006073975469917059
281,B,underwater,fx_level_z_252,-0.021693633869290352
281,alpha,,kospi_return_1d,0.026327185332775116
281,alpha,,fx_level_z_252,0.04311585798859596
282,beta,momentum,,-0.025540389120578766
282,beta,persist,,0.10556916892528534
282,beta,underwater,,-0.0006998326280154288
282,B,momentum,kospi_return_1d,-0.01375628262758255
282,B,momentum,fx_level_z_252,-0.006810647901147604
282,B,persist,kospi_return_1d,-0.01926378905773163
282,B,persist,fx_level_z_252,0.012413512915372849
282,B,underwater,kospi_return_1d,-0.0057824705727398396
282,B,underwater,fx_level_z_252,-0.02167619951069355
282,alpha,,kospi_return_1d,0.026247987523674965
282,alpha,,fx_level_z_252,0.043159592896699905
283,beta,momentum,,-0.02572469972074032
283,beta,persist,,0.10570672154426575
283,beta,underwater,,-0.0004193682689219713
283,B,momentum,kospi_return_1d,-0.01374074537307024
283,B,momentum,fx_level_z_252,-0.006874446291476488
283,B,persist,kospi_return_1d,-0.01907302625477314
283,B,persist,fx_level_z_252,0.012433914467692375
283,B,underwater,kospi_return_1d,-0.00556370010599494
283,B,underwater,fx_level_z_252,-0.021476179361343384
283,alpha,,kospi_return_1d,0.026018759235739708
283,alpha,,fx_level_z_252,0.04317491129040718
284,beta,momentum,,-0.02594209462404251
284,beta,persist,,0.10581709444522858
284,beta,underwater,,-0.0001430909032933414
284,B,momentum,kospi_return_1d,-0.013763281516730785
284,B,momentum,fx_level_z_252,-0.006847740150988102
284,B,persist,kospi_return_1d,-0.01896442472934723
284,B,persist,fx_level_z_252,0.012336688116192818
284,B,underwater,kospi_return_1d,-0.005370397586375475
284,B,underwater,fx_level_z_252,-0.021247882395982742
284,alpha,,kospi_return_1d,0.02584201842546463
284,alpha,,fx_level_z_252,0.04307631403207779
285,beta,momentum,,-0.026165170595049858
285,beta,persist,,0.10590687394142151
285,beta,underwater,,5.880073149455711e-05
285,B,momentum,kospi_return_1d,-0.013829153962433338
285,B,momentum,fx_level_z_252,-0.0067670452408492565
285,B,persist,kospi_return_1d,-0.018962835893034935
285,B,persist,fx_level_z_252,0.012170828878879547
285,B,underwater,kospi_return_1d,-0.005111634265631437
285,B,underwater,fx_level_z_252,-0.021081281825900078
285,alpha,,kospi_return_1d,0.025727272033691406
285,alpha,,fx_level_z_252,0.04284430295228958
286,beta,momentum,,-0.02636592835187912
286,beta,persist,,0.10594584047794342
286,beta,underwater,,0.00021102794562466443
286,B,momentum,kospi_return_1d,-0.014060655608773232
286,B,momentum,fx_level_z_252,-0.006650554481893778
286,B,persist,kospi_return_1d,-0.019060304388403893
286,B,persist,fx_level_z_252,0.01195312850177288
286,B,underwater,kospi_return_1d,-0.004891525488346815
286,B,underwater,fx_level_z_252,-0.020968591794371605
286,alpha,,kospi_return_1d,0.02571149729192257
286,alpha,,fx_level_z_252,0.042696014046669006
287,beta,momentum,,-0.02658899314701557
287,beta,persist,,0.10595504194498062
287,beta,underwater,,0.00039381481474265456
287,B,momentum,kospi_return_1d,-0.01435087900608778
287,B,momentum,fx_level_z_252,-0.006431907881051302
287,B,persist,kospi_return_1d,-0.01889069564640522
287,B,persist,fx_level_z_252,0.011698408052325249
287,B,underwater,kospi_return_1d,-0.004791246727108955
287,B,underwater,fx_level_z_252,-0.020898019894957542
287,alpha,,kospi_return_1d,0.02575794979929924
287,alpha,,fx_level_z_252,0.0426226407289505
288,beta,momentum,,-0.026818398386240005
288,beta,persist,,0.10600216686725616
288,beta,underwater,,0.000503260875120759
288,B,momentum,kospi_return_1d,-0.01464251521974802
288,B,momentum,fx_level_z_252,-0.006325551774352789
288,B,persist,kospi_return_1d,-0.018691373988986015
288,B,persist,fx_level_z_252,0.011538710445165634
288,B,underwater,kospi_return_1d,-0.004653320647776127
288,B,underwater,fx_level_z_252,-0.02071630395948887
288,alpha,,kospi_return_1d,0.02570863999426365
288,alpha,,fx_level_z_252,0.042479611933231354
289,beta,momentum,,-0.026823993772268295
289,beta,persist,,0.10601022094488144
289,beta,underwater,,0.00038649997441098094
289,B,momentum,kospi_return_1d,-0.014810885302722454
289,B,momentum,fx_level_z_252,-0.006309051066637039
289,B,persist,kospi_return_1d,-0.018629832193255424
289,B,persist,fx_level_z_252,0.011429722420871258
289,B,underwater,kospi_return_1d,-0.004559054039418697
289,B,underwater,fx_level_z_252,-0.020573170855641365
289,alpha,,kospi_return_1d,0.025673814117908478
289,alpha,,fx_level_z_252,0.04220327362418175
290,beta,momentum,,-0.026643620803952217
290,beta,persist,,0.10595044493675232
290,beta,underwater,,8.905462163966149e-05
290,B,momentum,kospi_return_1d,-0.014743797481060028
290,B,momentum,fx_level_z_252,-0.006442189682275057
290,B,persist,kospi_return_1d,-0.018917901441454887
290,B,persist,fx_level_z_252,0.011334080249071121
290,B,underwater,kospi_return_1d,-0.0046175685711205006
290,B,underwater,fx_level_z_252,-0.020487643778324127
290,alpha,,kospi_return_1d,0.025719083845615387
290,alpha,,fx_level_z_252,0.041780292987823486
291,beta,momentum,,-0.026605701074004173
291,beta,persist,,0.10584820061922073
291,beta,underwater,,-0.00022555961913894862
291,B,momentum,kospi_return_1d,-0.014541438780725002
291,B,momentum,fx_level_z_252,-0.006435786839574575
291,B,persist,kospi_return_1d,-0.019322840496897697
291,B,persist,fx_level_z_252,0.011227945797145367
291,B,underwater,kospi_return_1d,-0.004865012597292662
291,B,underwater,fx_level_z_252,-0.020376130938529968
291,alpha,,kospi_return_1d,0.025806065648794174
291,alpha,,fx_level_z_252,0.04146254062652588
292,beta,momentum,,-0.026535116136074066
292,beta,persist,,0.10573790222406387
292,beta,underwater,,-0.00029458224889822304
292,B,momentum,kospi_return_1d,-0.01426732912659645
292,B,momentum,fx_level_z_252,-0.00631811423227191
292,B,persist,kospi_return_1d,-0.019534975290298462
292,B,persist,fx_level_z_252,0.011096803471446037
292,B,underwater,kospi_return_1d,-0.005176679231226444
292,B,underwater,fx_level_z_252,-0.02023840881884098
292,alpha,,kospi_return_1d,0.025847850367426872
292,alpha,,fx_level_z_252,0.041308362036943436
293,beta,momentum,,-0.026417234912514687
293,beta,persist,,0.10558653622865677
293,beta,underwater,,-0.00023724364291410893
293,B,momentum,kospi_return_1d,-0.013914142735302448
293,B,momentum,fx_level_z_252,-0.006294372025877237
293,B,persist,kospi_return_1d,-0.019808761775493622
293,B,persist,fx_level_z_252,0.011204850859940052
293,B,underwater,kospi_return_1d,-0.0057235402055084705
293,B,underwater,fx_level_z_252,-0.01991240121424198
293,alpha,,kospi_return_1d,0.025841061025857925
293,alpha,,fx_level_z_252,0.04111748933792114
294,beta,momentum,,-0.02640690468251705
294,beta,persist,,0.10550447553396225
294,beta,underwater,,-7.552831812063232e-05
294,B,momentum,kospi_return_1d,-0.013637072406709194
294,B,momentum,fx_level_z_252,-0.006212280131876469
294,B,persist,kospi_return_1d,-0.02008410170674324
294,B,persist,fx_level_z_252,0.011381720192730427
294,B,underwater,kospi_return_1d,-0.006326963193714619
294,B,underwater,fx_level_z_252,-0.01964670978486538
294,alpha,,kospi_return_1d,0.02565731480717659
294,alpha,,fx_level_z_252,0.0409218966960907
295,beta,momentum,,-0.026417450979351997
295,beta,persist,,0.10550123453140259
295,beta,underwater,,9.47411244851537e-05
295,B,momentum,kospi_return_1d,-0.01352271530777216
295,B,momentum,fx_level_z_252,-0.006069968920201063
295,B,persist,kospi_return_1d,-0.020102012902498245
295,B,persist,fx_level_z_252,0.011557034216821194
295,B,underwater,kospi_return_1d,-0.006674453616142273
295,B,underwater,fx_level_z_252,-0.019538160413503647
295,alpha,,kospi_return_1d,0.02548234909772873
295,alpha,,fx_level_z_252,0.04074873775243759
296,beta,momentum,,-0.02667057327926159
296,beta,persist,,0.10556450486183167
296,beta,underwater,,0.0002811283920891583
296,B,momentum,kospi_return_1d,-0.013688904233276844
296,B,momentum,fx_level_z_252,-0.00591902295127511
296,B,persist,kospi_return_1d,-0.019965391606092453
296,B,persist,fx_level_z_252,0.011485758237540722
296,B,underwater,kospi_return_1d,-0.006833411753177643
296,B,underwater,fx_level_z_252,-0.019508052617311478
296,alpha,,kospi_return_1d,0.025473380461335182
296,alpha,,fx_level_z_252,0.04076576977968216
297,beta,momentum,,-0.026721565052866936
297,beta,persist,,0.10568028688430786
297,beta,underwater,,0.00036441354313865304
297,B,momentum,kospi_return_1d,-0.014031249098479748
297,B,momentum,fx_level_z_252,-0.005770842544734478
297,B,persist,kospi_return_1d,-0.01959930919110775
297,B,persist,fx_level_z_252,0.011312236078083515
297,B,underwater,kospi_return_1d,-0.006718047894537449
297,B,underwater,fx_level_z_252,-0.019537480548024178
297,alpha,,kospi_return_1d,0.025378698483109474
297,alpha,,fx_level_z_252,0.04076555371284485
298,beta,momentum,,-0.026674238964915276
298,beta,persist,,0.10574983805418015
298,beta,underwater,,0.0003476453712210059
298,B,momentum,kospi_return_1d,-0.014339049346745014
298,B,momentum,fx_level_z_252,-0.005642135627567768
298,B,persist,kospi_return_1d,-0.01925419643521309
298,B,persist,fx_level_z_252,0.011195220053195953
298,B,underwater,kospi_return_1d,-0.006571870297193527
298,B,underwater,fx_level_z_252,-0.019532715901732445
298,alpha,,kospi_return_1d,0.025250401347875595
298,alpha,,fx_level_z_252,0.04078850522637367
299,beta,momentum,,-0.02645486406981945
299,beta,persist,,0.10585802048444748
299,beta,underwater,,0.00013398383453022689
299,B,momentum,kospi_return_1d,-0.014625975862145424
299,B,momentum,fx_level_z_252,-0.0054022157564759254
299,B,persist,kospi_return_1d,-0.0189175046980381
299,B,persist,fx_level_z_252,0.01091885007917881
299,B,underwater,kospi_return_1d,-0.006274441722780466
299,B,underwater,fx_level_z_252,-0.01962129771709442
299,alpha,,kospi_return_1d,0.025154929608106613
299,alpha,,fx_level_z_252,0.04072161763906479
300,beta,momentum,,-0.02622503601014614
300,beta,persist,,0.10592859238386154
300,beta,underwater,,-7.012747664703056e-05
300,B,momentum,kospi_return_1d,-0.014843709766864777
300,B,momentum,fx_level_z_252,-0.005169933196157217
300,B,persist,kospi_return_1d,-0.01859835721552372
300,B,persist,fx_level_z_252,0.010756520554423332
300,B,underwater,kospi_return_1d,-0.006088742054998875
300,B,underwater,fx_level_z_252,-0.019652152433991432
300,alpha,,kospi_return_1d,0.025140291079878807
300,alpha,,fx_level_z_252,0.04083091393113136
