experiment,epochs,batch_size,learning_rate,lambda_l1,investor,accuracy_mean,accuracy_std,macro_f1_mean,macro_f1_std,nll_mean,nll_std,accuracy_rank,nll_rank
ep_25_bs_128_lr_0p0005_l1_0p01,25,128,0.0005,0.01,foreign,0.6360173507538623,0.030286807883282158,0.6217162502756162,0.03624024160263111,0.6573863704999288,0.01775514737429161,1.0,10.0
ep_25_bs_2048_lr_0p0005_l1_0p01,25,2048,0.0005,0.01,institution,0.5430512672911543,0.032373825199474376,0.5324558516542475,0.03445392957632198,0.6921617984771729,0.0026111854263515997,1.0,2.0
ep_25_bs_512_lr_0p001_l1_0p0003,25,512,0.001,0.0003,retail,0.6003814374843732,0.05089777096810797,0.5874058537112016,0.05275546683752818,0.6779355552461412,0.015348438076188888,1.0,9.0
