epoch,parameter,feature,context,weight
0,beta,momentum,,0.0
0,beta,persist,,0.0
0,beta,underwater,,0.0
0,B,momentum,kospi_return_1d,0.0
0,B,momentum,fx_level_z_252,0.0
0,B,persist,kospi_return_1d,0.0
0,B,persist,fx_level_z_252,0.0
0,B,underwater,kospi_return_1d,0.0
0,B,underwater,fx_level_z_252,0.0
0,alpha,,kospi_return_1d,0.0
0,alpha,,fx_level_z_252,0.0
1,beta,momentum,,-0.0019949586130678654
1,beta,persist,,0.001988833537325263
1,beta,underwater,,0.0019842679612338543
1,B,momentum,kospi_return_1d,-0.00031399086583405733
1,B,momentum,fx_level_z_252,0.0015937343705445528
1,B,persist,kospi_return_1d,0.0011992643121629953
1,B,persist,fx_level_z_252,-0.0019266968593001366
1,B,underwater,kospi_return_1d,0.0004396958975121379
1,B,underwater,fx_level_z_252,-0.0009619691409170628
1,alpha,,kospi_return_1d,-0.0019746976904571056
1,alpha,,fx_level_z_252,0.0019317689584568143
2,beta,momentum,,-0.003960944712162018
2,beta,persist,,0.003944920375943184
2,beta,underwater,,0.0039365654811263084
2,B,momentum,kospi_return_1d,0.0010573568288236856
2,B,momentum,fx_level_z_252,0.0030519466381520033
2,B,persist,kospi_return_1d,0.0019010512623935938
2,B,persist,fx_level_z_252,-0.003817811142653227
2,B,underwater,kospi_return_1d,-0.0005930563202127814
2,B,underwater,fx_level_z_252,-0.0012173056602478027
2,alpha,,kospi_return_1d,-0.0038611101917922497
2,alpha,,fx_level_z_252,0.0037667618598788977
3,beta,momentum,,-0.0059026554226875305
3,beta,persist,,0.005876985378563404
3,beta,underwater,,0.005869041662663221
3,B,momentum,kospi_return_1d,0.0017646275227889419
3,B,momentum,fx_level_z_252,0.004616056568920612
3,B,persist,kospi_return_1d,0.00292881578207016
3,B,persist,fx_level_z_252,-0.00549917109310627
3,B,underwater,kospi_return_1d,-0.001384579110890627
3,B,underwater,fx_level_z_252,-0.0015319008380174637
3,alpha,,kospi_return_1d,-0.005665184929966927
3,alpha,,fx_level_z_252,0.005558808799833059
4,beta,momentum,,-0.007823416963219643
4,beta,persist,,0.007807474117726088
4,beta,underwater,,0.007789205759763718
4,B,momentum,kospi_return_1d,0.0016791713424026966
4,B,momentum,fx_level_z_252,0.006175263784825802
4,B,persist,kospi_return_1d,0.004093501716852188
4,B,persist,fx_level_z_252,-0.006929257418960333
4,B,underwater,kospi_return_1d,-0.0019412403926253319
4,B,underwater,fx_level_z_252,-0.0018872644286602736
4,alpha,,kospi_return_1d,-0.0074752639047801495
4,alpha,,fx_level_z_252,0.0073387580923736095
5,beta,momentum,,-0.00969868153333664
5,beta,persist,,0.009710049256682396
5,beta,underwater,,0.009685341268777847
5,B,momentum,kospi_return_1d,0.0017014439217746258
5,B,momentum,fx_level_z_252,0.007627210579812527
5,B,persist,kospi_return_1d,0.0051694815047085285
5,B,persist,fx_level_z_252,-0.008241593837738037
5,B,underwater,kospi_return_1d,-0.002306296955794096
5,B,underwater,fx_level_z_252,-0.002287016250193119
5,alpha,,kospi_return_1d,-0.009228349663317204
5,alpha,,fx_level_z_252,0.009107879363000393
6,beta,momentum,,-0.011563083156943321
6,beta,persist,,0.011601950041949749
6,beta,underwater,,0.011548765003681183
6,B,momentum,kospi_return_1d,0.0012012466322630644
6,B,momentum,fx_level_z_252,0.009176477789878845
6,B,persist,kospi_return_1d,0.006259688176214695
6,B,persist,fx_level_z_252,-0.009635255672037601
6,B,underwater,kospi_return_1d,-0.002251093275845051
6,B,underwater,fx_level_z_252,-0.003046397352591157
6,alpha,,kospi_return_1d,-0.010916771367192268
6,alpha,,fx_level_z_252,0.010846683755517006
7,beta,momentum,,-0.013383107259869576
7,beta,persist,,0.01347162015736103
7,beta,underwater,,0.01336994394659996
7,B,momentum,kospi_return_1d,0.000761261791922152
7,B,momentum,fx_level_z_252,0.010676723904907703
7,B,persist,kospi_return_1d,0.007285303436219692
7,B,persist,fx_level_z_252,-0.01103649940341711
7,B,underwater,kospi_return_1d,-0.002200411632657051
7,B,underwater,fx_level_z_252,-0.0038795119617134333
7,alpha,,kospi_return_1d,-0.012495322152972221
7,alpha,,fx_level_z_252,0.012572131119668484
8,beta,momentum,,-0.015148049220442772
8,beta,persist,,0.015313644893467426
8,beta,underwater,,0.015170193277299404
8,B,momentum,kospi_return_1d,0.0006457437993958592
8,B,momentum,fx_level_z_252,0.012070415541529655
8,B,persist,kospi_return_1d,0.007978912442922592
8,B,persist,fx_level_z_252,-0.012325586751103401
8,B,underwater,kospi_return_1d,-0.0022073329892009497
8,B,underwater,fx_level_z_252,-0.004669481422752142
8,alpha,,kospi_return_1d,-0.014015907421708107
8,alpha,,fx_level_z_252,0.014255490154027939
9,beta,momentum,,-0.016858547925949097
9,beta,persist,,0.0171152725815773
9,beta,underwater,,0.01690468192100525
9,B,momentum,kospi_return_1d,0.0004928691778331995
9,B,momentum,fx_level_z_252,0.01343131810426712
9,B,persist,kospi_return_1d,0.008589271456003189
9,B,persist,fx_level_z_252,-0.01353610958904028
9,B,underwater,kospi_return_1d,-0.0020820731297135353
9,B,underwater,fx_level_z_252,-0.005477739032357931
9,alpha,,kospi_return_1d,-0.01540341880172491
9,alpha,,fx_level_z_252,0.01585734635591507
10,beta,momentum,,-0.01851614937186241
10,beta,persist,,0.018861185759305954
10,beta,underwater,,0.018588000908493996
10,B,momentum,kospi_return_1d,0.0004744722100440413
10,B,momentum,fx_level_z_252,0.014661107212305069
10,B,persist,kospi_return_1d,0.008787271566689014
10,B,persist,fx_level_z_252,-0.01450708694756031
10,B,underwater,kospi_return_1d,-0.0019650952890515327
10,B,underwater,fx_level_z_252,-0.006134491413831711
10,alpha,,kospi_return_1d,-0.01665395125746727
10,alpha,,fx_level_z_252,0.017319127917289734
11,beta,momentum,,-0.02012592926621437
11,beta,persist,,0.020558716729283333
11,beta,underwater,,0.020185060799121857
11,B,momentum,kospi_return_1d,0.0005924314609728754
11,B,momentum,fx_level_z_252,0.015860803425312042
11,B,persist,kospi_return_1d,0.008889985270798206
11,B,persist,fx_level_z_252,-0.015332452952861786
11,B,underwater,kospi_return_1d,-0.0017903299303725362
11,B,underwater,fx_level_z_252,-0.00692532304674387
11,alpha,,kospi_return_1d,-0.017701607197523117
11,alpha,,fx_level_z_252,0.01867581158876419
12,beta,momentum,,-0.021654443815350533
12,beta,persist,,0.022212717682123184
12,beta,underwater,,0.02175508439540863
12,B,momentum,kospi_return_1d,0.000704337318893522
12,B,momentum,fx_level_z_252,0.01689719967544079
12,B,persist,kospi_return_1d,0.00899292342364788
12,B,persist,fx_level_z_252,-0.01593225821852684
12,B,underwater,kospi_return_1d,-0.0015767563600093126
12,B,underwater,fx_level_z_252,-0.0075944154523313046
12,alpha,,kospi_return_1d,-0.018597381189465523
12,alpha,,fx_level_z_252,0.01997854746878147
13,beta,momentum,,-0.023107783868908882
13,beta,persist,,0.023831937462091446
13,beta,underwater,,0.023258285596966743
13,B,momentum,kospi_return_1d,0.0009375605150125921
13,B,momentum,fx_level_z_252,0.017867518588900566
13,B,persist,kospi_return_1d,0.008944811299443245
13,B,persist,fx_level_z_252,-0.016340037807822227
13,B,underwater,kospi_return_1d,-0.0014329119585454464
13,B,underwater,fx_level_z_252,-0.008261438459157944
13,alpha,,kospi_return_1d,-0.01927332580089569
13,alpha,,fx_level_z_252,0.021179746836423874
14,beta,momentum,,-0.024472476914525032
14,beta,persist,,0.02541550248861313
14,beta,underwater,,0.024688731878995895
14,B,momentum,kospi_return_1d,0.0010790155502036214
14,B,momentum,fx_level_z_252,0.0186507236212492
14,B,persist,kospi_return_1d,0.008928129449486732
14,B,persist,fx_level_z_252,-0.01660085842013359
14,B,underwater,kospi_return_1d,-0.0011732549173757434
14,B,underwater,fx_level_z_252,-0.008869783952832222
14,alpha,,kospi_return_1d,-0.01979546621441841
14,alpha,,fx_level_z_252,0.022316908463835716
15,beta,momentum,,-0.025715168565511703
15,beta,persist,,0.026952801272273064
15,beta,underwater,,0.02606336958706379
15,B,momentum,kospi_return_1d,0.0015035076066851616
15,B,momentum,fx_level_z_252,0.01932908222079277
15,B,persist,kospi_return_1d,0.008769945241510868
15,B,persist,fx_level_z_252,-0.01679946854710579
15,B,underwater,kospi_return_1d,-0.0009764647693373263
15,B,underwater,fx_level_z_252,-0.009508516639471054
15,alpha,,kospi_return_1d,-0.020058678463101387
15,alpha,,fx_level_z_252,0.023403018712997437
16,beta,momentum,,-0.02685098722577095
16,beta,persist,,0.028466973453760147
16,beta,underwater,,0.02734699659049511
16,B,momentum,kospi_return_1d,0.0019275816157460213
16,B,momentum,fx_level_z_252,0.019931253045797348
16,B,persist,kospi_return_1d,0.008304094895720482
16,B,persist,fx_level_z_252,-0.0168851837515831
16,B,underwater,kospi_return_1d,-0.0007021534256637096
16,B,underwater,fx_level_z_252,-0.010227763094007969
16,alpha,,kospi_return_1d,-0.02028685063123703
16,alpha,,fx_level_z_252,0.02435392700135708
17,beta,momentum,,-0.027863116934895515
17,beta,persist,,0.029980331659317017
17,beta,underwater,,0.028563551604747772
17,B,momentum,kospi_return_1d,0.0025706866290420294
17,B,momentum,fx_level_z_252,0.020436637103557587
17,B,persist,kospi_return_1d,0.007595654111355543
17,B,persist,fx_level_z_252,-0.016827614977955818
17,B,underwater,kospi_return_1d,-0.00047995196655392647
17,B,underwater,fx_level_z_252,-0.010919918306171894
17,alpha,,kospi_return_1d,-0.020491618663072586
17,alpha,,fx_level_z_252,0.02518768236041069
18,beta,momentum,,-0.02876373380422592
18,beta,persist,,0.03140842914581299
18,beta,underwater,,0.029646681621670723
18,B,momentum,kospi_return_1d,0.0030662580393254757
18,B,momentum,fx_level_z_252,0.020882848650217056
18,B,persist,kospi_return_1d,0.006980119273066521
18,B,persist,fx_level_z_252,-0.016551963984966278
18,B,underwater,kospi_return_1d,-1.6558391507714987e-05
18,B,underwater,fx_level_z_252,-0.011625759303569794
18,alpha,,kospi_return_1d,-0.020532717928290367
18,alpha,,fx_level_z_252,0.025760697200894356
19,beta,momentum,,-0.02957114391028881
19,beta,persist,,0.032759472727775574
19,beta,underwater,,0.03064964897930622
19,B,momentum,kospi_return_1d,0.003377483459189534
19,B,momentum,fx_level_z_252,0.02122991532087326
19,B,persist,kospi_return_1d,0.006695941090583801
19,B,persist,fx_level_z_252,-0.016204580664634705
19,B,underwater,kospi_return_1d,0.0005354583263397217
19,B,underwater,fx_level_z_252,-0.012335780076682568
19,alpha,,kospi_return_1d,-0.020338835194706917
19,alpha,,fx_level_z_252,0.026140185073018074
20,beta,momentum,,-0.030200904235243797
20,beta,persist,,0.03400513902306557
20,beta,underwater,,0.03150288015604019
20,B,momentum,kospi_return_1d,0.0036153551191091537
20,B,momentum,fx_level_z_252,0.021416636183857918
20,B,persist,kospi_return_1d,0.006420183926820755
20,B,persist,fx_level_z_252,-0.015660082921385765
20,B,underwater,kospi_return_1d,0.0011395614128559828
20,B,underwater,fx_level_z_252,-0.013065577484667301
20,alpha,,kospi_return_1d,-0.019951289519667625
20,alpha,,fx_level_z_252,0.026304075494408607
21,beta,momentum,,-0.030777545645833015
21,beta,persist,,0.03524688258767128
21,beta,underwater,,0.03229920566082001
21,B,momentum,kospi_return_1d,0.003917778376489878
21,B,momentum,fx_level_z_252,0.021497594192624092
21,B,persist,kospi_return_1d,0.006068094167858362
21,B,persist,fx_level_z_252,-0.01500190794467926
21,B,underwater,kospi_return_1d,0.0015704812249168754
21,B,underwater,fx_level_z_252,-0.013838970102369785
21,alpha,,kospi_return_1d,-0.019521281123161316
21,alpha,,fx_level_z_252,0.02644059993326664
22,beta,momentum,,-0.03126762807369232
22,beta,persist,,0.03642852604389191
22,beta,underwater,,0.033064380288124084
22,B,momentum,kospi_return_1d,0.004346007946878672
22,B,momentum,fx_level_z_252,0.02139448933303356
22,B,persist,kospi_return_1d,0.005613669753074646
22,B,persist,fx_level_z_252,-0.014135926030576229
22,B,underwater,kospi_return_1d,0.0018555020214989781
22,B,underwater,fx_level_z_252,-0.014496575109660625
22,alpha,,kospi_return_1d,-0.018930722028017044
22,alpha,,fx_level_z_252,0.026554236188530922
23,beta,momentum,,-0.031699370592832565
23,beta,persist,,0.03758583217859268
23,beta,underwater,,0.033751051872968674
23,B,momentum,kospi_return_1d,0.004785268101841211
23,B,momentum,fx_level_z_252,0.021256310865283012
23,B,persist,kospi_return_1d,0.005443999078124762
23,B,persist,fx_level_z_252,-0.013253777287900448
23,B,underwater,kospi_return_1d,0.0022675557993352413
23,B,underwater,fx_level_z_252,-0.015203925780951977
23,alpha,,kospi_return_1d,-0.018183041363954544
23,alpha,,fx_level_z_252,0.026570891961455345
24,beta,momentum,,-0.03207194432616234
24,beta,persist,,0.038705889135599136
24,beta,underwater,,0.03439794108271599
24,B,momentum,kospi_return_1d,0.0051771714352071285
24,B,momentum,fx_level_z_252,0.020986946299672127
24,B,persist,kospi_return_1d,0.005351257044821978
24,B,persist,fx_level_z_252,-0.012296605855226517
24,B,underwater,kospi_return_1d,0.00264587695710361
24,B,underwater,fx_level_z_252,-0.01581297256052494
24,alpha,,kospi_return_1d,-0.01732698269188404
24,alpha,,fx_level_z_252,0.026475131511688232
25,beta,momentum,,-0.03237338736653328
25,beta,persist,,0.03979484364390373
25,beta,underwater,,0.035050615668296814
25,B,momentum,kospi_return_1d,0.00564976129680872
25,B,momentum,fx_level_z_252,0.02045411430299282
25,B,persist,kospi_return_1d,0.0051973192021250725
25,B,persist,fx_level_z_252,-0.011232119053602219
25,B,underwater,kospi_return_1d,0.0027839888352900743
25,B,underwater,fx_level_z_252,-0.016235729679465294
25,alpha,,kospi_return_1d,-0.01637507602572441
25,alpha,,fx_level_z_252,0.026455780491232872
26,beta,momentum,,-0.03263985738158226
26,beta,persist,,0.04083866626024246
26,beta,underwater,,0.03564382344484329
26,B,momentum,kospi_return_1d,0.005879958625882864
26,B,momentum,fx_level_z_252,0.019927801564335823
26,B,persist,kospi_return_1d,0.00521253002807498
26,B,persist,fx_level_z_252,-0.010219721123576164
26,B,underwater,kospi_return_1d,0.0031527793034911156
26,B,underwater,fx_level_z_252,-0.016799334436655045
26,alpha,,kospi_return_1d,-0.015316023491322994
26,alpha,,fx_level_z_252,0.02636108547449112
27,beta,momentum,,-0.03291359543800354
27,beta,persist,,0.04190314933657646
27,beta,underwater,,0.03620905056595802
27,B,momentum,kospi_return_1d,0.006004530005156994
27,B,momentum,fx_level_z_252,0.01940177008509636
27,B,persist,kospi_return_1d,0.0051310402341187
27,B,persist,fx_level_z_252,-0.009252811782062054
27,B,underwater,kospi_return_1d,0.003498618956655264
27,B,underwater,fx_level_z_252,-0.017448242753744125
27,alpha,,kospi_return_1d,-0.01424497552216053
27,alpha,,fx_level_z_252,0.026295650750398636
28,beta,momentum,,-0.033145345747470856
28,beta,persist,,0.042972762137651443
28,beta,underwater,,0.03673704341053963
28,B,momentum,kospi_return_1d,0.006059147883206606
28,B,momentum,fx_level_z_252,0.01885150745511055
28,B,persist,kospi_return_1d,0.005043467972427607
28,B,persist,fx_level_z_252,-0.008477726951241493
28,B,underwater,kospi_return_1d,0.003849183674901724
28,B,underwater,fx_level_z_252,-0.018113691359758377
28,alpha,,kospi_return_1d,-0.013210236094892025
28,alpha,,fx_level_z_252,0.026263855397701263
29,beta,momentum,,-0.033303819596767426
29,beta,persist,,0.04400579258799553
29,beta,underwater,,0.037242330610752106
29,B,momentum,kospi_return_1d,0.005915538407862186
29,B,momentum,fx_level_z_252,0.01824297197163105
29,B,persist,kospi_return_1d,0.005097965244203806
29,B,persist,fx_level_z_252,-0.007848842069506645
29,B,underwater,kospi_return_1d,0.004208187106996775
29,B,underwater,fx_level_z_252,-0.01881282590329647
29,alpha,,kospi_return_1d,-0.01217188872396946
29,alpha,,fx_level_z_252,0.026192020624876022
30,beta,momentum,,-0.03340969234704971
30,beta,persist,,0.04501771926879883
30,beta,underwater,,0.03770477697253227
30,B,momentum,kospi_return_1d,0.00581471249461174
30,B,momentum,fx_level_z_252,0.017535066232085228
30,B,persist,kospi_return_1d,0.005048504564911127
30,B,persist,fx_level_z_252,-0.007236781995743513
30,B,underwater,kospi_return_1d,0.004487666767090559
30,B,underwater,fx_level_z_252,-0.0194389671087265
30,alpha,,kospi_return_1d,-0.011137341149151325
30,alpha,,fx_level_z_252,0.02615329995751381
31,beta,momentum,,-0.03345625847578049
31,beta,persist,,0.04604288190603256
31,beta,underwater,,0.038111213594675064
31,B,momentum,kospi_return_1d,0.005637596361339092
31,B,momentum,fx_level_z_252,0.016911499202251434
31,B,persist,kospi_return_1d,0.0049942475743591785
31,B,persist,fx_level_z_252,-0.0067476918920874596
31,B,underwater,kospi_return_1d,0.004915883764624596
31,B,underwater,fx_level_z_252,-0.020142661407589912
31,alpha,,kospi_return_1d,-0.010165372863411903
31,alpha,,fx_level_z_252,0.026084359735250473
32,beta,momentum,,-0.03347362205386162
32,beta,persist,,0.047042232006788254
32,beta,underwater,,0.0384959802031517
32,B,momentum,kospi_return_1d,0.00556211918592453
32,B,momentum,fx_level_z_252,0.0163316298276186
32,B,persist,kospi_return_1d,0.004923393949866295
32,B,persist,fx_level_z_252,-0.006321716587990522
32,B,underwater,kospi_return_1d,0.005311085842549801
32,B,underwater,fx_level_z_252,-0.02087562344968319
32,alpha,,kospi_return_1d,-0.00923425517976284
32,alpha,,fx_level_z_252,0.025970609858632088
33,beta,momentum,,-0.03347567841410637
33,beta,persist,,0.04808208346366882
33,beta,underwater,,0.03892672806978226
33,B,momentum,kospi_return_1d,0.005513797979801893
33,B,momentum,fx_level_z_252,0.015719186514616013
33,B,persist,kospi_return_1d,0.0047693802043795586
33,B,persist,fx_level_z_252,-0.005807025358080864
33,B,underwater,kospi_return_1d,0.005449238698929548
33,B,underwater,fx_level_z_252,-0.021563734859228134
33,alpha,,kospi_return_1d,-0.008331364952027798
33,alpha,,fx_level_z_252,0.025959881022572517
34,beta,momentum,,-0.033440057188272476
34,beta,persist,,0.04911061376333237
34,beta,underwater,,0.039300501346588135
34,B,momentum,kospi_return_1d,0.005539110396057367
34,B,momentum,fx_level_z_252,0.015221504494547844
34,B,persist,kospi_return_1d,0.004526478238403797
34,B,persist,fx_level_z_252,-0.0054063270799815655
34,B,underwater,kospi_return_1d,0.005617077462375164
34,B,underwater,fx_level_z_252,-0.022385455667972565
34,alpha,,kospi_return_1d,-0.007402965798974037
34,alpha,,fx_level_z_252,0.025813838467001915
35,beta,momentum,,-0.03341911360621452
35,beta,persist,,0.05015088617801666
35,beta,underwater,,0.03969675302505493
35,B,momentum,kospi_return_1d,0.005440068896859884
35,B,momentum,fx_level_z_252,0.014727985486388206
35,B,persist,kospi_return_1d,0.004451042506843805
35,B,persist,fx_level_z_252,-0.005074234213680029
35,B,underwater,kospi_return_1d,0.005911281798034906
35,B,underwater,fx_level_z_252,-0.02321023866534233
35,alpha,,kospi_return_1d,-0.006480418145656586
35,alpha,,fx_level_z_252,0.025658320635557175
36,beta,momentum,,-0.03338957205414772
36,beta,persist,,0.051156215369701385
36,beta,underwater,,0.04010222107172012
36,B,momentum,kospi_return_1d,0.005487055517733097
36,B,momentum,fx_level_z_252,0.014212522655725479
36,B,persist,kospi_return_1d,0.004322230350226164
36,B,persist,fx_level_z_252,-0.004662853199988604
36,B,underwater,kospi_return_1d,0.006047810427844524
36,B,underwater,fx_level_z_252,-0.02393294684588909
36,alpha,,kospi_return_1d,-0.005486807320266962
36,alpha,,fx_level_z_252,0.025515777990221977
37,beta,momentum,,-0.03339935094118118
37,beta,persist,,0.05212918668985367
37,beta,underwater,,0.0405106283724308
37,B,momentum,kospi_return_1d,0.00550829665735364
37,B,momentum,fx_level_z_252,0.013635905459523201
37,B,persist,kospi_return_1d,0.00425006914883852
37,B,persist,fx_level_z_252,-0.004326965194195509
37,B,underwater,kospi_return_1d,0.006095335818827152
37,B,underwater,fx_level_z_252,-0.024524493142962456
37,alpha,,kospi_return_1d,-0.0044269380159676075
37,alpha,,fx_level_z_252,0.025460727512836456
38,beta,momentum,,-0.03341132029891014
38,beta,persist,,0.0530904084444046
38,beta,underwater,,0.040912386029958725
38,B,momentum,kospi_return_1d,0.005599541589617729
38,B,momentum,fx_level_z_252,0.013045580126345158
38,B,persist,kospi_return_1d,0.004005305469036102
38,B,persist,fx_level_z_252,-0.004048308357596397
38,B,underwater,kospi_return_1d,0.0059638069942593575
38,B,underwater,fx_level_z_252,-0.024968598037958145
38,alpha,,kospi_return_1d,-0.003425328992307186
38,alpha,,fx_level_z_252,0.025379635393619537
39,beta,momentum,,-0.0334574356675148
39,beta,persist,,0.05403261259198189
39,beta,underwater,,0.0412864163517952
39,B,momentum,kospi_return_1d,0.005613727495074272
39,B,momentum,fx_level_z_252,0.012367131188511848
39,B,persist,kospi_return_1d,0.0036269158590584993
39,B,persist,fx_level_z_252,-0.0036525626201182604
39,B,underwater,kospi_return_1d,0.005824020132422447
39,B,underwater,fx_level_z_252,-0.025243185460567474
39,alpha,,kospi_return_1d,-0.0024124695919454098
39,alpha,,fx_level_z_252,0.025269655510783195
40,beta,momentum,,-0.03343021869659424
40,beta,persist,,0.05494019389152527
40,beta,underwater,,0.04160168766975403
40,B,momentum,kospi_return_1d,0.0056030768901109695
40,B,momentum,fx_level_z_252,0.011811734177172184
40,B,persist,kospi_return_1d,0.003364980686455965
40,B,persist,fx_level_z_252,-0.0032023319508880377
40,B,underwater,kospi_return_1d,0.005751266609877348
40,B,underwater,fx_level_z_252,-0.02555038221180439
40,alpha,,kospi_return_1d,-0.0013653977075591683
40,alpha,,fx_level_z_252,0.025146817788481712
41,beta,momentum,,-0.03336897864937782
41,beta,persist,,0.055844370275735855
41,beta,underwater,,0.04192012548446655
41,B,momentum,kospi_return_1d,0.005569440312683582
41,B,momentum,fx_level_z_252,0.011230798438191414
41,B,persist,kospi_return_1d,0.0032690365333110094
41,B,persist,fx_level_z_252,-0.002750262152403593
41,B,underwater,kospi_return_1d,0.005636702757328749
41,B,underwater,fx_level_z_252,-0.025789927691221237
41,alpha,,kospi_return_1d,-0.0002733403234742582
41,alpha,,fx_level_z_252,0.025034721940755844
42,beta,momentum,,-0.033307693898677826
42,beta,persist,,0.05674877017736435
42,beta,underwater,,0.042190469801425934
42,B,momentum,kospi_return_1d,0.005573202855885029
42,B,momentum,fx_level_z_252,0.010542615316808224
42,B,persist,kospi_return_1d,0.003076850902289152
42,B,persist,fx_level_z_252,-0.00219574267975986
42,B,underwater,kospi_return_1d,0.00543476827442646
42,B,underwater,fx_level_z_252,-0.025919266045093536
42,alpha,,kospi_return_1d,0.0007111631566658616
42,alpha,,fx_level_z_252,0.024857759475708008
43,beta,momentum,,-0.03322169557213783
43,beta,persist,,0.0576174259185791
43,beta,underwater,,0.0424511693418026
43,B,momentum,kospi_return_1d,0.005712402984499931
43,B,momentum,fx_level_z_252,0.009856258518993855
43,B,persist,kospi_return_1d,0.0028035463765263557
43,B,persist,fx_level_z_252,-0.0016886744415387511
43,B,underwater,kospi_return_1d,0.0051720463670790195
43,B,underwater,fx_level_z_252,-0.02605881541967392
43,alpha,,kospi_return_1d,0.001609837869182229
43,alpha,,fx_level_z_252,0.024565722793340683
44,beta,momentum,,-0.03315805271267891
44,beta,persist,,0.05851210281252861
44,beta,underwater,,0.04276682063937187
44,B,momentum,kospi_return_1d,0.005723330657929182
44,B,momentum,fx_level_z_252,0.00915422011166811
44,B,persist,kospi_return_1d,0.0026027322746813297
44,B,persist,fx_level_z_252,-0.0011723078787326813
44,B,underwater,kospi_return_1d,0.005038900300860405
44,B,underwater,fx_level_z_252,-0.02613336220383644
44,alpha,,kospi_return_1d,0.002361050108447671
44,alpha,,fx_level_z_252,0.02434614859521389
45,beta,momentum,,-0.0330689437687397
45,beta,persist,,0.05939202010631561
45,beta,underwater,,0.04303441569209099
45,B,momentum,kospi_return_1d,0.005654082167893648
45,B,momentum,fx_level_z_252,0.008526586927473545
45,B,persist,kospi_return_1d,0.0023364126682281494
45,B,persist,fx_level_z_252,-0.0007060231291688979
45,B,underwater,kospi_return_1d,0.0050142668187618256
45,B,underwater,fx_level_z_252,-0.02628295123577118
45,alpha,,kospi_return_1d,0.0029718070290982723
45,alpha,,fx_level_z_252,0.024116674438118935
46,beta,momentum,,-0.03293208032846451
46,beta,persist,,0.060231178998947144
46,beta,underwater,,0.04326283559203148
46,B,momentum,kospi_return_1d,0.005576580762863159
46,B,momentum,fx_level_z_252,0.008148022927343845
46,B,persist,kospi_return_1d,0.0023396755568683147
46,B,persist,fx_level_z_252,-0.0005811037844978273
46,B,underwater,kospi_return_1d,0.005193781573325396
46,B,underwater,fx_level_z_252,-0.02670128643512726
46,alpha,,kospi_return_1d,0.0035493667237460613
46,alpha,,fx_level_z_252,0.02392740175127983
47,beta,momentum,,-0.03273608535528183
47,beta,persist,,0.0610719658434391
47,beta,underwater,,0.043387770652770996
47,B,momentum,kospi_return_1d,0.005344298202544451
47,B,momentum,fx_level_z_252,0.00793685857206583
47,B,persist,kospi_return_1d,0.002393679227679968
47,B,persist,fx_level_z_252,-0.0007292540976777673
47,B,underwater,kospi_return_1d,0.0055211251601576805
47,B,underwater,fx_level_z_252,-0.027437040582299232
47,alpha,,kospi_return_1d,0.004035773687064648
47,alpha,,fx_level_z_252,0.023599784821271896
48,beta,momentum,,-0.03256715089082718
48,beta,persist,,0.061880603432655334
48,beta,underwater,,0.043511420488357544
48,B,momentum,kospi_return_1d,0.005102430935949087
48,B,momentum,fx_level_z_252,0.007742068264633417
48,B,persist,kospi_return_1d,0.0025553368031978607
48,B,persist,fx_level_z_252,-0.0008612597011961043
48,B,underwater,kospi_return_1d,0.005882062949240208
48,B,underwater,fx_level_z_252,-0.02824934385716915
48,alpha,,kospi_return_1d,0.004518754780292511
48,alpha,,fx_level_z_252,0.023296291008591652
49,beta,momentum,,-0.03236297518014908
49,beta,persist,,0.06268265098333359
49,beta,underwater,,0.04361245036125183
49,B,momentum,kospi_return_1d,0.004951193928718567
49,B,momentum,fx_level_z_252,0.0075155883096158504
49,B,persist,kospi_return_1d,0.0025875207502394915
49,B,persist,fx_level_z_252,-0.0008987796609289944
49,B,underwater,kospi_return_1d,0.006141735706478357
49,B,underwater,fx_level_z_252,-0.02902197279036045
49,alpha,,kospi_return_1d,0.00485917367041111
49,alpha,,fx_level_z_252,0.022871509194374084
50,beta,momentum,,-0.03215509280562401
50,beta,persist,,0.06346641480922699
50,beta,underwater,,0.04370906949043274
50,B,momentum,kospi_return_1d,0.004851128440350294
50,B,momentum,fx_level_z_252,0.0072899870574474335
50,B,persist,kospi_return_1d,0.0024329316802322865
50,B,persist,fx_level_z_252,-0.0009015185059979558
50,B,underwater,kospi_return_1d,0.006237585097551346
50,B,underwater,fx_level_z_252,-0.029688678681850433
50,alpha,,kospi_return_1d,0.005074439104646444
50,alpha,,fx_level_z_252,0.022413836792111397
51,beta,momentum,,-0.03189617767930031
51,beta,persist,,0.06418818235397339
51,beta,underwater,,0.043779682368040085
51,B,momentum,kospi_return_1d,0.004822365008294582
51,B,momentum,fx_level_z_252,0.007133942097425461
51,B,persist,kospi_return_1d,0.002199959708377719
51,B,persist,fx_level_z_252,-0.000851047458127141
51,B,underwater,kospi_return_1d,0.006283381953835487
51,B,underwater,fx_level_z_252,-0.030361853539943695
51,alpha,,kospi_return_1d,0.005401394795626402
51,alpha,,fx_level_z_252,0.021929336711764336
52,beta,momentum,,-0.03163924813270569
52,beta,persist,,0.0649089366197586
52,beta,underwater,,0.043821655213832855
52,B,momentum,kospi_return_1d,0.004833190701901913
52,B,momentum,fx_level_z_252,0.007076353300362825
52,B,persist,kospi_return_1d,0.0019125760300084949
52,B,persist,fx_level_z_252,-0.0006612841971218586
52,B,underwater,kospi_return_1d,0.006349626928567886
52,B,underwater,fx_level_z_252,-0.031061144545674324
52,alpha,,kospi_return_1d,0.005675600841641426
52,alpha,,fx_level_z_252,0.021474948152899742
53,beta,momentum,,-0.03138700872659683
53,beta,persist,,0.06566251814365387
53,beta,underwater,,0.04387445002794266
53,B,momentum,kospi_return_1d,0.004767973441630602
53,B,momentum,fx_level_z_252,0.007024052552878857
53,B,persist,kospi_return_1d,0.0016215592622756958
53,B,persist,fx_level_z_252,-0.00034958607284352183
53,B,underwater,kospi_return_1d,0.006489441264420748
53,B,underwater,fx_level_z_252,-0.031624164432287216
53,alpha,,kospi_return_1d,0.005834941752254963
53,alpha,,fx_level_z_252,0.02101070247590542
54,beta,momentum,,-0.031216392293572426
54,beta,persist,,0.06641453504562378
54,beta,underwater,,0.043968912214040756
54,B,momentum,kospi_return_1d,0.004651983268558979
54,B,momentum,fx_level_z_252,0.006923650857061148
54,B,persist,kospi_return_1d,0.0013654883950948715
54,B,persist,fx_level_z_252,-1.0288538760505617e-05
54,B,underwater,kospi_return_1d,0.006459911819547415
54,B,underwater,fx_level_z_252,-0.032067641615867615
54,alpha,,kospi_return_1d,0.005922780372202396
54,alpha,,fx_level_z_252,0.020764023065567017
55,beta,momentum,,-0.03109017200767994
55,beta,persist,,0.06719618290662766
55,beta,underwater,,0.04412548989057541
55,B,momentum,kospi_return_1d,0.004625793546438217
55,B,momentum,fx_level_z_252,0.00674998015165329
55,B,persist,kospi_return_1d,0.001150782103650272
55,B,persist,fx_level_z_252,0.000271150580374524
55,B,underwater,kospi_return_1d,0.006500461138784885
55,B,underwater,fx_level_z_252,-0.03235991671681404
55,alpha,,kospi_return_1d,0.005982731468975544
55,alpha,,fx_level_z_252,0.020542023703455925
56,beta,momentum,,-0.031061505898833275
56,beta,persist,,0.06797121465206146
56,beta,underwater,,0.044387515634298325
56,B,momentum,kospi_return_1d,0.004650552291423082
56,B,momentum,fx_level_z_252,0.006461734883487225
56,B,persist,kospi_return_1d,0.0009418245172128081
56,B,persist,fx_level_z_252,0.0005122157745063305
56,B,underwater,kospi_return_1d,0.006360397208482027
56,B,underwater,fx_level_z_252,-0.03249748423695564
56,alpha,,kospi_return_1d,0.005968944169580936
56,alpha,,fx_level_z_252,0.020421184599399567
57,beta,momentum,,-0.03108525462448597
57,beta,persist,,0.06873441487550735
57,beta,underwater,,0.04464535042643547
57,B,momentum,kospi_return_1d,0.004595007281750441
57,B,momentum,fx_level_z_252,0.006101928185671568
57,B,persist,kospi_return_1d,0.0008379109785892069
57,B,persist,fx_level_z_252,0.0007427931996062398
57,B,underwater,kospi_return_1d,0.006292142439633608
57,B,underwater,fx_level_z_252,-0.03255355358123779
57,alpha,,kospi_return_1d,0.005926532205194235
57,alpha,,fx_level_z_252,0.020123224705457687
58,beta,momentum,,-0.031118614599108696
58,beta,persist,,0.06949086487293243
58,beta,underwater,,0.04493451118469238
58,B,momentum,kospi_return_1d,0.004535006359219551
58,B,momentum,fx_level_z_252,0.005715914536267519
58,B,persist,kospi_return_1d,0.0008032891782931983
58,B,persist,fx_level_z_252,0.000812179350759834
58,B,underwater,kospi_return_1d,0.006128503009676933
58,B,underwater,fx_level_z_252,-0.03253769874572754
58,alpha,,kospi_return_1d,0.005861005745828152
58,alpha,,fx_level_z_252,0.01983606442809105
59,beta,momentum,,-0.031079206615686417
59,beta,persist,,0.0701790302991867
59,beta,underwater,,0.045218054205179214
59,B,momentum,kospi_return_1d,0.004484827164560556
59,B,momentum,fx_level_z_252,0.0054004620760679245
59,B,persist,kospi_return_1d,0.0008554405649192631
59,B,persist,fx_level_z_252,0.0007849152316339314
59,B,underwater,kospi_return_1d,0.0058839526027441025
59,B,underwater,fx_level_z_252,-0.03256005048751831
59,alpha,,kospi_return_1d,0.006039909087121487
59,alpha,,fx_level_z_252,0.019687065854668617
60,beta,momentum,,-0.030991775915026665
60,beta,persist,,0.07088985294103622
60,beta,underwater,,0.04541429504752159
60,B,momentum,kospi_return_1d,0.004236286040395498
60,B,momentum,fx_level_z_252,0.005233575124293566
60,B,persist,kospi_return_1d,0.0011213318211957812
60,B,persist,fx_level_z_252,0.0005432514008134604
60,B,underwater,kospi_return_1d,0.0058998060412704945
60,B,underwater,fx_level_z_252,-0.0326329842209816
60,alpha,,kospi_return_1d,0.006142483092844486
60,alpha,,fx_level_z_252,0.019480204209685326
61,beta,momentum,,-0.030920522287487984
61,beta,persist,,0.07159293442964554
61,beta,underwater,,0.045630306005477905
61,B,momentum,kospi_return_1d,0.0039410279132425785
61,B,momentum,fx_level_z_252,0.005055616609752178
61,B,persist,kospi_return_1d,0.0014639662113040686
61,B,persist,fx_level_z_252,0.0003422006266191602
61,B,underwater,kospi_return_1d,0.005987450480461121
61,B,underwater,fx_level_z_252,-0.032695163041353226
61,alpha,,kospi_return_1d,0.006262298673391342
61,alpha,,fx_level_z_252,0.01938597857952118
62,beta,momentum,,-0.03079790435731411
62,beta,persist,,0.07225272804498672
62,beta,underwater,,0.04582254961133003
62,B,momentum,kospi_return_1d,0.003787743393331766
62,B,momentum,fx_level_z_252,0.004729675129055977
62,B,persist,kospi_return_1d,0.0016268757171928883
62,B,persist,fx_level_z_252,8.326218812726438e-05
62,B,underwater,kospi_return_1d,0.0058909528888762
62,B,underwater,fx_level_z_252,-0.03274457901716232
62,alpha,,kospi_return_1d,0.0063382708467543125
62,alpha,,fx_level_z_252,0.019206350669264793
63,beta,momentum,,-0.030672455206513405
63,beta,persist,,0.07285661995410919
63,beta,underwater,,0.04596918821334839
63,B,momentum,kospi_return_1d,0.0036582781467586756
63,B,momentum,fx_level_z_252,0.004512893967330456
63,B,persist,kospi_return_1d,0.0018589987885206938
63,B,persist,fx_level_z_252,-7.405968790408224e-05
63,B,underwater,kospi_return_1d,0.005791660398244858
63,B,underwater,fx_level_z_252,-0.03282633051276207
63,alpha,,kospi_return_1d,0.006502692122012377
63,alpha,,fx_level_z_252,0.019244903698563576
64,beta,momentum,,-0.030604267492890358
64,beta,persist,,0.07346586883068085
64,beta,underwater,,0.046100590378046036
64,B,momentum,kospi_return_1d,0.003466211026534438
64,B,momentum,fx_level_z_252,0.00440081674605608
64,B,persist,kospi_return_1d,0.0020749829709529877
64,B,persist,fx_level_z_252,-0.00028151553124189377
64,B,underwater,kospi_return_1d,0.005720112938433886
64,B,underwater,fx_level_z_252,-0.03290542960166931
64,alpha,,kospi_return_1d,0.006677074357867241
64,alpha,,fx_level_z_252,0.019338928163051605
65,beta,momentum,,-0.030435699969530106
65,beta,persist,,0.07401052862405777
65,beta,underwater,,0.04628024250268936
65,B,momentum,kospi_return_1d,0.0033565997146070004
65,B,momentum,fx_level_z_252,0.003943901043385267
65,B,persist,kospi_return_1d,0.00218732631765306
65,B,persist,fx_level_z_252,-0.0004099263169337064
65,B,underwater,kospi_return_1d,0.005613770801573992
65,B,underwater,fx_level_z_252,-0.0327397845685482
65,alpha,,kospi_return_1d,0.006902523338794708
65,alpha,,fx_level_z_252,0.019302712753415108
66,beta,momentum,,-0.030207129195332527
66,beta,persist,,0.0745415985584259
66,beta,underwater,,0.04637567698955536
66,B,momentum,kospi_return_1d,0.0034078098833560944
66,B,momentum,fx_level_z_252,0.0035058679059147835
66,B,persist,kospi_return_1d,0.0021721564698964357
66,B,persist,fx_level_z_252,-0.0004571135505102575
66,B,underwater,kospi_return_1d,0.005452034529298544
66,B,underwater,fx_level_z_252,-0.03259534761309624
66,alpha,,kospi_return_1d,0.007026398554444313
66,alpha,,fx_level_z_252,0.019078871235251427
67,beta,momentum,,-0.029895098879933357
67,beta,persist,,0.07500293850898743
67,beta,underwater,,0.04643498361110687
67,B,momentum,kospi_return_1d,0.003607740392908454
67,B,momentum,fx_level_z_252,0.0028866534121334553
67,B,persist,kospi_return_1d,0.0019284876761958003
67,B,persist,fx_level_z_252,-0.00022179781808517873
67,B,underwater,kospi_return_1d,0.00527943205088377
67,B,underwater,fx_level_z_252,-0.032288745045661926
67,alpha,,kospi_return_1d,0.0071625979617238045
67,alpha,,fx_level_z_252,0.019070053473114967
68,beta,momentum,,-0.02959904447197914
68,beta,persist,,0.07545747607946396
68,beta,underwater,,0.046539027243852615
68,B,momentum,kospi_return_1d,0.003814879572018981
68,B,momentum,fx_level_z_252,0.002300549764186144
68,B,persist,kospi_return_1d,0.0016078529879450798
68,B,persist,fx_level_z_252,2.7420617698226124e-05
68,B,underwater,kospi_return_1d,0.005026734434068203
68,B,underwater,fx_level_z_252,-0.03195131942629814
68,alpha,,kospi_return_1d,0.007398213259875774
68,alpha,,fx_level_z_252,0.01908772438764572
69,beta,momentum,,-0.029253901913762093
69,beta,persist,,0.07596690952777863
69,beta,underwater,,0.04655824229121208
69,B,momentum,kospi_return_1d,0.004134325310587883
69,B,momentum,fx_level_z_252,0.0018015340901911259
69,B,persist,kospi_return_1d,0.0010898259934037924
69,B,persist,fx_level_z_252,2.143059828085825e-05
69,B,underwater,kospi_return_1d,0.004679031670093536
69,B,underwater,fx_level_z_252,-0.03185220807790756
69,alpha,,kospi_return_1d,0.0075758411549031734
69,alpha,,fx_level_z_252,0.01914353482425213
70,beta,momentum,,-0.028891077265143394
70,beta,persist,,0.07642538845539093
70,beta,underwater,,0.04652991518378258
70,B,momentum,kospi_return_1d,0.004181728698313236
70,B,momentum,fx_level_z_252,0.0015004428569227457
70,B,persist,kospi_return_1d,0.0006848941557109356
70,B,persist,fx_level_z_252,-0.00013932121510151774
70,B,underwater,kospi_return_1d,0.004472564440220594
70,B,underwater,fx_level_z_252,-0.032002147287130356
70,alpha,,kospi_return_1d,0.007848700508475304
70,alpha,,fx_level_z_252,0.01918921433389187
71,beta,momentum,,-0.028524398803710938
71,beta,persist,,0.0769004300236702
71,beta,underwater,,0.04649708792567253
71,B,momentum,kospi_return_1d,0.004023965448141098
71,B,momentum,fx_level_z_252,0.0011975937522947788
71,B,persist,kospi_return_1d,0.00046888727229088545
71,B,persist,fx_level_z_252,-0.00030382079421542585
71,B,underwater,kospi_return_1d,0.004481608513742685
71,B,underwater,fx_level_z_252,-0.03222986310720444
71,alpha,,kospi_return_1d,0.008146318607032299
71,alpha,,fx_level_z_252,0.019209180027246475
72,beta,momentum,,-0.028123734518885612
72,beta,persist,,0.07732005417346954
72,beta,underwater,,0.0463753342628479
72,B,momentum,kospi_return_1d,0.003898622002452612
72,B,momentum,fx_level_z_252,0.0009018658893182874
72,B,persist,kospi_return_1d,0.00036060367710888386
72,B,persist,fx_level_z_252,-0.0003246772685088217
72,B,underwater,kospi_return_1d,0.0046081398613750935
72,B,underwater,fx_level_z_252,-0.03261629864573479
72,alpha,,kospi_return_1d,0.008531121537089348
72,alpha,,fx_level_z_252,0.019239170476794243
73,beta,momentum,,-0.027706241235136986
73,beta,persist,,0.07775737345218658
73,beta,underwater,,0.046256326138973236
73,B,momentum,kospi_return_1d,0.00369835551828146
73,B,momentum,fx_level_z_252,0.0006328485906124115
73,B,persist,kospi_return_1d,0.0002589334035292268
73,B,persist,fx_level_z_252,-0.0002366032567806542
73,B,underwater,kospi_return_1d,0.004793157801032066
73,B,underwater,fx_level_z_252,-0.033081140369176865
73,alpha,,kospi_return_1d,0.008867641910910606
73,alpha,,fx_level_z_252,0.019289566203951836
74,beta,momentum,,-0.02720988355576992
74,beta,persist,,0.07812003791332245
74,beta,underwater,,0.04599685221910477
74,B,momentum,kospi_return_1d,0.0035534370690584183
74,B,momentum,fx_level_z_252,0.00044146180152893066
74,B,persist,kospi_return_1d,0.0003162942302878946
74,B,persist,fx_level_z_252,-0.00013329574721865356
74,B,underwater,kospi_return_1d,0.00508417934179306
74,B,underwater,fx_level_z_252,-0.03367910906672478
74,alpha,,kospi_return_1d,0.00945652462542057
74,alpha,,fx_level_z_252,0.019274665042757988
75,beta,momentum,,-0.026775473728775978
75,beta,persist,,0.07844679802656174
75,beta,underwater,,0.04575146734714508
75,B,momentum,kospi_return_1d,0.0035866359248757362
75,B,momentum,fx_level_z_252,0.0003358335525263101
75,B,persist,kospi_return_1d,0.0002432573091937229
75,B,persist,fx_level_z_252,0.00013365650374908
75,B,underwater,kospi_return_1d,0.005342569202184677
75,B,underwater,fx_level_z_252,-0.03417481482028961
75,alpha,,kospi_return_1d,0.010072058066725731
75,alpha,,fx_level_z_252,0.019299903884530067
76,beta,momentum,,-0.026374248787760735
76,beta,persist,,0.0788000300526619
76,beta,underwater,,0.045596376061439514
76,B,momentum,kospi_return_1d,0.0035537390504032373
76,B,momentum,fx_level_z_252,0.00021033179655205458
76,B,persist,kospi_return_1d,0.0004775598063133657
76,B,persist,fx_level_z_252,0.0003785974986385554
76,B,underwater,kospi_return_1d,0.005637777503579855
76,B,underwater,fx_level_z_252,-0.034584999084472656
76,alpha,,kospi_return_1d,0.010539467446506023
76,alpha,,fx_level_z_252,0.019392112269997597
77,beta,momentum,,-0.02602611854672432
77,beta,persist,,0.07919207215309143
77,beta,underwater,,0.0455344095826149
77,B,momentum,kospi_return_1d,0.003467791946604848
77,B,momentum,fx_level_z_252,-8.105676533887163e-05
77,B,persist,kospi_return_1d,0.0006173413712531328
77,B,persist,fx_level_z_252,0.0006193063454702497
77,B,underwater,kospi_return_1d,0.005851624999195337
77,B,underwater,fx_level_z_252,-0.03471732512116432
77,alpha,,kospi_return_1d,0.010791564360260963
77,alpha,,fx_level_z_252,0.01941763237118721
78,beta,momentum,,-0.02570994198322296
78,beta,persist,,0.07958970963954926
78,beta,underwater,,0.04545900970697403
78,B,momentum,kospi_return_1d,0.0035140812397003174
78,B,momentum,fx_level_z_252,-0.00012532397522591054
78,B,persist,kospi_return_1d,0.0006697914795950055
78,B,persist,fx_level_z_252,0.0006543474155478179
78,B,underwater,kospi_return_1d,0.0060019162483513355
78,B,underwater,fx_level_z_252,-0.034746333956718445
78,alpha,,kospi_return_1d,0.010957255028188229
78,alpha,,fx_level_z_252,0.019373755902051926
79,beta,momentum,,-0.02545340172946453
79,beta,persist,,0.07996015250682831
79,beta,underwater,,0.04536955803632736
79,B,momentum,kospi_return_1d,0.00373533321544528
79,B,momentum,fx_level_z_252,8.492333290632814e-05
79,B,persist,kospi_return_1d,0.0006770456675440073
79,B,persist,fx_level_z_252,0.0005817142082378268
79,B,underwater,kospi_return_1d,0.006136761512607336
79,B,underwater,fx_level_z_252,-0.03491814434528351
79,alpha,,kospi_return_1d,0.011181590147316456
79,alpha,,fx_level_z_252,0.01937422715127468
80,beta,momentum,,-0.02524292841553688
80,beta,persist,,0.08034324645996094
80,beta,underwater,,0.045330941677093506
80,B,momentum,kospi_return_1d,0.0038868561387062073
80,B,momentum,fx_level_z_252,0.0002440787066007033
80,B,persist,kospi_return_1d,0.0005173486424610019
80,B,persist,fx_level_z_252,0.0004446425591595471
80,B,underwater,kospi_return_1d,0.006144468206912279
80,B,underwater,fx_level_z_252,-0.03495607152581215
80,alpha,,kospi_return_1d,0.011421212926506996
80,alpha,,fx_level_z_252,0.01946275308728218
81,beta,momentum,,-0.025130929425358772
81,beta,persist,,0.08078919351100922
81,beta,underwater,,0.045341018587350845
81,B,momentum,kospi_return_1d,0.00398201122879982
81,B,momentum,fx_level_z_252,0.0004985989653505385
81,B,persist,kospi_return_1d,0.0002458918606862426
81,B,persist,fx_level_z_252,0.0001271434302907437
81,B,underwater,kospi_return_1d,0.0061519634909927845
81,B,underwater,fx_level_z_252,-0.035002242773771286
81,alpha,,kospi_return_1d,0.011402865871787071
81,alpha,,fx_level_z_252,0.01946280524134636
82,beta,momentum,,-0.02505907602608204
82,beta,persist,,0.08120567351579666
82,beta,underwater,,0.045399781316518784
82,B,momentum,kospi_return_1d,0.004128290340304375
82,B,momentum,fx_level_z_252,0.0005837802891619503
82,B,persist,kospi_return_1d,3.233802999602631e-05
82,B,persist,fx_level_z_252,-0.00017091049812734127
82,B,underwater,kospi_return_1d,0.006083233281970024
82,B,underwater,fx_level_z_252,-0.034900929778814316
82,alpha,,kospi_return_1d,0.011464799754321575
82,alpha,,fx_level_z_252,0.01940629445016384
83,beta,momentum,,-0.02505124919116497
83,beta,persist,,0.08163916319608688
83,beta,underwater,,0.04549304023385048
83,B,momentum,kospi_return_1d,0.00418722303584218
83,B,momentum,fx_level_z_252,0.0006330990581773221
83,B,persist,kospi_return_1d,-8.036112558329478e-05
83,B,persist,fx_level_z_252,-0.00044827224337495863
83,B,underwater,kospi_return_1d,0.005999062675982714
83,B,underwater,fx_level_z_252,-0.03474961966276169
83,alpha,,kospi_return_1d,0.01152024045586586
83,alpha,,fx_level_z_252,0.019417300820350647
84,beta,momentum,,-0.025065826252102852
84,beta,persist,,0.08206810057163239
84,beta,underwater,,0.04560220614075661
84,B,momentum,kospi_return_1d,0.004293408244848251
84,B,momentum,fx_level_z_252,0.0006621456705033779
84,B,persist,kospi_return_1d,-6.566000229213387e-05
84,B,persist,fx_level_z_252,-0.0007047542603686452
84,B,underwater,kospi_return_1d,0.0059274472296237946
84,B,underwater,fx_level_z_252,-0.034629229456186295
84,alpha,,kospi_return_1d,0.01161045953631401
84,alpha,,fx_level_z_252,0.019452853128314018
85,beta,momentum,,-0.02513880282640457
85,beta,persist,,0.08259336650371552
85,beta,underwater,,0.045743923634290695
85,B,momentum,kospi_return_1d,0.004431142471730709
85,B,momentum,fx_level_z_252,0.0005448338342830539
85,B,persist,kospi_return_1d,-2.0969782781321555e-05
85,B,persist,fx_level_z_252,-0.0007776870625093579
85,B,underwater,kospi_return_1d,0.005782204680144787
85,B,underwater,fx_level_z_252,-0.03432231768965721
85,alpha,,kospi_return_1d,0.011579801328480244
85,alpha,,fx_level_z_252,0.01948392763733864
86,beta,momentum,,-0.025153370574116707
86,beta,persist,,0.08315201103687286
86,beta,underwater,,0.04591888561844826
86,B,momentum,kospi_return_1d,0.004583497066050768
86,B,momentum,fx_level_z_252,0.00038620748091489077
86,B,persist,kospi_return_1d,0.00024550099624320865
86,B,persist,fx_level_z_252,-0.0007566357962787151
86,B,underwater,kospi_return_1d,0.005528844427317381
86,B,underwater,fx_level_z_252,-0.034013185650110245
86,alpha,,kospi_return_1d,0.011616772972047329
86,alpha,,fx_level_z_252,0.019443001598119736
87,beta,momentum,,-0.025178536772727966
87,beta,persist,,0.08368892222642899
87,beta,underwater,,0.04616343602538109
87,B,momentum,kospi_return_1d,0.004769444465637207
87,B,momentum,fx_level_z_252,0.0002688019594643265
87,B,persist,kospi_return_1d,0.00048243842320516706
87,B,persist,fx_level_z_252,-0.0007048649131320417
87,B,underwater,kospi_return_1d,0.005123105365782976
87,B,underwater,fx_level_z_252,-0.03386678174138069
87,alpha,,kospi_return_1d,0.011539768427610397
87,alpha,,fx_level_z_252,0.019573641940951347
88,beta,momentum,,-0.025236045941710472
88,beta,persist,,0.08425240963697433
88,beta,underwater,,0.04640113562345505
88,B,momentum,kospi_return_1d,0.004797070287168026
88,B,momentum,fx_level_z_252,0.00022172415629029274
88,B,persist,kospi_return_1d,0.0006949419621378183
88,B,persist,fx_level_z_252,-0.0007444394286721945
88,B,underwater,kospi_return_1d,0.004891111981123686
88,B,underwater,fx_level_z_252,-0.03380376100540161
88,alpha,,kospi_return_1d,0.011512287892401218
88,alpha,,fx_level_z_252,0.01974531076848507
89,beta,momentum,,-0.025180960074067116
89,beta,persist,,0.08479931205511093
89,beta,underwater,,0.04657404124736786
89,B,momentum,kospi_return_1d,0.0050111934542655945
89,B,momentum,fx_level_z_252,3.417043626541272e-05
89,B,persist,kospi_return_1d,0.0006427239859476686
89,B,persist,fx_level_z_252,-0.0006637494079768658
89,B,underwater,kospi_return_1d,0.0045281811617314816
89,B,underwater,fx_level_z_252,-0.03376289829611778
89,alpha,,kospi_return_1d,0.011610654182732105
89,alpha,,fx_level_z_252,0.019768651574850082
90,beta,momentum,,-0.02503027580678463
90,beta,persist,,0.08525346219539642
90,beta,underwater,,0.046622805297374725
90,B,momentum,kospi_return_1d,0.0050856382586061954
90,B,momentum,fx_level_z_252,-9.073180262930691e-05
90,B,persist,kospi_return_1d,0.000558716244995594
90,B,persist,fx_level_z_252,-0.00039984966861084104
90,B,underwater,kospi_return_1d,0.004335349891334772
90,B,underwater,fx_level_z_252,-0.03382383659482002
90,alpha,,kospi_return_1d,0.0118290139362216
90,alpha,,fx_level_z_252,0.019833287224173546
91,beta,momentum,,-0.024898532778024673
91,beta,persist,,0.08566431701183319
91,beta,underwater,,0.04659270495176315
91,B,momentum,kospi_return_1d,0.00495315995067358
91,B,momentum,fx_level_z_252,0.0001709889038465917
91,B,persist,kospi_return_1d,0.0005978563567623496
91,B,persist,fx_level_z_252,-0.00023959326790645719
91,B,underwater,kospi_return_1d,0.004405137617141008
91,B,underwater,fx_level_z_252,-0.03414387255907059
91,alpha,,kospi_return_1d,0.012118607759475708
91,alpha,,fx_level_z_252,0.019917262718081474
92,beta,momentum,,-0.024611221626400948
92,beta,persist,,0.08606079965829849
92,beta,underwater,,0.046443238854408264
92,B,momentum,kospi_return_1d,0.00492552574723959
92,B,momentum,fx_level_z_252,0.0005590763175860047
92,B,persist,kospi_return_1d,0.0007601251127198339
92,B,persist,fx_level_z_252,-1.5528494259342551e-06
92,B,underwater,kospi_return_1d,0.004608555696904659
92,B,underwater,fx_level_z_252,-0.034750327467918396
92,alpha,,kospi_return_1d,0.012318689376115799
92,alpha,,fx_level_z_252,0.020028164610266685
93,beta,momentum,,-0.024413742125034332
93,beta,persist,,0.0864846482872963
93,beta,underwater,,0.04633740708231926
93,B,momentum,kospi_return_1d,0.0047989715822041035
93,B,momentum,fx_level_z_252,0.0008046501316130161
93,B,persist,kospi_return_1d,0.000834032369311899
93,B,persist,fx_level_z_252,0.0002981936850119382
93,B,underwater,kospi_return_1d,0.004894373007118702
93,B,underwater,fx_level_z_252,-0.03525557741522789
93,alpha,,kospi_return_1d,0.012363995425403118
93,alpha,,fx_level_z_252,0.02008049748837948
94,beta,momentum,,-0.024246569722890854
94,beta,persist,,0.08688212186098099
94,beta,underwater,,0.046179644763469696
94,B,momentum,kospi_return_1d,0.004640259314328432
94,B,momentum,fx_level_z_252,0.0011181440204381943
94,B,persist,kospi_return_1d,0.000902827363461256
94,B,persist,fx_level_z_252,0.00031185586703941226
94,B,underwater,kospi_return_1d,0.005127527751028538
94,B,underwater,fx_level_z_252,-0.03581667318940163
94,alpha,,kospi_return_1d,0.012417171150445938
94,alpha,,fx_level_z_252,0.02010437101125717
95,beta,momentum,,-0.024149885401129723
95,beta,persist,,0.08722665905952454
95,beta,underwater,,0.046063683927059174
95,B,momentum,kospi_return_1d,0.004423069301992655
95,B,momentum,fx_level_z_252,0.0013246253365650773
95,B,persist,kospi_return_1d,0.001067357836291194
95,B,persist,fx_level_z_252,0.00015812701894901693
95,B,underwater,kospi_return_1d,0.005359237547963858
95,B,underwater,fx_level_z_252,-0.03626241907477379
95,alpha,,kospi_return_1d,0.012520721182227135
95,alpha,,fx_level_z_252,0.019963199272751808
96,beta,momentum,,-0.024070052430033684
96,beta,persist,,0.08754978328943253
96,beta,underwater,,0.04601895436644554
96,B,momentum,kospi_return_1d,0.004177391529083252
96,B,momentum,fx_level_z_252,0.0014162875013425946
96,B,persist,kospi_return_1d,0.0011802846565842628
96,B,persist,fx_level_z_252,4.336244455771521e-05
96,B,underwater,kospi_return_1d,0.005366933066397905
96,B,underwater,fx_level_z_252,-0.036655642092227936
96,alpha,,kospi_return_1d,0.012635564431548119
96,alpha,,fx_level_z_252,0.019973112270236015
97,beta,momentum,,-0.023992914706468582
97,beta,persist,,0.08783771842718124
97,beta,underwater,,0.04594670608639717
97,B,momentum,kospi_return_1d,0.003965375944972038
97,B,momentum,fx_level_z_252,0.0013989991275593638
97,B,persist,kospi_return_1d,0.0012002951698377728
97,B,persist,fx_level_z_252,9.491632226854563e-06
97,B,underwater,kospi_return_1d,0.005381037946790457
97,B,underwater,fx_level_z_252,-0.036997441202402115
97,alpha,,kospi_return_1d,0.012724075466394424
97,alpha,,fx_level_z_252,0.019928285852074623
98,beta,momentum,,-0.023949138820171356
98,beta,persist,,0.08814520388841629
98,beta,underwater,,0.045961108058691025
98,B,momentum,kospi_return_1d,0.0038778921589255333
98,B,momentum,fx_level_z_252,0.0014615075197070837
98,B,persist,kospi_return_1d,0.0012986320070922375
98,B,persist,fx_level_z_252,-8.493717177771032e-05
98,B,underwater,kospi_return_1d,0.005503860767930746
98,B,underwater,fx_level_z_252,-0.037244606763124466
98,alpha,,kospi_return_1d,0.012778006494045258
98,alpha,,fx_level_z_252,0.019899332895874977
99,beta,momentum,,-0.02396397851407528
99,beta,persist,,0.0884539783000946
99,beta,underwater,,0.04599811136722565
99,B,momentum,kospi_return_1d,0.003720283741131425
99,B,momentum,fx_level_z_252,0.0015873226802796125
99,B,persist,kospi_return_1d,0.00144335743971169
99,B,persist,fx_level_z_252,-8.995583630166948e-05
99,B,underwater,kospi_return_1d,0.005616828799247742
99,B,underwater,fx_level_z_252,-0.03750692680478096
99,alpha,,kospi_return_1d,0.012701919302344322
99,alpha,,fx_level_z_252,0.019913867115974426
100,beta,momentum,,-0.024019446223974228
100,beta,persist,,0.08874629437923431
100,beta,underwater,,0.046111539006233215
100,B,momentum,kospi_return_1d,0.003604653524234891
100,B,momentum,fx_level_z_252,0.001656645443290472
100,B,persist,kospi_return_1d,0.0015489840880036354
100,B,persist,fx_level_z_252,-1.5082507161423564e-05
100,B,underwater,kospi_return_1d,0.00552172027528286
100,B,underwater,fx_level_z_252,-0.03763129189610481
100,alpha,,kospi_return_1d,0.012572714127600193
100,alpha,,fx_level_z_252,0.019913071766495705
101,beta,momentum,,-0.024025537073612213
101,beta,persist,,0.08900190144777298
101,beta,underwater,,0.0462445504963398
101,B,momentum,kospi_return_1d,0.0036114028189331293
101,B,momentum,fx_level_z_252,0.0015362921403720975
101,B,persist,kospi_return_1d,0.0015251830918714404
101,B,persist,fx_level_z_252,0.0002743491204455495
101,B,underwater,kospi_return_1d,0.005150181706994772
101,B,underwater,fx_level_z_252,-0.03761623054742813
101,alpha,,kospi_return_1d,0.01260579563677311
101,alpha,,fx_level_z_252,0.019916899502277374
102,beta,momentum,,-0.02405448816716671
102,beta,persist,,0.08925104886293411
102,beta,underwater,,0.04640364646911621
102,B,momentum,kospi_return_1d,0.0035898303613066673
102,B,momentum,fx_level_z_252,0.0014112219214439392
102,B,persist,kospi_return_1d,0.0014347787946462631
102,B,persist,fx_level_z_252,0.00033841386903077364
102,B,underwater,kospi_return_1d,0.0047365110367536545
102,B,underwater,fx_level_z_252,-0.037474311888217926
102,alpha,,kospi_return_1d,0.012597448192536831
102,alpha,,fx_level_z_252,0.01982271485030651
103,beta,momentum,,-0.024119963869452477
103,beta,persist,,0.0894683226943016
103,beta,underwater,,0.04653758928179741
103,B,momentum,kospi_return_1d,0.003485044464468956
103,B,momentum,fx_level_z_252,0.0012159144971519709
103,B,persist,kospi_return_1d,0.0013692856300622225
103,B,persist,fx_level_z_252,0.00031126124667935073
103,B,underwater,kospi_return_1d,0.00440802238881588
103,B,underwater,fx_level_z_252,-0.037342559546232224
103,alpha,,kospi_return_1d,0.012644176371395588
103,alpha,,fx_level_z_252,0.01970621570944786
104,beta,momentum,,-0.02408723719418049
104,beta,persist,,0.08967109769582748
104,beta,underwater,,0.04664317145943642
104,B,momentum,kospi_return_1d,0.0033453444484621286
104,B,momentum,fx_level_z_252,0.000747679325286299
104,B,persist,kospi_return_1d,0.0012700088554993272
104,B,persist,fx_level_z_252,0.00046652398305013776
104,B,underwater,kospi_return_1d,0.004015264566987753
104,B,underwater,fx_level_z_252,-0.036988433450460434
104,alpha,,kospi_return_1d,0.012722996063530445
104,alpha,,fx_level_z_252,0.019402971491217613
105,beta,momentum,,-0.024079186841845512
105,beta,persist,,0.08988695591688156
105,beta,underwater,,0.046785179525613785
105,B,momentum,kospi_return_1d,0.003273341804742813
105,B,momentum,fx_level_z_252,0.0001658492546994239
105,B,persist,kospi_return_1d,0.0010637876112014055
105,B,persist,fx_level_z_252,0.0005573183880187571
105,B,underwater,kospi_return_1d,0.003608951810747385
105,B,underwater,fx_level_z_252,-0.036549851298332214
105,alpha,,kospi_return_1d,0.012725451961159706
105,alpha,,fx_level_z_252,0.019248172640800476
106,beta,momentum,,-0.0239604189991951
106,beta,persist,,0.09014581888914108
106,beta,underwater,,0.046858739107847214
106,B,momentum,kospi_return_1d,0.0031192938331514597
106,B,momentum,fx_level_z_252,-0.00028713466599583626
106,B,persist,kospi_return_1d,0.0008376900223083794
106,B,persist,fx_level_z_252,0.0004153496993239969
106,B,underwater,kospi_return_1d,0.003392011858522892
106,B,underwater,fx_level_z_252,-0.03623984754085541
106,alpha,,kospi_return_1d,0.012664257548749447
106,alpha,,fx_level_z_252,0.019073141738772392
107,beta,momentum,,-0.023767221719026566
107,beta,persist,,0.09038425236940384
107,beta,underwater,,0.04693818464875221
107,B,momentum,kospi_return_1d,0.003236705670133233
107,B,momentum,fx_level_z_252,-0.0005440641543827951
107,B,persist,kospi_return_1d,0.0007323674508370459
107,B,persist,fx_level_z_252,0.0002754642628133297
107,B,underwater,kospi_return_1d,0.0032356991432607174
107,B,underwater,fx_level_z_252,-0.03598468005657196
107,alpha,,kospi_return_1d,0.012743288651108742
107,alpha,,fx_level_z_252,0.01886618696153164
108,beta,momentum,,-0.023456772789359093
108,beta,persist,,0.09056483209133148
108,beta,underwater,,0.046892158687114716
108,B,momentum,kospi_return_1d,0.0034330077469348907
108,B,momentum,fx_level_z_252,-0.0006289614248089492
108,B,persist,kospi_return_1d,0.0006674567121081054
108,B,persist,fx_level_z_252,0.00011785923561546952
108,B,underwater,kospi_return_1d,0.0031553267035633326
108,B,underwater,fx_level_z_252,-0.03588707000017166
108,alpha,,kospi_return_1d,0.012952464632689953
108,alpha,,fx_level_z_252,0.018513273447752
109,beta,momentum,,-0.023190729320049286
109,beta,persist,,0.09074436128139496
109,beta,underwater,,0.0469621941447258
109,B,momentum,kospi_return_1d,0.003492399351671338
109,B,momentum,fx_level_z_252,-0.000683079706504941
109,B,persist,kospi_return_1d,0.0007141222013160586
109,B,persist,fx_level_z_252,-2.534591476432979e-05
109,B,underwater,kospi_return_1d,0.003157914848998189
109,B,underwater,fx_level_z_252,-0.03571556136012077
109,alpha,,kospi_return_1d,0.013020000420510769
109,alpha,,fx_level_z_252,0.018228214234113693
110,beta,momentum,,-0.022861694917082787
110,beta,persist,,0.09092245995998383
110,beta,underwater,,0.047008153051137924
110,B,momentum,kospi_return_1d,0.003579392796382308
110,B,momentum,fx_level_z_252,-0.0006718422519043088
110,B,persist,kospi_return_1d,0.0006969550158828497
110,B,persist,fx_level_z_252,-3.0033110306249e-05
110,B,underwater,kospi_return_1d,0.0030537634156644344
110,B,underwater,fx_level_z_252,-0.03548072278499603
110,alpha,,kospi_return_1d,0.013209646567702293
110,alpha,,fx_level_z_252,0.018005596473813057
111,beta,momentum,,-0.022530684247612953
111,beta,persist,,0.09107454866170883
111,beta,underwater,,0.04692084714770317
111,B,momentum,kospi_return_1d,0.0035669482313096523
111,B,momentum,fx_level_z_252,-0.0005314688314683735
111,B,persist,kospi_return_1d,0.000707237224560231
111,B,persist,fx_level_z_252,-9.219518688041717e-06
111,B,underwater,kospi_return_1d,0.003063312964513898
111,B,underwater,fx_level_z_252,-0.0352637805044651
111,alpha,,kospi_return_1d,0.013538362458348274
111,alpha,,fx_level_z_252,0.017721641808748245
112,beta,momentum,,-0.022219493985176086
112,beta,persist,,0.09119875729084015
112,beta,underwater,,0.04683111235499382
112,B,momentum,kospi_return_1d,0.0034022806212306023
112,B,momentum,fx_level_z_252,-0.00034522899659350514
112,B,persist,kospi_return_1d,0.0008709216490387917
112,B,persist,fx_level_z_252,-3.672511229524389e-05
112,B,underwater,kospi_return_1d,0.003266282379627228
112,B,underwater,fx_level_z_252,-0.03514659032225609
112,alpha,,kospi_return_1d,0.013842746615409851
112,alpha,,fx_level_z_252,0.017553716897964478
113,beta,momentum,,-0.021896537393331528
113,beta,persist,,0.09134016931056976
113,beta,underwater,,0.04674113541841507
113,B,momentum,kospi_return_1d,0.0032240557484328747
113,B,momentum,fx_level_z_252,-5.097225948702544e-05
113,B,persist,kospi_return_1d,0.0010702372528612614
113,B,persist,fx_level_z_252,6.697633943986148e-05
113,B,underwater,kospi_return_1d,0.0034183927346020937
113,B,underwater,fx_level_z_252,-0.03495306894183159
113,alpha,,kospi_return_1d,0.01411216426640749
113,alpha,,fx_level_z_252,0.017468145117163658
114,beta,momentum,,-0.02153604105114937
114,beta,persist,,0.09147075563669205
114,beta,underwater,,0.04662136361002922
114,B,momentum,kospi_return_1d,0.0029273508116602898
114,B,momentum,fx_level_z_252,0.0002979565178975463
114,B,persist,kospi_return_1d,0.0013141324743628502
114,B,persist,fx_level_z_252,0.0002154119429178536
114,B,underwater,kospi_return_1d,0.0036170880775898695
114,B,underwater,fx_level_z_252,-0.03481374680995941
114,alpha,,kospi_return_1d,0.014345971867442131
114,alpha,,fx_level_z_252,0.017337799072265625
115,beta,momentum,,-0.021291768178343773
115,beta,persist,,0.09162575006484985
115,beta,underwater,,0.04658859223127365
115,B,momentum,kospi_return_1d,0.0027518607676029205
115,B,momentum,fx_level_z_252,0.00065495545277372
115,B,persist,kospi_return_1d,0.0015637079486623406
115,B,persist,fx_level_z_252,0.00010586786083877087
115,B,underwater,kospi_return_1d,0.003703353926539421
115,B,underwater,fx_level_z_252,-0.03463440760970116
115,alpha,,kospi_return_1d,0.01445859670639038
115,alpha,,fx_level_z_252,0.01726912148296833
116,beta,momentum,,-0.021045079454779625
116,beta,persist,,0.09177180379629135
116,beta,underwater,,0.04655734449625015
116,B,momentum,kospi_return_1d,0.0026141435373574495
116,B,momentum,fx_level_z_252,0.0009642802178859711
116,B,persist,kospi_return_1d,0.001849596155807376
116,B,persist,fx_level_z_252,-0.00017804114031605422
116,B,underwater,kospi_return_1d,0.00369472848251462
116,B,underwater,fx_level_z_252,-0.03461390733718872
116,alpha,,kospi_return_1d,0.014737604185938835
116,alpha,,fx_level_z_252,0.017260603606700897
117,beta,momentum,,-0.02082546055316925
117,beta,persist,,0.09186259657144547
117,beta,underwater,,0.04653550311923027
117,B,momentum,kospi_return_1d,0.002512180246412754
117,B,momentum,fx_level_z_252,0.0010998679790645838
117,B,persist,kospi_return_1d,0.001885710866190493
117,B,persist,fx_level_z_252,-0.00013155552733223885
117,B,underwater,kospi_return_1d,0.0036053862422704697
117,B,underwater,fx_level_z_252,-0.0344383679330349
117,alpha,,kospi_return_1d,0.015007377602159977
117,alpha,,fx_level_z_252,0.017456429079174995
118,beta,momentum,,-0.020618055015802383
118,beta,persist,,0.09188826382160187
118,beta,underwater,,0.04656197503209114
118,B,momentum,kospi_return_1d,0.002550259931012988
118,B,momentum,fx_level_z_252,0.001051630126312375
118,B,persist,kospi_return_1d,0.0018242521909996867
118,B,persist,fx_level_z_252,-7.963141979416832e-05
118,B,underwater,kospi_return_1d,0.0036135504487901926
118,B,underwater,fx_level_z_252,-0.03421497344970703
118,alpha,,kospi_return_1d,0.015234559774398804
118,alpha,,fx_level_z_252,0.017639288678765297
119,beta,momentum,,-0.020494019612669945
119,beta,persist,,0.09190613031387329
119,beta,underwater,,0.046648699790239334
119,B,momentum,kospi_return_1d,0.0026433791499584913
119,B,momentum,fx_level_z_252,0.0010947796981781721
119,B,persist,kospi_return_1d,0.001787605695426464
119,B,persist,fx_level_z_252,-0.0001274979003937915
119,B,underwater,kospi_return_1d,0.003602745244279504
119,B,underwater,fx_level_z_252,-0.03404443711042404
119,alpha,,kospi_return_1d,0.015516353771090508
119,alpha,,fx_level_z_252,0.017734235152602196
120,beta,momentum,,-0.02043413557112217
120,beta,persist,,0.09192998707294464
120,beta,underwater,,0.046773117035627365
120,B,momentum,kospi_return_1d,0.002948722103610635
120,B,momentum,fx_level_z_252,0.0009717113571241498
120,B,persist,kospi_return_1d,0.0015883900923654437
120,B,persist,fx_level_z_252,-6.727730942657217e-05
120,B,underwater,kospi_return_1d,0.003288115607574582
120,B,underwater,fx_level_z_252,-0.033698245882987976
120,alpha,,kospi_return_1d,0.01567143201828003
120,alpha,,fx_level_z_252,0.01773078180849552
121,beta,momentum,,-0.020445140078663826
121,beta,persist,,0.0919572114944458
121,beta,underwater,,0.046903062611818314
121,B,momentum,kospi_return_1d,0.0032505691051483154
121,B,momentum,fx_level_z_252,0.0005149284261278808
121,B,persist,kospi_return_1d,0.0013762409798800945
121,B,persist,fx_level_z_252,0.00013934180606156588
121,B,underwater,kospi_return_1d,0.00293164630420506
121,B,underwater,fx_level_z_252,-0.033149007707834244
121,alpha,,kospi_return_1d,0.015920713543891907
121,alpha,,fx_level_z_252,0.017584949731826782
122,beta,momentum,,-0.020592214539647102
122,beta,persist,,0.09199798107147217
122,beta,underwater,,0.047031525522470474
122,B,momentum,kospi_return_1d,0.0035773233976215124
122,B,momentum,fx_level_z_252,0.0002133526431862265
122,B,persist,kospi_return_1d,0.0010703945299610496
122,B,persist,fx_level_z_252,0.0002565149625297636
122,B,underwater,kospi_return_1d,0.002617904916405678
122,B,underwater,fx_level_z_252,-0.0326741524040699
122,alpha,,kospi_return_1d,0.01611526496708393
122,alpha,,fx_level_z_252,0.01744268462061882
123,beta,momentum,,-0.020634453743696213
123,beta,persist,,0.09206675738096237
123,beta,underwater,,0.047137562185525894
123,B,momentum,kospi_return_1d,0.0039033889770507812
123,B,momentum,fx_level_z_252,-2.0483035768847913e-05
123,B,persist,kospi_return_1d,0.0007776791462674737
123,B,persist,fx_level_z_252,0.00033540642471052706
123,B,underwater,kospi_return_1d,0.002407777588814497
123,B,underwater,fx_level_z_252,-0.03232154995203018
123,alpha,,kospi_return_1d,0.01631191559135914
123,alpha,,fx_level_z_252,0.017482560127973557
124,beta,momentum,,-0.020699087530374527
124,beta,persist,,0.09207013994455338
124,beta,underwater,,0.04713942110538483
124,B,momentum,kospi_return_1d,0.003968230914324522
124,B,momentum,fx_level_z_252,-3.2250583899440244e-05
124,B,persist,kospi_return_1d,0.000712455774191767
124,B,persist,fx_level_z_252,0.0003193318552803248
124,B,underwater,kospi_return_1d,0.0023912168107926846
124,B,underwater,fx_level_z_252,-0.032261963933706284
124,alpha,,kospi_return_1d,0.016660863533616066
124,alpha,,fx_level_z_252,0.01739322394132614
125,beta,momentum,,-0.020722370594739914
125,beta,persist,,0.09201322495937347
125,beta,underwater,,0.04707876965403557
125,B,momentum,kospi_return_1d,0.004001101478934288
125,B,momentum,fx_level_z_252,0.0001875994639704004
125,B,persist,kospi_return_1d,0.0007477732724510133
125,B,persist,fx_level_z_252,0.00020370096899569035
125,B,underwater,kospi_return_1d,0.002483281772583723
125,B,underwater,fx_level_z_252,-0.032391857355833054
125,alpha,,kospi_return_1d,0.017084376886487007
125,alpha,,fx_level_z_252,0.017330100759863853
126,beta,momentum,,-0.020779840648174286
126,beta,persist,,0.09198181331157684
126,beta,underwater,,0.046982426196336746
126,B,momentum,kospi_return_1d,0.003919430077075958
126,B,momentum,fx_level_z_252,0.00045749187120236456
126,B,persist,kospi_return_1d,0.0006780438125133514
126,B,persist,fx_level_z_252,-0.00010002669296227396
126,B,underwater,kospi_return_1d,0.0026142762508243322
126,B,underwater,fx_level_z_252,-0.0325806587934494
126,alpha,,kospi_return_1d,0.017371805384755135
126,alpha,,fx_level_z_252,0.017235204577445984
127,beta,momentum,,-0.020755097270011902
127,beta,persist,,0.09195047616958618
127,beta,underwater,,0.04683665558695793
127,B,momentum,kospi_return_1d,0.0038551040925085545
127,B,momentum,fx_level_z_252,0.0007665027515031397
127,B,persist,kospi_return_1d,0.0005580800352618098
127,B,persist,fx_level_z_252,-0.0002501925628166646
127,B,underwater,kospi_return_1d,0.002700109500437975
127,B,underwater,fx_level_z_252,-0.03275195136666298
127,alpha,,kospi_return_1d,0.017569195479154587
127,alpha,,fx_level_z_252,0.017160678282380104
128,beta,momentum,,-0.020732896402478218
128,beta,persist,,0.0919170156121254
128,beta,underwater,,0.04666731879115105
128,B,momentum,kospi_return_1d,0.0037945082876831293
128,B,momentum,fx_level_z_252,0.0010830243118107319
128,B,persist,kospi_return_1d,0.0004906565300188959
128,B,persist,fx_level_z_252,-0.00022074536536820233
128,B,underwater,kospi_return_1d,0.002824971219524741
128,B,underwater,fx_level_z_252,-0.03295715153217316
128,alpha,,kospi_return_1d,0.01783425733447075
128,alpha,,fx_level_z_252,0.01702030934393406
129,beta,momentum,,-0.020842500030994415
129,beta,persist,,0.09190741926431656
129,beta,underwater,,0.04658401757478714
129,B,momentum,kospi_return_1d,0.0037449891678988934
129,B,momentum,fx_level_z_252,0.0014174948446452618
129,B,persist,kospi_return_1d,0.0004244964802637696
129,B,persist,fx_level_z_252,-0.00014637413551099598
129,B,underwater,kospi_return_1d,0.002801012946292758
129,B,underwater,fx_level_z_252,-0.03308926150202751
129,alpha,,kospi_return_1d,0.018018163740634918
129,alpha,,fx_level_z_252,0.016910579055547714
130,beta,momentum,,-0.021042898297309875
130,beta,persist,,0.0919291153550148
130,beta,underwater,,0.046530138701200485
130,B,momentum,kospi_return_1d,0.0038146048318594694
130,B,momentum,fx_level_z_252,0.0017011079471558332
130,B,persist,kospi_return_1d,0.00019975991745013744
130,B,persist,fx_level_z_252,-2.6685042030294426e-05
130,B,underwater,kospi_return_1d,0.0025955731980502605
130,B,underwater,fx_level_z_252,-0.03318139165639877
130,alpha,,kospi_return_1d,0.018090056255459785
130,alpha,,fx_level_z_252,0.016795000061392784
131,beta,momentum,,-0.02123986929655075
131,beta,persist,,0.09203847497701645
131,beta,underwater,,0.04653237387537956
131,B,momentum,kospi_return_1d,0.0037543110083788633
131,B,momentum,fx_level_z_252,0.0020027661230415106
131,B,persist,kospi_return_1d,3.796705277636647e-05
131,B,persist,fx_level_z_252,9.171322744805366e-06
131,B,underwater,kospi_return_1d,0.0023957891389727592
131,B,underwater,fx_level_z_252,-0.03346918150782585
131,alpha,,kospi_return_1d,0.017857298254966736
131,alpha,,fx_level_z_252,0.016728423535823822
132,beta,momentum,,-0.021487638354301453
132,beta,persist,,0.09214065968990326
132,beta,underwater,,0.046578116714954376
132,B,momentum,kospi_return_1d,0.0036885158624500036
132,B,momentum,fx_level_z_252,0.0020727987866848707
132,B,persist,kospi_return_1d,-6.334151839837432e-05
132,B,persist,fx_level_z_252,2.437196053506341e-05
132,B,underwater,kospi_return_1d,0.0021540052257478237
132,B,underwater,fx_level_z_252,-0.033578287810087204
132,alpha,,kospi_return_1d,0.01766945607960224
132,alpha,,fx_level_z_252,0.01670045033097267
133,beta,momentum,,-0.02183418720960617
133,beta,persist,,0.09230473637580872
133,beta,underwater,,0.04664051532745361
133,B,momentum,kospi_return_1d,0.003549946006387472
133,B,momentum,fx_level_z_252,0.00203737523406744
133,B,persist,kospi_return_1d,-4.429656473803334e-05
133,B,persist,fx_level_z_252,4.3591426219791174e-05
133,B,underwater,kospi_return_1d,0.0020412893500179052
133,B,underwater,fx_level_z_252,-0.0336185097694397
133,alpha,,kospi_return_1d,0.017434870824217796
133,alpha,,fx_level_z_252,0.01674109697341919
134,beta,momentum,,-0.022019485011696815
134,beta,persist,,0.09236196428537369
134,beta,underwater,,0.04662765935063362
134,B,momentum,kospi_return_1d,0.0034061321057379246
134,B,momentum,fx_level_z_252,0.0019425578648224473
134,B,persist,kospi_return_1d,0.00013590326125267893
134,B,persist,fx_level_z_252,0.00013692441279999912
134,B,underwater,kospi_return_1d,0.0020231057424098253
134,B,underwater,fx_level_z_252,-0.03366963937878609
134,alpha,,kospi_return_1d,0.01735425554215908
134,alpha,,fx_level_z_252,0.0168143343180418
135,beta,momentum,,-0.022010408341884613
135,beta,persist,,0.0923793762922287
135,beta,underwater,,0.04653395712375641
135,B,momentum,kospi_return_1d,0.0030709621496498585
135,B,momentum,fx_level_z_252,0.0018416312523186207
135,B,persist,kospi_return_1d,0.000408114749006927
135,B,persist,fx_level_z_252,0.00020084608695469797
135,B,underwater,kospi_return_1d,0.002184932352975011
135,B,underwater,fx_level_z_252,-0.03381263464689255
135,alpha,,kospi_return_1d,0.017229203134775162
135,alpha,,fx_level_z_252,0.016803395003080368
136,beta,momentum,,-0.021956464275717735
136,beta,persist,,0.09247168898582458
136,beta,underwater,,0.046468161046504974
136,B,momentum,kospi_return_1d,0.002953415969386697
136,B,momentum,fx_level_z_252,0.0017769188852980733
136,B,persist,kospi_return_1d,0.000517218722961843
136,B,persist,fx_level_z_252,0.00012134211283409968
136,B,underwater,kospi_return_1d,0.002329846378415823
136,B,underwater,fx_level_z_252,-0.03396889939904213
136,alpha,,kospi_return_1d,0.01709366776049137
136,alpha,,fx_level_z_252,0.01695992238819599
137,beta,momentum,,-0.02195107191801071
137,beta,persist,,0.09256547689437866
137,beta,underwater,,0.04644105210900307
137,B,momentum,kospi_return_1d,0.0029341636691242456
137,B,momentum,fx_level_z_252,0.0016553569585084915
137,B,persist,kospi_return_1d,0.0005791648873127997
137,B,persist,fx_level_z_252,8.243328193202615e-05
137,B,underwater,kospi_return_1d,0.0024642106145620346
137,B,underwater,fx_level_z_252,-0.03401917591691017
137,alpha,,kospi_return_1d,0.017035072669386864
137,alpha,,fx_level_z_252,0.017044339329004288
138,beta,momentum,,-0.021982746198773384
138,beta,persist,,0.09272272884845734
138,beta,underwater,,0.04638952016830444
138,B,momentum,kospi_return_1d,0.002742858836427331
138,B,momentum,fx_level_z_252,0.0015404254663735628
138,B,persist,kospi_return_1d,0.0005954606458544731
138,B,persist,fx_level_z_252,5.598747520707548e-06
138,B,underwater,kospi_return_1d,0.002659501973539591
138,B,underwater,fx_level_z_252,-0.03408396616578102
138,alpha,,kospi_return_1d,0.016908977180719376
138,alpha,,fx_level_z_252,0.016986796632409096
139,beta,momentum,,-0.021961458027362823
139,beta,persist,,0.09288730472326279
139,beta,underwater,,0.04634038358926773
139,B,momentum,kospi_return_1d,0.00266280397772789
139,B,momentum,fx_level_z_252,0.0014838215429335833
139,B,persist,kospi_return_1d,0.0005895867943763733
139,B,persist,fx_level_z_252,-0.0002483542775735259
139,B,underwater,kospi_return_1d,0.0028898066375404596
139,B,underwater,fx_level_z_252,-0.03411075472831726
139,alpha,,kospi_return_1d,0.01670481078326702
139,alpha,,fx_level_z_252,0.016695091500878334
140,beta,momentum,,-0.02194528467953205
140,beta,persist,,0.09305344521999359
140,beta,underwater,,0.046351294964551926
140,B,momentum,kospi_return_1d,0.0027734048198908567
140,B,momentum,fx_level_z_252,0.001333925873041153
140,B,persist,kospi_return_1d,0.0005044043646194041
140,B,persist,fx_level_z_252,-0.0004035871825180948
140,B,underwater,kospi_return_1d,0.0030049183405935764
140,B,underwater,fx_level_z_252,-0.03399932011961937
140,alpha,,kospi_return_1d,0.01651652157306671
140,alpha,,fx_level_z_252,0.01643485575914383
141,beta,momentum,,-0.02186363749206066
141,beta,persist,,0.09318835288286209
141,beta,underwater,,0.04640545696020126
141,B,momentum,kospi_return_1d,0.00301173678599298
141,B,momentum,fx_level_z_252,0.0010898006148636341
141,B,persist,kospi_return_1d,0.00035831023706123233
141,B,persist,fx_level_z_252,-0.0004884573863819242
141,B,underwater,kospi_return_1d,0.003026386257261038
141,B,underwater,fx_level_z_252,-0.03381459787487984
141,alpha,,kospi_return_1d,0.016490789130330086
141,alpha,,fx_level_z_252,0.01624644733965397
142,beta,momentum,,-0.0218269731849432
142,beta,persist,,0.09333915263414383
142,beta,underwater,,0.046369291841983795
142,B,momentum,kospi_return_1d,0.0030986787751317024
142,B,momentum,fx_level_z_252,0.0009524849592708051
142,B,persist,kospi_return_1d,0.0002831726160366088
142,B,persist,fx_level_z_252,-0.0003580907650757581
142,B,underwater,kospi_return_1d,0.003251527901738882
142,B,underwater,fx_level_z_252,-0.03374044969677925
142,alpha,,kospi_return_1d,0.016411565244197845
142,alpha,,fx_level_z_252,0.016077391803264618
143,beta,momentum,,-0.021641068160533905
143,beta,persist,,0.0934615358710289
143,beta,underwater,,0.04622562229633331
143,B,momentum,kospi_return_1d,0.0029722710605710745
143,B,momentum,fx_level_z_252,0.0007473514415323734
143,B,persist,kospi_return_1d,0.00030696275644004345
143,B,persist,fx_level_z_252,-0.00018397807434666902
143,B,underwater,kospi_return_1d,0.0035327209625393152
143,B,underwater,fx_level_z_252,-0.03370324522256851
143,alpha,,kospi_return_1d,0.016479257494211197
143,alpha,,fx_level_z_252,0.016031144186854362
144,beta,momentum,,-0.021505562588572502
144,beta,persist,,0.09356680512428284
144,beta,underwater,,0.04612455517053604
144,B,momentum,kospi_return_1d,0.002961507299914956
144,B,momentum,fx_level_z_252,0.0006573834689334035
144,B,persist,kospi_return_1d,0.00018929167708847672
144,B,persist,fx_level_z_252,2.933658834081143e-05
144,B,underwater,kospi_return_1d,0.003934859298169613
144,B,underwater,fx_level_z_252,-0.03383845090866089
144,alpha,,kospi_return_1d,0.016396166756749153
144,alpha,,fx_level_z_252,0.01605057343840599
145,beta,momentum,,-0.02139728143811226
145,beta,persist,,0.0936853438615799
145,beta,underwater,,0.0460890457034111
145,B,momentum,kospi_return_1d,0.0031047894153743982
145,B,momentum,fx_level_z_252,0.00040547584649175406
145,B,persist,kospi_return_1d,9.085476449399721e-06
145,B,persist,fx_level_z_252,0.0003007719060406089
145,B,underwater,kospi_return_1d,0.004121764097362757
145,B,underwater,fx_level_z_252,-0.03381839022040367
145,alpha,,kospi_return_1d,0.016342785209417343
145,alpha,,fx_level_z_252,0.016086416319012642
146,beta,momentum,,-0.02127707377076149
146,beta,persist,,0.09378021210432053
146,beta,underwater,,0.04606712982058525
146,B,momentum,kospi_return_1d,0.003139286767691374
146,B,momentum,fx_level_z_252,0.00025975509197451174
146,B,persist,kospi_return_1d,-3.675373227451928e-05
146,B,persist,fx_level_z_252,0.0005081310519017279
146,B,underwater,kospi_return_1d,0.004256061278283596
146,B,underwater,fx_level_z_252,-0.03375003859400749
146,alpha,,kospi_return_1d,0.01641814410686493
146,alpha,,fx_level_z_252,0.01611364260315895
147,beta,momentum,,-0.02115907147526741
147,beta,persist,,0.09391395002603531
147,beta,underwater,,0.0460653230547905
147,B,momentum,kospi_return_1d,0.003124239854514599
147,B,momentum,fx_level_z_252,0.00015219178749248385
147,B,persist,kospi_return_1d,-1.0800096788443625e-05
147,B,persist,fx_level_z_252,0.00080061552580446
147,B,underwater,kospi_return_1d,0.004377482924610376
147,B,underwater,fx_level_z_252,-0.03368040919303894
147,alpha,,kospi_return_1d,0.016374673694372177
147,alpha,,fx_level_z_252,0.016308164224028587
148,beta,momentum,,-0.02098911441862583
148,beta,persist,,0.09394107758998871
148,beta,underwater,,0.046034496277570724
148,B,momentum,kospi_return_1d,0.0030304573010653257
148,B,momentum,fx_level_z_252,0.0002371136361034587
148,B,persist,kospi_return_1d,0.0002233453851658851
148,B,persist,fx_level_z_252,0.0009561561164446175
148,B,underwater,kospi_return_1d,0.004636676982045174
148,B,underwater,fx_level_z_252,-0.033858414739370346
148,alpha,,kospi_return_1d,0.01657591573894024
148,alpha,,fx_level_z_252,0.01653389260172844
149,beta,momentum,,-0.020680027082562447
149,beta,persist,,0.09386646002531052
149,beta,underwater,,0.04589715227484703
149,B,momentum,kospi_return_1d,0.003051330568268895
149,B,momentum,fx_level_z_252,0.00015927093045320362
149,B,persist,kospi_return_1d,0.00034767366014420986
149,B,persist,fx_level_z_252,0.001174342236481607
149,B,underwater,kospi_return_1d,0.004786983598023653
149,B,underwater,fx_level_z_252,-0.03395939990878105
149,alpha,,kospi_return_1d,0.01681770756840706
149,alpha,,fx_level_z_252,0.016713270917534828
150,beta,momentum,,-0.02050362527370453
150,beta,persist,,0.09389057010412216
150,beta,underwater,,0.045929040759801865
150,B,momentum,kospi_return_1d,0.0030449277255684137
150,B,momentum,fx_level_z_252,-1.6653515558573417e-05
150,B,persist,kospi_return_1d,0.0002924984728451818
150,B,persist,fx_level_z_252,0.0014398498460650444
150,B,underwater,kospi_return_1d,0.004826645366847515
150,B,underwater,fx_level_z_252,-0.033813364803791046
150,alpha,,kospi_return_1d,0.016749637201428413
150,alpha,,fx_level_z_252,0.016954857856035233
151,beta,momentum,,-0.020387109369039536
151,beta,persist,,0.09393781423568726
151,beta,underwater,,0.04596085473895073
151,B,momentum,kospi_return_1d,0.0030417845118790865
151,B,momentum,fx_level_z_252,9.170502016786486e-05
151,B,persist,kospi_return_1d,0.00031141575891524553
151,B,persist,fx_level_z_252,0.0015371516346931458
151,B,underwater,kospi_return_1d,0.004920154809951782
151,B,underwater,fx_level_z_252,-0.03379606828093529
151,alpha,,kospi_return_1d,0.01685052178800106
151,alpha,,fx_level_z_252,0.017332877963781357
152,beta,momentum,,-0.020400211215019226
152,beta,persist,,0.09403160214424133
152,beta,underwater,,0.046034619212150574
152,B,momentum,kospi_return_1d,0.0030615434516221285
152,B,momentum,fx_level_z_252,0.00012987625086680055
152,B,persist,kospi_return_1d,0.00018458291015122086
152,B,persist,fx_level_z_252,0.0015637449687346816
152,B,underwater,kospi_return_1d,0.0048075830563902855
152,B,underwater,fx_level_z_252,-0.033726803958415985
152,alpha,,kospi_return_1d,0.01696205697953701
152,alpha,,fx_level_z_252,0.017716189846396446
153,beta,momentum,,-0.020379068329930305
153,beta,persist,,0.09410038590431213
153,beta,underwater,,0.04614492505788803
153,B,momentum,kospi_return_1d,0.003361781593412161
153,B,momentum,fx_level_z_252,3.49499168805778e-05
153,B,persist,kospi_return_1d,1.6585348930675536e-05
153,B,persist,fx_level_z_252,0.0016122766537591815
153,B,underwater,kospi_return_1d,0.00465329410508275
153,B,underwater,fx_level_z_252,-0.03367479890584946
153,alpha,,kospi_return_1d,0.017166009172797203
153,alpha,,fx_level_z_252,0.01809157431125641
154,beta,momentum,,-0.020401664078235626
154,beta,persist,,0.0941757932305336
154,beta,underwater,,0.04622365161776543
154,B,momentum,kospi_return_1d,0.00374081009067595
154,B,momentum,fx_level_z_252,-0.00019800719746854156
154,B,persist,kospi_return_1d,-0.00012380036059767008
154,B,persist,fx_level_z_252,0.0017594926757737994
154,B,underwater,kospi_return_1d,0.004493415355682373
154,B,underwater,fx_level_z_252,-0.033443234860897064
154,alpha,,kospi_return_1d,0.01740589737892151
154,alpha,,fx_level_z_252,0.01818038523197174
155,beta,momentum,,-0.0203973688185215
155,beta,persist,,0.0942029282450676
155,beta,underwater,,0.04632820561528206
155,B,momentum,kospi_return_1d,0.004078202415257692
155,B,momentum,fx_level_z_252,-0.00029653531964868307
155,B,persist,kospi_return_1d,-3.647481571533717e-05
155,B,persist,fx_level_z_252,0.0019143122481182218
155,B,underwater,kospi_return_1d,0.0043564727529883385
155,B,underwater,fx_level_z_252,-0.03321234509348869
155,alpha,,kospi_return_1d,0.017627842724323273
155,alpha,,fx_level_z_252,0.01819029450416565
156,beta,momentum,,-0.020429542288184166
156,beta,persist,,0.09418616443872452
156,beta,underwater,,0.04646759852766991
156,B,momentum,kospi_return_1d,0.004307819064706564
156,B,momentum,fx_level_z_252,-0.0003397034597583115
156,B,persist,kospi_return_1d,9.380585106555372e-05
156,B,persist,fx_level_z_252,0.0019828963559120893
156,B,underwater,kospi_return_1d,0.004133556969463825
156,B,underwater,fx_level_z_252,-0.03295378014445305
156,alpha,,kospi_return_1d,0.017890309914946556
156,alpha,,fx_level_z_252,0.018071576952934265
157,beta,momentum,,-0.020439984276890755
157,beta,persist,,0.09423064440488815
157,beta,underwater,,0.04655756428837776
157,B,momentum,kospi_return_1d,0.0043847220949828625
157,B,momentum,fx_level_z_252,-0.00012472295202314854
157,B,persist,kospi_return_1d,0.00036714249290525913
157,B,persist,fx_level_z_252,0.0020055752247571945
157,B,underwater,kospi_return_1d,0.004036404192447662
157,B,underwater,fx_level_z_252,-0.032888345420360565
157,alpha,,kospi_return_1d,0.017933666706085205
157,alpha,,fx_level_z_252,0.018074722960591316
158,beta,momentum,,-0.020390355959534645
158,beta,persist,,0.09424950182437897
158,beta,underwater,,0.0465644933283329
158,B,momentum,kospi_return_1d,0.004274080041795969
158,B,momentum,fx_level_z_252,0.00035708758514374495
158,B,persist,kospi_return_1d,0.0007499860948882997
158,B,persist,fx_level_z_252,0.001762506435625255
158,B,underwater,kospi_return_1d,0.00410584406927228
158,B,underwater,fx_level_z_252,-0.03300808370113373
158,alpha,,kospi_return_1d,0.018115274608135223
158,alpha,,fx_level_z_252,0.018186794593930244
159,beta,momentum,,-0.020364396274089813
159,beta,persist,,0.09416550397872925
159,beta,underwater,,0.0465887077152729
159,B,momentum,kospi_return_1d,0.004288198426365852
159,B,momentum,fx_level_z_252,0.0005818381905555725
159,B,persist,kospi_return_1d,0.001084925257600844
159,B,persist,fx_level_z_252,0.0016280036652460694
159,B,underwater,kospi_return_1d,0.004146668594330549
159,B,underwater,fx_level_z_252,-0.03297513723373413
159,alpha,,kospi_return_1d,0.01839251071214676
159,alpha,,fx_level_z_252,0.018224433064460754
160,beta,momentum,,-0.020348792895674706
160,beta,persist,,0.09414419531822205
160,beta,underwater,,0.046687137335538864
160,B,momentum,kospi_return_1d,0.004447774961590767
160,B,momentum,fx_level_z_252,0.000645324878860265
160,B,persist,kospi_return_1d,0.001231869449838996
160,B,persist,fx_level_z_252,0.0013851744588464499
160,B,underwater,kospi_return_1d,0.0041329022496938705
160,B,underwater,fx_level_z_252,-0.03284420445561409
160,alpha,,kospi_return_1d,0.01847238652408123
160,alpha,,fx_level_z_252,0.018314767628908157
161,beta,momentum,,-0.020335614681243896
161,beta,persist,,0.09410326182842255
161,beta,underwater,,0.046774957329034805
161,B,momentum,kospi_return_1d,0.004702229518443346
161,B,momentum,fx_level_z_252,0.0006132979178801179
161,B,persist,kospi_return_1d,0.0013700135750696063
161,B,persist,fx_level_z_252,0.0011910180328413844
161,B,underwater,kospi_return_1d,0.004104008898139
161,B,underwater,fx_level_z_252,-0.032737236469984055
161,alpha,,kospi_return_1d,0.018453525379300117
161,alpha,,fx_level_z_252,0.01828037202358246
162,beta,momentum,,-0.02022954635322094
162,beta,persist,,0.09412116557359695
162,beta,underwater,,0.04674395173788071
162,B,momentum,kospi_return_1d,0.004765755496919155
162,B,momentum,fx_level_z_252,0.0005076671368442476
162,B,persist,kospi_return_1d,0.0016470359405502677
162,B,persist,fx_level_z_252,0.0010652728378772736
162,B,underwater,kospi_return_1d,0.0041325269266963005
162,B,underwater,fx_level_z_252,-0.032740652561187744
162,alpha,,kospi_return_1d,0.018250446766614914
162,alpha,,fx_level_z_252,0.01836145669221878
163,beta,momentum,,-0.020110774785280228
163,beta,persist,,0.09417151659727097
163,beta,underwater,,0.04671573266386986
163,B,momentum,kospi_return_1d,0.00475118774920702
163,B,momentum,fx_level_z_252,0.0004912862204946578
163,B,persist,kospi_return_1d,0.0017455731285735965
163,B,persist,fx_level_z_252,0.0008132458315230906
163,B,underwater,kospi_return_1d,0.004038163926452398
163,B,underwater,fx_level_z_252,-0.03280757740139961
163,alpha,,kospi_return_1d,0.018095994368195534
163,alpha,,fx_level_z_252,0.018407348543405533
164,beta,momentum,,-0.019963175058364868
164,beta,persist,,0.09420110285282135
164,beta,underwater,,0.046621035784482956
164,B,momentum,kospi_return_1d,0.004610817413777113
164,B,momentum,fx_level_z_252,0.0005699410103261471
164,B,persist,kospi_return_1d,0.0018100837478414178
164,B,persist,fx_level_z_252,0.0005277915624901652
164,B,underwater,kospi_return_1d,0.004082314670085907
164,B,underwater,fx_level_z_252,-0.03305470198392868
164,alpha,,kospi_return_1d,0.018072253093123436
164,alpha,,fx_level_z_252,0.018399348482489586
165,beta,momentum,,-0.019855782389640808
165,beta,persist,,0.09435296803712845
165,beta,underwater,,0.046575795859098434
165,B,momentum,kospi_return_1d,0.004567529074847698
165,B,momentum,fx_level_z_252,0.0006943235057406127
165,B,persist,kospi_return_1d,0.0017134356312453747
165,B,persist,fx_level_z_252,0.00012512058310676366
165,B,underwater,kospi_return_1d,0.003993786405771971
165,B,underwater,fx_level_z_252,-0.03325188159942627
165,alpha,,kospi_return_1d,0.01780633069574833
165,alpha,,fx_level_z_252,0.018384426832199097
166,beta,momentum,,-0.019828999415040016
166,beta,persist,,0.09448786079883575
166,beta,underwater,,0.04657899960875511
166,B,momentum,kospi_return_1d,0.00423975707963109
166,B,momentum,fx_level_z_252,0.0007446219096891582
166,B,persist,kospi_return_1d,0.0019764273893088102
166,B,persist,fx_level_z_252,-0.00024533370742574334
166,B,underwater,kospi_return_1d,0.004018116742372513
166,B,underwater,fx_level_z_252,-0.03354188799858093
166,alpha,,kospi_return_1d,0.01760849915444851
166,alpha,,fx_level_z_252,0.018365181982517242
167,beta,momentum,,-0.019866757094860077
167,beta,persist,,0.09468967467546463
167,beta,underwater,,0.04666741564869881
167,B,momentum,kospi_return_1d,0.003945835400372744
167,B,momentum,fx_level_z_252,0.0007678642286919057
167,B,persist,kospi_return_1d,0.0021253807935863733
167,B,persist,fx_level_z_252,-0.0005133250961080194
167,B,underwater,kospi_return_1d,0.003947598859667778
167,B,underwater,fx_level_z_252,-0.033827751874923706
167,alpha,,kospi_return_1d,0.017299389466643333
167,alpha,,fx_level_z_252,0.01834927685558796
168,beta,momentum,,-0.01989501528441906
168,beta,persist,,0.094829261302948
168,beta,underwater,,0.0467546209692955
168,B,momentum,kospi_return_1d,0.0038319467566907406
168,B,momentum,fx_level_z_252,0.0007419437170028687
168,B,persist,kospi_return_1d,0.002005155198276043
168,B,persist,fx_level_z_252,-0.0004622013948392123
168,B,underwater,kospi_return_1d,0.0036823784466832876
168,B,underwater,fx_level_z_252,-0.03411217778921127
168,alpha,,kospi_return_1d,0.01711997203528881
168,alpha,,fx_level_z_252,0.018369203433394432
169,beta,momentum,,-0.019972924143075943
169,beta,persist,,0.09492509067058563
169,beta,underwater,,0.04686949774622917
169,B,momentum,kospi_return_1d,0.003897961927577853
169,B,momentum,fx_level_z_252,0.0007539416546933353
169,B,persist,kospi_return_1d,0.0016790598165243864
169,B,persist,fx_level_z_252,-0.0002027205191552639
169,B,underwater,kospi_return_1d,0.003348530037328601
169,B,underwater,fx_level_z_252,-0.034423064440488815
169,alpha,,kospi_return_1d,0.016917038708925247
169,alpha,,fx_level_z_252,0.018514256924390793
170,beta,momentum,,-0.020031791180372238
170,beta,persist,,0.09493759274482727
170,beta,underwater,,0.04695981368422508
170,B,momentum,kospi_return_1d,0.004105191212147474
170,B,momentum,fx_level_z_252,0.0008267247467301786
170,B,persist,kospi_return_1d,0.0012733327457681298
170,B,persist,fx_level_z_252,4.640120459953323e-05
170,B,underwater,kospi_return_1d,0.0029832313302904367
170,B,underwater,fx_level_z_252,-0.03475937247276306
170,alpha,,kospi_return_1d,0.016972431913018227
170,alpha,,fx_level_z_252,0.01877971738576889
171,beta,momentum,,-0.019928066059947014
171,beta,persist,,0.09490523487329483
171,beta,underwater,,0.04702458158135414
171,B,momentum,kospi_return_1d,0.004375109914690256
171,B,momentum,fx_level_z_252,0.0008125369204208255
171,B,persist,kospi_return_1d,0.000980483484454453
171,B,persist,fx_level_z_252,9.928687359206378e-05
171,B,underwater,kospi_return_1d,0.002730858512222767
171,B,underwater,fx_level_z_252,-0.03496932238340378
171,alpha,,kospi_return_1d,0.017186973243951797
171,alpha,,fx_level_z_252,0.018894154578447342
172,beta,momentum,,-0.01977190375328064
172,beta,persist,,0.09488511830568314
172,beta,underwater,,0.04698016867041588
172,B,momentum,kospi_return_1d,0.004440841265022755
172,B,momentum,fx_level_z_252,0.000932294235099107
172,B,persist,kospi_return_1d,0.0010191118344664574
172,B,persist,fx_level_z_252,-4.9308466259390116e-05
172,B,underwater,kospi_return_1d,0.0027481357101351023
172,B,underwater,fx_level_z_252,-0.03530165180563927
172,alpha,,kospi_return_1d,0.017490139231085777
172,alpha,,fx_level_z_252,0.018938671797513962
173,beta,momentum,,-0.019617605954408646
173,beta,persist,,0.09490236639976501
173,beta,underwater,,0.04682767018675804
173,B,momentum,kospi_return_1d,0.004471517167985439
173,B,momentum,fx_level_z_252,0.0009286948479712009
173,B,persist,kospi_return_1d,0.0009051565430127084
173,B,persist,fx_level_z_252,-2.506038435967639e-05
173,B,underwater,kospi_return_1d,0.0029219994321465492
173,B,underwater,fx_level_z_252,-0.03551167994737625
173,alpha,,kospi_return_1d,0.01754440926015377
173,alpha,,fx_level_z_252,0.018863802775740623
174,beta,momentum,,-0.019428540021181107
174,beta,persist,,0.09493709355592728
174,beta,underwater,,0.04672311618924141
174,B,momentum,kospi_return_1d,0.0044814106076955795
174,B,momentum,fx_level_z_252,0.0008892690530046821
174,B,persist,kospi_return_1d,0.0007432502461597323
174,B,persist,fx_level_z_252,0.00016667363524902612
174,B,underwater,kospi_return_1d,0.0031269157771021128
174,B,underwater,fx_level_z_252,-0.03563840314745903
174,alpha,,kospi_return_1d,0.017479857429862022
174,alpha,,fx_level_z_252,0.018727777525782585
175,beta,momentum,,-0.019290369004011154
175,beta,persist,,0.09502899646759033
175,beta,underwater,,0.04663920775055885
175,B,momentum,kospi_return_1d,0.004500060807913542
175,B,momentum,fx_level_z_252,0.0007886539679020643
175,B,persist,kospi_return_1d,0.0004838072636630386
175,B,persist,fx_level_z_252,9.207772382069379e-05
175,B,underwater,kospi_return_1d,0.00325850211083889
175,B,underwater,fx_level_z_252,-0.0357213020324707
175,alpha,,kospi_return_1d,0.01739339344203472
175,alpha,,fx_level_z_252,0.018438827246427536
176,beta,momentum,,-0.019343802705407143
176,beta,persist,,0.09508621692657471
176,beta,underwater,,0.046612635254859924
176,B,momentum,kospi_return_1d,0.004447129089385271
176,B,momentum,fx_level_z_252,0.000740322342608124
176,B,persist,kospi_return_1d,0.0002615245757624507
176,B,persist,fx_level_z_252,-0.00021381081023719162
176,B,underwater,kospi_return_1d,0.0032954339403659105
176,B,underwater,fx_level_z_252,-0.035745441913604736
176,alpha,,kospi_return_1d,0.017457013949751854
176,alpha,,fx_level_z_252,0.018261777237057686
177,beta,momentum,,-0.01947726681828499
177,beta,persist,,0.09512024372816086
177,beta,underwater,,0.04671816900372505
177,B,momentum,kospi_return_1d,0.004572165664285421
177,B,momentum,fx_level_z_252,0.0005670312093570828
177,B,persist,kospi_return_1d,2.0588006009347737e-05
177,B,persist,fx_level_z_252,-0.0003553178103175014
177,B,underwater,kospi_return_1d,0.003244404448196292
177,B,underwater,fx_level_z_252,-0.03556247055530548
177,alpha,,kospi_return_1d,0.017550591379404068
177,alpha,,fx_level_z_252,0.01808440126478672
178,beta,momentum,,-0.01953728310763836
178,beta,persist,,0.09506706148386002
178,beta,underwater,,0.046833015978336334
178,B,momentum,kospi_return_1d,0.0047802673652768135
178,B,momentum,fx_level_z_252,0.00026097637601196766
178,B,persist,kospi_return_1d,-0.0003181088832207024
178,B,persist,fx_level_z_252,-0.00013209591270424426
178,B,underwater,kospi_return_1d,0.0029647506307810545
178,B,underwater,fx_level_z_252,-0.0352289043366909
178,alpha,,kospi_return_1d,0.017651857808232307
178,alpha,,fx_level_z_252,0.01799982599914074
179,beta,momentum,,-0.019554464146494865
179,beta,persist,,0.09504532068967819
179,beta,underwater,,0.04693124070763588
179,B,momentum,kospi_return_1d,0.0048360382206737995
179,B,momentum,fx_level_z_252,-0.00010782394383568317
179,B,persist,kospi_return_1d,-0.0004915375029668212
179,B,persist,fx_level_z_252,9.238892380381003e-05
179,B,underwater,kospi_return_1d,0.0028990430291742086
179,B,underwater,fx_level_z_252,-0.03496341407299042
179,alpha,,kospi_return_1d,0.01774895377457142
179,alpha,,fx_level_z_252,0.018150562420487404
180,beta,momentum,,-0.01960914023220539
180,beta,persist,,0.09504767507314682
180,beta,underwater,,0.047082025557756424
180,B,momentum,kospi_return_1d,0.00490722618997097
180,B,momentum,fx_level_z_252,-0.0004782802425324917
180,B,persist,kospi_return_1d,-0.00048196600982919335
180,B,persist,fx_level_z_252,0.00023156203678809106
180,B,underwater,kospi_return_1d,0.002906341338530183
180,B,underwater,fx_level_z_252,-0.034683965146541595
180,alpha,,kospi_return_1d,0.01780223660171032
180,alpha,,fx_level_z_252,0.018260054290294647
181,beta,momentum,,-0.01980360597372055
181,beta,persist,,0.0951026901602745
181,beta,underwater,,0.04726681113243103
181,B,momentum,kospi_return_1d,0.004814742598682642
181,B,momentum,fx_level_z_252,-0.0006466956110671163
181,B,persist,kospi_return_1d,-0.00018503406317904592
181,B,persist,fx_level_z_252,0.0002580443397164345
181,B,underwater,kospi_return_1d,0.002980950754135847
181,B,underwater,fx_level_z_252,-0.034430891275405884
181,alpha,,kospi_return_1d,0.01777396909892559
181,alpha,,fx_level_z_252,0.018410049378871918
182,beta,momentum,,-0.01996307261288166
182,beta,persist,,0.09508850425481796
182,beta,underwater,,0.04735745117068291
182,B,momentum,kospi_return_1d,0.0046204738318920135
182,B,momentum,fx_level_z_252,-0.0006388162728399038
182,B,persist,kospi_return_1d,5.4940923291724175e-05
182,B,persist,fx_level_z_252,0.00032946548890322447
182,B,underwater,kospi_return_1d,0.0030884661246091127
182,B,underwater,fx_level_z_252,-0.034187935292720795
182,alpha,,kospi_return_1d,0.017772220075130463
182,alpha,,fx_level_z_252,0.018411805853247643
183,beta,momentum,,-0.02012794092297554
183,beta,persist,,0.09505012631416321
183,beta,underwater,,0.04743229225277901
183,B,momentum,kospi_return_1d,0.0045400322414934635
183,B,momentum,fx_level_z_252,-0.0004118345386814326
183,B,persist,kospi_return_1d,5.664839409291744e-05
183,B,persist,fx_level_z_252,0.0005604830221273005
183,B,underwater,kospi_return_1d,0.0031209818553179502
183,B,underwater,fx_level_z_252,-0.03391176462173462
183,alpha,,kospi_return_1d,0.017700139433145523
183,alpha,,fx_level_z_252,0.01845708116889
184,beta,momentum,,-0.020187845453619957
184,beta,persist,,0.09495372325181961
184,beta,underwater,,0.04747195169329643
184,B,momentum,kospi_return_1d,0.00441338587552309
184,B,momentum,fx_level_z_252,-7.648166501894593e-05
184,B,persist,kospi_return_1d,6.173404108267277e-05
184,B,persist,fx_level_z_252,0.0008122267900034785
184,B,underwater,kospi_return_1d,0.0030318384524434805
184,B,underwater,fx_level_z_252,-0.03377053514122963
184,alpha,,kospi_return_1d,0.017781704664230347
184,alpha,,fx_level_z_252,0.018604561686515808
185,beta,momentum,,-0.02033352106809616
185,beta,persist,,0.09485907107591629
185,beta,underwater,,0.047636549919843674
185,B,momentum,kospi_return_1d,0.004546701442450285
185,B,momentum,fx_level_z_252,9.33614865061827e-05
185,B,persist,kospi_return_1d,8.967697795014828e-06
185,B,persist,fx_level_z_252,0.00100571452639997
185,B,underwater,kospi_return_1d,0.0028195809572935104
185,B,underwater,fx_level_z_252,-0.03342205658555031
185,alpha,,kospi_return_1d,0.017807839438319206
185,alpha,,fx_level_z_252,0.0187117587774992
186,beta,momentum,,-0.020456595346331596
186,beta,persist,,0.09478764981031418
186,beta,underwater,,0.04777943715453148
186,B,momentum,kospi_return_1d,0.004712578374892473
186,B,momentum,fx_level_z_252,0.00014307460514828563
186,B,persist,kospi_return_1d,8.132609218591824e-05
186,B,persist,fx_level_z_252,0.001183458836749196
186,B,underwater,kospi_return_1d,0.0026114466600120068
186,B,underwater,fx_level_z_252,-0.03314982354640961
186,alpha,,kospi_return_1d,0.017833607271313667
186,alpha,,fx_level_z_252,0.01886899024248123
187,beta,momentum,,-0.02042440138757229
187,beta,persist,,0.09481336921453476
187,beta,underwater,,0.047885239124298096
187,B,momentum,kospi_return_1d,0.004878537729382515
187,B,momentum,fx_level_z_252,0.00019679278193507344
187,B,persist,kospi_return_1d,0.0001881991483969614
187,B,persist,fx_level_z_252,0.0010305934119969606
187,B,underwater,kospi_return_1d,0.0025139329954981804
187,B,underwater,fx_level_z_252,-0.03306882455945015
187,alpha,,kospi_return_1d,0.017885226756334305
187,alpha,,fx_level_z_252,0.018985869362950325
188,beta,momentum,,-0.020436476916074753
188,beta,persist,,0.09486998617649078
188,beta,underwater,,0.04784572124481201
188,B,momentum,kospi_return_1d,0.004706621170043945
188,B,momentum,fx_level_z_252,0.0003293367917649448
188,B,persist,kospi_return_1d,0.0003060050366912037
188,B,persist,fx_level_z_252,0.0007073726737871766
188,B,underwater,kospi_return_1d,0.002668964909389615
188,B,underwater,fx_level_z_252,-0.03310798481106758
188,alpha,,kospi_return_1d,0.01788289099931717
188,alpha,,fx_level_z_252,0.01896721124649048
189,beta,momentum,,-0.020558472722768784
189,beta,persist,,0.0949803963303566
189,beta,underwater,,0.04785588011145592
189,B,momentum,kospi_return_1d,0.004369388334453106
189,B,momentum,fx_level_z_252,0.0004820730537176132
189,B,persist,kospi_return_1d,0.00037439557490870357
189,B,persist,fx_level_z_252,0.000414226611610502
189,B,underwater,kospi_return_1d,0.002787158591672778
189,B,underwater,fx_level_z_252,-0.03316260129213333
189,alpha,,kospi_return_1d,0.017748720943927765
189,alpha,,fx_level_z_252,0.018864016979932785
190,beta,momentum,,-0.020497998222708702
190,beta,persist,,0.09502148628234863
190,beta,underwater,,0.04780706390738487
190,B,momentum,kospi_return_1d,0.00401484128087759
190,B,momentum,fx_level_z_252,0.0004524972173385322
190,B,persist,kospi_return_1d,0.0004249956691637635
190,B,persist,fx_level_z_252,0.0003298078663647175
190,B,underwater,kospi_return_1d,0.002912510186433792
190,B,underwater,fx_level_z_252,-0.03311895579099655
190,alpha,,kospi_return_1d,0.017779512330889702
190,alpha,,fx_level_z_252,0.018763279542326927
191,beta,momentum,,-0.020426040515303612
191,beta,persist,,0.0950908288359642
191,beta,underwater,,0.0477406270802021
191,B,momentum,kospi_return_1d,0.003546401858329773
191,B,momentum,fx_level_z_252,0.0003855753457173705
191,B,persist,kospi_return_1d,0.0004650379705708474
191,B,persist,fx_level_z_252,0.00030686837271787226
191,B,underwater,kospi_return_1d,0.0030665083322674036
191,B,underwater,fx_level_z_252,-0.03301398083567619
191,alpha,,kospi_return_1d,0.01768275909125805
191,alpha,,fx_level_z_252,0.018682420253753662
192,beta,momentum,,-0.020362595096230507
192,beta,persist,,0.09507384151220322
192,beta,underwater,,0.047596365213394165
192,B,momentum,kospi_return_1d,0.0031026212964206934
192,B,momentum,fx_level_z_252,0.0006368241156451404
192,B,persist,kospi_return_1d,0.0005546266329474747
192,B,persist,fx_level_z_252,0.00015933522081468254
192,B,underwater,kospi_return_1d,0.0031801427248865366
192,B,underwater,fx_level_z_252,-0.03327212482690811
192,alpha,,kospi_return_1d,0.017758987843990326
192,alpha,,fx_level_z_252,0.018661759793758392
193,beta,momentum,,-0.02038619853556156
193,beta,persist,,0.09512580186128616
193,beta,underwater,,0.04757893458008766
193,B,momentum,kospi_return_1d,0.002823978429660201
193,B,momentum,fx_level_z_252,0.0008085349691100419
193,B,persist,kospi_return_1d,0.0005442733527161181
193,B,persist,fx_level_z_252,0.00012938566214870661
193,B,underwater,kospi_return_1d,0.0031823371537029743
193,B,underwater,fx_level_z_252,-0.03345616161823273
193,alpha,,kospi_return_1d,0.01774563267827034
193,alpha,,fx_level_z_252,0.018742771819233894
194,beta,momentum,,-0.020497500896453857
194,beta,persist,,0.0952317863702774
194,beta,underwater,,0.04756304621696472
194,B,momentum,kospi_return_1d,0.002649811329320073
194,B,momentum,fx_level_z_252,0.0009807093301787972
194,B,persist,kospi_return_1d,0.00035733976983465254
194,B,persist,fx_level_z_252,6.061300518922508e-05
194,B,underwater,kospi_return_1d,0.0032234094105660915
194,B,underwater,fx_level_z_252,-0.033609651029109955
194,alpha,,kospi_return_1d,0.017651690170168877
194,alpha,,fx_level_z_252,0.01884964294731617
195,beta,momentum,,-0.02036924473941326
195,beta,persist,,0.09526608884334564
195,beta,underwater,,0.047380004078149796
195,B,momentum,kospi_return_1d,0.0026454098988324404
195,B,momentum,fx_level_z_252,0.0010752278612926602
195,B,persist,kospi_return_1d,0.00019368436187505722
195,B,persist,fx_level_z_252,0.00013200620014686137
195,B,underwater,kospi_return_1d,0.003256533993408084
195,B,underwater,fx_level_z_252,-0.033807143568992615
195,alpha,,kospi_return_1d,0.01763949729502201
195,alpha,,fx_level_z_252,0.018833840265870094
196,beta,momentum,,-0.020307155326008797
196,beta,persist,,0.09530859440565109
196,beta,underwater,,0.04715784266591072
196,B,momentum,kospi_return_1d,0.0027130739763379097
196,B,momentum,fx_level_z_252,0.0013392817927524447
196,B,persist,kospi_return_1d,-0.0001677951222518459
196,B,persist,fx_level_z_252,0.00028315201052464545
196,B,underwater,kospi_return_1d,0.003170911455526948
196,B,underwater,fx_level_z_252,-0.03419678658246994
196,alpha,,kospi_return_1d,0.017604781314730644
196,alpha,,fx_level_z_252,0.018715720623731613
197,beta,momentum,,-0.020210308954119682
197,beta,persist,,0.09538433700799942
197,beta,underwater,,0.04694436118006706
197,B,momentum,kospi_return_1d,0.0028148151468485594
197,B,momentum,fx_level_z_252,0.0015965611673891544
197,B,persist,kospi_return_1d,-0.0005287003004923463
197,B,persist,fx_level_z_252,0.0002156756236217916
197,B,underwater,kospi_return_1d,0.0031558943446725607
197,B,underwater,fx_level_z_252,-0.03459237515926361
197,alpha,,kospi_return_1d,0.01749906688928604
197,alpha,,fx_level_z_252,0.018582887947559357
198,beta,momentum,,-0.020114289596676826
198,beta,persist,,0.09541867673397064
198,beta,underwater,,0.04682067409157753
198,B,momentum,kospi_return_1d,0.002936780918389559
198,B,momentum,fx_level_z_252,0.001705170958302915
198,B,persist,kospi_return_1d,-0.0006629807176068425
198,B,persist,fx_level_z_252,0.0001789498346624896
198,B,underwater,kospi_return_1d,0.003167704911902547
198,B,underwater,fx_level_z_252,-0.03496357798576355
198,alpha,,kospi_return_1d,0.017464179545640945
198,alpha,,fx_level_z_252,0.018361952155828476
199,beta,momentum,,-0.01992657035589218
199,beta,persist,,0.0953768715262413
199,beta,underwater,,0.0466499850153923
199,B,momentum,kospi_return_1d,0.00300404685549438
199,B,momentum,fx_level_z_252,0.001728838193230331
199,B,persist,kospi_return_1d,-0.0006707525462843478
199,B,persist,fx_level_z_252,6.28583729849197e-05
199,B,underwater,kospi_return_1d,0.003053027670830488
199,B,underwater,fx_level_z_252,-0.03536554425954819
199,alpha,,kospi_return_1d,0.01756313070654869
199,alpha,,fx_level_z_252,0.01807575486600399
200,beta,momentum,,-0.019662661477923393
200,beta,persist,,0.09531372785568237
200,beta,underwater,,0.04642245173454285
200,B,momentum,kospi_return_1d,0.003001953475177288
200,B,momentum,fx_level_z_252,0.0018332586623728275
200,B,persist,kospi_return_1d,-0.0005854782648384571
200,B,persist,fx_level_z_252,-4.428009924595244e-05
200,B,underwater,kospi_return_1d,0.0029790769331157207
200,B,underwater,fx_level_z_252,-0.035847850143909454
200,alpha,,kospi_return_1d,0.01762574352324009
200,alpha,,fx_level_z_252,0.017847806215286255
201,beta,momentum,,-0.019499653950333595
201,beta,persist,,0.09534577280282974
201,beta,underwater,,0.04634740576148033
201,B,momentum,kospi_return_1d,0.0032561616972088814
201,B,momentum,fx_level_z_252,0.001811170601285994
201,B,persist,kospi_return_1d,-0.0004517820489127189
201,B,persist,fx_level_z_252,-4.123099279240705e-05
201,B,underwater,kospi_return_1d,0.0027076872065663338
201,B,underwater,fx_level_z_252,-0.036140456795692444
201,alpha,,kospi_return_1d,0.017551835626363754
201,alpha,,fx_level_z_252,0.017811181023716927
202,beta,momentum,,-0.019449448212981224
202,beta,persist,,0.0954023078083992
202,beta,underwater,,0.046362750232219696
202,B,momentum,kospi_return_1d,0.003596249967813492
202,B,momentum,fx_level_z_252,0.0018830226035788655
202,B,persist,kospi_return_1d,-0.00012849496852140874
202,B,persist,fx_level_z_252,-8.782159420661628e-05
202,B,underwater,kospi_return_1d,0.0024935919791460037
202,B,underwater,fx_level_z_252,-0.03641849011182785
202,alpha,,kospi_return_1d,0.017522504553198814
202,alpha,,fx_level_z_252,0.017864448949694633
203,beta,momentum,,-0.019361557438969612
203,beta,persist,,0.09545857459306717
203,beta,underwater,,0.04647238180041313
203,B,momentum,kospi_return_1d,0.004009023774415255
203,B,momentum,fx_level_z_252,0.001819244003854692
203,B,persist,kospi_return_1d,0.00010350360389566049
203,B,persist,fx_level_z_252,-0.0002652272814884782
203,B,underwater,kospi_return_1d,0.0022344226017594337
203,B,underwater,fx_level_z_252,-0.036485400050878525
203,alpha,,kospi_return_1d,0.017437197268009186
203,alpha,,fx_level_z_252,0.017978211864829063
204,beta,momentum,,-0.019330784678459167
204,beta,persist,,0.09555049240589142
204,beta,underwater,,0.04656148701906204
204,B,momentum,kospi_return_1d,0.0043014041148126125
204,B,momentum,fx_level_z_252,0.0017216586275026202
204,B,persist,kospi_return_1d,0.00018644561350811273
204,B,persist,fx_level_z_252,-0.0003035347326658666
204,B,underwater,kospi_return_1d,0.0018984356429427862
204,B,underwater,fx_level_z_252,-0.03651179373264313
204,alpha,,kospi_return_1d,0.017498867586255074
204,alpha,,fx_level_z_252,0.018207795917987823
205,beta,momentum,,-0.01930065266788006
205,beta,persist,,0.0955548956990242
205,beta,underwater,,0.04660298302769661
205,B,momentum,kospi_return_1d,0.00467278016731143
205,B,momentum,fx_level_z_252,0.0016004650387912989
205,B,persist,kospi_return_1d,4.691127105616033e-05
205,B,persist,fx_level_z_252,-0.00020160853455308825
205,B,underwater,kospi_return_1d,0.0016606842400506139
205,B,underwater,fx_level_z_252,-0.03644700348377228
205,alpha,,kospi_return_1d,0.017733609303832054
205,alpha,,fx_level_z_252,0.01835816726088524
206,beta,momentum,,-0.01930847018957138
206,beta,persist,,0.09545604884624481
206,beta,underwater,,0.046659111976623535
206,B,momentum,kospi_return_1d,0.005069518927484751
206,B,momentum,fx_level_z_252,0.0014381888322532177
206,B,persist,kospi_return_1d,-0.0001918532361742109
206,B,persist,fx_level_z_252,6.288349686656147e-05
206,B,underwater,kospi_return_1d,0.0014889966696500778
206,B,underwater,fx_level_z_252,-0.036306142807006836
206,alpha,,kospi_return_1d,0.018112514168024063
206,alpha,,fx_level_z_252,0.018391430377960205
207,beta,momentum,,-0.01922411099076271
207,beta,persist,,0.09537233412265778
207,beta,underwater,,0.04660838469862938
207,B,momentum,kospi_return_1d,0.005408555269241333
207,B,momentum,fx_level_z_252,0.0010929658310487866
207,B,persist,kospi_return_1d,-0.00012073320976924151
207,B,persist,fx_level_z_252,0.00022299807460512966
207,B,underwater,kospi_return_1d,0.001321897259913385
207,B,underwater,fx_level_z_252,-0.03620287403464317
207,alpha,,kospi_return_1d,0.018402980640530586
207,alpha,,fx_level_z_252,0.01826135255396366
208,beta,momentum,,-0.019160710275173187
208,beta,persist,,0.0954580083489418
208,beta,underwater,,0.046704523265361786
208,B,momentum,kospi_return_1d,0.005587445106357336
208,B,momentum,fx_level_z_252,0.0007186277071014047
208,B,persist,kospi_return_1d,6.250908336369321e-05
208,B,persist,fx_level_z_252,0.00011617777636274695
208,B,underwater,kospi_return_1d,0.0013182717375457287
208,B,underwater,fx_level_z_252,-0.03602787107229233
208,alpha,,kospi_return_1d,0.018500005826354027
208,alpha,,fx_level_z_252,0.018190031871199608
209,beta,momentum,,-0.019056839868426323
209,beta,persist,,0.09546263515949249
209,beta,underwater,,0.04672368988394737
209,B,momentum,kospi_return_1d,0.0054785567335784435
209,B,momentum,fx_level_z_252,0.0002556449908297509
209,B,persist,kospi_return_1d,0.0002862279652617872
209,B,persist,fx_level_z_252,-3.646342520369217e-05
209,B,underwater,kospi_return_1d,0.0015459227142855525
209,B,underwater,fx_level_z_252,-0.035802632570266724
209,alpha,,kospi_return_1d,0.01860678195953369
209,alpha,,fx_level_z_252,0.018214575946331024
210,beta,momentum,,-0.018919164314866066
210,beta,persist,,0.09553979337215424
210,beta,underwater,,0.04672101512551308
210,B,momentum,kospi_return_1d,0.005411062855273485
210,B,momentum,fx_level_z_252,-0.00011924143473152071
210,B,persist,kospi_return_1d,0.000667679007165134
210,B,persist,fx_level_z_252,-0.000123340985737741
210,B,underwater,kospi_return_1d,0.0018347466830164194
210,B,underwater,fx_level_z_252,-0.035693489015102386
210,alpha,,kospi_return_1d,0.01865771785378456
210,alpha,,fx_level_z_252,0.01830025389790535
211,beta,momentum,,-0.018635474145412445
211,beta,persist,,0.09545795619487762
211,beta,underwater,,0.04661403223872185
211,B,momentum,kospi_return_1d,0.005364546552300453
211,B,momentum,fx_level_z_252,-0.00041411496931687
211,B,persist,kospi_return_1d,0.0010012986604124308
211,B,persist,fx_level_z_252,8.393653115490451e-05
211,B,underwater,kospi_return_1d,0.0020294412970542908
211,B,underwater,fx_level_z_252,-0.035584457218647
211,alpha,,kospi_return_1d,0.0189838744699955
211,alpha,,fx_level_z_252,0.018279369920492172
212,beta,momentum,,-0.01843688078224659
212,beta,persist,,0.09536822140216827
212,beta,underwater,,0.04653565213084221
212,B,momentum,kospi_return_1d,0.005193185526877642
212,B,momentum,fx_level_z_252,-0.00046324069262482226
212,B,persist,kospi_return_1d,0.0011322277132421732
212,B,persist,fx_level_z_252,0.00022626679856330156
212,B,underwater,kospi_return_1d,0.002315329387784004
212,B,underwater,fx_level_z_252,-0.03546544536948204
212,alpha,,kospi_return_1d,0.01928846910595894
212,alpha,,fx_level_z_252,0.018117645755410194
213,beta,momentum,,-0.018321847543120384
213,beta,persist,,0.09529176354408264
213,beta,underwater,,0.04648849368095398
213,B,momentum,kospi_return_1d,0.005090000573545694
213,B,momentum,fx_level_z_252,-0.000417813629610464
213,B,persist,kospi_return_1d,0.0010144804837182164
213,B,persist,fx_level_z_252,0.000548691488802433
213,B,underwater,kospi_return_1d,0.0024300299119204283
213,B,underwater,fx_level_z_252,-0.035267651081085205
213,alpha,,kospi_return_1d,0.01947435364127159
213,alpha,,fx_level_z_252,0.01798766478896141
214,beta,momentum,,-0.018353942781686783
214,beta,persist,,0.09527067840099335
214,beta,underwater,,0.04654968902468681
214,B,momentum,kospi_return_1d,0.00500100152567029
214,B,momentum,fx_level_z_252,-0.00026158709079027176
214,B,persist,kospi_return_1d,0.0006339721730910242
214,B,persist,fx_level_z_252,0.0009570373804308474
214,B,underwater,kospi_return_1d,0.0024251402355730534
214,B,underwater,fx_level_z_252,-0.03487702086567879
214,alpha,,kospi_return_1d,0.019581977277994156
214,alpha,,fx_level_z_252,0.017833590507507324
215,beta,momentum,,-0.018444262444972992
215,beta,persist,,0.09539365023374557
215,beta,underwater,,0.0466613844037056
215,B,momentum,kospi_return_1d,0.004672810435295105
215,B,momentum,fx_level_z_252,-1.2557589798234403e-05
215,B,persist,kospi_return_1d,0.00033053511288017035
215,B,persist,fx_level_z_252,0.0012213221052661538
215,B,underwater,kospi_return_1d,0.0025699669495224953
215,B,underwater,fx_level_z_252,-0.034544553607702255
215,alpha,,kospi_return_1d,0.019592415541410446
215,alpha,,fx_level_z_252,0.01768997125327587
216,beta,momentum,,-0.0184311605989933
216,beta,persist,,0.09550140798091888
216,beta,underwater,,0.04661598429083824
216,B,momentum,kospi_return_1d,0.004233298357576132
216,B,momentum,fx_level_z_252,0.0002979641139972955
216,B,persist,kospi_return_1d,1.8576247384771705e-05
216,B,persist,fx_level_z_252,0.001337541383691132
216,B,underwater,kospi_return_1d,0.00278084771707654
216,B,underwater,fx_level_z_252,-0.03439721465110779
216,alpha,,kospi_return_1d,0.019402911886572838
216,alpha,,fx_level_z_252,0.017531532794237137
217,beta,momentum,,-0.01838768646121025
217,beta,persist,,0.09553942084312439
217,beta,underwater,,0.04642608016729355
217,B,momentum,kospi_return_1d,0.0038390373811125755
217,B,momentum,fx_level_z_252,0.0006449440843425691
217,B,persist,kospi_return_1d,-6.555917934747413e-05
217,B,persist,fx_level_z_252,0.0012680095387622714
217,B,underwater,kospi_return_1d,0.0030693719163537025
217,B,underwater,fx_level_z_252,-0.034340936690568924
217,alpha,,kospi_return_1d,0.01934085041284561
217,alpha,,fx_level_z_252,0.017218438908457756
218,beta,momentum,,-0.01839495450258255
218,beta,persist,,0.09560071676969528
218,beta,underwater,,0.04622761905193329
218,B,momentum,kospi_return_1d,0.0033082077279686928
218,B,momentum,fx_level_z_252,0.0008939151302911341
218,B,persist,kospi_return_1d,0.0001172649790532887
218,B,persist,fx_level_z_252,0.0011645789491012692
218,B,underwater,kospi_return_1d,0.003512847702950239
218,B,underwater,fx_level_z_252,-0.03434363007545471
218,alpha,,kospi_return_1d,0.019214963540434837
218,alpha,,fx_level_z_252,0.01686609536409378
219,beta,momentum,,-0.01851075142621994
219,beta,persist,,0.09566868096590042
219,beta,underwater,,0.04605520889163017
219,B,momentum,kospi_return_1d,0.0028161443769931793
219,B,momentum,fx_level_z_252,0.001070078811608255
219,B,persist,kospi_return_1d,0.0002995416580233723
219,B,persist,fx_level_z_252,0.0008924389258027077
219,B,underwater,kospi_return_1d,0.0038953141774982214
219,B,underwater,fx_level_z_252,-0.03433180972933769
219,alpha,,kospi_return_1d,0.01900811865925789
219,alpha,,fx_level_z_252,0.01648227870464325
220,beta,momentum,,-0.018672583624720573
220,beta,persist,,0.09577591717243195
220,beta,underwater,,0.045936308801174164
220,B,momentum,kospi_return_1d,0.0025332702789455652
220,B,momentum,fx_level_z_252,0.0011768157128244638
220,B,persist,kospi_return_1d,0.00030670739943161607
220,B,persist,fx_level_z_252,0.0007026022067293525
220,B,underwater,kospi_return_1d,0.004162353463470936
220,B,underwater,fx_level_z_252,-0.03431689739227295
220,alpha,,kospi_return_1d,0.018828118219971657
220,alpha,,fx_level_z_252,0.016187293455004692
221,beta,momentum,,-0.018766062334179878
221,beta,persist,,0.09580973535776138
221,beta,underwater,,0.04596440866589546
221,B,momentum,kospi_return_1d,0.002436988288536668
221,B,momentum,fx_level_z_252,0.0009904098697006702
221,B,persist,kospi_return_1d,0.00028235968784429133
221,B,persist,fx_level_z_252,0.0006608737166970968
221,B,underwater,kospi_return_1d,0.004233501385897398
221,B,underwater,fx_level_z_252,-0.03401431813836098
221,alpha,,kospi_return_1d,0.018677012994885445
221,alpha,,fx_level_z_252,0.015912717208266258
222,beta,momentum,,-0.018913015723228455
222,beta,persist,,0.0958620011806488
222,beta,underwater,,0.04602878913283348
222,B,momentum,kospi_return_1d,0.0023622773587703705
222,B,momentum,fx_level_z_252,0.0006379385013133287
222,B,persist,kospi_return_1d,0.00019720713316928595
222,B,persist,fx_level_z_252,0.0006591756828129292
222,B,underwater,kospi_return_1d,0.004130344372242689
222,B,underwater,fx_level_z_252,-0.03352801874279976
222,alpha,,kospi_return_1d,0.01854904182255268
222,alpha,,fx_level_z_252,0.015623773448169231
223,beta,momentum,,-0.018993554636836052
223,beta,persist,,0.09593969583511353
223,beta,underwater,,0.04600589722394943
223,B,momentum,kospi_return_1d,0.0022249126341193914
223,B,momentum,fx_level_z_252,0.0002928245230577886
223,B,persist,kospi_return_1d,-6.929309165570885e-05
223,B,persist,fx_level_z_252,0.000725056859664619
223,B,underwater,kospi_return_1d,0.003924788907170296
223,B,underwater,fx_level_z_252,-0.0331866592168808
223,alpha,,kospi_return_1d,0.01846696250140667
223,alpha,,fx_level_z_252,0.015265874564647675
224,beta,momentum,,-0.019037745893001556
224,beta,persist,,0.09598208963871002
224,beta,underwater,,0.04600119590759277
224,B,momentum,kospi_return_1d,0.0022831044625490904
224,B,momentum,fx_level_z_252,-2.649064117576927e-05
224,B,persist,kospi_return_1d,-0.00024102890165522695
224,B,persist,fx_level_z_252,0.0006695258198305964
224,B,underwater,kospi_return_1d,0.0036711329594254494
224,B,underwater,fx_level_z_252,-0.0328449010848999
224,alpha,,kospi_return_1d,0.018474260345101357
224,alpha,,fx_level_z_252,0.014934832230210304
225,beta,momentum,,-0.019198477268218994
225,beta,persist,,0.09601018577814102
225,beta,underwater,,0.046141088008880615
225,B,momentum,kospi_return_1d,0.002272548619657755
225,B,momentum,fx_level_z_252,-0.00022689008619636297
225,B,persist,kospi_return_1d,-8.357362821698189e-05
225,B,persist,fx_level_z_252,0.0007409934769384563
225,B,underwater,kospi_return_1d,0.0034365402534604073
225,B,underwater,fx_level_z_252,-0.03243326023221016
225,alpha,,kospi_return_1d,0.01842334493994713
225,alpha,,fx_level_z_252,0.014816487208008766
226,beta,momentum,,-0.01954697258770466
226,beta,persist,,0.09607388079166412
226,beta,underwater,,0.04636290669441223
226,B,momentum,kospi_return_1d,0.0020196791738271713
226,B,momentum,fx_level_z_252,-6.88529689796269e-05
226,B,persist,kospi_return_1d,0.000202510753297247
226,B,persist,fx_level_z_252,0.0006871956284157932
226,B,underwater,kospi_return_1d,0.003390098223462701
226,B,underwater,fx_level_z_252,-0.03209719434380531
226,alpha,,kospi_return_1d,0.018330823630094528
226,alpha,,fx_level_z_252,0.0147287268191576
227,beta,momentum,,-0.019891958683729172
227,beta,persist,,0.0961485207080841
227,beta,underwater,,0.04661830887198448
227,B,momentum,kospi_return_1d,0.0018901062430813909
227,B,momentum,fx_level_z_252,0.00024430055054835975
227,B,persist,kospi_return_1d,0.000276463630143553
227,B,persist,fx_level_z_252,0.0007464889204129577
227,B,underwater,kospi_return_1d,0.003243082668632269
227,B,underwater,fx_level_z_252,-0.03177386522293091
227,alpha,,kospi_return_1d,0.018082186579704285
227,alpha,,fx_level_z_252,0.014961292035877705
228,beta,momentum,,-0.020015105605125427
228,beta,persist,,0.09621161967515945
228,beta,underwater,,0.04664139449596405
228,B,momentum,kospi_return_1d,0.0018245491664856672
228,B,momentum,fx_level_z_252,0.00045276613673195243
228,B,persist,kospi_return_1d,0.00020453485194593668
228,B,persist,fx_level_z_252,0.0005801353836432099
228,B,underwater,kospi_return_1d,0.003175950376316905
228,B,underwater,fx_level_z_252,-0.031660694628953934
228,alpha,,kospi_return_1d,0.01770978793501854
228,alpha,,fx_level_z_252,0.015036268159747124
229,beta,momentum,,-0.020095128566026688
229,beta,persist,,0.09633615612983704
229,beta,underwater,,0.046706508845090866
229,B,momentum,kospi_return_1d,0.0018537527648732066
229,B,momentum,fx_level_z_252,0.0005914730718359351
229,B,persist,kospi_return_1d,-0.00018490829097572714
229,B,persist,fx_level_z_252,0.0003835608658846468
229,B,underwater,kospi_return_1d,0.002956792013719678
229,B,underwater,fx_level_z_252,-0.031538624316453934
229,alpha,,kospi_return_1d,0.017331508919596672
229,alpha,,fx_level_z_252,0.015199068002402782
230,beta,momentum,,-0.02021423913538456
230,beta,persist,,0.09647989273071289
230,beta,underwater,,0.04679613932967186
230,B,momentum,kospi_return_1d,0.0020518649835139513
230,B,momentum,fx_level_z_252,0.0007281879079528153
230,B,persist,kospi_return_1d,-0.00048464108840562403
230,B,persist,fx_level_z_252,3.367957833688706e-05
230,B,underwater,kospi_return_1d,0.002733576809987426
230,B,underwater,fx_level_z_252,-0.03146473318338394
230,alpha,,kospi_return_1d,0.016974886879324913
230,alpha,,fx_level_z_252,0.015495199710130692
231,beta,momentum,,-0.020337756723165512
231,beta,persist,,0.09662552922964096
231,beta,underwater,,0.046742260456085205
231,B,momentum,kospi_return_1d,0.0022408082149922848
231,B,momentum,fx_level_z_252,0.0010134975891560316
231,B,persist,kospi_return_1d,-0.0007130957674235106
231,B,persist,fx_level_z_252,-0.0003534589777700603
231,B,underwater,kospi_return_1d,0.002564760623499751
231,B,underwater,fx_level_z_252,-0.031542159616947174
231,alpha,,kospi_return_1d,0.016688436269760132
231,alpha,,fx_level_z_252,0.01564665697515011
232,beta,momentum,,-0.020393460988998413
232,beta,persist,,0.09665939956903458
232,beta,underwater,,0.04653056338429451
232,B,momentum,kospi_return_1d,0.0023647407069802284
232,B,momentum,fx_level_z_252,0.0013739364221692085
232,B,persist,kospi_return_1d,-0.0009287456050515175
232,B,persist,fx_level_z_252,-0.0004830081597901881
232,B,underwater,kospi_return_1d,0.00248800590634346
232,B,underwater,fx_level_z_252,-0.03178274258971214
232,alpha,,kospi_return_1d,0.016543280333280563
232,alpha,,fx_level_z_252,0.015716850757598877
233,beta,momentum,,-0.02023962140083313
233,beta,persist,,0.09664503484964371
233,beta,underwater,,0.04625653102993965
233,B,momentum,kospi_return_1d,0.00268744514323771
233,B,momentum,fx_level_z_252,0.0017090251203626394
233,B,persist,kospi_return_1d,-0.0010395764838904142
233,B,persist,fx_level_z_252,-0.00036502970033325255
233,B,underwater,kospi_return_1d,0.0023473617620766163
233,B,underwater,fx_level_z_252,-0.032190706580877304
233,alpha,,kospi_return_1d,0.01651294156908989
233,alpha,,fx_level_z_252,0.015678197145462036
234,beta,momentum,,-0.020030908286571503
234,beta,persist,,0.0965319350361824
234,beta,underwater,,0.04601950943470001
234,B,momentum,kospi_return_1d,0.0030544716864824295
234,B,momentum,fx_level_z_252,0.001915138098411262
234,B,persist,kospi_return_1d,-0.001084900926798582
234,B,persist,fx_level_z_252,-0.0003691084566526115
234,B,underwater,kospi_return_1d,0.0021571961697191
234,B,underwater,fx_level_z_252,-0.03251652047038078
234,alpha,,kospi_return_1d,0.016694383695721626
234,alpha,,fx_level_z_252,0.01569415256381035
235,beta,momentum,,-0.019935298711061478
235,beta,persist,,0.09649772942066193
235,beta,underwater,,0.04595717415213585
235,B,momentum,kospi_return_1d,0.00337525294162333
235,B,momentum,fx_level_z_252,0.002066750777885318
235,B,persist,kospi_return_1d,-0.0008709413814358413
235,B,persist,fx_level_z_252,-0.00032639861456118524
235,B,underwater,kospi_return_1d,0.001992221223190427
235,B,underwater,fx_level_z_252,-0.03272802755236626
235,alpha,,kospi_return_1d,0.01680551841855049
235,alpha,,fx_level_z_252,0.015755845233798027
236,beta,momentum,,-0.019791152328252792
236,beta,persist,,0.09635313600301743
236,beta,underwater,,0.045827604830265045
236,B,momentum,kospi_return_1d,0.003576728980988264
236,B,momentum,fx_level_z_252,0.002160141011700034
236,B,persist,kospi_return_1d,-0.000450397958047688
236,B,persist,fx_level_z_252,-0.00022058987815398723
236,B,underwater,kospi_return_1d,0.002009785734117031
236,B,underwater,fx_level_z_252,-0.03297482058405876
236,alpha,,kospi_return_1d,0.017108846455812454
236,alpha,,fx_level_z_252,0.01584780588746071
237,beta,momentum,,-0.019629238173365593
237,beta,persist,,0.09618991613388062
237,beta,underwater,,0.045728474855422974
237,B,momentum,kospi_return_1d,0.0037346873432397842
237,B,momentum,fx_level_z_252,0.0021861784625798464
237,B,persist,kospi_return_1d,0.0001222394494106993
237,B,persist,fx_level_z_252,-6.846835458418354e-05
237,B,underwater,kospi_return_1d,0.0019816646818071604
237,B,underwater,fx_level_z_252,-0.033277224749326706
237,alpha,,kospi_return_1d,0.01745976321399212
237,alpha,,fx_level_z_252,0.015915272757411003
238,beta,momentum,,-0.019606096670031548
238,beta,persist,,0.09601621329784393
238,beta,underwater,,0.04561604559421539
238,B,momentum,kospi_return_1d,0.00384912290610373
238,B,momentum,fx_level_z_252,0.002361697144806385
238,B,persist,kospi_return_1d,0.0006993027054704726
238,B,persist,fx_level_z_252,-2.226237120339647e-05
238,B,underwater,kospi_return_1d,0.0021241093054413795
238,B,underwater,fx_level_z_252,-0.03363419696688652
238,alpha,,kospi_return_1d,0.017889466136693954
238,alpha,,fx_level_z_252,0.016126714646816254
239,beta,momentum,,-0.019636234268546104
239,beta,persist,,0.09583528339862823
239,beta,underwater,,0.045432135462760925
239,B,momentum,kospi_return_1d,0.0038968557491898537
239,B,momentum,fx_level_z_252,0.002478349022567272
239,B,persist,kospi_return_1d,0.001091078738681972
239,B,persist,fx_level_z_252,8.120293932734057e-05
239,B,underwater,kospi_return_1d,0.002422582358121872
239,B,underwater,fx_level_z_252,-0.034038711339235306
239,alpha,,kospi_return_1d,0.018189437687397003
239,alpha,,fx_level_z_252,0.016154471784830093
240,beta,momentum,,-0.01963142678141594
240,beta,persist,,0.09565693140029907
240,beta,underwater,,0.04519563540816307
240,B,momentum,kospi_return_1d,0.003990008030086756
240,B,momentum,fx_level_z_252,0.0025726333260536194
240,B,persist,kospi_return_1d,0.0013721121940761805
240,B,persist,fx_level_z_252,0.0003148846735712141
240,B,underwater,kospi_return_1d,0.0025619284715503454
240,B,underwater,fx_level_z_252,-0.03436329960823059
240,alpha,,kospi_return_1d,0.01853143610060215
240,alpha,,fx_level_z_252,0.016152285039424896
241,beta,momentum,,-0.01967601105570793
241,beta,persist,,0.0954844281077385
241,beta,underwater,,0.04506687447428703
241,B,momentum,kospi_return_1d,0.003936976660043001
241,B,momentum,fx_level_z_252,0.002604901324957609
241,B,persist,kospi_return_1d,0.001625817152671516
241,B,persist,fx_level_z_252,0.0004884421941824257
241,B,underwater,kospi_return_1d,0.002709974069148302
241,B,underwater,fx_level_z_252,-0.03456750139594078
241,alpha,,kospi_return_1d,0.018952304497361183
241,alpha,,fx_level_z_252,0.016345463693141937
242,beta,momentum,,-0.019669823348522186
242,beta,persist,,0.09535755217075348
242,beta,underwater,,0.04497675970196724
242,B,momentum,kospi_return_1d,0.0037826879415661097
242,B,momentum,fx_level_z_252,0.0023783203214406967
242,B,persist,kospi_return_1d,0.0017661339370533824
242,B,persist,fx_level_z_252,0.0006506636855192482
242,B,underwater,kospi_return_1d,0.002771546132862568
242,B,underwater,fx_level_z_252,-0.034577250480651855
242,alpha,,kospi_return_1d,0.01913169026374817
242,alpha,,fx_level_z_252,0.0164476465433836
243,beta,momentum,,-0.019669560715556145
243,beta,persist,,0.0952843502163887
243,beta,underwater,,0.04500841721892357
243,B,momentum,kospi_return_1d,0.003770075272768736
243,B,momentum,fx_level_z_252,0.0019063757499679923
243,B,persist,kospi_return_1d,0.0017075774958357215
243,B,persist,fx_level_z_252,0.0010216782102361321
243,B,underwater,kospi_return_1d,0.002639038022607565
243,B,underwater,fx_level_z_252,-0.034365758299827576
243,alpha,,kospi_return_1d,0.019244467839598656
243,alpha,,fx_level_z_252,0.016563130542635918
244,beta,momentum,,-0.01977016031742096
244,beta,persist,,0.09530729800462723
244,beta,underwater,,0.04508799687027931
244,B,momentum,kospi_return_1d,0.003639831440523267
244,B,momentum,fx_level_z_252,0.001514693722128868
244,B,persist,kospi_return_1d,0.0016283933073282242
244,B,persist,fx_level_z_252,0.0012232474982738495
244,B,underwater,kospi_return_1d,0.002372016664594412
244,B,underwater,fx_level_z_252,-0.03409161418676376
244,alpha,,kospi_return_1d,0.019242063164711
244,alpha,,fx_level_z_252,0.016660461202263832
245,beta,momentum,,-0.019837243482470512
245,beta,persist,,0.0953938439488411
245,beta,underwater,,0.04520486667752266
245,B,momentum,kospi_return_1d,0.0035671726800501347
245,B,momentum,fx_level_z_252,0.001148178824223578
245,B,persist,kospi_return_1d,0.0014246826758608222
245,B,persist,fx_level_z_252,0.0011882957769557834
245,B,underwater,kospi_return_1d,0.00214777491055429
245,B,underwater,fx_level_z_252,-0.033856265246868134
245,alpha,,kospi_return_1d,0.019085727632045746
245,alpha,,fx_level_z_252,0.016704700887203217
246,beta,momentum,,-0.01987330988049507
246,beta,persist,,0.09554014354944229
246,beta,underwater,,0.04536523297429085
246,B,momentum,kospi_return_1d,0.0034405302722007036
246,B,momentum,fx_level_z_252,0.0008670217939652503
246,B,persist,kospi_return_1d,0.0011823077220469713
246,B,persist,fx_level_z_252,0.001061566174030304
246,B,underwater,kospi_return_1d,0.0019621155224740505
246,B,underwater,fx_level_z_252,-0.03359830006957054
246,alpha,,kospi_return_1d,0.018766656517982483
246,alpha,,fx_level_z_252,0.01686435006558895
247,beta,momentum,,-0.01988929696381092
247,beta,persist,,0.09570546448230743
247,beta,underwater,,0.045429691672325134
247,B,momentum,kospi_return_1d,0.0032264224719256163
247,B,momentum,fx_level_z_252,0.0006640830542892218
247,B,persist,kospi_return_1d,0.0008610408985987306
247,B,persist,fx_level_z_252,0.000752102816477418
247,B,underwater,kospi_return_1d,0.0018818167736753821
247,B,underwater,fx_level_z_252,-0.03343664109706879
247,alpha,,kospi_return_1d,0.018485741689801216
247,alpha,,fx_level_z_252,0.016887221485376358
248,beta,momentum,,-0.019922427833080292
248,beta,persist,,0.09579325467348099
248,beta,underwater,,0.045454513281583786
248,B,momentum,kospi_return_1d,0.0031454875133931637
248,B,momentum,fx_level_z_252,0.0005804784595966339
248,B,persist,kospi_return_1d,0.00047667091712355614
248,B,persist,fx_level_z_252,0.0005223458865657449
248,B,underwater,kospi_return_1d,0.001805316423997283
248,B,underwater,fx_level_z_252,-0.03327462077140808
248,alpha,,kospi_return_1d,0.01830635592341423
248,alpha,,fx_level_z_252,0.01678236946463585
249,beta,momentum,,-0.02008095569908619
249,beta,persist,,0.09590820968151093
249,beta,underwater,,0.04548298567533493
249,B,momentum,kospi_return_1d,0.0033069581259042025
249,B,momentum,fx_level_z_252,0.0005425608833320439
249,B,persist,kospi_return_1d,8.965155575424433e-05
249,B,persist,fx_level_z_252,0.00043073485721834004
249,B,underwater,kospi_return_1d,0.0016978740459308028
249,B,underwater,fx_level_z_252,-0.03316113352775574
249,alpha,,kospi_return_1d,0.018192745745182037
249,alpha,,fx_level_z_252,0.016733065247535706
250,beta,momentum,,-0.020247573032975197
250,beta,persist,,0.09596962481737137
250,beta,underwater,,0.0453663095831871
250,B,momentum,kospi_return_1d,0.0033251154236495495
250,B,momentum,fx_level_z_252,0.0006276826607063413
250,B,persist,kospi_return_1d,-0.00042088894406333566
250,B,persist,fx_level_z_252,0.00038267593481577933
250,B,underwater,kospi_return_1d,0.0016603277763351798
250,B,underwater,fx_level_z_252,-0.033258792012929916
250,alpha,,kospi_return_1d,0.018172381445765495
250,alpha,,fx_level_z_252,0.01669519580900669
251,beta,momentum,,-0.020423734560608864
251,beta,persist,,0.09600694477558136
251,beta,underwater,,0.04528799280524254
251,B,momentum,kospi_return_1d,0.0032383687794208527
251,B,momentum,fx_level_z_252,0.0008830367587506771
251,B,persist,kospi_return_1d,-0.0008765179081819952
251,B,persist,fx_level_z_252,0.00040723668644204736
251,B,underwater,kospi_return_1d,0.0015858282567933202
251,B,underwater,fx_level_z_252,-0.03338738903403282
251,alpha,,kospi_return_1d,0.018172360956668854
251,alpha,,fx_level_z_252,0.016893107444047928
252,beta,momentum,,-0.020498568192124367
252,beta,persist,,0.09600240737199783
252,beta,underwater,,0.045150548219680786
252,B,momentum,kospi_return_1d,0.0029393318109214306
252,B,momentum,fx_level_z_252,0.0011100193951278925
252,B,persist,kospi_return_1d,-0.0008822095114737749
252,B,persist,fx_level_z_252,0.00020766668603755534
252,B,underwater,kospi_return_1d,0.001758374972268939
252,B,underwater,fx_level_z_252,-0.03353652358055115
252,alpha,,kospi_return_1d,0.018457049503922462
252,alpha,,fx_level_z_252,0.017190096899867058
253,beta,momentum,,-0.020586885511875153
253,beta,persist,,0.09603942185640335
253,beta,underwater,,0.045106299221515656
253,B,momentum,kospi_return_1d,0.0028061934281140566
253,B,momentum,fx_level_z_252,0.0011339749908074737
253,B,persist,kospi_return_1d,-0.0007986813434399664
253,B,persist,fx_level_z_252,5.7709177781362087e-05
253,B,underwater,kospi_return_1d,0.0019535806495696306
253,B,underwater,fx_level_z_252,-0.03359130397439003
253,alpha,,kospi_return_1d,0.018642984330654144
253,alpha,,fx_level_z_252,0.017521115019917488
254,beta,momentum,,-0.020636627450585365
254,beta,persist,,0.09596721827983856
254,beta,underwater,,0.04500478878617287
254,B,momentum,kospi_return_1d,0.0025647312868386507
254,B,momentum,fx_level_z_252,0.0010445310035720468
254,B,persist,kospi_return_1d,-0.0006909400108270347
254,B,persist,fx_level_z_252,-4.506179902818985e-05
254,B,underwater,kospi_return_1d,0.002144814236089587
254,B,underwater,fx_level_z_252,-0.033582981675863266
254,alpha,,kospi_return_1d,0.018884772434830666
254,alpha,,fx_level_z_252,0.017736904323101044
255,beta,momentum,,-0.02062169648706913
255,beta,persist,,0.09589336812496185
255,beta,underwater,,0.04491589218378067
255,B,momentum,kospi_return_1d,0.002200417686253786
255,B,momentum,fx_level_z_252,0.0009735593921504915
255,B,persist,kospi_return_1d,-5.647892248816788e-05
255,B,persist,fx_level_z_252,-7.397450099233538e-05
255,B,underwater,kospi_return_1d,0.002401958918198943
255,B,underwater,fx_level_z_252,-0.03369459882378578
255,alpha,,kospi_return_1d,0.019116299226880074
255,alpha,,fx_level_z_252,0.018083523958921432
256,beta,momentum,,-0.020662011578679085
256,beta,persist,,0.09587624669075012
256,beta,underwater,,0.044829681515693665
256,B,momentum,kospi_return_1d,0.0019374929834157228
256,B,momentum,fx_level_z_252,0.00087808130774647
256,B,persist,kospi_return_1d,0.0005638857837766409
256,B,persist,fx_level_z_252,-0.00013578400830738246
256,B,underwater,kospi_return_1d,0.002508976263925433
256,B,underwater,fx_level_z_252,-0.03391778841614723
256,alpha,,kospi_return_1d,0.019356736913323402
256,alpha,,fx_level_z_252,0.018348217010498047
257,beta,momentum,,-0.020614055916666985
257,beta,persist,,0.09591133147478104
257,beta,underwater,,0.04472631216049194
257,B,momentum,kospi_return_1d,0.0017697176663205028
257,B,momentum,fx_level_z_252,0.0007931606378406286
257,B,persist,kospi_return_1d,0.0009691049926914275
257,B,persist,fx_level_z_252,-4.789167724084109e-05
257,B,underwater,kospi_return_1d,0.002568630501627922
257,B,underwater,fx_level_z_252,-0.03412424027919769
257,alpha,,kospi_return_1d,0.01951116882264614
257,alpha,,fx_level_z_252,0.018633170053362846
258,beta,momentum,,-0.020422114059329033
258,beta,persist,,0.09600159525871277
258,beta,underwater,,0.0445437952876091
258,B,momentum,kospi_return_1d,0.0019035820150747895
258,B,momentum,fx_level_z_252,0.0007246602326631546
258,B,persist,kospi_return_1d,0.0010316423140466213
258,B,persist,fx_level_z_252,0.00019759339920710772
258,B,underwater,kospi_return_1d,0.0025761560536921024
258,B,underwater,fx_level_z_252,-0.0342593677341938
258,alpha,,kospi_return_1d,0.019489577040076256
258,alpha,,fx_level_z_252,0.018874691799283028
259,beta,momentum,,-0.02021493762731552
259,beta,persist,,0.09606178104877472
259,beta,underwater,,0.044268809258937836
259,B,momentum,kospi_return_1d,0.0020851041190326214
259,B,momentum,fx_level_z_252,0.0008637971477583051
259,B,persist,kospi_return_1d,0.0009281305246986449
259,B,persist,fx_level_z_252,0.0003077603178098798
259,B,underwater,kospi_return_1d,0.002546180970966816
259,B,underwater,fx_level_z_252,-0.03457571938633919
259,alpha,,kospi_return_1d,0.019409995526075363
259,alpha,,fx_level_z_252,0.019140394404530525
260,beta,momentum,,-0.020036334171891212
260,beta,persist,,0.09612472355365753
260,beta,underwater,,0.04409489780664444
260,B,momentum,kospi_return_1d,0.002385502913966775
260,B,momentum,fx_level_z_252,0.001034204033203423
260,B,persist,kospi_return_1d,0.0006997351301833987
260,B,persist,fx_level_z_252,0.000414312700740993
260,B,underwater,kospi_return_1d,0.0023975830990821123
260,B,underwater,fx_level_z_252,-0.03487686067819595
260,alpha,,kospi_return_1d,0.019313860684633255
260,alpha,,fx_level_z_252,0.0193333737552166
261,beta,momentum,,-0.020054420456290245
261,beta,persist,,0.09618252515792847
261,beta,underwater,,0.04406549036502838
261,B,momentum,kospi_return_1d,0.0027800113894045353
261,B,momentum,fx_level_z_252,0.0011869019363075495
261,B,persist,kospi_return_1d,0.00023254685220308602
261,B,persist,fx_level_z_252,0.0004535767948254943
261,B,underwater,kospi_return_1d,0.0020339773036539555
261,B,underwater,fx_level_z_252,-0.035111043602228165
261,alpha,,kospi_return_1d,0.019272835925221443
261,alpha,,fx_level_z_252,0.01954844407737255
262,beta,momentum,,-0.020129509270191193
262,beta,persist,,0.09620317071676254
262,beta,underwater,,0.043992433696985245
262,B,momentum,kospi_return_1d,0.0031025365460664034
262,B,momentum,fx_level_z_252,0.0013157404027879238
262,B,persist,kospi_return_1d,-9.788035822566599e-05
262,B,persist,fx_level_z_252,0.0003218505880795419
262,B,underwater,kospi_return_1d,0.0018143190536648035
262,B,underwater,fx_level_z_252,-0.035295724868774414
262,alpha,,kospi_return_1d,0.019326018169522285
262,alpha,,fx_level_z_252,0.019600657746195793
263,beta,momentum,,-0.02020576037466526
263,beta,persist,,0.09617487341165543
263,beta,underwater,,0.04392760246992111
263,B,momentum,kospi_return_1d,0.003336763707920909
263,B,momentum,fx_level_z_252,0.0011781840585172176
263,B,persist,kospi_return_1d,-0.0002815417537931353
263,B,persist,fx_level_z_252,0.0001664655574131757
263,B,underwater,kospi_return_1d,0.0016136380145326257
263,B,underwater,fx_level_z_252,-0.03524208441376686
263,alpha,,kospi_return_1d,0.019198788329958916
263,alpha,,fx_level_z_252,0.01962798461318016
264,beta,momentum,,-0.020319722592830658
264,beta,persist,,0.09620145708322525
264,beta,underwater,,0.043973829597234726
264,B,momentum,kospi_return_1d,0.0035653391387313604
264,B,momentum,fx_level_z_252,0.0010639140382409096
264,B,persist,kospi_return_1d,-0.00026890216395258904
264,B,persist,fx_level_z_252,3.955938154831529e-06
264,B,underwater,kospi_return_1d,0.0013517052866518497
264,B,underwater,fx_level_z_252,-0.03513144701719284
264,alpha,,kospi_return_1d,0.019201239570975304
264,alpha,,fx_level_z_252,0.019615311175584793
265,beta,momentum,,-0.0204785019159317
265,beta,persist,,0.09627126157283783
265,beta,underwater,,0.044069427996873856
265,B,momentum,kospi_return_1d,0.003736234735697508
265,B,momentum,fx_level_z_252,0.0009325663559138775
265,B,persist,kospi_return_1d,-0.00010369486699346453
265,B,persist,fx_level_z_252,-0.0002019628882408142
265,B,underwater,kospi_return_1d,0.0010363610927015543
265,B,underwater,fx_level_z_252,-0.03500540554523468
265,alpha,,kospi_return_1d,0.019172243773937225
265,alpha,,fx_level_z_252,0.019551290199160576
266,beta,momentum,,-0.020617462694644928
266,beta,persist,,0.09633912146091461
266,beta,underwater,,0.04418177157640457
266,B,momentum,kospi_return_1d,0.0038693624082952738
266,B,momentum,fx_level_z_252,0.0007875790470279753
266,B,persist,kospi_return_1d,3.0048513508518226e-05
266,B,persist,fx_level_z_252,-0.0003616154717747122
266,B,underwater,kospi_return_1d,0.0009021920268423855
266,B,underwater,fx_level_z_252,-0.03481972590088844
266,alpha,,kospi_return_1d,0.019102469086647034
266,alpha,,fx_level_z_252,0.01949114166200161
267,beta,momentum,,-0.020656093955039978
267,beta,persist,,0.09634542465209961
267,beta,underwater,,0.04432378709316254
267,B,momentum,kospi_return_1d,0.0040216208435595036
267,B,momentum,fx_level_z_252,0.0004368882509879768
267,B,persist,kospi_return_1d,3.9670838305028155e-05
267,B,persist,fx_level_z_252,-0.0002698877942748368
267,B,underwater,kospi_return_1d,0.0007587748696096241
267,B,underwater,fx_level_z_252,-0.03452282026410103
267,alpha,,kospi_return_1d,0.01914563775062561
267,alpha,,fx_level_z_252,0.019388863816857338
268,beta,momentum,,-0.020703978836536407
268,beta,persist,,0.09631207585334778
268,beta,underwater,,0.044513039290905
268,B,momentum,kospi_return_1d,0.004117288626730442
268,B,momentum,fx_level_z_252,5.8053701650351286e-05
268,B,persist,kospi_return_1d,-8.186238119378686e-06
268,B,persist,fx_level_z_252,-1.608068123459816e-05
268,B,underwater,kospi_return_1d,0.0006248190766200423
268,B,underwater,fx_level_z_252,-0.034236982464790344
268,alpha,,kospi_return_1d,0.019124018028378487
268,alpha,,fx_level_z_252,0.019259054213762283
269,beta,momentum,,-0.020657412707805634
269,beta,persist,,0.09620364755392075
269,beta,underwater,,0.044577036052942276
269,B,momentum,kospi_return_1d,0.004275152459740639
269,B,momentum,fx_level_z_252,-0.00017303420463576913
269,B,persist,kospi_return_1d,-0.00016892520943656564
269,B,persist,fx_level_z_252,0.0002565592003520578
269,B,underwater,kospi_return_1d,0.0005719222826883197
269,B,underwater,fx_level_z_252,-0.034163232892751694
269,alpha,,kospi_return_1d,0.01903476007282734
269,alpha,,fx_level_z_252,0.019165566191077232
270,beta,momentum,,-0.020455941557884216
270,beta,persist,,0.09602634608745575
270,beta,underwater,,0.04441579431295395
270,B,momentum,kospi_return_1d,0.00446287589147687
270,B,momentum,fx_level_z_252,-0.00020334546570666134
270,B,persist,kospi_return_1d,-0.0004565151175484061
270,B,persist,fx_level_z_252,0.0005768848932348192
270,B,underwater,kospi_return_1d,0.0004983349936082959
270,B,underwater,fx_level_z_252,-0.034235112369060516
270,alpha,,kospi_return_1d,0.0190120879560709
270,alpha,,fx_level_z_252,0.018864763900637627
271,beta,momentum,,-0.02025710977613926
271,beta,persist,,0.09590450674295425
271,beta,underwater,,0.04419904202222824
271,B,momentum,kospi_return_1d,0.004471386782824993
271,B,momentum,fx_level_z_252,7.197089144028723e-05
271,B,persist,kospi_return_1d,-0.0003768443129956722
271,B,persist,fx_level_z_252,0.0005699883913621306
271,B,underwater,kospi_return_1d,0.0006985989166423678
271,B,underwater,fx_level_z_252,-0.03439914807677269
271,alpha,,kospi_return_1d,0.018966950476169586
271,alpha,,fx_level_z_252,0.018484992906451225
272,beta,momentum,,-0.020176898688077927
272,beta,persist,,0.09583483636379242
272,beta,underwater,,0.04405239224433899
272,B,momentum,kospi_return_1d,0.004385361913591623
272,B,momentum,fx_level_z_252,0.0002908211899921298
272,B,persist,kospi_return_1d,-9.492039680480957e-05
272,B,persist,fx_level_z_252,0.0003443497116677463
272,B,underwater,kospi_return_1d,0.0010113280732184649
272,B,underwater,fx_level_z_252,-0.0345265157520771
272,alpha,,kospi_return_1d,0.01888284832239151
272,alpha,,fx_level_z_252,0.018125589936971664
273,beta,momentum,,-0.02018866129219532
273,beta,persist,,0.0957731157541275
273,beta,underwater,,0.04400913417339325
273,B,momentum,kospi_return_1d,0.004312720149755478
273,B,momentum,fx_level_z_252,0.0004740976437460631
273,B,persist,kospi_return_1d,0.00037400907604023814
273,B,persist,fx_level_z_252,7.837118755560368e-05
273,B,underwater,kospi_return_1d,0.001384269562549889
273,B,underwater,fx_level_z_252,-0.03469468653202057
273,alpha,,kospi_return_1d,0.01887093111872673
273,alpha,,fx_level_z_252,0.017884310334920883
274,beta,momentum,,-0.020255330950021744
274,beta,persist,,0.09578823298215866
274,beta,underwater,,0.04410666227340698
274,B,momentum,kospi_return_1d,0.0043779173865914345
274,B,momentum,fx_level_z_252,0.0005074209766462445
274,B,persist,kospi_return_1d,0.0006073954864405096
274,B,persist,fx_level_z_252,-0.00015935898409225047
274,B,underwater,kospi_return_1d,0.0015483044553548098
274,B,underwater,fx_level_z_252,-0.034534599632024765
274,alpha,,kospi_return_1d,0.01896371878683567
274,alpha,,fx_level_z_252,0.01770772412419319
275,beta,momentum,,-0.020412877202033997
275,beta,persist,,0.09587793797254562
275,beta,underwater,,0.04417399689555168
275,B,momentum,kospi_return_1d,0.004408822860568762
275,B,momentum,fx_level_z_252,0.0004881347413174808
275,B,persist,kospi_return_1d,0.0009477701387368143
275,B,persist,fx_level_z_252,-0.0002980935387313366
275,B,underwater,kospi_return_1d,0.0018439864506945014
275,B,underwater,fx_level_z_252,-0.03428907319903374
275,alpha,,kospi_return_1d,0.01889762096107006
275,alpha,,fx_level_z_252,0.017525119706988335
276,beta,momentum,,-0.020694497972726822
276,beta,persist,,0.09600432217121124
276,beta,underwater,,0.04419494792819023
276,B,momentum,kospi_return_1d,0.004401938058435917
276,B,momentum,fx_level_z_252,0.0004819981404580176
276,B,persist,kospi_return_1d,0.0010983895044773817
276,B,persist,fx_level_z_252,-0.0002905077999457717
276,B,underwater,kospi_return_1d,0.0022400026209652424
276,B,underwater,fx_level_z_252,-0.03396429866552353
276,alpha,,kospi_return_1d,0.01880645379424095
276,alpha,,fx_level_z_252,0.017327025532722473
277,beta,momentum,,-0.021038763225078583
277,beta,persist,,0.09609725326299667
277,beta,underwater,,0.04431110993027687
277,B,momentum,kospi_return_1d,0.004496474284678698
277,B,momentum,fx_level_z_252,0.00042666381341405213
277,B,persist,kospi_return_1d,0.0010114377364516258
277,B,persist,fx_level_z_252,-9.969857637770474e-05
277,B,underwater,kospi_return_1d,0.0025744042359292507
277,B,underwater,fx_level_z_252,-0.03367561846971512
277,alpha,,kospi_return_1d,0.018774382770061493
277,alpha,,fx_level_z_252,0.017379703000187874
278,beta,momentum,,-0.021343713626265526
278,beta,persist,,0.09613300859928131
278,beta,underwater,,0.044557902961969376
278,B,momentum,kospi_return_1d,0.0045655048452317715
278,B,momentum,fx_level_z_252,0.0002481351839378476
278,B,persist,kospi_return_1d,0.0009853765368461609
278,B,persist,fx_level_z_252,0.000260193832218647
278,B,underwater,kospi_return_1d,0.002844367641955614
278,B,underwater,fx_level_z_252,-0.03337696194648743
278,alpha,,kospi_return_1d,0.018804315477609634
278,alpha,,fx_level_z_252,0.01769457384943962
279,beta,momentum,,-0.021540170535445213
279,beta,persist,,0.09621547907590866
279,beta,underwater,,0.04470549151301384
279,B,momentum,kospi_return_1d,0.004430670756846666
279,B,momentum,fx_level_z_252,0.00014449964510276914
279,B,persist,kospi_return_1d,0.001165110501460731
279,B,persist,fx_level_z_252,0.0004495620960369706
279,B,underwater,kospi_return_1d,0.0033109565265476704
279,B,underwater,fx_level_z_252,-0.033196821808815
279,alpha,,kospi_return_1d,0.0188386719673872
279,alpha,,fx_level_z_252,0.018082424998283386
280,beta,momentum,,-0.021775277331471443
280,beta,persist,,0.09623605012893677
280,beta,underwater,,0.04472135379910469
280,B,momentum,kospi_return_1d,0.003970548510551453
280,B,momentum,fx_level_z_252,5.067519668955356e-05
280,B,persist,kospi_return_1d,0.0012999321334064007
280,B,persist,fx_level_z_252,0.0006314794882200658
280,B,underwater,kospi_return_1d,0.0038556319195777178
280,B,underwater,fx_level_z_252,-0.03304602950811386
280,alpha,,kospi_return_1d,0.018904073163866997
280,alpha,,fx_level_z_252,0.01837768219411373
281,beta,momentum,,-0.021883081644773483
281,beta,persist,,0.09620525687932968
281,beta,underwater,,0.044810306280851364
281,B,momentum,kospi_return_1d,0.0037268276792019606
281,B,momentum,fx_level_z_252,-0.00012797806994058192
281,B,persist,kospi_return_1d,0.0011395092587918043
281,B,persist,fx_level_z_252,0.000650491681881249
281,B,underwater,kospi_return_1d,0.004156491253525019
281,B,underwater,fx_level_z_252,-0.03281804919242859
281,alpha,,kospi_return_1d,0.01910143904387951
281,alpha,,fx_level_z_252,0.018673647195100784
282,beta,momentum,,-0.02187199331820011
282,beta,persist,,0.09611821919679642
282,beta,underwater,,0.04486860707402229
282,B,momentum,kospi_return_1d,0.0035180598497390747
282,B,momentum,fx_level_z_252,-0.00014064303832128644
282,B,persist,kospi_return_1d,0.0010855949949473143
282,B,persist,fx_level_z_252,0.0007986046839505434
282,B,underwater,kospi_return_1d,0.004370733629912138
282,B,underwater,fx_level_z_252,-0.03264112025499344
282,alpha,,kospi_return_1d,0.019359322264790535
282,alpha,,fx_level_z_252,0.018653258681297302
283,beta,momentum,,-0.02180824615061283
283,beta,persist,,0.09607701003551483
283,beta,underwater,,0.044949885457754135
283,B,momentum,kospi_return_1d,0.0032906613778322935
283,B,momentum,fx_level_z_252,-7.697422915953211e-06
283,B,persist,kospi_return_1d,0.0009219161001965404
283,B,persist,fx_level_z_252,0.0007952429004944861
283,B,underwater,kospi_return_1d,0.004515003878623247
283,B,underwater,fx_level_z_252,-0.032491978257894516
283,alpha,,kospi_return_1d,0.0195277351886034
283,alpha,,fx_level_z_252,0.01864573545753956
284,beta,momentum,,-0.021708916872739792
284,beta,persist,,0.09593934565782547
284,beta,underwater,,0.044918760657310486
284,B,momentum,kospi_return_1d,0.0031638378277420998
284,B,momentum,fx_level_z_252,2.730111373239197e-05
284,B,persist,kospi_return_1d,0.0007500348729081452
284,B,persist,fx_level_z_252,0.0008370901341550052
284,B,underwater,kospi_return_1d,0.004543679300695658
284,B,underwater,fx_level_z_252,-0.0323185995221138
284,alpha,,kospi_return_1d,0.019673559814691544
284,alpha,,fx_level_z_252,0.01848967932164669
285,beta,momentum,,-0.021622104570269585
285,beta,persist,,0.09587214142084122
285,beta,underwater,,0.04489438980817795
285,B,momentum,kospi_return_1d,0.00292963651008904
285,B,momentum,fx_level_z_252,-3.3383221307303756e-06
285,B,persist,kospi_return_1d,0.0007397340959869325
285,B,persist,fx_level_z_252,0.0006752251065336168
285,B,underwater,kospi_return_1d,0.00453931512311101
285,B,underwater,fx_level_z_252,-0.03212956711649895
285,alpha,,kospi_return_1d,0.01980164647102356
285,alpha,,fx_level_z_252,0.018497182056307793
286,beta,momentum,,-0.021593451499938965
286,beta,persist,,0.09577471017837524
286,beta,underwater,,0.04487813264131546
286,B,momentum,kospi_return_1d,0.0028004625346511602
286,B,momentum,fx_level_z_252,0.00012889654317405075
286,B,persist,kospi_return_1d,0.0006507134530693293
286,B,persist,fx_level_z_252,0.0004681948048528284
286,B,underwater,kospi_return_1d,0.004581913817673922
286,B,underwater,fx_level_z_252,-0.032015640288591385
286,alpha,,kospi_return_1d,0.019936926662921906
286,alpha,,fx_level_z_252,0.01863754913210869
287,beta,momentum,,-0.02145555429160595
287,beta,persist,,0.09572575241327286
287,beta,underwater,,0.044911157339811325
287,B,momentum,kospi_return_1d,0.002766758669167757
287,B,momentum,fx_level_z_252,0.00016626705473754555
287,B,persist,kospi_return_1d,0.0006656890036538243
287,B,persist,fx_level_z_252,0.00019089938723482192
287,B,underwater,kospi_return_1d,0.004566777031868696
287,B,underwater,fx_level_z_252,-0.03194362297654152
287,alpha,,kospi_return_1d,0.02016894705593586
287,alpha,,fx_level_z_252,0.018834972754120827
288,beta,momentum,,-0.02142556756734848
288,beta,persist,,0.09577462822198868
288,beta,underwater,,0.04498417675495148
288,B,momentum,kospi_return_1d,0.0026843769010156393
288,B,momentum,fx_level_z_252,7.622728298883885e-05
288,B,persist,kospi_return_1d,0.0009232633165083826
288,B,persist,fx_level_z_252,-0.00019319928833283484
288,B,underwater,kospi_return_1d,0.004495583008974791
288,B,underwater,fx_level_z_252,-0.03193322569131851
288,alpha,,kospi_return_1d,0.020386673510074615
288,alpha,,fx_level_z_252,0.01883639022707939
289,beta,momentum,,-0.02127433381974697
289,beta,persist,,0.09588790684938431
289,beta,underwater,,0.04500173404812813
289,B,momentum,kospi_return_1d,0.002631881507113576
289,B,momentum,fx_level_z_252,-2.5137636839644983e-05
289,B,persist,kospi_return_1d,0.0010816199937835336
289,B,persist,fx_level_z_252,-0.0005053237546235323
289,B,underwater,kospi_return_1d,0.00457832170650363
289,B,underwater,fx_level_z_252,-0.0320025272667408
289,alpha,,kospi_return_1d,0.02042144164443016
289,alpha,,fx_level_z_252,0.018885452300310135
290,beta,momentum,,-0.021085841581225395
290,beta,persist,,0.09581313282251358
290,beta,underwater,,0.04493182152509689
290,B,momentum,kospi_return_1d,0.002468071412295103
290,B,momentum,fx_level_z_252,8.477745723212138e-06
290,B,persist,kospi_return_1d,0.0011647527571767569
290,B,persist,fx_level_z_252,-0.0004682406724896282
290,B,underwater,kospi_return_1d,0.004671584814786911
290,B,underwater,fx_level_z_252,-0.03207870200276375
290,alpha,,kospi_return_1d,0.020573316141963005
290,alpha,,fx_level_z_252,0.018891654908657074
291,beta,momentum,,-0.020982686430215836
291,beta,persist,,0.09580068290233612
291,beta,underwater,,0.0448923222720623
291,B,momentum,kospi_return_1d,0.002356373006477952
291,B,momentum,fx_level_z_252,0.00012350408360362053
291,B,persist,kospi_return_1d,0.0010725675383582711
291,B,persist,fx_level_z_252,-0.00036896203528158367
291,B,underwater,kospi_return_1d,0.0046492512337863445
291,B,underwater,fx_level_z_252,-0.03214361518621445
291,alpha,,kospi_return_1d,0.02054206095635891
291,alpha,,fx_level_z_252,0.01887742057442665
292,beta,momentum,,-0.021012306213378906
292,beta,persist,,0.09586955606937408
292,beta,underwater,,0.04501824080944061
292,B,momentum,kospi_return_1d,0.002372556831687689
292,B,momentum,fx_level_z_252,0.0002848252188414335
292,B,persist,kospi_return_1d,0.0009047780185937881
292,B,persist,fx_level_z_252,-0.0002675456926226616
292,B,underwater,kospi_return_1d,0.004369459580630064
292,B,underwater,fx_level_z_252,-0.03227154165506363
292,alpha,,kospi_return_1d,0.02040995843708515
292,alpha,,fx_level_z_252,0.018927017226815224
293,beta,momentum,,-0.02102074585855007
293,beta,persist,,0.09604903310537338
293,beta,underwater,,0.04520086199045181
293,B,momentum,kospi_return_1d,0.002631480572745204
293,B,momentum,fx_level_z_252,0.0003718211082741618
293,B,persist,kospi_return_1d,0.0005473989294841886
293,B,persist,fx_level_z_252,-0.0002074921503663063
293,B,underwater,kospi_return_1d,0.004076467361301184
293,B,underwater,fx_level_z_252,-0.03242960572242737
293,alpha,,kospi_return_1d,0.02013373002409935
293,alpha,,fx_level_z_252,0.01897960714995861
294,beta,momentum,,-0.021014265716075897
294,beta,persist,,0.09624625742435455
294,beta,underwater,,0.045268602669239044
294,B,momentum,kospi_return_1d,0.002913797739893198
294,B,momentum,fx_level_z_252,0.0006635226891376078
294,B,persist,kospi_return_1d,0.00010530577856115997
294,B,persist,fx_level_z_252,-0.00014517006638925523
294,B,underwater,kospi_return_1d,0.003762932261452079
294,B,underwater,fx_level_z_252,-0.032657790929079056
294,alpha,,kospi_return_1d,0.02000049687922001
294,alpha,,fx_level_z_252,0.0188838429749012
295,beta,momentum,,-0.02099337987601757
295,beta,persist,,0.09637409448623657
295,beta,underwater,,0.045326847583055496
295,B,momentum,kospi_return_1d,0.003402631264179945
295,B,momentum,fx_level_z_252,0.0009573283605277538
295,B,persist,kospi_return_1d,-0.00036374846240505576
295,B,persist,fx_level_z_252,6.562939961440861e-05
295,B,underwater,kospi_return_1d,0.003352251136675477
295,B,underwater,fx_level_z_252,-0.032976921647787094
295,alpha,,kospi_return_1d,0.019714614376425743
295,alpha,,fx_level_z_252,0.01882750168442726
296,beta,momentum,,-0.02092888206243515
296,beta,persist,,0.09648086130619049
296,beta,underwater,,0.04541987180709839
296,B,momentum,kospi_return_1d,0.003782041138038039
296,B,momentum,fx_level_z_252,0.0012226232793182135
296,B,persist,kospi_return_1d,-0.00038368991226889193
296,B,persist,fx_level_z_252,0.0001760127197485417
296,B,underwater,kospi_return_1d,0.0032046562992036343
296,B,underwater,fx_level_z_252,-0.0334315299987793
296,alpha,,kospi_return_1d,0.019543848931789398
296,alpha,,fx_level_z_252,0.0186858419328928
297,beta,momentum,,-0.020671706646680832
297,beta,persist,,0.09655679017305374
297,beta,underwater,,0.04546450823545456
297,B,momentum,kospi_return_1d,0.004384031984955072
297,B,momentum,fx_level_z_252,0.0013352682581171393
297,B,persist,kospi_return_1d,-0.0004623227287083864
297,B,persist,fx_level_z_252,0.000278059218544513
297,B,underwater,kospi_return_1d,0.0029593571089208126
297,B,underwater,fx_level_z_252,-0.03375956043601036
297,alpha,,kospi_return_1d,0.019389092922210693
297,alpha,,fx_level_z_252,0.018656734377145767
298,beta,momentum,,-0.020441344007849693
298,beta,persist,,0.09662732481956482
298,beta,underwater,,0.04560111090540886
298,B,momentum,kospi_return_1d,0.004839790984988213
298,B,momentum,fx_level_z_252,0.0012803750578314066
298,B,persist,kospi_return_1d,-0.0003368236939422786
298,B,persist,fx_level_z_252,0.00027208015671931207
298,B,underwater,kospi_return_1d,0.002771608764305711
298,B,underwater,fx_level_z_252,-0.033914923667907715
298,alpha,,kospi_return_1d,0.01927248015999794
298,alpha,,fx_level_z_252,0.018860341981053352
299,beta,momentum,,-0.020322538912296295
299,beta,persist,,0.09667082130908966
299,beta,underwater,,0.045739807188510895
299,B,momentum,kospi_return_1d,0.005246163811534643
299,B,momentum,fx_level_z_252,0.0012506380444392562
299,B,persist,kospi_return_1d,-0.00020823975501116365
299,B,persist,fx_level_z_252,0.0001756979472702369
299,B,underwater,kospi_return_1d,0.002564887749031186
299,B,underwater,fx_level_z_252,-0.03414468094706535
299,alpha,,kospi_return_1d,0.019153520464897156
299,alpha,,fx_level_z_252,0.0190734900534153
300,beta,momentum,,-0.020118294283747673
300,beta,persist,,0.09665757417678833
300,beta,underwater,,0.045816514641046524
300,B,momentum,kospi_return_1d,0.005502965301275253
300,B,momentum,fx_level_z_252,0.0011440241942182183
300,B,persist,kospi_return_1d,4.4394764699973166e-05
300,B,persist,fx_level_z_252,-8.840863301884383e-05
300,B,underwater,kospi_return_1d,0.0026114543434232473
300,B,underwater,fx_level_z_252,-0.0343526154756546
300,alpha,,kospi_return_1d,0.01907489076256752
300,alpha,,fx_level_z_252,0.019192853942513466
