epoch,parameter,feature,context,weight
0,beta,momentum,,0.0
0,beta,persist,,0.0
0,beta,underwater,,0.0
0,B,momentum,kospi_return_1d,0.0
0,B,momentum,fx_level_z_252,0.0
0,B,persist,kospi_return_1d,0.0
0,B,persist,fx_level_z_252,0.0
0,B,underwater,kospi_return_1d,0.0
0,B,underwater,fx_level_z_252,0.0
0,alpha,,kospi_return_1d,0.0
0,alpha,,fx_level_z_252,0.0
1,beta,momentum,,-0.002001349115744233
1,beta,persist,,0.001980696339160204
1,beta,underwater,,0.0020010685548186302
1,B,momentum,kospi_return_1d,0.0005900547839701176
1,B,momentum,fx_level_z_252,0.0019316631369292736
1,B,persist,kospi_return_1d,0.0005649069207720459
1,B,persist,fx_level_z_252,-0.001998544204980135
1,B,underwater,kospi_return_1d,-0.0018304361728951335
1,B,underwater,fx_level_z_252,-0.0018883864395320415
1,alpha,,kospi_return_1d,-0.0018591164844110608
1,alpha,,fx_level_z_252,0.0019533024169504642
2,beta,momentum,,-0.003984834533184767
2,beta,persist,,0.003917519934475422
2,beta,underwater,,0.0039871977642178535
2,B,momentum,kospi_return_1d,-4.245282616466284e-05
2,B,momentum,fx_level_z_252,0.003747710958123207
2,B,persist,kospi_return_1d,-0.00020479362865444273
2,B,persist,fx_level_z_252,-0.00393722066655755
2,B,underwater,kospi_return_1d,-0.0029351338744163513
2,B,underwater,fx_level_z_252,-0.003610877553001046
2,alpha,,kospi_return_1d,-0.003560973796993494
2,alpha,,fx_level_z_252,0.00385450990870595
3,beta,momentum,,-0.0059450590051710606
3,beta,persist,,0.005842232145369053
3,beta,underwater,,0.005955907516181469
3,B,momentum,kospi_return_1d,-0.0005319639458321035
3,B,momentum,fx_level_z_252,0.00546615244820714
3,B,persist,kospi_return_1d,-0.00047066653496585786
3,B,persist,fx_level_z_252,-0.005784354638308287
3,B,underwater,kospi_return_1d,-0.003341242205351591
3,B,underwater,fx_level_z_252,-0.0051454342901706696
3,alpha,,kospi_return_1d,-0.005215713754296303
3,alpha,,fx_level_z_252,0.005639880895614624
4,beta,momentum,,-0.007890897803008556
4,beta,persist,,0.007723892107605934
4,beta,underwater,,0.007907847873866558
4,B,momentum,kospi_return_1d,-0.0008396430057473481
4,B,momentum,fx_level_z_252,0.0070988815277814865
4,B,persist,kospi_return_1d,-0.00027626327937468886
4,B,persist,fx_level_z_252,-0.007493691518902779
4,B,underwater,kospi_return_1d,-0.0035652106162160635
4,B,underwater,fx_level_z_252,-0.006447605788707733
4,alpha,,kospi_return_1d,-0.006715342868119478
4,alpha,,fx_level_z_252,0.007338379975408316
5,beta,momentum,,-0.00980465766042471
5,beta,persist,,0.009581874124705791
5,beta,underwater,,0.009826434776186943
5,B,momentum,kospi_return_1d,-0.0008413786999881268
5,B,momentum,fx_level_z_252,0.00867885909974575
5,B,persist,kospi_return_1d,-5.0400289183016866e-05
5,B,persist,fx_level_z_252,-0.00913098081946373
5,B,underwater,kospi_return_1d,-0.0033544059842824936
5,B,underwater,fx_level_z_252,-0.007634785491973162
5,alpha,,kospi_return_1d,-0.00809988658875227
5,alpha,,fx_level_z_252,0.009067091159522533
6,beta,momentum,,-0.011659285984933376
6,beta,persist,,0.011420738883316517
6,beta,underwater,,0.011715139262378216
6,B,momentum,kospi_return_1d,-0.0005612029926851392
6,B,momentum,fx_level_z_252,0.01004922203719616
6,B,persist,kospi_return_1d,1.949571742443368e-05
6,B,persist,fx_level_z_252,-0.010636873543262482
6,B,underwater,kospi_return_1d,-0.0033742834348231554
6,B,underwater,fx_level_z_252,-0.008410564623773098
6,alpha,,kospi_return_1d,-0.009400883689522743
6,alpha,,fx_level_z_252,0.01075905840843916
7,beta,momentum,,-0.013471785932779312
7,beta,persist,,0.013222714886069298
7,beta,underwater,,0.013561975210905075
7,B,momentum,kospi_return_1d,-0.00015850644558668137
7,B,momentum,fx_level_z_252,0.01125421468168497
7,B,persist,kospi_return_1d,-0.0002824549446813762
7,B,persist,fx_level_z_252,-0.012099084444344044
7,B,underwater,kospi_return_1d,-0.0032243181485682726
7,B,underwater,fx_level_z_252,-0.008885805495083332
7,alpha,,kospi_return_1d,-0.010607574135065079
7,alpha,,fx_level_z_252,0.012407740578055382
8,beta,momentum,,-0.015221725217998028
8,beta,persist,,0.015009982511401176
8,beta,underwater,,0.01536461804062128
8,B,momentum,kospi_return_1d,0.0001744475302984938
8,B,momentum,fx_level_z_252,0.012361908331513405
8,B,persist,kospi_return_1d,-0.00045969284838065505
8,B,persist,fx_level_z_252,-0.01348370872437954
8,B,underwater,kospi_return_1d,-0.002929321490228176
8,B,underwater,fx_level_z_252,-0.0092583317309618
8,alpha,,kospi_return_1d,-0.011765031144022942
8,alpha,,fx_level_z_252,0.013903629034757614
9,beta,momentum,,-0.016896765679121017
9,beta,persist,,0.01674843579530716
9,beta,underwater,,0.017095381394028664
9,B,momentum,kospi_return_1d,0.0003792719799093902
9,B,momentum,fx_level_z_252,0.013428512029349804
9,B,persist,kospi_return_1d,-0.0007657675305381417
9,B,persist,fx_level_z_252,-0.014745312742888927
9,B,underwater,kospi_return_1d,-0.00264455727301538
9,B,underwater,fx_level_z_252,-0.009669275023043156
9,alpha,,kospi_return_1d,-0.012846826575696468
9,alpha,,fx_level_z_252,0.015284096822142601
10,beta,momentum,,-0.018478119745850563
10,beta,persist,,0.01844676211476326
10,beta,underwater,,0.01876453123986721
10,B,momentum,kospi_return_1d,0.0006761656259186566
10,B,momentum,fx_level_z_252,0.014269458130002022
10,B,persist,kospi_return_1d,-0.001052360748872161
10,B,persist,fx_level_z_252,-0.01583315059542656
10,B,underwater,kospi_return_1d,-0.002620475133880973
10,B,underwater,fx_level_z_252,-0.009838266298174858
10,alpha,,kospi_return_1d,-0.013845211826264858
10,alpha,,fx_level_z_252,0.016485415399074554
11,beta,momentum,,-0.019963184371590614
11,beta,persist,,0.02010549046099186
11,beta,underwater,,0.02031981199979782
11,B,momentum,kospi_return_1d,0.0008225938654504716
11,B,momentum,fx_level_z_252,0.014992055483162403
11,B,persist,kospi_return_1d,-0.0011708780657500029
11,B,persist,fx_level_z_252,-0.016761181876063347
11,B,underwater,kospi_return_1d,-0.002327332738786936
11,B,underwater,fx_level_z_252,-0.01006357278674841
11,alpha,,kospi_return_1d,-0.014705028384923935
11,alpha,,fx_level_z_252,0.017620494589209557
12,beta,momentum,,-0.0213457178324461
12,beta,persist,,0.0216970331966877
12,beta,underwater,,0.021747520193457603
12,B,momentum,kospi_return_1d,0.0011037210933864117
12,B,momentum,fx_level_z_252,0.015623250976204872
12,B,persist,kospi_return_1d,-0.0015272274613380432
12,B,persist,fx_level_z_252,-0.017390046268701553
12,B,underwater,kospi_return_1d,-0.00198479020036757
12,B,underwater,fx_level_z_252,-0.010346864350140095
12,alpha,,kospi_return_1d,-0.015361380763351917
12,alpha,,fx_level_z_252,0.01855860836803913
13,beta,momentum,,-0.022657686844468117
13,beta,persist,,0.023249180987477303
13,beta,underwater,,0.02310195378959179
13,B,momentum,kospi_return_1d,0.0013408128870651126
13,B,momentum,fx_level_z_252,0.01617911085486412
13,B,persist,kospi_return_1d,-0.0019624398555606604
13,B,persist,fx_level_z_252,-0.01786092109978199
13,B,underwater,kospi_return_1d,-0.0017327363602817059
13,B,underwater,fx_level_z_252,-0.010456337593495846
13,alpha,,kospi_return_1d,-0.015934182330965996
13,alpha,,fx_level_z_252,0.019252698868513107
14,beta,momentum,,-0.023870112374424934
14,beta,persist,,0.024746954441070557
14,beta,underwater,,0.024377338588237762
14,B,momentum,kospi_return_1d,0.0015999887837097049
14,B,momentum,fx_level_z_252,0.016594478860497475
14,B,persist,kospi_return_1d,-0.002358881989493966
14,B,persist,fx_level_z_252,-0.018141206353902817
14,B,underwater,kospi_return_1d,-0.0013548199785873294
14,B,underwater,fx_level_z_252,-0.010575511492788792
14,alpha,,kospi_return_1d,-0.016370007768273354
14,alpha,,fx_level_z_252,0.019900569692254066
15,beta,momentum,,-0.025011323392391205
15,beta,persist,,0.02622859925031662
15,beta,underwater,,0.025545233860611916
15,B,momentum,kospi_return_1d,0.001666777185164392
15,B,momentum,fx_level_z_252,0.01704823598265648
15,B,persist,kospi_return_1d,-0.0026882141828536987
15,B,persist,fx_level_z_252,-0.018429763615131378
15,B,underwater,kospi_return_1d,-0.0007039817865006626
15,B,underwater,fx_level_z_252,-0.010878605768084526
15,alpha,,kospi_return_1d,-0.016698336228728294
15,alpha,,fx_level_z_252,0.020296644419431686
16,beta,momentum,,-0.026063213124871254
16,beta,persist,,0.027653424069285393
16,beta,underwater,,0.026600783690810204
16,B,momentum,kospi_return_1d,0.0018641792703419924
16,B,momentum,fx_level_z_252,0.017389586195349693
16,B,persist,kospi_return_1d,-0.0029979576356709003
16,B,persist,fx_level_z_252,-0.018507398664951324
16,B,underwater,kospi_return_1d,1.104321563616395e-05
16,B,underwater,fx_level_z_252,-0.011045276187360287
16,alpha,,kospi_return_1d,-0.016781631857156754
16,alpha,,fx_level_z_252,0.020492687821388245
17,beta,momentum,,-0.0270314272493124
17,beta,persist,,0.02903645671904087
17,beta,underwater,,0.02755095809698105
17,B,momentum,kospi_return_1d,0.0018372159684076905
17,B,momentum,fx_level_z_252,0.017672916874289513
17,B,persist,kospi_return_1d,-0.0033670554403215647
17,B,persist,fx_level_z_252,-0.018403101712465286
17,B,underwater,kospi_return_1d,0.0005073413485661149
17,B,underwater,fx_level_z_252,-0.011205854825675488
17,alpha,,kospi_return_1d,-0.01678517274558544
17,alpha,,fx_level_z_252,0.02056259661912918
18,beta,momentum,,-0.027856679633259773
18,beta,persist,,0.030376028269529343
18,beta,underwater,,0.028420133516192436
18,B,momentum,kospi_return_1d,0.0021022746805101633
18,B,momentum,fx_level_z_252,0.017817329615354538
18,B,persist,kospi_return_1d,-0.0038623798172920942
18,B,persist,fx_level_z_252,-0.018095750361680984
18,B,underwater,kospi_return_1d,0.0007947477861307561
18,B,underwater,fx_level_z_252,-0.011428134515881538
18,alpha,,kospi_return_1d,-0.016623923555016518
18,alpha,,fx_level_z_252,0.02061212621629238
19,beta,momentum,,-0.02856932207942009
19,beta,persist,,0.031676165759563446
19,beta,underwater,,0.029187185689806938
19,B,momentum,kospi_return_1d,0.002217664150521159
19,B,momentum,fx_level_z_252,0.017929915338754654
19,B,persist,kospi_return_1d,-0.0045067500323057175
19,B,persist,fx_level_z_252,-0.01773127354681492
19,B,underwater,kospi_return_1d,0.0010286143515259027
19,B,underwater,fx_level_z_252,-0.011814979836344719
19,alpha,,kospi_return_1d,-0.016347993165254593
19,alpha,,fx_level_z_252,0.020597919821739197
20,beta,momentum,,-0.02910636179149151
20,beta,persist,,0.03292388841509819
20,beta,underwater,,0.029865439981222153
20,B,momentum,kospi_return_1d,0.0024678863119333982
20,B,momentum,fx_level_z_252,0.017809713259339333
20,B,persist,kospi_return_1d,-0.005035472568124533
20,B,persist,fx_level_z_252,-0.01735466718673706
20,B,underwater,kospi_return_1d,0.001328228390775621
20,B,underwater,fx_level_z_252,-0.012139729224145412
20,alpha,,kospi_return_1d,-0.015832221135497093
20,alpha,,fx_level_z_252,0.02043559029698372
21,beta,momentum,,-0.029601572081446648
21,beta,persist,,0.03414730355143547
21,beta,underwater,,0.030503178015351295
21,B,momentum,kospi_return_1d,0.0026802506763488054
21,B,momentum,fx_level_z_252,0.01752936840057373
21,B,persist,kospi_return_1d,-0.0054926262237131596
21,B,persist,fx_level_z_252,-0.016990607604384422
21,B,underwater,kospi_return_1d,0.0015105127822607756
21,B,underwater,fx_level_z_252,-0.012359063141047955
21,alpha,,kospi_return_1d,-0.015175284817814827
21,alpha,,fx_level_z_252,0.020233435556292534
22,beta,momentum,,-0.03003077395260334
22,beta,persist,,0.03533463180065155
22,beta,underwater,,0.03109803982079029
22,B,momentum,kospi_return_1d,0.0028052472043782473
22,B,momentum,fx_level_z_252,0.01713952049612999
22,B,persist,kospi_return_1d,-0.0057273260317742825
22,B,persist,fx_level_z_252,-0.016637908294796944
22,B,underwater,kospi_return_1d,0.0016832042019814253
22,B,underwater,fx_level_z_252,-0.01260658260434866
22,alpha,,kospi_return_1d,-0.014411495067179203
22,alpha,,fx_level_z_252,0.019738001748919487
23,beta,momentum,,-0.0303940586745739
23,beta,persist,,0.036538299173116684
23,beta,underwater,,0.03160000592470169
23,B,momentum,kospi_return_1d,0.0026519079692661762
23,B,momentum,fx_level_z_252,0.01678457111120224
23,B,persist,kospi_return_1d,-0.005939139053225517
23,B,persist,fx_level_z_252,-0.01637115143239498
23,B,underwater,kospi_return_1d,0.002023515524342656
23,B,underwater,fx_level_z_252,-0.01302725076675415
23,alpha,,kospi_return_1d,-0.013625983148813248
23,alpha,,fx_level_z_252,0.019111912697553635
24,beta,momentum,,-0.030669890344142914
24,beta,persist,,0.03769267350435257
24,beta,underwater,,0.03199126571416855
24,B,momentum,kospi_return_1d,0.002677859039977193
24,B,momentum,fx_level_z_252,0.016368765383958817
24,B,persist,kospi_return_1d,-0.005950372200459242
24,B,persist,fx_level_z_252,-0.016138775274157524
24,B,underwater,kospi_return_1d,0.0023353060241788626
24,B,underwater,fx_level_z_252,-0.013383882120251656
24,alpha,,kospi_return_1d,-0.012741802260279655
24,alpha,,fx_level_z_252,0.01835264079272747
25,beta,momentum,,-0.030819440260529518
25,beta,persist,,0.03875453397631645
25,beta,underwater,,0.03227459639310837
25,B,momentum,kospi_return_1d,0.002746703801676631
25,B,momentum,fx_level_z_252,0.015805646777153015
25,B,persist,kospi_return_1d,-0.006163059733808041
25,B,persist,fx_level_z_252,-0.015539076179265976
25,B,underwater,kospi_return_1d,0.0024963340256363153
25,B,underwater,fx_level_z_252,-0.013577642850577831
25,alpha,,kospi_return_1d,-0.011784552596509457
25,alpha,,fx_level_z_252,0.017686234787106514
26,beta,momentum,,-0.03085901588201523
26,beta,persist,,0.039708904922008514
26,beta,underwater,,0.032423097640275955
26,B,momentum,kospi_return_1d,0.002877662656828761
26,B,momentum,fx_level_z_252,0.015137821435928345
26,B,persist,kospi_return_1d,-0.006409044843167067
26,B,persist,fx_level_z_252,-0.01478980015963316
26,B,underwater,kospi_return_1d,0.002634280128404498
26,B,underwater,fx_level_z_252,-0.013803007081151009
26,alpha,,kospi_return_1d,-0.01073639839887619
26,alpha,,fx_level_z_252,0.016956526786088943
27,beta,momentum,,-0.030809972435235977
27,beta,persist,,0.040640465915203094
27,beta,underwater,,0.03252101317048073
27,B,momentum,kospi_return_1d,0.003024678910151124
27,B,momentum,fx_level_z_252,0.014500405639410019
27,B,persist,kospi_return_1d,-0.006582946516573429
27,B,persist,fx_level_z_252,-0.013986245729029179
27,B,underwater,kospi_return_1d,0.002815104089677334
27,B,underwater,fx_level_z_252,-0.01407251413911581
27,alpha,,kospi_return_1d,-0.009634637273848057
27,alpha,,fx_level_z_252,0.016190966591238976
28,beta,momentum,,-0.030757825821638107
28,beta,persist,,0.04157750681042671
28,beta,underwater,,0.032551221549510956
28,B,momentum,kospi_return_1d,0.0029297249857336283
28,B,momentum,fx_level_z_252,0.013868753798305988
28,B,persist,kospi_return_1d,-0.006713842507451773
28,B,persist,fx_level_z_252,-0.013097741641104221
28,B,underwater,kospi_return_1d,0.0031538985203951597
28,B,underwater,fx_level_z_252,-0.014300762675702572
28,alpha,,kospi_return_1d,-0.008599554188549519
28,alpha,,fx_level_z_252,0.015461764298379421
29,beta,momentum,,-0.03072310984134674
29,beta,persist,,0.04254075884819031
29,beta,underwater,,0.03257317468523979
29,B,momentum,kospi_return_1d,0.002674247371032834
29,B,momentum,fx_level_z_252,0.013364343903958797
29,B,persist,kospi_return_1d,-0.0067834011279046535
29,B,persist,fx_level_z_252,-0.012303109280765057
29,B,underwater,kospi_return_1d,0.0036312928423285484
29,B,underwater,fx_level_z_252,-0.014768602326512337
29,alpha,,kospi_return_1d,-0.007723676040768623
29,alpha,,fx_level_z_252,0.014745677821338177
30,beta,momentum,,-0.030735669657588005
30,beta,persist,,0.04349692538380623
30,beta,underwater,,0.03260514512658119
30,B,momentum,kospi_return_1d,0.0023948061279952526
30,B,momentum,fx_level_z_252,0.01291950885206461
30,B,persist,kospi_return_1d,-0.007012791465967894
30,B,persist,fx_level_z_252,-0.011533764190971851
30,B,underwater,kospi_return_1d,0.003957678563892841
30,B,underwater,fx_level_z_252,-0.015190348960459232
30,alpha,,kospi_return_1d,-0.006843926385045052
30,alpha,,fx_level_z_252,0.014026950113475323
31,beta,momentum,,-0.03067944012582302
31,beta,persist,,0.04441535472869873
31,beta,underwater,,0.032669052481651306
31,B,momentum,kospi_return_1d,0.002169156214222312
31,B,momentum,fx_level_z_252,0.012441675178706646
31,B,persist,kospi_return_1d,-0.006999303121119738
31,B,persist,fx_level_z_252,-0.010763521306216717
31,B,underwater,kospi_return_1d,0.004218743182718754
31,B,underwater,fx_level_z_252,-0.015618588775396347
31,alpha,,kospi_return_1d,-0.005970573518425226
31,alpha,,fx_level_z_252,0.013472002930939198
32,beta,momentum,,-0.030626986175775528
32,beta,persist,,0.04535634070634842
32,beta,underwater,,0.0327875092625618
32,B,momentum,kospi_return_1d,0.0020099785178899765
32,B,momentum,fx_level_z_252,0.011921355500817299
32,B,persist,kospi_return_1d,-0.007020777557045221
32,B,persist,fx_level_z_252,-0.009994039312005043
32,B,underwater,kospi_return_1d,0.004302342887967825
32,B,underwater,fx_level_z_252,-0.01593519188463688
32,alpha,,kospi_return_1d,-0.005177886225283146
32,alpha,,fx_level_z_252,0.013041368685662746
33,beta,momentum,,-0.030561231076717377
33,beta,persist,,0.046291958540678024
33,beta,underwater,,0.03293599188327789
33,B,momentum,kospi_return_1d,0.0017789426492527127
33,B,momentum,fx_level_z_252,0.011304286308586597
33,B,persist,kospi_return_1d,-0.006992911454290152
33,B,persist,fx_level_z_252,-0.00924772210419178
33,B,underwater,kospi_return_1d,0.004404081963002682
33,B,underwater,fx_level_z_252,-0.016067173331975937
33,alpha,,kospi_return_1d,-0.004503488540649414
33,alpha,,fx_level_z_252,0.012817571870982647
34,beta,momentum,,-0.030535154044628143
34,beta,persist,,0.047212351113557816
34,beta,underwater,,0.0331108421087265
34,B,momentum,kospi_return_1d,0.0015899514546617866
34,B,momentum,fx_level_z_252,0.010755734518170357
34,B,persist,kospi_return_1d,-0.006930067203938961
34,B,persist,fx_level_z_252,-0.008573733270168304
34,B,underwater,kospi_return_1d,0.0044916956685483456
34,B,underwater,fx_level_z_252,-0.01630188710987568
34,alpha,,kospi_return_1d,-0.003694144543260336
34,alpha,,fx_level_z_252,0.012585313059389591
35,beta,momentum,,-0.030564360320568085
35,beta,persist,,0.048173338174819946
35,beta,underwater,,0.033343926072120667
35,B,momentum,kospi_return_1d,0.0015182261122390628
35,B,momentum,fx_level_z_252,0.010390205308794975
35,B,persist,kospi_return_1d,-0.006726736202836037
35,B,persist,fx_level_z_252,-0.00827821809798479
35,B,underwater,kospi_return_1d,0.004524620249867439
35,B,underwater,fx_level_z_252,-0.01657247170805931
35,alpha,,kospi_return_1d,-0.0029234131798148155
35,alpha,,fx_level_z_252,0.012400670908391476
36,beta,momentum,,-0.03065195307135582
36,beta,persist,,0.049139805138111115
36,beta,underwater,,0.03356359526515007
36,B,momentum,kospi_return_1d,0.001417695195414126
36,B,momentum,fx_level_z_252,0.01011364720761776
36,B,persist,kospi_return_1d,-0.00640076445415616
36,B,persist,fx_level_z_252,-0.008177082054316998
36,B,underwater,kospi_return_1d,0.004635588265955448
36,B,underwater,fx_level_z_252,-0.0168665312230587
36,alpha,,kospi_return_1d,-0.002254054183140397
36,alpha,,fx_level_z_252,0.012282605282962322
37,beta,momentum,,-0.030650487169623375
37,beta,persist,,0.05008026584982872
37,beta,underwater,,0.033737365156412125
37,B,momentum,kospi_return_1d,0.0014862759271636605
37,B,momentum,fx_level_z_252,0.009806958958506584
37,B,persist,kospi_return_1d,-0.006057499907910824
37,B,persist,fx_level_z_252,-0.008067820221185684
37,B,underwater,kospi_return_1d,0.004711683839559555
37,B,underwater,fx_level_z_252,-0.017095617949962616
37,alpha,,kospi_return_1d,-0.0015775876818224788
37,alpha,,fx_level_z_252,0.011995464563369751
38,beta,momentum,,-0.03064965084195137
38,beta,persist,,0.05104286968708038
38,beta,underwater,,0.03391645848751068
38,B,momentum,kospi_return_1d,0.001397647662088275
38,B,momentum,fx_level_z_252,0.009609769098460674
38,B,persist,kospi_return_1d,-0.005638391710817814
38,B,persist,fx_level_z_252,-0.008080340921878815
38,B,underwater,kospi_return_1d,0.004852866753935814
38,B,underwater,fx_level_z_252,-0.01751161366701126
38,alpha,,kospi_return_1d,-0.0008630816591903567
38,alpha,,fx_level_z_252,0.011954623274505138
39,beta,momentum,,-0.03063805215060711
39,beta,persist,,0.05202612653374672
39,beta,underwater,,0.0340820848941803
39,B,momentum,kospi_return_1d,0.0015165298245847225
39,B,momentum,fx_level_z_252,0.009393981657922268
39,B,persist,kospi_return_1d,-0.005351382307708263
39,B,persist,fx_level_z_252,-0.008050772361457348
39,B,underwater,kospi_return_1d,0.0048014079220592976
39,B,underwater,fx_level_z_252,-0.01783447526395321
39,alpha,,kospi_return_1d,-0.0003231345326639712
39,alpha,,fx_level_z_252,0.011953802779316902
40,beta,momentum,,-0.030575964599847794
40,beta,persist,,0.052996791899204254
40,beta,underwater,,0.03420160338282585
40,B,momentum,kospi_return_1d,0.001691416371613741
40,B,momentum,fx_level_z_252,0.009182115085422993
40,B,persist,kospi_return_1d,-0.005160138010978699
40,B,persist,fx_level_z_252,-0.007950965315103531
40,B,underwater,kospi_return_1d,0.004675429314374924
40,B,underwater,fx_level_z_252,-0.018111824989318848
40,alpha,,kospi_return_1d,0.0001840654294937849
40,alpha,,fx_level_z_252,0.011929426342248917
41,beta,momentum,,-0.030571652576327324
41,beta,persist,,0.05396535247564316
41,beta,underwater,,0.03429178521037102
41,B,momentum,kospi_return_1d,0.001864724326878786
41,B,momentum,fx_level_z_252,0.009052415378391743
41,B,persist,kospi_return_1d,-0.005146658979356289
41,B,persist,fx_level_z_252,-0.007737042382359505
41,B,underwater,kospi_return_1d,0.004615118261426687
41,B,underwater,fx_level_z_252,-0.018309742212295532
41,alpha,,kospi_return_1d,0.00046788289910182357
41,alpha,,fx_level_z_252,0.0118346456438303
42,beta,momentum,,-0.030554546043276787
42,beta,persist,,0.054878171533346176
42,beta,underwater,,0.03438108041882515
42,B,momentum,kospi_return_1d,0.001915705157443881
42,B,momentum,fx_level_z_252,0.008996615186333656
42,B,persist,kospi_return_1d,-0.0051352884620428085
42,B,persist,fx_level_z_252,-0.0075116632506251335
42,B,underwater,kospi_return_1d,0.00465203495696187
42,B,underwater,fx_level_z_252,-0.01855440065264702
42,alpha,,kospi_return_1d,0.0006823234725743532
42,alpha,,fx_level_z_252,0.011808851733803749
43,beta,momentum,,-0.030533442273736
43,beta,persist,,0.055734388530254364
43,beta,underwater,,0.03440969064831734
43,B,momentum,kospi_return_1d,0.0018419228726997972
43,B,momentum,fx_level_z_252,0.008919854648411274
43,B,persist,kospi_return_1d,-0.005242572166025639
43,B,persist,fx_level_z_252,-0.00725599518045783
43,B,underwater,kospi_return_1d,0.004522777162492275
43,B,underwater,fx_level_z_252,-0.01878965273499489
43,alpha,,kospi_return_1d,0.0009486099588684738
43,alpha,,fx_level_z_252,0.011784619651734829
44,beta,momentum,,-0.030427947640419006
44,beta,persist,,0.056487586349248886
44,beta,underwater,,0.034297771751880646
44,B,momentum,kospi_return_1d,0.0018072272650897503
44,B,momentum,fx_level_z_252,0.008843169547617435
44,B,persist,kospi_return_1d,-0.005324125289916992
44,B,persist,fx_level_z_252,-0.007060305681079626
44,B,underwater,kospi_return_1d,0.004299273248761892
44,B,underwater,fx_level_z_252,-0.019084813073277473
44,alpha,,kospi_return_1d,0.0013097375631332397
44,alpha,,fx_level_z_252,0.01170925423502922
45,beta,momentum,,-0.03025170974433422
45,beta,persist,,0.05726151168346405
45,beta,underwater,,0.034144483506679535
45,B,momentum,kospi_return_1d,0.0017862272216007113
45,B,momentum,fx_level_z_252,0.008767719380557537
45,B,persist,kospi_return_1d,-0.005534959025681019
45,B,persist,fx_level_z_252,-0.006866006180644035
45,B,underwater,kospi_return_1d,0.004116051830351353
45,B,underwater,fx_level_z_252,-0.019412221387028694
45,alpha,,kospi_return_1d,0.0014188631903380156
45,alpha,,fx_level_z_252,0.011517924256622791
46,beta,momentum,,-0.030160285532474518
46,beta,persist,,0.058036137372255325
46,beta,underwater,,0.0340539813041687
46,B,momentum,kospi_return_1d,0.0016986529808491468
46,B,momentum,fx_level_z_252,0.008703949861228466
46,B,persist,kospi_return_1d,-0.005662782583385706
46,B,persist,fx_level_z_252,-0.006651043891906738
46,B,underwater,kospi_return_1d,0.003985922783613205
46,B,underwater,fx_level_z_252,-0.019661299884319305
46,alpha,,kospi_return_1d,0.0015096524730324745
46,alpha,,fx_level_z_252,0.011513177305459976
47,beta,momentum,,-0.030077369883656502
47,beta,persist,,0.05877228453755379
47,beta,underwater,,0.03400428593158722
47,B,momentum,kospi_return_1d,0.0017918834928423166
47,B,momentum,fx_level_z_252,0.008614039048552513
47,B,persist,kospi_return_1d,-0.005756673868745565
47,B,persist,fx_level_z_252,-0.006349668372422457
47,B,underwater,kospi_return_1d,0.0037310582119971514
47,B,underwater,fx_level_z_252,-0.019840257242321968
47,alpha,,kospi_return_1d,0.0016478465404361486
47,alpha,,fx_level_z_252,0.011575911194086075
48,beta,momentum,,-0.029959527775645256
48,beta,persist,,0.05947469547390938
48,beta,underwater,,0.03394634649157524
48,B,momentum,kospi_return_1d,0.0019810968078672886
48,B,momentum,fx_level_z_252,0.008346762508153915
48,B,persist,kospi_return_1d,-0.005852032452821732
48,B,persist,fx_level_z_252,-0.005981425754725933
48,B,underwater,kospi_return_1d,0.0033396813087165356
48,B,underwater,fx_level_z_252,-0.019865043461322784
48,alpha,,kospi_return_1d,0.0018427795730531216
48,alpha,,fx_level_z_252,0.011602281592786312
49,beta,momentum,,-0.02983175404369831
49,beta,persist,,0.060213975608348846
49,beta,underwater,,0.03387410566210747
49,B,momentum,kospi_return_1d,0.002078758552670479
49,B,momentum,fx_level_z_252,0.00809706561267376
49,B,persist,kospi_return_1d,-0.005828373599797487
49,B,persist,fx_level_z_252,-0.005746325943619013
49,B,underwater,kospi_return_1d,0.002910858253017068
49,B,underwater,fx_level_z_252,-0.01992839016020298
49,alpha,,kospi_return_1d,0.0019632375333458185
49,alpha,,fx_level_z_252,0.011549422517418861
50,beta,momentum,,-0.029683614149689674
50,beta,persist,,0.060918714851140976
50,beta,underwater,,0.03367931768298149
50,B,momentum,kospi_return_1d,0.0020131145138293505
50,B,momentum,fx_level_z_252,0.007897676900029182
50,B,persist,kospi_return_1d,-0.00571019109338522
50,B,persist,fx_level_z_252,-0.005564010702073574
50,B,underwater,kospi_return_1d,0.0026715926360338926
50,B,underwater,fx_level_z_252,-0.020127344876527786
50,alpha,,kospi_return_1d,0.002183787291869521
50,alpha,,fx_level_z_252,0.01129506342113018
51,beta,momentum,,-0.02949141338467598
51,beta,persist,,0.06164262071251869
51,beta,underwater,,0.03357002139091492
51,B,momentum,kospi_return_1d,0.0020428600255399942
51,B,momentum,fx_level_z_252,0.007708774413913488
51,B,persist,kospi_return_1d,-0.005441435147076845
51,B,persist,fx_level_z_252,-0.005335376597940922
51,B,underwater,kospi_return_1d,0.002543430309742689
51,B,underwater,fx_level_z_252,-0.020408522337675095
51,alpha,,kospi_return_1d,0.0023657316341996193
51,alpha,,fx_level_z_252,0.011273514479398727
52,beta,momentum,,-0.029272016137838364
52,beta,persist,,0.062357038259506226
52,beta,underwater,,0.033420588821172714
52,B,momentum,kospi_return_1d,0.0019018161110579967
52,B,momentum,fx_level_z_252,0.0076836789958179
52,B,persist,kospi_return_1d,-0.00501596974208951
52,B,persist,fx_level_z_252,-0.005282742902636528
52,B,underwater,kospi_return_1d,0.0027086238842457533
52,B,underwater,fx_level_z_252,-0.020882317796349525
52,alpha,,kospi_return_1d,0.002478293376043439
52,alpha,,fx_level_z_252,0.011309619061648846
53,beta,momentum,,-0.02898080088198185
53,beta,persist,,0.06303572654724121
53,beta,underwater,,0.03319757059216499
53,B,momentum,kospi_return_1d,0.0019049340626224875
53,B,momentum,fx_level_z_252,0.007625938858836889
53,B,persist,kospi_return_1d,-0.004853030666708946
53,B,persist,fx_level_z_252,-0.005176435224711895
53,B,underwater,kospi_return_1d,0.0027983898762613535
53,B,underwater,fx_level_z_252,-0.021274272352457047
53,alpha,,kospi_return_1d,0.0027498111594468355
53,alpha,,fx_level_z_252,0.011280640959739685
54,beta,momentum,,-0.02867540903389454
54,beta,persist,,0.06366264075040817
54,beta,underwater,,0.032908692955970764
54,B,momentum,kospi_return_1d,0.0019655078649520874
54,B,momentum,fx_level_z_252,0.007618560455739498
54,B,persist,kospi_return_1d,-0.004887422546744347
54,B,persist,fx_level_z_252,-0.0050802528858184814
54,B,underwater,kospi_return_1d,0.0028374020475894213
54,B,underwater,fx_level_z_252,-0.021811528131365776
54,alpha,,kospi_return_1d,0.003124003065750003
54,alpha,,fx_level_z_252,0.011393210850656033
55,beta,momentum,,-0.028306948021054268
55,beta,persist,,0.06425695866346359
55,beta,underwater,,0.03259603679180145
55,B,momentum,kospi_return_1d,0.0019889322575181723
55,B,momentum,fx_level_z_252,0.007590187713503838
55,B,persist,kospi_return_1d,-0.005027489271014929
55,B,persist,fx_level_z_252,-0.004880449268966913
55,B,underwater,kospi_return_1d,0.002857776125892997
55,B,underwater,fx_level_z_252,-0.02225332520902157
55,alpha,,kospi_return_1d,0.003472522832453251
55,alpha,,fx_level_z_252,0.011471021920442581
56,beta,momentum,,-0.028088513761758804
56,beta,persist,,0.06484176963567734
56,beta,underwater,,0.03237736225128174
56,B,momentum,kospi_return_1d,0.0021598665043711662
56,B,momentum,fx_level_z_252,0.007624619174748659
56,B,persist,kospi_return_1d,-0.005227623041719198
56,B,persist,fx_level_z_252,-0.00470990315079689
56,B,underwater,kospi_return_1d,0.002623604144901037
56,B,underwater,fx_level_z_252,-0.02254502847790718
56,alpha,,kospi_return_1d,0.003828004701063037
56,alpha,,fx_level_z_252,0.011547991074621677
57,beta,momentum,,-0.027828054502606392
57,beta,persist,,0.06541146337985992
57,beta,underwater,,0.03220750764012337
57,B,momentum,kospi_return_1d,0.002345291431993246
57,B,momentum,fx_level_z_252,0.007547026965767145
57,B,persist,kospi_return_1d,-0.0056390161626040936
57,B,persist,fx_level_z_252,-0.0044632041826844215
57,B,underwater,kospi_return_1d,0.0023345209192484617
57,B,underwater,fx_level_z_252,-0.022715315222740173
57,alpha,,kospi_return_1d,0.004171575885266066
57,alpha,,fx_level_z_252,0.011602423153817654
58,beta,momentum,,-0.027678970247507095
58,beta,persist,,0.06604375690221786
58,beta,underwater,,0.03215104714035988
58,B,momentum,kospi_return_1d,0.0023574321530759335
58,B,momentum,fx_level_z_252,0.007407515309751034
58,B,persist,kospi_return_1d,-0.00600997731089592
58,B,persist,fx_level_z_252,-0.004206210374832153
58,B,underwater,kospi_return_1d,0.0020356527529656887
58,B,underwater,fx_level_z_252,-0.022634850814938545
58,alpha,,kospi_return_1d,0.004427848383784294
58,alpha,,fx_level_z_252,0.011658030562102795
59,beta,momentum,,-0.027547340840101242
59,beta,persist,,0.06662598252296448
59,beta,underwater,,0.03201526030898094
59,B,momentum,kospi_return_1d,0.0022932705469429493
59,B,momentum,fx_level_z_252,0.007299914490431547
59,B,persist,kospi_return_1d,-0.006318074185401201
59,B,persist,fx_level_z_252,-0.003927573561668396
59,B,underwater,kospi_return_1d,0.0018181498162448406
59,B,underwater,fx_level_z_252,-0.02265436016023159
59,alpha,,kospi_return_1d,0.004800812806934118
59,alpha,,fx_level_z_252,0.011684196069836617
60,beta,momentum,,-0.027465863153338432
60,beta,persist,,0.06720643490552902
60,beta,underwater,,0.03187146782875061
60,B,momentum,kospi_return_1d,0.0021910122595727444
60,B,momentum,fx_level_z_252,0.007348230574280024
60,B,persist,kospi_return_1d,-0.006611266173422337
60,B,persist,fx_level_z_252,-0.0036662777420133352
60,B,underwater,kospi_return_1d,0.0015392416389659047
60,B,underwater,fx_level_z_252,-0.022807015106081963
60,alpha,,kospi_return_1d,0.005198721773922443
60,alpha,,fx_level_z_252,0.011763771995902061
61,beta,momentum,,-0.027442188933491707
61,beta,persist,,0.06775259226560593
61,beta,underwater,,0.031774114817380905
61,B,momentum,kospi_return_1d,0.001966345589607954
61,B,momentum,fx_level_z_252,0.007288834545761347
61,B,persist,kospi_return_1d,-0.006794882472604513
61,B,persist,fx_level_z_252,-0.0034530223347246647
61,B,underwater,kospi_return_1d,0.0012912024976685643
61,B,underwater,fx_level_z_252,-0.022896014153957367
61,alpha,,kospi_return_1d,0.005596055183559656
61,alpha,,fx_level_z_252,0.01190603245049715
62,beta,momentum,,-0.02745770290493965
62,beta,persist,,0.06830503046512604
62,beta,underwater,,0.03166140615940094
62,B,momentum,kospi_return_1d,0.0016066654352471232
62,B,momentum,fx_level_z_252,0.007336642127484083
62,B,persist,kospi_return_1d,-0.007021818310022354
62,B,persist,fx_level_z_252,-0.003356226021423936
62,B,underwater,kospi_return_1d,0.0012502326862886548
62,B,underwater,fx_level_z_252,-0.023040592670440674
62,alpha,,kospi_return_1d,0.005998848471790552
62,alpha,,fx_level_z_252,0.011998743750154972
63,beta,momentum,,-0.02742287702858448
63,beta,persist,,0.06884697079658508
63,beta,underwater,,0.03163551539182663
63,B,momentum,kospi_return_1d,0.0012038587592542171
63,B,momentum,fx_level_z_252,0.007172261830419302
63,B,persist,kospi_return_1d,-0.007224428933113813
63,B,persist,fx_level_z_252,-0.003235327312722802
63,B,underwater,kospi_return_1d,0.001223148894496262
63,B,underwater,fx_level_z_252,-0.022974546998739243
63,alpha,,kospi_return_1d,0.006253356579691172
63,alpha,,fx_level_z_252,0.012041461654007435
64,beta,momentum,,-0.02745790220797062
64,beta,persist,,0.06944147497415543
64,beta,underwater,,0.031610362231731415
64,B,momentum,kospi_return_1d,0.0007351707899942994
64,B,momentum,fx_level_z_252,0.0069374325685203075
64,B,persist,kospi_return_1d,-0.007424533367156982
64,B,persist,fx_level_z_252,-0.0032571034971624613
64,B,underwater,kospi_return_1d,0.0012858534464612603
64,B,underwater,fx_level_z_252,-0.022904420271515846
64,alpha,,kospi_return_1d,0.0063680438324809074
64,alpha,,fx_level_z_252,0.012130148708820343
65,beta,momentum,,-0.02751682884991169
65,beta,persist,,0.07009772211313248
65,beta,underwater,,0.03160428628325462
65,B,momentum,kospi_return_1d,0.0004152609035372734
65,B,momentum,fx_level_z_252,0.006752902641892433
65,B,persist,kospi_return_1d,-0.007677627261728048
65,B,persist,fx_level_z_252,-0.0033191130496561527
65,B,underwater,kospi_return_1d,0.0012537763686850667
65,B,underwater,fx_level_z_252,-0.02290121465921402
65,alpha,,kospi_return_1d,0.006393053103238344
65,alpha,,fx_level_z_252,0.012132752686738968
66,beta,momentum,,-0.027590669691562653
66,beta,persist,,0.07074108719825745
66,beta,underwater,,0.03161860257387161
66,B,momentum,kospi_return_1d,0.0003217317571397871
66,B,momentum,fx_level_z_252,0.006533699110150337
66,B,persist,kospi_return_1d,-0.007960709743201733
66,B,persist,fx_level_z_252,-0.0034533143043518066
66,B,underwater,kospi_return_1d,0.0010172140318900347
66,B,underwater,fx_level_z_252,-0.02277834713459015
66,alpha,,kospi_return_1d,0.006380709353834391
66,alpha,,fx_level_z_252,0.012045028619468212
67,beta,momentum,,-0.027681635692715645
67,beta,persist,,0.07133527100086212
67,beta,underwater,,0.03162427991628647
67,B,momentum,kospi_return_1d,0.0002019019884755835
67,B,momentum,fx_level_z_252,0.006283096503466368
67,B,persist,kospi_return_1d,-0.008343680761754513
67,B,persist,fx_level_z_252,-0.003571561072021723
67,B,underwater,kospi_return_1d,0.0007204340072348714
67,B,underwater,fx_level_z_252,-0.02257903665304184
67,alpha,,kospi_return_1d,0.006432752124965191
67,alpha,,fx_level_z_252,0.011931122280657291
68,beta,momentum,,-0.02768479846417904
68,beta,persist,,0.07188540697097778
68,beta,underwater,,0.031529612839221954
68,B,momentum,kospi_return_1d,0.00015885451284702867
68,B,momentum,fx_level_z_252,0.006138527300208807
68,B,persist,kospi_return_1d,-0.008498001843690872
68,B,persist,fx_level_z_252,-0.0037105996161699295
68,B,underwater,kospi_return_1d,0.000538271851837635
68,B,underwater,fx_level_z_252,-0.022672712802886963
68,alpha,,kospi_return_1d,0.006639694329351187
68,alpha,,fx_level_z_252,0.011783067137002945
69,beta,momentum,,-0.02761770226061344
69,beta,persist,,0.07244830578565598
69,beta,underwater,,0.03136228024959564
69,B,momentum,kospi_return_1d,0.000196815439267084
69,B,momentum,fx_level_z_252,0.005965723656117916
69,B,persist,kospi_return_1d,-0.008655326440930367
69,B,persist,fx_level_z_252,-0.003821298945695162
69,B,underwater,kospi_return_1d,0.0004449628759175539
69,B,underwater,fx_level_z_252,-0.022823691368103027
69,alpha,,kospi_return_1d,0.006793389096856117
69,alpha,,fx_level_z_252,0.011576960794627666
70,beta,momentum,,-0.027534591034054756
70,beta,persist,,0.07305274903774261
70,beta,underwater,,0.03125603124499321
70,B,momentum,kospi_return_1d,0.0001542815298307687
70,B,momentum,fx_level_z_252,0.005772632546722889
70,B,persist,kospi_return_1d,-0.008709216490387917
70,B,persist,fx_level_z_252,-0.0038642927538603544
70,B,underwater,kospi_return_1d,0.00033516372786834836
70,B,underwater,fx_level_z_252,-0.022937314584851265
70,alpha,,kospi_return_1d,0.00687033124268055
70,alpha,,fx_level_z_252,0.011506718583405018
71,beta,momentum,,-0.02741590328514576
71,beta,persist,,0.0736616849899292
71,beta,underwater,,0.031099554151296616
71,B,momentum,kospi_return_1d,6.060743908165023e-05
71,B,momentum,fx_level_z_252,0.005735180806368589
71,B,persist,kospi_return_1d,-0.008555264212191105
71,B,persist,fx_level_z_252,-0.004050759132951498
71,B,underwater,kospi_return_1d,0.00044853068538941443
71,B,underwater,fx_level_z_252,-0.023197246715426445
71,alpha,,kospi_return_1d,0.007004512473940849
71,alpha,,fx_level_z_252,0.011407114565372467
72,beta,momentum,,-0.027319611981511116
72,beta,persist,,0.0742170512676239
72,beta,underwater,,0.03095204569399357
72,B,momentum,kospi_return_1d,-3.2359137549065053e-05
72,B,momentum,fx_level_z_252,0.005856450647115707
72,B,persist,kospi_return_1d,-0.008496004156768322
72,B,persist,fx_level_z_252,-0.004166511818766594
72,B,underwater,kospi_return_1d,0.0005238435696810484
72,B,underwater,fx_level_z_252,-0.023494912311434746
72,alpha,,kospi_return_1d,0.0070963590405881405
72,alpha,,fx_level_z_252,0.011478657834231853
73,beta,momentum,,-0.027244428172707558
73,beta,persist,,0.07476921379566193
73,beta,underwater,,0.030866028741002083
73,B,momentum,kospi_return_1d,1.0204385034739971e-05
73,B,momentum,fx_level_z_252,0.005811403039842844
73,B,persist,kospi_return_1d,-0.008431753143668175
73,B,persist,fx_level_z_252,-0.004255857318639755
73,B,underwater,kospi_return_1d,0.00038166827289387584
73,B,underwater,fx_level_z_252,-0.023619143292307854
73,alpha,,kospi_return_1d,0.007101151160895824
73,alpha,,fx_level_z_252,0.011668842285871506
74,beta,momentum,,-0.027140866965055466
74,beta,persist,,0.0752786174416542
74,beta,underwater,,0.03080117329955101
74,B,momentum,kospi_return_1d,0.0002213832049164921
74,B,momentum,fx_level_z_252,0.005617719143629074
74,B,persist,kospi_return_1d,-0.00838393159210682
74,B,persist,fx_level_z_252,-0.004232950042933226
74,B,underwater,kospi_return_1d,0.0001222985447384417
74,B,underwater,fx_level_z_252,-0.02353777177631855
74,alpha,,kospi_return_1d,0.0072591472417116165
74,alpha,,fx_level_z_252,0.011861932463943958
75,beta,momentum,,-0.026883095502853394
75,beta,persist,,0.07572512328624725
75,beta,underwater,,0.030704569071531296
75,B,momentum,kospi_return_1d,0.0004036246391478926
75,B,momentum,fx_level_z_252,0.005413210950791836
75,B,persist,kospi_return_1d,-0.00812112633138895
75,B,persist,fx_level_z_252,-0.004147349391132593
75,B,underwater,kospi_return_1d,6.534746717079543e-06
75,B,underwater,fx_level_z_252,-0.023520855233073235
75,alpha,,kospi_return_1d,0.007484084460884333
75,alpha,,fx_level_z_252,0.01190213393419981
76,beta,momentum,,-0.02657751552760601
76,beta,persist,,0.07616682350635529
76,beta,underwater,,0.030568627640604973
76,B,momentum,kospi_return_1d,0.0006777002126909792
76,B,momentum,fx_level_z_252,0.005141936242580414
76,B,persist,kospi_return_1d,-0.007798414211720228
76,B,persist,fx_level_z_252,-0.004075425677001476
76,B,underwater,kospi_return_1d,1.2223084922879934e-05
76,B,underwater,fx_level_z_252,-0.02347695827484131
76,alpha,,kospi_return_1d,0.00777201633900404
76,alpha,,fx_level_z_252,0.011820854619145393
77,beta,momentum,,-0.026273580268025398
77,beta,persist,,0.07658933848142624
77,beta,underwater,,0.03042234480381012
77,B,momentum,kospi_return_1d,0.0010397585574537516
77,B,momentum,fx_level_z_252,0.004961361177265644
77,B,persist,kospi_return_1d,-0.007637929171323776
77,B,persist,fx_level_z_252,-0.004029111471027136
77,B,underwater,kospi_return_1d,4.40418443758972e-06
77,B,underwater,fx_level_z_252,-0.023484932258725166
77,alpha,,kospi_return_1d,0.008128108456730843
77,alpha,,fx_level_z_252,0.011776696890592575
78,beta,momentum,,-0.02596946805715561
78,beta,persist,,0.07699351012706757
78,beta,underwater,,0.030216652899980545
78,B,momentum,kospi_return_1d,0.0014223037287592888
78,B,momentum,fx_level_z_252,0.00488142529502511
78,B,persist,kospi_return_1d,-0.007721922360360622
78,B,persist,fx_level_z_252,-0.004017099272459745
78,B,underwater,kospi_return_1d,8.309933036798611e-06
78,B,underwater,fx_level_z_252,-0.02352311462163925
78,alpha,,kospi_return_1d,0.00862023327499628
78,alpha,,fx_level_z_252,0.011735753156244755
79,beta,momentum,,-0.02571917697787285
79,beta,persist,,0.07739563286304474
79,beta,underwater,,0.029993092641234398
79,B,momentum,kospi_return_1d,0.0016617142828181386
79,B,momentum,fx_level_z_252,0.004742943681776524
79,B,persist,kospi_return_1d,-0.007749095093458891
79,B,persist,fx_level_z_252,-0.004042004235088825
79,B,underwater,kospi_return_1d,9.279177902499214e-05
79,B,underwater,fx_level_z_252,-0.023473750799894333
79,alpha,,kospi_return_1d,0.009058932773768902
79,alpha,,fx_level_z_252,0.011606656014919281
80,beta,momentum,,-0.025535766035318375
80,beta,persist,,0.07779038697481155
80,beta,underwater,,0.02989155426621437
80,B,momentum,kospi_return_1d,0.001862016273662448
80,B,momentum,fx_level_z_252,0.004565178882330656
80,B,persist,kospi_return_1d,-0.00776861235499382
80,B,persist,fx_level_z_252,-0.004056313540786505
80,B,underwater,kospi_return_1d,0.00016217390657402575
80,B,underwater,fx_level_z_252,-0.023225031793117523
80,alpha,,kospi_return_1d,0.009433098137378693
80,alpha,,fx_level_z_252,0.011481556110084057
81,beta,momentum,,-0.025440702214837074
81,beta,persist,,0.07819483429193497
81,beta,underwater,,0.029857808724045753
81,B,momentum,kospi_return_1d,0.0020065258722752333
81,B,momentum,fx_level_z_252,0.0044521247036755085
81,B,persist,kospi_return_1d,-0.007570900488644838
81,B,persist,fx_level_z_252,-0.0040366980247199535
81,B,underwater,kospi_return_1d,0.0003128809039480984
81,B,underwater,fx_level_z_252,-0.02295587956905365
81,alpha,,kospi_return_1d,0.009824397973716259
81,alpha,,fx_level_z_252,0.011551868170499802
82,beta,momentum,,-0.02533075585961342
82,beta,persist,,0.0785868912935257
82,beta,underwater,,0.029692815616726875
82,B,momentum,kospi_return_1d,0.0020600699353963137
82,B,momentum,fx_level_z_252,0.0046098604798316956
82,B,persist,kospi_return_1d,-0.007646011188626289
82,B,persist,fx_level_z_252,-0.004131016321480274
82,B,underwater,kospi_return_1d,0.000488492485601455
82,B,underwater,fx_level_z_252,-0.02308548428118229
82,alpha,,kospi_return_1d,0.010214588604867458
82,alpha,,fx_level_z_252,0.011696040630340576
83,beta,momentum,,-0.02533167041838169
83,beta,persist,,0.07897190749645233
83,beta,underwater,,0.02960086613893509
83,B,momentum,kospi_return_1d,0.001841453486122191
83,B,momentum,fx_level_z_252,0.004809334874153137
83,B,persist,kospi_return_1d,-0.007464609108865261
83,B,persist,fx_level_z_252,-0.004303645808249712
83,B,underwater,kospi_return_1d,0.0009659467032179236
83,B,underwater,fx_level_z_252,-0.02326289750635624
83,alpha,,kospi_return_1d,0.010671659372746944
83,alpha,,fx_level_z_252,0.01181922946125269
84,beta,momentum,,-0.025335736572742462
84,beta,persist,,0.07936739176511765
84,beta,underwater,,0.029536155983805656
84,B,momentum,kospi_return_1d,0.0015268990537151694
84,B,momentum,fx_level_z_252,0.004969617817550898
84,B,persist,kospi_return_1d,-0.007052735425531864
84,B,persist,fx_level_z_252,-0.0044662184081971645
84,B,underwater,kospi_return_1d,0.001493790652602911
84,B,underwater,fx_level_z_252,-0.023473933339118958
84,alpha,,kospi_return_1d,0.011036655865609646
84,alpha,,fx_level_z_252,0.011736053973436356
85,beta,momentum,,-0.025307001546025276
85,beta,persist,,0.07975224405527115
85,beta,underwater,,0.029479404911398888
85,B,momentum,kospi_return_1d,0.0014118528924882412
85,B,momentum,fx_level_z_252,0.005053951870650053
85,B,persist,kospi_return_1d,-0.006764038931578398
85,B,persist,fx_level_z_252,-0.00453787250444293
85,B,underwater,kospi_return_1d,0.0018556979484856129
85,B,underwater,fx_level_z_252,-0.023663755506277084
85,alpha,,kospi_return_1d,0.011415925808250904
85,alpha,,fx_level_z_252,0.011453566141426563
86,beta,momentum,,-0.02519211173057556
86,beta,persist,,0.08008313179016113
86,beta,underwater,,0.029436664655804634
86,B,momentum,kospi_return_1d,0.0012739984085783362
86,B,momentum,fx_level_z_252,0.0050496612675487995
86,B,persist,kospi_return_1d,-0.006625832058489323
86,B,persist,fx_level_z_252,-0.004571764729917049
86,B,underwater,kospi_return_1d,0.002086049411445856
86,B,underwater,fx_level_z_252,-0.023765649646520615
86,alpha,,kospi_return_1d,0.011739545501768589
86,alpha,,fx_level_z_252,0.011263611726462841
87,beta,momentum,,-0.025015367195010185
87,beta,persist,,0.08037907630205154
87,beta,underwater,,0.029460586607456207
87,B,momentum,kospi_return_1d,0.001230784342624247
87,B,momentum,fx_level_z_252,0.004966460168361664
87,B,persist,kospi_return_1d,-0.006472481880337
87,B,persist,fx_level_z_252,-0.004604416433721781
87,B,underwater,kospi_return_1d,0.0021253807935863733
87,B,underwater,fx_level_z_252,-0.02374589443206787
87,alpha,,kospi_return_1d,0.012062805704772472
87,alpha,,fx_level_z_252,0.011342652142047882
88,beta,momentum,,-0.024874338880181313
88,beta,persist,,0.08060380816459656
88,beta,underwater,,0.029530620202422142
88,B,momentum,kospi_return_1d,0.001165954046882689
88,B,momentum,fx_level_z_252,0.004774830304086208
88,B,persist,kospi_return_1d,-0.006255829241126776
88,B,persist,fx_level_z_252,-0.0044928244315087795
88,B,underwater,kospi_return_1d,0.0019827226642519236
88,B,underwater,fx_level_z_252,-0.023596711456775665
88,alpha,,kospi_return_1d,0.012414125725626945
88,alpha,,fx_level_z_252,0.011551324278116226
89,beta,momentum,,-0.024795295670628548
89,beta,persist,,0.08088445663452148
89,beta,underwater,,0.02966761216521263
89,B,momentum,kospi_return_1d,0.001040132250636816
89,B,momentum,fx_level_z_252,0.004484150093048811
89,B,persist,kospi_return_1d,-0.005869845859706402
89,B,persist,fx_level_z_252,-0.004369562026113272
89,B,underwater,kospi_return_1d,0.0017744122305884957
89,B,underwater,fx_level_z_252,-0.023325197398662567
89,alpha,,kospi_return_1d,0.012560728937387466
89,alpha,,fx_level_z_252,0.011870640330016613
90,beta,momentum,,-0.024669574573636055
90,beta,persist,,0.08115703612565994
90,beta,underwater,,0.029776159673929214
90,B,momentum,kospi_return_1d,0.0008280905894935131
90,B,momentum,fx_level_z_252,0.004269863944500685
90,B,persist,kospi_return_1d,-0.005613196641206741
90,B,persist,fx_level_z_252,-0.004419749137014151
90,B,underwater,kospi_return_1d,0.0017477836227044463
90,B,underwater,fx_level_z_252,-0.02315966598689556
90,alpha,,kospi_return_1d,0.012711177580058575
90,alpha,,fx_level_z_252,0.012334185652434826
91,beta,momentum,,-0.02456696517765522
91,beta,persist,,0.08138523250818253
91,beta,underwater,,0.029953693971037865
91,B,momentum,kospi_return_1d,0.0009437372791580856
91,B,momentum,fx_level_z_252,0.0040572029538452625
91,B,persist,kospi_return_1d,-0.005687193013727665
91,B,persist,fx_level_z_252,-0.00436201598495245
91,B,underwater,kospi_return_1d,0.0014628240605816245
91,B,underwater,fx_level_z_252,-0.022801078855991364
91,alpha,,kospi_return_1d,0.012938780710101128
91,alpha,,fx_level_z_252,0.012702606618404388
92,beta,momentum,,-0.024409102275967598
92,beta,persist,,0.08156652003526688
92,beta,underwater,,0.030063947662711143
92,B,momentum,kospi_return_1d,0.0008730444242246449
92,B,momentum,fx_level_z_252,0.0038195643573999405
92,B,persist,kospi_return_1d,-0.005752407014369965
92,B,persist,fx_level_z_252,-0.004140998236835003
92,B,underwater,kospi_return_1d,0.0012863741721957922
92,B,underwater,fx_level_z_252,-0.022554047405719757
92,alpha,,kospi_return_1d,0.013131464831531048
92,alpha,,fx_level_z_252,0.012956921011209488
93,beta,momentum,,-0.024393845349550247
93,beta,persist,,0.08179286867380142
93,beta,underwater,,0.030145831406116486
93,B,momentum,kospi_return_1d,0.0005830884329043329
93,B,momentum,fx_level_z_252,0.0037336472887545824
93,B,persist,kospi_return_1d,-0.005855182185769081
93,B,persist,fx_level_z_252,-0.0039720479398965836
93,B,underwater,kospi_return_1d,0.0010887781390920281
93,B,underwater,fx_level_z_252,-0.022349979728460312
93,alpha,,kospi_return_1d,0.013372489251196384
93,alpha,,fx_level_z_252,0.013231244869530201
94,beta,momentum,,-0.02439635992050171
94,beta,persist,,0.0819677785038948
94,beta,underwater,,0.03022852912545204
94,B,momentum,kospi_return_1d,0.00037427153438329697
94,B,momentum,fx_level_z_252,0.0036397322546690702
94,B,persist,kospi_return_1d,-0.005856378469616175
94,B,persist,fx_level_z_252,-0.003784086089581251
94,B,underwater,kospi_return_1d,0.0009493521647527814
94,B,underwater,fx_level_z_252,-0.022222554311156273
94,alpha,,kospi_return_1d,0.013743042945861816
94,alpha,,fx_level_z_252,0.013362566940486431
95,beta,momentum,,-0.02438926324248314
95,beta,persist,,0.08217829465866089
95,beta,underwater,,0.030334433540701866
95,B,momentum,kospi_return_1d,0.0003404670860618353
95,B,momentum,fx_level_z_252,0.0035775855649262667
95,B,persist,kospi_return_1d,-0.005911179818212986
95,B,persist,fx_level_z_252,-0.0035717219579964876
95,B,underwater,kospi_return_1d,0.0005103482981212437
95,B,underwater,fx_level_z_252,-0.02225792221724987
95,alpha,,kospi_return_1d,0.014139065518975258
95,alpha,,fx_level_z_252,0.01342387218028307
96,beta,momentum,,-0.024269312620162964
96,beta,persist,,0.08233039081096649
96,beta,underwater,,0.03026561811566353
96,B,momentum,kospi_return_1d,0.00046385632595047355
96,B,momentum,fx_level_z_252,0.003503997577354312
96,B,persist,kospi_return_1d,-0.005965785123407841
96,B,persist,fx_level_z_252,-0.0034422443713992834
96,B,underwater,kospi_return_1d,0.00029913801699876785
96,B,underwater,fx_level_z_252,-0.022326482459902763
96,alpha,,kospi_return_1d,0.014509065076708794
96,alpha,,fx_level_z_252,0.013183800503611565
97,beta,momentum,,-0.024213502183556557
97,beta,persist,,0.08252488821744919
97,beta,underwater,,0.030204851180315018
97,B,momentum,kospi_return_1d,0.0006135015864856541
97,B,momentum,fx_level_z_252,0.0035643158480525017
97,B,persist,kospi_return_1d,-0.006170452572405338
97,B,persist,fx_level_z_252,-0.0033456420060247183
97,B,underwater,kospi_return_1d,7.763217581668869e-05
97,B,underwater,fx_level_z_252,-0.022466951981186867
97,alpha,,kospi_return_1d,0.014791340567171574
97,alpha,,fx_level_z_252,0.012903852388262749
98,beta,momentum,,-0.024113645777106285
98,beta,persist,,0.08273566514253616
98,beta,underwater,,0.030129244551062584
98,B,momentum,kospi_return_1d,0.0005999371060170233
98,B,momentum,fx_level_z_252,0.00364286289550364
98,B,persist,kospi_return_1d,-0.006245001684874296
98,B,persist,fx_level_z_252,-0.003261028788983822
98,B,underwater,kospi_return_1d,-4.433480717125349e-05
98,B,underwater,fx_level_z_252,-0.022723272442817688
98,alpha,,kospi_return_1d,0.015042195096611977
98,alpha,,fx_level_z_252,0.012681220658123493
99,beta,momentum,,-0.024192264303565025
99,beta,persist,,0.08295388519763947
99,beta,underwater,,0.03010176308453083
99,B,momentum,kospi_return_1d,0.0006515136919915676
99,B,momentum,fx_level_z_252,0.003922340925782919
99,B,persist,kospi_return_1d,-0.0063402289524674416
99,B,persist,fx_level_z_252,-0.0030750709120184183
99,B,underwater,kospi_return_1d,-2.2631971660302952e-05
99,B,underwater,fx_level_z_252,-0.02295619621872902
99,alpha,,kospi_return_1d,0.015206457115709782
99,alpha,,fx_level_z_252,0.012497088871896267
100,beta,momentum,,-0.02418680675327778
100,beta,persist,,0.08314184099435806
100,beta,underwater,,0.029983820393681526
100,B,momentum,kospi_return_1d,0.0005860280944034457
100,B,momentum,fx_level_z_252,0.0041698552668094635
100,B,persist,kospi_return_1d,-0.006539968773722649
100,B,persist,fx_level_z_252,-0.002784773940220475
100,B,underwater,kospi_return_1d,0.00017578127153683454
100,B,underwater,fx_level_z_252,-0.023182261735200882
100,alpha,,kospi_return_1d,0.015422655269503593
100,alpha,,fx_level_z_252,0.012364545837044716
101,beta,momentum,,-0.02406071126461029
101,beta,persist,,0.08339418470859528
101,beta,underwater,,0.02990136295557022
101,B,momentum,kospi_return_1d,0.0005245783249847591
101,B,momentum,fx_level_z_252,0.004298897460103035
101,B,persist,kospi_return_1d,-0.006645986810326576
101,B,persist,fx_level_z_252,-0.0026043972466140985
101,B,underwater,kospi_return_1d,0.00043575683957897127
101,B,underwater,fx_level_z_252,-0.023436766117811203
101,alpha,,kospi_return_1d,0.015658285468816757
101,alpha,,fx_level_z_252,0.012228783220052719
102,beta,momentum,,-0.023960428312420845
102,beta,persist,,0.08362860977649689
102,beta,underwater,,0.029843073338270187
102,B,momentum,kospi_return_1d,0.0006124047213234007
102,B,momentum,fx_level_z_252,0.004424821585416794
102,B,persist,kospi_return_1d,-0.006960138212889433
102,B,persist,fx_level_z_252,-0.002354966476559639
102,B,underwater,kospi_return_1d,0.0005814729956910014
102,B,underwater,fx_level_z_252,-0.023613493889570236
102,alpha,,kospi_return_1d,0.01589927449822426
102,alpha,,fx_level_z_252,0.01233671698719263
103,beta,momentum,,-0.023868659511208534
103,beta,persist,,0.08390500396490097
103,beta,underwater,,0.02985006384551525
103,B,momentum,kospi_return_1d,0.000672361406031996
103,B,momentum,fx_level_z_252,0.004648609086871147
103,B,persist,kospi_return_1d,-0.007257112767547369
103,B,persist,fx_level_z_252,-0.0021836922969669104
103,B,underwater,kospi_return_1d,0.0006962211336940527
103,B,underwater,fx_level_z_252,-0.02384991943836212
103,alpha,,kospi_return_1d,0.016063153743743896
103,alpha,,fx_level_z_252,0.012451275251805782
104,beta,momentum,,-0.02381139062345028
104,beta,persist,,0.08418688923120499
104,beta,underwater,,0.02987680397927761
104,B,momentum,kospi_return_1d,0.0005834666080772877
104,B,momentum,fx_level_z_252,0.0047386884689331055
104,B,persist,kospi_return_1d,-0.007562785875052214
104,B,persist,fx_level_z_252,-0.002049011178314686
104,B,underwater,kospi_return_1d,0.0008189140353351831
104,B,underwater,fx_level_z_252,-0.023992417380213737
104,alpha,,kospi_return_1d,0.016183603554964066
104,alpha,,fx_level_z_252,0.012674002908170223
105,beta,momentum,,-0.023766355589032173
105,beta,persist,,0.08454286307096481
105,beta,underwater,,0.02989690750837326
105,B,momentum,kospi_return_1d,0.0006307707517407835
105,B,momentum,fx_level_z_252,0.00470973365008831
105,B,persist,kospi_return_1d,-0.007852299138903618
105,B,persist,fx_level_z_252,-0.002054571872577071
105,B,underwater,kospi_return_1d,0.0009033913956955075
105,B,underwater,fx_level_z_252,-0.024075966328382492
105,alpha,,kospi_return_1d,0.016096381470561028
105,alpha,,fx_level_z_252,0.0129561061039567
106,beta,momentum,,-0.023862183094024658
106,beta,persist,,0.0848783403635025
106,beta,underwater,,0.030045688152313232
106,B,momentum,kospi_return_1d,0.0006560799665749073
106,B,momentum,fx_level_z_252,0.004740752745419741
106,B,persist,kospi_return_1d,-0.007978257723152637
106,B,persist,fx_level_z_252,-0.001961211208254099
106,B,underwater,kospi_return_1d,0.0011143672745674849
106,B,underwater,fx_level_z_252,-0.024127742275595665
106,alpha,,kospi_return_1d,0.016053825616836548
106,alpha,,fx_level_z_252,0.013205970637500286
107,beta,momentum,,-0.023912658914923668
107,beta,persist,,0.0851900577545166
107,beta,underwater,,0.030183980241417885
107,B,momentum,kospi_return_1d,0.0009128227247856557
107,B,momentum,fx_level_z_252,0.004738688003271818
107,B,persist,kospi_return_1d,-0.00825018621981144
107,B,persist,fx_level_z_252,-0.0019248375901952386
107,B,underwater,kospi_return_1d,0.0010825414210557938
107,B,underwater,fx_level_z_252,-0.024131888523697853
107,alpha,,kospi_return_1d,0.016034068539738655
107,alpha,,fx_level_z_252,0.013544958084821701
108,beta,momentum,,-0.023974111303687096
108,beta,persist,,0.0854940339922905
108,beta,underwater,,0.03020874410867691
108,B,momentum,kospi_return_1d,0.0009459489956498146
108,B,momentum,fx_level_z_252,0.00490717263892293
108,B,persist,kospi_return_1d,-0.00848556961864233
108,B,persist,fx_level_z_252,-0.0019773419480770826
108,B,underwater,kospi_return_1d,0.0012434364762157202
108,B,underwater,fx_level_z_252,-0.024401908740401268
108,alpha,,kospi_return_1d,0.01603667438030243
108,alpha,,fx_level_z_252,0.013858250342309475
109,beta,momentum,,-0.02392767369747162
109,beta,persist,,0.08581200242042542
109,beta,underwater,,0.030101902782917023
109,B,momentum,kospi_return_1d,0.0007981329690665007
109,B,momentum,fx_level_z_252,0.005061977542936802
109,B,persist,kospi_return_1d,-0.00855719018727541
109,B,persist,fx_level_z_252,-0.002058046869933605
109,B,underwater,kospi_return_1d,0.0015975068090483546
109,B,underwater,fx_level_z_252,-0.024782666936516762
109,alpha,,kospi_return_1d,0.015949100255966187
109,alpha,,fx_level_z_252,0.014104927890002728
110,beta,momentum,,-0.023922331631183624
110,beta,persist,,0.0861142948269844
110,beta,underwater,,0.029985688626766205
110,B,momentum,kospi_return_1d,0.0006785445148125291
110,B,momentum,fx_level_z_252,0.0051682195626199245
110,B,persist,kospi_return_1d,-0.008646680042147636
110,B,persist,fx_level_z_252,-0.00216045998968184
110,B,underwater,kospi_return_1d,0.0018594597931951284
110,B,underwater,fx_level_z_252,-0.025051038712263107
110,alpha,,kospi_return_1d,0.01580352894961834
110,alpha,,fx_level_z_252,0.014365795068442822
111,beta,momentum,,-0.023893797770142555
111,beta,persist,,0.08639027178287506
111,beta,underwater,,0.0298821572214365
111,B,momentum,kospi_return_1d,0.0006149550899863243
111,B,momentum,fx_level_z_252,0.005303232930600643
111,B,persist,kospi_return_1d,-0.008666318841278553
111,B,persist,fx_level_z_252,-0.002099270699545741
111,B,underwater,kospi_return_1d,0.002091726055368781
111,B,underwater,fx_level_z_252,-0.025286642834544182
111,alpha,,kospi_return_1d,0.015570834279060364
111,alpha,,fx_level_z_252,0.01462602149695158
112,beta,momentum,,-0.023937413468956947
112,beta,persist,,0.08668509870767593
112,beta,underwater,,0.029878811910748482
112,B,momentum,kospi_return_1d,0.0003564810613170266
112,B,momentum,fx_level_z_252,0.005338940769433975
112,B,persist,kospi_return_1d,-0.008497888222336769
112,B,persist,fx_level_z_252,-0.0018543911864981055
112,B,underwater,kospi_return_1d,0.0023673453833907843
112,B,underwater,fx_level_z_252,-0.025283191353082657
112,alpha,,kospi_return_1d,0.015326805412769318
112,alpha,,fx_level_z_252,0.014835173264145851
113,beta,momentum,,-0.02402937225997448
113,beta,persist,,0.08700772374868393
113,beta,underwater,,0.02993195690214634
113,B,momentum,kospi_return_1d,0.0001866743987193331
113,B,momentum,fx_level_z_252,0.005377208814024925
113,B,persist,kospi_return_1d,-0.00848438497632742
113,B,persist,fx_level_z_252,-0.0018067049095407128
113,B,underwater,kospi_return_1d,0.0024467057082802057
113,B,underwater,fx_level_z_252,-0.0252063050866127
113,alpha,,kospi_return_1d,0.015106518752872944
113,alpha,,fx_level_z_252,0.015160650946199894
114,beta,momentum,,-0.02412961982190609
114,beta,persist,,0.08729419112205505
114,beta,underwater,,0.029980339109897614
114,B,momentum,kospi_return_1d,9.339433745481074e-06
114,B,momentum,fx_level_z_252,0.00541250966489315
114,B,persist,kospi_return_1d,-0.00841991975903511
114,B,persist,fx_level_z_252,-0.0016385508934035897
114,B,underwater,kospi_return_1d,0.002414531074464321
114,B,underwater,fx_level_z_252,-0.024977033957839012
114,alpha,,kospi_return_1d,0.015039592050015926
114,alpha,,fx_level_z_252,0.015369839034974575
115,beta,momentum,,-0.024180985987186432
115,beta,persist,,0.08758100122213364
115,beta,underwater,,0.030036717653274536
115,B,momentum,kospi_return_1d,-0.0001243500446435064
115,B,momentum,fx_level_z_252,0.005303337704390287
115,B,persist,kospi_return_1d,-0.008416109718382359
115,B,persist,fx_level_z_252,-0.0013623482082039118
115,B,underwater,kospi_return_1d,0.0022804057225584984
115,B,underwater,fx_level_z_252,-0.024607572704553604
115,alpha,,kospi_return_1d,0.015023743733763695
115,alpha,,fx_level_z_252,0.01555588562041521
116,beta,momentum,,-0.02429657243192196
116,beta,persist,,0.08789857476949692
116,beta,underwater,,0.030172433704137802
116,B,momentum,kospi_return_1d,0.00023442688689101487
116,B,momentum,fx_level_z_252,0.005259274039417505
116,B,persist,kospi_return_1d,-0.008528344333171844
116,B,persist,fx_level_z_252,-0.0011946408776566386
116,B,underwater,kospi_return_1d,0.0019707547035068274
116,B,underwater,fx_level_z_252,-0.024264346808195114
116,alpha,,kospi_return_1d,0.014947904273867607
116,alpha,,fx_level_z_252,0.01579141430556774
117,beta,momentum,,-0.024321354925632477
117,beta,persist,,0.08810102939605713
117,beta,underwater,,0.03028104454278946
117,B,momentum,kospi_return_1d,0.0008713898714631796
117,B,momentum,fx_level_z_252,0.0051756058819592
117,B,persist,kospi_return_1d,-0.008788522332906723
117,B,persist,fx_level_z_252,-0.0010934903984889388
117,B,underwater,kospi_return_1d,0.0014692973345518112
117,B,underwater,fx_level_z_252,-0.023971064016222954
117,alpha,,kospi_return_1d,0.01510161068290472
117,alpha,,fx_level_z_252,0.01579766534268856
118,beta,momentum,,-0.024236885830760002
118,beta,persist,,0.08825819939374924
118,beta,underwater,,0.030271880328655243
118,B,momentum,kospi_return_1d,0.0014427482383325696
118,B,momentum,fx_level_z_252,0.005055328365415335
118,B,persist,kospi_return_1d,-0.009049778804183006
118,B,persist,fx_level_z_252,-0.0008927593007683754
118,B,underwater,kospi_return_1d,0.0008975045057013631
118,B,underwater,fx_level_z_252,-0.02386198192834854
118,alpha,,kospi_return_1d,0.015340525656938553
118,alpha,,fx_level_z_252,0.015685319900512695
119,beta,momentum,,-0.024152234196662903
119,beta,persist,,0.08844106644392014
119,beta,underwater,,0.030269399285316467
119,B,momentum,kospi_return_1d,0.0018435756210237741
119,B,momentum,fx_level_z_252,0.0047376034781336784
119,B,persist,kospi_return_1d,-0.009359592571854591
119,B,persist,fx_level_z_252,-0.0007712122169323266
119,B,underwater,kospi_return_1d,0.0005237513687461615
119,B,underwater,fx_level_z_252,-0.02361248806118965
119,alpha,,kospi_return_1d,0.015440975315868855
119,alpha,,fx_level_z_252,0.015373338013887405
120,beta,momentum,,-0.024083539843559265
120,beta,persist,,0.08866243064403534
120,beta,underwater,,0.030223917216062546
120,B,momentum,kospi_return_1d,0.0020134400110691786
120,B,momentum,fx_level_z_252,0.004416785668581724
120,B,persist,kospi_return_1d,-0.009591713547706604
120,B,persist,fx_level_z_252,-0.0007885459344834089
120,B,underwater,kospi_return_1d,0.0004173948836978525
120,B,underwater,fx_level_z_252,-0.023465605452656746
120,alpha,,kospi_return_1d,0.015400302596390247
120,alpha,,fx_level_z_252,0.01519143395125866
121,beta,momentum,,-0.023967906832695007
121,beta,persist,,0.0887206494808197
121,beta,underwater,,0.0301053486764431
121,B,momentum,kospi_return_1d,0.001989966258406639
121,B,momentum,fx_level_z_252,0.004141365643590689
121,B,persist,kospi_return_1d,-0.009679100476205349
121,B,persist,fx_level_z_252,-0.0008232027175836265
121,B,underwater,kospi_return_1d,0.0004045157111249864
121,B,underwater,fx_level_z_252,-0.02333156205713749
121,alpha,,kospi_return_1d,0.015490809455513954
121,alpha,,fx_level_z_252,0.015084070153534412
122,beta,momentum,,-0.023855110630393028
122,beta,persist,,0.0888110026717186
122,beta,underwater,,0.02994486317038536
122,B,momentum,kospi_return_1d,0.0018593744607642293
122,B,momentum,fx_level_z_252,0.003879718715324998
122,B,persist,kospi_return_1d,-0.009708012454211712
122,B,persist,fx_level_z_252,-0.0008777264738455415
122,B,underwater,kospi_return_1d,0.0004251314967405051
122,B,underwater,fx_level_z_252,-0.023109469562768936
122,alpha,,kospi_return_1d,0.015708863735198975
122,alpha,,fx_level_z_252,0.015013182535767555
123,beta,momentum,,-0.023684179410338402
123,beta,persist,,0.08889557421207428
123,beta,underwater,,0.02979840710759163
123,B,momentum,kospi_return_1d,0.0017120030242949724
123,B,momentum,fx_level_z_252,0.003730928059667349
123,B,persist,kospi_return_1d,-0.009638693183660507
123,B,persist,fx_level_z_252,-0.0008598060230724514
123,B,underwater,kospi_return_1d,0.0006122549530118704
123,B,underwater,fx_level_z_252,-0.023035384714603424
123,alpha,,kospi_return_1d,0.015882231295108795
123,alpha,,fx_level_z_252,0.015102789737284184
124,beta,momentum,,-0.023485491052269936
124,beta,persist,,0.08898626267910004
124,beta,underwater,,0.02968674525618553
124,B,momentum,kospi_return_1d,0.0014560327399522066
124,B,momentum,fx_level_z_252,0.0037372850347310305
124,B,persist,kospi_return_1d,-0.00956543069332838
124,B,persist,fx_level_z_252,-0.000839423795696348
124,B,underwater,kospi_return_1d,0.0008268497767858207
124,B,underwater,fx_level_z_252,-0.023247130215168
124,alpha,,kospi_return_1d,0.016164520755410194
124,alpha,,fx_level_z_252,0.014984752982854843
125,beta,momentum,,-0.023324308916926384
125,beta,persist,,0.08909835666418076
125,beta,underwater,,0.02965213544666767
125,B,momentum,kospi_return_1d,0.001160488580353558
125,B,momentum,fx_level_z_252,0.0036397979129105806
125,B,persist,kospi_return_1d,-0.009328565560281277
125,B,persist,fx_level_z_252,-0.0009173918515443802
125,B,underwater,kospi_return_1d,0.0009538657031953335
125,B,underwater,fx_level_z_252,-0.02337094023823738
125,alpha,,kospi_return_1d,0.016418317332863808
125,alpha,,fx_level_z_252,0.015023563988506794
126,beta,momentum,,-0.02321326732635498
126,beta,persist,,0.08916934579610825
126,beta,underwater,,0.02966773882508278
126,B,momentum,kospi_return_1d,0.0007618092931807041
126,B,momentum,fx_level_z_252,0.003548666136339307
126,B,persist,kospi_return_1d,-0.009194518439471722
126,B,persist,fx_level_z_252,-0.0010252956999465823
126,B,underwater,kospi_return_1d,0.0009706143755465746
126,B,underwater,fx_level_z_252,-0.023470858111977577
126,alpha,,kospi_return_1d,0.016694385558366776
126,alpha,,fx_level_z_252,0.015040379948914051
127,beta,momentum,,-0.023078614845871925
127,beta,persist,,0.08923603594303131
127,beta,underwater,,0.02972300536930561
127,B,momentum,kospi_return_1d,0.0003315238282084465
127,B,momentum,fx_level_z_252,0.0034348303452134132
127,B,persist,kospi_return_1d,-0.009050756692886353
127,B,persist,fx_level_z_252,-0.0009731445461511612
127,B,underwater,kospi_return_1d,0.001030800282023847
127,B,underwater,fx_level_z_252,-0.023563822731375694
127,alpha,,kospi_return_1d,0.016854971647262573
127,alpha,,fx_level_z_252,0.015139431692659855
128,beta,momentum,,-0.023034296929836273
128,beta,persist,,0.08924888074398041
128,beta,underwater,,0.029789937660098076
128,B,momentum,kospi_return_1d,-4.210101906210184e-05
128,B,momentum,fx_level_z_252,0.003453606041148305
128,B,persist,kospi_return_1d,-0.009050228632986546
128,B,persist,fx_level_z_252,-0.0007937508053146303
128,B,underwater,kospi_return_1d,0.0010310657089576125
128,B,underwater,fx_level_z_252,-0.023617815226316452
128,alpha,,kospi_return_1d,0.016936808824539185
128,alpha,,fx_level_z_252,0.015187419019639492
129,beta,momentum,,-0.023006469011306763
129,beta,persist,,0.08925461769104004
129,beta,underwater,,0.0298184584826231
129,B,momentum,kospi_return_1d,-0.0001198026875499636
129,B,momentum,fx_level_z_252,0.0034196891356259584
129,B,persist,kospi_return_1d,-0.008995186537504196
129,B,persist,fx_level_z_252,-0.0005699361208826303
129,B,underwater,kospi_return_1d,0.0011695842258632183
129,B,underwater,fx_level_z_252,-0.023566333577036858
129,alpha,,kospi_return_1d,0.017054744064807892
129,alpha,,fx_level_z_252,0.01499693188816309
130,beta,momentum,,-0.02305668592453003
130,beta,persist,,0.08930185437202454
130,beta,underwater,,0.02973557636141777
130,B,momentum,kospi_return_1d,-8.287210221169516e-05
130,B,momentum,fx_level_z_252,0.003629489103332162
130,B,persist,kospi_return_1d,-0.008834633976221085
130,B,persist,fx_level_z_252,-0.00046079218736849725
130,B,underwater,kospi_return_1d,0.001321180141530931
130,B,underwater,fx_level_z_252,-0.023851511999964714
130,alpha,,kospi_return_1d,0.01705569215118885
130,alpha,,fx_level_z_252,0.014664404094219208
131,beta,momentum,,-0.023014947772026062
131,beta,persist,,0.08937906473875046
131,beta,underwater,,0.029579678550362587
131,B,momentum,kospi_return_1d,2.368351306358818e-05
131,B,momentum,fx_level_z_252,0.0036361326929181814
131,B,persist,kospi_return_1d,-0.008857136592268944
131,B,persist,fx_level_z_252,-0.000272618344752118
131,B,underwater,kospi_return_1d,0.0014565503224730492
131,B,underwater,fx_level_z_252,-0.024040749296545982
131,alpha,,kospi_return_1d,0.017039300873875618
131,alpha,,fx_level_z_252,0.014383786357939243
132,beta,momentum,,-0.023060085251927376
132,beta,persist,,0.08942711353302002
132,beta,underwater,,0.029464367777109146
132,B,momentum,kospi_return_1d,9.893503010971472e-05
132,B,momentum,fx_level_z_252,0.0034674995113164186
132,B,persist,kospi_return_1d,-0.008790327236056328
132,B,persist,fx_level_z_252,-4.4679472921416163e-07
132,B,underwater,kospi_return_1d,0.0016679191030561924
132,B,underwater,fx_level_z_252,-0.023965157568454742
132,alpha,,kospi_return_1d,0.01708473451435566
132,alpha,,fx_level_z_252,0.014034075662493706
133,beta,momentum,,-0.023076502606272697
133,beta,persist,,0.08948937803506851
133,beta,underwater,,0.029334871098399162
133,B,momentum,kospi_return_1d,0.0003529275709297508
133,B,momentum,fx_level_z_252,0.003328585997223854
133,B,persist,kospi_return_1d,-0.008657322265207767
133,B,persist,fx_level_z_252,6.461417797254398e-05
133,B,underwater,kospi_return_1d,0.0019386913627386093
133,B,underwater,fx_level_z_252,-0.023877659812569618
133,alpha,,kospi_return_1d,0.01710163615643978
133,alpha,,fx_level_z_252,0.013730435632169247
134,beta,momentum,,-0.022973299026489258
134,beta,persist,,0.08957342803478241
134,beta,underwater,,0.029166273772716522
134,B,momentum,kospi_return_1d,0.0005430111195892096
134,B,momentum,fx_level_z_252,0.003241138532757759
134,B,persist,kospi_return_1d,-0.008643433451652527
134,B,persist,fx_level_z_252,-8.377738413400948e-05
134,B,underwater,kospi_return_1d,0.0020640131551772356
134,B,underwater,fx_level_z_252,-0.023865578696131706
134,alpha,,kospi_return_1d,0.017010534182190895
134,alpha,,fx_level_z_252,0.013451404869556427
135,beta,momentum,,-0.022911474108695984
135,beta,persist,,0.08976544439792633
135,beta,underwater,,0.029085837304592133
135,B,momentum,kospi_return_1d,0.0009529025992378592
135,B,momentum,fx_level_z_252,0.003239473793655634
135,B,persist,kospi_return_1d,-0.00869229156523943
135,B,persist,fx_level_z_252,-0.00027858029352501035
135,B,underwater,kospi_return_1d,0.0020135152153670788
135,B,underwater,fx_level_z_252,-0.023873601108789444
135,alpha,,kospi_return_1d,0.016767777502536774
135,alpha,,fx_level_z_252,0.013164527714252472
136,beta,momentum,,-0.022799454629421234
136,beta,persist,,0.08989479392766953
136,beta,underwater,,0.02895711176097393
136,B,momentum,kospi_return_1d,0.0011515254154801369
136,B,momentum,fx_level_z_252,0.003443267894908786
136,B,persist,kospi_return_1d,-0.00858569610863924
136,B,persist,fx_level_z_252,-0.0005466604488901794
136,B,underwater,kospi_return_1d,0.0021838732063770294
136,B,underwater,fx_level_z_252,-0.023983174934983253
136,alpha,,kospi_return_1d,0.016617942601442337
136,alpha,,fx_level_z_252,0.013075169175863266
137,beta,momentum,,-0.022644035518169403
137,beta,persist,,0.09000854194164276
137,beta,underwater,,0.028853967785835266
137,B,momentum,kospi_return_1d,0.001311337691731751
137,B,momentum,fx_level_z_252,0.003537567099556327
137,B,persist,kospi_return_1d,-0.008415787480771542
137,B,persist,fx_level_z_252,-0.0007525659166276455
137,B,underwater,kospi_return_1d,0.0022921341005712748
137,B,underwater,fx_level_z_252,-0.024047546088695526
137,alpha,,kospi_return_1d,0.016565438359975815
137,alpha,,fx_level_z_252,0.012922320514917374
138,beta,momentum,,-0.022540893405675888
138,beta,persist,,0.09012095630168915
138,beta,underwater,,0.028690863400697708
138,B,momentum,kospi_return_1d,0.0012535428395494819
138,B,momentum,fx_level_z_252,0.003633360378444195
138,B,persist,kospi_return_1d,-0.008191469125449657
138,B,persist,fx_level_z_252,-0.0010212641209363937
138,B,underwater,kospi_return_1d,0.002446819795295596
138,B,underwater,fx_level_z_252,-0.024152392521500587
138,alpha,,kospi_return_1d,0.016510000452399254
138,alpha,,fx_level_z_252,0.012849793769419193
139,beta,momentum,,-0.022403474897146225
139,beta,persist,,0.09013088047504425
139,beta,underwater,,0.028579043224453926
139,B,momentum,kospi_return_1d,0.0013250639894977212
139,B,momentum,fx_level_z_252,0.0036547412164509296
139,B,persist,kospi_return_1d,-0.00806801114231348
139,B,persist,fx_level_z_252,-0.0009847846813499928
139,B,underwater,kospi_return_1d,0.0024340995587408543
139,B,underwater,fx_level_z_252,-0.024217527359724045
139,alpha,,kospi_return_1d,0.01662745140492916
139,alpha,,fx_level_z_252,0.012944511137902737
140,beta,momentum,,-0.022414863109588623
140,beta,persist,,0.09017698466777802
140,beta,underwater,,0.028586721047759056
140,B,momentum,kospi_return_1d,0.0013638914097100496
140,B,momentum,fx_level_z_252,0.003642765339463949
140,B,persist,kospi_return_1d,-0.007999405264854431
140,B,persist,fx_level_z_252,-0.00101481715682894
140,B,underwater,kospi_return_1d,0.0022758319973945618
140,B,underwater,fx_level_z_252,-0.02431183122098446
140,alpha,,kospi_return_1d,0.01663421094417572
140,alpha,,fx_level_z_252,0.013262677006423473
141,beta,momentum,,-0.022412437945604324
141,beta,persist,,0.09028708189725876
141,beta,underwater,,0.02879059500992298
141,B,momentum,kospi_return_1d,0.0013487328542396426
141,B,momentum,fx_level_z_252,0.003629178274422884
141,B,persist,kospi_return_1d,-0.00804966501891613
141,B,persist,fx_level_z_252,-0.0010464689694344997
141,B,underwater,kospi_return_1d,0.0020931304898113012
141,B,underwater,fx_level_z_252,-0.024396371096372604
141,alpha,,kospi_return_1d,0.01642688363790512
141,alpha,,fx_level_z_252,0.013715158216655254
142,beta,momentum,,-0.022512096911668777
142,beta,persist,,0.09041473269462585
142,beta,underwater,,0.028961624950170517
142,B,momentum,kospi_return_1d,0.0012727733701467514
142,B,momentum,fx_level_z_252,0.0035980320535600185
142,B,persist,kospi_return_1d,-0.008272591046988964
142,B,persist,fx_level_z_252,-0.0010499589843675494
142,B,underwater,kospi_return_1d,0.0019388117361813784
142,B,underwater,fx_level_z_252,-0.024404605850577354
142,alpha,,kospi_return_1d,0.01618465967476368
142,alpha,,fx_level_z_252,0.014150741510093212
143,beta,momentum,,-0.022651230916380882
143,beta,persist,,0.09057950228452682
143,beta,underwater,,0.029102284461259842
143,B,momentum,kospi_return_1d,0.0011803226079791784
143,B,momentum,fx_level_z_252,0.0035079168155789375
143,B,persist,kospi_return_1d,-0.008443702943623066
143,B,persist,fx_level_z_252,-0.0011015264317393303
143,B,underwater,kospi_return_1d,0.001745307701639831
143,B,underwater,fx_level_z_252,-0.02439369447529316
143,alpha,,kospi_return_1d,0.015920083969831467
143,alpha,,fx_level_z_252,0.01424912828952074
144,beta,momentum,,-0.022738561034202576
144,beta,persist,,0.09070048481225967
144,beta,underwater,,0.029072435572743416
144,B,momentum,kospi_return_1d,0.0012105412315577269
144,B,momentum,fx_level_z_252,0.0035278580617159605
144,B,persist,kospi_return_1d,-0.008908060379326344
144,B,persist,fx_level_z_252,-0.0010873074643313885
144,B,underwater,kospi_return_1d,0.0015038595302030444
144,B,underwater,fx_level_z_252,-0.024492956697940826
144,alpha,,kospi_return_1d,0.015813147649168968
144,alpha,,fx_level_z_252,0.014119759202003479
145,beta,momentum,,-0.0228884294629097
145,beta,persist,,0.09079200029373169
145,beta,underwater,,0.028928158804774284
145,B,momentum,kospi_return_1d,0.0011271217372268438
145,B,momentum,fx_level_z_252,0.0037447670474648476
145,B,persist,kospi_return_1d,-0.00936324242502451
145,B,persist,fx_level_z_252,-0.0011454143095761538
145,B,underwater,kospi_return_1d,0.0013189917663112283
145,B,underwater,fx_level_z_252,-0.02475931867957115
145,alpha,,kospi_return_1d,0.015869444236159325
145,alpha,,fx_level_z_252,0.014061524532735348
146,beta,momentum,,-0.022941846400499344
146,beta,persist,,0.09084946662187576
146,beta,underwater,,0.028759250417351723
146,B,momentum,kospi_return_1d,0.00093336176360026
146,B,momentum,fx_level_z_252,0.004020213149487972
146,B,persist,kospi_return_1d,-0.009784862399101257
146,B,persist,fx_level_z_252,-0.0012144938809797168
146,B,underwater,kospi_return_1d,0.0013183439150452614
146,B,underwater,fx_level_z_252,-0.025051897391676903
146,alpha,,kospi_return_1d,0.01592341437935829
146,alpha,,fx_level_z_252,0.014013378880918026
147,beta,momentum,,-0.02304229326546192
147,beta,persist,,0.09086957573890686
147,beta,underwater,,0.02873862162232399
147,B,momentum,kospi_return_1d,0.0006331285694614053
147,B,momentum,fx_level_z_252,0.004167140461504459
147,B,persist,kospi_return_1d,-0.009896228089928627
147,B,persist,fx_level_z_252,-0.0011586914770305157
147,B,underwater,kospi_return_1d,0.0013536299811676145
147,B,underwater,fx_level_z_252,-0.02522249147295952
147,alpha,,kospi_return_1d,0.016134554520249367
147,alpha,,fx_level_z_252,0.01406949944794178
148,beta,momentum,,-0.023120148107409477
148,beta,persist,,0.09083918482065201
148,beta,underwater,,0.028775038197636604
148,B,momentum,kospi_return_1d,0.0002912036143243313
148,B,momentum,fx_level_z_252,0.00411253422498703
148,B,persist,kospi_return_1d,-0.010106589645147324
148,B,persist,fx_level_z_252,-0.0009482067544013262
148,B,underwater,kospi_return_1d,0.001431389362551272
148,B,underwater,fx_level_z_252,-0.025108879432082176
148,alpha,,kospi_return_1d,0.01636621728539467
148,alpha,,fx_level_z_252,0.014125321991741657
149,beta,momentum,,-0.02333558164536953
149,beta,persist,,0.09075421839952469
149,beta,underwater,,0.028885524719953537
149,B,momentum,kospi_return_1d,-0.00014235182607080787
149,B,momentum,fx_level_z_252,0.00404017511755228
149,B,persist,kospi_return_1d,-0.01021437905728817
149,B,persist,fx_level_z_252,-0.000678188051097095
149,B,underwater,kospi_return_1d,0.0014518050011247396
149,B,underwater,fx_level_z_252,-0.024790309369564056
149,alpha,,kospi_return_1d,0.016667421907186508
149,alpha,,fx_level_z_252,0.014280200004577637
150,beta,momentum,,-0.02366158552467823
150,beta,persist,,0.09071766585111618
150,beta,underwater,,0.029031410813331604
150,B,momentum,kospi_return_1d,-0.0004923119558952749
150,B,momentum,fx_level_z_252,0.003963922616094351
150,B,persist,kospi_return_1d,-0.010334210470318794
150,B,persist,fx_level_z_252,-0.00035890168510377407
150,B,underwater,kospi_return_1d,0.0013865113724023104
150,B,underwater,fx_level_z_252,-0.02446330338716507
150,alpha,,kospi_return_1d,0.01670401357114315
150,alpha,,fx_level_z_252,0.014619098044931889
151,beta,momentum,,-0.024015888571739197
151,beta,persist,,0.09070295840501785
151,beta,underwater,,0.029268603771924973
151,B,momentum,kospi_return_1d,-0.0006584045477211475
151,B,momentum,fx_level_z_252,0.0037967923562973738
151,B,persist,kospi_return_1d,-0.01035356055945158
151,B,persist,fx_level_z_252,-0.00011045037535950541
151,B,underwater,kospi_return_1d,0.0013649583561345935
151,B,underwater,fx_level_z_252,-0.02406758815050125
151,alpha,,kospi_return_1d,0.01678268238902092
151,alpha,,fx_level_z_252,0.014667404815554619
152,beta,momentum,,-0.024216100573539734
152,beta,persist,,0.09066399931907654
152,beta,underwater,,0.029351945966482162
152,B,momentum,kospi_return_1d,-0.0006280297529883683
152,B,momentum,fx_level_z_252,0.003462605644017458
152,B,persist,kospi_return_1d,-0.010322039015591145
152,B,persist,fx_level_z_252,0.00013910196139477193
152,B,underwater,kospi_return_1d,0.0013202425325289369
152,B,underwater,fx_level_z_252,-0.0236898772418499
152,alpha,,kospi_return_1d,0.01696382276713848
152,alpha,,fx_level_z_252,0.014412018470466137
153,beta,momentum,,-0.024338219314813614
153,beta,persist,,0.09060224145650864
153,beta,underwater,,0.029351230710744858
153,B,momentum,kospi_return_1d,-0.0004828923265449703
153,B,momentum,fx_level_z_252,0.0032381280325353146
153,B,persist,kospi_return_1d,-0.010214314796030521
153,B,persist,fx_level_z_252,0.0002465791185386479
153,B,underwater,kospi_return_1d,0.0013322760351002216
153,B,underwater,fx_level_z_252,-0.023507146164774895
153,alpha,,kospi_return_1d,0.017136171460151672
153,alpha,,fx_level_z_252,0.014062670059502125
154,beta,momentum,,-0.024450700730085373
154,beta,persist,,0.09057729691267014
154,beta,underwater,,0.029335875064134598
154,B,momentum,kospi_return_1d,-0.0003325840225443244
154,B,momentum,fx_level_z_252,0.0031040902249515057
154,B,persist,kospi_return_1d,-0.01009590458124876
154,B,persist,fx_level_z_252,0.0002514743246138096
154,B,underwater,kospi_return_1d,0.0013859702739864588
154,B,underwater,fx_level_z_252,-0.023284511640667915
154,alpha,,kospi_return_1d,0.01714845933020115
154,alpha,,fx_level_z_252,0.01373735349625349
155,beta,momentum,,-0.0245036743581295
155,beta,persist,,0.09052155911922455
155,beta,underwater,,0.0291808620095253
155,B,momentum,kospi_return_1d,-6.649142596870661e-05
155,B,momentum,fx_level_z_252,0.003272738540545106
155,B,persist,kospi_return_1d,-0.009796465747058392
155,B,persist,fx_level_z_252,-6.527694495161995e-05
155,B,underwater,kospi_return_1d,0.0016036261804401875
155,B,underwater,fx_level_z_252,-0.02348041720688343
155,alpha,,kospi_return_1d,0.01719498634338379
155,alpha,,fx_level_z_252,0.013445517979562283
156,beta,momentum,,-0.024571526795625687
156,beta,persist,,0.09046823531389236
156,beta,underwater,,0.02917717769742012
156,B,momentum,kospi_return_1d,0.0005136984982527792
156,B,momentum,fx_level_z_252,0.003448357107117772
156,B,persist,kospi_return_1d,-0.009350722655653954
156,B,persist,fx_level_z_252,-0.00027157424483448267
156,B,underwater,kospi_return_1d,0.0017668103100731969
156,B,underwater,fx_level_z_252,-0.023619946092367172
156,alpha,,kospi_return_1d,0.017365867272019386
156,alpha,,fx_level_z_252,0.013233009725809097
157,beta,momentum,,-0.024529628455638885
157,beta,persist,,0.09040343761444092
157,beta,underwater,,0.02918906882405281
157,B,momentum,kospi_return_1d,0.001014741137623787
157,B,momentum,fx_level_z_252,0.0034546775277704
157,B,persist,kospi_return_1d,-0.009109645150601864
157,B,persist,fx_level_z_252,-0.0003220717189833522
157,B,underwater,kospi_return_1d,0.0017963494174182415
157,B,underwater,fx_level_z_252,-0.023614391684532166
157,alpha,,kospi_return_1d,0.01741640642285347
157,alpha,,fx_level_z_252,0.013036845251917839
158,beta,momentum,,-0.024447297677397728
158,beta,persist,,0.09033633023500443
158,beta,underwater,,0.029101314023137093
158,B,momentum,kospi_return_1d,0.001265477854758501
158,B,momentum,fx_level_z_252,0.0036072006914764643
158,B,persist,kospi_return_1d,-0.008699425496160984
158,B,persist,fx_level_z_252,-0.000595659133978188
158,B,underwater,kospi_return_1d,0.0017563772853463888
158,B,underwater,fx_level_z_252,-0.023758169263601303
158,alpha,,kospi_return_1d,0.017591333016753197
158,alpha,,fx_level_z_252,0.01289098709821701
159,beta,momentum,,-0.02435465343296528
159,beta,persist,,0.09028121829032898
159,beta,underwater,,0.029081877321004868
159,B,momentum,kospi_return_1d,0.0013633165508508682
159,B,momentum,fx_level_z_252,0.0037179971113801003
159,B,persist,kospi_return_1d,-0.008396958000957966
159,B,persist,fx_level_z_252,-0.0008326433598995209
159,B,underwater,kospi_return_1d,0.001580271520651877
159,B,underwater,fx_level_z_252,-0.023823224008083344
159,alpha,,kospi_return_1d,0.01771729812026024
159,alpha,,fx_level_z_252,0.012665119022130966
160,beta,momentum,,-0.024242093786597252
160,beta,persist,,0.09020090848207474
160,beta,underwater,,0.029093801975250244
160,B,momentum,kospi_return_1d,0.0013297760160639882
160,B,momentum,fx_level_z_252,0.003866049461066723
160,B,persist,kospi_return_1d,-0.008019835688173771
160,B,persist,fx_level_z_252,-0.0011223029578104615
160,B,underwater,kospi_return_1d,0.0017422926612198353
160,B,underwater,fx_level_z_252,-0.023902349174022675
160,alpha,,kospi_return_1d,0.01781819947063923
160,alpha,,fx_level_z_252,0.012677794322371483
161,beta,momentum,,-0.024240834638476372
161,beta,persist,,0.0902719497680664
161,beta,underwater,,0.029309244826436043
161,B,momentum,kospi_return_1d,0.0011786962859332561
161,B,momentum,fx_level_z_252,0.003807567059993744
161,B,persist,kospi_return_1d,-0.00786868017166853
161,B,persist,fx_level_z_252,-0.0013790000230073929
161,B,underwater,kospi_return_1d,0.0017913307528942823
161,B,underwater,fx_level_z_252,-0.023712383583188057
161,alpha,,kospi_return_1d,0.017692744731903076
161,alpha,,fx_level_z_252,0.01284336019307375
162,beta,momentum,,-0.024188851937651634
162,beta,persist,,0.09035907685756683
162,beta,underwater,,0.02960488200187683
162,B,momentum,kospi_return_1d,0.0011156690306961536
162,B,momentum,fx_level_z_252,0.003704344155266881
162,B,persist,kospi_return_1d,-0.007711488753557205
162,B,persist,fx_level_z_252,-0.0015265581896528602
162,B,underwater,kospi_return_1d,0.0017203536117449403
162,B,underwater,fx_level_z_252,-0.02344450354576111
162,alpha,,kospi_return_1d,0.01759306713938713
162,alpha,,fx_level_z_252,0.012994729913771152
163,beta,momentum,,-0.024285633116960526
163,beta,persist,,0.09052874147891998
163,beta,underwater,,0.029780060052871704
163,B,momentum,kospi_return_1d,0.0008658173028379679
163,B,momentum,fx_level_z_252,0.0037611848674714565
163,B,persist,kospi_return_1d,-0.007522846572101116
163,B,persist,fx_level_z_252,-0.0016374117694795132
163,B,underwater,kospi_return_1d,0.001656929263845086
163,B,underwater,fx_level_z_252,-0.023254435509443283
163,alpha,,kospi_return_1d,0.017361849546432495
163,alpha,,fx_level_z_252,0.013198974542319775
164,beta,momentum,,-0.02438245341181755
164,beta,persist,,0.09065628796815872
164,beta,underwater,,0.029922816902399063
164,B,momentum,kospi_return_1d,0.0005074499058537185
164,B,momentum,fx_level_z_252,0.003849159926176071
164,B,persist,kospi_return_1d,-0.007291160523891449
164,B,persist,fx_level_z_252,-0.0017263191984966397
164,B,underwater,kospi_return_1d,0.0016928828554227948
164,B,underwater,fx_level_z_252,-0.023056872189044952
164,alpha,,kospi_return_1d,0.017229113727808
164,alpha,,fx_level_z_252,0.013465640135109425
165,beta,momentum,,-0.024402953684329987
165,beta,persist,,0.09066800773143768
165,beta,underwater,,0.030049344524741173
165,B,momentum,kospi_return_1d,0.000284367153653875
165,B,momentum,fx_level_z_252,0.003931007813662291
165,B,persist,kospi_return_1d,-0.007207190617918968
165,B,persist,fx_level_z_252,-0.0017845139373093843
165,B,underwater,kospi_return_1d,0.0016282927244901657
165,B,underwater,fx_level_z_252,-0.022914526984095573
165,alpha,,kospi_return_1d,0.01728016510605812
165,alpha,,fx_level_z_252,0.013650995679199696
166,beta,momentum,,-0.024352582171559334
166,beta,persist,,0.0906665176153183
166,beta,underwater,,0.030112028121948242
166,B,momentum,kospi_return_1d,0.00019305026216898113
166,B,momentum,fx_level_z_252,0.003894196357578039
166,B,persist,kospi_return_1d,-0.0073365019634366035
166,B,persist,fx_level_z_252,-0.0017448329599574208
166,B,underwater,kospi_return_1d,0.0014256513677537441
166,B,underwater,fx_level_z_252,-0.022790130227804184
166,alpha,,kospi_return_1d,0.017262183129787445
166,alpha,,fx_level_z_252,0.013828543946146965
167,beta,momentum,,-0.024252165108919144
167,beta,persist,,0.09064687043428421
167,beta,underwater,,0.03003654256463051
167,B,momentum,kospi_return_1d,-2.1002495486754924e-05
167,B,momentum,fx_level_z_252,0.0039979154244065285
167,B,persist,kospi_return_1d,-0.007396351080387831
167,B,persist,fx_level_z_252,-0.0016535695176571608
167,B,underwater,kospi_return_1d,0.001369135221466422
167,B,underwater,fx_level_z_252,-0.02289271168410778
167,alpha,,kospi_return_1d,0.01729283481836319
167,alpha,,fx_level_z_252,0.014097277075052261
168,beta,momentum,,-0.02403966709971428
168,beta,persist,,0.09058117866516113
168,beta,underwater,,0.0298039298504591
168,B,momentum,kospi_return_1d,-6.744954589521512e-05
168,B,momentum,fx_level_z_252,0.004041975364089012
168,B,persist,kospi_return_1d,-0.007463051006197929
168,B,persist,fx_level_z_252,-0.0015655296156182885
168,B,underwater,kospi_return_1d,0.001328918500803411
168,B,underwater,fx_level_z_252,-0.023015739396214485
168,alpha,,kospi_return_1d,0.017404725775122643
168,alpha,,fx_level_z_252,0.014190574176609516
169,beta,momentum,,-0.023777207359671593
169,beta,persist,,0.09056384861469269
169,beta,underwater,,0.02953474596142769
169,B,momentum,kospi_return_1d,0.00014429035945795476
169,B,momentum,fx_level_z_252,0.0041748094372451305
169,B,persist,kospi_return_1d,-0.007576414383947849
169,B,persist,fx_level_z_252,-0.0014965508598834276
169,B,underwater,kospi_return_1d,0.0012388903414830565
169,B,underwater,fx_level_z_252,-0.02317938767373562
169,alpha,,kospi_return_1d,0.017596054822206497
169,alpha,,fx_level_z_252,0.014264438301324844
170,beta,momentum,,-0.023556049913167953
170,beta,persist,,0.09064289927482605
170,beta,underwater,,0.02925950475037098
170,B,momentum,kospi_return_1d,0.00017222901806235313
170,B,momentum,fx_level_z_252,0.0043268161825835705
170,B,persist,kospi_return_1d,-0.0076985410414636135
170,B,persist,fx_level_z_252,-0.0016110267024487257
170,B,underwater,kospi_return_1d,0.0011952220229431987
170,B,underwater,fx_level_z_252,-0.023320207372307777
170,alpha,,kospi_return_1d,0.017712730914354324
170,alpha,,fx_level_z_252,0.014392044395208359
171,beta,momentum,,-0.02339325100183487
171,beta,persist,,0.09069298207759857
171,beta,underwater,,0.02894538640975952
171,B,momentum,kospi_return_1d,0.0003185986424796283
171,B,momentum,fx_level_z_252,0.004389370325952768
171,B,persist,kospi_return_1d,-0.007794004864990711
171,B,persist,fx_level_z_252,-0.001699184300377965
171,B,underwater,kospi_return_1d,0.00119256810285151
171,B,underwater,fx_level_z_252,-0.0234594214707613
171,alpha,,kospi_return_1d,0.017794596031308174
171,alpha,,fx_level_z_252,0.014516565948724747
172,beta,momentum,,-0.023224886506795883
172,beta,persist,,0.09077777713537216
172,beta,underwater,,0.028691621497273445
172,B,momentum,kospi_return_1d,0.0004577740328386426
172,B,momentum,fx_level_z_252,0.004362417384982109
172,B,persist,kospi_return_1d,-0.007998107001185417
172,B,persist,fx_level_z_252,-0.00174242677167058
172,B,underwater,kospi_return_1d,0.0012105214409530163
172,B,underwater,fx_level_z_252,-0.023512626066803932
172,alpha,,kospi_return_1d,0.017842235043644905
172,alpha,,fx_level_z_252,0.014612335711717606
173,beta,momentum,,-0.022997673600912094
173,beta,persist,,0.09082731604576111
173,beta,underwater,,0.028584469109773636
173,B,momentum,kospi_return_1d,0.00037177957710810006
173,B,momentum,fx_level_z_252,0.004308116156607866
173,B,persist,kospi_return_1d,-0.008168250322341919
173,B,persist,fx_level_z_252,-0.0017523292917758226
173,B,underwater,kospi_return_1d,0.001284813042730093
173,B,underwater,fx_level_z_252,-0.023490602150559425
173,alpha,,kospi_return_1d,0.017873527482151985
173,alpha,,fx_level_z_252,0.014713806100189686
174,beta,momentum,,-0.022830357775092125
174,beta,persist,,0.09088084101676941
174,beta,underwater,,0.028510311618447304
174,B,momentum,kospi_return_1d,0.00022236007498577237
174,B,momentum,fx_level_z_252,0.004238790832459927
174,B,persist,kospi_return_1d,-0.008259885013103485
174,B,persist,fx_level_z_252,-0.0018302970565855503
174,B,underwater,kospi_return_1d,0.0013955687172710896
174,B,underwater,fx_level_z_252,-0.023463701829314232
174,alpha,,kospi_return_1d,0.017908815294504166
174,alpha,,fx_level_z_252,0.01480137836188078
175,beta,momentum,,-0.022528361529111862
175,beta,persist,,0.0909217819571495
175,beta,underwater,,0.028414897620677948
175,B,momentum,kospi_return_1d,0.00012299443187657744
175,B,momentum,fx_level_z_252,0.00412658741697669
175,B,persist,kospi_return_1d,-0.008440387435257435
175,B,persist,fx_level_z_252,-0.0017282551852986217
175,B,underwater,kospi_return_1d,0.0012634885497391224
175,B,underwater,fx_level_z_252,-0.023415787145495415
175,alpha,,kospi_return_1d,0.01788628101348877
175,alpha,,fx_level_z_252,0.014936072751879692
176,beta,momentum,,-0.022194189950823784
176,beta,persist,,0.09087207168340683
176,beta,underwater,,0.02827966772019863
176,B,momentum,kospi_return_1d,-4.4208733015693724e-05
176,B,momentum,fx_level_z_252,0.0039353021420538425
176,B,persist,kospi_return_1d,-0.008676080964505672
176,B,persist,fx_level_z_252,-0.001578158582560718
176,B,underwater,kospi_return_1d,0.0011447756551206112
176,B,underwater,fx_level_z_252,-0.02342933975160122
176,alpha,,kospi_return_1d,0.017943285405635834
176,alpha,,fx_level_z_252,0.015094593167304993
177,beta,momentum,,-0.022008800879120827
177,beta,persist,,0.09079873561859131
177,beta,underwater,,0.028270140290260315
177,B,momentum,kospi_return_1d,-0.0001497109333286062
177,B,momentum,fx_level_z_252,0.003723096800968051
177,B,persist,kospi_return_1d,-0.008886589668691158
177,B,persist,fx_level_z_252,-0.0013607810251414776
177,B,underwater,kospi_return_1d,0.0009217309998348355
177,B,underwater,fx_level_z_252,-0.023210452869534492
177,alpha,,kospi_return_1d,0.017989058047533035
177,alpha,,fx_level_z_252,0.01533328928053379
178,beta,momentum,,-0.021842025220394135
178,beta,persist,,0.09072244167327881
178,beta,underwater,,0.028126295655965805
178,B,momentum,kospi_return_1d,-0.00020387220138218254
178,B,momentum,fx_level_z_252,0.003569288644939661
178,B,persist,kospi_return_1d,-0.009082174859941006
178,B,persist,fx_level_z_252,-0.0010501949582248926
178,B,underwater,kospi_return_1d,0.0009255058830603957
178,B,underwater,fx_level_z_252,-0.023070942610502243
178,alpha,,kospi_return_1d,0.018017055466771126
178,alpha,,fx_level_z_252,0.015526320785284042
179,beta,momentum,,-0.02170734293758869
179,beta,persist,,0.09067035466432571
179,beta,underwater,,0.028065424412488937
179,B,momentum,kospi_return_1d,-0.00014441275561694056
179,B,momentum,fx_level_z_252,0.0034537711180746555
179,B,persist,kospi_return_1d,-0.008951201103627682
179,B,persist,fx_level_z_252,-0.0006807684549130499
179,B,underwater,kospi_return_1d,0.0009864693274721503
179,B,underwater,fx_level_z_252,-0.022801347076892853
179,alpha,,kospi_return_1d,0.018008023500442505
179,alpha,,fx_level_z_252,0.015567035414278507
180,beta,momentum,,-0.021599935367703438
180,beta,persist,,0.0906047374010086
180,beta,underwater,,0.028013039380311966
180,B,momentum,kospi_return_1d,-0.00011752154387068003
180,B,momentum,fx_level_z_252,0.0035637621767818928
180,B,persist,kospi_return_1d,-0.008668821305036545
180,B,persist,fx_level_z_252,-0.00043213085155002773
180,B,underwater,kospi_return_1d,0.0011792534496635199
180,B,underwater,fx_level_z_252,-0.022696366533637047
180,alpha,,kospi_return_1d,0.017966827377676964
180,alpha,,fx_level_z_252,0.01545171719044447
181,beta,momentum,,-0.021526513621211052
181,beta,persist,,0.0906958356499672
181,beta,underwater,,0.028035392984747887
181,B,momentum,kospi_return_1d,-0.00013414428394753486
181,B,momentum,fx_level_z_252,0.0036868008319288492
181,B,persist,kospi_return_1d,-0.008232828229665756
181,B,persist,fx_level_z_252,-0.0005493041826412082
181,B,underwater,kospi_return_1d,0.001539868419058621
181,B,underwater,fx_level_z_252,-0.02270800992846489
181,alpha,,kospi_return_1d,0.017824111506342888
181,alpha,,fx_level_z_252,0.015276603400707245
182,beta,momentum,,-0.021567905321717262
182,beta,persist,,0.09078814089298248
182,beta,underwater,,0.02805570513010025
182,B,momentum,kospi_return_1d,2.6273999537806958e-05
182,B,momentum,fx_level_z_252,0.003817170625552535
182,B,persist,kospi_return_1d,-0.007944056764245033
182,B,persist,fx_level_z_252,-0.0007060052012093365
182,B,underwater,kospi_return_1d,0.001662484952248633
182,B,underwater,fx_level_z_252,-0.022712532430887222
182,alpha,,kospi_return_1d,0.01777823083102703
182,alpha,,fx_level_z_252,0.0147487698122859
183,beta,momentum,,-0.02172962948679924
183,beta,persist,,0.09091147035360336
183,beta,underwater,,0.028119100257754326
183,B,momentum,kospi_return_1d,0.00024214849690906703
183,B,momentum,fx_level_z_252,0.003956745378673077
183,B,persist,kospi_return_1d,-0.007734623737633228
183,B,persist,fx_level_z_252,-0.0008341259090229869
183,B,underwater,kospi_return_1d,0.0017325117951259017
183,B,underwater,fx_level_z_252,-0.022797204554080963
183,alpha,,kospi_return_1d,0.017664015293121338
183,alpha,,fx_level_z_252,0.014233377762138844
184,beta,momentum,,-0.021880511194467545
184,beta,persist,,0.09096106886863708
184,beta,underwater,,0.028134159743785858
184,B,momentum,kospi_return_1d,0.00030912095098756254
184,B,momentum,fx_level_z_252,0.0040796115063130856
184,B,persist,kospi_return_1d,-0.0075812977738678455
184,B,persist,fx_level_z_252,-0.0009038893622346222
184,B,underwater,kospi_return_1d,0.001730418880470097
184,B,underwater,fx_level_z_252,-0.0226749274879694
184,alpha,,kospi_return_1d,0.017586221918463707
184,alpha,,fx_level_z_252,0.013754944317042828
185,beta,momentum,,-0.022128453478217125
185,beta,persist,,0.09099822491407394
185,beta,underwater,,0.028266040608286858
185,B,momentum,kospi_return_1d,0.00028529600240290165
185,B,momentum,fx_level_z_252,0.0040890066884458065
185,B,persist,kospi_return_1d,-0.007429756224155426
185,B,persist,fx_level_z_252,-0.0009872609516605735
185,B,underwater,kospi_return_1d,0.0017165724420920014
185,B,underwater,fx_level_z_252,-0.02242816798388958
185,alpha,,kospi_return_1d,0.017649266868829727
185,alpha,,fx_level_z_252,0.013546501286327839
186,beta,momentum,,-0.02240491285920143
186,beta,persist,,0.09103597700595856
186,beta,underwater,,0.028485650196671486
186,B,momentum,kospi_return_1d,0.0006076272111386061
186,B,momentum,fx_level_z_252,0.004063637927174568
186,B,persist,kospi_return_1d,-0.007233319338411093
186,B,persist,fx_level_z_252,-0.001043088035658002
186,B,underwater,kospi_return_1d,0.0016228891909122467
186,B,underwater,fx_level_z_252,-0.0220815297216177
186,alpha,,kospi_return_1d,0.017755120992660522
186,alpha,,fx_level_z_252,0.013336789794266224
187,beta,momentum,,-0.02262529358267784
187,beta,persist,,0.09107379615306854
187,beta,underwater,,0.02865518443286419
187,B,momentum,kospi_return_1d,0.0008816390763968229
187,B,momentum,fx_level_z_252,0.004139551427215338
187,B,persist,kospi_return_1d,-0.00716602336615324
187,B,persist,fx_level_z_252,-0.00094273267313838
187,B,underwater,kospi_return_1d,0.0015443984884768724
187,B,underwater,fx_level_z_252,-0.021837539970874786
187,alpha,,kospi_return_1d,0.01789054274559021
187,alpha,,fx_level_z_252,0.013140633702278137
188,beta,momentum,,-0.022726530209183693
188,beta,persist,,0.09107939153909683
188,beta,underwater,,0.028746414929628372
188,B,momentum,kospi_return_1d,0.0011158471461385489
188,B,momentum,fx_level_z_252,0.004133290145546198
188,B,persist,kospi_return_1d,-0.007201985456049442
188,B,persist,fx_level_z_252,-0.0007930458523333073
188,B,underwater,kospi_return_1d,0.0014855898916721344
188,B,underwater,fx_level_z_252,-0.021615197882056236
188,alpha,,kospi_return_1d,0.017930589616298676
188,alpha,,fx_level_z_252,0.012907015159726143
189,beta,momentum,,-0.022944251075387
189,beta,persist,,0.09108857810497284
189,beta,underwater,,0.028917107731103897
189,B,momentum,kospi_return_1d,0.0014369831187650561
189,B,momentum,fx_level_z_252,0.004150800406932831
189,B,persist,kospi_return_1d,-0.007305697072297335
189,B,persist,fx_level_z_252,-0.0005105455638840795
189,B,underwater,kospi_return_1d,0.0013231653720140457
189,B,underwater,fx_level_z_252,-0.021486921235919
189,alpha,,kospi_return_1d,0.018057826906442642
189,alpha,,fx_level_z_252,0.012941143475472927
190,beta,momentum,,-0.023091712966561317
190,beta,persist,,0.09105340391397476
190,beta,underwater,,0.02900933101773262
190,B,momentum,kospi_return_1d,0.0016577508067712188
190,B,momentum,fx_level_z_252,0.00444293487817049
190,B,persist,kospi_return_1d,-0.0072996909730136395
190,B,persist,fx_level_z_252,-0.00029483833350241184
190,B,underwater,kospi_return_1d,0.001186292851343751
190,B,underwater,fx_level_z_252,-0.021565554663538933
190,alpha,,kospi_return_1d,0.01831720396876335
190,alpha,,fx_level_z_252,0.012892821803689003
191,beta,momentum,,-0.023158300668001175
191,beta,persist,,0.09098590165376663
191,beta,underwater,,0.028932610526680946
191,B,momentum,kospi_return_1d,0.0017637182027101517
191,B,momentum,fx_level_z_252,0.00477961078286171
191,B,persist,kospi_return_1d,-0.0072147720493376255
191,B,persist,fx_level_z_252,-0.0001779975718818605
191,B,underwater,kospi_return_1d,0.0012151714181527495
191,B,underwater,fx_level_z_252,-0.021775228902697563
191,alpha,,kospi_return_1d,0.0185551755130291
191,alpha,,fx_level_z_252,0.012946500442922115
192,beta,momentum,,-0.023212088271975517
192,beta,persist,,0.0909641683101654
192,beta,underwater,,0.02879582718014717
192,B,momentum,kospi_return_1d,0.002052598400041461
192,B,momentum,fx_level_z_252,0.004954064730554819
192,B,persist,kospi_return_1d,-0.007280639838427305
192,B,persist,fx_level_z_252,-0.0001890174753498286
192,B,underwater,kospi_return_1d,0.0012281032977625728
192,B,underwater,fx_level_z_252,-0.021849675104022026
192,alpha,,kospi_return_1d,0.01872280240058899
192,alpha,,fx_level_z_252,0.012992260977625847
193,beta,momentum,,-0.023249780759215355
193,beta,persist,,0.09089303016662598
193,beta,underwater,,0.02867126651108265
193,B,momentum,kospi_return_1d,0.0023820213973522186
193,B,momentum,fx_level_z_252,0.004955507814884186
193,B,persist,kospi_return_1d,-0.007323495112359524
193,B,persist,fx_level_z_252,-6.195131572894752e-05
193,B,underwater,kospi_return_1d,0.0011857702629640698
193,B,underwater,fx_level_z_252,-0.021753285080194473
193,alpha,,kospi_return_1d,0.018784601241350174
193,alpha,,fx_level_z_252,0.013053758069872856
194,beta,momentum,,-0.02329469658434391
194,beta,persist,,0.09084473550319672
194,beta,underwater,,0.02848810888826847
194,B,momentum,kospi_return_1d,0.0027556500863283873
194,B,momentum,fx_level_z_252,0.004951513838022947
194,B,persist,kospi_return_1d,-0.007379915565252304
194,B,persist,fx_level_z_252,0.00011356331378920004
194,B,underwater,kospi_return_1d,0.0011992118088528514
194,B,underwater,fx_level_z_252,-0.02169749327003956
194,alpha,,kospi_return_1d,0.018759530037641525
194,alpha,,fx_level_z_252,0.012867933139204979
195,beta,momentum,,-0.02326556108891964
195,beta,persist,,0.09080610424280167
195,beta,underwater,,0.028264861553907394
195,B,momentum,kospi_return_1d,0.0028854748234152794
195,B,momentum,fx_level_z_252,0.005033476743847132
195,B,persist,kospi_return_1d,-0.0074727172031998634
195,B,persist,fx_level_z_252,4.480018833419308e-05
195,B,underwater,kospi_return_1d,0.0011591846123337746
195,B,underwater,fx_level_z_252,-0.02176593989133835
195,alpha,,kospi_return_1d,0.01870102621614933
195,alpha,,fx_level_z_252,0.012714913114905357
196,beta,momentum,,-0.023211650550365448
196,beta,persist,,0.0907524898648262
196,beta,underwater,,0.028052911162376404
196,B,momentum,kospi_return_1d,0.002835172927007079
196,B,momentum,fx_level_z_252,0.0050468104891479015
196,B,persist,kospi_return_1d,-0.007625512778759003
196,B,persist,fx_level_z_252,-0.00015208427794277668
196,B,underwater,kospi_return_1d,0.0010731026995927095
196,B,underwater,fx_level_z_252,-0.021780872717499733
196,alpha,,kospi_return_1d,0.018538128584623337
196,alpha,,fx_level_z_252,0.012647016905248165
197,beta,momentum,,-0.023132946342229843
197,beta,persist,,0.09069151431322098
197,beta,underwater,,0.027814235538244247
197,B,momentum,kospi_return_1d,0.002563169924542308
197,B,momentum,fx_level_z_252,0.004978119861334562
197,B,persist,kospi_return_1d,-0.0077867708168923855
197,B,persist,fx_level_z_252,-0.0003090559330303222
197,B,underwater,kospi_return_1d,0.001026221551001072
197,B,underwater,fx_level_z_252,-0.021778572350740433
197,alpha,,kospi_return_1d,0.01841944083571434
197,alpha,,fx_level_z_252,0.012457900680601597
198,beta,momentum,,-0.023010659962892532
198,beta,persist,,0.09056096524000168
198,beta,underwater,,0.027555368840694427
198,B,momentum,kospi_return_1d,0.0020300860051065683
198,B,momentum,fx_level_z_252,0.004961339756846428
198,B,persist,kospi_return_1d,-0.0076400828547775745
198,B,persist,fx_level_z_252,-0.0004901159554719925
198,B,underwater,kospi_return_1d,0.0011212090030312538
198,B,underwater,fx_level_z_252,-0.0218783151358366
198,alpha,,kospi_return_1d,0.01842392235994339
198,alpha,,fx_level_z_252,0.012261589989066124
199,beta,momentum,,-0.023053206503391266
199,beta,persist,,0.09046009182929993
199,beta,underwater,,0.02733604982495308
199,B,momentum,kospi_return_1d,0.001485450309701264
199,B,momentum,fx_level_z_252,0.005064132623374462
199,B,persist,kospi_return_1d,-0.007415661588311195
199,B,persist,fx_level_z_252,-0.0007048778352327645
199,B,underwater,kospi_return_1d,0.0013011087430641055
199,B,underwater,fx_level_z_252,-0.021989012137055397
199,alpha,,kospi_return_1d,0.01835261471569538
199,alpha,,fx_level_z_252,0.011877655982971191
200,beta,momentum,,-0.023031387478113174
200,beta,persist,,0.09024140238761902
200,beta,underwater,,0.027241166681051254
200,B,momentum,kospi_return_1d,0.001137446379289031
200,B,momentum,fx_level_z_252,0.0051079499535262585
200,B,persist,kospi_return_1d,-0.007393436506390572
200,B,persist,fx_level_z_252,-0.0008639093139208853
200,B,underwater,kospi_return_1d,0.001290388172492385
200,B,underwater,fx_level_z_252,-0.02197227068245411
200,alpha,,kospi_return_1d,0.01844698004424572
200,alpha,,fx_level_z_252,0.011614532209932804
201,beta,momentum,,-0.022990848869085312
201,beta,persist,,0.09001722931861877
201,beta,underwater,,0.027312740683555603
201,B,momentum,kospi_return_1d,0.0009805589215829968
201,B,momentum,fx_level_z_252,0.0049494910053908825
201,B,persist,kospi_return_1d,-0.007449656259268522
201,B,persist,fx_level_z_252,-0.0008442553225904703
201,B,underwater,kospi_return_1d,0.0011307478416711092
201,B,underwater,fx_level_z_252,-0.02181733213365078
201,alpha,,kospi_return_1d,0.01849432848393917
201,alpha,,fx_level_z_252,0.011589543893933296
202,beta,momentum,,-0.02304927632212639
202,beta,persist,,0.0899810642004013
202,beta,underwater,,0.027445483952760696
202,B,momentum,kospi_return_1d,0.0010072182631120086
202,B,momentum,fx_level_z_252,0.004856313578784466
202,B,persist,kospi_return_1d,-0.007605093996971846
202,B,persist,fx_level_z_252,-0.0009401136194355786
202,B,underwater,kospi_return_1d,0.0010294143576174974
202,B,underwater,fx_level_z_252,-0.021692566573619843
202,alpha,,kospi_return_1d,0.01844724640250206
202,alpha,,fx_level_z_252,0.011680369265377522
203,beta,momentum,,-0.023075032979249954
203,beta,persist,,0.08992833644151688
203,beta,underwater,,0.027564944699406624
203,B,momentum,kospi_return_1d,0.0013020103797316551
203,B,momentum,fx_level_z_252,0.004818294662982225
203,B,persist,kospi_return_1d,-0.007990390062332153
203,B,persist,fx_level_z_252,-0.0010373858967795968
203,B,underwater,kospi_return_1d,0.0007923856610432267
203,B,underwater,fx_level_z_252,-0.021568842232227325
203,alpha,,kospi_return_1d,0.01840139552950859
203,alpha,,fx_level_z_252,0.011812505312263966
204,beta,momentum,,-0.023204734548926353
204,beta,persist,,0.09001008421182632
204,beta,underwater,,0.02785576693713665
204,B,momentum,kospi_return_1d,0.0013945501996204257
204,B,momentum,fx_level_z_252,0.004796477034687996
204,B,persist,kospi_return_1d,-0.008308684453368187
204,B,persist,fx_level_z_252,-0.001181559870019555
204,B,underwater,kospi_return_1d,0.0005174035322852433
204,B,underwater,fx_level_z_252,-0.02143646590411663
204,alpha,,kospi_return_1d,0.01812354102730751
204,alpha,,fx_level_z_252,0.01190507784485817
205,beta,momentum,,-0.023356078192591667
205,beta,persist,,0.09011729806661606
205,beta,underwater,,0.028132706880569458
205,B,momentum,kospi_return_1d,0.0012894568499177694
205,B,momentum,fx_level_z_252,0.0048664528876543045
205,B,persist,kospi_return_1d,-0.008360860869288445
205,B,persist,fx_level_z_252,-0.0016380477463826537
205,B,underwater,kospi_return_1d,0.00039752537850290537
205,B,underwater,fx_level_z_252,-0.021519238129258156
205,alpha,,kospi_return_1d,0.01780414953827858
205,alpha,,fx_level_z_252,0.012012287974357605
206,beta,momentum,,-0.023593192920088768
206,beta,persist,,0.09021413326263428
206,beta,underwater,,0.028432492166757584
206,B,momentum,kospi_return_1d,0.001001258147880435
206,B,momentum,fx_level_z_252,0.004986959043890238
206,B,persist,kospi_return_1d,-0.00830044411122799
206,B,persist,fx_level_z_252,-0.001975116552785039
206,B,underwater,kospi_return_1d,0.00042038626270368695
206,B,underwater,fx_level_z_252,-0.02161482535302639
206,alpha,,kospi_return_1d,0.017636174336075783
206,alpha,,fx_level_z_252,0.012190531007945538
207,beta,momentum,,-0.023719847202301025
207,beta,persist,,0.0902804285287857
207,beta,underwater,,0.028534621000289917
207,B,momentum,kospi_return_1d,0.0007102199597284198
207,B,momentum,fx_level_z_252,0.005120841786265373
207,B,persist,kospi_return_1d,-0.008362346328794956
207,B,persist,fx_level_z_252,-0.002206309698522091
207,B,underwater,kospi_return_1d,0.000452059117378667
207,B,underwater,fx_level_z_252,-0.021885361522436142
207,alpha,,kospi_return_1d,0.017351768910884857
207,alpha,,fx_level_z_252,0.012289009988307953
208,beta,momentum,,-0.02391999028623104
208,beta,persist,,0.09036826342344284
208,beta,underwater,,0.028615634888410568
208,B,momentum,kospi_return_1d,0.0004717689589597285
208,B,momentum,fx_level_z_252,0.00532697606831789
208,B,persist,kospi_return_1d,-0.008558345027267933
208,B,persist,fx_level_z_252,-0.0023471505846828222
208,B,underwater,kospi_return_1d,0.00037877674913033843
208,B,underwater,fx_level_z_252,-0.022122208029031754
208,alpha,,kospi_return_1d,0.017139969393610954
208,alpha,,fx_level_z_252,0.01246475800871849
209,beta,momentum,,-0.02399662509560585
209,beta,persist,,0.09039356559515
209,beta,underwater,,0.02862994559109211
209,B,momentum,kospi_return_1d,0.00033055650419555604
209,B,momentum,fx_level_z_252,0.0053555602207779884
209,B,persist,kospi_return_1d,-0.00871243979781866
209,B,persist,fx_level_z_252,-0.002291215118020773
209,B,underwater,kospi_return_1d,0.00030549467192031443
209,B,underwater,fx_level_z_252,-0.0222507081925869
209,alpha,,kospi_return_1d,0.016971128061413765
209,alpha,,fx_level_z_252,0.01266349758952856
210,beta,momentum,,-0.023992890492081642
210,beta,persist,,0.09048554301261902
210,beta,underwater,,0.028608638793230057
210,B,momentum,kospi_return_1d,0.0002004459674935788
210,B,momentum,fx_level_z_252,0.0051540955901145935
210,B,persist,kospi_return_1d,-0.008996622636914253
210,B,persist,fx_level_z_252,-0.002085984218865633
210,B,underwater,kospi_return_1d,0.00017889760783873498
210,B,underwater,fx_level_z_252,-0.022160042077302933
210,alpha,,kospi_return_1d,0.01671569049358368
210,alpha,,fx_level_z_252,0.012963954359292984
211,beta,momentum,,-0.024019382894039154
211,beta,persist,,0.09058768302202225
211,beta,underwater,,0.02868586778640747
211,B,momentum,kospi_return_1d,7.714872481301427e-05
211,B,momentum,fx_level_z_252,0.005025782156735659
211,B,persist,kospi_return_1d,-0.009113007225096226
211,B,persist,fx_level_z_252,-0.002090358640998602
211,B,underwater,kospi_return_1d,0.00012915852130390704
211,B,underwater,fx_level_z_252,-0.02220276929438114
211,alpha,,kospi_return_1d,0.016551470384001732
211,alpha,,fx_level_z_252,0.013365557417273521
212,beta,momentum,,-0.02407328225672245
212,beta,persist,,0.09064892679452896
212,beta,underwater,,0.028657402843236923
212,B,momentum,kospi_return_1d,-9.184746159007773e-05
212,B,momentum,fx_level_z_252,0.005094234831631184
212,B,persist,kospi_return_1d,-0.009187943302094936
212,B,persist,fx_level_z_252,-0.0021707145497202873
212,B,underwater,kospi_return_1d,0.00024639759794808924
212,B,underwater,fx_level_z_252,-0.022478925064206123
212,alpha,,kospi_return_1d,0.016425147652626038
212,alpha,,fx_level_z_252,0.013726395554840565
213,beta,momentum,,-0.023988625034689903
213,beta,persist,,0.09057839959859848
213,beta,underwater,,0.02848798967897892
213,B,momentum,kospi_return_1d,-9.963054617401212e-05
213,B,momentum,fx_level_z_252,0.00503564765676856
213,B,persist,kospi_return_1d,-0.009132436476647854
213,B,persist,fx_level_z_252,-0.002163943834602833
213,B,underwater,kospi_return_1d,0.0005482244305312634
213,B,underwater,fx_level_z_252,-0.02265246771275997
213,alpha,,kospi_return_1d,0.01636364310979843
213,alpha,,fx_level_z_252,0.013929410837590694
214,beta,momentum,,-0.023893199861049652
214,beta,persist,,0.09052752703428268
214,beta,underwater,,0.028339117765426636
214,B,momentum,kospi_return_1d,-5.066071025794372e-06
214,B,momentum,fx_level_z_252,0.004943163599818945
214,B,persist,kospi_return_1d,-0.00907868705689907
214,B,persist,fx_level_z_252,-0.002159256488084793
214,B,underwater,kospi_return_1d,0.0007403469062410295
214,B,underwater,fx_level_z_252,-0.022729510441422462
214,alpha,,kospi_return_1d,0.016284259036183357
214,alpha,,fx_level_z_252,0.014144432730972767
215,beta,momentum,,-0.023787755519151688
215,beta,persist,,0.09051589667797089
215,beta,underwater,,0.028164226561784744
215,B,momentum,kospi_return_1d,0.00019715720554813743
215,B,momentum,fx_level_z_252,0.0048273056745529175
215,B,persist,kospi_return_1d,-0.008857488632202148
215,B,persist,fx_level_z_252,-0.0021289638243615627
215,B,underwater,kospi_return_1d,0.0010139464866369963
215,B,underwater,fx_level_z_252,-0.022789429873228073
215,alpha,,kospi_return_1d,0.016175292432308197
215,alpha,,fx_level_z_252,0.014156772755086422
216,beta,momentum,,-0.023635540157556534
216,beta,persist,,0.09048618376255035
216,beta,underwater,,0.02807391621172428
216,B,momentum,kospi_return_1d,0.0005473705241456628
216,B,momentum,fx_level_z_252,0.004856949206441641
216,B,persist,kospi_return_1d,-0.008629071526229382
216,B,persist,fx_level_z_252,-0.002138650044798851
216,B,underwater,kospi_return_1d,0.001129958312958479
216,B,underwater,fx_level_z_252,-0.02298193797469139
216,alpha,,kospi_return_1d,0.016203414648771286
216,alpha,,fx_level_z_252,0.014235005713999271
217,beta,momentum,,-0.023426376283168793
217,beta,persist,,0.0904197171330452
217,beta,underwater,,0.027815138921141624
217,B,momentum,kospi_return_1d,0.0007653562934137881
217,B,momentum,fx_level_z_252,0.005010279361158609
217,B,persist,kospi_return_1d,-0.008373147808015347
217,B,persist,fx_level_z_252,-0.0022117511834949255
217,B,underwater,kospi_return_1d,0.0013192411279305816
217,B,underwater,fx_level_z_252,-0.02319449372589588
217,alpha,,kospi_return_1d,0.01638183370232582
217,alpha,,fx_level_z_252,0.014183876104652882
218,beta,momentum,,-0.023227594792842865
218,beta,persist,,0.09031272679567337
218,beta,underwater,,0.02759655937552452
218,B,momentum,kospi_return_1d,0.000864076369907707
218,B,momentum,fx_level_z_252,0.005068136844784021
218,B,persist,kospi_return_1d,-0.00829911045730114
218,B,persist,fx_level_z_252,-0.002208986319601536
218,B,underwater,kospi_return_1d,0.0012871210929006338
218,B,underwater,fx_level_z_252,-0.023193227127194405
218,alpha,,kospi_return_1d,0.01665567047894001
218,alpha,,fx_level_z_252,0.014069784432649612
219,beta,momentum,,-0.02304401621222496
219,beta,persist,,0.09016775339841843
219,beta,underwater,,0.027264192700386047
219,B,momentum,kospi_return_1d,0.00091599888401106
219,B,momentum,fx_level_z_252,0.00523959519341588
219,B,persist,kospi_return_1d,-0.00825076550245285
219,B,persist,fx_level_z_252,-0.0023330198600888252
219,B,underwater,kospi_return_1d,0.0013429437531158328
219,B,underwater,fx_level_z_252,-0.02324899658560753
219,alpha,,kospi_return_1d,0.017002731561660767
219,alpha,,fx_level_z_252,0.014036246575415134
220,beta,momentum,,-0.022963011637330055
220,beta,persist,,0.09013178944587708
220,beta,underwater,,0.0270258616656065
220,B,momentum,kospi_return_1d,0.00077272136695683
220,B,momentum,fx_level_z_252,0.005311381537467241
220,B,persist,kospi_return_1d,-0.008163103833794594
220,B,persist,fx_level_z_252,-0.0024812996853142977
220,B,underwater,kospi_return_1d,0.0013087011175230145
220,B,underwater,fx_level_z_252,-0.02328161895275116
220,alpha,,kospi_return_1d,0.017280198633670807
220,alpha,,fx_level_z_252,0.014073772355914116
221,beta,momentum,,-0.022866150364279747
221,beta,persist,,0.09012827277183533
221,beta,underwater,,0.026861153542995453
221,B,momentum,kospi_return_1d,0.0007353816763497889
221,B,momentum,fx_level_z_252,0.005272973328828812
221,B,persist,kospi_return_1d,-0.008278604596853256
221,B,persist,fx_level_z_252,-0.0025737101677805185
221,B,underwater,kospi_return_1d,0.0010510908905416727
221,B,underwater,fx_level_z_252,-0.023170819506049156
221,alpha,,kospi_return_1d,0.017577264457941055
221,alpha,,fx_level_z_252,0.01414132583886385
222,beta,momentum,,-0.02280399203300476
222,beta,persist,,0.09003901481628418
222,beta,underwater,,0.026796840131282806
222,B,momentum,kospi_return_1d,0.0006901905871927738
222,B,momentum,fx_level_z_252,0.0051734489388763905
222,B,persist,kospi_return_1d,-0.008353833109140396
222,B,persist,fx_level_z_252,-0.0024648457765579224
222,B,underwater,kospi_return_1d,0.000654961506370455
222,B,underwater,fx_level_z_252,-0.022960785776376724
222,alpha,,kospi_return_1d,0.017878003418445587
222,alpha,,fx_level_z_252,0.014210970140993595
223,beta,momentum,,-0.022806109860539436
223,beta,persist,,0.08985742926597595
223,beta,underwater,,0.026688532903790474
223,B,momentum,kospi_return_1d,0.00043346176971681416
223,B,momentum,fx_level_z_252,0.005063327960669994
223,B,persist,kospi_return_1d,-0.008482118137180805
223,B,persist,fx_level_z_252,-0.0022496178280562162
223,B,underwater,kospi_return_1d,0.00034823123132809997
223,B,underwater,fx_level_z_252,-0.022686928510665894
223,alpha,,kospi_return_1d,0.01836729794740677
223,alpha,,fx_level_z_252,0.014170668087899685
224,beta,momentum,,-0.0227604229003191
224,beta,persist,,0.0897148847579956
224,beta,underwater,,0.02666335366666317
224,B,momentum,kospi_return_1d,0.00032178289256989956
224,B,momentum,fx_level_z_252,0.0049061463214457035
224,B,persist,kospi_return_1d,-0.00842323899269104
224,B,persist,fx_level_z_252,-0.0020519110839813948
224,B,underwater,kospi_return_1d,-7.924090459709987e-05
224,B,underwater,fx_level_z_252,-0.022459479048848152
224,alpha,,kospi_return_1d,0.018924525007605553
224,alpha,,fx_level_z_252,0.014206528663635254
225,beta,momentum,,-0.022687984630465508
225,beta,persist,,0.08972585201263428
225,beta,underwater,,0.026684030890464783
225,B,momentum,kospi_return_1d,7.923203520476818e-05
225,B,momentum,fx_level_z_252,0.004802089184522629
225,B,persist,kospi_return_1d,-0.008339619264006615
225,B,persist,fx_level_z_252,-0.0020077694207429886
225,B,underwater,kospi_return_1d,-0.00012515221897047013
225,B,underwater,fx_level_z_252,-0.02236935682594776
225,alpha,,kospi_return_1d,0.019211072474718094
225,alpha,,fx_level_z_252,0.014179762452840805
226,beta,momentum,,-0.022624121978878975
226,beta,persist,,0.08974982798099518
226,beta,underwater,,0.0266856849193573
226,B,momentum,kospi_return_1d,-0.0003247144049964845
226,B,momentum,fx_level_z_252,0.004804691299796104
226,B,persist,kospi_return_1d,-0.008241541683673859
226,B,persist,fx_level_z_252,-0.0017937636002898216
226,B,underwater,kospi_return_1d,0.00015262558008544147
226,B,underwater,fx_level_z_252,-0.022328786551952362
226,alpha,,kospi_return_1d,0.019361630082130432
226,alpha,,fx_level_z_252,0.014205404557287693
227,beta,momentum,,-0.02258331887423992
227,beta,persist,,0.08980810642242432
227,beta,underwater,,0.026767397299408913
227,B,momentum,kospi_return_1d,-0.0004754977999255061
227,B,momentum,fx_level_z_252,0.0046263630501925945
227,B,persist,kospi_return_1d,-0.008284827694296837
227,B,persist,fx_level_z_252,-0.0014100541593506932
227,B,underwater,kospi_return_1d,0.00016573045286349952
227,B,underwater,fx_level_z_252,-0.022121654823422432
227,alpha,,kospi_return_1d,0.019327925518155098
227,alpha,,fx_level_z_252,0.014008141122758389
228,beta,momentum,,-0.02252468653023243
228,beta,persist,,0.08991307020187378
228,beta,underwater,,0.02690364606678486
228,B,momentum,kospi_return_1d,-0.0002789872232824564
228,B,momentum,fx_level_z_252,0.004373933654278517
228,B,persist,kospi_return_1d,-0.008463908918201923
228,B,persist,fx_level_z_252,-0.001110360724851489
228,B,underwater,kospi_return_1d,0.00022799157886765897
228,B,underwater,fx_level_z_252,-0.021952878683805466
228,alpha,,kospi_return_1d,0.019144941121339798
228,alpha,,fx_level_z_252,0.0138732073828578
229,beta,momentum,,-0.02252761833369732
229,beta,persist,,0.09000243246555328
229,beta,underwater,,0.026998912915587425
229,B,momentum,kospi_return_1d,8.794495806796476e-05
229,B,momentum,fx_level_z_252,0.004129755776375532
229,B,persist,kospi_return_1d,-0.0086740143597126
229,B,persist,fx_level_z_252,-0.0007251792121678591
229,B,underwater,kospi_return_1d,6.26908804406412e-05
229,B,underwater,fx_level_z_252,-0.021760307252407074
229,alpha,,kospi_return_1d,0.01905050314962864
229,alpha,,fx_level_z_252,0.013838864862918854
230,beta,momentum,,-0.022495068609714508
230,beta,persist,,0.09013573080301285
230,beta,underwater,,0.02693093754351139
230,B,momentum,kospi_return_1d,0.0002273008576594293
230,B,momentum,fx_level_z_252,0.004075116943567991
230,B,persist,kospi_return_1d,-0.008746104314923286
230,B,persist,fx_level_z_252,-0.0003979131579399109
230,B,underwater,kospi_return_1d,2.9198030460975133e-05
230,B,underwater,fx_level_z_252,-0.02183457463979721
230,alpha,,kospi_return_1d,0.018936559557914734
230,alpha,,fx_level_z_252,0.014008899219334126
231,beta,momentum,,-0.022479206323623657
231,beta,persist,,0.09021228551864624
231,beta,underwater,,0.026909299194812775
231,B,momentum,kospi_return_1d,0.00036230694968253374
231,B,momentum,fx_level_z_252,0.004047879483550787
231,B,persist,kospi_return_1d,-0.008719380013644695
231,B,persist,fx_level_z_252,-6.051850505173206e-05
231,B,underwater,kospi_return_1d,-1.9398503354750574e-06
231,B,underwater,fx_level_z_252,-0.021827667951583862
231,alpha,,kospi_return_1d,0.018891237676143646
231,alpha,,fx_level_z_252,0.014093393459916115
232,beta,momentum,,-0.022610699757933617
232,beta,persist,,0.09038886427879333
232,beta,underwater,,0.026984892785549164
232,B,momentum,kospi_return_1d,0.0005120282294228673
232,B,momentum,fx_level_z_252,0.004046168643981218
232,B,persist,kospi_return_1d,-0.008604589849710464
232,B,persist,fx_level_z_252,0.00029879045905545354
232,B,underwater,kospi_return_1d,-3.368878969922662e-05
232,B,underwater,fx_level_z_252,-0.021679308265447617
232,alpha,,kospi_return_1d,0.018791062757372856
232,alpha,,fx_level_z_252,0.014170391485095024
233,beta,momentum,,-0.022756993770599365
233,beta,persist,,0.09065427631139755
233,beta,underwater,,0.02712327614426613
233,B,momentum,kospi_return_1d,0.0005404794937931001
233,B,momentum,fx_level_z_252,0.0041481428779661655
233,B,persist,kospi_return_1d,-0.008471272885799408
233,B,persist,fx_level_z_252,0.00027934624813497066
233,B,underwater,kospi_return_1d,0.00015203436487354338
233,B,underwater,fx_level_z_252,-0.02162840962409973
233,alpha,,kospi_return_1d,0.018558338284492493
233,alpha,,fx_level_z_252,0.014131952077150345
234,beta,momentum,,-0.02290353737771511
234,beta,persist,,0.09090127050876617
234,beta,underwater,,0.0273288544267416
234,B,momentum,kospi_return_1d,0.0006044564070180058
234,B,momentum,fx_level_z_252,0.00439727446064353
234,B,persist,kospi_return_1d,-0.008259554393589497
234,B,persist,fx_level_z_252,2.831939491443336e-05
234,B,underwater,kospi_return_1d,0.0003844351158477366
234,B,underwater,fx_level_z_252,-0.02176516503095627
234,alpha,,kospi_return_1d,0.018442170694470406
234,alpha,,fx_level_z_252,0.01419675163924694
235,beta,momentum,,-0.02302383817732334
235,beta,persist,,0.09102209657430649
235,beta,underwater,,0.027403155341744423
235,B,momentum,kospi_return_1d,0.0006929886294528842
235,B,momentum,fx_level_z_252,0.004716073628515005
235,B,persist,kospi_return_1d,-0.008115589618682861
235,B,persist,fx_level_z_252,-0.00020495585340540856
235,B,underwater,kospi_return_1d,0.00061472796369344
235,B,underwater,fx_level_z_252,-0.021946461871266365
235,alpha,,kospi_return_1d,0.018372049555182457
235,alpha,,fx_level_z_252,0.014414005912840366
236,beta,momentum,,-0.023197246715426445
236,beta,persist,,0.09115094691514969
236,beta,underwater,,0.027527084574103355
236,B,momentum,kospi_return_1d,0.0007660789997316897
236,B,momentum,fx_level_z_252,0.004927115980535746
236,B,persist,kospi_return_1d,-0.0080129848793149
236,B,persist,fx_level_z_252,-0.00037896205321885645
236,B,underwater,kospi_return_1d,0.000869939976837486
236,B,underwater,fx_level_z_252,-0.022005287930369377
236,alpha,,kospi_return_1d,0.01831599697470665
236,alpha,,fx_level_z_252,0.014573423191905022
237,beta,momentum,,-0.02326132170855999
237,beta,persist,,0.09124939143657684
237,beta,underwater,,0.027606766670942307
237,B,momentum,kospi_return_1d,0.001027445076033473
237,B,momentum,fx_level_z_252,0.004962351638823748
237,B,persist,kospi_return_1d,-0.007941128686070442
237,B,persist,fx_level_z_252,-0.0004626111185643822
237,B,underwater,kospi_return_1d,0.0010386734502390027
237,B,underwater,fx_level_z_252,-0.022040903568267822
237,alpha,,kospi_return_1d,0.018300402909517288
237,alpha,,fx_level_z_252,0.014760235324501991
238,beta,momentum,,-0.02314823493361473
238,beta,persist,,0.09137449413537979
238,beta,underwater,,0.027633434161543846
238,B,momentum,kospi_return_1d,0.0011567000765353441
238,B,momentum,fx_level_z_252,0.005022801924496889
238,B,persist,kospi_return_1d,-0.00790774542838335
238,B,persist,fx_level_z_252,-0.0004015951417386532
238,B,underwater,kospi_return_1d,0.0012668927665799856
238,B,underwater,fx_level_z_252,-0.022064577788114548
238,alpha,,kospi_return_1d,0.01832248643040657
238,alpha,,fx_level_z_252,0.014928987249732018
239,beta,momentum,,-0.02319689281284809
239,beta,persist,,0.09147068113088608
239,beta,underwater,,0.027590567246079445
239,B,momentum,kospi_return_1d,0.00111014349386096
239,B,momentum,fx_level_z_252,0.005048539489507675
239,B,persist,kospi_return_1d,-0.007880785502493382
239,B,persist,fx_level_z_252,-0.0003319328825455159
239,B,underwater,kospi_return_1d,0.0015992957632988691
239,B,underwater,fx_level_z_252,-0.022118641063570976
239,alpha,,kospi_return_1d,0.0184345580637455
239,alpha,,fx_level_z_252,0.01495829876512289
240,beta,momentum,,-0.02314450405538082
240,beta,persist,,0.09141828864812851
240,beta,underwater,,0.02738269418478012
240,B,momentum,kospi_return_1d,0.0009087150683626533
240,B,momentum,fx_level_z_252,0.0051060630939900875
240,B,persist,kospi_return_1d,-0.00782784353941679
240,B,persist,fx_level_z_252,-0.0003448839415796101
240,B,underwater,kospi_return_1d,0.0019716955721378326
240,B,underwater,fx_level_z_252,-0.02221309021115303
240,alpha,,kospi_return_1d,0.018698660656809807
240,alpha,,fx_level_z_252,0.014819546602666378
241,beta,momentum,,-0.023218834772706032
241,beta,persist,,0.0913102924823761
241,beta,underwater,,0.02723114937543869
241,B,momentum,kospi_return_1d,0.0007290931534953415
241,B,momentum,fx_level_z_252,0.00518703693524003
241,B,persist,kospi_return_1d,-0.007794703356921673
241,B,persist,fx_level_z_252,-0.00026852363953366876
241,B,underwater,kospi_return_1d,0.0021455332171171904
241,B,underwater,fx_level_z_252,-0.022204313427209854
241,alpha,,kospi_return_1d,0.01890050619840622
241,alpha,,fx_level_z_252,0.014617919921875
242,beta,momentum,,-0.023348011076450348
242,beta,persist,,0.09117737412452698
242,beta,underwater,,0.02714453637599945
242,B,momentum,kospi_return_1d,0.0005633117980323732
242,B,momentum,fx_level_z_252,0.0051235598511993885
242,B,persist,kospi_return_1d,-0.007920690812170506
242,B,persist,fx_level_z_252,-4.63586620753631e-05
242,B,underwater,kospi_return_1d,0.0019708084873855114
242,B,underwater,fx_level_z_252,-0.02202359214425087
242,alpha,,kospi_return_1d,0.019063320010900497
242,alpha,,fx_level_z_252,0.014504949562251568
243,beta,momentum,,-0.02341471239924431
243,beta,persist,,0.09095743298530579
243,beta,underwater,,0.02702365629374981
243,B,momentum,kospi_return_1d,0.0004800901806447655
243,B,momentum,fx_level_z_252,0.004921351559460163
243,B,persist,kospi_return_1d,-0.008215302601456642
243,B,persist,fx_level_z_252,8.832915045786649e-05
243,B,underwater,kospi_return_1d,0.001711876830086112
243,B,underwater,fx_level_z_252,-0.021773234009742737
243,alpha,,kospi_return_1d,0.01930890791118145
243,alpha,,fx_level_z_252,0.014344818890094757
244,beta,momentum,,-0.023693732917308807
244,beta,persist,,0.090880386531353
244,beta,underwater,,0.026925602927803993
244,B,momentum,kospi_return_1d,0.0004400433972477913
244,B,momentum,fx_level_z_252,0.004976184107363224
244,B,persist,kospi_return_1d,-0.008516499772667885
244,B,persist,fx_level_z_252,-7.80395494075492e-05
244,B,underwater,kospi_return_1d,0.0014555329689756036
244,B,underwater,fx_level_z_252,-0.02180441841483116
244,alpha,,kospi_return_1d,0.019284265115857124
244,alpha,,fx_level_z_252,0.014101777225732803
245,beta,momentum,,-0.02399200201034546
245,beta,persist,,0.09068679064512253
245,beta,underwater,,0.026926478371024132
245,B,momentum,kospi_return_1d,0.0007390246610157192
245,B,momentum,fx_level_z_252,0.005088452249765396
245,B,persist,kospi_return_1d,-0.009086492471396923
245,B,persist,fx_level_z_252,-0.00014882975665386766
245,B,underwater,kospi_return_1d,0.0009423551382496953
245,B,underwater,fx_level_z_252,-0.021762844175100327
245,alpha,,kospi_return_1d,0.019472114741802216
245,alpha,,fx_level_z_252,0.01387698482722044
246,beta,momentum,,-0.024164102971553802
246,beta,persist,,0.09047038853168488
246,beta,underwater,,0.026815813034772873
246,B,momentum,kospi_return_1d,0.001003612414933741
246,B,momentum,fx_level_z_252,0.005149059928953648
246,B,persist,kospi_return_1d,-0.009563269093632698
246,B,persist,fx_level_z_252,-0.00020302226766943932
246,B,underwater,kospi_return_1d,0.0005861687241122127
246,B,underwater,fx_level_z_252,-0.021761083975434303
246,alpha,,kospi_return_1d,0.01964833214879036
246,alpha,,fx_level_z_252,0.013718022033572197
247,beta,momentum,,-0.02421100065112114
247,beta,persist,,0.09044423699378967
247,beta,underwater,,0.02660941518843174
247,B,momentum,kospi_return_1d,0.0010198814561590552
247,B,momentum,fx_level_z_252,0.005193367600440979
247,B,persist,kospi_return_1d,-0.009885180741548538
247,B,persist,fx_level_z_252,-0.0003589236584957689
247,B,underwater,kospi_return_1d,0.0004940356011502445
247,B,underwater,fx_level_z_252,-0.02189282700419426
247,alpha,,kospi_return_1d,0.019566301256418228
247,alpha,,fx_level_z_252,0.01344728097319603
248,beta,momentum,,-0.024268170818686485
248,beta,persist,,0.0904744490981102
248,beta,underwater,,0.026435568928718567
248,B,momentum,kospi_return_1d,0.00102465960662812
248,B,momentum,fx_level_z_252,0.005165505688637495
248,B,persist,kospi_return_1d,-0.010159853845834732
248,B,persist,fx_level_z_252,-0.000522164860740304
248,B,underwater,kospi_return_1d,0.00033586149220354855
248,B,underwater,fx_level_z_252,-0.02192605845630169
248,alpha,,kospi_return_1d,0.01933901384472847
248,alpha,,fx_level_z_252,0.013177640736103058
249,beta,momentum,,-0.024264400824904442
249,beta,persist,,0.09039129316806793
249,beta,underwater,,0.026362797245383263
249,B,momentum,kospi_return_1d,0.0009784747380763292
249,B,momentum,fx_level_z_252,0.005092492327094078
249,B,persist,kospi_return_1d,-0.010359665378928185
249,B,persist,fx_level_z_252,-0.0005163490423001349
249,B,underwater,kospi_return_1d,0.000207987439353019
249,B,underwater,fx_level_z_252,-0.02195574715733528
249,alpha,,kospi_return_1d,0.01924017071723938
249,alpha,,fx_level_z_252,0.01284080184996128
250,beta,momentum,,-0.024220503866672516
250,beta,persist,,0.09034675359725952
250,beta,underwater,,0.02636849507689476
250,B,momentum,kospi_return_1d,0.0010141286766156554
250,B,momentum,fx_level_z_252,0.004950640257447958
250,B,persist,kospi_return_1d,-0.010501861572265625
250,B,persist,fx_level_z_252,-0.0004114586627110839
250,B,underwater,kospi_return_1d,0.00010704465239541605
250,B,underwater,fx_level_z_252,-0.02194107137620449
250,alpha,,kospi_return_1d,0.019041404128074646
250,alpha,,fx_level_z_252,0.012560184113681316
251,beta,momentum,,-0.024285031482577324
251,beta,persist,,0.09042926132678986
251,beta,underwater,,0.02636600099503994
251,B,momentum,kospi_return_1d,0.0009857722325250506
251,B,momentum,fx_level_z_252,0.004939967300742865
251,B,persist,kospi_return_1d,-0.010553346946835518
251,B,persist,fx_level_z_252,-0.0005055591464042664
251,B,underwater,kospi_return_1d,3.493905387585983e-05
251,B,underwater,fx_level_z_252,-0.02203497290611267
251,alpha,,kospi_return_1d,0.01890380121767521
251,alpha,,fx_level_z_252,0.012541539035737514
252,beta,momentum,,-0.024324806407094002
252,beta,persist,,0.09043079614639282
252,beta,underwater,,0.026300204917788506
252,B,momentum,kospi_return_1d,0.0008566801552660763
252,B,momentum,fx_level_z_252,0.004881140775978565
252,B,persist,kospi_return_1d,-0.01048873458057642
252,B,persist,fx_level_z_252,-0.0006643609376624227
252,B,underwater,kospi_return_1d,0.00014734503929503262
252,B,underwater,fx_level_z_252,-0.022142937406897545
252,alpha,,kospi_return_1d,0.018969740718603134
252,alpha,,fx_level_z_252,0.012630078941583633
253,beta,momentum,,-0.024354932829737663
253,beta,persist,,0.09048736840486526
253,beta,underwater,,0.02625875547528267
253,B,momentum,kospi_return_1d,0.0008619163418188691
253,B,momentum,fx_level_z_252,0.0049705407582223415
253,B,persist,kospi_return_1d,-0.010319889523088932
253,B,persist,fx_level_z_252,-0.0009291586466133595
253,B,underwater,kospi_return_1d,0.00019543925009202212
253,B,underwater,fx_level_z_252,-0.022361474111676216
253,alpha,,kospi_return_1d,0.01902889274060726
253,alpha,,fx_level_z_252,0.01268003974109888
254,beta,momentum,,-0.024416295811533928
254,beta,persist,,0.0905630886554718
254,beta,underwater,,0.02622302994132042
254,B,momentum,kospi_return_1d,0.0009383761207573116
254,B,momentum,fx_level_z_252,0.005086335353553295
254,B,persist,kospi_return_1d,-0.010173178277909756
254,B,persist,fx_level_z_252,-0.0011820909567177296
254,B,underwater,kospi_return_1d,0.00037341652205213904
254,B,underwater,fx_level_z_252,-0.022530999034643173
254,alpha,,kospi_return_1d,0.019104676321148872
254,alpha,,fx_level_z_252,0.012592827901244164
255,beta,momentum,,-0.02449972555041313
255,beta,persist,,0.09063857793807983
255,beta,underwater,,0.026183854788541794
255,B,momentum,kospi_return_1d,0.0008808727725408971
255,B,momentum,fx_level_z_252,0.0052169677801430225
255,B,persist,kospi_return_1d,-0.010078930296003819
255,B,persist,fx_level_z_252,-0.001404465176165104
255,B,underwater,kospi_return_1d,0.00046224769903346896
255,B,underwater,fx_level_z_252,-0.02256748639047146
255,alpha,,kospi_return_1d,0.019139599055051804
255,alpha,,fx_level_z_252,0.01258517149835825
256,beta,momentum,,-0.02448689565062523
256,beta,persist,,0.09071338176727295
256,beta,underwater,,0.026158882305026054
256,B,momentum,kospi_return_1d,0.0008509589242748916
256,B,momentum,fx_level_z_252,0.0051927329041063786
256,B,persist,kospi_return_1d,-0.009805522859096527
256,B,persist,fx_level_z_252,-0.0015914114192128181
256,B,underwater,kospi_return_1d,0.000609371461905539
256,B,underwater,fx_level_z_252,-0.02255609817802906
256,alpha,,kospi_return_1d,0.019299520179629326
256,alpha,,fx_level_z_252,0.012424611486494541
257,beta,momentum,,-0.02459496632218361
257,beta,persist,,0.09084092080593109
257,beta,underwater,,0.026135241612792015
257,B,momentum,kospi_return_1d,0.000907575071323663
257,B,momentum,fx_level_z_252,0.005337251350283623
257,B,persist,kospi_return_1d,-0.009633715264499187
257,B,persist,fx_level_z_252,-0.0017035043565556407
257,B,underwater,kospi_return_1d,0.0006425705505535007
257,B,underwater,fx_level_z_252,-0.02264336124062538
257,alpha,,kospi_return_1d,0.019390953704714775
257,alpha,,fx_level_z_252,0.01221863366663456
258,beta,momentum,,-0.024609724059700966
258,beta,persist,,0.0909397304058075
258,beta,underwater,,0.026195714250206947
258,B,momentum,kospi_return_1d,0.0009623244404792786
258,B,momentum,fx_level_z_252,0.005407263524830341
258,B,persist,kospi_return_1d,-0.009555098600685596
258,B,persist,fx_level_z_252,-0.0016802846221253276
258,B,underwater,kospi_return_1d,0.0005347006372176111
258,B,underwater,fx_level_z_252,-0.02268531359732151
258,alpha,,kospi_return_1d,0.019328000023961067
258,alpha,,fx_level_z_252,0.012285977602005005
259,beta,momentum,,-0.024517280980944633
259,beta,persist,,0.0909944400191307
259,beta,underwater,,0.026165951043367386
259,B,momentum,kospi_return_1d,0.001029954175464809
259,B,momentum,fx_level_z_252,0.005518837831914425
259,B,persist,kospi_return_1d,-0.009442342445254326
259,B,persist,fx_level_z_252,-0.0016024590004235506
259,B,underwater,kospi_return_1d,0.0003757260856218636
259,B,underwater,fx_level_z_252,-0.022819247096776962
259,alpha,,kospi_return_1d,0.019224360585212708
259,alpha,,fx_level_z_252,0.012524250894784927
260,beta,momentum,,-0.02422478049993515
260,beta,persist,,0.09090330451726913
260,beta,underwater,,0.02609642595052719
260,B,momentum,kospi_return_1d,0.001057544955983758
260,B,momentum,fx_level_z_252,0.005443621426820755
260,B,persist,kospi_return_1d,-0.00926118716597557
260,B,persist,fx_level_z_252,-0.0012329673627391458
260,B,underwater,kospi_return_1d,0.00020023352408315986
260,B,underwater,fx_level_z_252,-0.022855490446090698
260,alpha,,kospi_return_1d,0.01935054175555706
260,alpha,,fx_level_z_252,0.012723664753139019
261,beta,momentum,,-0.02395765110850334
261,beta,persist,,0.09070953726768494
261,beta,underwater,,0.025955287739634514
261,B,momentum,kospi_return_1d,0.0008280869806185365
261,B,momentum,fx_level_z_252,0.005356353707611561
261,B,persist,kospi_return_1d,-0.008864297531545162
261,B,persist,fx_level_z_252,-0.0009403001167811453
261,B,underwater,kospi_return_1d,0.0002503956202417612
261,B,underwater,fx_level_z_252,-0.022804798558354378
261,alpha,,kospi_return_1d,0.019458258524537086
261,alpha,,fx_level_z_252,0.013060503639280796
262,beta,momentum,,-0.02375965192914009
262,beta,persist,,0.09059709310531616
262,beta,underwater,,0.0258447527885437
262,B,momentum,kospi_return_1d,0.00043816491961479187
262,B,momentum,fx_level_z_252,0.005211994983255863
262,B,persist,kospi_return_1d,-0.00836912915110588
262,B,persist,fx_level_z_252,-0.0007462271023541689
262,B,underwater,kospi_return_1d,0.00033063776209019125
262,B,underwater,fx_level_z_252,-0.02266099490225315
262,alpha,,kospi_return_1d,0.019493144005537033
262,alpha,,fx_level_z_252,0.013225942850112915
263,beta,momentum,,-0.023642219603061676
263,beta,persist,,0.09059718251228333
263,beta,underwater,,0.02574579417705536
263,B,momentum,kospi_return_1d,-3.47245077136904e-05
263,B,momentum,fx_level_z_252,0.005157301668077707
263,B,persist,kospi_return_1d,-0.007828416302800179
263,B,persist,fx_level_z_252,-0.0006203548400662839
263,B,underwater,kospi_return_1d,0.0005838412325829268
263,B,underwater,fx_level_z_252,-0.022594206035137177
263,alpha,,kospi_return_1d,0.019422512501478195
263,alpha,,fx_level_z_252,0.013394864276051521
264,beta,momentum,,-0.02348102070391178
264,beta,persist,,0.09074066579341888
264,beta,underwater,,0.025655150413513184
264,B,momentum,kospi_return_1d,-7.788070070091635e-05
264,B,momentum,fx_level_z_252,0.005003847647458315
264,B,persist,kospi_return_1d,-0.007525661960244179
264,B,persist,fx_level_z_252,-0.0004534382896963507
264,B,underwater,kospi_return_1d,0.0006797111709602177
264,B,underwater,fx_level_z_252,-0.022478662431240082
264,alpha,,kospi_return_1d,0.01921469159424305
264,alpha,,fx_level_z_252,0.013475382700562477
265,beta,momentum,,-0.023290222510695457
265,beta,persist,,0.09090885519981384
265,beta,underwater,,0.02569793350994587
265,B,momentum,kospi_return_1d,0.00039791135350242257
265,B,momentum,fx_level_z_252,0.004708249121904373
265,B,persist,kospi_return_1d,-0.007498740218579769
265,B,persist,fx_level_z_252,-0.00028761738212779164
265,B,underwater,kospi_return_1d,0.0004331578966230154
265,B,underwater,fx_level_z_252,-0.022275999188423157
265,alpha,,kospi_return_1d,0.019062215462327003
265,alpha,,fx_level_z_252,0.013462642207741737
266,beta,momentum,,-0.023266755044460297
266,beta,persist,,0.09111353754997253
266,beta,underwater,,0.02585204318165779
266,B,momentum,kospi_return_1d,0.0007994014304131269
266,B,momentum,fx_level_z_252,0.004504921846091747
266,B,persist,kospi_return_1d,-0.007467000279575586
266,B,persist,fx_level_z_252,-0.00019124752725474536
266,B,underwater,kospi_return_1d,0.00012729248555842787
266,B,underwater,fx_level_z_252,-0.022086510434746742
266,alpha,,kospi_return_1d,0.018818309530615807
266,alpha,,fx_level_z_252,0.013573849573731422
267,beta,momentum,,-0.023419391363859177
267,beta,persist,,0.09139097481966019
267,beta,underwater,,0.02611105516552925
267,B,momentum,kospi_return_1d,0.0011442803079262376
267,B,momentum,fx_level_z_252,0.004328995477408171
267,B,persist,kospi_return_1d,-0.0072809490375220776
267,B,persist,fx_level_z_252,-0.00022473899298347533
267,B,underwater,kospi_return_1d,-0.00010631859913701192
267,B,underwater,fx_level_z_252,-0.021943071857094765
267,alpha,,kospi_return_1d,0.018435316160321236
267,alpha,,fx_level_z_252,0.013569753617048264
268,beta,momentum,,-0.02366260066628456
268,beta,persist,,0.09170396625995636
268,beta,underwater,,0.026444286108016968
268,B,momentum,kospi_return_1d,0.0015049839857965708
268,B,momentum,fx_level_z_252,0.004072900395840406
268,B,persist,kospi_return_1d,-0.0072918483056128025
268,B,persist,fx_level_z_252,-0.0002804251271300018
268,B,underwater,kospi_return_1d,-0.00019183581753168255
268,B,underwater,fx_level_z_252,-0.021672872826457024
268,alpha,,kospi_return_1d,0.01803329586982727
268,alpha,,fx_level_z_252,0.013567419722676277
269,beta,momentum,,-0.02376076579093933
269,beta,persist,,0.09187135845422745
269,beta,underwater,,0.02668965421617031
269,B,momentum,kospi_return_1d,0.0018122659530490637
269,B,momentum,fx_level_z_252,0.003979619592428207
269,B,persist,kospi_return_1d,-0.007270855363458395
269,B,persist,fx_level_z_252,-0.000383055186830461
269,B,underwater,kospi_return_1d,-1.317287387792021e-05
269,B,underwater,fx_level_z_252,-0.021596571430563927
269,alpha,,kospi_return_1d,0.017849570140242577
269,alpha,,fx_level_z_252,0.013693554326891899
270,beta,momentum,,-0.02382238768041134
270,beta,persist,,0.09193002432584763
270,beta,underwater,,0.02694762498140335
270,B,momentum,kospi_return_1d,0.0019643199630081654
270,B,momentum,fx_level_z_252,0.003875113558024168
270,B,persist,kospi_return_1d,-0.007275698706507683
270,B,persist,fx_level_z_252,-0.0003810929483734071
270,B,underwater,kospi_return_1d,0.0003854063106700778
270,B,underwater,fx_level_z_252,-0.0214069914072752
270,alpha,,kospi_return_1d,0.01764729432761669
270,alpha,,fx_level_z_252,0.013809897005558014
271,beta,momentum,,-0.02377966418862343
271,beta,persist,,0.09194602072238922
271,beta,underwater,,0.02700078673660755
271,B,momentum,kospi_return_1d,0.0019192355684936047
271,B,momentum,fx_level_z_252,0.0038764073979109526
271,B,persist,kospi_return_1d,-0.007332349196076393
271,B,persist,fx_level_z_252,-0.0003659595677163452
271,B,underwater,kospi_return_1d,0.0006988195818848908
271,B,underwater,fx_level_z_252,-0.021294383332133293
271,alpha,,kospi_return_1d,0.017435748130083084
271,alpha,,fx_level_z_252,0.013906246982514858
272,beta,momentum,,-0.023722145706415176
272,beta,persist,,0.09201814979314804
272,beta,underwater,,0.027005216106772423
272,B,momentum,kospi_return_1d,0.0018773707561194897
272,B,momentum,fx_level_z_252,0.003916199319064617
272,B,persist,kospi_return_1d,-0.007528980262577534
272,B,persist,fx_level_z_252,-0.00033525057369843125
272,B,underwater,kospi_return_1d,0.0008550144848413765
272,B,underwater,fx_level_z_252,-0.021301330998539925
272,alpha,,kospi_return_1d,0.017224790528416634
272,alpha,,fx_level_z_252,0.014087063260376453
273,beta,momentum,,-0.023752503097057343
273,beta,persist,,0.09217070043087006
273,beta,underwater,,0.02699040062725544
273,B,momentum,kospi_return_1d,0.001732356264255941
273,B,momentum,fx_level_z_252,0.004176353570073843
273,B,persist,kospi_return_1d,-0.007718974724411964
273,B,persist,fx_level_z_252,-0.00045593857066705823
273,B,underwater,kospi_return_1d,0.0010071013821288943
273,B,underwater,fx_level_z_252,-0.021591516211628914
273,alpha,,kospi_return_1d,0.017077209427952766
273,alpha,,fx_level_z_252,0.014268617145717144
274,beta,momentum,,-0.023788264021277428
274,beta,persist,,0.09233526885509491
274,beta,underwater,,0.027016233652830124
274,B,momentum,kospi_return_1d,0.0015777883818373084
274,B,momentum,fx_level_z_252,0.004527946002781391
274,B,persist,kospi_return_1d,-0.007783167529851198
274,B,persist,fx_level_z_252,-0.0007108815480023623
274,B,underwater,kospi_return_1d,0.0012389249168336391
274,B,underwater,fx_level_z_252,-0.021929049864411354
274,alpha,,kospi_return_1d,0.01697751320898533
274,alpha,,fx_level_z_252,0.01443113386631012
275,beta,momentum,,-0.02375056967139244
275,beta,persist,,0.09236487001180649
275,beta,underwater,,0.026982219889760017
275,B,momentum,kospi_return_1d,0.0014758562901988626
275,B,momentum,fx_level_z_252,0.004891273099929094
275,B,persist,kospi_return_1d,-0.007859649136662483
275,B,persist,fx_level_z_252,-0.0008541119750589132
275,B,underwater,kospi_return_1d,0.0014757723547518253
275,B,underwater,fx_level_z_252,-0.022255409508943558
275,alpha,,kospi_return_1d,0.017040511593222618
275,alpha,,fx_level_z_252,0.014378191903233528
276,beta,momentum,,-0.02377155050635338
276,beta,persist,,0.09246769547462463
276,beta,underwater,,0.026991013437509537
276,B,momentum,kospi_return_1d,0.001292774104513228
276,B,momentum,fx_level_z_252,0.005194836761802435
276,B,persist,kospi_return_1d,-0.0078102960251271725
276,B,persist,fx_level_z_252,-0.001153207733295858
276,B,underwater,kospi_return_1d,0.0015734059270471334
276,B,underwater,fx_level_z_252,-0.02262616716325283
276,alpha,,kospi_return_1d,0.017133928835392
276,alpha,,fx_level_z_252,0.01456841267645359
277,beta,momentum,,-0.023731369525194168
277,beta,persist,,0.09257038682699203
277,beta,underwater,,0.02700195088982582
277,B,momentum,kospi_return_1d,0.0008861475507728755
277,B,momentum,fx_level_z_252,0.00537488330155611
277,B,persist,kospi_return_1d,-0.007654031738638878
277,B,persist,fx_level_z_252,-0.0013002720661461353
277,B,underwater,kospi_return_1d,0.0018610302358865738
277,B,underwater,fx_level_z_252,-0.022907597944140434
277,alpha,,kospi_return_1d,0.017301484942436218
277,alpha,,fx_level_z_252,0.014624428935348988
278,beta,momentum,,-0.023600073531270027
278,beta,persist,,0.09250740706920624
278,beta,underwater,,0.02693023346364498
278,B,momentum,kospi_return_1d,0.0005832018796354532
278,B,momentum,fx_level_z_252,0.00546104833483696
278,B,persist,kospi_return_1d,-0.0076162428595125675
278,B,persist,fx_level_z_252,-0.0012946258066222072
278,B,underwater,kospi_return_1d,0.0019340395228937268
278,B,underwater,fx_level_z_252,-0.023100463673472404
278,alpha,,kospi_return_1d,0.017447056248784065
278,alpha,,fx_level_z_252,0.014506573788821697
279,beta,momentum,,-0.02344704046845436
279,beta,persist,,0.09242300689220428
279,beta,underwater,,0.026921885088086128
279,B,momentum,kospi_return_1d,0.00020543904975056648
279,B,momentum,fx_level_z_252,0.005483539309352636
279,B,persist,kospi_return_1d,-0.00740071851760149
279,B,persist,fx_level_z_252,-0.001238711178302765
279,B,underwater,kospi_return_1d,0.002023953478783369
279,B,underwater,fx_level_z_252,-0.023152241483330727
279,alpha,,kospi_return_1d,0.017567100003361702
279,alpha,,fx_level_z_252,0.014417021535336971
280,beta,momentum,,-0.023216739296913147
280,beta,persist,,0.09230160713195801
280,beta,underwater,,0.026837948709726334
280,B,momentum,kospi_return_1d,0.00017127339378930628
280,B,momentum,fx_level_z_252,0.0054606045596301556
280,B,persist,kospi_return_1d,-0.007111754734069109
280,B,persist,fx_level_z_252,-0.0012315710773691535
280,B,underwater,kospi_return_1d,0.0022335359826684
280,B,underwater,fx_level_z_252,-0.02324512228369713
280,alpha,,kospi_return_1d,0.017729824408888817
280,alpha,,fx_level_z_252,0.013989580795168877
281,beta,momentum,,-0.023026155307888985
281,beta,persist,,0.09206487983465195
281,beta,underwater,,0.026704030111432076
281,B,momentum,kospi_return_1d,0.00013146581477485597
281,B,momentum,fx_level_z_252,0.0052748434245586395
281,B,persist,kospi_return_1d,-0.006856163963675499
281,B,persist,fx_level_z_252,-0.0010302284499630332
281,B,underwater,kospi_return_1d,0.002415840048342943
281,B,underwater,fx_level_z_252,-0.02322799526154995
281,alpha,,kospi_return_1d,0.017925674095749855
281,alpha,,fx_level_z_252,0.013641451485455036
282,beta,momentum,,-0.02269195392727852
282,beta,persist,,0.09176100790500641
282,beta,underwater,,0.026503441855311394
282,B,momentum,kospi_return_1d,0.00015799676475580782
282,B,momentum,fx_level_z_252,0.005024238023906946
282,B,persist,kospi_return_1d,-0.00689998734742403
282,B,persist,fx_level_z_252,-0.0006471964879892766
282,B,underwater,kospi_return_1d,0.002392534865066409
282,B,underwater,fx_level_z_252,-0.023020660504698753
282,alpha,,kospi_return_1d,0.018174391239881516
282,alpha,,fx_level_z_252,0.013319537974894047
283,beta,momentum,,-0.022385427728295326
283,beta,persist,,0.09146630764007568
283,beta,underwater,,0.02640106901526451
283,B,momentum,kospi_return_1d,0.00030637913732789457
283,B,momentum,fx_level_z_252,0.004752219654619694
283,B,persist,kospi_return_1d,-0.007133963983505964
283,B,persist,fx_level_z_252,-8.078425889834762e-05
283,B,underwater,kospi_return_1d,0.002234067302197218
283,B,underwater,fx_level_z_252,-0.0227059219032526
283,alpha,,kospi_return_1d,0.01838010735809803
283,alpha,,fx_level_z_252,0.013100205920636654
284,beta,momentum,,-0.022184351459145546
284,beta,persist,,0.09117317199707031
284,beta,underwater,,0.026368385180830956
284,B,momentum,kospi_return_1d,0.00047948825522325933
284,B,momentum,fx_level_z_252,0.004414411727339029
284,B,persist,kospi_return_1d,-0.0074434126727283
284,B,persist,fx_level_z_252,0.0003684092662297189
284,B,underwater,kospi_return_1d,0.001940369140356779
284,B,underwater,fx_level_z_252,-0.022324908524751663
284,alpha,,kospi_return_1d,0.018384817987680435
284,alpha,,fx_level_z_252,0.01291957963258028
285,beta,momentum,,-0.02214577980339527
285,beta,persist,,0.09094895422458649
285,beta,underwater,,0.026437437161803246
285,B,momentum,kospi_return_1d,0.0007005839142948389
285,B,momentum,fx_level_z_252,0.004172315821051598
285,B,persist,kospi_return_1d,-0.007751076482236385
285,B,persist,fx_level_z_252,0.0004767603240907192
285,B,underwater,kospi_return_1d,0.0015222454676404595
285,B,underwater,fx_level_z_252,-0.02187439799308777
285,alpha,,kospi_return_1d,0.01845209114253521
285,alpha,,fx_level_z_252,0.012710724957287312
286,beta,momentum,,-0.022067829966545105
286,beta,persist,,0.09076394885778427
286,beta,underwater,,0.026506228372454643
286,B,momentum,kospi_return_1d,0.0008027339936234057
286,B,momentum,fx_level_z_252,0.0038168556056916714
286,B,persist,kospi_return_1d,-0.007920632138848305
286,B,persist,fx_level_z_252,0.0004444223886821419
286,B,underwater,kospi_return_1d,0.0010682533029466867
286,B,underwater,fx_level_z_252,-0.021477583795785904
286,alpha,,kospi_return_1d,0.018436521291732788
286,alpha,,fx_level_z_252,0.012636769562959671
287,beta,momentum,,-0.02205807901918888
287,beta,persist,,0.09055933356285095
287,beta,underwater,,0.02656913548707962
287,B,momentum,kospi_return_1d,0.0009255162440240383
287,B,momentum,fx_level_z_252,0.003566996892914176
287,B,persist,kospi_return_1d,-0.008291480131447315
287,B,persist,fx_level_z_252,0.0003714212216436863
287,B,underwater,kospi_return_1d,0.0007026372477412224
287,B,underwater,fx_level_z_252,-0.021181998774409294
287,alpha,,kospi_return_1d,0.01841779425740242
287,alpha,,fx_level_z_252,0.012644357979297638
288,beta,momentum,,-0.02211262285709381
288,beta,persist,,0.09038963913917542
288,beta,underwater,,0.02654382400214672
288,B,momentum,kospi_return_1d,0.0011250886600464582
288,B,momentum,fx_level_z_252,0.0034897010773420334
288,B,persist,kospi_return_1d,-0.008808012120425701
288,B,persist,fx_level_z_252,0.0001711877848720178
288,B,underwater,kospi_return_1d,0.0003147865063510835
288,B,underwater,fx_level_z_252,-0.02093520388007164
288,alpha,,kospi_return_1d,0.018410222604870796
288,alpha,,fx_level_z_252,0.012721345759928226
289,beta,momentum,,-0.022281015291810036
289,beta,persist,,0.0903412252664566
289,beta,underwater,,0.026575611904263496
289,B,momentum,kospi_return_1d,0.001265304395928979
289,B,momentum,fx_level_z_252,0.003521193051710725
289,B,persist,kospi_return_1d,-0.00910792127251625
289,B,persist,fx_level_z_252,-0.0002791198785416782
289,B,underwater,kospi_return_1d,1.113936014007777e-05
289,B,underwater,fx_level_z_252,-0.02073979750275612
289,alpha,,kospi_return_1d,0.01823052205145359
289,alpha,,fx_level_z_252,0.012766649015247822
290,beta,momentum,,-0.02245839312672615
290,beta,persist,,0.09039352834224701
290,beta,underwater,,0.026627974584698677
290,B,momentum,kospi_return_1d,0.0015159089816734195
290,B,momentum,fx_level_z_252,0.0037359269335865974
290,B,persist,kospi_return_1d,-0.00929620023816824
290,B,persist,fx_level_z_252,-0.0006075410638004541
290,B,underwater,kospi_return_1d,-0.00020821239741053432
290,B,underwater,fx_level_z_252,-0.020608695223927498
290,alpha,,kospi_return_1d,0.018061818554997444
290,alpha,,fx_level_z_252,0.012895463034510612
291,beta,momentum,,-0.02271687611937523
291,beta,persist,,0.09047242254018784
291,beta,underwater,,0.02673296444118023
291,B,momentum,kospi_return_1d,0.0015157591551542282
291,B,momentum,fx_level_z_252,0.00401052413508296
291,B,persist,kospi_return_1d,-0.00919763557612896
291,B,persist,fx_level_z_252,-0.0009492081589996815
291,B,underwater,kospi_return_1d,0.00011534352961461991
291,B,underwater,fx_level_z_252,-0.020602528005838394
291,alpha,,kospi_return_1d,0.017937570810317993
291,alpha,,fx_level_z_252,0.013097305782139301
292,beta,momentum,,-0.022862287238240242
292,beta,persist,,0.09058034420013428
292,beta,underwater,,0.026730908080935478
292,B,momentum,kospi_return_1d,0.0013674498768523335
292,B,momentum,fx_level_z_252,0.004391398746520281
292,B,persist,kospi_return_1d,-0.0089414706453681
292,B,persist,fx_level_z_252,-0.0014106899034231901
292,B,underwater,kospi_return_1d,0.0006556580774486065
292,B,underwater,fx_level_z_252,-0.020866042003035545
292,alpha,,kospi_return_1d,0.01789313741028309
292,alpha,,fx_level_z_252,0.013165418989956379
293,beta,momentum,,-0.023021230474114418
293,beta,persist,,0.09062352031469345
293,beta,underwater,,0.026711588725447655
293,B,momentum,kospi_return_1d,0.00133984733838588
293,B,momentum,fx_level_z_252,0.004839779809117317
293,B,persist,kospi_return_1d,-0.008831679821014404
293,B,persist,fx_level_z_252,-0.001756028039380908
293,B,underwater,kospi_return_1d,0.0009686489356681705
293,B,underwater,fx_level_z_252,-0.021089624613523483
293,alpha,,kospi_return_1d,0.018072133883833885
293,alpha,,fx_level_z_252,0.013428909704089165
294,beta,momentum,,-0.023159652948379517
294,beta,persist,,0.09072082489728928
294,beta,underwater,,0.02675718069076538
294,B,momentum,kospi_return_1d,0.0014091256307438016
294,B,momentum,fx_level_z_252,0.005215750075876713
294,B,persist,kospi_return_1d,-0.008717838674783707
294,B,persist,fx_level_z_252,-0.0019702319987118244
294,B,underwater,kospi_return_1d,0.0012500886805355549
294,B,underwater,fx_level_z_252,-0.021176151931285858
294,alpha,,kospi_return_1d,0.018139846622943878
294,alpha,,fx_level_z_252,0.013651498593389988
295,beta,momentum,,-0.023189261555671692
295,beta,persist,,0.09076263010501862
295,beta,underwater,,0.026740821078419685
295,B,momentum,kospi_return_1d,0.0012869909405708313
295,B,momentum,fx_level_z_252,0.005465582478791475
295,B,persist,kospi_return_1d,-0.008498587645590305
295,B,persist,fx_level_z_252,-0.0020109927281737328
295,B,underwater,kospi_return_1d,0.0016074328450486064
295,B,underwater,fx_level_z_252,-0.02124829962849617
295,alpha,,kospi_return_1d,0.018108559772372246
295,alpha,,fx_level_z_252,0.013764251954853535
296,beta,momentum,,-0.02329193241894245
296,beta,persist,,0.09083723276853561
296,beta,underwater,,0.02676190249621868
296,B,momentum,kospi_return_1d,0.0011794704478234053
296,B,momentum,fx_level_z_252,0.005564439110457897
296,B,persist,kospi_return_1d,-0.008311131969094276
296,B,persist,fx_level_z_252,-0.0019971970468759537
296,B,underwater,kospi_return_1d,0.0018864370649680495
296,B,underwater,fx_level_z_252,-0.021288037300109863
296,alpha,,kospi_return_1d,0.018011311069130898
296,alpha,,fx_level_z_252,0.013874886557459831
297,beta,momentum,,-0.023360202088952065
297,beta,persist,,0.09089041501283646
297,beta,underwater,,0.026832735165953636
297,B,momentum,kospi_return_1d,0.0011090311454609036
297,B,momentum,fx_level_z_252,0.005772124044597149
297,B,persist,kospi_return_1d,-0.008171893656253815
297,B,persist,fx_level_z_252,-0.00209176167845726
297,B,underwater,kospi_return_1d,0.002095199190080166
297,B,underwater,fx_level_z_252,-0.021456623449921608
297,alpha,,kospi_return_1d,0.017843667417764664
297,alpha,,fx_level_z_252,0.013882627710700035
298,beta,momentum,,-0.02339424379169941
298,beta,persist,,0.09099140763282776
298,beta,underwater,,0.02683226764202118
298,B,momentum,kospi_return_1d,0.0011289841495454311
298,B,momentum,fx_level_z_252,0.005917892325669527
298,B,persist,kospi_return_1d,-0.008159507997334003
298,B,persist,fx_level_z_252,-0.0022420904133468866
298,B,underwater,kospi_return_1d,0.0021985957864671946
298,B,underwater,fx_level_z_252,-0.02159964293241501
298,alpha,,kospi_return_1d,0.017692340537905693
298,alpha,,fx_level_z_252,0.013594228774309158
299,beta,momentum,,-0.02348111756145954
299,beta,persist,,0.09112914651632309
299,beta,underwater,,0.02694416046142578
299,B,momentum,kospi_return_1d,0.001175297424197197
299,B,momentum,fx_level_z_252,0.006066230125725269
299,B,persist,kospi_return_1d,-0.008145805448293686
299,B,persist,fx_level_z_252,-0.0023291567340493202
299,B,underwater,kospi_return_1d,0.002277620602399111
299,B,underwater,fx_level_z_252,-0.021643025800585747
299,alpha,,kospi_return_1d,0.017496179789304733
299,alpha,,fx_level_z_252,0.013382014818489552
300,beta,momentum,,-0.02383151277899742
300,beta,persist,,0.09122917056083679
300,beta,underwater,,0.027182500809431076
300,B,momentum,kospi_return_1d,0.0011839475482702255
300,B,momentum,fx_level_z_252,0.006095381919294596
300,B,persist,kospi_return_1d,-0.008272828534245491
300,B,persist,fx_level_z_252,-0.0022329725325107574
300,B,underwater,kospi_return_1d,0.0022348056081682444
300,B,underwater,fx_level_z_252,-0.021440917626023293
300,alpha,,kospi_return_1d,0.01738566718995571
300,alpha,,fx_level_z_252,0.013324187137186527
