epoch,parameter,feature,context,weight
0,beta,momentum,,0.0
0,beta,persist,,0.0
0,beta,underwater,,0.0
0,B,momentum,kospi_return_1d,0.0
0,B,momentum,fx_level_z_252,0.0
0,B,persist,kospi_return_1d,0.0
0,B,persist,fx_level_z_252,0.0
0,B,underwater,kospi_return_1d,0.0
0,B,underwater,fx_level_z_252,0.0
0,alpha,,kospi_return_1d,0.0
0,alpha,,fx_level_z_252,0.0
1,beta,momentum,,-0.001964668743312359
1,beta,persist,,0.0019947211258113384
1,beta,underwater,,0.0019568349234759808
1,B,momentum,kospi_return_1d,0.0003548261593095958
1,B,momentum,fx_level_z_252,0.0014284790959209204
1,B,persist,kospi_return_1d,-0.0009350887266919017
1,B,persist,fx_level_z_252,-0.0017722143093124032
1,B,underwater,kospi_return_1d,-0.0016244211001321673
1,B,underwater,fx_level_z_252,0.001074653584510088
1,alpha,,kospi_return_1d,-0.001998075284063816
1,alpha,,fx_level_z_252,0.00200119661167264
2,beta,momentum,,-0.0038769205566495657
2,beta,persist,,0.003963177558034658
2,beta,underwater,,0.003777989186346531
2,B,momentum,kospi_return_1d,-0.0009226499823853374
2,B,momentum,fx_level_z_252,0.002478298731148243
2,B,persist,kospi_return_1d,-0.0006452450179494917
2,B,persist,fx_level_z_252,-0.0031451277900487185
2,B,underwater,kospi_return_1d,-0.0029149216134101152
2,B,underwater,fx_level_z_252,0.0013570771552622318
2,alpha,,kospi_return_1d,-0.0038764611817896366
2,alpha,,fx_level_z_252,0.003878861665725708
3,beta,momentum,,-0.005762411747127771
3,beta,persist,,0.00591371301561594
3,beta,underwater,,0.005501489620655775
3,B,momentum,kospi_return_1d,-0.0017438812647014856
3,B,momentum,fx_level_z_252,0.00367994187399745
3,B,persist,kospi_return_1d,-0.0010161338141188025
3,B,persist,fx_level_z_252,-0.0042462702840566635
3,B,underwater,kospi_return_1d,-0.003985277842730284
3,B,underwater,fx_level_z_252,0.001363081973977387
3,alpha,,kospi_return_1d,-0.005608777049928904
3,alpha,,fx_level_z_252,0.005668178200721741
4,beta,momentum,,-0.00764498533681035
4,beta,persist,,0.007865052670240402
4,beta,underwater,,0.0072313034906983376
4,B,momentum,kospi_return_1d,-0.0020267905201762915
4,B,momentum,fx_level_z_252,0.004622449167072773
4,B,persist,kospi_return_1d,-0.0010642344132065773
4,B,persist,fx_level_z_252,-0.005180183332413435
4,B,underwater,kospi_return_1d,-0.004660855513066053
4,B,underwater,fx_level_z_252,0.0015988381346687675
4,alpha,,kospi_return_1d,-0.007219222374260426
4,alpha,,fx_level_z_252,0.007481071166694164
5,beta,momentum,,-0.009498633444309235
5,beta,persist,,0.009809013456106186
5,beta,underwater,,0.008855383843183517
5,B,momentum,kospi_return_1d,-0.0021979568991810083
5,B,momentum,fx_level_z_252,0.005491221789270639
5,B,persist,kospi_return_1d,-0.0015202879440039396
5,B,persist,fx_level_z_252,-0.005842950660735369
5,B,underwater,kospi_return_1d,-0.004980651196092367
5,B,underwater,fx_level_z_252,0.0016402921173721552
5,alpha,,kospi_return_1d,-0.008826182223856449
5,alpha,,fx_level_z_252,0.009222611784934998
6,beta,momentum,,-0.011297440156340599
6,beta,persist,,0.011733293533325195
6,beta,underwater,,0.010389294475317001
6,B,momentum,kospi_return_1d,-0.0020706653594970703
6,B,momentum,fx_level_z_252,0.005923128686845303
6,B,persist,kospi_return_1d,-0.002047256799414754
6,B,persist,fx_level_z_252,-0.006360464729368687
6,B,underwater,kospi_return_1d,-0.005246594548225403
6,B,underwater,fx_level_z_252,0.0015894630923867226
6,alpha,,kospi_return_1d,-0.010308331809937954
6,alpha,,fx_level_z_252,0.01089644804596901
7,beta,momentum,,-0.013039078563451767
7,beta,persist,,0.01364031620323658
7,beta,underwater,,0.01177418977022171
7,B,momentum,kospi_return_1d,-0.002095866482704878
7,B,momentum,fx_level_z_252,0.0065251667983829975
7,B,persist,kospi_return_1d,-0.002415004651993513
7,B,persist,fx_level_z_252,-0.006978088524192572
7,B,underwater,kospi_return_1d,-0.004933645017445087
7,B,underwater,fx_level_z_252,0.0011367895640432835
7,alpha,,kospi_return_1d,-0.011549827642738819
7,alpha,,fx_level_z_252,0.01252573262900114
8,beta,momentum,,-0.014686893671751022
8,beta,persist,,0.015522371977567673
8,beta,underwater,,0.01299266330897808
8,B,momentum,kospi_return_1d,-0.002342566614970565
8,B,momentum,fx_level_z_252,0.00713610602542758
8,B,persist,kospi_return_1d,-0.0026452031452208757
8,B,persist,fx_level_z_252,-0.007489550393074751
8,B,underwater,kospi_return_1d,-0.004254767205566168
8,B,underwater,fx_level_z_252,0.00034903062623925507
8,alpha,,kospi_return_1d,-0.012680046260356903
8,alpha,,fx_level_z_252,0.014113567769527435
9,beta,momentum,,-0.016222527250647545
9,beta,persist,,0.017374908551573753
9,beta,underwater,,0.014119149185717106
9,B,momentum,kospi_return_1d,-0.0025371441151946783
9,B,momentum,fx_level_z_252,0.007351415231823921
9,B,persist,kospi_return_1d,-0.002875910373404622
9,B,persist,fx_level_z_252,-0.007703958544880152
9,B,underwater,kospi_return_1d,-0.003481851890683174
9,B,underwater,fx_level_z_252,-0.0004684819432441145
9,alpha,,kospi_return_1d,-0.013676285743713379
9,alpha,,fx_level_z_252,0.01564771682024002
10,beta,momentum,,-0.017667006701231003
10,beta,persist,,0.01918783411383629
10,beta,underwater,,0.015111955814063549
10,B,momentum,kospi_return_1d,-0.0026501931715756655
10,B,momentum,fx_level_z_252,0.007491551339626312
10,B,persist,kospi_return_1d,-0.0032140070106834173
10,B,persist,fx_level_z_252,-0.00785231962800026
10,B,underwater,kospi_return_1d,-0.0026307296939194202
10,B,underwater,fx_level_z_252,-0.0013070679269731045
10,alpha,,kospi_return_1d,-0.014482579194009304
10,alpha,,fx_level_z_252,0.017163053154945374
11,beta,momentum,,-0.019088102504611015
11,beta,persist,,0.020960072055459023
11,beta,underwater,,0.01602332480251789
11,B,momentum,kospi_return_1d,-0.0025887039955705404
11,B,momentum,fx_level_z_252,0.007492895238101482
11,B,persist,kospi_return_1d,-0.0034678473602980375
11,B,persist,fx_level_z_252,-0.00794089213013649
11,B,underwater,kospi_return_1d,-0.001761884894222021
11,B,underwater,fx_level_z_252,-0.001991398399695754
11,alpha,,kospi_return_1d,-0.01499022077769041
11,alpha,,fx_level_z_252,0.01866784691810608
12,beta,momentum,,-0.020411979407072067
12,beta,persist,,0.022678954526782036
12,beta,underwater,,0.016746411100029945
12,B,momentum,kospi_return_1d,-0.0023223564494401217
12,B,momentum,fx_level_z_252,0.00734653789550066
12,B,persist,kospi_return_1d,-0.0036864555440843105
12,B,persist,fx_level_z_252,-0.008013516664505005
12,B,underwater,kospi_return_1d,-0.0009335314389318228
12,B,underwater,fx_level_z_252,-0.002716349670663476
12,alpha,,kospi_return_1d,-0.015263639390468597
12,alpha,,fx_level_z_252,0.020090701058506966
13,beta,momentum,,-0.021682504564523697
13,beta,persist,,0.024389958009123802
13,beta,underwater,,0.017406128346920013
13,B,momentum,kospi_return_1d,-0.0018606232479214668
13,B,momentum,fx_level_z_252,0.0070316381752491
13,B,persist,kospi_return_1d,-0.003987169358879328
13,B,persist,fx_level_z_252,-0.008012492209672928
13,B,underwater,kospi_return_1d,-0.0002182084135711193
13,B,underwater,fx_level_z_252,-0.0033405800350010395
13,alpha,,kospi_return_1d,-0.015430301427841187
13,alpha,,fx_level_z_252,0.021502379328012466
14,beta,momentum,,-0.02288399264216423
14,beta,persist,,0.02605970948934555
14,beta,underwater,,0.017868347465991974
14,B,momentum,kospi_return_1d,-0.001511730719357729
14,B,momentum,fx_level_z_252,0.00674099987372756
14,B,persist,kospi_return_1d,-0.0043142554350197315
14,B,persist,fx_level_z_252,-0.007815171964466572
14,B,underwater,kospi_return_1d,0.0006461043376475573
14,B,underwater,fx_level_z_252,-0.003911854233592749
14,alpha,,kospi_return_1d,-0.015326268970966339
14,alpha,,fx_level_z_252,0.02282869815826416
15,beta,momentum,,-0.023992301896214485
15,beta,persist,,0.02768062986433506
15,beta,underwater,,0.01804867759346962
15,B,momentum,kospi_return_1d,-0.001113935955800116
15,B,momentum,fx_level_z_252,0.006549324840307236
15,B,persist,kospi_return_1d,-0.0046377405524253845
15,B,persist,fx_level_z_252,-0.007708247750997543
15,B,underwater,kospi_return_1d,0.0014182385057210922
15,B,underwater,fx_level_z_252,-0.00473422696813941
15,alpha,,kospi_return_1d,-0.014919468201696873
15,alpha,,fx_level_z_252,0.02407211810350418
16,beta,momentum,,-0.025036269798874855
16,beta,persist,,0.02929198369383812
16,beta,underwater,,0.018127279356122017
16,B,momentum,kospi_return_1d,-0.000868224713485688
16,B,momentum,fx_level_z_252,0.006280760280787945
16,B,persist,kospi_return_1d,-0.004987372551113367
16,B,persist,fx_level_z_252,-0.007519993931055069
16,B,underwater,kospi_return_1d,0.0020754614379256964
16,B,underwater,fx_level_z_252,-0.005571112036705017
16,alpha,,kospi_return_1d,-0.014328009448945522
16,alpha,,fx_level_z_252,0.025272376835346222
17,beta,momentum,,-0.025981564074754715
17,beta,persist,,0.030847016721963882
17,beta,underwater,,0.018157586455345154
17,B,momentum,kospi_return_1d,-0.00032578283571638167
17,B,momentum,fx_level_z_252,0.005809900816529989
17,B,persist,kospi_return_1d,-0.0055223871022462845
17,B,persist,fx_level_z_252,-0.007253996562212706
17,B,underwater,kospi_return_1d,0.0024765245616436005
17,B,underwater,fx_level_z_252,-0.006339316722005606
17,alpha,,kospi_return_1d,-0.013556311838328838
17,alpha,,fx_level_z_252,0.026436766609549522
18,beta,momentum,,-0.026806551963090897
18,beta,persist,,0.032365888357162476
18,beta,underwater,,0.018046382814645767
18,B,momentum,kospi_return_1d,0.00039432794437743723
18,B,momentum,fx_level_z_252,0.005275642033666372
18,B,persist,kospi_return_1d,-0.005980834364891052
18,B,persist,fx_level_z_252,-0.0070302789099514484
18,B,underwater,kospi_return_1d,0.0027673884760588408
18,B,underwater,fx_level_z_252,-0.007198334205895662
18,alpha,,kospi_return_1d,-0.012696413323283195
18,alpha,,fx_level_z_252,0.027506563812494278
19,beta,momentum,,-0.02745240367949009
19,beta,persist,,0.033815424889326096
19,beta,underwater,,0.017732668668031693
19,B,momentum,kospi_return_1d,0.0010818104492500424
19,B,momentum,fx_level_z_252,0.004650956019759178
19,B,persist,kospi_return_1d,-0.00649851281195879
19,B,persist,fx_level_z_252,-0.006766327191144228
19,B,underwater,kospi_return_1d,0.0029446289408951998
19,B,underwater,fx_level_z_252,-0.007998992688953876
19,alpha,,kospi_return_1d,-0.01154405903071165
19,alpha,,fx_level_z_252,0.028532089665532112
20,beta,momentum,,-0.02796138823032379
20,beta,persist,,0.035247694700956345
20,beta,underwater,,0.017359357327222824
20,B,momentum,kospi_return_1d,0.0014527719467878342
20,B,momentum,fx_level_z_252,0.0039052078500390053
20,B,persist,kospi_return_1d,-0.006891170982271433
20,B,persist,fx_level_z_252,-0.006615386810153723
20,B,underwater,kospi_return_1d,0.003140572691336274
20,B,underwater,fx_level_z_252,-0.008816570974886417
20,alpha,,kospi_return_1d,-0.010301240719854832
20,alpha,,fx_level_z_252,0.02946714498102665
21,beta,momentum,,-0.028362825512886047
21,beta,persist,,0.0366482213139534
21,beta,underwater,,0.01689719595015049
21,B,momentum,kospi_return_1d,0.0016493885777890682
21,B,momentum,fx_level_z_252,0.003066509962081909
21,B,persist,kospi_return_1d,-0.0072920722886919975
21,B,persist,fx_level_z_252,-0.006359883584082127
21,B,underwater,kospi_return_1d,0.0032323654741048813
21,B,underwater,fx_level_z_252,-0.009661220945417881
21,alpha,,kospi_return_1d,-0.009083298966288567
21,alpha,,fx_level_z_252,0.030353881418704987
22,beta,momentum,,-0.028792785480618477
22,beta,persist,,0.03804045543074608
22,beta,underwater,,0.016429739072918892
22,B,momentum,kospi_return_1d,0.0018565966747701168
22,B,momentum,fx_level_z_252,0.0020864992402493954
22,B,persist,kospi_return_1d,-0.007811948657035828
22,B,persist,fx_level_z_252,-0.005895294714719057
22,B,underwater,kospi_return_1d,0.003124712500721216
22,B,underwater,fx_level_z_252,-0.01031189039349556
22,alpha,,kospi_return_1d,-0.007816247642040253
22,alpha,,fx_level_z_252,0.031110795214772224
23,beta,momentum,,-0.029200809076428413
23,beta,persist,,0.039425600320100784
23,beta,underwater,,0.015992306172847748
23,B,momentum,kospi_return_1d,0.0019514812156558037
23,B,momentum,fx_level_z_252,0.0010099182836711407
23,B,persist,kospi_return_1d,-0.008313813246786594
23,B,persist,fx_level_z_252,-0.005283251404762268
23,B,underwater,kospi_return_1d,0.003004745813086629
23,B,underwater,fx_level_z_252,-0.010730873793363571
23,alpha,,kospi_return_1d,-0.006613198667764664
23,alpha,,fx_level_z_252,0.03182090073823929
24,beta,momentum,,-0.029492605477571487
24,beta,persist,,0.04078754410147667
24,beta,underwater,,0.015442902222275734
24,B,momentum,kospi_return_1d,0.002064906759187579
24,B,momentum,fx_level_z_252,2.2882624762132764e-05
24,B,persist,kospi_return_1d,-0.008835792541503906
24,B,persist,fx_level_z_252,-0.004720357712358236
24,B,underwater,kospi_return_1d,0.0028916143346577883
24,B,underwater,fx_level_z_252,-0.011211108416318893
24,alpha,,kospi_return_1d,-0.005317281931638718
24,alpha,,fx_level_z_252,0.03248085081577301
25,beta,momentum,,-0.02973700501024723
25,beta,persist,,0.04216262325644493
25,beta,underwater,,0.014816594310104847
25,B,momentum,kospi_return_1d,0.002060959115624428
25,B,momentum,fx_level_z_252,-0.0007955065229907632
25,B,persist,kospi_return_1d,-0.009106478653848171
25,B,persist,fx_level_z_252,-0.0042002275586128235
25,B,underwater,kospi_return_1d,0.002756851725280285
25,B,underwater,fx_level_z_252,-0.011772826313972473
25,alpha,,kospi_return_1d,-0.0040290215983986855
25,alpha,,fx_level_z_252,0.03309808671474457
26,beta,momentum,,-0.029930373653769493
26,beta,persist,,0.04350503906607628
26,beta,underwater,,0.014078592881560326
26,B,momentum,kospi_return_1d,0.0019776318222284317
26,B,momentum,fx_level_z_252,-0.0014401873340830207
26,B,persist,kospi_return_1d,-0.0092347152531147
26,B,persist,fx_level_z_252,-0.003720860229805112
26,B,underwater,kospi_return_1d,0.0027005132287740707
26,B,underwater,fx_level_z_252,-0.01237472239881754
26,alpha,,kospi_return_1d,-0.0026929727755486965
26,alpha,,fx_level_z_252,0.03363983705639839
27,beta,momentum,,-0.030188390985131264
27,beta,persist,,0.044845424592494965
27,beta,underwater,,0.0132831409573555
27,B,momentum,kospi_return_1d,0.0016523721860721707
27,B,momentum,fx_level_z_252,-0.0020956145599484444
27,B,persist,kospi_return_1d,-0.00918231625109911
27,B,persist,fx_level_z_252,-0.003106791991740465
27,B,underwater,kospi_return_1d,0.0027840721886605024
27,B,underwater,fx_level_z_252,-0.012699170969426632
27,alpha,,kospi_return_1d,-0.0013849679380655289
27,alpha,,fx_level_z_252,0.0341188982129097
28,beta,momentum,,-0.030394582077860832
28,beta,persist,,0.046146515756845474
28,beta,underwater,,0.012435483746230602
28,B,momentum,kospi_return_1d,0.0012736613862216473
28,B,momentum,fx_level_z_252,-0.002546559786424041
28,B,persist,kospi_return_1d,-0.009206696413457394
28,B,persist,fx_level_z_252,-0.002561449073255062
28,B,underwater,kospi_return_1d,0.0028277712408453226
28,B,underwater,fx_level_z_252,-0.013095040805637836
28,alpha,,kospi_return_1d,-0.00013927248073741794
28,alpha,,fx_level_z_252,0.03453516215085983
29,beta,momentum,,-0.030574748292565346
29,beta,persist,,0.04743621498346329
29,beta,underwater,,0.011689532548189163
29,B,momentum,kospi_return_1d,0.0008174582035280764
29,B,momentum,fx_level_z_252,-0.0028996316250413656
29,B,persist,kospi_return_1d,-0.009456831030547619
29,B,persist,fx_level_z_252,-0.002006777096539736
29,B,underwater,kospi_return_1d,0.0026877205818891525
29,B,underwater,fx_level_z_252,-0.013274667784571648
29,alpha,,kospi_return_1d,0.0010077625047415495
29,alpha,,fx_level_z_252,0.03492594137787819
30,beta,momentum,,-0.030781244859099388
30,beta,persist,,0.048759713768959045
30,beta,underwater,,0.011112712323665619
30,B,momentum,kospi_return_1d,0.00043884641490876675
30,B,momentum,fx_level_z_252,-0.003243124345317483
30,B,persist,kospi_return_1d,-0.009774725884199142
30,B,persist,fx_level_z_252,-0.0014878512592986226
30,B,underwater,kospi_return_1d,0.002529505640268326
30,B,underwater,fx_level_z_252,-0.013301549479365349
30,alpha,,kospi_return_1d,0.0018891150830313563
30,alpha,,fx_level_z_252,0.035333964973688126
31,beta,momentum,,-0.03092225268483162
31,beta,persist,,0.050054941326379776
31,beta,underwater,,0.010424946434795856
31,B,momentum,kospi_return_1d,-2.3476313799619675e-06
31,B,momentum,fx_level_z_252,-0.0034966503735631704
31,B,persist,kospi_return_1d,-0.01000808086246252
31,B,persist,fx_level_z_252,-0.0010621765395626426
31,B,underwater,kospi_return_1d,0.0022989355493336916
31,B,underwater,fx_level_z_252,-0.013486352749168873
31,alpha,,kospi_return_1d,0.0026284963823854923
31,alpha,,fx_level_z_252,0.03569633513689041
32,beta,momentum,,-0.03107055462896824
32,beta,persist,,0.051321841776371
32,beta,underwater,,0.009793964214622974
32,B,momentum,kospi_return_1d,-0.00022791822266299278
32,B,momentum,fx_level_z_252,-0.003654730971902609
32,B,persist,kospi_return_1d,-0.01029075589030981
32,B,persist,fx_level_z_252,-0.0006983186467550695
32,B,underwater,kospi_return_1d,0.001997495535761118
32,B,underwater,fx_level_z_252,-0.01369023323059082
32,alpha,,kospi_return_1d,0.003214175347238779
32,alpha,,fx_level_z_252,0.03608621656894684
33,beta,momentum,,-0.031240588054060936
33,beta,persist,,0.052587781101465225
33,beta,underwater,,0.009269841015338898
33,B,momentum,kospi_return_1d,-0.0002343012165511027
33,B,momentum,fx_level_z_252,-0.00392101239413023
33,B,persist,kospi_return_1d,-0.010633031837642193
33,B,persist,fx_level_z_252,-0.00030812498880550265
33,B,underwater,kospi_return_1d,0.0014619047287851572
33,B,underwater,fx_level_z_252,-0.013797351159155369
33,alpha,,kospi_return_1d,0.003684028284624219
33,alpha,,fx_level_z_252,0.03649358078837395
34,beta,momentum,,-0.03141738846898079
34,beta,persist,,0.05383343994617462
34,beta,underwater,,0.008603658527135849
34,B,momentum,kospi_return_1d,-0.0003160472260788083
34,B,momentum,fx_level_z_252,-0.004069529473781586
34,B,persist,kospi_return_1d,-0.010762335732579231
34,B,persist,fx_level_z_252,2.2509091650135815e-05
34,B,underwater,kospi_return_1d,0.0009856163524091244
34,B,underwater,fx_level_z_252,-0.013973123393952847
34,alpha,,kospi_return_1d,0.004164137877523899
34,alpha,,fx_level_z_252,0.03680863976478577
35,beta,momentum,,-0.03160515055060387
35,beta,persist,,0.05504043772816658
35,beta,underwater,,0.00793765764683485
35,B,momentum,kospi_return_1d,-0.0004376490833237767
35,B,momentum,fx_level_z_252,-0.004341572523117065
35,B,persist,kospi_return_1d,-0.010827521793544292
35,B,persist,fx_level_z_252,0.0002664935018401593
35,B,underwater,kospi_return_1d,0.0005223997868597507
35,B,underwater,fx_level_z_252,-0.014083869755268097
35,alpha,,kospi_return_1d,0.004613479133695364
35,alpha,,fx_level_z_252,0.0371161513030529
36,beta,momentum,,-0.03171493485569954
36,beta,persist,,0.056193333119153976
36,beta,underwater,,0.007235779892653227
36,B,momentum,kospi_return_1d,-0.0004527317069005221
36,B,momentum,fx_level_z_252,-0.004565724171698093
36,B,persist,kospi_return_1d,-0.010857879184186459
36,B,persist,fx_level_z_252,0.0005285528022795916
36,B,underwater,kospi_return_1d,5.708467506337911e-05
36,B,underwater,fx_level_z_252,-0.014205937273800373
36,alpha,,kospi_return_1d,0.005179623141884804
36,alpha,,fx_level_z_252,0.03741524741053581
37,beta,momentum,,-0.0317261628806591
37,beta,persist,,0.05731888487935066
37,beta,underwater,,0.006402741186320782
37,B,momentum,kospi_return_1d,-0.0004683397419285029
37,B,momentum,fx_level_z_252,-0.004775696434080601
37,B,persist,kospi_return_1d,-0.010777045041322708
37,B,persist,fx_level_z_252,0.0006765053258277476
37,B,underwater,kospi_return_1d,-0.00015381697448901832
37,B,underwater,fx_level_z_252,-0.01439223624765873
37,alpha,,kospi_return_1d,0.005814986303448677
37,alpha,,fx_level_z_252,0.03771927207708359
38,beta,momentum,,-0.031622085720300674
38,beta,persist,,0.058409180492162704
38,beta,underwater,,0.005458975676447153
38,B,momentum,kospi_return_1d,-0.0004589766322169453
38,B,momentum,fx_level_z_252,-0.004777564667165279
38,B,persist,kospi_return_1d,-0.010676510632038116
38,B,persist,fx_level_z_252,0.0006484354962594807
38,B,underwater,kospi_return_1d,-0.0001947012497112155
38,B,underwater,fx_level_z_252,-0.014737733639776707
38,alpha,,kospi_return_1d,0.0065268161706626415
38,alpha,,fx_level_z_252,0.037993039935827255
39,beta,momentum,,-0.03153650462627411
39,beta,persist,,0.059478145092725754
39,beta,underwater,,0.004568190313875675
39,B,momentum,kospi_return_1d,-0.00028675535577349365
39,B,momentum,fx_level_z_252,-0.004820399452000856
39,B,persist,kospi_return_1d,-0.010612798854708672
39,B,persist,fx_level_z_252,0.000557615770958364
39,B,underwater,kospi_return_1d,-0.00010476923489477485
39,B,underwater,fx_level_z_252,-0.014964956790208817
39,alpha,,kospi_return_1d,0.007366214878857136
39,alpha,,fx_level_z_252,0.03834328427910805
40,beta,momentum,,-0.03146623447537422
40,beta,persist,,0.060529548674821854
40,beta,underwater,,0.0037052796687930822
40,B,momentum,kospi_return_1d,-1.790635724319145e-05
40,B,momentum,fx_level_z_252,-0.004888815805315971
40,B,persist,kospi_return_1d,-0.01066520158201456
40,B,persist,fx_level_z_252,0.0004345470224507153
40,B,underwater,kospi_return_1d,-3.82078651455231e-05
40,B,underwater,fx_level_z_252,-0.015068613924086094
40,alpha,,kospi_return_1d,0.008132876828312874
40,alpha,,fx_level_z_252,0.0386856347322464
41,beta,momentum,,-0.03139685094356537
41,beta,persist,,0.06161807104945183
41,beta,underwater,,0.0028219888918101788
41,B,momentum,kospi_return_1d,6.439162825699896e-05
41,B,momentum,fx_level_z_252,-0.0046982914209365845
41,B,persist,kospi_return_1d,-0.01040136069059372
41,B,persist,fx_level_z_252,0.00018766021821647882
41,B,underwater,kospi_return_1d,0.00022349983919411898
41,B,underwater,fx_level_z_252,-0.015365933068096638
41,alpha,,kospi_return_1d,0.00879138894379139
41,alpha,,fx_level_z_252,0.03899431228637695
42,beta,momentum,,-0.031374067068099976
42,beta,persist,,0.06271591782569885
42,beta,underwater,,0.0020330955740064383
42,B,momentum,kospi_return_1d,-8.451992471236736e-05
42,B,momentum,fx_level_z_252,-0.004437865223735571
42,B,persist,kospi_return_1d,-0.010172191075980663
42,B,persist,fx_level_z_252,-0.00013290144852362573
42,B,underwater,kospi_return_1d,0.00039807995199225843
42,B,underwater,fx_level_z_252,-0.01565350964665413
42,alpha,,kospi_return_1d,0.009320241399109364
42,alpha,,fx_level_z_252,0.03932635858654976
43,beta,momentum,,-0.03130122274160385
43,beta,persist,,0.06381058692932129
43,beta,underwater,,0.001307857921347022
43,B,momentum,kospi_return_1d,-0.00030953093664720654
43,B,momentum,fx_level_z_252,-0.0043410309590399265
43,B,persist,kospi_return_1d,-0.00980687327682972
43,B,persist,fx_level_z_252,-0.00027778619551099837
43,B,underwater,kospi_return_1d,0.00045760214561596513
43,B,underwater,fx_level_z_252,-0.01585148461163044
43,alpha,,kospi_return_1d,0.009772301651537418
43,alpha,,fx_level_z_252,0.03964253142476082
44,beta,momentum,,-0.0312336478382349
44,beta,persist,,0.0648881196975708
44,beta,underwater,,0.0007617216324433684
44,B,momentum,kospi_return_1d,-0.00031654295162297785
44,B,momentum,fx_level_z_252,-0.004647727590054274
44,B,persist,kospi_return_1d,-0.009550468064844608
44,B,persist,fx_level_z_252,-0.00019669125322252512
44,B,underwater,kospi_return_1d,0.0002058825339190662
44,B,underwater,fx_level_z_252,-0.015663107857108116
44,alpha,,kospi_return_1d,0.010223271325230598
44,alpha,,fx_level_z_252,0.03988335654139519
45,beta,momentum,,-0.031107109040021896
45,beta,persist,,0.06597959995269775
45,beta,underwater,,0.00015293361502699554
45,B,momentum,kospi_return_1d,-9.353377390652895e-05
45,B,momentum,fx_level_z_252,-0.004944823682308197
45,B,persist,kospi_return_1d,-0.00923936627805233
45,B,persist,fx_level_z_252,3.5078519431408495e-05
45,B,underwater,kospi_return_1d,-9.413374937139452e-05
45,B,underwater,fx_level_z_252,-0.015419786795973778
45,alpha,,kospi_return_1d,0.010633395984768867
45,alpha,,fx_level_z_252,0.040030304342508316
46,beta,momentum,,-0.030999325215816498
46,beta,persist,,0.06704160571098328
46,beta,underwater,,-0.00041688073542900383
46,B,momentum,kospi_return_1d,0.00022907867969479412
46,B,momentum,fx_level_z_252,-0.005219419952481985
46,B,persist,kospi_return_1d,-0.00896397139877081
46,B,persist,fx_level_z_252,0.00012221132055856287
46,B,underwater,kospi_return_1d,-0.0003936324210371822
46,B,underwater,fx_level_z_252,-0.015220766887068748
46,alpha,,kospi_return_1d,0.011181410402059555
46,alpha,,fx_level_z_252,0.0401841439306736
47,beta,momentum,,-0.03096175007522106
47,beta,persist,,0.06808161735534668
47,beta,underwater,,-0.000817085849121213
47,B,momentum,kospi_return_1d,0.00037214881740510464
47,B,momentum,fx_level_z_252,-0.005558880046010017
47,B,persist,kospi_return_1d,-0.008622131310403347
47,B,persist,fx_level_z_252,0.00010080522042699158
47,B,underwater,kospi_return_1d,-0.00041677153785713017
47,B,underwater,fx_level_z_252,-0.014860534109175205
47,alpha,,kospi_return_1d,0.011719130910933018
47,alpha,,fx_level_z_252,0.04035071283578873
48,beta,momentum,,-0.031039252877235413
48,beta,persist,,0.06909573078155518
48,beta,underwater,,-0.0010593067854642868
48,B,momentum,kospi_return_1d,0.00041208614129573107
48,B,momentum,fx_level_z_252,-0.005748270079493523
48,B,persist,kospi_return_1d,-0.008222877979278564
48,B,persist,fx_level_z_252,4.567248106468469e-05
48,B,underwater,kospi_return_1d,-0.0004865938099101186
48,B,underwater,fx_level_z_252,-0.014427069574594498
48,alpha,,kospi_return_1d,0.012200611643493176
48,alpha,,fx_level_z_252,0.0405346117913723
49,beta,momentum,,-0.031133882701396942
49,beta,persist,,0.07000690698623657
49,beta,underwater,,-0.001293039764277637
49,B,momentum,kospi_return_1d,0.0004206981975585222
49,B,momentum,fx_level_z_252,-0.00588291184976697
49,B,persist,kospi_return_1d,-0.008099864237010479
49,B,persist,fx_level_z_252,0.00012397731188684702
49,B,underwater,kospi_return_1d,-0.0006868831114843488
49,B,underwater,fx_level_z_252,-0.013944159261882305
49,alpha,,kospi_return_1d,0.012900768779218197
49,alpha,,fx_level_z_252,0.04071523994207382
50,beta,momentum,,-0.03123381920158863
50,beta,persist,,0.07089833170175552
50,beta,underwater,,-0.001583676552399993
50,B,momentum,kospi_return_1d,0.00043625489342957735
50,B,momentum,fx_level_z_252,-0.006006155628710985
50,B,persist,kospi_return_1d,-0.008269751444458961
50,B,persist,fx_level_z_252,0.00015418051043525338
50,B,underwater,kospi_return_1d,-0.0008265920914709568
50,B,underwater,fx_level_z_252,-0.013477884232997894
50,alpha,,kospi_return_1d,0.013425513170659542
50,alpha,,fx_level_z_252,0.04088678956031799
51,beta,momentum,,-0.03132015839219093
51,beta,persist,,0.07176496088504791
51,beta,underwater,,-0.0017655515111982822
51,B,momentum,kospi_return_1d,0.0003805529559031129
51,B,momentum,fx_level_z_252,-0.0059313843958079815
51,B,persist,kospi_return_1d,-0.008558662608265877
51,B,persist,fx_level_z_252,9.208924166159704e-05
51,B,underwater,kospi_return_1d,-0.0010325133334845304
51,B,underwater,fx_level_z_252,-0.013165544718503952
51,alpha,,kospi_return_1d,0.013807388953864574
51,alpha,,fx_level_z_252,0.04108209162950516
52,beta,momentum,,-0.03126116842031479
52,beta,persist,,0.07260993123054504
52,beta,underwater,,-0.0018684816313907504
52,B,momentum,kospi_return_1d,0.00033160901512019336
52,B,momentum,fx_level_z_252,-0.006008578930050135
52,B,persist,kospi_return_1d,-0.008790162391960621
52,B,persist,fx_level_z_252,5.978265835437924e-05
52,B,underwater,kospi_return_1d,-0.0011657746508717537
52,B,underwater,fx_level_z_252,-0.012857761234045029
52,alpha,,kospi_return_1d,0.0141444755718112
52,alpha,,fx_level_z_252,0.04122794792056084
53,beta,momentum,,-0.03115628845989704
53,beta,persist,,0.07347843050956726
53,beta,underwater,,-0.002048236085101962
53,B,momentum,kospi_return_1d,0.0002797351044137031
53,B,momentum,fx_level_z_252,-0.00576990470290184
53,B,persist,kospi_return_1d,-0.008785602636635303
53,B,persist,fx_level_z_252,-0.0002931037452071905
53,B,underwater,kospi_return_1d,-0.0010625936556607485
53,B,underwater,fx_level_z_252,-0.012794578447937965
53,alpha,,kospi_return_1d,0.014439648948609829
53,alpha,,fx_level_z_252,0.04131554812192917
54,beta,momentum,,-0.031099461019039154
54,beta,persist,,0.07436567544937134
54,beta,underwater,,-0.002179249655455351
54,B,momentum,kospi_return_1d,5.264538049232215e-05
54,B,momentum,fx_level_z_252,-0.005538878496736288
54,B,persist,kospi_return_1d,-0.008622376248240471
54,B,persist,fx_level_z_252,-0.0006678637582808733
54,B,underwater,kospi_return_1d,-0.0008363828528672457
54,B,underwater,fx_level_z_252,-0.012686883099377155
54,alpha,,kospi_return_1d,0.01465559657663107
54,alpha,,fx_level_z_252,0.04142387583851814
55,beta,momentum,,-0.03099384345114231
55,beta,persist,,0.07524879276752472
55,beta,underwater,,-0.002336741890758276
55,B,momentum,kospi_return_1d,-0.00020490454335231334
55,B,momentum,fx_level_z_252,-0.005286247003823519
55,B,persist,kospi_return_1d,-0.00836255494505167
55,B,persist,fx_level_z_252,-0.0008307255920954049
55,B,underwater,kospi_return_1d,-0.0004318903083913028
55,B,underwater,fx_level_z_252,-0.012605126015841961
55,alpha,,kospi_return_1d,0.014776795171201229
55,alpha,,fx_level_z_252,0.04150240868330002
56,beta,momentum,,-0.030856972560286522
56,beta,persist,,0.07612776011228561
56,beta,underwater,,-0.0024402861017733812
56,B,momentum,kospi_return_1d,-0.00029723200714215636
56,B,momentum,fx_level_z_252,-0.004992247559130192
56,B,persist,kospi_return_1d,-0.008141775615513325
56,B,persist,fx_level_z_252,-0.0009759186650626361
56,B,underwater,kospi_return_1d,-1.3523065717890859e-05
56,B,underwater,fx_level_z_252,-0.012567897327244282
56,alpha,,kospi_return_1d,0.014950145035982132
56,alpha,,fx_level_z_252,0.04152756929397583
57,beta,momentum,,-0.03066301718354225
57,beta,persist,,0.07697682827711105
57,beta,underwater,,-0.0024894338566809893
57,B,momentum,kospi_return_1d,-0.00010590467718429863
57,B,momentum,fx_level_z_252,-0.004894116893410683
57,B,persist,kospi_return_1d,-0.008101625367999077
57,B,persist,fx_level_z_252,-0.0009866091422736645
57,B,underwater,kospi_return_1d,0.00016917592438403517
57,B,underwater,fx_level_z_252,-0.012373763136565685
57,alpha,,kospi_return_1d,0.015150904655456543
57,alpha,,fx_level_z_252,0.041503340005874634
58,beta,momentum,,-0.03053695149719715
58,beta,persist,,0.07784061878919601
58,beta,underwater,,-0.0024551807437092066
58,B,momentum,kospi_return_1d,0.00022296339739114046
58,B,momentum,fx_level_z_252,-0.004870894830673933
58,B,persist,kospi_return_1d,-0.008214224129915237
58,B,persist,fx_level_z_252,-0.0008903715061023831
58,B,underwater,kospi_return_1d,3.056437708437443e-05
58,B,underwater,fx_level_z_252,-0.012163282372057438
58,alpha,,kospi_return_1d,0.0152856120839715
58,alpha,,fx_level_z_252,0.04163455590605736
59,beta,momentum,,-0.030367791652679443
59,beta,persist,,0.07869993150234222
59,beta,underwater,,-0.0024417126551270485
59,B,momentum,kospi_return_1d,0.0005287290550768375
59,B,momentum,fx_level_z_252,-0.004941434599459171
59,B,persist,kospi_return_1d,-0.008512387052178383
59,B,persist,fx_level_z_252,-0.0007144117262214422
59,B,underwater,kospi_return_1d,-0.0003248375141993165
59,B,underwater,fx_level_z_252,-0.011898216791450977
59,alpha,,kospi_return_1d,0.01543616596609354
59,alpha,,fx_level_z_252,0.04169521853327751
60,beta,momentum,,-0.03011891432106495
60,beta,persist,,0.0794997587800026
60,beta,underwater,,-0.0025433641858398914
60,B,momentum,kospi_return_1d,0.0007477412582375109
60,B,momentum,fx_level_z_252,-0.00497382553294301
60,B,persist,kospi_return_1d,-0.008724686689674854
60,B,persist,fx_level_z_252,-0.0004723866004496813
60,B,underwater,kospi_return_1d,-0.0005136808613315225
60,B,underwater,fx_level_z_252,-0.011686321347951889
60,alpha,,kospi_return_1d,0.015627190470695496
60,alpha,,fx_level_z_252,0.041680458933115005
61,beta,momentum,,-0.029926259070634842
61,beta,persist,,0.08028030395507812
61,beta,underwater,,-0.0025590485893189907
61,B,momentum,kospi_return_1d,0.0007981720846146345
61,B,momentum,fx_level_z_252,-0.005059320945292711
61,B,persist,kospi_return_1d,-0.00884692557156086
61,B,persist,fx_level_z_252,-0.00013804349873680621
61,B,underwater,kospi_return_1d,-0.0007578222430311143
61,B,underwater,fx_level_z_252,-0.011518582701683044
61,alpha,,kospi_return_1d,0.01590709760785103
61,alpha,,fx_level_z_252,0.04174618422985077
62,beta,momentum,,-0.029847268015146255
62,beta,persist,,0.08108069747686386
62,beta,underwater,,-0.002581452252343297
62,B,momentum,kospi_return_1d,0.0006572121055796742
62,B,momentum,fx_level_z_252,-0.005114299710839987
62,B,persist,kospi_return_1d,-0.008984725922346115
62,B,persist,fx_level_z_252,0.00030526338377967477
62,B,underwater,kospi_return_1d,-0.0008435688214376569
62,B,underwater,fx_level_z_252,-0.011302604340016842
62,alpha,,kospi_return_1d,0.016164543107151985
62,alpha,,fx_level_z_252,0.041703809052705765
63,beta,momentum,,-0.02978961542248726
63,beta,persist,,0.08181045949459076
63,beta,underwater,,-0.002681019250303507
63,B,momentum,kospi_return_1d,0.00030584103660658
63,B,momentum,fx_level_z_252,-0.005194656550884247
63,B,persist,kospi_return_1d,-0.008907932788133621
63,B,persist,fx_level_z_252,0.0005604753387160599
63,B,underwater,kospi_return_1d,-0.0006967430235818028
63,B,underwater,fx_level_z_252,-0.01103625725954771
63,alpha,,kospi_return_1d,0.01665784791111946
63,alpha,,fx_level_z_252,0.041568588465452194
64,beta,momentum,,-0.02976164221763611
64,beta,persist,,0.08256527036428452
64,beta,underwater,,-0.0027446888852864504
64,B,momentum,kospi_return_1d,3.816530806943774e-06
64,B,momentum,fx_level_z_252,-0.00543280178681016
64,B,persist,kospi_return_1d,-0.008688870817422867
64,B,persist,fx_level_z_252,0.0008028236916288733
64,B,underwater,kospi_return_1d,-0.0004667866451200098
64,B,underwater,fx_level_z_252,-0.010702657513320446
64,alpha,,kospi_return_1d,0.01721147634088993
64,alpha,,fx_level_z_252,0.041361477226018906
65,beta,momentum,,-0.029814302921295166
65,beta,persist,,0.08334752917289734
65,beta,underwater,,-0.002731840591877699
65,B,momentum,kospi_return_1d,-0.000467138655949384
65,B,momentum,fx_level_z_252,-0.0055666337721049786
65,B,persist,kospi_return_1d,-0.008343582041561604
65,B,persist,fx_level_z_252,0.0008665624191053212
65,B,underwater,kospi_return_1d,-6.932694668648764e-05
65,B,underwater,fx_level_z_252,-0.010401494801044464
65,alpha,,kospi_return_1d,0.017719373106956482
65,alpha,,fx_level_z_252,0.04125664010643959
66,beta,momentum,,-0.029838338494300842
66,beta,persist,,0.08411380648612976
66,beta,underwater,,-0.0027820251416414976
66,B,momentum,kospi_return_1d,-0.0007426372030749917
66,B,momentum,fx_level_z_252,-0.005621758289635181
66,B,persist,kospi_return_1d,-0.008049044758081436
66,B,persist,fx_level_z_252,0.0007910826825536788
66,B,underwater,kospi_return_1d,0.00013804608897771686
66,B,underwater,fx_level_z_252,-0.010201658122241497
66,alpha,,kospi_return_1d,0.018258048221468925
66,alpha,,fx_level_z_252,0.04115923494100571
67,beta,momentum,,-0.029834233224391937
67,beta,persist,,0.0848844051361084
67,beta,underwater,,-0.0027794851921498775
67,B,momentum,kospi_return_1d,-0.0009901121957227588
67,B,momentum,fx_level_z_252,-0.005638244561851025
67,B,persist,kospi_return_1d,-0.007625014986842871
67,B,persist,fx_level_z_252,0.0004299289721529931
67,B,underwater,kospi_return_1d,0.0002472452470101416
67,B,underwater,fx_level_z_252,-0.009946401230990887
67,alpha,,kospi_return_1d,0.018649669364094734
67,alpha,,fx_level_z_252,0.04103025794029236
68,beta,momentum,,-0.02979094907641411
68,beta,persist,,0.08563557267189026
68,beta,underwater,,-0.002829522592946887
68,B,momentum,kospi_return_1d,-0.001103749149478972
68,B,momentum,fx_level_z_252,-0.005543296225368977
68,B,persist,kospi_return_1d,-0.007240389008074999
68,B,persist,fx_level_z_252,7.912050932645798e-06
68,B,underwater,kospi_return_1d,0.00031915493309497833
68,B,underwater,fx_level_z_252,-0.009827480651438236
68,alpha,,kospi_return_1d,0.018991105258464813
68,alpha,,fx_level_z_252,0.040992338210344315
69,beta,momentum,,-0.02964506857097149
69,beta,persist,,0.08630751818418503
69,beta,underwater,,-0.002999057061970234
69,B,momentum,kospi_return_1d,-0.0010263000149279833
69,B,momentum,fx_level_z_252,-0.005487394984811544
69,B,persist,kospi_return_1d,-0.007066814694553614
69,B,persist,fx_level_z_252,-0.000356011267285794
69,B,underwater,kospi_return_1d,0.00018077727872878313
69,B,underwater,fx_level_z_252,-0.00973211508244276
69,alpha,,kospi_return_1d,0.019457589834928513
69,alpha,,fx_level_z_252,0.04098920151591301
70,beta,momentum,,-0.029505567625164986
70,beta,persist,,0.08697494864463806
70,beta,underwater,,-0.0031421922612935305
70,B,momentum,kospi_return_1d,-0.000953332579229027
70,B,momentum,fx_level_z_252,-0.005507756024599075
70,B,persist,kospi_return_1d,-0.006950213108211756
70,B,persist,fx_level_z_252,-0.0005502185085788369
70,B,underwater,kospi_return_1d,7.957874913699925e-06
70,B,underwater,fx_level_z_252,-0.009637191891670227
70,alpha,,kospi_return_1d,0.01998068019747734
70,alpha,,fx_level_z_252,0.04108814150094986
71,beta,momentum,,-0.029275422915816307
71,beta,persist,,0.08763767033815384
71,beta,underwater,,-0.0034098203759640455
71,B,momentum,kospi_return_1d,-0.0009787859162315726
71,B,momentum,fx_level_z_252,-0.005578912328928709
71,B,persist,kospi_return_1d,-0.006756630260497332
71,B,persist,fx_level_z_252,-0.0004908037954010069
71,B,underwater,kospi_return_1d,7.761493907310069e-05
71,B,underwater,fx_level_z_252,-0.009523791261017323
71,alpha,,kospi_return_1d,0.02050650492310524
71,alpha,,fx_level_z_252,0.041068751364946365
72,beta,momentum,,-0.02896503359079361
72,beta,persist,,0.08821249008178711
72,beta,underwater,,-0.0037958044558763504
72,B,momentum,kospi_return_1d,-0.0008458242518827319
72,B,momentum,fx_level_z_252,-0.005545513704419136
72,B,persist,kospi_return_1d,-0.006530059967190027
72,B,persist,fx_level_z_252,-0.00031597528140991926
72,B,underwater,kospi_return_1d,0.00015472692030016333
72,B,underwater,fx_level_z_252,-0.009517121128737926
72,alpha,,kospi_return_1d,0.021121961995959282
72,alpha,,fx_level_z_252,0.04095946252346039
73,beta,momentum,,-0.028507918119430542
73,beta,persist,,0.08874397724866867
73,beta,underwater,,-0.00425653625279665
73,B,momentum,kospi_return_1d,-0.0004709004133474082
73,B,momentum,fx_level_z_252,-0.005553281866014004
73,B,persist,kospi_return_1d,-0.006445786915719509
73,B,persist,fx_level_z_252,9.932147804647684e-06
73,B,underwater,kospi_return_1d,3.9253063732758164e-06
73,B,underwater,fx_level_z_252,-0.009568722918629646
73,alpha,,kospi_return_1d,0.02182648330926895
73,alpha,,fx_level_z_252,0.04080222174525261
74,beta,momentum,,-0.028092674911022186
74,beta,persist,,0.08922573924064636
74,beta,underwater,,-0.0045165070332586765
74,B,momentum,kospi_return_1d,8.003698894754052e-07
74,B,momentum,fx_level_z_252,-0.005416560918092728
74,B,persist,kospi_return_1d,-0.006617811508476734
74,B,persist,fx_level_z_252,0.000336253026034683
74,B,underwater,kospi_return_1d,-0.00040650193113833666
74,B,underwater,fx_level_z_252,-0.009533378295600414
74,alpha,,kospi_return_1d,0.022483892738819122
74,alpha,,fx_level_z_252,0.04070291295647621
75,beta,momentum,,-0.027708731591701508
75,beta,persist,,0.08969425410032272
75,beta,underwater,,-0.0049492488615214825
75,B,momentum,kospi_return_1d,0.00018625119992066175
75,B,momentum,fx_level_z_252,-0.005150719080120325
75,B,persist,kospi_return_1d,-0.0066253384575247765
75,B,persist,fx_level_z_252,0.00046860199654474854
75,B,underwater,kospi_return_1d,-0.000552427489310503
75,B,underwater,fx_level_z_252,-0.009583758190274239
75,alpha,,kospi_return_1d,0.0232413150370121
75,alpha,,fx_level_z_252,0.04052115976810455
76,beta,momentum,,-0.02731700986623764
76,beta,persist,,0.09018804877996445
76,beta,underwater,,-0.0054281363263726234
76,B,momentum,kospi_return_1d,9.831985516939312e-05
76,B,momentum,fx_level_z_252,-0.004734660033136606
76,B,persist,kospi_return_1d,-0.006493085063993931
76,B,persist,fx_level_z_252,0.000585776346269995
76,B,underwater,kospi_return_1d,-0.0004569582233671099
76,B,underwater,fx_level_z_252,-0.009799410589039326
76,alpha,,kospi_return_1d,0.023913996294140816
76,alpha,,fx_level_z_252,0.04034404456615448
77,beta,momentum,,-0.02707277238368988
77,beta,persist,,0.09066230803728104
77,beta,underwater,,-0.005793437361717224
77,B,momentum,kospi_return_1d,-9.540873725200072e-05
77,B,momentum,fx_level_z_252,-0.004384924657642841
77,B,persist,kospi_return_1d,-0.0064984820783138275
77,B,persist,fx_level_z_252,0.0006057196878828108
77,B,underwater,kospi_return_1d,-0.000494574720505625
77,B,underwater,fx_level_z_252,-0.009914882481098175
77,alpha,,kospi_return_1d,0.024518568068742752
77,alpha,,fx_level_z_252,0.04021519422531128
78,beta,momentum,,-0.026693956926465034
78,beta,persist,,0.0910743698477745
78,beta,underwater,,-0.006306234281510115
78,B,momentum,kospi_return_1d,-0.0001924952957779169
78,B,momentum,fx_level_z_252,-0.004049256909638643
78,B,persist,kospi_return_1d,-0.0065308986231684685
78,B,persist,fx_level_z_252,0.0005647657089866698
78,B,underwater,kospi_return_1d,-0.0005274373688735068
78,B,underwater,fx_level_z_252,-0.01016127597540617
78,alpha,,kospi_return_1d,0.025230996310710907
78,alpha,,fx_level_z_252,0.04007627069950104
79,beta,momentum,,-0.026387009769678116
79,beta,persist,,0.09152018278837204
79,beta,underwater,,-0.0066493721678853035
79,B,momentum,kospi_return_1d,-0.00041113470797427
79,B,momentum,fx_level_z_252,-0.0037421793676912785
79,B,persist,kospi_return_1d,-0.006457132287323475
79,B,persist,fx_level_z_252,0.0004926026449538767
79,B,underwater,kospi_return_1d,-0.00041648681508377194
79,B,underwater,fx_level_z_252,-0.01034731138497591
79,alpha,,kospi_return_1d,0.025847500190138817
79,alpha,,fx_level_z_252,0.040111422538757324
80,beta,momentum,,-0.02618931606411934
80,beta,persist,,0.09199819713830948
80,beta,underwater,,-0.006798306945711374
80,B,momentum,kospi_return_1d,-0.00039319341885857284
80,B,momentum,fx_level_z_252,-0.0036192992702126503
80,B,persist,kospi_return_1d,-0.0064042191952466965
80,B,persist,fx_level_z_252,0.0005562565638683736
80,B,underwater,kospi_return_1d,-0.0004533716128207743
80,B,underwater,fx_level_z_252,-0.010237205773591995
80,alpha,,kospi_return_1d,0.026376938447356224
80,alpha,,fx_level_z_252,0.040166594088077545
81,beta,momentum,,-0.02611708827316761
81,beta,persist,,0.09250061213970184
81,beta,underwater,,-0.006768811959773302
81,B,momentum,kospi_return_1d,-0.0002627932408358902
81,B,momentum,fx_level_z_252,-0.0035769876558333635
81,B,persist,kospi_return_1d,-0.006486383266746998
81,B,persist,fx_level_z_252,0.0005365677061490715
81,B,underwater,kospi_return_1d,-0.0005484612775035203
81,B,underwater,fx_level_z_252,-0.009952303022146225
81,alpha,,kospi_return_1d,0.02668873965740204
81,alpha,,fx_level_z_252,0.04018807038664818
82,beta,momentum,,-0.026158304885029793
82,beta,persist,,0.09300561994314194
82,beta,underwater,,-0.0066702282056212425
82,B,momentum,kospi_return_1d,-5.419375520432368e-05
82,B,momentum,fx_level_z_252,-0.00351382652297616
82,B,persist,kospi_return_1d,-0.006735908333212137
82,B,persist,fx_level_z_252,0.0004652713832911104
82,B,underwater,kospi_return_1d,-0.0007821047911420465
82,B,underwater,fx_level_z_252,-0.009690604172647
82,alpha,,kospi_return_1d,0.026907620951533318
82,alpha,,fx_level_z_252,0.040142349898815155
83,beta,momentum,,-0.02630944363772869
83,beta,persist,,0.09357946366071701
83,beta,underwater,,-0.006420362275093794
83,B,momentum,kospi_return_1d,-5.453488029161235e-06
83,B,momentum,fx_level_z_252,-0.003579632379114628
83,B,persist,kospi_return_1d,-0.006954003591090441
83,B,persist,fx_level_z_252,0.0006027158815413713
83,B,underwater,kospi_return_1d,-0.0011028219014406204
83,B,underwater,fx_level_z_252,-0.00921652466058731
83,alpha,,kospi_return_1d,0.02704567275941372
83,alpha,,fx_level_z_252,0.04021672531962395
84,beta,momentum,,-0.02650134637951851
84,beta,persist,,0.09421595931053162
84,beta,underwater,,-0.006215316709131002
84,B,momentum,kospi_return_1d,-2.1867813302378636e-06
84,B,momentum,fx_level_z_252,-0.003384161740541458
84,B,persist,kospi_return_1d,-0.0071001979522407055
84,B,persist,fx_level_z_252,0.00045342303928919137
84,B,underwater,kospi_return_1d,-0.0013193211052566767
84,B,underwater,fx_level_z_252,-0.008880166336894035
84,alpha,,kospi_return_1d,0.02709834836423397
84,alpha,,fx_level_z_252,0.04027063027024269
85,beta,momentum,,-0.026599891483783722
85,beta,persist,,0.09483438730239868
85,beta,underwater,,-0.006049599498510361
85,B,momentum,kospi_return_1d,2.5008244847413152e-05
85,B,momentum,fx_level_z_252,-0.003332305233925581
85,B,persist,kospi_return_1d,-0.007309957407414913
85,B,persist,fx_level_z_252,0.00031164917163550854
85,B,underwater,kospi_return_1d,-0.0014988473849371076
85,B,underwater,fx_level_z_252,-0.008477861993014812
85,alpha,,kospi_return_1d,0.02703459933400154
85,alpha,,fx_level_z_252,0.04028221592307091
86,beta,momentum,,-0.026631534099578857
86,beta,persist,,0.09547314792871475
86,beta,underwater,,-0.005852467380464077
86,B,momentum,kospi_return_1d,8.733353024581447e-05
86,B,momentum,fx_level_z_252,-0.0033500560093671083
86,B,persist,kospi_return_1d,-0.007341925986111164
86,B,persist,fx_level_z_252,0.00025802996242418885
86,B,underwater,kospi_return_1d,-0.0016175389755517244
86,B,underwater,fx_level_z_252,-0.00814421009272337
86,alpha,,kospi_return_1d,0.0269217099994421
86,alpha,,fx_level_z_252,0.040446821600198746
87,beta,momentum,,-0.026658108457922935
87,beta,persist,,0.09612215310335159
87,beta,underwater,,-0.0057799057103693485
87,B,momentum,kospi_return_1d,-0.00023557880194857717
87,B,momentum,fx_level_z_252,-0.0034588538110256195
87,B,persist,kospi_return_1d,-0.007320015225559473
87,B,persist,fx_level_z_252,0.00012854718079324812
87,B,underwater,kospi_return_1d,-0.0016420104075223207
87,B,underwater,fx_level_z_252,-0.007904483936727047
87,alpha,,kospi_return_1d,0.02658458612859249
87,alpha,,fx_level_z_252,0.04055077210068703
88,beta,momentum,,-0.02677685022354126
88,beta,persist,,0.09673656523227692
88,beta,underwater,,-0.005752013064920902
88,B,momentum,kospi_return_1d,-0.0006349646719172597
88,B,momentum,fx_level_z_252,-0.00338448747061193
88,B,persist,kospi_return_1d,-0.007174387574195862
88,B,persist,fx_level_z_252,-8.826520206639543e-05
88,B,underwater,kospi_return_1d,-0.0015500717563554645
88,B,underwater,fx_level_z_252,-0.00781444925814867
88,alpha,,kospi_return_1d,0.026226503774523735
88,alpha,,fx_level_z_252,0.04060349240899086
89,beta,momentum,,-0.02680453658103943
89,beta,persist,,0.0972961038351059
89,beta,underwater,,-0.005654378794133663
89,B,momentum,kospi_return_1d,-0.000826980744022876
89,B,momentum,fx_level_z_252,-0.003484962973743677
89,B,persist,kospi_return_1d,-0.006985165178775787
89,B,persist,fx_level_z_252,-0.00020130915800109506
89,B,underwater,kospi_return_1d,-0.001544930157251656
89,B,underwater,fx_level_z_252,-0.007616264745593071
89,alpha,,kospi_return_1d,0.026038462296128273
89,alpha,,fx_level_z_252,0.04061224311590195
90,beta,momentum,,-0.02674500271677971
90,beta,persist,,0.09779548645019531
90,beta,underwater,,-0.005626515951007605
90,B,momentum,kospi_return_1d,-0.0009137789602391422
90,B,momentum,fx_level_z_252,-0.003664846532046795
90,B,persist,kospi_return_1d,-0.007016807794570923
90,B,persist,fx_level_z_252,-6.753198977094144e-05
90,B,underwater,kospi_return_1d,-0.0016278496477752924
90,B,underwater,fx_level_z_252,-0.007358481176197529
90,alpha,,kospi_return_1d,0.025821512565016747
90,alpha,,fx_level_z_252,0.040548715740442276
91,beta,momentum,,-0.026492202654480934
91,beta,persist,,0.09824658185243607
91,beta,underwater,,-0.0056611537002027035
91,B,momentum,kospi_return_1d,-0.000816485146060586
91,B,momentum,fx_level_z_252,-0.003909379243850708
91,B,persist,kospi_return_1d,-0.007062989287078381
91,B,persist,fx_level_z_252,0.00020464995759539306
91,B,underwater,kospi_return_1d,-0.0016553965397179127
91,B,underwater,fx_level_z_252,-0.007074275054037571
91,alpha,,kospi_return_1d,0.025763606652617455
91,alpha,,fx_level_z_252,0.04035734012722969
92,beta,momentum,,-0.026218198239803314
92,beta,persist,,0.09862150251865387
92,beta,underwater,,-0.005627007223665714
92,B,momentum,kospi_return_1d,-0.0006631618598476052
92,B,momentum,fx_level_z_252,-0.004172055516391993
92,B,persist,kospi_return_1d,-0.007041543256491423
92,B,persist,fx_level_z_252,0.00044767625513486564
92,B,underwater,kospi_return_1d,-0.001668829470872879
92,B,underwater,fx_level_z_252,-0.006739373784512281
92,alpha,,kospi_return_1d,0.025879153981804848
92,alpha,,fx_level_z_252,0.04021240025758743
93,beta,momentum,,-0.025899847969412804
93,beta,persist,,0.09899558871984482
93,beta,underwater,,-0.005500412080436945
93,B,momentum,kospi_return_1d,-0.00039707953692413867
93,B,momentum,fx_level_z_252,-0.004488067235797644
93,B,persist,kospi_return_1d,-0.0071305944584310055
93,B,persist,fx_level_z_252,0.00048500459524802864
93,B,underwater,kospi_return_1d,-0.0017273882403969765
93,B,underwater,fx_level_z_252,-0.006450562737882137
93,alpha,,kospi_return_1d,0.025980908423662186
93,alpha,,fx_level_z_252,0.04011749103665352
94,beta,momentum,,-0.0254515390843153
94,beta,persist,,0.09931392967700958
94,beta,underwater,,-0.0055767553858459
94,B,momentum,kospi_return_1d,-0.00012193262955406681
94,B,momentum,fx_level_z_252,-0.004665933549404144
94,B,persist,kospi_return_1d,-0.007222041953355074
94,B,persist,fx_level_z_252,0.0005775780882686377
94,B,underwater,kospi_return_1d,-0.0015714195324108005
94,B,underwater,fx_level_z_252,-0.006217784248292446
94,alpha,,kospi_return_1d,0.026181796565651894
94,alpha,,fx_level_z_252,0.03988572955131531
95,beta,momentum,,-0.025020111352205276
95,beta,persist,,0.09953191131353378
95,beta,underwater,,-0.0058406866155564785
95,B,momentum,kospi_return_1d,1.2838369002565742e-05
95,B,momentum,fx_level_z_252,-0.0045616524294018745
95,B,persist,kospi_return_1d,-0.007295877672731876
95,B,persist,fx_level_z_252,0.000671995454467833
95,B,underwater,kospi_return_1d,-0.0014076493680477142
95,B,underwater,fx_level_z_252,-0.006133278366178274
95,alpha,,kospi_return_1d,0.02662413753569126
95,alpha,,fx_level_z_252,0.03953269496560097
96,beta,momentum,,-0.02468915469944477
96,beta,persist,,0.09980175644159317
96,beta,underwater,,-0.0060890307649970055
96,B,momentum,kospi_return_1d,6.829464837210253e-05
96,B,momentum,fx_level_z_252,-0.00438423827290535
96,B,persist,kospi_return_1d,-0.0075211301445961
96,B,persist,fx_level_z_252,0.0006365224253386259
96,B,underwater,kospi_return_1d,-0.0011870560701936483
96,B,underwater,fx_level_z_252,-0.006101548671722412
96,alpha,,kospi_return_1d,0.026982063427567482
96,alpha,,fx_level_z_252,0.039328720420598984
97,beta,momentum,,-0.02454797923564911
97,beta,persist,,0.1000630110502243
97,beta,underwater,,-0.006155272945761681
97,B,momentum,kospi_return_1d,6.738070078426972e-05
97,B,momentum,fx_level_z_252,-0.004131916910409927
97,B,persist,kospi_return_1d,-0.007864383980631828
97,B,persist,fx_level_z_252,0.0007712458027526736
97,B,underwater,kospi_return_1d,-0.0011433581821620464
97,B,underwater,fx_level_z_252,-0.005994116887450218
97,alpha,,kospi_return_1d,0.027449147775769234
97,alpha,,fx_level_z_252,0.039308011531829834
98,beta,momentum,,-0.024363048374652863
98,beta,persist,,0.10026407986879349
98,beta,underwater,,-0.006240420509129763
98,B,momentum,kospi_return_1d,4.240647831466049e-05
98,B,momentum,fx_level_z_252,-0.0038783757481724024
98,B,persist,kospi_return_1d,-0.008110884577035904
98,B,persist,fx_level_z_252,0.0007811525138095021
98,B,underwater,kospi_return_1d,-0.0010992330498993397
98,B,underwater,fx_level_z_252,-0.00599046191200614
98,alpha,,kospi_return_1d,0.027969922870397568
98,alpha,,fx_level_z_252,0.03921856731176376
99,beta,momentum,,-0.024157656356692314
99,beta,persist,,0.10045033693313599
99,beta,underwater,,-0.006448224186897278
99,B,momentum,kospi_return_1d,-0.00024238621699623764
99,B,momentum,fx_level_z_252,-0.0035339032765477896
99,B,persist,kospi_return_1d,-0.008223846554756165
99,B,persist,fx_level_z_252,0.0005598113057203591
99,B,underwater,kospi_return_1d,-0.0008760379860177636
99,B,underwater,fx_level_z_252,-0.006171167828142643
99,alpha,,kospi_return_1d,0.02846754901111126
99,alpha,,fx_level_z_252,0.03916935250163078
100,beta,momentum,,-0.02398344688117504
100,beta,persist,,0.10071544349193573
100,beta,underwater,,-0.006683386396616697
100,B,momentum,kospi_return_1d,-0.0005786334513686597
100,B,momentum,fx_level_z_252,-0.0030855347868055105
100,B,persist,kospi_return_1d,-0.008029615506529808
100,B,persist,fx_level_z_252,0.00021056729019619524
100,B,underwater,kospi_return_1d,-0.000582930981181562
100,B,underwater,fx_level_z_252,-0.006441548466682434
100,alpha,,kospi_return_1d,0.02876916155219078
100,alpha,,fx_level_z_252,0.03917791694402695
101,beta,momentum,,-0.02383221499621868
101,beta,persist,,0.10095930844545364
101,beta,underwater,,-0.006918235681951046
101,B,momentum,kospi_return_1d,-0.0005827972199767828
101,B,momentum,fx_level_z_252,-0.0026892279274761677
101,B,persist,kospi_return_1d,-0.007950987666845322
101,B,persist,fx_level_z_252,-5.245201464276761e-05
101,B,underwater,kospi_return_1d,-0.0004601383116096258
101,B,underwater,fx_level_z_252,-0.006647051777690649
101,alpha,,kospi_return_1d,0.02899371273815632
101,alpha,,fx_level_z_252,0.03931357339024544
102,beta,momentum,,-0.023803481832146645
102,beta,persist,,0.10118944942951202
102,beta,underwater,,-0.00714162876829505
102,B,momentum,kospi_return_1d,-0.0005694719147868454
102,B,momentum,fx_level_z_252,-0.0022989697754383087
102,B,persist,kospi_return_1d,-0.007806542795151472
102,B,persist,fx_level_z_252,-0.00018466264009475708
102,B,underwater,kospi_return_1d,-0.00027401946135796607
102,B,underwater,fx_level_z_252,-0.006776748690754175
102,alpha,,kospi_return_1d,0.0292737428098917
102,alpha,,fx_level_z_252,0.03940095379948616
103,beta,momentum,,-0.023862116038799286
103,beta,persist,,0.10142391175031662
103,beta,underwater,,-0.0072725447826087475
103,B,momentum,kospi_return_1d,-0.0007226173765957355
103,B,momentum,fx_level_z_252,-0.001991956029087305
103,B,persist,kospi_return_1d,-0.0076754954643547535
103,B,persist,fx_level_z_252,-0.0001846929226303473
103,B,underwater,kospi_return_1d,-9.41429752856493e-05
103,B,underwater,fx_level_z_252,-0.006811685860157013
103,alpha,,kospi_return_1d,0.029593918472528458
103,alpha,,fx_level_z_252,0.03954445570707321
104,beta,momentum,,-0.023960942402482033
104,beta,persist,,0.1017126590013504
104,beta,underwater,,-0.007431614212691784
104,B,momentum,kospi_return_1d,-0.00087537313811481
104,B,momentum,fx_level_z_252,-0.0016313113737851381
104,B,persist,kospi_return_1d,-0.0074979392811656
104,B,persist,fx_level_z_252,-6.781573756597936e-05
104,B,underwater,kospi_return_1d,-8.33482772577554e-06
104,B,underwater,fx_level_z_252,-0.0068158651702106
104,alpha,,kospi_return_1d,0.029817424714565277
104,alpha,,fx_level_z_252,0.039660319685935974
105,beta,momentum,,-0.024102356284856796
105,beta,persist,,0.10207207500934601
105,beta,underwater,,-0.0073751951567828655
105,B,momentum,kospi_return_1d,-0.0008298762841150165
105,B,momentum,fx_level_z_252,-0.0014696313301101327
105,B,persist,kospi_return_1d,-0.007509332615882158
105,B,persist,fx_level_z_252,0.0001756024284986779
105,B,underwater,kospi_return_1d,-0.00037347720353864133
105,B,underwater,fx_level_z_252,-0.006634228862822056
105,alpha,,kospi_return_1d,0.0297511238604784
105,alpha,,fx_level_z_252,0.03992076218128204
106,beta,momentum,,-0.024213483557105064
106,beta,persist,,0.10242405533790588
106,beta,underwater,,-0.007208187133073807
106,B,momentum,kospi_return_1d,-0.0005506426678039134
106,B,momentum,fx_level_z_252,-0.0013831584947183728
106,B,persist,kospi_return_1d,-0.007801972329616547
106,B,persist,fx_level_z_252,0.0005526155582629144
106,B,underwater,kospi_return_1d,-0.0009971086401492357
106,B,underwater,fx_level_z_252,-0.006274922750890255
106,alpha,,kospi_return_1d,0.029816091060638428
106,alpha,,fx_level_z_252,0.04022868350148201
107,beta,momentum,,-0.024410799145698547
107,beta,persist,,0.10272861272096634
107,beta,underwater,,-0.007148949895054102
107,B,momentum,kospi_return_1d,-0.0005422814283519983
107,B,momentum,fx_level_z_252,-0.0013248745817691088
107,B,persist,kospi_return_1d,-0.008152150548994541
107,B,persist,fx_level_z_252,0.000930077163502574
107,B,underwater,kospi_return_1d,-0.0014928104355931282
107,B,underwater,fx_level_z_252,-0.005850388202816248
107,alpha,,kospi_return_1d,0.02988206036388874
107,alpha,,fx_level_z_252,0.04040208086371422
108,beta,momentum,,-0.024567579850554466
108,beta,persist,,0.10302536934614182
108,beta,underwater,,-0.007114958018064499
108,B,momentum,kospi_return_1d,-0.0007203679997473955
108,B,momentum,fx_level_z_252,-0.0013684674631804228
108,B,persist,kospi_return_1d,-0.00826102402061224
108,B,persist,fx_level_z_252,0.0012537366710603237
108,B,underwater,kospi_return_1d,-0.0017813484882935882
108,B,underwater,fx_level_z_252,-0.0053892582654953
108,alpha,,kospi_return_1d,0.029907476156949997
108,alpha,,fx_level_z_252,0.04061425104737282
109,beta,momentum,,-0.0245942622423172
109,beta,persist,,0.10325746983289719
109,beta,underwater,,-0.00722758611664176
109,B,momentum,kospi_return_1d,-0.0007617693627253175
109,B,momentum,fx_level_z_252,-0.001364994328469038
109,B,persist,kospi_return_1d,-0.008268404752016068
109,B,persist,fx_level_z_252,0.0015004276065155864
109,B,underwater,kospi_return_1d,-0.0020488305017352104
109,B,underwater,fx_level_z_252,-0.005140183959156275
109,alpha,,kospi_return_1d,0.030029749497771263
109,alpha,,fx_level_z_252,0.040702417492866516
110,beta,momentum,,-0.024625256657600403
110,beta,persist,,0.10346177965402603
110,beta,underwater,,-0.007313103880733252
110,B,momentum,kospi_return_1d,-0.0008173553505912423
110,B,momentum,fx_level_z_252,-0.0014149057678878307
110,B,persist,kospi_return_1d,-0.008294372819364071
110,B,persist,fx_level_z_252,0.0016160549130290747
110,B,underwater,kospi_return_1d,-0.0022632272448390722
110,B,underwater,fx_level_z_252,-0.004907596856355667
110,alpha,,kospi_return_1d,0.030291350558400154
110,alpha,,fx_level_z_252,0.040703028440475464
111,beta,momentum,,-0.02465774491429329
111,beta,persist,,0.10367992520332336
111,beta,underwater,,-0.007371966727077961
111,B,momentum,kospi_return_1d,-0.0006393487565219402
111,B,momentum,fx_level_z_252,-0.0014498716918751597
111,B,persist,kospi_return_1d,-0.008318879641592503
111,B,persist,fx_level_z_252,0.0017430197913199663
111,B,underwater,kospi_return_1d,-0.002488142577931285
111,B,underwater,fx_level_z_252,-0.004704260732978582
111,alpha,,kospi_return_1d,0.03047042340040207
111,alpha,,fx_level_z_252,0.04071453586220741
112,beta,momentum,,-0.024584973230957985
112,beta,persist,,0.10391439497470856
112,beta,underwater,,-0.007422926835715771
112,B,momentum,kospi_return_1d,-0.000498889887239784
112,B,momentum,fx_level_z_252,-0.0013812262332066894
112,B,persist,kospi_return_1d,-0.008343483321368694
112,B,persist,fx_level_z_252,0.0018157378071919084
112,B,underwater,kospi_return_1d,-0.002708959160372615
112,B,underwater,fx_level_z_252,-0.0045440723188221455
112,alpha,,kospi_return_1d,0.030612844973802567
112,alpha,,fx_level_z_252,0.040865208953619
113,beta,momentum,,-0.024534376338124275
113,beta,persist,,0.10419081896543503
113,beta,underwater,,-0.007463589310646057
113,B,momentum,kospi_return_1d,-0.00036677432944998145
113,B,momentum,fx_level_z_252,-0.0014222991885617375
113,B,persist,kospi_return_1d,-0.008319291286170483
113,B,persist,fx_level_z_252,0.0016931201098486781
113,B,underwater,kospi_return_1d,-0.0028916148003190756
113,B,underwater,fx_level_z_252,-0.004369216039776802
113,alpha,,kospi_return_1d,0.030715880915522575
113,alpha,,fx_level_z_252,0.040881410241127014
114,beta,momentum,,-0.02448168769478798
114,beta,persist,,0.10446766018867493
114,beta,underwater,,-0.007560277823358774
114,B,momentum,kospi_return_1d,-0.0004627666203305125
114,B,momentum,fx_level_z_252,-0.001333508756943047
114,B,persist,kospi_return_1d,-0.008195672184228897
114,B,persist,fx_level_z_252,0.0014578213449567556
114,B,underwater,kospi_return_1d,-0.0029217179398983717
114,B,underwater,fx_level_z_252,-0.004244430921971798
114,alpha,,kospi_return_1d,0.03086830861866474
114,alpha,,fx_level_z_252,0.04082060232758522
115,beta,momentum,,-0.024193163961172104
115,beta,persist,,0.10468576103448868
115,beta,underwater,,-0.007721541449427605
115,B,momentum,kospi_return_1d,-0.0004473920853342861
115,B,momentum,fx_level_z_252,-0.0013916698517277837
115,B,persist,kospi_return_1d,-0.00817809533327818
115,B,persist,fx_level_z_252,0.0013746152399107814
115,B,underwater,kospi_return_1d,-0.002885516732931137
115,B,underwater,fx_level_z_252,-0.004153204616159201
115,alpha,,kospi_return_1d,0.03102302737534046
115,alpha,,fx_level_z_252,0.04077797010540962
116,beta,momentum,,-0.023908549919724464
116,beta,persist,,0.10490234941244125
116,beta,underwater,,-0.007972441613674164
116,B,momentum,kospi_return_1d,-0.0005958301480859518
116,B,momentum,fx_level_z_252,-0.0013649393804371357
116,B,persist,kospi_return_1d,-0.008170602843165398
116,B,persist,fx_level_z_252,0.0012970558600500226
116,B,underwater,kospi_return_1d,-0.002646992914378643
116,B,underwater,fx_level_z_252,-0.004172619432210922
116,alpha,,kospi_return_1d,0.03124123066663742
116,alpha,,fx_level_z_252,0.04079963266849518
117,beta,momentum,,-0.02377351187169552
117,beta,persist,,0.10517334938049316
117,beta,underwater,,-0.008097815327346325
117,B,momentum,kospi_return_1d,-0.0006580480257980525
117,B,momentum,fx_level_z_252,-0.0012140838662162423
117,B,persist,kospi_return_1d,-0.008292365819215775
117,B,persist,fx_level_z_252,0.0012797380331903696
117,B,underwater,kospi_return_1d,-0.002409932902082801
117,B,underwater,fx_level_z_252,-0.004163715522736311
117,alpha,,kospi_return_1d,0.03138876333832741
117,alpha,,fx_level_z_252,0.04078570008277893
118,beta,momentum,,-0.02373942732810974
118,beta,persist,,0.10545750707387924
118,beta,underwater,,-0.008282124996185303
118,B,momentum,kospi_return_1d,-0.0006902585737407207
118,B,momentum,fx_level_z_252,-0.0010937141487374902
118,B,persist,kospi_return_1d,-0.008403643034398556
118,B,persist,fx_level_z_252,0.0012855894165113568
118,B,underwater,kospi_return_1d,-0.002226324984803796
118,B,underwater,fx_level_z_252,-0.004038483835756779
118,alpha,,kospi_return_1d,0.03153543546795845
118,alpha,,fx_level_z_252,0.04074417054653168
119,beta,momentum,,-0.023741984739899635
119,beta,persist,,0.1056193932890892
119,beta,underwater,,-0.008477574214339256
119,B,momentum,kospi_return_1d,-0.0007728813798166811
119,B,momentum,fx_level_z_252,-0.0009744791314005852
119,B,persist,kospi_return_1d,-0.008445761166512966
119,B,persist,fx_level_z_252,0.00123912887647748
119,B,underwater,kospi_return_1d,-0.0019842784386128187
119,B,underwater,fx_level_z_252,-0.003950898069888353
119,alpha,,kospi_return_1d,0.03188040852546692
119,alpha,,fx_level_z_252,0.04069565609097481
120,beta,momentum,,-0.023807287216186523
120,beta,persist,,0.10578060895204544
120,beta,underwater,,-0.008644893765449524
120,B,momentum,kospi_return_1d,-0.0008706023800186813
120,B,momentum,fx_level_z_252,-0.0007088491693139076
120,B,persist,kospi_return_1d,-0.008372348733246326
120,B,persist,fx_level_z_252,0.0010472126305103302
120,B,underwater,kospi_return_1d,-0.0017380047356709838
120,B,underwater,fx_level_z_252,-0.004008877091109753
120,alpha,,kospi_return_1d,0.032297566533088684
120,alpha,,fx_level_z_252,0.040745094418525696
121,beta,momentum,,-0.023817285895347595
121,beta,persist,,0.10592520982027054
121,beta,underwater,,-0.008846001699566841
121,B,momentum,kospi_return_1d,-0.0009158839820884168
121,B,momentum,fx_level_z_252,-0.0004606759175658226
121,B,persist,kospi_return_1d,-0.008362733758985996
121,B,persist,fx_level_z_252,0.000662781938444823
121,B,underwater,kospi_return_1d,-0.0015910903457552195
121,B,underwater,fx_level_z_252,-0.004093430936336517
121,alpha,,kospi_return_1d,0.032653965055942535
121,alpha,,fx_level_z_252,0.04076303914189339
122,beta,momentum,,-0.023813854902982712
122,beta,persist,,0.1060904785990715
122,beta,underwater,,-0.008846032433211803
122,B,momentum,kospi_return_1d,-0.001092542428523302
122,B,momentum,fx_level_z_252,-0.0003305763239040971
122,B,persist,kospi_return_1d,-0.00835987739264965
122,B,persist,fx_level_z_252,0.00033012707717716694
122,B,underwater,kospi_return_1d,-0.0014702946646139026
122,B,underwater,fx_level_z_252,-0.004090540111064911
122,alpha,,kospi_return_1d,0.03283028304576874
122,alpha,,fx_level_z_252,0.040806692093610764
123,beta,momentum,,-0.02383655682206154
123,beta,persist,,0.10624890774488449
123,beta,underwater,,-0.008864053525030613
123,B,momentum,kospi_return_1d,-0.001302911899983883
123,B,momentum,fx_level_z_252,-0.00014999261475168169
123,B,persist,kospi_return_1d,-0.008324503898620605
123,B,persist,fx_level_z_252,-1.2314936611801386e-05
123,B,underwater,kospi_return_1d,-0.0014353727456182241
123,B,underwater,fx_level_z_252,-0.004127482883632183
123,alpha,,kospi_return_1d,0.03299466893076897
123,alpha,,fx_level_z_252,0.04082405939698219
124,beta,momentum,,-0.024013841524720192
124,beta,persist,,0.10644509643316269
124,beta,underwater,,-0.008839104324579239
124,B,momentum,kospi_return_1d,-0.0014244316844269633
124,B,momentum,fx_level_z_252,1.5414698282256722e-05
124,B,persist,kospi_return_1d,-0.008360633626580238
124,B,persist,fx_level_z_252,-0.00018068865756504238
124,B,underwater,kospi_return_1d,-0.001389952376484871
124,B,underwater,fx_level_z_252,-0.004145850893110037
124,alpha,,kospi_return_1d,0.03314443677663803
124,alpha,,fx_level_z_252,0.04086276516318321
125,beta,momentum,,-0.024250585585832596
125,beta,persist,,0.10662531107664108
125,beta,underwater,,-0.008690237067639828
125,B,momentum,kospi_return_1d,-0.0015039260033518076
125,B,momentum,fx_level_z_252,-5.647729631164111e-05
125,B,persist,kospi_return_1d,-0.008641756139695644
125,B,persist,fx_level_z_252,0.00010570885933702812
125,B,underwater,kospi_return_1d,-0.0014648695942014456
125,B,underwater,fx_level_z_252,-0.003924206364899874
125,alpha,,kospi_return_1d,0.0331961065530777
125,alpha,,fx_level_z_252,0.0409574918448925
126,beta,momentum,,-0.024400465190410614
126,beta,persist,,0.10674305260181427
126,beta,underwater,,-0.008620144799351692
126,B,momentum,kospi_return_1d,-0.0015632107388228178
126,B,momentum,fx_level_z_252,-5.933755892328918e-05
126,B,persist,kospi_return_1d,-0.00872139073908329
126,B,persist,fx_level_z_252,0.00045998377026990056
126,B,underwater,kospi_return_1d,-0.001528874970972538
126,B,underwater,fx_level_z_252,-0.003769130911678076
126,alpha,,kospi_return_1d,0.03336307406425476
126,alpha,,fx_level_z_252,0.04099240154027939
127,beta,momentum,,-0.024523532018065453
127,beta,persist,,0.10691167414188385
127,beta,underwater,,-0.008467288687825203
127,B,momentum,kospi_return_1d,-0.001500594080425799
127,B,momentum,fx_level_z_252,-4.34966896136757e-05
127,B,persist,kospi_return_1d,-0.00886512827128172
127,B,persist,fx_level_z_252,0.0007295776740647852
127,B,underwater,kospi_return_1d,-0.001661707297898829
127,B,underwater,fx_level_z_252,-0.0034955586306750774
127,alpha,,kospi_return_1d,0.03324479982256889
127,alpha,,fx_level_z_252,0.04096430540084839
128,beta,momentum,,-0.024507051333785057
128,beta,persist,,0.1070740669965744
128,beta,underwater,,-0.008359982632100582
128,B,momentum,kospi_return_1d,-0.0014893024927005172
128,B,momentum,fx_level_z_252,-0.0001457960024708882
128,B,persist,kospi_return_1d,-0.008777671493589878
128,B,persist,fx_level_z_252,0.0010367572540417314
128,B,underwater,kospi_return_1d,-0.0016956639010459185
128,B,underwater,fx_level_z_252,-0.003232953604310751
128,alpha,,kospi_return_1d,0.03317668288946152
128,alpha,,fx_level_z_252,0.040804196149110794
129,beta,momentum,,-0.024466082453727722
129,beta,persist,,0.10729803889989853
129,beta,underwater,,-0.008216992020606995
129,B,momentum,kospi_return_1d,-0.001407917239703238
129,B,momentum,fx_level_z_252,-0.00017280392057728022
129,B,persist,kospi_return_1d,-0.008563006296753883
129,B,persist,fx_level_z_252,0.0012797224335372448
129,B,underwater,kospi_return_1d,-0.0016973776509985328
129,B,underwater,fx_level_z_252,-0.002951478585600853
129,alpha,,kospi_return_1d,0.033033743500709534
129,alpha,,fx_level_z_252,0.04065488278865814
130,beta,momentum,,-0.02425452508032322
130,beta,persist,,0.10740038752555847
130,beta,underwater,,-0.008222502656280994
130,B,momentum,kospi_return_1d,-0.0013008821988478303
130,B,momentum,fx_level_z_252,-0.0004755840636789799
130,B,persist,kospi_return_1d,-0.008362369611859322
130,B,persist,fx_level_z_252,0.0016377945430576801
130,B,underwater,kospi_return_1d,-0.0016585317207500339
130,B,underwater,fx_level_z_252,-0.0026608752086758614
130,alpha,,kospi_return_1d,0.033023227006196976
130,alpha,,fx_level_z_252,0.040377553552389145
131,beta,momentum,,-0.024115506559610367
131,beta,persist,,0.10749708861112595
131,beta,underwater,,-0.00833093374967575
131,B,momentum,kospi_return_1d,-0.0011697320733219385
131,B,momentum,fx_level_z_252,-0.0006126832449808717
131,B,persist,kospi_return_1d,-0.00818534567952156
131,B,persist,fx_level_z_252,0.0017594970995560288
131,B,underwater,kospi_return_1d,-0.0014987190952524543
131,B,underwater,fx_level_z_252,-0.0025517737958580256
131,alpha,,kospi_return_1d,0.03309670463204384
131,alpha,,fx_level_z_252,0.040159277617931366
132,beta,momentum,,-0.023914964869618416
132,beta,persist,,0.10758940130472183
132,beta,underwater,,-0.008505926467478275
132,B,momentum,kospi_return_1d,-0.0011690541869029403
132,B,momentum,fx_level_z_252,-0.0007894543814472854
132,B,persist,kospi_return_1d,-0.008029757998883724
132,B,persist,fx_level_z_252,0.0017872726311907172
132,B,underwater,kospi_return_1d,-0.0013336482224985957
132,B,underwater,fx_level_z_252,-0.0024788568262010813
132,alpha,,kospi_return_1d,0.03312235325574875
132,alpha,,fx_level_z_252,0.0398000068962574
133,beta,momentum,,-0.02370845340192318
133,beta,persist,,0.10765843838453293
133,beta,underwater,,-0.008724433369934559
133,B,momentum,kospi_return_1d,-0.0011360051576048136
133,B,momentum,fx_level_z_252,-0.0009631073335185647
133,B,persist,kospi_return_1d,-0.00786769948899746
133,B,persist,fx_level_z_252,0.0015775568317621946
133,B,underwater,kospi_return_1d,-0.001125382841564715
133,B,underwater,fx_level_z_252,-0.0024556894786655903
133,alpha,,kospi_return_1d,0.03318970650434494
133,alpha,,fx_level_z_252,0.03952104225754738
134,beta,momentum,,-0.023628246039152145
134,beta,persist,,0.10775811225175858
134,beta,underwater,,-0.008772364817559719
134,B,momentum,kospi_return_1d,-0.001067273784428835
134,B,momentum,fx_level_z_252,-0.0010247761383652687
134,B,persist,kospi_return_1d,-0.007702948059886694
134,B,persist,fx_level_z_252,0.0012917328858748078
134,B,underwater,kospi_return_1d,-0.000996752642095089
134,B,underwater,fx_level_z_252,-0.0025261903647333384
134,alpha,,kospi_return_1d,0.033245619386434555
134,alpha,,fx_level_z_252,0.0394209623336792
135,beta,momentum,,-0.02356826514005661
135,beta,persist,,0.10778256505727768
135,beta,underwater,,-0.008832651190459728
135,B,momentum,kospi_return_1d,-0.0009475586703047156
135,B,momentum,fx_level_z_252,-0.0010583458933979273
135,B,persist,kospi_return_1d,-0.007718522567301989
135,B,persist,fx_level_z_252,0.001106770010665059
135,B,underwater,kospi_return_1d,-0.0010567681165412068
135,B,underwater,fx_level_z_252,-0.0025918185710906982
135,alpha,,kospi_return_1d,0.033276233822107315
135,alpha,,fx_level_z_252,0.039367422461509705
136,beta,momentum,,-0.023504041135311127
136,beta,persist,,0.10786398500204086
136,beta,underwater,,-0.008956932462751865
136,B,momentum,kospi_return_1d,-0.0009345554281026125
136,B,momentum,fx_level_z_252,-0.0010930780554190278
136,B,persist,kospi_return_1d,-0.007727361284196377
136,B,persist,fx_level_z_252,0.0009032561210915446
136,B,underwater,kospi_return_1d,-0.0009631384164094925
136,B,underwater,fx_level_z_252,-0.002660862635821104
136,alpha,,kospi_return_1d,0.03321067616343498
136,alpha,,fx_level_z_252,0.03926967456936836
137,beta,momentum,,-0.023464731872081757
137,beta,persist,,0.10801108926534653
137,beta,underwater,,-0.009146238677203655
137,B,momentum,kospi_return_1d,-0.0008878701482899487
137,B,momentum,fx_level_z_252,-0.0010718958219513297
137,B,persist,kospi_return_1d,-0.007831276394426823
137,B,persist,fx_level_z_252,0.0006554045830853283
137,B,underwater,kospi_return_1d,-0.0007693791994825006
137,B,underwater,fx_level_z_252,-0.0027674073353409767
137,alpha,,kospi_return_1d,0.03311228007078171
137,alpha,,fx_level_z_252,0.03920949995517731
138,beta,momentum,,-0.023498838767409325
138,beta,persist,,0.10815856605768204
138,beta,underwater,,-0.009279197081923485
138,B,momentum,kospi_return_1d,-0.0006295058410614729
138,B,momentum,fx_level_z_252,-0.0012471765512600541
138,B,persist,kospi_return_1d,-0.00802614912390709
138,B,persist,fx_level_z_252,0.0004302223678678274
138,B,underwater,kospi_return_1d,-0.0007317804847843945
138,B,underwater,fx_level_z_252,-0.002714933827519417
138,alpha,,kospi_return_1d,0.03296040743589401
138,alpha,,fx_level_z_252,0.03913814574480057
139,beta,momentum,,-0.02344588004052639
139,beta,persist,,0.1082453802227974
139,beta,underwater,,-0.00938020646572113
139,B,momentum,kospi_return_1d,-0.0003823706938419491
139,B,momentum,fx_level_z_252,-0.0016434515127912164
139,B,persist,kospi_return_1d,-0.008173766545951366
139,B,persist,fx_level_z_252,0.00030966236954554915
139,B,underwater,kospi_return_1d,-0.00073800835525617
139,B,underwater,fx_level_z_252,-0.002502020914107561
139,alpha,,kospi_return_1d,0.03295944631099701
139,alpha,,fx_level_z_252,0.03907471150159836
140,beta,momentum,,-0.02356785535812378
140,beta,persist,,0.10837944597005844
140,beta,underwater,,-0.009271050803363323
140,B,momentum,kospi_return_1d,-0.00021467194892466068
140,B,momentum,fx_level_z_252,-0.0017076422227546573
140,B,persist,kospi_return_1d,-0.00830201804637909
140,B,persist,fx_level_z_252,0.00012449407950043678
140,B,underwater,kospi_return_1d,-0.0007385181379504502
140,B,underwater,fx_level_z_252,-0.002308099064975977
140,alpha,,kospi_return_1d,0.03284890204668045
140,alpha,,fx_level_z_252,0.0391121581196785
141,beta,momentum,,-0.02357914112508297
141,beta,persist,,0.10838522017002106
141,beta,underwater,,-0.009226245805621147
141,B,momentum,kospi_return_1d,3.335238579893485e-05
141,B,momentum,fx_level_z_252,-0.0018317208159714937
141,B,persist,kospi_return_1d,-0.008380703628063202
141,B,persist,fx_level_z_252,2.8250091418158263e-05
141,B,underwater,kospi_return_1d,-0.0007991251768544316
141,B,underwater,fx_level_z_252,-0.0021623740904033184
141,alpha,,kospi_return_1d,0.03294749557971954
141,alpha,,fx_level_z_252,0.03908414766192436
142,beta,momentum,,-0.023679055273532867
142,beta,persist,,0.108413927257061
142,beta,underwater,,-0.00912513304501772
142,B,momentum,kospi_return_1d,8.830482693156227e-05
142,B,momentum,fx_level_z_252,-0.0019230114994570613
142,B,persist,kospi_return_1d,-0.008301371708512306
142,B,persist,fx_level_z_252,-1.6332902305293828e-05
142,B,underwater,kospi_return_1d,-0.0008528249454684556
142,B,underwater,fx_level_z_252,-0.0020227553322911263
142,alpha,,kospi_return_1d,0.03309740871191025
142,alpha,,fx_level_z_252,0.0391240194439888
143,beta,momentum,,-0.023745600134134293
143,beta,persist,,0.10838371515274048
143,beta,underwater,,-0.009067477658390999
143,B,momentum,kospi_return_1d,0.00012505173799581826
143,B,momentum,fx_level_z_252,-0.001888209255412221
143,B,persist,kospi_return_1d,-0.008159415796399117
143,B,persist,fx_level_z_252,0.0002470671315677464
143,B,underwater,kospi_return_1d,-0.0009326018043793738
143,B,underwater,fx_level_z_252,-0.0019223797135055065
143,alpha,,kospi_return_1d,0.033286456018686295
143,alpha,,fx_level_z_252,0.03927256539463997
144,beta,momentum,,-0.023802462965250015
144,beta,persist,,0.10841056704521179
144,beta,underwater,,-0.008924462832510471
144,B,momentum,kospi_return_1d,-3.66124149877578e-05
144,B,momentum,fx_level_z_252,-0.0018767312867566943
144,B,persist,kospi_return_1d,-0.008024162612855434
144,B,persist,fx_level_z_252,0.0004460558411665261
144,B,underwater,kospi_return_1d,-0.0011055959621444345
144,B,underwater,fx_level_z_252,-0.0019067113753408194
144,alpha,,kospi_return_1d,0.03340420871973038
144,alpha,,fx_level_z_252,0.03957352042198181
145,beta,momentum,,-0.023763762786984444
145,beta,persist,,0.10844831168651581
145,beta,underwater,,-0.008823789656162262
145,B,momentum,kospi_return_1d,3.297928560641594e-05
145,B,momentum,fx_level_z_252,-0.0019962494261562824
145,B,persist,kospi_return_1d,-0.008092068135738373
145,B,persist,fx_level_z_252,0.0007110826554708183
145,B,underwater,kospi_return_1d,-0.001513854367658496
145,B,underwater,fx_level_z_252,-0.0019245289731770754
145,alpha,,kospi_return_1d,0.033584270626306534
145,alpha,,fx_level_z_252,0.039900511503219604
146,beta,momentum,,-0.02369389869272709
146,beta,persist,,0.10852393507957458
146,beta,underwater,,-0.008857850916683674
146,B,momentum,kospi_return_1d,6.997451237111818e-06
146,B,momentum,fx_level_z_252,-0.00202291295863688
146,B,persist,kospi_return_1d,-0.00823262333869934
146,B,persist,fx_level_z_252,0.0009338923264294863
146,B,underwater,kospi_return_1d,-0.0019005794310942292
146,B,underwater,fx_level_z_252,-0.002000532578676939
146,alpha,,kospi_return_1d,0.0335937961935997
146,alpha,,fx_level_z_252,0.04009658098220825
147,beta,momentum,,-0.023704323917627335
147,beta,persist,,0.10867931693792343
147,beta,underwater,,-0.008813964203000069
147,B,momentum,kospi_return_1d,-0.00013147651043254882
147,B,momentum,fx_level_z_252,-0.0020837215706706047
147,B,persist,kospi_return_1d,-0.008332628756761551
147,B,persist,fx_level_z_252,0.0012427468318492174
147,B,underwater,kospi_return_1d,-0.0022229659371078014
147,B,underwater,fx_level_z_252,-0.0019377311691641808
147,alpha,,kospi_return_1d,0.033471595495939255
147,alpha,,fx_level_z_252,0.04025372117757797
148,beta,momentum,,-0.023693734779953957
148,beta,persist,,0.10882667452096939
148,beta,underwater,,-0.008871298283338547
148,B,momentum,kospi_return_1d,-0.00027720967773348093
148,B,momentum,fx_level_z_252,-0.0019471606938168406
148,B,persist,kospi_return_1d,-0.008409409783780575
148,B,persist,fx_level_z_252,0.0014545213198289275
148,B,underwater,kospi_return_1d,-0.0023573145736008883
148,B,underwater,fx_level_z_252,-0.0020637460984289646
148,alpha,,kospi_return_1d,0.033333465456962585
148,alpha,,fx_level_z_252,0.04043220728635788
149,beta,momentum,,-0.023705346509814262
149,beta,persist,,0.10902471095323563
149,beta,underwater,,-0.008998945355415344
149,B,momentum,kospi_return_1d,-0.0006550228572450578
149,B,momentum,fx_level_z_252,-0.0016718894476071
149,B,persist,kospi_return_1d,-0.008280901238322258
149,B,persist,fx_level_z_252,0.0015539756277576089
149,B,underwater,kospi_return_1d,-0.002237651264294982
149,B,underwater,fx_level_z_252,-0.0022899876348674297
149,alpha,,kospi_return_1d,0.03326534852385521
149,alpha,,fx_level_z_252,0.04059108346700668
150,beta,momentum,,-0.023651178926229477
150,beta,persist,,0.10923969000577927
150,beta,underwater,,-0.009163095615804195
150,B,momentum,kospi_return_1d,-0.0008638324216008186
150,B,momentum,fx_level_z_252,-0.0016004060162231326
150,B,persist,kospi_return_1d,-0.008219245821237564
150,B,persist,fx_level_z_252,0.0015480630099773407
150,B,underwater,kospi_return_1d,-0.002099256496876478
150,B,underwater,fx_level_z_252,-0.0023949039168655872
150,alpha,,kospi_return_1d,0.03318053483963013
150,alpha,,fx_level_z_252,0.04065707325935364
151,beta,momentum,,-0.023637989535927773
151,beta,persist,,0.10940141975879669
151,beta,underwater,,-0.009455478750169277
151,B,momentum,kospi_return_1d,-0.0012462625745683908
151,B,momentum,fx_level_z_252,-0.0016787283821031451
151,B,persist,kospi_return_1d,-0.008167619816958904
151,B,persist,fx_level_z_252,0.00145154376514256
151,B,underwater,kospi_return_1d,-0.0018223444931209087
151,B,underwater,fx_level_z_252,-0.002406724961474538
151,alpha,,kospi_return_1d,0.03309671953320503
151,alpha,,fx_level_z_252,0.04060310870409012
152,beta,momentum,,-0.02350238710641861
152,beta,persist,,0.10942354798316956
152,beta,underwater,,-0.009862110950052738
152,B,momentum,kospi_return_1d,-0.0015183239011093974
152,B,momentum,fx_level_z_252,-0.0016662264242768288
152,B,persist,kospi_return_1d,-0.008103790692985058
152,B,persist,fx_level_z_252,0.001461931737139821
152,B,underwater,kospi_return_1d,-0.001574066816829145
152,B,underwater,fx_level_z_252,-0.0025111758150160313
152,alpha,,kospi_return_1d,0.033142104744911194
152,alpha,,fx_level_z_252,0.04052593931555748
153,beta,momentum,,-0.023394696414470673
153,beta,persist,,0.10948660969734192
153,beta,underwater,,-0.01031361985951662
153,B,momentum,kospi_return_1d,-0.0019008212257176638
153,B,momentum,fx_level_z_252,-0.0015676291659474373
153,B,persist,kospi_return_1d,-0.007925929501652718
153,B,persist,fx_level_z_252,0.0013341160956770182
153,B,underwater,kospi_return_1d,-0.0012951442040503025
153,B,underwater,fx_level_z_252,-0.002711154753342271
153,alpha,,kospi_return_1d,0.03306182101368904
153,alpha,,fx_level_z_252,0.040454111993312836
154,beta,momentum,,-0.02340569905936718
154,beta,persist,,0.10956556349992752
154,beta,underwater,,-0.010516143403947353
154,B,momentum,kospi_return_1d,-0.002229618839919567
154,B,momentum,fx_level_z_252,-0.0016693557845428586
154,B,persist,kospi_return_1d,-0.007642787415534258
154,B,persist,fx_level_z_252,0.0011776112951338291
154,B,underwater,kospi_return_1d,-0.0010237419046461582
154,B,underwater,fx_level_z_252,-0.0027280726935714483
154,alpha,,kospi_return_1d,0.03304961323738098
154,alpha,,fx_level_z_252,0.04051598161458969
155,beta,momentum,,-0.02348257414996624
155,beta,persist,,0.10965708643198013
155,beta,underwater,,-0.010632856748998165
155,B,momentum,kospi_return_1d,-0.0024372704792767763
155,B,momentum,fx_level_z_252,-0.001835159957408905
155,B,persist,kospi_return_1d,-0.007436880376189947
155,B,persist,fx_level_z_252,0.0010716046672314405
155,B,underwater,kospi_return_1d,-0.0008494313224218786
155,B,underwater,fx_level_z_252,-0.002678439486771822
155,alpha,,kospi_return_1d,0.03296883776783943
155,alpha,,fx_level_z_252,0.04062990844249725
156,beta,momentum,,-0.023567261174321175
156,beta,persist,,0.10976862162351608
156,beta,underwater,,-0.010710759088397026
156,B,momentum,kospi_return_1d,-0.0025718749966472387
156,B,momentum,fx_level_z_252,-0.0018996080616489053
156,B,persist,kospi_return_1d,-0.00733209727331996
156,B,persist,fx_level_z_252,0.0009491164819337428
156,B,underwater,kospi_return_1d,-0.0006575537845492363
156,B,underwater,fx_level_z_252,-0.002616846701130271
156,alpha,,kospi_return_1d,0.03276652842760086
156,alpha,,fx_level_z_252,0.04079964756965637
157,beta,momentum,,-0.023642931133508682
157,beta,persist,,0.10986802726984024
157,beta,underwater,,-0.010944181121885777
157,B,momentum,kospi_return_1d,-0.0026615129318088293
157,B,momentum,fx_level_z_252,-0.0018233477603644133
157,B,persist,kospi_return_1d,-0.007084413897246122
157,B,persist,fx_level_z_252,0.0008826302364468575
157,B,underwater,kospi_return_1d,-0.0003919369773939252
157,B,underwater,fx_level_z_252,-0.002601716434583068
157,alpha,,kospi_return_1d,0.03251734748482704
157,alpha,,fx_level_z_252,0.04087752848863602
158,beta,momentum,,-0.023670170456171036
158,beta,persist,,0.11000525951385498
158,beta,underwater,,-0.011047620326280594
158,B,momentum,kospi_return_1d,-0.0026910349261015654
158,B,momentum,fx_level_z_252,-0.0017121911514550447
158,B,persist,kospi_return_1d,-0.00686746696010232
158,B,persist,fx_level_z_252,0.0006331156473606825
158,B,underwater,kospi_return_1d,-0.000306607224047184
158,B,underwater,fx_level_z_252,-0.0026509950403124094
158,alpha,,kospi_return_1d,0.032250192016363144
158,alpha,,fx_level_z_252,0.041024576872587204
159,beta,momentum,,-0.023519854992628098
159,beta,persist,,0.11003172397613525
159,beta,underwater,,-0.011284219101071358
159,B,momentum,kospi_return_1d,-0.002761921612545848
159,B,momentum,fx_level_z_252,-0.001824096660129726
159,B,persist,kospi_return_1d,-0.006943011190742254
159,B,persist,fx_level_z_252,0.0005142839509062469
159,B,underwater,kospi_return_1d,-0.00023070340103004128
159,B,underwater,fx_level_z_252,-0.002578491810709238
159,alpha,,kospi_return_1d,0.032286543399095535
159,alpha,,fx_level_z_252,0.04105082526803017
160,beta,momentum,,-0.023257354274392128
160,beta,persist,,0.10992453247308731
160,beta,underwater,,-0.011490919627249241
160,B,momentum,kospi_return_1d,-0.002692145062610507
160,B,momentum,fx_level_z_252,-0.00200604903511703
160,B,persist,kospi_return_1d,-0.007080141920596361
160,B,persist,fx_level_z_252,0.0006771452608518302
160,B,underwater,kospi_return_1d,-0.0003250913287047297
160,B,underwater,fx_level_z_252,-0.0024491986259818077
160,alpha,,kospi_return_1d,0.03246821090579033
160,alpha,,fx_level_z_252,0.04106809198856354
161,beta,momentum,,-0.022817807272076607
161,beta,persist,,0.10976740717887878
161,beta,underwater,,-0.011745038442313671
161,B,momentum,kospi_return_1d,-0.0025684472639113665
161,B,momentum,fx_level_z_252,-0.002296403283253312
161,B,persist,kospi_return_1d,-0.007403641007840633
161,B,persist,fx_level_z_252,0.0010560607770457864
161,B,underwater,kospi_return_1d,-0.000414225272834301
161,B,underwater,fx_level_z_252,-0.0023115752264857292
161,alpha,,kospi_return_1d,0.032603293657302856
161,alpha,,fx_level_z_252,0.04110654443502426
162,beta,momentum,,-0.022564351558685303
162,beta,persist,,0.10959165543317795
162,beta,underwater,,-0.011913422495126724
162,B,momentum,kospi_return_1d,-0.002431917004287243
162,B,momentum,fx_level_z_252,-0.002693245420232415
162,B,persist,kospi_return_1d,-0.0077509693801403046
162,B,persist,fx_level_z_252,0.0015329564921557903
162,B,underwater,kospi_return_1d,-0.000602145039010793
162,B,underwater,fx_level_z_252,-0.001914118300192058
162,alpha,,kospi_return_1d,0.03283899649977684
162,alpha,,fx_level_z_252,0.04105766490101814
163,beta,momentum,,-0.02223992720246315
163,beta,persist,,0.10936246812343597
163,beta,underwater,,-0.012125816196203232
163,B,momentum,kospi_return_1d,-0.0021906611509621143
163,B,momentum,fx_level_z_252,-0.0029662756714969873
163,B,persist,kospi_return_1d,-0.008056191727519035
163,B,persist,fx_level_z_252,0.001984936650842428
163,B,underwater,kospi_return_1d,-0.0006764372228644788
163,B,underwater,fx_level_z_252,-0.0016460000770166516
163,alpha,,kospi_return_1d,0.033195506781339645
163,alpha,,fx_level_z_252,0.041079796850681305
164,beta,momentum,,-0.021948710083961487
164,beta,persist,,0.10913006216287613
164,beta,underwater,,-0.01242915540933609
164,B,momentum,kospi_return_1d,-0.002117139520123601
164,B,momentum,fx_level_z_252,-0.003020233940333128
164,B,persist,kospi_return_1d,-0.00807702261954546
164,B,persist,fx_level_z_252,0.002287239069119096
164,B,underwater,kospi_return_1d,-0.0006354718934744596
164,B,underwater,fx_level_z_252,-0.001517060911282897
164,alpha,,kospi_return_1d,0.03348895162343979
164,alpha,,fx_level_z_252,0.041087351739406586
165,beta,momentum,,-0.021861782297492027
165,beta,persist,,0.10899145156145096
165,beta,underwater,,-0.012563599273562431
165,B,momentum,kospi_return_1d,-0.0019414195558056235
165,B,momentum,fx_level_z_252,-0.002956635318696499
165,B,persist,kospi_return_1d,-0.008051455020904541
165,B,persist,fx_level_z_252,0.002412244211882353
165,B,underwater,kospi_return_1d,-0.0005746392998844385
165,B,underwater,fx_level_z_252,-0.001373507548123598
165,alpha,,kospi_return_1d,0.033819880336523056
165,alpha,,fx_level_z_252,0.0411221943795681
166,beta,momentum,,-0.021714109927415848
166,beta,persist,,0.10885969549417496
166,beta,underwater,,-0.012738562189042568
166,B,momentum,kospi_return_1d,-0.0017025687266141176
166,B,momentum,fx_level_z_252,-0.0027388958260416985
166,B,persist,kospi_return_1d,-0.008234021253883839
166,B,persist,fx_level_z_252,0.0025147174019366503
166,B,underwater,kospi_return_1d,-0.000529552751686424
166,B,underwater,fx_level_z_252,-0.0012894017854705453
166,alpha,,kospi_return_1d,0.03401895985007286
166,alpha,,fx_level_z_252,0.04102170467376709
167,beta,momentum,,-0.02161695435643196
167,beta,persist,,0.10875921696424484
167,beta,underwater,,-0.012736796401441097
167,B,momentum,kospi_return_1d,-0.001590268686413765
167,B,momentum,fx_level_z_252,-0.002579617779701948
167,B,persist,kospi_return_1d,-0.008435854688286781
167,B,persist,fx_level_z_252,0.0025276136584579945
167,B,underwater,kospi_return_1d,-0.000658214557915926
167,B,underwater,fx_level_z_252,-0.0010329181095585227
167,alpha,,kospi_return_1d,0.03413756191730499
167,alpha,,fx_level_z_252,0.04096556082367897
168,beta,momentum,,-0.0215406883507967
168,beta,persist,,0.10876057296991348
168,beta,underwater,,-0.012722345069050789
168,B,momentum,kospi_return_1d,-0.0016967912670224905
168,B,momentum,fx_level_z_252,-0.0024553879629820585
168,B,persist,kospi_return_1d,-0.008461115881800652
168,B,persist,fx_level_z_252,0.0026386140380054712
168,B,underwater,kospi_return_1d,-0.0006581995403394103
168,B,underwater,fx_level_z_252,-0.0008283888455480337
168,alpha,,kospi_return_1d,0.03415331989526749
168,alpha,,fx_level_z_252,0.040956851094961166
169,beta,momentum,,-0.02144993096590042
169,beta,persist,,0.10883928090333939
169,beta,underwater,,-0.012724270112812519
169,B,momentum,kospi_return_1d,-0.0018893624655902386
169,B,momentum,fx_level_z_252,-0.0022979711648076773
169,B,persist,kospi_return_1d,-0.00857575424015522
169,B,persist,fx_level_z_252,0.0027906938921660185
169,B,underwater,kospi_return_1d,-0.0006483548204414546
169,B,underwater,fx_level_z_252,-0.000600295199546963
169,alpha,,kospi_return_1d,0.03404619172215462
169,alpha,,fx_level_z_252,0.04091881588101387
170,beta,momentum,,-0.021271033212542534
170,beta,persist,,0.10888241231441498
170,beta,underwater,,-0.012852497398853302
170,B,momentum,kospi_return_1d,-0.0019113685702905059
170,B,momentum,fx_level_z_252,-0.002178112743422389
170,B,persist,kospi_return_1d,-0.008874812163412571
170,B,persist,fx_level_z_252,0.002858920255675912
170,B,underwater,kospi_return_1d,-0.0007221812265925109
170,B,underwater,fx_level_z_252,-0.0003603177610784769
170,alpha,,kospi_return_1d,0.03407229483127594
170,alpha,,fx_level_z_252,0.040791552513837814
171,beta,momentum,,-0.021152406930923462
171,beta,persist,,0.10894709080457687
171,beta,underwater,,-0.013053757138550282
171,B,momentum,kospi_return_1d,-0.0019440934993326664
171,B,momentum,fx_level_z_252,-0.002056077355518937
171,B,persist,kospi_return_1d,-0.009085210040211678
171,B,persist,fx_level_z_252,0.0027460979763418436
171,B,underwater,kospi_return_1d,-0.0006494215922430158
171,B,underwater,fx_level_z_252,-0.00017291370022576302
171,alpha,,kospi_return_1d,0.03416229039430618
171,alpha,,fx_level_z_252,0.04062619060277939
172,beta,momentum,,-0.0210639126598835
172,beta,persist,,0.10902943462133408
172,beta,underwater,,-0.013214324600994587
172,B,momentum,kospi_return_1d,-0.002074353164061904
172,B,momentum,fx_level_z_252,-0.0018175423610955477
172,B,persist,kospi_return_1d,-0.009222477674484253
172,B,persist,fx_level_z_252,0.002589339390397072
172,B,underwater,kospi_return_1d,-0.0005396983469836414
172,B,underwater,fx_level_z_252,-9.247771231457591e-05
172,alpha,,kospi_return_1d,0.03423232585191727
172,alpha,,fx_level_z_252,0.04052283242344856
173,beta,momentum,,-0.020927809178829193
173,beta,persist,,0.10910363495349884
173,beta,underwater,,-0.013421301729977131
173,B,momentum,kospi_return_1d,-0.0022231140173971653
173,B,momentum,fx_level_z_252,-0.0014917574590072036
173,B,persist,kospi_return_1d,-0.009236268699169159
173,B,persist,fx_level_z_252,0.0024755599442869425
173,B,underwater,kospi_return_1d,-0.0003327305312268436
173,B,underwater,fx_level_z_252,5.650671664625406e-05
173,alpha,,kospi_return_1d,0.034289877861738205
173,alpha,,fx_level_z_252,0.040273915976285934
174,beta,momentum,,-0.020990679040551186
174,beta,persist,,0.1092555895447731
174,beta,underwater,,-0.013337356969714165
174,B,momentum,kospi_return_1d,-0.0023028310388326645
174,B,momentum,fx_level_z_252,-0.0011020083911716938
174,B,persist,kospi_return_1d,-0.009175156243145466
174,B,persist,fx_level_z_252,0.0022898984607309103
174,B,underwater,kospi_return_1d,-0.0003788921167142689
174,B,underwater,fx_level_z_252,0.0001723074383335188
174,alpha,,kospi_return_1d,0.034180909395217896
174,alpha,,fx_level_z_252,0.04017755016684532
175,beta,momentum,,-0.021297067403793335
175,beta,persist,,0.10951142013072968
175,beta,underwater,,-0.013111387379467487
175,B,momentum,kospi_return_1d,-0.0022968819830566645
175,B,momentum,fx_level_z_252,-0.0006227962439879775
175,B,persist,kospi_return_1d,-0.009169532917439938
175,B,persist,fx_level_z_252,0.002077714307233691
175,B,underwater,kospi_return_1d,-0.0005289250984787941
175,B,underwater,fx_level_z_252,0.0001043915472109802
175,alpha,,kospi_return_1d,0.03397118300199509
175,alpha,,fx_level_z_252,0.04029509052634239
176,beta,momentum,,-0.02174735814332962
176,beta,persist,,0.10973965376615524
176,beta,underwater,,-0.012653486803174019
176,B,momentum,kospi_return_1d,-0.0023560880217701197
176,B,momentum,fx_level_z_252,-0.00016694590158294886
176,B,persist,kospi_return_1d,-0.00908484123647213
176,B,persist,fx_level_z_252,0.0020309914834797382
176,B,underwater,kospi_return_1d,-0.0008263970958068967
176,B,underwater,fx_level_z_252,0.00015201706264633685
176,alpha,,kospi_return_1d,0.033599838614463806
176,alpha,,fx_level_z_252,0.04046844318509102
177,beta,momentum,,-0.022105509415268898
177,beta,persist,,0.10992813855409622
177,beta,underwater,,-0.012359808199107647
177,B,momentum,kospi_return_1d,-0.0024344276171177626
177,B,momentum,fx_level_z_252,0.0002194782136939466
177,B,persist,kospi_return_1d,-0.008789455518126488
177,B,persist,fx_level_z_252,0.0019379656296223402
177,B,underwater,kospi_return_1d,-0.0010601794347167015
177,B,underwater,fx_level_z_252,-3.375169762875885e-05
177,alpha,,kospi_return_1d,0.033354733139276505
177,alpha,,fx_level_z_252,0.04065314307808876
178,beta,momentum,,-0.022507568821310997
178,beta,persist,,0.1101386547088623
178,beta,underwater,,-0.011989571154117584
178,B,momentum,kospi_return_1d,-0.0023686164058744907
178,B,momentum,fx_level_z_252,0.0005027572624385357
178,B,persist,kospi_return_1d,-0.008640059269964695
178,B,persist,fx_level_z_252,0.0017479978268966079
178,B,underwater,kospi_return_1d,-0.0014480153331533074
178,B,underwater,fx_level_z_252,-0.00016168008733075112
178,alpha,,kospi_return_1d,0.03302336484193802
178,alpha,,fx_level_z_252,0.04091208055615425
179,beta,momentum,,-0.022899622097611427
179,beta,persist,,0.11027165502309799
179,beta,underwater,,-0.011613971553742886
179,B,momentum,kospi_return_1d,-0.0023705828934907913
179,B,momentum,fx_level_z_252,0.0005866964347660542
179,B,persist,kospi_return_1d,-0.00863051600754261
179,B,persist,fx_level_z_252,0.0017333863070234656
179,B,underwater,kospi_return_1d,-0.0019069128902629018
179,B,underwater,fx_level_z_252,-0.0001762799365678802
179,alpha,,kospi_return_1d,0.03272237628698349
179,alpha,,fx_level_z_252,0.04111161828041077
180,beta,momentum,,-0.02314702421426773
180,beta,persist,,0.11036106944084167
180,beta,underwater,,-0.011368786916136742
180,B,momentum,kospi_return_1d,-0.0025344425812363625
180,B,momentum,fx_level_z_252,0.0005800729268230498
180,B,persist,kospi_return_1d,-0.00849245861172676
180,B,persist,fx_level_z_252,0.0017502602422609925
180,B,underwater,kospi_return_1d,-0.0022666663862764835
180,B,underwater,fx_level_z_252,-0.0002369015128351748
180,alpha,,kospi_return_1d,0.0325298048555851
180,alpha,,fx_level_z_252,0.04109597206115723
181,beta,momentum,,-0.023284973576664925
181,beta,persist,,0.11045108735561371
181,beta,underwater,,-0.011140516959130764
181,B,momentum,kospi_return_1d,-0.0029398843180388212
181,B,momentum,fx_level_z_252,0.00038333600969053805
181,B,persist,kospi_return_1d,-0.00807883683592081
181,B,persist,fx_level_z_252,0.0017519600223749876
181,B,underwater,kospi_return_1d,-0.002341828541830182
181,B,underwater,fx_level_z_252,-0.00027485701139084995
181,alpha,,kospi_return_1d,0.03243587538599968
181,alpha,,fx_level_z_252,0.041122205555438995
182,beta,momentum,,-0.023426422849297523
182,beta,persist,,0.11052421480417252
182,beta,underwater,,-0.010837649926543236
182,B,momentum,kospi_return_1d,-0.0032411047723144293
182,B,momentum,fx_level_z_252,-0.0002730500418692827
182,B,persist,kospi_return_1d,-0.007898921146988869
182,B,persist,fx_level_z_252,0.0018870949279516935
182,B,underwater,kospi_return_1d,-0.002465222729369998
182,B,underwater,fx_level_z_252,-0.00021777422807645053
182,alpha,,kospi_return_1d,0.032323844730854034
182,alpha,,fx_level_z_252,0.04117296263575554
183,beta,momentum,,-0.023508388549089432
183,beta,persist,,0.11057010293006897
183,beta,underwater,,-0.010720495134592056
183,B,momentum,kospi_return_1d,-0.0033279696945101023
183,B,momentum,fx_level_z_252,-0.0007411190308630466
183,B,persist,kospi_return_1d,-0.00767064793035388
183,B,persist,fx_level_z_252,0.0018293893663212657
183,B,underwater,kospi_return_1d,-0.0025313536170870066
183,B,underwater,fx_level_z_252,-0.00035062379902228713
183,alpha,,kospi_return_1d,0.03229321539402008
183,alpha,,fx_level_z_252,0.041117291897535324
184,beta,momentum,,-0.02346487157046795
184,beta,persist,,0.11060941219329834
184,beta,underwater,,-0.010783722624182701
184,B,momentum,kospi_return_1d,-0.0034340121783316135
184,B,momentum,fx_level_z_252,-0.0011798146879300475
184,B,persist,kospi_return_1d,-0.007550851441919804
184,B,persist,fx_level_z_252,0.0016829755622893572
184,B,underwater,kospi_return_1d,-0.0025199786759912968
184,B,underwater,fx_level_z_252,-0.0005643705371767282
184,alpha,,kospi_return_1d,0.032427262514829636
184,alpha,,fx_level_z_252,0.04100273177027702
185,beta,momentum,,-0.023198623210191727
185,beta,persist,,0.11059695482254028
185,beta,underwater,,-0.011072722263634205
185,B,momentum,kospi_return_1d,-0.003707967000082135
185,B,momentum,fx_level_z_252,-0.0015147371450439095
185,B,persist,kospi_return_1d,-0.00733327679336071
185,B,persist,fx_level_z_252,0.0014424658147618175
185,B,underwater,kospi_return_1d,-0.0023528418969362974
185,B,underwater,fx_level_z_252,-0.0009095619316212833
185,alpha,,kospi_return_1d,0.032437387853860855
185,alpha,,fx_level_z_252,0.04081639647483826
186,beta,momentum,,-0.022909115999937057
186,beta,persist,,0.11053299158811569
186,beta,underwater,,-0.011242379434406757
186,B,momentum,kospi_return_1d,-0.003708078758791089
186,B,momentum,fx_level_z_252,-0.001912565785460174
186,B,persist,kospi_return_1d,-0.007175418082624674
186,B,persist,fx_level_z_252,0.001258402829989791
186,B,underwater,kospi_return_1d,-0.0023438213393092155
186,B,underwater,fx_level_z_252,-0.0010636360384523869
186,alpha,,kospi_return_1d,0.032729003578424454
186,alpha,,fx_level_z_252,0.04061107337474823
187,beta,momentum,,-0.022643383592367172
187,beta,persist,,0.1104230061173439
187,beta,underwater,,-0.011430501006543636
187,B,momentum,kospi_return_1d,-0.003766137408092618
187,B,momentum,fx_level_z_252,-0.0022021173499524593
187,B,persist,kospi_return_1d,-0.007118668872863054
187,B,persist,fx_level_z_252,0.0011026886058971286
187,B,underwater,kospi_return_1d,-0.002273836638778448
187,B,underwater,fx_level_z_252,-0.0012024068273603916
187,alpha,,kospi_return_1d,0.03299170359969139
187,alpha,,fx_level_z_252,0.04051351919770241
188,beta,momentum,,-0.02220953442156315
188,beta,persist,,0.1102658063173294
188,beta,underwater,,-0.011731104925274849
188,B,momentum,kospi_return_1d,-0.0035984190180897713
188,B,momentum,fx_level_z_252,-0.002512234728783369
188,B,persist,kospi_return_1d,-0.0072049666196107864
188,B,persist,fx_level_z_252,0.000895442848559469
188,B,underwater,kospi_return_1d,-0.002260661218315363
188,B,underwater,fx_level_z_252,-0.0014323089271783829
188,alpha,,kospi_return_1d,0.03331228345632553
188,alpha,,fx_level_z_252,0.04039788618683815
189,beta,momentum,,-0.021812239661812782
189,beta,persist,,0.11004320532083511
189,beta,underwater,,-0.011999562382698059
189,B,momentum,kospi_return_1d,-0.003402878064662218
189,B,momentum,fx_level_z_252,-0.0028453045524656773
189,B,persist,kospi_return_1d,-0.007209181319922209
189,B,persist,fx_level_z_252,0.0006834108498878777
189,B,underwater,kospi_return_1d,-0.002333312062546611
189,B,underwater,fx_level_z_252,-0.0016040760092437267
189,alpha,,kospi_return_1d,0.033790141344070435
189,alpha,,fx_level_z_252,0.040382083505392075
190,beta,momentum,,-0.021603500470519066
190,beta,persist,,0.10989191383123398
190,beta,underwater,,-0.01224482711404562
190,B,momentum,kospi_return_1d,-0.003337898524478078
190,B,momentum,fx_level_z_252,-0.0029946693684905767
190,B,persist,kospi_return_1d,-0.007163454778492451
190,B,persist,fx_level_z_252,0.0003785453154705465
190,B,underwater,kospi_return_1d,-0.0023599653504788876
190,B,underwater,fx_level_z_252,-0.0018511589150875807
190,alpha,,kospi_return_1d,0.03423934429883957
190,alpha,,fx_level_z_252,0.040574029088020325
191,beta,momentum,,-0.02158965729176998
191,beta,persist,,0.10979975759983063
191,beta,underwater,,-0.012331424281001091
191,B,momentum,kospi_return_1d,-0.003134270664304495
191,B,momentum,fx_level_z_252,-0.003341869916766882
191,B,persist,kospi_return_1d,-0.0073481593281030655
191,B,persist,fx_level_z_252,-4.829693352803588e-06
191,B,underwater,kospi_return_1d,-0.0025922227650880814
191,B,underwater,fx_level_z_252,-0.0019338889978826046
191,alpha,,kospi_return_1d,0.034775570034980774
191,alpha,,fx_level_z_252,0.04078134149312973
192,beta,momentum,,-0.021558644250035286
192,beta,persist,,0.10976462066173553
192,beta,underwater,,-0.012481383979320526
192,B,momentum,kospi_return_1d,-0.002946271328255534
192,B,momentum,fx_level_z_252,-0.0036891764029860497
192,B,persist,kospi_return_1d,-0.007460123393684626
192,B,persist,fx_level_z_252,-0.0003166220267303288
192,B,underwater,kospi_return_1d,-0.002778865396976471
192,B,underwater,fx_level_z_252,-0.0020418399944901466
192,alpha,,kospi_return_1d,0.035154007375240326
192,alpha,,fx_level_z_252,0.04094294086098671
193,beta,momentum,,-0.021626845002174377
193,beta,persist,,0.10978220403194427
193,beta,underwater,,-0.01244970690459013
193,B,momentum,kospi_return_1d,-0.0028773038648068905
193,B,momentum,fx_level_z_252,-0.004044767469167709
193,B,persist,kospi_return_1d,-0.007567711640149355
193,B,persist,fx_level_z_252,-0.00031621663947589695
193,B,underwater,kospi_return_1d,-0.00293684471398592
193,B,underwater,fx_level_z_252,-0.001911539351567626
193,alpha,,kospi_return_1d,0.035217978060245514
193,alpha,,fx_level_z_252,0.04117010533809662
194,beta,momentum,,-0.02163616754114628
194,beta,persist,,0.10974714159965515
194,beta,underwater,,-0.01229551900178194
194,B,momentum,kospi_return_1d,-0.0026326668448746204
194,B,momentum,fx_level_z_252,-0.0043817004188895226
194,B,persist,kospi_return_1d,-0.007781882770359516
194,B,persist,fx_level_z_252,-0.0001918534835567698
194,B,underwater,kospi_return_1d,-0.0033712179865688086
194,B,underwater,fx_level_z_252,-0.0016947826370596886
194,alpha,,kospi_return_1d,0.03522152081131935
194,alpha,,fx_level_z_252,0.04143976420164108
195,beta,momentum,,-0.021718107163906097
195,beta,persist,,0.10971874743700027
195,beta,underwater,,-0.012239554896950722
195,B,momentum,kospi_return_1d,-0.002288361545652151
195,B,momentum,fx_level_z_252,-0.004533992148935795
195,B,persist,kospi_return_1d,-0.008213095366954803
195,B,persist,fx_level_z_252,0.00016144129040185362
195,B,underwater,kospi_return_1d,-0.0038029865827411413
195,B,underwater,fx_level_z_252,-0.001492060604505241
195,alpha,,kospi_return_1d,0.03524325042963028
195,alpha,,fx_level_z_252,0.041660331189632416
196,beta,momentum,,-0.02185896411538124
196,beta,persist,,0.10970226675271988
196,beta,underwater,,-0.012191994115710258
196,B,momentum,kospi_return_1d,-0.002129650441929698
196,B,momentum,fx_level_z_252,-0.0045608580112457275
196,B,persist,kospi_return_1d,-0.008560214191675186
196,B,persist,fx_level_z_252,0.0004888888215646148
196,B,underwater,kospi_return_1d,-0.003987268079072237
196,B,underwater,fx_level_z_252,-0.0012209179112687707
196,alpha,,kospi_return_1d,0.035289835184812546
196,alpha,,fx_level_z_252,0.04187881201505661
197,beta,momentum,,-0.0219513438642025
197,beta,persist,,0.10973279178142548
197,beta,underwater,,-0.012282917276024818
197,B,momentum,kospi_return_1d,-0.002080819569528103
197,B,momentum,fx_level_z_252,-0.004293160047382116
197,B,persist,kospi_return_1d,-0.008811503648757935
197,B,persist,fx_level_z_252,0.0005547585897147655
197,B,underwater,kospi_return_1d,-0.0038189890328794718
197,B,underwater,fx_level_z_252,-0.001310007181018591
197,alpha,,kospi_return_1d,0.03518294915556908
197,alpha,,fx_level_z_252,0.04198737069964409
198,beta,momentum,,-0.021886544302105904
198,beta,persist,,0.10978725552558899
198,beta,underwater,,-0.012524562887847424
198,B,momentum,kospi_return_1d,-0.00197250465862453
198,B,momentum,fx_level_z_252,-0.003956627566367388
198,B,persist,kospi_return_1d,-0.008942286483943462
198,B,persist,fx_level_z_252,0.00041682575829327106
198,B,underwater,kospi_return_1d,-0.003510716836899519
198,B,underwater,fx_level_z_252,-0.001660822774283588
198,alpha,,kospi_return_1d,0.03523554280400276
198,alpha,,fx_level_z_252,0.0419013537466526
199,beta,momentum,,-0.02178128808736801
199,beta,persist,,0.10970359295606613
199,beta,underwater,,-0.012744041159749031
199,B,momentum,kospi_return_1d,-0.002056719968095422
199,B,momentum,fx_level_z_252,-0.0037185850087553263
199,B,persist,kospi_return_1d,-0.008970815688371658
199,B,persist,fx_level_z_252,0.0005338429473340511
199,B,underwater,kospi_return_1d,-0.0032314674463123083
199,B,underwater,fx_level_z_252,-0.0019092741422355175
199,alpha,,kospi_return_1d,0.03529495373368263
199,alpha,,fx_level_z_252,0.041865769773721695
200,beta,momentum,,-0.02179631218314171
200,beta,persist,,0.10965251922607422
200,beta,underwater,,-0.01281635370105505
200,B,momentum,kospi_return_1d,-0.0020721922628581524
200,B,momentum,fx_level_z_252,-0.0034761177375912666
200,B,persist,kospi_return_1d,-0.00897255726158619
200,B,persist,fx_level_z_252,0.0005464074201881886
200,B,underwater,kospi_return_1d,-0.0029328251257538795
200,B,underwater,fx_level_z_252,-0.0021123785991221666
200,alpha,,kospi_return_1d,0.03533817455172539
200,alpha,,fx_level_z_252,0.041864439845085144
201,beta,momentum,,-0.021820828318595886
201,beta,persist,,0.10965565592050552
201,beta,underwater,,-0.012763094156980515
201,B,momentum,kospi_return_1d,-0.0019595150370150805
201,B,momentum,fx_level_z_252,-0.0031863844487816095
201,B,persist,kospi_return_1d,-0.008970833383500576
201,B,persist,fx_level_z_252,0.0005712824058718979
201,B,underwater,kospi_return_1d,-0.0027738444041460752
201,B,underwater,fx_level_z_252,-0.0022187482099980116
201,alpha,,kospi_return_1d,0.035363923758268356
201,alpha,,fx_level_z_252,0.041934289038181305
202,beta,momentum,,-0.021757612004876137
202,beta,persist,,0.10971246659755707
202,beta,underwater,,-0.01274703349918127
202,B,momentum,kospi_return_1d,-0.0019381793681532145
202,B,momentum,fx_level_z_252,-0.0029052007012069225
202,B,persist,kospi_return_1d,-0.008949728682637215
202,B,persist,fx_level_z_252,0.0004138051299378276
202,B,underwater,kospi_return_1d,-0.002537547377869487
202,B,underwater,fx_level_z_252,-0.0023274547420442104
202,alpha,,kospi_return_1d,0.035438891500234604
202,alpha,,fx_level_z_252,0.041958823800086975
203,beta,momentum,,-0.0217270627617836
203,beta,persist,,0.10970643162727356
203,beta,underwater,,-0.01283241156488657
203,B,momentum,kospi_return_1d,-0.0018086112104356289
203,B,momentum,fx_level_z_252,-0.002689829096198082
203,B,persist,kospi_return_1d,-0.009078893810510635
203,B,persist,fx_level_z_252,0.0002971817157231271
203,B,underwater,kospi_return_1d,-0.0023953861091285944
203,B,underwater,fx_level_z_252,-0.0023920817766338587
203,alpha,,kospi_return_1d,0.03550942987203598
203,alpha,,fx_level_z_252,0.04180246591567993
204,beta,momentum,,-0.02177066169679165
204,beta,persist,,0.10971598327159882
204,beta,underwater,,-0.012875108979642391
204,B,momentum,kospi_return_1d,-0.001757150050252676
204,B,momentum,fx_level_z_252,-0.002277446910738945
204,B,persist,kospi_return_1d,-0.009173193946480751
204,B,persist,fx_level_z_252,0.00014235034177545458
204,B,underwater,kospi_return_1d,-0.00228176754899323
204,B,underwater,fx_level_z_252,-0.0024731808807700872
204,alpha,,kospi_return_1d,0.035545289516448975
204,alpha,,fx_level_z_252,0.041684288531541824
205,beta,momentum,,-0.021968159824609756
205,beta,persist,,0.10975638031959534
205,beta,underwater,,-0.012840362265706062
205,B,momentum,kospi_return_1d,-0.0018009636551141739
205,B,momentum,fx_level_z_252,-0.0018148761009797454
205,B,persist,kospi_return_1d,-0.009270436130464077
205,B,persist,fx_level_z_252,0.00011284153151791543
205,B,underwater,kospi_return_1d,-0.002211789134889841
205,B,underwater,fx_level_z_252,-0.0025403988547623158
205,alpha,,kospi_return_1d,0.03557518124580383
205,alpha,,fx_level_z_252,0.04172288626432419
206,beta,momentum,,-0.022164247930049896
206,beta,persist,,0.10982542484998703
206,beta,underwater,,-0.012699197046458721
206,B,momentum,kospi_return_1d,-0.0016943283844739199
206,B,momentum,fx_level_z_252,-0.00151307403575629
206,B,persist,kospi_return_1d,-0.009251351468265057
206,B,persist,fx_level_z_252,0.00025117149925790727
206,B,underwater,kospi_return_1d,-0.00216124695725739
206,B,underwater,fx_level_z_252,-0.002549740020185709
206,alpha,,kospi_return_1d,0.035706184804439545
206,alpha,,fx_level_z_252,0.04182889312505722
207,beta,momentum,,-0.02222137525677681
207,beta,persist,,0.10988160967826843
207,beta,underwater,,-0.012524294666945934
207,B,momentum,kospi_return_1d,-0.001550849643535912
207,B,momentum,fx_level_z_252,-0.0013019099133089185
207,B,persist,kospi_return_1d,-0.00936632789671421
207,B,persist,fx_level_z_252,0.0004850554105360061
207,B,underwater,kospi_return_1d,-0.0023380042985081673
207,B,underwater,fx_level_z_252,-0.0023769051767885685
207,alpha,,kospi_return_1d,0.035748209804296494
207,alpha,,fx_level_z_252,0.0419742576777935
208,beta,momentum,,-0.02227240428328514
208,beta,persist,,0.10991541296243668
208,beta,underwater,,-0.012391455471515656
208,B,momentum,kospi_return_1d,-0.0015584429493173957
208,B,momentum,fx_level_z_252,-0.0012977805454283953
208,B,persist,kospi_return_1d,-0.009527847170829773
208,B,persist,fx_level_z_252,0.0007078571943566203
208,B,underwater,kospi_return_1d,-0.0025350521318614483
208,B,underwater,fx_level_z_252,-0.002127686981111765
208,alpha,,kospi_return_1d,0.03567293658852577
208,alpha,,fx_level_z_252,0.042102303355932236
209,beta,momentum,,-0.022298628464341164
209,beta,persist,,0.10995671898126602
209,beta,underwater,,-0.01229354739189148
209,B,momentum,kospi_return_1d,-0.0016806591302156448
209,B,momentum,fx_level_z_252,-0.001353458734229207
209,B,persist,kospi_return_1d,-0.009715436026453972
209,B,persist,fx_level_z_252,0.0010202552657574415
209,B,underwater,kospi_return_1d,-0.002761041047051549
209,B,underwater,fx_level_z_252,-0.001803081831894815
209,alpha,,kospi_return_1d,0.035527221858501434
209,alpha,,fx_level_z_252,0.042128510773181915
210,beta,momentum,,-0.02244758978486061
210,beta,persist,,0.10997886955738068
210,beta,underwater,,-0.012156306765973568
210,B,momentum,kospi_return_1d,-0.0017390084685757756
210,B,momentum,fx_level_z_252,-0.0015135977882891893
210,B,persist,kospi_return_1d,-0.009932042099535465
210,B,persist,fx_level_z_252,0.0013937773182988167
210,B,underwater,kospi_return_1d,-0.0029566821176558733
210,B,underwater,fx_level_z_252,-0.0015348888700827956
210,alpha,,kospi_return_1d,0.03534920886158943
210,alpha,,fx_level_z_252,0.04221034049987793
211,beta,momentum,,-0.022639119997620583
211,beta,persist,,0.10999415069818497
211,beta,underwater,,-0.012059441767632961
211,B,momentum,kospi_return_1d,-0.0020206370390951633
211,B,momentum,fx_level_z_252,-0.0015552619006484747
211,B,persist,kospi_return_1d,-0.009988756850361824
211,B,persist,fx_level_z_252,0.0017096715746447444
211,B,underwater,kospi_return_1d,-0.0028594613540917635
211,B,underwater,fx_level_z_252,-0.0014885150594636798
211,alpha,,kospi_return_1d,0.035082750022411346
211,alpha,,fx_level_z_252,0.04237862303853035
212,beta,momentum,,-0.022779695689678192
212,beta,persist,,0.1099676787853241
212,beta,underwater,,-0.011983743868768215
212,B,momentum,kospi_return_1d,-0.0022484634537249804
212,B,momentum,fx_level_z_252,-0.0014440588420256972
212,B,persist,kospi_return_1d,-0.010039222426712513
212,B,persist,fx_level_z_252,0.0020502570550888777
212,B,underwater,kospi_return_1d,-0.002788939280435443
212,B,underwater,fx_level_z_252,-0.0016077198088169098
212,alpha,,kospi_return_1d,0.034951068460941315
212,alpha,,fx_level_z_252,0.042687445878982544
213,beta,momentum,,-0.02300528809428215
213,beta,persist,,0.11006689071655273
213,beta,underwater,,-0.011767440475523472
213,B,momentum,kospi_return_1d,-0.002338038058951497
213,B,momentum,fx_level_z_252,-0.0015351313631981611
213,B,persist,kospi_return_1d,-0.009961195290088654
213,B,persist,fx_level_z_252,0.0023948343005031347
213,B,underwater,kospi_return_1d,-0.002798536093905568
213,B,underwater,fx_level_z_252,-0.0014943581772968173
213,alpha,,kospi_return_1d,0.034827668219804764
213,alpha,,fx_level_z_252,0.043000273406505585
214,beta,momentum,,-0.02323135733604431
214,beta,persist,,0.11021352559328079
214,beta,underwater,,-0.011648451909422874
214,B,momentum,kospi_return_1d,-0.002458593575283885
214,B,momentum,fx_level_z_252,-0.0017641891026869416
214,B,persist,kospi_return_1d,-0.009901531971991062
214,B,persist,fx_level_z_252,0.0027162483893334866
214,B,underwater,kospi_return_1d,-0.0027872934006154537
214,B,underwater,fx_level_z_252,-0.0012446132022887468
214,alpha,,kospi_return_1d,0.03474409505724907
214,alpha,,fx_level_z_252,0.04306524246931076
215,beta,momentum,,-0.023269670084118843
215,beta,persist,,0.11028806865215302
215,beta,underwater,,-0.011804250068962574
215,B,momentum,kospi_return_1d,-0.0025903433561325073
215,B,momentum,fx_level_z_252,-0.0018515016417950392
215,B,persist,kospi_return_1d,-0.009732307866215706
215,B,persist,fx_level_z_252,0.0030603574123233557
215,B,underwater,kospi_return_1d,-0.0026052759494632483
215,B,underwater,fx_level_z_252,-0.0013228118186816573
215,alpha,,kospi_return_1d,0.03477071598172188
215,alpha,,fx_level_z_252,0.04306860268115997
216,beta,momentum,,-0.023231882601976395
216,beta,persist,,0.11029568314552307
216,beta,underwater,,-0.01208190992474556
216,B,momentum,kospi_return_1d,-0.002798071363940835
216,B,momentum,fx_level_z_252,-0.001948654418811202
216,B,persist,kospi_return_1d,-0.00951919425278902
216,B,persist,fx_level_z_252,0.00341979693621397
216,B,underwater,kospi_return_1d,-0.002331425668671727
216,B,underwater,fx_level_z_252,-0.0013908722903579473
216,alpha,,kospi_return_1d,0.03482605889439583
216,alpha,,fx_level_z_252,0.042929429560899734
217,beta,momentum,,-0.023119399324059486
217,beta,persist,,0.11024599522352219
217,beta,underwater,,-0.01242802944034338
217,B,momentum,kospi_return_1d,-0.0028910855762660503
217,B,momentum,fx_level_z_252,-0.0019966140389442444
217,B,persist,kospi_return_1d,-0.009340664371848106
217,B,persist,fx_level_z_252,0.0035814812872558832
217,B,underwater,kospi_return_1d,-0.0020845390390604734
217,B,underwater,fx_level_z_252,-0.0014679303858429193
217,alpha,,kospi_return_1d,0.034910984337329865
217,alpha,,fx_level_z_252,0.04266617074608803
218,beta,momentum,,-0.023079419508576393
218,beta,persist,,0.11015892773866653
218,beta,underwater,,-0.012817333452403545
218,B,momentum,kospi_return_1d,-0.003031820524483919
218,B,momentum,fx_level_z_252,-0.0020295751746743917
218,B,persist,kospi_return_1d,-0.009276030585169792
218,B,persist,fx_level_z_252,0.0036969217471778393
218,B,underwater,kospi_return_1d,-0.0018045395845547318
218,B,underwater,fx_level_z_252,-0.0015932100359350443
218,alpha,,kospi_return_1d,0.03507562726736069
218,alpha,,fx_level_z_252,0.042394787073135376
219,beta,momentum,,-0.023070702329277992
219,beta,persist,,0.11017373949289322
219,beta,underwater,,-0.013033714145421982
219,B,momentum,kospi_return_1d,-0.0030355590861290693
219,B,momentum,fx_level_z_252,-0.0019767305348068476
219,B,persist,kospi_return_1d,-0.00923595018684864
219,B,persist,fx_level_z_252,0.0034947239328175783
219,B,underwater,kospi_return_1d,-0.0015926199266687036
219,B,underwater,fx_level_z_252,-0.0016693755751475692
219,alpha,,kospi_return_1d,0.03525592386722565
219,alpha,,fx_level_z_252,0.042223501950502396
220,beta,momentum,,-0.023176420480012894
220,beta,persist,,0.11027981340885162
220,beta,underwater,,-0.013152689673006535
220,B,momentum,kospi_return_1d,-0.0029569719918072224
220,B,momentum,fx_level_z_252,-0.0020123012363910675
220,B,persist,kospi_return_1d,-0.009463461115956306
220,B,persist,fx_level_z_252,0.0032549770548939705
220,B,underwater,kospi_return_1d,-0.001731889438815415
220,B,underwater,fx_level_z_252,-0.0015670268330723047
220,alpha,,kospi_return_1d,0.03527749329805374
220,alpha,,fx_level_z_252,0.041966233402490616
221,beta,momentum,,-0.023396175354719162
221,beta,persist,,0.1104285717010498
221,beta,underwater,,-0.013207080774009228
221,B,momentum,kospi_return_1d,-0.0030062193982303143
221,B,momentum,fx_level_z_252,-0.00202250387519598
221,B,persist,kospi_return_1d,-0.009566719643771648
221,B,persist,fx_level_z_252,0.002907073125243187
221,B,underwater,kospi_return_1d,-0.0018020126735791564
221,B,underwater,fx_level_z_252,-0.001546100596897304
221,alpha,,kospi_return_1d,0.03530566021800041
221,alpha,,fx_level_z_252,0.0418369323015213
222,beta,momentum,,-0.02370155230164528
222,beta,persist,,0.11057339608669281
222,beta,underwater,,-0.013208786956965923
222,B,momentum,kospi_return_1d,-0.003043228993192315
222,B,momentum,fx_level_z_252,-0.001970333280041814
222,B,persist,kospi_return_1d,-0.009615110233426094
222,B,persist,fx_level_z_252,0.0024881046265363693
222,B,underwater,kospi_return_1d,-0.0018022686708718538
222,B,underwater,fx_level_z_252,-0.0014978073304519057
222,alpha,,kospi_return_1d,0.0351841039955616
222,alpha,,fx_level_z_252,0.04158758372068405
223,beta,momentum,,-0.0238774586468935
223,beta,persist,,0.11063152551651001
223,beta,underwater,,-0.013193600811064243
223,B,momentum,kospi_return_1d,-0.0030743798706680536
223,B,momentum,fx_level_z_252,-0.0019073665607720613
223,B,persist,kospi_return_1d,-0.009542666375637054
223,B,persist,fx_level_z_252,0.0019404555205255747
223,B,underwater,kospi_return_1d,-0.0018050626385957003
223,B,underwater,fx_level_z_252,-0.0014613227685913444
223,alpha,,kospi_return_1d,0.035055700689554214
223,alpha,,fx_level_z_252,0.04133742302656174
224,beta,momentum,,-0.023904653266072273
224,beta,persist,,0.11064659804105759
224,beta,underwater,,-0.013166943565011024
224,B,momentum,kospi_return_1d,-0.002909028436988592
224,B,momentum,fx_level_z_252,-0.0017453506588935852
224,B,persist,kospi_return_1d,-0.00942925177514553
224,B,persist,fx_level_z_252,0.0013300846330821514
224,B,underwater,kospi_return_1d,-0.0019267736934125423
224,B,underwater,fx_level_z_252,-0.0014889074955135584
224,alpha,,kospi_return_1d,0.034963276237249374
224,alpha,,fx_level_z_252,0.04094806686043739
225,beta,momentum,,-0.023996789008378983
225,beta,persist,,0.11072105169296265
225,beta,underwater,,-0.013078168034553528
225,B,momentum,kospi_return_1d,-0.002636389574036002
225,B,momentum,fx_level_z_252,-0.0016258765244856477
225,B,persist,kospi_return_1d,-0.009372676722705364
225,B,persist,fx_level_z_252,0.0008724702056497335
225,B,underwater,kospi_return_1d,-0.0022064391523599625
225,B,underwater,fx_level_z_252,-0.0014302234631031752
225,alpha,,kospi_return_1d,0.034840259701013565
225,alpha,,fx_level_z_252,0.04056187719106674
226,beta,momentum,,-0.024089820683002472
226,beta,persist,,0.11092464625835419
226,beta,underwater,,-0.013002758845686913
226,B,momentum,kospi_return_1d,-0.002473975531756878
226,B,momentum,fx_level_z_252,-0.0013955086469650269
226,B,persist,kospi_return_1d,-0.009099035523831844
226,B,persist,fx_level_z_252,0.000338972284225747
226,B,underwater,kospi_return_1d,-0.0023584680166095495
226,B,underwater,fx_level_z_252,-0.0015554900746792555
226,alpha,,kospi_return_1d,0.034567512571811676
226,alpha,,fx_level_z_252,0.04035106301307678
227,beta,momentum,,-0.023875068873167038
227,beta,persist,,0.11094628274440765
227,beta,underwater,,-0.01316124852746725
227,B,momentum,kospi_return_1d,-0.002325480105355382
227,B,momentum,fx_level_z_252,-0.00141980592161417
227,B,persist,kospi_return_1d,-0.009059163741767406
227,B,persist,fx_level_z_252,0.00014552500215359032
227,B,underwater,kospi_return_1d,-0.002421605633571744
227,B,underwater,fx_level_z_252,-0.0016674189828336239
227,alpha,,kospi_return_1d,0.034478213638067245
227,alpha,,fx_level_z_252,0.04017055779695511
228,beta,momentum,,-0.02359423041343689
228,beta,persist,,0.11092466115951538
228,beta,underwater,,-0.01331978291273117
228,B,momentum,kospi_return_1d,-0.0023295143619179726
228,B,momentum,fx_level_z_252,-0.0014337667962536216
228,B,persist,kospi_return_1d,-0.008916056714951992
228,B,persist,fx_level_z_252,0.0001374873099848628
228,B,underwater,kospi_return_1d,-0.002376402262598276
228,B,underwater,fx_level_z_252,-0.001732334727421403
228,alpha,,kospi_return_1d,0.034549813717603683
228,alpha,,fx_level_z_252,0.039940692484378815
229,beta,momentum,,-0.023328697308897972
229,beta,persist,,0.11082830280065536
229,beta,underwater,,-0.013463863171637058
229,B,momentum,kospi_return_1d,-0.0023939991369843483
229,B,momentum,fx_level_z_252,-0.0015298201469704509
229,B,persist,kospi_return_1d,-0.008857735432684422
229,B,persist,fx_level_z_252,0.00012873376545030624
229,B,underwater,kospi_return_1d,-0.0024140893947333097
229,B,underwater,fx_level_z_252,-0.0016983492532745004
229,alpha,,kospi_return_1d,0.03463294357061386
229,alpha,,fx_level_z_252,0.039739057421684265
230,beta,momentum,,-0.02313879504799843
230,beta,persist,,0.11082631349563599
230,beta,underwater,,-0.013455893844366074
230,B,momentum,kospi_return_1d,-0.002392545575276017
230,B,momentum,fx_level_z_252,-0.001821822952479124
230,B,persist,kospi_return_1d,-0.0089021697640419
230,B,persist,fx_level_z_252,0.00015888035704847425
230,B,underwater,kospi_return_1d,-0.00260472041554749
230,B,underwater,fx_level_z_252,-0.0015073060058057308
230,alpha,,kospi_return_1d,0.03466823324561119
230,alpha,,fx_level_z_252,0.03952619060873985
231,beta,momentum,,-0.023062610998749733
231,beta,persist,,0.11084441095590591
231,beta,underwater,,-0.013374190777540207
231,B,momentum,kospi_return_1d,-0.0025118994526565075
231,B,momentum,fx_level_z_252,-0.0021956777200102806
231,B,persist,kospi_return_1d,-0.008837936446070671
231,B,persist,fx_level_z_252,0.00020080564718227834
231,B,underwater,kospi_return_1d,-0.0026581615675240755
231,B,underwater,fx_level_z_252,-0.0013027166714891791
231,alpha,,kospi_return_1d,0.03476378694176674
231,alpha,,fx_level_z_252,0.03939436748623848
232,beta,momentum,,-0.023124895989894867
232,beta,persist,,0.11088721454143524
232,beta,underwater,,-0.01338410284370184
232,B,momentum,kospi_return_1d,-0.0026451146695762873
232,B,momentum,fx_level_z_252,-0.0024622459895908833
232,B,persist,kospi_return_1d,-0.008728628046810627
232,B,persist,fx_level_z_252,0.00018699918291531503
232,B,underwater,kospi_return_1d,-0.0026136222295463085
232,B,underwater,fx_level_z_252,-0.0011655926937237382
232,alpha,,kospi_return_1d,0.03475702553987503
232,alpha,,fx_level_z_252,0.03926371783018112
233,beta,momentum,,-0.023187026381492615
233,beta,persist,,0.11092448234558105
233,beta,underwater,,-0.013459078036248684
233,B,momentum,kospi_return_1d,-0.0027649044059216976
233,B,momentum,fx_level_z_252,-0.002577480161562562
233,B,persist,kospi_return_1d,-0.008639038540422916
233,B,persist,fx_level_z_252,0.00017537428357172757
233,B,underwater,kospi_return_1d,-0.00256286165677011
233,B,underwater,fx_level_z_252,-0.0010358241852372885
233,alpha,,kospi_return_1d,0.034613996744155884
233,alpha,,fx_level_z_252,0.03914714977145195
234,beta,momentum,,-0.023324232548475266
234,beta,persist,,0.11101987212896347
234,beta,underwater,,-0.013467036187648773
234,B,momentum,kospi_return_1d,-0.002846356015652418
234,B,momentum,fx_level_z_252,-0.002555194543674588
234,B,persist,kospi_return_1d,-0.008466794155538082
234,B,persist,fx_level_z_252,0.00012127058289479464
234,B,underwater,kospi_return_1d,-0.0023900228552520275
234,B,underwater,fx_level_z_252,-0.001003045472316444
234,alpha,,kospi_return_1d,0.03455217927694321
234,alpha,,fx_level_z_252,0.039191942662000656
235,beta,momentum,,-0.02348260208964348
235,beta,persist,,0.1111375093460083
235,beta,underwater,,-0.013321260921657085
235,B,momentum,kospi_return_1d,-0.0029465602710843086
235,B,momentum,fx_level_z_252,-0.0024790868628770113
235,B,persist,kospi_return_1d,-0.008445554412901402
235,B,persist,fx_level_z_252,8.386054105358198e-05
235,B,underwater,kospi_return_1d,-0.0022971429862082005
235,B,underwater,fx_level_z_252,-0.0008107725298032165
235,alpha,,kospi_return_1d,0.034516505897045135
235,alpha,,fx_level_z_252,0.039339423179626465
236,beta,momentum,,-0.02353649213910103
236,beta,persist,,0.11113177239894867
236,beta,underwater,,-0.013154705986380577
236,B,momentum,kospi_return_1d,-0.0029345627408474684
236,B,momentum,fx_level_z_252,-0.002426311606541276
236,B,persist,kospi_return_1d,-0.00851632934063673
236,B,persist,fx_level_z_252,0.00023437266645487398
236,B,underwater,kospi_return_1d,-0.0023765249643474817
236,B,underwater,fx_level_z_252,-0.000722405209671706
236,alpha,,kospi_return_1d,0.034548621624708176
236,alpha,,fx_level_z_252,0.03946835547685623
237,beta,momentum,,-0.02356838807463646
237,beta,persist,,0.11103197932243347
237,beta,underwater,,-0.013097964227199554
237,B,momentum,kospi_return_1d,-0.0028067610692232847
237,B,momentum,fx_level_z_252,-0.002416345290839672
237,B,persist,kospi_return_1d,-0.008578521199524403
237,B,persist,fx_level_z_252,0.00045199686428532004
237,B,underwater,kospi_return_1d,-0.0025550168938934803
237,B,underwater,fx_level_z_252,-0.0005190054653212428
237,alpha,,kospi_return_1d,0.03467720374464989
237,alpha,,fx_level_z_252,0.03940973058342934
238,beta,momentum,,-0.02357916347682476
238,beta,persist,,0.11084815114736557
238,beta,underwater,,-0.013221184723079205
238,B,momentum,kospi_return_1d,-0.0026371325366199017
238,B,momentum,fx_level_z_252,-0.0023935455828905106
238,B,persist,kospi_return_1d,-0.008661271072924137
238,B,persist,fx_level_z_252,0.0009723267867229879
238,B,underwater,kospi_return_1d,-0.002663713414222002
238,B,underwater,fx_level_z_252,-0.00023172162764240056
238,alpha,,kospi_return_1d,0.0351068340241909
238,alpha,,fx_level_z_252,0.03928123414516449
239,beta,momentum,,-0.023771068081259727
239,beta,persist,,0.11080895364284515
239,beta,underwater,,-0.013298711739480495
239,B,momentum,kospi_return_1d,-0.002434490015730262
239,B,momentum,fx_level_z_252,-0.0021650316193699837
239,B,persist,kospi_return_1d,-0.008802974596619606
239,B,persist,fx_level_z_252,0.0014098226092755795
239,B,underwater,kospi_return_1d,-0.0029118729289621115
239,B,underwater,fx_level_z_252,-0.0001974699116544798
239,alpha,,kospi_return_1d,0.035433538258075714
239,alpha,,fx_level_z_252,0.0392887145280838
240,beta,momentum,,-0.023940496146678925
240,beta,persist,,0.11074237525463104
240,beta,underwater,,-0.013401364907622337
240,B,momentum,kospi_return_1d,-0.0021858650725334883
240,B,momentum,fx_level_z_252,-0.0018413275247439742
240,B,persist,kospi_return_1d,-0.008886678144335747
240,B,persist,fx_level_z_252,0.0019113962771371007
240,B,underwater,kospi_return_1d,-0.0030597979202866554
240,B,underwater,fx_level_z_252,-0.0003033542016055435
240,alpha,,kospi_return_1d,0.0357300341129303
240,alpha,,fx_level_z_252,0.039476849138736725
241,beta,momentum,,-0.023999571800231934
241,beta,persist,,0.11073272675275803
241,beta,underwater,,-0.013465550728142262
241,B,momentum,kospi_return_1d,-0.001967568648979068
241,B,momentum,fx_level_z_252,-0.0015866297762840986
241,B,persist,kospi_return_1d,-0.008987811394035816
241,B,persist,fx_level_z_252,0.002300723921507597
241,B,underwater,kospi_return_1d,-0.0032201996073126793
241,B,underwater,fx_level_z_252,-0.0004755025147460401
241,alpha,,kospi_return_1d,0.03579338639974594
241,alpha,,fx_level_z_252,0.03977296128869057
242,beta,momentum,,-0.02397371083498001
242,beta,persist,,0.11073964834213257
242,beta,underwater,,-0.013560822233557701
242,B,momentum,kospi_return_1d,-0.0018925926415249705
242,B,momentum,fx_level_z_252,-0.0012387067545205355
242,B,persist,kospi_return_1d,-0.008946609683334827
242,B,persist,fx_level_z_252,0.0026048284489661455
242,B,underwater,kospi_return_1d,-0.0033047334291040897
242,B,underwater,fx_level_z_252,-0.0008709258399903774
242,alpha,,kospi_return_1d,0.035805586725473404
242,alpha,,fx_level_z_252,0.04009551927447319
243,beta,momentum,,-0.02405879832804203
243,beta,persist,,0.1108677014708519
243,beta,underwater,,-0.01349931675940752
243,B,momentum,kospi_return_1d,-0.002043026266619563
243,B,momentum,fx_level_z_252,-0.0009041647426784039
243,B,persist,kospi_return_1d,-0.008625265210866928
243,B,persist,fx_level_z_252,0.0027957407291978598
243,B,underwater,kospi_return_1d,-0.0031582661904394627
243,B,underwater,fx_level_z_252,-0.001205346779897809
243,alpha,,kospi_return_1d,0.035821814090013504
243,alpha,,fx_level_z_252,0.040392011404037476
244,beta,momentum,,-0.02417319267988205
244,beta,persist,,0.11096581071615219
244,beta,underwater,,-0.013379616662859917
244,B,momentum,kospi_return_1d,-0.0020733883138746023
244,B,momentum,fx_level_z_252,-0.0007204414578154683
244,B,persist,kospi_return_1d,-0.008303707465529442
244,B,persist,fx_level_z_252,0.002940627746284008
244,B,underwater,kospi_return_1d,-0.002992504509165883
244,B,underwater,fx_level_z_252,-0.001401442801579833
244,alpha,,kospi_return_1d,0.03599465638399124
244,alpha,,fx_level_z_252,0.04070623591542244
245,beta,momentum,,-0.02424166537821293
245,beta,persist,,0.11099497228860855
245,beta,underwater,,-0.013264195062220097
245,B,momentum,kospi_return_1d,-0.0020412851590663195
245,B,momentum,fx_level_z_252,-0.0008394290925934911
245,B,persist,kospi_return_1d,-0.008069900795817375
245,B,persist,fx_level_z_252,0.0031100467313081026
245,B,underwater,kospi_return_1d,-0.0028308930341154337
245,B,underwater,fx_level_z_252,-0.0013733416562899947
245,alpha,,kospi_return_1d,0.03618965297937393
245,alpha,,fx_level_z_252,0.041006557643413544
246,beta,momentum,,-0.024241210892796516
246,beta,persist,,0.11093056201934814
246,beta,underwater,,-0.013127325102686882
246,B,momentum,kospi_return_1d,-0.0018869326449930668
246,B,momentum,fx_level_z_252,-0.001080879825167358
246,B,persist,kospi_return_1d,-0.007989276200532913
246,B,persist,fx_level_z_252,0.003314241301268339
246,B,underwater,kospi_return_1d,-0.002734322100877762
246,B,underwater,fx_level_z_252,-0.0012082058237865567
246,alpha,,kospi_return_1d,0.03652091696858406
246,alpha,,fx_level_z_252,0.0412634015083313
247,beta,momentum,,-0.024314088746905327
247,beta,persist,,0.1109759733080864
247,beta,underwater,,-0.012819426134228706
247,B,momentum,kospi_return_1d,-0.0017941597616299987
247,B,momentum,fx_level_z_252,-0.0011900464305654168
247,B,persist,kospi_return_1d,-0.00781539361923933
247,B,persist,fx_level_z_252,0.003385662566870451
247,B,underwater,kospi_return_1d,-0.0025525004602968693
247,B,underwater,fx_level_z_252,-0.001015170244500041
247,alpha,,kospi_return_1d,0.0366726778447628
247,alpha,,fx_level_z_252,0.041626788675785065
248,beta,momentum,,-0.024313997477293015
248,beta,persist,,0.11096140742301941
248,beta,underwater,,-0.012509736232459545
248,B,momentum,kospi_return_1d,-0.0019728264305740595
248,B,momentum,fx_level_z_252,-0.0012794206850230694
248,B,persist,kospi_return_1d,-0.007622587028890848
248,B,persist,fx_level_z_252,0.003420370165258646
248,B,underwater,kospi_return_1d,-0.0023770127445459366
248,B,underwater,fx_level_z_252,-0.0006782505661249161
248,alpha,,kospi_return_1d,0.036751773208379745
248,alpha,,fx_level_z_252,0.04202430322766304
249,beta,momentum,,-0.024186572059988976
249,beta,persist,,0.11081188172101974
249,beta,underwater,,-0.01230182871222496
249,B,momentum,kospi_return_1d,-0.0021655403543263674
249,B,momentum,fx_level_z_252,-0.0013837250880897045
249,B,persist,kospi_return_1d,-0.007451864890754223
249,B,persist,fx_level_z_252,0.0034749920014292
249,B,underwater,kospi_return_1d,-0.0022607981227338314
249,B,underwater,fx_level_z_252,-0.0004645134031306952
249,alpha,,kospi_return_1d,0.03697238489985466
249,alpha,,fx_level_z_252,0.04236859083175659
250,beta,momentum,,-0.02402651682496071
250,beta,persist,,0.1107596755027771
250,beta,underwater,,-0.012064261361956596
250,B,momentum,kospi_return_1d,-0.002294172067195177
250,B,momentum,fx_level_z_252,-0.0014613508246839046
250,B,persist,kospi_return_1d,-0.0073242285288870335
250,B,persist,fx_level_z_252,0.0034403144381940365
250,B,underwater,kospi_return_1d,-0.002190639730542898
250,B,underwater,fx_level_z_252,-0.0002821042435243726
250,alpha,,kospi_return_1d,0.03704241290688515
250,alpha,,fx_level_z_252,0.04270997270941734
251,beta,momentum,,-0.023829802870750427
251,beta,persist,,0.11068273335695267
251,beta,underwater,,-0.012148372828960419
251,B,momentum,kospi_return_1d,-0.0026014046743512154
251,B,momentum,fx_level_z_252,-0.0013383218320086598
251,B,persist,kospi_return_1d,-0.007233848329633474
251,B,persist,fx_level_z_252,0.0032017615158110857
251,B,underwater,kospi_return_1d,-0.0019387814681977034
251,B,underwater,fx_level_z_252,-0.0003491320530883968
251,alpha,,kospi_return_1d,0.0370708703994751
251,alpha,,fx_level_z_252,0.04289162904024124
252,beta,momentum,,-0.02359420619904995
252,beta,persist,,0.11064541339874268
252,beta,underwater,,-0.012167222797870636
252,B,momentum,kospi_return_1d,-0.0026604989543557167
252,B,momentum,fx_level_z_252,-0.0013206584844738245
252,B,persist,kospi_return_1d,-0.007228170521557331
252,B,persist,fx_level_z_252,0.0029461050871759653
252,B,underwater,kospi_return_1d,-0.0019394176779314876
252,B,underwater,fx_level_z_252,-0.00028970750281587243
252,alpha,,kospi_return_1d,0.0370430052280426
252,alpha,,fx_level_z_252,0.04312722757458687
253,beta,momentum,,-0.023471083492040634
253,beta,persist,,0.11060664802789688
253,beta,underwater,,-0.012181226164102554
253,B,momentum,kospi_return_1d,-0.0027165028732270002
253,B,momentum,fx_level_z_252,-0.0012882295995950699
253,B,persist,kospi_return_1d,-0.007357057649642229
253,B,persist,fx_level_z_252,0.002790286438539624
253,B,underwater,kospi_return_1d,-0.0019946761894971132
253,B,underwater,fx_level_z_252,-0.0001926487748278305
253,alpha,,kospi_return_1d,0.03700254112482071
253,alpha,,fx_level_z_252,0.04318603128194809
254,beta,momentum,,-0.023285100236535072
254,beta,persist,,0.11061149835586548
254,beta,underwater,,-0.012276550754904747
254,B,momentum,kospi_return_1d,-0.002775144064798951
254,B,momentum,fx_level_z_252,-0.0011912882328033447
254,B,persist,kospi_return_1d,-0.007267578970640898
254,B,persist,fx_level_z_252,0.0025918541941791773
254,B,underwater,kospi_return_1d,-0.0019370421068742871
254,B,underwater,fx_level_z_252,-0.00021671199647244066
254,alpha,,kospi_return_1d,0.036864858120679855
254,alpha,,fx_level_z_252,0.04313644766807556
255,beta,momentum,,-0.02330581657588482
255,beta,persist,,0.110690176486969
255,beta,underwater,,-0.012215981259942055
255,B,momentum,kospi_return_1d,-0.0030090471263974905
255,B,momentum,fx_level_z_252,-0.0008473837515339255
255,B,persist,kospi_return_1d,-0.007041940465569496
255,B,persist,fx_level_z_252,0.0022073460277169943
255,B,underwater,kospi_return_1d,-0.0018066245829686522
255,B,underwater,fx_level_z_252,-0.00042297516483813524
255,alpha,,kospi_return_1d,0.03667726367712021
255,alpha,,fx_level_z_252,0.04315142706036568
256,beta,momentum,,-0.02320791967213154
256,beta,persist,,0.11070828139781952
256,beta,underwater,,-0.012342169880867004
256,B,momentum,kospi_return_1d,-0.0030672012362629175
256,B,momentum,fx_level_z_252,-0.0005079981056042016
256,B,persist,kospi_return_1d,-0.006941117346286774
256,B,persist,fx_level_z_252,0.001988852396607399
256,B,underwater,kospi_return_1d,-0.0017431611195206642
256,B,underwater,fx_level_z_252,-0.0005129948840476573
256,alpha,,kospi_return_1d,0.03658236563205719
256,alpha,,fx_level_z_252,0.0429961159825325
257,beta,momentum,,-0.02294430509209633
257,beta,persist,,0.11066731810569763
257,beta,underwater,,-0.012617528438568115
257,B,momentum,kospi_return_1d,-0.0031448116060346365
257,B,momentum,fx_level_z_252,-0.000369133020285517
257,B,persist,kospi_return_1d,-0.0068707773461937904
257,B,persist,fx_level_z_252,0.0017328605754300952
257,B,underwater,kospi_return_1d,-0.0017740072216838598
257,B,underwater,fx_level_z_252,-0.000553569698240608
257,alpha,,kospi_return_1d,0.036603573709726334
257,alpha,,fx_level_z_252,0.042571526020765305
258,beta,momentum,,-0.022594911977648735
258,beta,persist,,0.11055795103311539
258,beta,underwater,,-0.013093428686261177
258,B,momentum,kospi_return_1d,-0.0032344211358577013
258,B,momentum,fx_level_z_252,-0.0001469207927584648
258,B,persist,kospi_return_1d,-0.007053678389638662
258,B,persist,fx_level_z_252,0.0015600238693878055
258,B,underwater,kospi_return_1d,-0.001883423188701272
258,B,underwater,fx_level_z_252,-0.0006877332925796509
258,alpha,,kospi_return_1d,0.03649713471531868
258,alpha,,fx_level_z_252,0.042081333696842194
259,beta,momentum,,-0.022379497066140175
259,beta,persist,,0.11044609546661377
259,beta,underwater,,-0.013429900631308556
259,B,momentum,kospi_return_1d,-0.003284864593297243
259,B,momentum,fx_level_z_252,-0.00015029602218419313
259,B,persist,kospi_return_1d,-0.007381958421319723
259,B,persist,fx_level_z_252,0.0015771439066156745
259,B,underwater,kospi_return_1d,-0.0019648612942546606
259,B,underwater,fx_level_z_252,-0.000592258118558675
259,alpha,,kospi_return_1d,0.036484938114881516
259,alpha,,fx_level_z_252,0.041674092411994934
260,beta,momentum,,-0.022179894149303436
260,beta,persist,,0.11031075567007065
260,beta,underwater,,-0.013743952848017216
260,B,momentum,kospi_return_1d,-0.0032796512823551893
260,B,momentum,fx_level_z_252,4.185127909295261e-05
260,B,persist,kospi_return_1d,-0.007548825815320015
260,B,persist,fx_level_z_252,0.0015919425059109926
260,B,underwater,kospi_return_1d,-0.001994845224544406
260,B,underwater,fx_level_z_252,-0.0007369548548012972
260,alpha,,kospi_return_1d,0.03637130185961723
260,alpha,,fx_level_z_252,0.041533783078193665
261,beta,momentum,,-0.02206519991159439
261,beta,persist,,0.1101716011762619
261,beta,underwater,,-0.013916945084929466
261,B,momentum,kospi_return_1d,-0.00345817138440907
261,B,momentum,fx_level_z_252,0.0001149918170995079
261,B,persist,kospi_return_1d,-0.007765942718833685
261,B,persist,fx_level_z_252,0.0016836361028254032
261,B,underwater,kospi_return_1d,-0.0020736027508974075
261,B,underwater,fx_level_z_252,-0.0007172059267759323
261,alpha,,kospi_return_1d,0.036109764128923416
261,alpha,,fx_level_z_252,0.0414477214217186
262,beta,momentum,,-0.022008465602993965
262,beta,persist,,0.11006946861743927
262,beta,underwater,,-0.014149537310004234
262,B,momentum,kospi_return_1d,-0.003479145234450698
262,B,momentum,fx_level_z_252,0.0001972530735656619
262,B,persist,kospi_return_1d,-0.007919767871499062
262,B,persist,fx_level_z_252,0.001478480058722198
262,B,underwater,kospi_return_1d,-0.002106900792568922
262,B,underwater,fx_level_z_252,-0.0007807964575476944
262,alpha,,kospi_return_1d,0.03589354082942009
262,alpha,,fx_level_z_252,0.0414506196975708
263,beta,momentum,,-0.021928321570158005
263,beta,persist,,0.10993080586194992
263,beta,underwater,,-0.014298302121460438
263,B,momentum,kospi_return_1d,-0.0033911250066012144
263,B,momentum,fx_level_z_252,-0.0001103951217373833
263,B,persist,kospi_return_1d,-0.008025776594877243
263,B,persist,fx_level_z_252,0.0012180955382063985
263,B,underwater,kospi_return_1d,-0.0022171800956130028
263,B,underwater,fx_level_z_252,-0.0007695917156524956
263,alpha,,kospi_return_1d,0.0357416607439518
263,alpha,,fx_level_z_252,0.04134519770741463
264,beta,momentum,,-0.02185647562146187
264,beta,persist,,0.1097232848405838
264,beta,underwater,,-0.014402927830815315
264,B,momentum,kospi_return_1d,-0.0032316679134964943
264,B,momentum,fx_level_z_252,-0.0004401177284307778
264,B,persist,kospi_return_1d,-0.008401310071349144
264,B,persist,fx_level_z_252,0.0012165344087406993
264,B,underwater,kospi_return_1d,-0.0024851637426763773
264,B,underwater,fx_level_z_252,-0.0006826532771810889
264,alpha,,kospi_return_1d,0.03574748337268829
264,alpha,,fx_level_z_252,0.041473083198070526
265,beta,momentum,,-0.02184297703206539
265,beta,persist,,0.10958363860845566
265,beta,underwater,,-0.01444276049733162
265,B,momentum,kospi_return_1d,-0.0031395682599395514
265,B,momentum,fx_level_z_252,-0.0007413154235109687
265,B,persist,kospi_return_1d,-0.008756636641919613
265,B,persist,fx_level_z_252,0.0012723730178549886
265,B,underwater,kospi_return_1d,-0.0027862361166626215
265,B,underwater,fx_level_z_252,-0.00045926065649837255
265,alpha,,kospi_return_1d,0.035491835325956345
265,alpha,,fx_level_z_252,0.041618168354034424
266,beta,momentum,,-0.021875394508242607
266,beta,persist,,0.10941910743713379
266,beta,underwater,,-0.014521793462336063
266,B,momentum,kospi_return_1d,-0.0032455737236887217
266,B,momentum,fx_level_z_252,-0.000980026088654995
266,B,persist,kospi_return_1d,-0.008980141021311283
266,B,persist,fx_level_z_252,0.0013214293867349625
266,B,underwater,kospi_return_1d,-0.0029277512803673744
266,B,underwater,fx_level_z_252,-0.0003809281042777002
266,alpha,,kospi_return_1d,0.035260725766420364
266,alpha,,fx_level_z_252,0.04190037027001381
267,beta,momentum,,-0.022026004269719124
267,beta,persist,,0.10950791090726852
267,beta,underwater,,-0.014264624565839767
267,B,momentum,kospi_return_1d,-0.003136150771752
267,B,momentum,fx_level_z_252,-0.0012279171496629715
267,B,persist,kospi_return_1d,-0.009195159189403057
267,B,persist,fx_level_z_252,0.001310838502831757
267,B,underwater,kospi_return_1d,-0.003174744313582778
267,B,underwater,fx_level_z_252,-0.00010542379459366202
267,alpha,,kospi_return_1d,0.03492516651749611
267,alpha,,fx_level_z_252,0.04216170683503151
268,beta,momentum,,-0.02214345894753933
268,beta,persist,,0.10961264371871948
268,beta,underwater,,-0.013965106569230556
268,B,momentum,kospi_return_1d,-0.0031054913997650146
268,B,momentum,fx_level_z_252,-0.0016478138277307153
268,B,persist,kospi_return_1d,-0.009300483390688896
268,B,persist,fx_level_z_252,0.0011352630099281669
268,B,underwater,kospi_return_1d,-0.0031705633737146854
268,B,underwater,fx_level_z_252,0.0001997281506191939
268,alpha,,kospi_return_1d,0.034613870084285736
268,alpha,,fx_level_z_252,0.04240882024168968
269,beta,momentum,,-0.022186970338225365
269,beta,persist,,0.1096687912940979
269,beta,underwater,,-0.013740959577262402
269,B,momentum,kospi_return_1d,-0.0030645898077636957
269,B,momentum,fx_level_z_252,-0.0020272971596568823
269,B,persist,kospi_return_1d,-0.009396836161613464
269,B,persist,fx_level_z_252,0.0011153025552630424
269,B,underwater,kospi_return_1d,-0.003143192734569311
269,B,underwater,fx_level_z_252,0.0003289671731181443
269,alpha,,kospi_return_1d,0.03438635915517807
269,alpha,,fx_level_z_252,0.04253159835934639
270,beta,momentum,,-0.022155847400426865
270,beta,persist,,0.10972031950950623
270,beta,underwater,,-0.013603068888187408
270,B,momentum,kospi_return_1d,-0.002845226554200053
270,B,momentum,fx_level_z_252,-0.0022120883222669363
270,B,persist,kospi_return_1d,-0.00949484296143055
270,B,persist,fx_level_z_252,0.0010995477205142379
270,B,underwater,kospi_return_1d,-0.0031928459648042917
270,B,underwater,fx_level_z_252,0.00023809059348423034
270,alpha,,kospi_return_1d,0.034433867782354355
270,alpha,,fx_level_z_252,0.04241040721535683
271,beta,momentum,,-0.02219022810459137
271,beta,persist,,0.1098376139998436
271,beta,underwater,,-0.013644441030919552
271,B,momentum,kospi_return_1d,-0.0027794805355370045
271,B,momentum,fx_level_z_252,-0.0020923155825585127
271,B,persist,kospi_return_1d,-0.009630756452679634
271,B,persist,fx_level_z_252,0.0008548632613383234
271,B,underwater,kospi_return_1d,-0.0032232801895588636
271,B,underwater,fx_level_z_252,-0.0002547740295995027
271,alpha,,kospi_return_1d,0.034556806087493896
271,alpha,,fx_level_z_252,0.042359475046396255
272,beta,momentum,,-0.022226572036743164
272,beta,persist,,0.10990284383296967
272,beta,underwater,,-0.013705763034522533
272,B,momentum,kospi_return_1d,-0.0027639921754598618
272,B,momentum,fx_level_z_252,-0.0019154904875904322
272,B,persist,kospi_return_1d,-0.009520009160041809
272,B,persist,fx_level_z_252,0.0007248031906783581
272,B,underwater,kospi_return_1d,-0.0032260864973068237
272,B,underwater,fx_level_z_252,-0.0007673551444895566
272,alpha,,kospi_return_1d,0.03466406837105751
272,alpha,,fx_level_z_252,0.04233432933688164
273,beta,momentum,,-0.022200703620910645
273,beta,persist,,0.10995981842279434
273,beta,underwater,,-0.013662760145962238
273,B,momentum,kospi_return_1d,-0.0025745038874447346
273,B,momentum,fx_level_z_252,-0.0016989889554679394
273,B,persist,kospi_return_1d,-0.009390181861817837
273,B,persist,fx_level_z_252,0.0005309826228767633
273,B,underwater,kospi_return_1d,-0.003138222498819232
273,B,underwater,fx_level_z_252,-0.001254191854968667
273,alpha,,kospi_return_1d,0.03476528078317642
273,alpha,,fx_level_z_252,0.042372338473796844
274,beta,momentum,,-0.022203708067536354
274,beta,persist,,0.11006385087966919
274,beta,underwater,,-0.013620157726109028
274,B,momentum,kospi_return_1d,-0.00246637687087059
274,B,momentum,fx_level_z_252,-0.001404859242029488
274,B,persist,kospi_return_1d,-0.009229020215570927
274,B,persist,fx_level_z_252,0.0003559828328434378
274,B,underwater,kospi_return_1d,-0.0029986416921019554
274,B,underwater,fx_level_z_252,-0.0017240408342331648
274,alpha,,kospi_return_1d,0.03495330736041069
274,alpha,,fx_level_z_252,0.04240274801850319
275,beta,momentum,,-0.022228995338082314
275,beta,persist,,0.11017291247844696
275,beta,underwater,,-0.013491606339812279
275,B,momentum,kospi_return_1d,-0.002588776173070073
275,B,momentum,fx_level_z_252,-0.0011984965531155467
275,B,persist,kospi_return_1d,-0.008936784230172634
275,B,persist,fx_level_z_252,0.000227412732783705
275,B,underwater,kospi_return_1d,-0.0027982033789157867
275,B,underwater,fx_level_z_252,-0.002067116554826498
275,alpha,,kospi_return_1d,0.035087812691926956
275,alpha,,fx_level_z_252,0.04236846789717674
276,beta,momentum,,-0.022198352962732315
276,beta,persist,,0.11036442965269089
276,beta,underwater,,-0.01332966797053814
276,B,momentum,kospi_return_1d,-0.002959049539640546
276,B,momentum,fx_level_z_252,-0.0009491425007581711
276,B,persist,kospi_return_1d,-0.008569147437810898
276,B,persist,fx_level_z_252,0.00013472991122398525
276,B,underwater,kospi_return_1d,-0.0025574606843292713
276,B,underwater,fx_level_z_252,-0.0023727137595415115
276,alpha,,kospi_return_1d,0.03494682535529137
276,alpha,,fx_level_z_252,0.04234141483902931
277,beta,momentum,,-0.022222744300961494
277,beta,persist,,0.11047913879156113
277,beta,underwater,,-0.013125091791152954
277,B,momentum,kospi_return_1d,-0.0029425963293761015
277,B,momentum,fx_level_z_252,-0.0009383125579915941
277,B,persist,kospi_return_1d,-0.008466414175927639
277,B,persist,fx_level_z_252,0.00023610508651472628
277,B,underwater,kospi_return_1d,-0.002611154690384865
277,B,underwater,fx_level_z_252,-0.0023870328441262245
277,alpha,,kospi_return_1d,0.034829769283533096
277,alpha,,fx_level_z_252,0.04221115633845329
278,beta,momentum,,-0.022211646661162376
278,beta,persist,,0.11058387905359268
278,beta,underwater,,-0.012883522547781467
278,B,momentum,kospi_return_1d,-0.0027293337043374777
278,B,momentum,fx_level_z_252,-0.0010042337235063314
278,B,persist,kospi_return_1d,-0.008399451151490211
278,B,persist,fx_level_z_252,0.00047949914005585015
278,B,underwater,kospi_return_1d,-0.0025656430516391993
278,B,underwater,fx_level_z_252,-0.002146852668374777
278,alpha,,kospi_return_1d,0.034745536744594574
278,alpha,,fx_level_z_252,0.04200701788067818
279,beta,momentum,,-0.022277211770415306
279,beta,persist,,0.11079335957765579
279,beta,underwater,,-0.01267983764410019
279,B,momentum,kospi_return_1d,-0.0024709892459213734
279,B,momentum,fx_level_z_252,-0.0011349854758009315
279,B,persist,kospi_return_1d,-0.008420055732131004
279,B,persist,fx_level_z_252,0.0006434890674427152
279,B,underwater,kospi_return_1d,-0.0026604137383401394
279,B,underwater,fx_level_z_252,-0.0018230893183499575
279,alpha,,kospi_return_1d,0.034516531974077225
279,alpha,,fx_level_z_252,0.041863955557346344
280,beta,momentum,,-0.02213316410779953
280,beta,persist,,0.11094819754362106
280,beta,underwater,,-0.012628518976271152
280,B,momentum,kospi_return_1d,-0.002258126623928547
280,B,momentum,fx_level_z_252,-0.0011136308312416077
280,B,persist,kospi_return_1d,-0.008375628851354122
280,B,persist,fx_level_z_252,0.0008015282219275832
280,B,underwater,kospi_return_1d,-0.0026284263003617525
280,B,underwater,fx_level_z_252,-0.0018141376785933971
280,alpha,,kospi_return_1d,0.034324321895837784
280,alpha,,fx_level_z_252,0.04170889034867287
281,beta,momentum,,-0.022066641598939896
281,beta,persist,,0.11109471321105957
281,beta,underwater,,-0.012460638768970966
281,B,momentum,kospi_return_1d,-0.002056361874565482
281,B,momentum,fx_level_z_252,-0.0011093402281403542
281,B,persist,kospi_return_1d,-0.008506007492542267
281,B,persist,fx_level_z_252,0.0009865420870482922
281,B,underwater,kospi_return_1d,-0.002588119590654969
281,B,underwater,fx_level_z_252,-0.0016907872632145882
281,alpha,,kospi_return_1d,0.03421203792095184
281,alpha,,fx_level_z_252,0.04153766110539436
282,beta,momentum,,-0.021916214376688004
282,beta,persist,,0.11110331863164902
282,beta,underwater,,-0.012506593018770218
282,B,momentum,kospi_return_1d,-0.0018147601513192058
282,B,momentum,fx_level_z_252,-0.0011323612416163087
282,B,persist,kospi_return_1d,-0.008713055402040482
282,B,persist,fx_level_z_252,0.0011238944716751575
282,B,underwater,kospi_return_1d,-0.002598736435174942
282,B,underwater,fx_level_z_252,-0.0016684705624356866
282,alpha,,kospi_return_1d,0.03418387472629547
282,alpha,,fx_level_z_252,0.0413535051047802
283,beta,momentum,,-0.021722139790654182
283,beta,persist,,0.11104132980108261
283,beta,underwater,,-0.012547540478408337
283,B,momentum,kospi_return_1d,-0.0015097317518666387
283,B,momentum,fx_level_z_252,-0.0011804272653535008
283,B,persist,kospi_return_1d,-0.008824490010738373
283,B,persist,fx_level_z_252,0.001235010800883174
283,B,underwater,kospi_return_1d,-0.00255959527567029
283,B,underwater,fx_level_z_252,-0.0016325641190633178
283,alpha,,kospi_return_1d,0.03429214283823967
283,alpha,,fx_level_z_252,0.04106932505965233
284,beta,momentum,,-0.02160799875855446
284,beta,persist,,0.11095501482486725
284,beta,underwater,,-0.012475954368710518
284,B,momentum,kospi_return_1d,-0.001249456312507391
284,B,momentum,fx_level_z_252,-0.0011813417077064514
284,B,persist,kospi_return_1d,-0.008887228555977345
284,B,persist,fx_level_z_252,0.0013660016702488065
284,B,underwater,kospi_return_1d,-0.002642153762280941
284,B,underwater,fx_level_z_252,-0.0016955705359578133
284,alpha,,kospi_return_1d,0.03427266329526901
284,alpha,,fx_level_z_252,0.04099828749895096
285,beta,momentum,,-0.021566523239016533
285,beta,persist,,0.11084960401058197
285,beta,underwater,,-0.012267889454960823
285,B,momentum,kospi_return_1d,-0.001156967249698937
285,B,momentum,fx_level_z_252,-0.0012146520894020796
285,B,persist,kospi_return_1d,-0.008953412994742393
285,B,persist,fx_level_z_252,0.0015482540475204587
285,B,underwater,kospi_return_1d,-0.0027884880546480417
285,B,underwater,fx_level_z_252,-0.0016790861263871193
285,alpha,,kospi_return_1d,0.03435125946998596
285,alpha,,fx_level_z_252,0.041195519268512726
286,beta,momentum,,-0.021511590108275414
286,beta,persist,,0.11081766337156296
286,beta,underwater,,-0.012078453786671162
286,B,momentum,kospi_return_1d,-0.0010712265502661467
286,B,momentum,fx_level_z_252,-0.0012238918570801616
286,B,persist,kospi_return_1d,-0.008914360776543617
286,B,persist,fx_level_z_252,0.0016655043000355363
286,B,underwater,kospi_return_1d,-0.002856871346011758
286,B,underwater,fx_level_z_252,-0.0015474032843485475
286,alpha,,kospi_return_1d,0.03439401835203171
286,alpha,,fx_level_z_252,0.0412755161523819
287,beta,momentum,,-0.02150936983525753
287,beta,persist,,0.11081033200025558
287,beta,underwater,,-0.01198180578649044
287,B,momentum,kospi_return_1d,-0.001004719058983028
287,B,momentum,fx_level_z_252,-0.001018146867863834
287,B,persist,kospi_return_1d,-0.008891448378562927
287,B,persist,fx_level_z_252,0.0018061123555526137
287,B,underwater,kospi_return_1d,-0.0028662977274507284
287,B,underwater,fx_level_z_252,-0.0014133783988654613
287,alpha,,kospi_return_1d,0.03427692502737045
287,alpha,,fx_level_z_252,0.041314251720905304
288,beta,momentum,,-0.021543800830841064
288,beta,persist,,0.11074235290288925
288,beta,underwater,,-0.012023162096738815
288,B,momentum,kospi_return_1d,-0.0008459289092570543
288,B,momentum,fx_level_z_252,-0.0006645470857620239
288,B,persist,kospi_return_1d,-0.008969660848379135
288,B,persist,fx_level_z_252,0.001684510032646358
288,B,underwater,kospi_return_1d,-0.0028709047473967075
288,B,underwater,fx_level_z_252,-0.0014605658361688256
288,alpha,,kospi_return_1d,0.03430905565619469
288,alpha,,fx_level_z_252,0.04135236516594887
289,beta,momentum,,-0.02148822695016861
289,beta,persist,,0.11075516045093536
289,beta,underwater,,-0.012126659043133259
289,B,momentum,kospi_return_1d,-0.0008020873065106571
289,B,momentum,fx_level_z_252,-0.0002805484691634774
289,B,persist,kospi_return_1d,-0.009062168188393116
289,B,persist,fx_level_z_252,0.0016859936295077205
289,B,underwater,kospi_return_1d,-0.0027057393454015255
289,B,underwater,fx_level_z_252,-0.0015822453424334526
289,alpha,,kospi_return_1d,0.034283243119716644
289,alpha,,fx_level_z_252,0.041437696665525436
290,beta,momentum,,-0.02151627279818058
290,beta,persist,,0.11078248172998428
290,beta,underwater,,-0.012251044623553753
290,B,momentum,kospi_return_1d,-0.0010397618170827627
290,B,momentum,fx_level_z_252,0.00018926628399640322
290,B,persist,kospi_return_1d,-0.00912333931773901
290,B,persist,fx_level_z_252,0.001533685252070427
290,B,underwater,kospi_return_1d,-0.002519683912396431
290,B,underwater,fx_level_z_252,-0.0018561328761279583
290,alpha,,kospi_return_1d,0.03413049876689911
290,alpha,,fx_level_z_252,0.04144720360636711
291,beta,momentum,,-0.021639883518218994
291,beta,persist,,0.11083275824785233
291,beta,underwater,,-0.012201962992548943
291,B,momentum,kospi_return_1d,-0.0013060913188382983
291,B,momentum,fx_level_z_252,0.00020677142310887575
291,B,persist,kospi_return_1d,-0.009230449795722961
291,B,persist,fx_level_z_252,0.0017223189352080226
291,B,underwater,kospi_return_1d,-0.0024243041407316923
291,B,underwater,fx_level_z_252,-0.0019206689903512597
291,alpha,,kospi_return_1d,0.03390646353363991
291,alpha,,fx_level_z_252,0.04144895076751709
292,beta,momentum,,-0.02172360010445118
292,beta,persist,,0.11076975613832474
292,beta,underwater,,-0.012116664089262486
292,B,momentum,kospi_return_1d,-0.0015420621493831277
292,B,momentum,fx_level_z_252,-7.316892879316583e-05
292,B,persist,kospi_return_1d,-0.00935477763414383
292,B,persist,fx_level_z_252,0.0020525879226624966
292,B,underwater,kospi_return_1d,-0.0023458218201994896
292,B,underwater,fx_level_z_252,-0.0018309337319806218
292,alpha,,kospi_return_1d,0.03397681564092636
292,alpha,,fx_level_z_252,0.041296571493148804
293,beta,momentum,,-0.021966444328427315
293,beta,persist,,0.11080676317214966
293,beta,underwater,,-0.01191054005175829
293,B,momentum,kospi_return_1d,-0.001602634903974831
293,B,momentum,fx_level_z_252,-0.0003742735425475985
293,B,persist,kospi_return_1d,-0.009416739456355572
293,B,persist,fx_level_z_252,0.0022706538438796997
293,B,underwater,kospi_return_1d,-0.002311221556738019
293,B,underwater,fx_level_z_252,-0.0016313418745994568
293,alpha,,kospi_return_1d,0.0341777428984642
293,alpha,,fx_level_z_252,0.041153259575366974
294,beta,momentum,,-0.02227143384516239
294,beta,persist,,0.11085977405309677
294,beta,underwater,,-0.011726491153240204
294,B,momentum,kospi_return_1d,-0.0018191687995567918
294,B,momentum,fx_level_z_252,-0.0005179789150133729
294,B,persist,kospi_return_1d,-0.009361819364130497
294,B,persist,fx_level_z_252,0.002457472262904048
294,B,underwater,kospi_return_1d,-0.0023202530574053526
294,B,underwater,fx_level_z_252,-0.0012891639489680529
294,alpha,,kospi_return_1d,0.0343557707965374
294,alpha,,fx_level_z_252,0.04097603261470795
295,beta,momentum,,-0.02247932180762291
295,beta,persist,,0.11088012158870697
295,beta,underwater,,-0.011608587577939034
295,B,momentum,kospi_return_1d,-0.002109580673277378
295,B,momentum,fx_level_z_252,-0.0006950556416995823
295,B,persist,kospi_return_1d,-0.009357577189803123
295,B,persist,fx_level_z_252,0.002544120652601123
295,B,underwater,kospi_return_1d,-0.00233996519818902
295,B,underwater,fx_level_z_252,-0.0008771558059379458
295,alpha,,kospi_return_1d,0.03440673649311066
295,alpha,,fx_level_z_252,0.040670182555913925
296,beta,momentum,,-0.02281237207353115
296,beta,persist,,0.11090235412120819
296,beta,underwater,,-0.01151659432798624
296,B,momentum,kospi_return_1d,-0.00231929961591959
296,B,momentum,fx_level_z_252,-0.0008446798310615122
296,B,persist,kospi_return_1d,-0.009524527005851269
296,B,persist,fx_level_z_252,0.0025752633810043335
296,B,underwater,kospi_return_1d,-0.002498520538210869
296,B,underwater,fx_level_z_252,-0.0004952931776642799
296,alpha,,kospi_return_1d,0.034436360001564026
296,alpha,,fx_level_z_252,0.04041679948568344
297,beta,momentum,,-0.0230084378272295
297,beta,persist,,0.11098745465278625
297,beta,underwater,,-0.01137375645339489
297,B,momentum,kospi_return_1d,-0.002285952679812908
297,B,momentum,fx_level_z_252,-0.0009656092734076083
297,B,persist,kospi_return_1d,-0.009672091342508793
297,B,persist,fx_level_z_252,0.002602672902867198
297,B,underwater,kospi_return_1d,-0.002717694267630577
297,B,underwater,fx_level_z_252,-0.00019090026034973562
297,alpha,,kospi_return_1d,0.03442852944135666
297,alpha,,fx_level_z_252,0.040285516530275345
298,beta,momentum,,-0.022960957139730453
298,beta,persist,,0.11097092181444168
298,beta,underwater,,-0.011569783091545105
298,B,momentum,kospi_return_1d,-0.0022371665108948946
298,B,momentum,fx_level_z_252,-0.0010434017749503255
298,B,persist,kospi_return_1d,-0.009817185811698437
298,B,persist,fx_level_z_252,0.0026530942413955927
298,B,underwater,kospi_return_1d,-0.0027697572950273752
298,B,underwater,fx_level_z_252,-0.00021418315009213984
298,alpha,,kospi_return_1d,0.03443527594208717
298,alpha,,fx_level_z_252,0.0401657409965992
299,beta,momentum,,-0.02292814292013645
299,beta,persist,,0.11098124086856842
299,beta,underwater,,-0.011816497892141342
299,B,momentum,kospi_return_1d,-0.002295571845024824
299,B,momentum,fx_level_z_252,-0.000988705432973802
299,B,persist,kospi_return_1d,-0.009797859936952591
299,B,persist,fx_level_z_252,0.0024827702436596155
299,B,underwater,kospi_return_1d,-0.0024083678144961596
299,B,underwater,fx_level_z_252,-0.0003862361190840602
299,alpha,,kospi_return_1d,0.03451283648610115
299,alpha,,fx_level_z_252,0.040160827338695526
300,beta,momentum,,-0.023030221462249756
300,beta,persist,,0.11104650795459747
300,beta,underwater,,-0.011990813538432121
300,B,momentum,kospi_return_1d,-0.002415519440546632
300,B,momentum,fx_level_z_252,-0.000917569559533149
300,B,persist,kospi_return_1d,-0.009726284071803093
300,B,persist,fx_level_z_252,0.0021674868185073137
300,B,underwater,kospi_return_1d,-0.0020423470996320248
300,B,underwater,fx_level_z_252,-0.0005596830742433667
300,alpha,,kospi_return_1d,0.03463391587138176
300,alpha,,fx_level_z_252,0.04033377021551132
