epoch,parameter,feature,context,weight
0,beta,momentum,,0.0
0,beta,persist,,0.0
0,beta,underwater,,0.0
0,B,momentum,kospi_return_1d,0.0
0,B,momentum,fx_level_z_252,0.0
0,B,persist,kospi_return_1d,0.0
0,B,persist,fx_level_z_252,0.0
0,B,underwater,kospi_return_1d,0.0
0,B,underwater,fx_level_z_252,0.0
0,alpha,,kospi_return_1d,0.0
0,alpha,,fx_level_z_252,0.0
1,beta,momentum,,-0.001969965873286128
1,beta,persist,,0.0019743952434509993
1,beta,underwater,,0.001894399174489081
1,B,momentum,kospi_return_1d,-0.0006450755172409117
1,B,momentum,fx_level_z_252,0.001999751664698124
1,B,persist,kospi_return_1d,-0.0018167460802942514
1,B,persist,fx_level_z_252,-0.0019627721048891544
1,B,underwater,kospi_return_1d,-0.001987751107662916
1,B,underwater,fx_level_z_252,-0.0018806543666869402
1,alpha,,kospi_return_1d,-0.0019699810072779655
1,alpha,,fx_level_z_252,0.0020011672750115395
2,beta,momentum,,-0.003932952880859375
2,beta,persist,,0.003943628165870905
2,beta,underwater,,0.0037723102141171694
2,B,momentum,kospi_return_1d,-9.735772619023919e-05
2,B,momentum,fx_level_z_252,0.003961808513849974
2,B,persist,kospi_return_1d,-0.0024664264637976885
2,B,persist,fx_level_z_252,-0.003759850049391389
2,B,underwater,kospi_return_1d,-0.003843200858682394
2,B,underwater,fx_level_z_252,-0.0035279872827231884
2,alpha,,kospi_return_1d,-0.0039194803684949875
2,alpha,,fx_level_z_252,0.0039885700680315495
3,beta,momentum,,-0.005897315684705973
3,beta,persist,,0.0059038326144218445
3,beta,underwater,,0.005653520114719868
3,B,momentum,kospi_return_1d,0.00026067261933349073
3,B,momentum,fx_level_z_252,0.005830897018313408
3,B,persist,kospi_return_1d,-0.0034011295065283775
3,B,persist,fx_level_z_252,-0.005429391283541918
3,B,underwater,kospi_return_1d,-0.005079303868114948
3,B,underwater,fx_level_z_252,-0.004986293613910675
3,alpha,,kospi_return_1d,-0.005832156632095575
3,alpha,,fx_level_z_252,0.005930632818490267
4,beta,momentum,,-0.007851488888263702
4,beta,persist,,0.007858170196413994
4,beta,underwater,,0.007536524906754494
4,B,momentum,kospi_return_1d,6.241738446988165e-05
4,B,momentum,fx_level_z_252,0.007571099791675806
4,B,persist,kospi_return_1d,-0.004102669656276703
4,B,persist,fx_level_z_252,-0.007019876968115568
4,B,underwater,kospi_return_1d,-0.006250014528632164
4,B,underwater,fx_level_z_252,-0.0062407334335148335
4,alpha,,kospi_return_1d,-0.007707216776907444
4,alpha,,fx_level_z_252,0.00783928856253624
5,beta,momentum,,-0.009767135605216026
5,beta,persist,,0.009780180640518665
5,beta,underwater,,0.009373119100928307
5,B,momentum,kospi_return_1d,-0.0006739189848303795
5,B,momentum,fx_level_z_252,0.009221400134265423
5,B,persist,kospi_return_1d,-0.0045735519379377365
5,B,persist,fx_level_z_252,-0.008282489143311977
5,B,underwater,kospi_return_1d,-0.00694930600002408
5,B,underwater,fx_level_z_252,-0.007426838390529156
5,alpha,,kospi_return_1d,-0.009470729157328606
5,alpha,,fx_level_z_252,0.009675809182226658
6,beta,momentum,,-0.0116359181702137
6,beta,persist,,0.011687396094202995
6,beta,underwater,,0.011174019426107407
6,B,momentum,kospi_return_1d,-0.0014614020474255085
6,B,momentum,fx_level_z_252,0.010716378688812256
6,B,persist,kospi_return_1d,-0.004679777193814516
6,B,persist,fx_level_z_252,-0.009523208253085613
6,B,underwater,kospi_return_1d,-0.007069528568536043
6,B,underwater,fx_level_z_252,-0.008289181627333164
6,alpha,,kospi_return_1d,-0.011014432646334171
6,alpha,,fx_level_z_252,0.011494990438222885
7,beta,momentum,,-0.013476693071424961
7,beta,persist,,0.01357918418943882
7,beta,underwater,,0.012953338213264942
7,B,momentum,kospi_return_1d,-0.0018786487635225058
7,B,momentum,fx_level_z_252,0.012011104263365269
7,B,persist,kospi_return_1d,-0.004605138674378395
7,B,persist,fx_level_z_252,-0.010529689490795135
7,B,underwater,kospi_return_1d,-0.007171401288360357
7,B,underwater,fx_level_z_252,-0.008814535103738308
7,alpha,,kospi_return_1d,-0.012529420666396618
7,alpha,,fx_level_z_252,0.01329613383859396
8,beta,momentum,,-0.015256073325872421
8,beta,persist,,0.015434077009558678
8,beta,underwater,,0.014654268510639668
8,B,momentum,kospi_return_1d,-0.0018450628267601132
8,B,momentum,fx_level_z_252,0.012927930802106857
8,B,persist,kospi_return_1d,-0.004842874128371477
8,B,persist,fx_level_z_252,-0.011043339967727661
8,B,underwater,kospi_return_1d,-0.007316790521144867
8,B,underwater,fx_level_z_252,-0.00885340292006731
8,alpha,,kospi_return_1d,-0.013924302533268929
8,alpha,,fx_level_z_252,0.015036492608487606
9,beta,momentum,,-0.017010172829031944
9,beta,persist,,0.017271429300308228
9,beta,underwater,,0.01631116308271885
9,B,momentum,kospi_return_1d,-0.0018908740021288395
9,B,momentum,fx_level_z_252,0.013684140518307686
9,B,persist,kospi_return_1d,-0.005210547707974911
9,B,persist,fx_level_z_252,-0.011428958736360073
9,B,underwater,kospi_return_1d,-0.007299838121980429
9,B,underwater,fx_level_z_252,-0.008734595961868763
9,alpha,,kospi_return_1d,-0.01520440261811018
9,alpha,,fx_level_z_252,0.016740184277296066
10,beta,momentum,,-0.018681688234210014
10,beta,persist,,0.019069908186793327
10,beta,underwater,,0.017864128574728966
10,B,momentum,kospi_return_1d,-0.0019156080670654774
10,B,momentum,fx_level_z_252,0.014304948970675468
10,B,persist,kospi_return_1d,-0.00564530398696661
10,B,persist,fx_level_z_252,-0.011775320395827293
10,B,underwater,kospi_return_1d,-0.0072293407283723354
10,B,underwater,fx_level_z_252,-0.008899902924895287
10,alpha,,kospi_return_1d,-0.016284726560115814
10,alpha,,fx_level_z_252,0.018349701538681984
11,beta,momentum,,-0.020290162414312363
11,beta,persist,,0.020817561075091362
11,beta,underwater,,0.019359435886144638
11,B,momentum,kospi_return_1d,-0.0018056902335956693
11,B,momentum,fx_level_z_252,0.014646969735622406
11,B,persist,kospi_return_1d,-0.006121752317994833
11,B,persist,fx_level_z_252,-0.011855515651404858
11,B,underwater,kospi_return_1d,-0.007249545771628618
11,B,underwater,fx_level_z_252,-0.00908784568309784
11,alpha,,kospi_return_1d,-0.017088057473301888
11,alpha,,fx_level_z_252,0.019914550706744194
12,beta,momentum,,-0.021814074367284775
12,beta,persist,,0.02251804806292057
12,beta,underwater,,0.020739421248435974
12,B,momentum,kospi_return_1d,-0.0015417301328852773
12,B,momentum,fx_level_z_252,0.0146354204043746
12,B,persist,kospi_return_1d,-0.006680603139102459
12,B,persist,fx_level_z_252,-0.011732100509107113
12,B,underwater,kospi_return_1d,-0.0071641686372458935
12,B,underwater,fx_level_z_252,-0.009249257855117321
12,alpha,,kospi_return_1d,-0.017732197418808937
12,alpha,,fx_level_z_252,0.021364009007811546
13,beta,momentum,,-0.023280257359147072
13,beta,persist,,0.024189889430999756
13,beta,underwater,,0.022038167342543602
13,B,momentum,kospi_return_1d,-0.001275309594348073
13,B,momentum,fx_level_z_252,0.014522623270750046
13,B,persist,kospi_return_1d,-0.007310350891202688
13,B,persist,fx_level_z_252,-0.011404475197196007
13,B,underwater,kospi_return_1d,-0.007050896063446999
13,B,underwater,fx_level_z_252,-0.009441634640097618
13,alpha,,kospi_return_1d,-0.018208097666502
13,alpha,,fx_level_z_252,0.02276369370520115
14,beta,momentum,,-0.024648360908031464
14,beta,persist,,0.025834398344159126
14,beta,underwater,,0.023256978020071983
14,B,momentum,kospi_return_1d,-0.001133927027694881
14,B,momentum,fx_level_z_252,0.014212763868272305
14,B,persist,kospi_return_1d,-0.0077147893607616425
14,B,persist,fx_level_z_252,-0.010950176976621151
14,B,underwater,kospi_return_1d,-0.00654076412320137
14,B,underwater,fx_level_z_252,-0.009676127694547176
14,alpha,,kospi_return_1d,-0.018492434173822403
14,alpha,,fx_level_z_252,0.02405768632888794
15,beta,momentum,,-0.025916581973433495
15,beta,persist,,0.02744031511247158
15,beta,underwater,,0.024422377347946167
15,B,momentum,kospi_return_1d,-0.0008345859823748469
15,B,momentum,fx_level_z_252,0.013998360373079777
15,B,persist,kospi_return_1d,-0.008093612268567085
15,B,persist,fx_level_z_252,-0.010501474142074585
15,B,underwater,kospi_return_1d,-0.005826330278068781
15,B,underwater,fx_level_z_252,-0.010095011442899704
15,alpha,,kospi_return_1d,-0.018492667004466057
15,alpha,,fx_level_z_252,0.025240827351808548
16,beta,momentum,,-0.02711203135550022
16,beta,persist,,0.02899397350847721
16,beta,underwater,,0.025436613708734512
16,B,momentum,kospi_return_1d,-0.00039984844624996185
16,B,momentum,fx_level_z_252,0.01383809931576252
16,B,persist,kospi_return_1d,-0.00850968062877655
16,B,persist,fx_level_z_252,-0.010071800090372562
16,B,underwater,kospi_return_1d,-0.00516073452308774
16,B,underwater,fx_level_z_252,-0.010741460137069225
16,alpha,,kospi_return_1d,-0.018202947452664375
16,alpha,,fx_level_z_252,0.026273567229509354
17,beta,momentum,,-0.02823605015873909
17,beta,persist,,0.030488859862089157
17,beta,underwater,,0.026313956826925278
17,B,momentum,kospi_return_1d,-0.0001815252471715212
17,B,momentum,fx_level_z_252,0.013734721578657627
17,B,persist,kospi_return_1d,-0.008747381158173084
17,B,persist,fx_level_z_252,-0.009830388240516186
17,B,underwater,kospi_return_1d,-0.004220182076096535
17,B,underwater,fx_level_z_252,-0.011653788387775421
17,alpha,,kospi_return_1d,-0.017729388549923897
17,alpha,,fx_level_z_252,0.02718653343617916
18,beta,momentum,,-0.029257986694574356
18,beta,persist,,0.03195944055914879
18,beta,underwater,,0.0270772073417902
18,B,momentum,kospi_return_1d,3.218112397007644e-05
18,B,momentum,fx_level_z_252,0.013476721942424774
18,B,persist,kospi_return_1d,-0.009025626815855503
18,B,persist,fx_level_z_252,-0.00965313334017992
18,B,underwater,kospi_return_1d,-0.0032152850180864334
18,B,underwater,fx_level_z_252,-0.012509447522461414
18,alpha,,kospi_return_1d,-0.01713644340634346
18,alpha,,fx_level_z_252,0.02797742746770382
19,beta,momentum,,-0.030124526470899582
19,beta,persist,,0.03335310146212578
19,beta,underwater,,0.0276570413261652
19,B,momentum,kospi_return_1d,0.00015862463624216616
19,B,momentum,fx_level_z_252,0.01320765633136034
19,B,persist,kospi_return_1d,-0.009153815917670727
19,B,persist,fx_level_z_252,-0.009388700127601624
19,B,underwater,kospi_return_1d,-0.0021770435851067305
19,B,underwater,fx_level_z_252,-0.013512571342289448
19,alpha,,kospi_return_1d,-0.016286315396428108
19,alpha,,fx_level_z_252,0.02858288213610649
20,beta,momentum,,-0.03089090622961521
20,beta,persist,,0.03470585122704506
20,beta,underwater,,0.02816871367394924
20,B,momentum,kospi_return_1d,0.00041688146302476525
20,B,momentum,fx_level_z_252,0.012799466960132122
20,B,persist,kospi_return_1d,-0.009325346909463406
20,B,persist,fx_level_z_252,-0.009086738340556622
20,B,underwater,kospi_return_1d,-0.0013232253259047866
20,B,underwater,fx_level_z_252,-0.014377685263752937
20,alpha,,kospi_return_1d,-0.015334551222622395
20,alpha,,fx_level_z_252,0.02909492701292038
21,beta,momentum,,-0.03159896284341812
21,beta,persist,,0.036056000739336014
21,beta,underwater,,0.028677314519882202
21,B,momentum,kospi_return_1d,0.0006738037918694317
21,B,momentum,fx_level_z_252,0.012198598124086857
21,B,persist,kospi_return_1d,-0.009548528119921684
21,B,persist,fx_level_z_252,-0.008660663850605488
21,B,underwater,kospi_return_1d,-0.0004894162993878126
21,B,underwater,fx_level_z_252,-0.014999305829405785
21,alpha,,kospi_return_1d,-0.014347112737596035
21,alpha,,fx_level_z_252,0.029548194259405136
22,beta,momentum,,-0.03221755102276802
22,beta,persist,,0.03732728958129883
22,beta,underwater,,0.029142512008547783
22,B,momentum,kospi_return_1d,0.0009699597139842808
22,B,momentum,fx_level_z_252,0.011460449546575546
22,B,persist,kospi_return_1d,-0.009662398137152195
22,B,persist,fx_level_z_252,-0.008225223049521446
22,B,underwater,kospi_return_1d,0.00035465965629555285
22,B,underwater,fx_level_z_252,-0.015616449527442455
22,alpha,,kospi_return_1d,-0.013214432634413242
22,alpha,,fx_level_z_252,0.029905106872320175
23,beta,momentum,,-0.03282824158668518
23,beta,persist,,0.03857370465993881
23,beta,underwater,,0.029556218534708023
23,B,momentum,kospi_return_1d,0.0010660196421667933
23,B,momentum,fx_level_z_252,0.010814089328050613
23,B,persist,kospi_return_1d,-0.009800984524190426
23,B,persist,fx_level_z_252,-0.0077283866703510284
23,B,underwater,kospi_return_1d,0.0011391022708266973
23,B,underwater,fx_level_z_252,-0.016223682090640068
23,alpha,,kospi_return_1d,-0.012014915235340595
23,alpha,,fx_level_z_252,0.030205655843019485
24,beta,momentum,,-0.033421650528907776
24,beta,persist,,0.03980270028114319
24,beta,underwater,,0.029897253960371017
24,B,momentum,kospi_return_1d,0.0009313494083471596
24,B,momentum,fx_level_z_252,0.010192524641752243
24,B,persist,kospi_return_1d,-0.009923528879880905
24,B,persist,fx_level_z_252,-0.007250254508107901
24,B,underwater,kospi_return_1d,0.0018062895396724343
24,B,underwater,fx_level_z_252,-0.016766240820288658
24,alpha,,kospi_return_1d,-0.010812290944159031
24,alpha,,fx_level_z_252,0.03044329769909382
25,beta,momentum,,-0.03395019844174385
25,beta,persist,,0.041011933237314224
25,beta,underwater,,0.030201392248272896
25,B,momentum,kospi_return_1d,0.0009010086068883538
25,B,momentum,fx_level_z_252,0.009512734599411488
25,B,persist,kospi_return_1d,-0.010109622031450272
25,B,persist,fx_level_z_252,-0.006682969629764557
25,B,underwater,kospi_return_1d,0.002291264245286584
25,B,underwater,fx_level_z_252,-0.01742999255657196
25,alpha,,kospi_return_1d,-0.00953189842402935
25,alpha,,fx_level_z_252,0.030590320006012917
26,beta,momentum,,-0.03439178317785263
26,beta,persist,,0.04218791425228119
26,beta,underwater,,0.030420612543821335
26,B,momentum,kospi_return_1d,0.0006703169201500714
26,B,momentum,fx_level_z_252,0.008770724758505821
26,B,persist,kospi_return_1d,-0.010279661044478416
26,B,persist,fx_level_z_252,-0.005998668260872364
26,B,underwater,kospi_return_1d,0.0028191227465867996
26,B,underwater,fx_level_z_252,-0.01811378076672554
26,alpha,,kospi_return_1d,-0.00822122860699892
26,alpha,,fx_level_z_252,0.03067629225552082
27,beta,momentum,,-0.03482195362448692
27,beta,persist,,0.04339580237865448
27,beta,underwater,,0.030632492154836655
27,B,momentum,kospi_return_1d,0.00036313149030320346
27,B,momentum,fx_level_z_252,0.00786250177770853
27,B,persist,kospi_return_1d,-0.01044402550905943
27,B,persist,fx_level_z_252,-0.005333258770406246
27,B,underwater,kospi_return_1d,0.003274457296356559
27,B,underwater,fx_level_z_252,-0.018678298220038414
27,alpha,,kospi_return_1d,-0.006930280476808548
27,alpha,,fx_level_z_252,0.03083055093884468
28,beta,momentum,,-0.03520895540714264
28,beta,persist,,0.04459827393293381
28,beta,underwater,,0.030786992982029915
28,B,momentum,kospi_return_1d,0.00017078992095775902
28,B,momentum,fx_level_z_252,0.0068688057363033295
28,B,persist,kospi_return_1d,-0.010582854971289635
28,B,persist,fx_level_z_252,-0.004788583144545555
28,B,underwater,kospi_return_1d,0.0035493941977620125
28,B,underwater,fx_level_z_252,-0.019204115495085716
28,alpha,,kospi_return_1d,-0.005675249733030796
28,alpha,,fx_level_z_252,0.030980156734585762
29,beta,momentum,,-0.03556780517101288
29,beta,persist,,0.04580366238951683
29,beta,underwater,,0.030870860442519188
29,B,momentum,kospi_return_1d,-9.45433639572002e-05
29,B,momentum,fx_level_z_252,0.00602133572101593
29,B,persist,kospi_return_1d,-0.010693414136767387
29,B,persist,fx_level_z_252,-0.004496810957789421
29,B,underwater,kospi_return_1d,0.00385491456836462
29,B,underwater,fx_level_z_252,-0.01976889558136463
29,alpha,,kospi_return_1d,-0.0045922729186713696
29,alpha,,fx_level_z_252,0.03114047460258007
30,beta,momentum,,-0.0358816459774971
30,beta,persist,,0.04700569435954094
30,beta,underwater,,0.030928412452340126
30,B,momentum,kospi_return_1d,-0.00015839065599720925
30,B,momentum,fx_level_z_252,0.0052956026047468185
30,B,persist,kospi_return_1d,-0.01075005903840065
30,B,persist,fx_level_z_252,-0.004320182837545872
30,B,underwater,kospi_return_1d,0.004150584805756807
30,B,underwater,fx_level_z_252,-0.020389044657349586
30,alpha,,kospi_return_1d,-0.00358390249311924
30,alpha,,fx_level_z_252,0.03133971989154816
31,beta,momentum,,-0.036142922937870026
31,beta,persist,,0.048174899071455
31,beta,underwater,,0.030971279367804527
31,B,momentum,kospi_return_1d,-6.281438982114196e-05
31,B,momentum,fx_level_z_252,0.004371884278953075
31,B,persist,kospi_return_1d,-0.010863584466278553
31,B,persist,fx_level_z_252,-0.00400148332118988
31,B,underwater,kospi_return_1d,0.004286386072635651
31,B,underwater,fx_level_z_252,-0.020840123295783997
31,alpha,,kospi_return_1d,-0.002629791386425495
31,alpha,,fx_level_z_252,0.03142790496349335
32,beta,momentum,,-0.03639448434114456
32,beta,persist,,0.049334555864334106
32,beta,underwater,,0.03102932870388031
32,B,momentum,kospi_return_1d,6.050420779502019e-05
32,B,momentum,fx_level_z_252,0.0033451977651566267
32,B,persist,kospi_return_1d,-0.01104144286364317
32,B,persist,fx_level_z_252,-0.0034792390652000904
32,B,underwater,kospi_return_1d,0.0043133837170898914
32,B,underwater,fx_level_z_252,-0.021238988265395164
32,alpha,,kospi_return_1d,-0.0018294601468369365
32,alpha,,fx_level_z_252,0.03138381615281105
33,beta,momentum,,-0.03659798577427864
33,beta,persist,,0.05043170228600502
33,beta,underwater,,0.031002134084701538
33,B,momentum,kospi_return_1d,6.307807780103758e-05
33,B,momentum,fx_level_z_252,0.002299030078575015
33,B,persist,kospi_return_1d,-0.011412953026592731
33,B,persist,fx_level_z_252,-0.0029657308477908373
33,B,underwater,kospi_return_1d,0.004187746439129114
33,B,underwater,fx_level_z_252,-0.021646620705723763
33,alpha,,kospi_return_1d,-0.0008433469338342547
33,alpha,,fx_level_z_252,0.0314473956823349
34,beta,momentum,,-0.036753665655851364
34,beta,persist,,0.05149652063846588
34,beta,underwater,,0.0308961421251297
34,B,momentum,kospi_return_1d,-2.2174048353917897e-05
34,B,momentum,fx_level_z_252,0.0012559910537675023
34,B,persist,kospi_return_1d,-0.01159932091832161
34,B,persist,fx_level_z_252,-0.0025512168649584055
34,B,underwater,kospi_return_1d,0.004121543373912573
34,B,underwater,fx_level_z_252,-0.02215363085269928
34,alpha,,kospi_return_1d,0.0002596323029138148
34,alpha,,fx_level_z_252,0.031474724411964417
35,beta,momentum,,-0.036924220621585846
35,beta,persist,,0.05254369229078293
35,beta,underwater,,0.030727138742804527
35,B,momentum,kospi_return_1d,-0.000111442590423394
35,B,momentum,fx_level_z_252,0.0003465187328401953
35,B,persist,kospi_return_1d,-0.01163147296756506
35,B,persist,fx_level_z_252,-0.0020980359986424446
35,B,underwater,kospi_return_1d,0.004163305275142193
35,B,underwater,fx_level_z_252,-0.022793957963585854
35,alpha,,kospi_return_1d,0.0011909728636965156
35,alpha,,fx_level_z_252,0.03129773586988449
36,beta,momentum,,-0.037090688943862915
36,beta,persist,,0.05360196903347969
36,beta,underwater,,0.030651213601231575
36,B,momentum,kospi_return_1d,-2.4352921172976494e-06
36,B,momentum,fx_level_z_252,-0.0004627373127732426
36,B,persist,kospi_return_1d,-0.011672228574752808
36,B,persist,fx_level_z_252,-0.0016587560530751944
36,B,underwater,kospi_return_1d,0.004034264013171196
36,B,underwater,fx_level_z_252,-0.023359475657343864
36,alpha,,kospi_return_1d,0.0019117086194455624
36,alpha,,fx_level_z_252,0.03114834986627102
37,beta,momentum,,-0.037272658199071884
37,beta,persist,,0.05467246472835541
37,beta,underwater,,0.030559193342924118
37,B,momentum,kospi_return_1d,0.00016618995869066566
37,B,momentum,fx_level_z_252,-0.0009661131771281362
37,B,persist,kospi_return_1d,-0.011759894900023937
37,B,persist,fx_level_z_252,-0.0013070220593363047
37,B,underwater,kospi_return_1d,0.0038622876163572073
37,B,underwater,fx_level_z_252,-0.024081846699118614
37,alpha,,kospi_return_1d,0.0025859938468784094
37,alpha,,fx_level_z_252,0.031094998121261597
38,beta,momentum,,-0.03746681660413742
38,beta,persist,,0.05572371184825897
38,beta,underwater,,0.030470017343759537
38,B,momentum,kospi_return_1d,0.0003193308075424284
38,B,momentum,fx_level_z_252,-0.0013693597866222262
38,B,persist,kospi_return_1d,-0.012100962921977043
38,B,persist,fx_level_z_252,-0.0009618332842364907
38,B,underwater,kospi_return_1d,0.003517785109579563
38,B,underwater,fx_level_z_252,-0.02464606799185276
38,alpha,,kospi_return_1d,0.003257934469729662
38,alpha,,fx_level_z_252,0.031052276492118835
39,beta,momentum,,-0.03763823211193085
39,beta,persist,,0.05679183453321457
39,beta,underwater,,0.030369505286216736
39,B,momentum,kospi_return_1d,0.00038271868834272027
39,B,momentum,fx_level_z_252,-0.0018350128084421158
39,B,persist,kospi_return_1d,-0.012447934597730637
39,B,persist,fx_level_z_252,-0.0005004025879316032
39,B,underwater,kospi_return_1d,0.003143502864986658
39,B,underwater,fx_level_z_252,-0.024998340755701065
39,alpha,,kospi_return_1d,0.003785492852330208
39,alpha,,fx_level_z_252,0.031031571328639984
40,beta,momentum,,-0.03782233968377113
40,beta,persist,,0.05784199386835098
40,beta,underwater,,0.030240729451179504
40,B,momentum,kospi_return_1d,0.00045589491492137313
40,B,momentum,fx_level_z_252,-0.0020285844802856445
40,B,persist,kospi_return_1d,-0.012804788537323475
40,B,persist,fx_level_z_252,-0.00013244571164250374
40,B,underwater,kospi_return_1d,0.0027337640058249235
40,B,underwater,fx_level_z_252,-0.025453364476561546
40,alpha,,kospi_return_1d,0.004288977012038231
40,alpha,,fx_level_z_252,0.030942052602767944
41,beta,momentum,,-0.038061659783124924
41,beta,persist,,0.058864012360572815
41,beta,underwater,,0.030147826299071312
41,B,momentum,kospi_return_1d,0.0004649763577617705
41,B,momentum,fx_level_z_252,-0.0021866965107619762
41,B,persist,kospi_return_1d,-0.013175424188375473
41,B,persist,fx_level_z_252,0.00018168854876421392
41,B,underwater,kospi_return_1d,0.002169224200770259
41,B,underwater,fx_level_z_252,-0.0257231667637825
41,alpha,,kospi_return_1d,0.004840045236051083
41,alpha,,fx_level_z_252,0.03080029971897602
42,beta,momentum,,-0.03820063918828964
42,beta,persist,,0.059804026037454605
42,beta,underwater,,0.029924731701612473
42,B,momentum,kospi_return_1d,0.0003783214488066733
42,B,momentum,fx_level_z_252,-0.0021926886402070522
42,B,persist,kospi_return_1d,-0.013415803201496601
42,B,persist,fx_level_z_252,0.00023453804897144437
42,B,underwater,kospi_return_1d,0.0017573264194652438
42,B,underwater,fx_level_z_252,-0.026092996820807457
42,alpha,,kospi_return_1d,0.005478656385093927
42,alpha,,fx_level_z_252,0.03052069991827011
43,beta,momentum,,-0.03831425681710243
43,beta,persist,,0.06073657050728798
43,beta,underwater,,0.02968404069542885
43,B,momentum,kospi_return_1d,0.00021659937920048833
43,B,momentum,fx_level_z_252,-0.002232958097010851
43,B,persist,kospi_return_1d,-0.013603730127215385
43,B,persist,fx_level_z_252,0.00022859031741973013
43,B,underwater,kospi_return_1d,0.0013881458435207605
43,B,underwater,fx_level_z_252,-0.026485316455364227
43,alpha,,kospi_return_1d,0.006059432402253151
43,alpha,,fx_level_z_252,0.030221620574593544
44,beta,momentum,,-0.038424987345933914
44,beta,persist,,0.061691537499427795
44,beta,underwater,,0.029482439160346985
44,B,momentum,kospi_return_1d,4.0795759559841827e-05
44,B,momentum,fx_level_z_252,-0.0022696801461279392
44,B,persist,kospi_return_1d,-0.013741821050643921
44,B,persist,fx_level_z_252,0.00023871661687735468
44,B,underwater,kospi_return_1d,0.0009764987044036388
44,B,underwater,fx_level_z_252,-0.026827780529856682
44,alpha,,kospi_return_1d,0.0065354760736227036
44,alpha,,fx_level_z_252,0.029964622110128403
45,beta,momentum,,-0.03847341239452362
45,beta,persist,,0.06261419504880905
45,beta,underwater,,0.029234765097498894
45,B,momentum,kospi_return_1d,-8.733830327400938e-05
45,B,momentum,fx_level_z_252,-0.0023021118249744177
45,B,persist,kospi_return_1d,-0.014059539884328842
45,B,persist,fx_level_z_252,0.0001233078946825117
45,B,underwater,kospi_return_1d,0.000566380622331053
45,B,underwater,fx_level_z_252,-0.027131052687764168
45,alpha,,kospi_return_1d,0.0070131272077560425
45,alpha,,fx_level_z_252,0.02967142127454281
46,beta,momentum,,-0.03846757486462593
46,beta,persist,,0.06353279203176498
46,beta,underwater,,0.028944609686732292
46,B,momentum,kospi_return_1d,-0.00023882936511654407
46,B,momentum,fx_level_z_252,-0.002355115255340934
46,B,persist,kospi_return_1d,-0.014342810027301311
46,B,persist,fx_level_z_252,-2.601282176328823e-05
46,B,underwater,kospi_return_1d,0.00018983960035257041
46,B,underwater,fx_level_z_252,-0.02727547660470009
46,alpha,,kospi_return_1d,0.007493121549487114
46,alpha,,fx_level_z_252,0.029278116300702095
47,beta,momentum,,-0.03849859908223152
47,beta,persist,,0.06446151435375214
47,beta,underwater,,0.02862253598868847
47,B,momentum,kospi_return_1d,-0.0002985501487273723
47,B,momentum,fx_level_z_252,-0.002322827698662877
47,B,persist,kospi_return_1d,-0.014529314823448658
47,B,persist,fx_level_z_252,-0.00016949749260675162
47,B,underwater,kospi_return_1d,-0.0001168316084658727
47,B,underwater,fx_level_z_252,-0.027491964399814606
47,alpha,,kospi_return_1d,0.007926881313323975
47,alpha,,fx_level_z_252,0.028955575078725815
48,beta,momentum,,-0.03858593478798866
48,beta,persist,,0.06541691720485687
48,beta,underwater,,0.02836035192012787
48,B,momentum,kospi_return_1d,-0.00022699148394167423
48,B,momentum,fx_level_z_252,-0.00226729828864336
48,B,persist,kospi_return_1d,-0.014546255581080914
48,B,persist,fx_level_z_252,-0.0002722872013691813
48,B,underwater,kospi_return_1d,-0.00024680254864506423
48,B,underwater,fx_level_z_252,-0.027682485058903694
48,alpha,,kospi_return_1d,0.008398161269724369
48,alpha,,fx_level_z_252,0.02862352877855301
49,beta,momentum,,-0.038647428154945374
49,beta,persist,,0.06636514514684677
49,beta,underwater,,0.028126215562224388
49,B,momentum,kospi_return_1d,-0.00015708243881817907
49,B,momentum,fx_level_z_252,-0.0022294530645012856
49,B,persist,kospi_return_1d,-0.014542149379849434
49,B,persist,fx_level_z_252,-0.00026087608421221375
49,B,underwater,kospi_return_1d,-0.0001225091691594571
49,B,underwater,fx_level_z_252,-0.02777940221130848
49,alpha,,kospi_return_1d,0.008864587172865868
49,alpha,,fx_level_z_252,0.02822129800915718
50,beta,momentum,,-0.03878796100616455
50,beta,persist,,0.06729962676763535
50,beta,underwater,,0.02797032706439495
50,B,momentum,kospi_return_1d,3.607934922911227e-05
50,B,momentum,fx_level_z_252,-0.00212326692417264
50,B,persist,kospi_return_1d,-0.014546475373208523
50,B,persist,fx_level_z_252,-0.0001415932783856988
50,B,underwater,kospi_return_1d,4.7207868192344904e-05
50,B,underwater,fx_level_z_252,-0.02771402895450592
50,alpha,,kospi_return_1d,0.00923516321927309
50,alpha,,fx_level_z_252,0.027993835508823395
51,beta,momentum,,-0.03887632489204407
51,beta,persist,,0.06817177683115005
51,beta,underwater,,0.027779528871178627
51,B,momentum,kospi_return_1d,0.0003295948263257742
51,B,momentum,fx_level_z_252,-0.002008993411436677
51,B,persist,kospi_return_1d,-0.014662949368357658
51,B,persist,fx_level_z_252,8.841941598802805e-05
51,B,underwater,kospi_return_1d,9.46851068874821e-05
51,B,underwater,fx_level_z_252,-0.02766534686088562
51,alpha,,kospi_return_1d,0.009798381477594376
51,alpha,,fx_level_z_252,0.027757253497838974
52,beta,momentum,,-0.0389753133058548
52,beta,persist,,0.06904453039169312
52,beta,underwater,,0.027648404240608215
52,B,momentum,kospi_return_1d,0.00048754626186564565
52,B,momentum,fx_level_z_252,-0.0019678419921547174
52,B,persist,kospi_return_1d,-0.014667735435068607
52,B,persist,fx_level_z_252,0.00023685386986471713
52,B,underwater,kospi_return_1d,3.45306470990181e-05
52,B,underwater,fx_level_z_252,-0.02754713036119938
52,alpha,,kospi_return_1d,0.01032605953514576
52,alpha,,fx_level_z_252,0.02758537046611309
53,beta,momentum,,-0.039081405848264694
53,beta,persist,,0.06992825120687485
53,beta,underwater,,0.027466047555208206
53,B,momentum,kospi_return_1d,0.0004824222414754331
53,B,momentum,fx_level_z_252,-0.0018472180236130953
53,B,persist,kospi_return_1d,-0.014636003412306309
53,B,persist,fx_level_z_252,0.00019527312542777508
53,B,underwater,kospi_return_1d,6.160413613542914e-05
53,B,underwater,fx_level_z_252,-0.027465742081403732
53,alpha,,kospi_return_1d,0.010772153735160828
53,alpha,,fx_level_z_252,0.027452144771814346
54,beta,momentum,,-0.03915798291563988
54,beta,persist,,0.07081901282072067
54,beta,underwater,,0.02736607939004898
54,B,momentum,kospi_return_1d,0.00030867638997733593
54,B,momentum,fx_level_z_252,-0.0018630872946232557
54,B,persist,kospi_return_1d,-0.01460182759910822
54,B,persist,fx_level_z_252,8.834446634864435e-05
54,B,underwater,kospi_return_1d,0.00020111023331992328
54,B,underwater,fx_level_z_252,-0.02722599171102047
54,alpha,,kospi_return_1d,0.01120740920305252
54,alpha,,fx_level_z_252,0.027405284345149994
55,beta,momentum,,-0.03918503224849701
55,beta,persist,,0.07166402041912079
55,beta,underwater,,0.027272380888462067
55,B,momentum,kospi_return_1d,-9.590090485289693e-06
55,B,momentum,fx_level_z_252,-0.0021426226012408733
55,B,persist,kospi_return_1d,-0.014434678480029106
55,B,persist,fx_level_z_252,0.00024624395882710814
55,B,underwater,kospi_return_1d,0.00032227628980763257
55,B,underwater,fx_level_z_252,-0.026700664311647415
55,alpha,,kospi_return_1d,0.01161008421331644
55,alpha,,fx_level_z_252,0.027366595342755318
56,beta,momentum,,-0.03910752758383751
56,beta,persist,,0.07244239002466202
56,beta,underwater,,0.027109352871775627
56,B,momentum,kospi_return_1d,-0.000300080340821296
56,B,momentum,fx_level_z_252,-0.0025751516222953796
56,B,persist,kospi_return_1d,-0.014208952896296978
56,B,persist,fx_level_z_252,0.00038594810757786036
56,B,underwater,kospi_return_1d,0.0004076312470715493
56,B,underwater,fx_level_z_252,-0.026066452264785767
56,alpha,,kospi_return_1d,0.01211509108543396
56,alpha,,fx_level_z_252,0.027150949463248253
57,beta,momentum,,-0.03895382955670357
57,beta,persist,,0.07324693351984024
57,beta,underwater,,0.02693256549537182
57,B,momentum,kospi_return_1d,-0.0004687265900429338
57,B,momentum,fx_level_z_252,-0.0030416117515414953
57,B,persist,kospi_return_1d,-0.014040885493159294
57,B,persist,fx_level_z_252,0.0004443758225534111
57,B,underwater,kospi_return_1d,0.00046510438551194966
57,B,underwater,fx_level_z_252,-0.025360647588968277
57,alpha,,kospi_return_1d,0.012544045224785805
57,alpha,,fx_level_z_252,0.026924973353743553
58,beta,momentum,,-0.038839638233184814
58,beta,persist,,0.07403299957513809
58,beta,underwater,,0.02670603059232235
58,B,momentum,kospi_return_1d,-0.000556565064471215
58,B,momentum,fx_level_z_252,-0.0033611017279326916
58,B,persist,kospi_return_1d,-0.013944626785814762
58,B,persist,fx_level_z_252,0.00037100096233189106
58,B,underwater,kospi_return_1d,0.00043177162297070026
58,B,underwater,fx_level_z_252,-0.024788593873381615
58,alpha,,kospi_return_1d,0.012815961614251137
58,alpha,,fx_level_z_252,0.026762913912534714
59,beta,momentum,,-0.03877447918057442
59,beta,persist,,0.07479746639728546
59,beta,underwater,,0.026517873629927635
59,B,momentum,kospi_return_1d,-0.000597215723246336
59,B,momentum,fx_level_z_252,-0.0034431524109095335
59,B,persist,kospi_return_1d,-0.013788814656436443
59,B,persist,fx_level_z_252,0.0001585605350555852
59,B,underwater,kospi_return_1d,0.00043864449253305793
59,B,underwater,fx_level_z_252,-0.024397309869527817
59,alpha,,kospi_return_1d,0.013073104433715343
59,alpha,,fx_level_z_252,0.026780547574162483
60,beta,momentum,,-0.0386408232152462
60,beta,persist,,0.07549319416284561
60,beta,underwater,,0.026247987523674965
60,B,momentum,kospi_return_1d,-0.0003772950149141252
60,B,momentum,fx_level_z_252,-0.0035644120071083307
60,B,persist,kospi_return_1d,-0.01396671961992979
60,B,persist,fx_level_z_252,-9.322884579887614e-07
60,B,underwater,kospi_return_1d,0.00033875182271003723
60,B,underwater,fx_level_z_252,-0.02401282824575901
60,alpha,,kospi_return_1d,0.013444806449115276
60,alpha,,fx_level_z_252,0.02664247341454029
61,beta,momentum,,-0.03854624927043915
61,beta,persist,,0.07617843896150589
61,beta,underwater,,0.025977013632655144
61,B,momentum,kospi_return_1d,-0.00019488262478262186
61,B,momentum,fx_level_z_252,-0.0036130177322775126
61,B,persist,kospi_return_1d,-0.014174622483551502
61,B,persist,fx_level_z_252,2.0576017050188966e-05
61,B,underwater,kospi_return_1d,0.00019002199405804276
61,B,underwater,fx_level_z_252,-0.023760564625263214
61,alpha,,kospi_return_1d,0.013780204579234123
61,alpha,,fx_level_z_252,0.026502875611186028
62,beta,momentum,,-0.038492050021886826
62,beta,persist,,0.07688698917627335
62,beta,underwater,,0.025743357837200165
62,B,momentum,kospi_return_1d,-5.861253885086626e-05
62,B,momentum,fx_level_z_252,-0.0035869041457772255
62,B,persist,kospi_return_1d,-0.014327730052173138
62,B,persist,fx_level_z_252,-6.887505878694355e-05
62,B,underwater,kospi_return_1d,2.8508613468147814e-05
62,B,underwater,fx_level_z_252,-0.02363729476928711
62,alpha,,kospi_return_1d,0.014009916223585606
62,alpha,,fx_level_z_252,0.026437439024448395
63,beta,momentum,,-0.038389746099710464
63,beta,persist,,0.07762081176042557
63,beta,underwater,,0.025414181873202324
63,B,momentum,kospi_return_1d,0.00016278307884931564
63,B,momentum,fx_level_z_252,-0.0035291595850139856
63,B,persist,kospi_return_1d,-0.014468718320131302
63,B,persist,fx_level_z_252,-0.0001941975933732465
63,B,underwater,kospi_return_1d,-0.00011871451715705916
63,B,underwater,fx_level_z_252,-0.023762619122862816
63,alpha,,kospi_return_1d,0.01432456262409687
63,alpha,,fx_level_z_252,0.026335036382079124
64,beta,momentum,,-0.03824217617511749
64,beta,persist,,0.07834691554307938
64,beta,underwater,,0.02512301877140999
64,B,momentum,kospi_return_1d,0.00029929139418527484
64,B,momentum,fx_level_z_252,-0.003418602515012026
64,B,persist,kospi_return_1d,-0.014444073662161827
64,B,persist,fx_level_z_252,-0.0004406428197398782
64,B,underwater,kospi_return_1d,-6.137426680652425e-05
64,B,underwater,fx_level_z_252,-0.023918818682432175
64,alpha,,kospi_return_1d,0.014660123735666275
64,alpha,,fx_level_z_252,0.026297152042388916
65,beta,momentum,,-0.03812779486179352
65,beta,persist,,0.07906634360551834
65,beta,underwater,,0.024836743250489235
65,B,momentum,kospi_return_1d,0.00025886742514558136
65,B,momentum,fx_level_z_252,-0.0030202066991478205
65,B,persist,kospi_return_1d,-0.014416585676372051
65,B,persist,fx_level_z_252,-0.0007593045011162758
65,B,underwater,kospi_return_1d,8.452980546280742e-05
65,B,underwater,fx_level_z_252,-0.024246325716376305
65,alpha,,kospi_return_1d,0.014991404488682747
65,alpha,,fx_level_z_252,0.02622116170823574
66,beta,momentum,,-0.03802575543522835
66,beta,persist,,0.0797317624092102
66,beta,underwater,,0.024567605927586555
66,B,momentum,kospi_return_1d,5.506907473318279e-05
66,B,momentum,fx_level_z_252,-0.0027821187395602465
66,B,persist,kospi_return_1d,-0.014466370455920696
66,B,persist,fx_level_z_252,-0.0008243664051406085
66,B,underwater,kospi_return_1d,6.262647366384044e-05
66,B,underwater,fx_level_z_252,-0.024431876838207245
66,alpha,,kospi_return_1d,0.015416419133543968
66,alpha,,fx_level_z_252,0.02613578364253044
67,beta,momentum,,-0.03784948214888573
67,beta,persist,,0.08037038892507553
67,beta,underwater,,0.024300510063767433
67,B,momentum,kospi_return_1d,-6.02779327891767e-05
67,B,momentum,fx_level_z_252,-0.0025002926122397184
67,B,persist,kospi_return_1d,-0.014554315246641636
67,B,persist,fx_level_z_252,-0.0008175254333764315
67,B,underwater,kospi_return_1d,3.68542387150228e-05
67,B,underwater,fx_level_z_252,-0.02472594566643238
67,alpha,,kospi_return_1d,0.015963846817612648
67,alpha,,fx_level_z_252,0.02596239000558853
68,beta,momentum,,-0.0376846045255661
68,beta,persist,,0.08100095391273499
68,beta,underwater,,0.024050118401646614
68,B,momentum,kospi_return_1d,9.686047269497067e-05
68,B,momentum,fx_level_z_252,-0.0023639812134206295
68,B,persist,kospi_return_1d,-0.014765020459890366
68,B,persist,fx_level_z_252,-0.0006902196910232306
68,B,underwater,kospi_return_1d,-0.00021467459737323225
68,B,underwater,fx_level_z_252,-0.024871613830327988
68,alpha,,kospi_return_1d,0.016501182690262794
68,alpha,,fx_level_z_252,0.025838198140263557
69,beta,momentum,,-0.03750036284327507
69,beta,persist,,0.0816076248884201
69,beta,underwater,,0.023724425584077835
69,B,momentum,kospi_return_1d,0.00010396539437351748
69,B,momentum,fx_level_z_252,-0.002150036860257387
69,B,persist,kospi_return_1d,-0.015081441029906273
69,B,persist,fx_level_z_252,-0.0005833117174915969
69,B,underwater,kospi_return_1d,-0.00031530921114608645
69,B,underwater,fx_level_z_252,-0.02508227899670601
69,alpha,,kospi_return_1d,0.017130227759480476
69,alpha,,fx_level_z_252,0.025701042264699936
70,beta,momentum,,-0.03724990412592888
70,beta,persist,,0.08217565715312958
70,beta,underwater,,0.023315880447626114
70,B,momentum,kospi_return_1d,4.6101369662210345e-05
70,B,momentum,fx_level_z_252,-0.0019728534389287233
70,B,persist,kospi_return_1d,-0.015466966666281223
70,B,persist,fx_level_z_252,-0.00039132434176281095
70,B,underwater,kospi_return_1d,-0.00028845685301348567
70,B,underwater,fx_level_z_252,-0.02523132599890232
70,alpha,,kospi_return_1d,0.017796561121940613
70,alpha,,fx_level_z_252,0.025702808052301407
71,beta,momentum,,-0.03705456852912903
71,beta,persist,,0.08272776752710342
71,beta,underwater,,0.022875428199768066
71,B,momentum,kospi_return_1d,-0.000197845627553761
71,B,momentum,fx_level_z_252,-0.0017323237843811512
71,B,persist,kospi_return_1d,-0.01578754000365734
71,B,persist,fx_level_z_252,-0.00016115540347527713
71,B,underwater,kospi_return_1d,3.904923505615443e-05
71,B,underwater,fx_level_z_252,-0.02532888762652874
71,alpha,,kospi_return_1d,0.01841326430439949
71,alpha,,fx_level_z_252,0.02573726885020733
72,beta,momentum,,-0.03697347268462181
72,beta,persist,,0.08335006237030029
72,beta,underwater,,0.022555036470294
72,B,momentum,kospi_return_1d,-0.000328812631778419
72,B,momentum,fx_level_z_252,-0.0015119893942028284
72,B,persist,kospi_return_1d,-0.01586834341287613
72,B,persist,fx_level_z_252,-1.0792999091790989e-05
72,B,underwater,kospi_return_1d,0.0002847087453119457
72,B,underwater,fx_level_z_252,-0.025311170145869255
72,alpha,,kospi_return_1d,0.018900195136666298
72,alpha,,fx_level_z_252,0.02595805935561657
73,beta,momentum,,-0.03684854507446289
73,beta,persist,,0.08394984155893326
73,beta,underwater,,0.02228916622698307
73,B,momentum,kospi_return_1d,-0.0002686938678380102
73,B,momentum,fx_level_z_252,-0.0014829726424068213
73,B,persist,kospi_return_1d,-0.015889445319771767
73,B,persist,fx_level_z_252,7.680695853196084e-05
73,B,underwater,kospi_return_1d,0.00047348777297884226
73,B,underwater,fx_level_z_252,-0.025272440165281296
73,alpha,,kospi_return_1d,0.01934168115258217
73,alpha,,fx_level_z_252,0.026164771988987923
74,beta,momentum,,-0.03675886616110802
74,beta,persist,,0.08455536514520645
74,beta,underwater,,0.022144831717014313
74,B,momentum,kospi_return_1d,-0.000230330420890823
74,B,momentum,fx_level_z_252,-0.0014551895437762141
74,B,persist,kospi_return_1d,-0.01575290784239769
74,B,persist,fx_level_z_252,9.473836689721793e-05
74,B,underwater,kospi_return_1d,0.0006165734957903624
74,B,underwater,fx_level_z_252,-0.025074802339076996
74,alpha,,kospi_return_1d,0.019651740789413452
74,alpha,,fx_level_z_252,0.02630298212170601
75,beta,momentum,,-0.036592997610569
75,beta,persist,,0.08511452376842499
75,beta,underwater,,0.02188795618712902
75,B,momentum,kospi_return_1d,3.640749491751194e-05
75,B,momentum,fx_level_z_252,-0.0014499322278425097
75,B,persist,kospi_return_1d,-0.015630220994353294
75,B,persist,fx_level_z_252,-0.0001106562849599868
75,B,underwater,kospi_return_1d,0.0006808495381847024
75,B,underwater,fx_level_z_252,-0.024951482191681862
75,alpha,,kospi_return_1d,0.02005668915808201
75,alpha,,fx_level_z_252,0.02644650824368
76,beta,momentum,,-0.036485832184553146
76,beta,persist,,0.08566536009311676
76,beta,underwater,,0.021705588325858116
76,B,momentum,kospi_return_1d,0.0004237609391566366
76,B,momentum,fx_level_z_252,-0.001609415514394641
76,B,persist,kospi_return_1d,-0.015782326459884644
76,B,persist,fx_level_z_252,-0.00010669061884982511
76,B,underwater,kospi_return_1d,0.00037320645060390234
76,B,underwater,fx_level_z_252,-0.02454247511923313
76,alpha,,kospi_return_1d,0.02047324739396572
76,alpha,,fx_level_z_252,0.02664579078555107
77,beta,momentum,,-0.036478810012340546
77,beta,persist,,0.08623772114515305
77,beta,underwater,,0.021600771695375443
77,B,momentum,kospi_return_1d,0.00047642100253142416
77,B,momentum,fx_level_z_252,-0.0018530294764786959
77,B,persist,kospi_return_1d,-0.015841668471693993
77,B,persist,fx_level_z_252,-4.4525386329041794e-05
77,B,underwater,kospi_return_1d,3.221314545953646e-05
77,B,underwater,fx_level_z_252,-0.024089831858873367
77,alpha,,kospi_return_1d,0.02069588005542755
77,alpha,,fx_level_z_252,0.026854202151298523
78,beta,momentum,,-0.03635227307677269
78,beta,persist,,0.08682480454444885
78,beta,underwater,,0.021459298208355904
78,B,momentum,kospi_return_1d,0.0003150919801555574
78,B,momentum,fx_level_z_252,-0.0020302063785493374
78,B,persist,kospi_return_1d,-0.01563098467886448
78,B,persist,fx_level_z_252,-7.291593647096306e-05
78,B,underwater,kospi_return_1d,-0.00012357195373624563
78,B,underwater,fx_level_z_252,-0.023767763748764992
78,alpha,,kospi_return_1d,0.020859112963080406
78,alpha,,fx_level_z_252,0.027058156207203865
79,beta,momentum,,-0.03627898171544075
79,beta,persist,,0.0874265506863594
79,beta,underwater,,0.021370980888605118
79,B,momentum,kospi_return_1d,0.00011801554501289502
79,B,momentum,fx_level_z_252,-0.0021401080302894115
79,B,persist,kospi_return_1d,-0.015444058924913406
79,B,persist,fx_level_z_252,-0.0001055155080393888
79,B,underwater,kospi_return_1d,-0.0002736820897553116
79,B,underwater,fx_level_z_252,-0.023523110896348953
79,alpha,,kospi_return_1d,0.02106703259050846
79,alpha,,fx_level_z_252,0.027188189327716827
80,beta,momentum,,-0.03619766980409622
80,beta,persist,,0.08804114162921906
80,beta,underwater,,0.02128208987414837
80,B,momentum,kospi_return_1d,4.25882353738416e-05
80,B,momentum,fx_level_z_252,-0.0023816763423383236
80,B,persist,kospi_return_1d,-0.015409796498715878
80,B,persist,fx_level_z_252,-5.25389623362571e-06
80,B,underwater,kospi_return_1d,-0.00039754880708642304
80,B,underwater,fx_level_z_252,-0.02318374440073967
80,alpha,,kospi_return_1d,0.0213128924369812
80,alpha,,fx_level_z_252,0.027295295149087906
81,beta,momentum,,-0.036028340458869934
81,beta,persist,,0.08861439675092697
81,beta,underwater,,0.02116973139345646
81,B,momentum,kospi_return_1d,-0.00012226944090798497
81,B,momentum,fx_level_z_252,-0.00271477154456079
81,B,persist,kospi_return_1d,-0.015244100242853165
81,B,persist,fx_level_z_252,6.736136856488883e-05
81,B,underwater,kospi_return_1d,-0.00038934467011131346
81,B,underwater,fx_level_z_252,-0.022836675867438316
81,alpha,,kospi_return_1d,0.021594366058707237
81,alpha,,fx_level_z_252,0.027340596541762352
82,beta,momentum,,-0.03586679697036743
82,beta,persist,,0.08915200084447861
82,beta,underwater,,0.021024532616138458
82,B,momentum,kospi_return_1d,-0.00041506567504256964
82,B,momentum,fx_level_z_252,-0.002956800628453493
82,B,persist,kospi_return_1d,-0.014831635169684887
82,B,persist,fx_level_z_252,0.00022957028704695404
82,B,underwater,kospi_return_1d,-0.00013437229790724814
82,B,underwater,fx_level_z_252,-0.022589663043618202
82,alpha,,kospi_return_1d,0.021819088608026505
82,alpha,,fx_level_z_252,0.02734467200934887
83,beta,momentum,,-0.03573805093765259
83,beta,persist,,0.08963580429553986
83,beta,underwater,,0.02077508345246315
83,B,momentum,kospi_return_1d,-0.0006179405027069151
83,B,momentum,fx_level_z_252,-0.003084000665694475
83,B,persist,kospi_return_1d,-0.01438378356397152
83,B,persist,fx_level_z_252,0.00022664430434815586
83,B,underwater,kospi_return_1d,0.00012754069757647812
83,B,underwater,fx_level_z_252,-0.022451315075159073
83,alpha,,kospi_return_1d,0.022007020190358162
83,alpha,,fx_level_z_252,0.027393002063035965
84,beta,momentum,,-0.035668160766363144
84,beta,persist,,0.09013392776250839
84,beta,underwater,,0.020610392093658447
84,B,momentum,kospi_return_1d,-0.0005436874344013631
84,B,momentum,fx_level_z_252,-0.003022311255335808
84,B,persist,kospi_return_1d,-0.014080696739256382
84,B,persist,fx_level_z_252,0.00017356834723614156
84,B,underwater,kospi_return_1d,0.00026071936008520424
84,B,underwater,fx_level_z_252,-0.022282877936959267
84,alpha,,kospi_return_1d,0.022258812561631203
84,alpha,,fx_level_z_252,0.02755284495651722
85,beta,momentum,,-0.035678133368492126
85,beta,persist,,0.09061866998672485
85,beta,underwater,,0.020480357110500336
85,B,momentum,kospi_return_1d,-0.0003341699193697423
85,B,momentum,fx_level_z_252,-0.0028498468454927206
85,B,persist,kospi_return_1d,-0.013860956765711308
85,B,persist,fx_level_z_252,0.00017575066885910928
85,B,underwater,kospi_return_1d,0.000336699013132602
85,B,underwater,fx_level_z_252,-0.022106660529971123
85,alpha,,kospi_return_1d,0.022483933717012405
85,alpha,,fx_level_z_252,0.027620665729045868
86,beta,momentum,,-0.03574887663125992
86,beta,persist,,0.09111129492521286
86,beta,underwater,,0.02036109007894993
86,B,momentum,kospi_return_1d,4.980730591341853e-05
86,B,momentum,fx_level_z_252,-0.0027310240548104048
86,B,persist,kospi_return_1d,-0.01381528191268444
86,B,persist,fx_level_z_252,0.0002248486562166363
86,B,underwater,kospi_return_1d,0.0002273551217513159
86,B,underwater,fx_level_z_252,-0.02185806818306446
86,alpha,,kospi_return_1d,0.022677451372146606
86,alpha,,fx_level_z_252,0.02756696753203869
87,beta,momentum,,-0.03586539253592491
87,beta,persist,,0.09161975234746933
87,beta,underwater,,0.020291291177272797
87,B,momentum,kospi_return_1d,0.00026297636213712394
87,B,momentum,fx_level_z_252,-0.002594931051135063
87,B,persist,kospi_return_1d,-0.01367463730275631
87,B,persist,fx_level_z_252,0.00018958011060021818
87,B,underwater,kospi_return_1d,8.638737199362367e-05
87,B,underwater,fx_level_z_252,-0.021593820303678513
87,alpha,,kospi_return_1d,0.022689657285809517
87,alpha,,fx_level_z_252,0.02758771926164627
88,beta,momentum,,-0.03606181591749191
88,beta,persist,,0.09215671569108963
88,beta,underwater,,0.020217815414071083
88,B,momentum,kospi_return_1d,0.00037639899528585374
88,B,momentum,fx_level_z_252,-0.002387931337580085
88,B,persist,kospi_return_1d,-0.013433750718832016
88,B,persist,fx_level_z_252,-3.885301703121513e-05
88,B,underwater,kospi_return_1d,-1.3127486454322934e-05
88,B,underwater,fx_level_z_252,-0.021361341699957848
88,alpha,,kospi_return_1d,0.02261628769338131
88,alpha,,fx_level_z_252,0.027760595083236694
89,beta,momentum,,-0.03620088845491409
89,beta,persist,,0.09269227087497711
89,beta,underwater,,0.020077480003237724
89,B,momentum,kospi_return_1d,0.0003914569388143718
89,B,momentum,fx_level_z_252,-0.0018661285284906626
89,B,persist,kospi_return_1d,-0.013278931379318237
89,B,persist,fx_level_z_252,-0.00027239465271122754
89,B,underwater,kospi_return_1d,-5.6853191381378565e-06
89,B,underwater,fx_level_z_252,-0.021338526159524918
89,alpha,,kospi_return_1d,0.02257733978331089
89,alpha,,fx_level_z_252,0.027987416833639145
90,beta,momentum,,-0.036269545555114746
90,beta,persist,,0.09316446632146835
90,beta,underwater,,0.019917955622076988
90,B,momentum,kospi_return_1d,0.0003630750870797783
90,B,momentum,fx_level_z_252,-0.0014885783893987536
90,B,persist,kospi_return_1d,-0.013300963677465916
90,B,persist,fx_level_z_252,-0.00040844266186468303
90,B,underwater,kospi_return_1d,3.768053284147754e-05
90,B,underwater,fx_level_z_252,-0.021273871883749962
90,alpha,,kospi_return_1d,0.022687353193759918
90,alpha,,fx_level_z_252,0.02812609262764454
91,beta,momentum,,-0.036253370344638824
91,beta,persist,,0.09356710314750671
91,beta,underwater,,0.019643018022179604
91,B,momentum,kospi_return_1d,0.00037637847708538175
91,B,momentum,fx_level_z_252,-0.001228884095326066
91,B,persist,kospi_return_1d,-0.013499031774699688
91,B,persist,fx_level_z_252,-0.0004449626721907407
91,B,underwater,kospi_return_1d,-5.461114051286131e-05
91,B,underwater,fx_level_z_252,-0.021266106516122818
91,alpha,,kospi_return_1d,0.02287781983613968
91,alpha,,fx_level_z_252,0.028161482885479927
92,beta,momentum,,-0.03615184873342514
92,beta,persist,,0.09401287883520126
92,beta,underwater,,0.01932990923523903
92,B,momentum,kospi_return_1d,0.0004641168634407222
92,B,momentum,fx_level_z_252,-0.0010840808972716331
92,B,persist,kospi_return_1d,-0.013753514736890793
92,B,persist,fx_level_z_252,-0.00018575548892840743
92,B,underwater,kospi_return_1d,-4.928915586788207e-05
92,B,underwater,fx_level_z_252,-0.02131308615207672
92,alpha,,kospi_return_1d,0.02300945296883583
92,alpha,,fx_level_z_252,0.02800711989402771
93,beta,momentum,,-0.03603299707174301
93,beta,persist,,0.09444620460271835
93,beta,underwater,,0.018984025344252586
93,B,momentum,kospi_return_1d,0.0003620864590629935
93,B,momentum,fx_level_z_252,-0.0007519449573010206
93,B,persist,kospi_return_1d,-0.014029056765139103
93,B,persist,fx_level_z_252,-8.880939276423305e-05
93,B,underwater,kospi_return_1d,0.0001897472538985312
93,B,underwater,fx_level_z_252,-0.021675175055861473
93,alpha,,kospi_return_1d,0.023195408284664154
93,alpha,,fx_level_z_252,0.027785874903202057
94,beta,momentum,,-0.03588375821709633
94,beta,persist,,0.09486669301986694
94,beta,underwater,,0.018645089119672775
94,B,momentum,kospi_return_1d,0.00015330106543842703
94,B,momentum,fx_level_z_252,-0.0004509761347435415
94,B,persist,kospi_return_1d,-0.014283477328717709
94,B,persist,fx_level_z_252,1.5830843040021136e-05
94,B,underwater,kospi_return_1d,0.0003823353326879442
94,B,underwater,fx_level_z_252,-0.02205810137093067
94,alpha,,kospi_return_1d,0.023282911628484726
94,alpha,,fx_level_z_252,0.02751949056982994
95,beta,momentum,,-0.035601966083049774
95,beta,persist,,0.0952833965420723
95,beta,underwater,,0.018262546509504318
95,B,momentum,kospi_return_1d,0.0002121073193848133
95,B,momentum,fx_level_z_252,-0.0003094092826358974
95,B,persist,kospi_return_1d,-0.014639451168477535
95,B,persist,fx_level_z_252,-3.5470853617880493e-05
95,B,underwater,kospi_return_1d,0.00039736018516123295
95,B,underwater,fx_level_z_252,-0.022314082831144333
95,alpha,,kospi_return_1d,0.023407500237226486
95,alpha,,fx_level_z_252,0.02735237590968609
96,beta,momentum,,-0.03541197255253792
96,beta,persist,,0.09567709267139435
96,beta,underwater,,0.017934273928403854
96,B,momentum,kospi_return_1d,0.00033821933902800083
96,B,momentum,fx_level_z_252,-0.00010310168727301061
96,B,persist,kospi_return_1d,-0.015168428421020508
96,B,persist,fx_level_z_252,-8.686589717399329e-05
96,B,underwater,kospi_return_1d,0.00022947124671190977
96,B,underwater,fx_level_z_252,-0.022462641820311546
96,alpha,,kospi_return_1d,0.023652561008930206
96,alpha,,fx_level_z_252,0.027121441438794136
97,beta,momentum,,-0.03525622934103012
97,beta,persist,,0.09605741500854492
97,beta,underwater,,0.01766512729227543
97,B,momentum,kospi_return_1d,0.00047108749276958406
97,B,momentum,fx_level_z_252,4.466457903617993e-05
97,B,persist,kospi_return_1d,-0.015667300671339035
97,B,persist,fx_level_z_252,1.1407268175389618e-05
97,B,underwater,kospi_return_1d,3.891924279741943e-06
97,B,underwater,fx_level_z_252,-0.02255677804350853
97,alpha,,kospi_return_1d,0.023960750550031662
97,alpha,,fx_level_z_252,0.026896849274635315
98,beta,momentum,,-0.03524404391646385
98,beta,persist,,0.09637526422739029
98,beta,underwater,,0.01753786765038967
98,B,momentum,kospi_return_1d,0.0004852935380768031
98,B,momentum,fx_level_z_252,-5.7224679039791226e-05
98,B,persist,kospi_return_1d,-0.016223356127738953
98,B,persist,fx_level_z_252,9.354334906674922e-05
98,B,underwater,kospi_return_1d,-0.00033323466777801514
98,B,underwater,fx_level_z_252,-0.022396478801965714
98,alpha,,kospi_return_1d,0.024306604638695717
98,alpha,,fx_level_z_252,0.02680703066289425
99,beta,momentum,,-0.035321347415447235
99,beta,persist,,0.09667938947677612
99,beta,underwater,,0.01747819036245346
99,B,momentum,kospi_return_1d,0.0002586220798548311
99,B,momentum,fx_level_z_252,-0.00025025513605214655
99,B,persist,kospi_return_1d,-0.016557255759835243
99,B,persist,fx_level_z_252,1.9125014659948647e-05
99,B,underwater,kospi_return_1d,-0.00040015194099396467
99,B,underwater,fx_level_z_252,-0.022116685286164284
99,alpha,,kospi_return_1d,0.024816792458295822
99,alpha,,fx_level_z_252,0.026884933933615685
100,beta,momentum,,-0.035331886261701584
100,beta,persist,,0.09694752097129822
100,beta,underwater,,0.017377009615302086
100,B,momentum,kospi_return_1d,-0.00010612982441671193
100,B,momentum,fx_level_z_252,-0.0006508915685117245
100,B,persist,kospi_return_1d,-0.016611969098448753
100,B,persist,fx_level_z_252,-9.443413000553846e-05
100,B,underwater,kospi_return_1d,-0.0002690648543648422
100,B,underwater,fx_level_z_252,-0.02175885997712612
100,alpha,,kospi_return_1d,0.025252217426896095
100,alpha,,fx_level_z_252,0.02684645727276802
101,beta,momentum,,-0.03528309985995293
101,beta,persist,,0.09723624587059021
101,beta,underwater,,0.017275618389248848
101,B,momentum,kospi_return_1d,-0.00023154860537033528
101,B,momentum,fx_level_z_252,-0.0010489420965313911
101,B,persist,kospi_return_1d,-0.016724606975913048
101,B,persist,fx_level_z_252,-0.0001549722219351679
101,B,underwater,kospi_return_1d,-0.00029576566885225475
101,B,underwater,fx_level_z_252,-0.021407226100564003
101,alpha,,kospi_return_1d,0.025714602321386337
101,alpha,,fx_level_z_252,0.026690613478422165
102,beta,momentum,,-0.035053569823503494
102,beta,persist,,0.0974845290184021
102,beta,underwater,,0.017138130962848663
102,B,momentum,kospi_return_1d,-0.0002193608379457146
102,B,momentum,fx_level_z_252,-0.0013785482151433825
102,B,persist,kospi_return_1d,-0.016869671642780304
102,B,persist,fx_level_z_252,2.9064947739243507e-05
102,B,underwater,kospi_return_1d,-0.00020747692906297743
102,B,underwater,fx_level_z_252,-0.021156467497348785
102,alpha,,kospi_return_1d,0.02612232230603695
102,alpha,,fx_level_z_252,0.02650040201842785
103,beta,momentum,,-0.03479425609111786
103,beta,persist,,0.09765270352363586
103,beta,underwater,,0.01699836365878582
103,B,momentum,kospi_return_1d,-0.0001236520620295778
103,B,momentum,fx_level_z_252,-0.0016149155562743545
103,B,persist,kospi_return_1d,-0.017008956521749496
103,B,persist,fx_level_z_252,0.00020643760217353702
103,B,underwater,kospi_return_1d,-5.6718905398156494e-05
103,B,underwater,fx_level_z_252,-0.021024882793426514
103,alpha,,kospi_return_1d,0.026584234088659286
103,alpha,,fx_level_z_252,0.02635486237704754
104,beta,momentum,,-0.034623418003320694
104,beta,persist,,0.09775812923908234
104,beta,underwater,,0.016931509599089622
104,B,momentum,kospi_return_1d,-7.943571836221963e-05
104,B,momentum,fx_level_z_252,-0.001959592569619417
104,B,persist,kospi_return_1d,-0.017164049670100212
104,B,persist,fx_level_z_252,0.0004199232207611203
104,B,underwater,kospi_return_1d,-1.8531949535827152e-05
104,B,underwater,fx_level_z_252,-0.02067701518535614
104,alpha,,kospi_return_1d,0.02696787565946579
104,alpha,,fx_level_z_252,0.026236414909362793
105,beta,momentum,,-0.03452000021934509
105,beta,persist,,0.0979713723063469
105,beta,underwater,,0.01698983646929264
105,B,momentum,kospi_return_1d,-0.00011497882223920897
105,B,momentum,fx_level_z_252,-0.0021462184377014637
105,B,persist,kospi_return_1d,-0.017207492142915726
105,B,persist,fx_level_z_252,0.0005399370566010475
105,B,underwater,kospi_return_1d,3.163418296026066e-05
105,B,underwater,fx_level_z_252,-0.020471330732107162
105,alpha,,kospi_return_1d,0.027262834832072258
105,alpha,,fx_level_z_252,0.026283150538802147
106,beta,momentum,,-0.03444518893957138
106,beta,persist,,0.09822221100330353
106,beta,underwater,,0.01699039526283741
106,B,momentum,kospi_return_1d,-0.00018741804524324834
106,B,momentum,fx_level_z_252,-0.002140175551176071
106,B,persist,kospi_return_1d,-0.017078259959816933
106,B,persist,fx_level_z_252,0.0004848595999646932
106,B,underwater,kospi_return_1d,0.00012165270163677633
106,B,underwater,fx_level_z_252,-0.020533878356218338
106,alpha,,kospi_return_1d,0.02756834216415882
106,alpha,,fx_level_z_252,0.026233794167637825
107,beta,momentum,,-0.034352030605077744
107,beta,persist,,0.09851165860891342
107,beta,underwater,,0.0170377716422081
107,B,momentum,kospi_return_1d,-0.00010493088484508917
107,B,momentum,fx_level_z_252,-0.0020712490659207106
107,B,persist,kospi_return_1d,-0.0169469453394413
107,B,persist,fx_level_z_252,0.00027625702205114067
107,B,underwater,kospi_return_1d,0.0001711517688818276
107,B,underwater,fx_level_z_252,-0.02064482867717743
107,alpha,,kospi_return_1d,0.027696292847394943
107,alpha,,fx_level_z_252,0.02615552395582199
108,beta,momentum,,-0.03433037921786308
108,beta,persist,,0.09879274666309357
108,beta,underwater,,0.017127668485045433
108,B,momentum,kospi_return_1d,-7.250987982843071e-05
108,B,momentum,fx_level_z_252,-0.001992317847907543
108,B,persist,kospi_return_1d,-0.016867388039827347
108,B,persist,fx_level_z_252,0.00022123759845271707
108,B,underwater,kospi_return_1d,0.00010901280620601028
108,B,underwater,fx_level_z_252,-0.020683109760284424
108,alpha,,kospi_return_1d,0.0278619397431612
108,alpha,,fx_level_z_252,0.02617689222097397
109,beta,momentum,,-0.03439642861485481
109,beta,persist,,0.09913412481546402
109,beta,underwater,,0.017265385016798973
109,B,momentum,kospi_return_1d,8.953186625149101e-05
109,B,momentum,fx_level_z_252,-0.0018235209863632917
109,B,persist,kospi_return_1d,-0.016785766929388046
109,B,persist,fx_level_z_252,4.97587607242167e-05
109,B,underwater,kospi_return_1d,-3.477594873402268e-05
109,B,underwater,fx_level_z_252,-0.02070976234972477
109,alpha,,kospi_return_1d,0.02799776755273342
109,alpha,,fx_level_z_252,0.026403728872537613
110,beta,momentum,,-0.0344921313226223
110,beta,persist,,0.09949275106191635
110,beta,underwater,,0.01746487244963646
110,B,momentum,kospi_return_1d,0.00037284300196915865
110,B,momentum,fx_level_z_252,-0.0015786363510414958
110,B,persist,kospi_return_1d,-0.016580922529101372
110,B,persist,fx_level_z_252,-0.00021303309767972678
110,B,underwater,kospi_return_1d,-0.00013117592607159168
110,B,underwater,fx_level_z_252,-0.02073380909860134
110,alpha,,kospi_return_1d,0.028345344588160515
110,alpha,,fx_level_z_252,0.026555756106972694
111,beta,momentum,,-0.03456486016511917
111,beta,persist,,0.09981092810630798
111,beta,underwater,,0.017606530338525772
111,B,momentum,kospi_return_1d,0.0004074661119375378
111,B,momentum,fx_level_z_252,-0.001411326928064227
111,B,persist,kospi_return_1d,-0.016236066818237305
111,B,persist,fx_level_z_252,-0.000413763802498579
111,B,underwater,kospi_return_1d,-8.716106094652787e-05
111,B,underwater,fx_level_z_252,-0.02069004997611046
111,alpha,,kospi_return_1d,0.028664257377386093
111,alpha,,fx_level_z_252,0.026627205312252045
112,beta,momentum,,-0.03459087014198303
112,beta,persist,,0.10010220855474472
112,beta,underwater,,0.017781341448426247
112,B,momentum,kospi_return_1d,0.00032679844298399985
112,B,momentum,fx_level_z_252,-0.0012259958311915398
112,B,persist,kospi_return_1d,-0.015932796522974968
112,B,persist,fx_level_z_252,-0.0005041637923568487
112,B,underwater,kospi_return_1d,-5.6935121392598376e-05
112,B,underwater,fx_level_z_252,-0.020697256550192833
112,alpha,,kospi_return_1d,0.029012106359004974
112,alpha,,fx_level_z_252,0.026741424575448036
113,beta,momentum,,-0.03461579233407974
113,beta,persist,,0.10036002844572067
113,beta,underwater,,0.017898809164762497
113,B,momentum,kospi_return_1d,0.00017670117085799575
113,B,momentum,fx_level_z_252,-0.0010264767333865166
113,B,persist,kospi_return_1d,-0.015670418739318848
113,B,persist,fx_level_z_252,-0.0004973783507011831
113,B,underwater,kospi_return_1d,4.185211582807824e-05
113,B,underwater,fx_level_z_252,-0.020708436146378517
113,alpha,,kospi_return_1d,0.02935652993619442
113,alpha,,fx_level_z_252,0.026854967698454857
114,beta,momentum,,-0.03466978296637535
114,beta,persist,,0.10064947605133057
114,beta,underwater,,0.01799023151397705
114,B,momentum,kospi_return_1d,-9.383264114148915e-06
114,B,momentum,fx_level_z_252,-0.000902566418517381
114,B,persist,kospi_return_1d,-0.015421004965901375
114,B,persist,fx_level_z_252,-0.00045060680713504553
114,B,underwater,kospi_return_1d,5.10228710481897e-06
114,B,underwater,fx_level_z_252,-0.020646577700972557
114,alpha,,kospi_return_1d,0.029686864465475082
114,alpha,,fx_level_z_252,0.02696963958442211
115,beta,momentum,,-0.034681253135204315
115,beta,persist,,0.10094393044710159
115,beta,underwater,,0.018075015395879745
115,B,momentum,kospi_return_1d,-0.00021545436175074428
115,B,momentum,fx_level_z_252,-0.0008480420801788568
115,B,persist,kospi_return_1d,-0.01514371670782566
115,B,persist,fx_level_z_252,-0.0003451541706454009
115,B,underwater,kospi_return_1d,-0.00019848826923407614
115,B,underwater,fx_level_z_252,-0.020434321835637093
115,alpha,,kospi_return_1d,0.030053909868001938
115,alpha,,fx_level_z_252,0.027139270678162575
116,beta,momentum,,-0.03461374342441559
116,beta,persist,,0.10120262950658798
116,beta,underwater,,0.018070679157972336
116,B,momentum,kospi_return_1d,-3.0259601771831512e-05
116,B,momentum,fx_level_z_252,-0.0008363858796656132
116,B,persist,kospi_return_1d,-0.015076741576194763
116,B,persist,fx_level_z_252,-9.071987005881965e-05
116,B,underwater,kospi_return_1d,-0.0006266126874834299
116,B,underwater,fx_level_z_252,-0.020278051495552063
116,alpha,,kospi_return_1d,0.030273057520389557
116,alpha,,fx_level_z_252,0.027229830622673035
117,beta,momentum,,-0.03459641709923744
117,beta,persist,,0.1014789566397667
117,beta,underwater,,0.018088551238179207
117,B,momentum,kospi_return_1d,0.0003342854615766555
117,B,momentum,fx_level_z_252,-0.0008570668287575245
117,B,persist,kospi_return_1d,-0.015160251408815384
117,B,persist,fx_level_z_252,0.0002991023357026279
117,B,underwater,kospi_return_1d,-0.0009084952180273831
117,B,underwater,fx_level_z_252,-0.020110633224248886
117,alpha,,kospi_return_1d,0.030537642538547516
117,alpha,,fx_level_z_252,0.027303427457809448
118,beta,momentum,,-0.034601181745529175
118,beta,persist,,0.1017925813794136
118,beta,underwater,,0.018136734142899513
118,B,momentum,kospi_return_1d,0.0005826562410220504
118,B,momentum,fx_level_z_252,-0.0007931446889415383
118,B,persist,kospi_return_1d,-0.015180681832134724
118,B,persist,fx_level_z_252,0.0005273893475532532
118,B,underwater,kospi_return_1d,-0.0010579226072877645
118,B,underwater,fx_level_z_252,-0.019968660548329353
118,alpha,,kospi_return_1d,0.03075382485985756
118,alpha,,fx_level_z_252,0.02739473059773445
119,beta,momentum,,-0.03460434451699257
119,beta,persist,,0.10212643444538116
119,beta,underwater,,0.01809397153556347
119,B,momentum,kospi_return_1d,0.0005547754117287695
119,B,momentum,fx_level_z_252,-0.0006674475152976811
119,B,persist,kospi_return_1d,-0.015059404075145721
119,B,persist,fx_level_z_252,0.0005323822260834277
119,B,underwater,kospi_return_1d,-0.0009614150039851665
119,B,underwater,fx_level_z_252,-0.019949758425354958
119,alpha,,kospi_return_1d,0.030819512903690338
119,alpha,,fx_level_z_252,0.027514150366187096
120,beta,momentum,,-0.03450218588113785
120,beta,persist,,0.10239047557115555
120,beta,underwater,,0.01799420453608036
120,B,momentum,kospi_return_1d,0.0005854757619090378
120,B,momentum,fx_level_z_252,-0.0005673512350767851
120,B,persist,kospi_return_1d,-0.014934682287275791
120,B,persist,fx_level_z_252,0.0006168836262077093
120,B,underwater,kospi_return_1d,-0.0007377355941571295
120,B,underwater,fx_level_z_252,-0.01993434689939022
120,alpha,,kospi_return_1d,0.030850283801555634
120,alpha,,fx_level_z_252,0.027529627084732056
121,beta,momentum,,-0.03437865525484085
121,beta,persist,,0.10266677290201187
121,beta,underwater,,0.01778392679989338
121,B,momentum,kospi_return_1d,0.00046498962910845876
121,B,momentum,fx_level_z_252,-0.00035090179881080985
121,B,persist,kospi_return_1d,-0.014682574197649956
121,B,persist,fx_level_z_252,0.0005874605267308652
121,B,underwater,kospi_return_1d,-0.0003644544049166143
121,B,underwater,fx_level_z_252,-0.020039325580000877
121,alpha,,kospi_return_1d,0.030873335897922516
121,alpha,,fx_level_z_252,0.027597833424806595
122,beta,momentum,,-0.03423553332686424
122,beta,persist,,0.1029004380106926
122,beta,underwater,,0.0175414327532053
122,B,momentum,kospi_return_1d,0.00024362304247915745
122,B,momentum,fx_level_z_252,-0.00014484330313280225
122,B,persist,kospi_return_1d,-0.014438834972679615
122,B,persist,fx_level_z_252,0.0005309780826792121
122,B,underwater,kospi_return_1d,7.810488750692457e-05
122,B,underwater,fx_level_z_252,-0.020113028585910797
122,alpha,,kospi_return_1d,0.03091127797961235
122,alpha,,fx_level_z_252,0.027533242478966713
123,beta,momentum,,-0.034073248505592346
123,beta,persist,,0.10308872908353806
123,beta,underwater,,0.017281848937273026
123,B,momentum,kospi_return_1d,0.0001559118099976331
123,B,momentum,fx_level_z_252,7.83980249252636e-06
123,B,persist,kospi_return_1d,-0.014203610830008984
123,B,persist,fx_level_z_252,0.0005600601434707642
123,B,underwater,kospi_return_1d,0.00045420523383654654
123,B,underwater,fx_level_z_252,-0.020251920446753502
123,alpha,,kospi_return_1d,0.030942492187023163
123,alpha,,fx_level_z_252,0.027285926043987274
124,beta,momentum,,-0.03390701487660408
124,beta,persist,,0.10328522324562073
124,beta,underwater,,0.01704554073512554
124,B,momentum,kospi_return_1d,-8.259322203230113e-05
124,B,momentum,fx_level_z_252,-3.6485271266428754e-05
124,B,persist,kospi_return_1d,-0.013943284749984741
124,B,persist,fx_level_z_252,0.00044847402023151517
124,B,underwater,kospi_return_1d,0.0007815221324563026
124,B,underwater,fx_level_z_252,-0.020320290699601173
124,alpha,,kospi_return_1d,0.030942395329475403
124,alpha,,fx_level_z_252,0.027138670906424522
125,beta,momentum,,-0.03367321193218231
125,beta,persist,,0.10345643013715744
125,beta,underwater,,0.016868317499756813
125,B,momentum,kospi_return_1d,-0.00033012739731930196
125,B,momentum,fx_level_z_252,-6.189507257658988e-05
125,B,persist,kospi_return_1d,-0.013944797217845917
125,B,persist,fx_level_z_252,0.0002654493728186935
125,B,underwater,kospi_return_1d,0.000998856732621789
125,B,underwater,fx_level_z_252,-0.020336631685495377
125,alpha,,kospi_return_1d,0.03083435818552971
125,alpha,,fx_level_z_252,0.027252517640590668
126,beta,momentum,,-0.03361880034208298
126,beta,persist,,0.10361530631780624
126,beta,underwater,,0.016770675778388977
126,B,momentum,kospi_return_1d,-0.0003288899315521121
126,B,momentum,fx_level_z_252,-1.8807397282216698e-05
126,B,persist,kospi_return_1d,-0.01401488482952118
126,B,persist,fx_level_z_252,0.00013099169882480055
126,B,underwater,kospi_return_1d,0.0010663274442777038
126,B,underwater,fx_level_z_252,-0.02028459683060646
126,alpha,,kospi_return_1d,0.03070143051445484
126,alpha,,fx_level_z_252,0.027440836653113365
127,beta,momentum,,-0.03348904475569725
127,beta,persist,,0.10382331162691116
127,beta,underwater,,0.016614586114883423
127,B,momentum,kospi_return_1d,-0.00048376628546975553
127,B,momentum,fx_level_z_252,5.0050264690071344e-05
127,B,persist,kospi_return_1d,-0.013935082592070103
127,B,persist,fx_level_z_252,-0.00015130758401937783
127,B,underwater,kospi_return_1d,0.0011541745625436306
127,B,underwater,fx_level_z_252,-0.0204031839966774
127,alpha,,kospi_return_1d,0.030517078936100006
127,alpha,,fx_level_z_252,0.027462240308523178
128,beta,momentum,,-0.033396318554878235
128,beta,persist,,0.1040385439991951
128,beta,underwater,,0.016513662412762642
128,B,momentum,kospi_return_1d,-0.0003251868183724582
128,B,momentum,fx_level_z_252,0.00015562970656901598
128,B,persist,kospi_return_1d,-0.013961114920675755
128,B,persist,fx_level_z_252,-0.0003564533544704318
128,B,underwater,kospi_return_1d,0.001122223329730332
128,B,underwater,fx_level_z_252,-0.020561406388878822
128,alpha,,kospi_return_1d,0.030452698469161987
128,alpha,,fx_level_z_252,0.027471382170915604
129,beta,momentum,,-0.03324912115931511
129,beta,persist,,0.10415340214967728
129,beta,underwater,,0.016423717141151428
129,B,momentum,kospi_return_1d,0.0002215387939941138
129,B,momentum,fx_level_z_252,-7.856001320760697e-05
129,B,persist,kospi_return_1d,-0.014237580820918083
129,B,persist,fx_level_z_252,-0.00023951516777742654
129,B,underwater,kospi_return_1d,0.0007355345878750086
129,B,underwater,fx_level_z_252,-0.020611729472875595
129,alpha,,kospi_return_1d,0.030562857165932655
129,alpha,,fx_level_z_252,0.02740393579006195
130,beta,momentum,,-0.03311712667346001
130,beta,persist,,0.10430017113685608
130,beta,underwater,,0.016338082030415535
130,B,momentum,kospi_return_1d,0.0007052724831737578
130,B,momentum,fx_level_z_252,-0.00031037069857120514
130,B,persist,kospi_return_1d,-0.014674929901957512
130,B,persist,fx_level_z_252,-3.62458304152824e-05
130,B,underwater,kospi_return_1d,0.00024247687542811036
130,B,underwater,fx_level_z_252,-0.020545780658721924
130,alpha,,kospi_return_1d,0.030538436025381088
130,alpha,,fx_level_z_252,0.027330515906214714
131,beta,momentum,,-0.033046968281269073
131,beta,persist,,0.10452102869749069
131,beta,underwater,,0.016325393691658974
131,B,momentum,kospi_return_1d,0.0008808138663880527
131,B,momentum,fx_level_z_252,-0.0005340196657925844
131,B,persist,kospi_return_1d,-0.015034951269626617
131,B,persist,fx_level_z_252,0.00012482216698117554
131,B,underwater,kospi_return_1d,-0.00020166869217064232
131,B,underwater,fx_level_z_252,-0.02025086246430874
131,alpha,,kospi_return_1d,0.03042467311024666
131,alpha,,fx_level_z_252,0.02732737362384796
132,beta,momentum,,-0.03303121030330658
132,beta,persist,,0.1047397181391716
132,beta,underwater,,0.016326064243912697
132,B,momentum,kospi_return_1d,0.0010237687965855002
132,B,momentum,fx_level_z_252,-0.0006953369011171162
132,B,persist,kospi_return_1d,-0.015325824730098248
132,B,persist,fx_level_z_252,0.00022539097699336708
132,B,underwater,kospi_return_1d,-0.00046593951992690563
132,B,underwater,fx_level_z_252,-0.0200791135430336
132,alpha,,kospi_return_1d,0.03025703690946102
132,alpha,,fx_level_z_252,0.027383608743548393
133,beta,momentum,,-0.03301931172609329
133,beta,persist,,0.10491524636745453
133,beta,underwater,,0.016187045723199844
133,B,momentum,kospi_return_1d,0.000922893057577312
133,B,momentum,fx_level_z_252,-0.0006558047025464475
133,B,persist,kospi_return_1d,-0.015492086298763752
133,B,persist,fx_level_z_252,0.0003259762015659362
133,B,underwater,kospi_return_1d,-0.00042337964987382293
133,B,underwater,fx_level_z_252,-0.020105399191379547
133,alpha,,kospi_return_1d,0.03025653213262558
133,alpha,,fx_level_z_252,0.027368834242224693
134,beta,momentum,,-0.03304847329854965
134,beta,persist,,0.10507149249315262
134,beta,underwater,,0.0159821305423975
134,B,momentum,kospi_return_1d,0.0005705978255718946
134,B,momentum,fx_level_z_252,-0.0004596067301463336
134,B,persist,kospi_return_1d,-0.015452824532985687
134,B,persist,fx_level_z_252,0.00020286873041186482
134,B,underwater,kospi_return_1d,-9.981046605389565e-05
134,B,underwater,fx_level_z_252,-0.020377207547426224
134,alpha,,kospi_return_1d,0.030265439301729202
134,alpha,,fx_level_z_252,0.02730921469628811
135,beta,momentum,,-0.03307730332016945
135,beta,persist,,0.10528523474931717
135,beta,underwater,,0.01576555334031582
135,B,momentum,kospi_return_1d,0.00019696760864462703
135,B,momentum,fx_level_z_252,-0.00014909563469700515
135,B,persist,kospi_return_1d,-0.015454852022230625
135,B,persist,fx_level_z_252,-2.01004404516425e-05
135,B,underwater,kospi_return_1d,0.0001296091650146991
135,B,underwater,fx_level_z_252,-0.020677803084254265
135,alpha,,kospi_return_1d,0.030230097472667694
135,alpha,,fx_level_z_252,0.02714936062693596
136,beta,momentum,,-0.03309500217437744
136,beta,persist,,0.10543756932020187
136,beta,underwater,,0.015691816806793213
136,B,momentum,kospi_return_1d,-9.76181763689965e-05
136,B,momentum,fx_level_z_252,-0.0001481616054661572
136,B,persist,kospi_return_1d,-0.015467382967472076
136,B,persist,fx_level_z_252,-1.5088047803146765e-05
136,B,underwater,kospi_return_1d,0.00017467272118665278
136,B,underwater,fx_level_z_252,-0.020660072565078735
136,alpha,,kospi_return_1d,0.030425384640693665
136,alpha,,fx_level_z_252,0.02704005315899849
137,beta,momentum,,-0.033167514950037
137,beta,persist,,0.1056257039308548
137,beta,underwater,,0.015647349879145622
137,B,momentum,kospi_return_1d,-9.141498594544828e-05
137,B,momentum,fx_level_z_252,-0.00012044423056067899
137,B,persist,kospi_return_1d,-0.015523250214755535
137,B,persist,fx_level_z_252,9.812886128202081e-05
137,B,underwater,kospi_return_1d,-5.366309778764844e-05
137,B,underwater,fx_level_z_252,-0.020669875666499138
137,alpha,,kospi_return_1d,0.03049882873892784
137,alpha,,fx_level_z_252,0.026821162551641464
138,beta,momentum,,-0.033193189650774
138,beta,persist,,0.10577324777841568
138,beta,underwater,,0.01558170560747385
138,B,momentum,kospi_return_1d,4.3758518586400896e-05
138,B,momentum,fx_level_z_252,-0.00012123858323320746
138,B,persist,kospi_return_1d,-0.015531334094703197
138,B,persist,fx_level_z_252,0.0002418979856884107
138,B,underwater,kospi_return_1d,-0.00037920207250863314
138,B,underwater,fx_level_z_252,-0.02073988877236843
138,alpha,,kospi_return_1d,0.03062046319246292
138,alpha,,fx_level_z_252,0.026600712910294533
139,beta,momentum,,-0.033131007105112076
139,beta,persist,,0.10587409138679504
139,beta,underwater,,0.015499686822295189
139,B,momentum,kospi_return_1d,0.000134754300233908
139,B,momentum,fx_level_z_252,-0.0001739707513479516
139,B,persist,kospi_return_1d,-0.015688177198171616
139,B,persist,fx_level_z_252,0.000217982946196571
139,B,underwater,kospi_return_1d,-0.0005332205910235643
139,B,underwater,fx_level_z_252,-0.020723583176732063
139,alpha,,kospi_return_1d,0.03078695945441723
139,alpha,,fx_level_z_252,0.026441263034939766
140,beta,momentum,,-0.03305888921022415
140,beta,persist,,0.10598337650299072
140,beta,underwater,,0.015391750261187553
140,B,momentum,kospi_return_1d,0.0001576060167280957
140,B,momentum,fx_level_z_252,-2.2321966753224842e-05
140,B,persist,kospi_return_1d,-0.01583023928105831
140,B,persist,fx_level_z_252,1.2262262316653505e-05
140,B,underwater,kospi_return_1d,-0.0005355069297365844
140,B,underwater,fx_level_z_252,-0.020872432738542557
140,alpha,,kospi_return_1d,0.030939368531107903
140,alpha,,fx_level_z_252,0.026347074657678604
141,beta,momentum,,-0.03293360769748688
141,beta,persist,,0.10615557432174683
141,beta,underwater,,0.01548398844897747
141,B,momentum,kospi_return_1d,0.00026228182832710445
141,B,momentum,fx_level_z_252,-7.641518095624633e-06
141,B,persist,kospi_return_1d,-0.015941066667437553
141,B,persist,fx_level_z_252,-8.219257142627612e-05
141,B,underwater,kospi_return_1d,-0.0006374471122398973
141,B,underwater,fx_level_z_252,-0.020699765533208847
141,alpha,,kospi_return_1d,0.030987828969955444
141,alpha,,fx_level_z_252,0.02626936323940754
142,beta,momentum,,-0.03287298604846001
142,beta,persist,,0.10635372996330261
142,beta,underwater,,0.015607082284986973
142,B,momentum,kospi_return_1d,0.00018439817358739674
142,B,momentum,fx_level_z_252,-2.9070979508105665e-05
142,B,persist,kospi_return_1d,-0.016048351302742958
142,B,persist,fx_level_z_252,-0.0001100961962947622
142,B,underwater,kospi_return_1d,-0.0006365742883644998
142,B,underwater,fx_level_z_252,-0.020486950874328613
142,alpha,,kospi_return_1d,0.030987966805696487
142,alpha,,fx_level_z_252,0.02633007802069187
143,beta,momentum,,-0.032782964408397675
143,beta,persist,,0.10648758709430695
143,beta,underwater,,0.015811337158083916
143,B,momentum,kospi_return_1d,0.00010708476474974304
143,B,momentum,fx_level_z_252,-0.00010728469351306558
143,B,persist,kospi_return_1d,-0.016130177304148674
143,B,persist,fx_level_z_252,-0.0001824280625442043
143,B,underwater,kospi_return_1d,-0.0005520410486496985
143,B,underwater,fx_level_z_252,-0.020201053470373154
143,alpha,,kospi_return_1d,0.031124426051974297
143,alpha,,fx_level_z_252,0.026445327326655388
144,beta,momentum,,-0.03262332081794739
144,beta,persist,,0.10655642300844193
144,beta,underwater,,0.01603630930185318
144,B,momentum,kospi_return_1d,6.581735942745581e-05
144,B,momentum,fx_level_z_252,-0.0002643659827299416
144,B,persist,kospi_return_1d,-0.01622072048485279
144,B,persist,fx_level_z_252,1.3995013432577252e-06
144,B,underwater,kospi_return_1d,-0.00035410316195338964
144,B,underwater,fx_level_z_252,-0.019941048696637154
144,alpha,,kospi_return_1d,0.031242243945598602
144,alpha,,fx_level_z_252,0.026459915563464165
145,beta,momentum,,-0.03252752870321274
145,beta,persist,,0.106644406914711
145,beta,underwater,,0.016237884759902954
145,B,momentum,kospi_return_1d,-4.0915270801633596e-05
145,B,momentum,fx_level_z_252,-0.0004835317959077656
145,B,persist,kospi_return_1d,-0.016439400613307953
145,B,persist,fx_level_z_252,0.00024484581081196666
145,B,underwater,kospi_return_1d,-0.00019861874170601368
145,B,underwater,fx_level_z_252,-0.019572686403989792
145,alpha,,kospi_return_1d,0.031259991228580475
145,alpha,,fx_level_z_252,0.02650422416627407
146,beta,momentum,,-0.03248044103384018
146,beta,persist,,0.10678296536207199
146,beta,underwater,,0.016373993828892708
146,B,momentum,kospi_return_1d,0.00013140782539267093
146,B,momentum,fx_level_z_252,-0.0006085204659029841
146,B,persist,kospi_return_1d,-0.016618762165308
146,B,persist,fx_level_z_252,0.0003161899221595377
146,B,underwater,kospi_return_1d,-8.394739415962249e-05
146,B,underwater,fx_level_z_252,-0.01921083778142929
146,alpha,,kospi_return_1d,0.03111804649233818
146,alpha,,fx_level_z_252,0.02658483386039734
147,beta,momentum,,-0.032368455082178116
147,beta,persist,,0.10689684748649597
147,beta,underwater,,0.016345007345080376
147,B,momentum,kospi_return_1d,0.0004000310436822474
147,B,momentum,fx_level_z_252,-0.0006253040046431124
147,B,persist,kospi_return_1d,-0.016931800171732903
147,B,persist,fx_level_z_252,0.00034553109435364604
147,B,underwater,kospi_return_1d,-7.104351243469864e-05
147,B,underwater,fx_level_z_252,-0.01909727416932583
147,alpha,,kospi_return_1d,0.031086139380931854
147,alpha,,fx_level_z_252,0.026663560420274734
148,beta,momentum,,-0.03242805600166321
148,beta,persist,,0.10704486817121506
148,beta,underwater,,0.01635637693107128
148,B,momentum,kospi_return_1d,0.0005241888575255871
148,B,momentum,fx_level_z_252,-0.0006459185970015824
148,B,persist,kospi_return_1d,-0.017201878130435944
148,B,persist,fx_level_z_252,0.000391078123357147
148,B,underwater,kospi_return_1d,3.3924501622095704e-05
148,B,underwater,fx_level_z_252,-0.019005727022886276
148,alpha,,kospi_return_1d,0.03108670748770237
148,alpha,,fx_level_z_252,0.026851903647184372
149,beta,momentum,,-0.03241930902004242
149,beta,persist,,0.10726965218782425
149,beta,underwater,,0.016279125586152077
149,B,momentum,kospi_return_1d,0.0003719169180840254
149,B,momentum,fx_level_z_252,-0.000635134638287127
149,B,persist,kospi_return_1d,-0.017363181337714195
149,B,persist,fx_level_z_252,0.00039307697443291545
149,B,underwater,kospi_return_1d,0.00019825022900477052
149,B,underwater,fx_level_z_252,-0.01902320794761181
149,alpha,,kospi_return_1d,0.03088640794157982
149,alpha,,fx_level_z_252,0.026881860569119453
150,beta,momentum,,-0.03255029395222664
150,beta,persist,,0.10751654952764511
150,beta,underwater,,0.016357803717255592
150,B,momentum,kospi_return_1d,2.1164945792406797e-05
150,B,momentum,fx_level_z_252,-0.0006835989188402891
150,B,persist,kospi_return_1d,-0.01738005504012108
150,B,persist,fx_level_z_252,0.0002427628933219239
150,B,underwater,kospi_return_1d,0.00026877300115302205
150,B,underwater,fx_level_z_252,-0.018897797912359238
150,alpha,,kospi_return_1d,0.03076099418103695
150,alpha,,fx_level_z_252,0.02681737020611763
151,beta,momentum,,-0.03274436667561531
151,beta,persist,,0.1078079491853714
151,beta,underwater,,0.01639610342681408
151,B,momentum,kospi_return_1d,-0.0004031940770801157
151,B,momentum,fx_level_z_252,-0.0005346294492483139
151,B,persist,kospi_return_1d,-0.017339982092380524
151,B,persist,fx_level_z_252,-0.00015899680147413164
151,B,underwater,kospi_return_1d,0.0003420783905312419
151,B,underwater,fx_level_z_252,-0.018878858536481857
151,alpha,,kospi_return_1d,0.030606910586357117
151,alpha,,fx_level_z_252,0.026719380170106888
152,beta,momentum,,-0.03281601145863533
152,beta,persist,,0.1080031543970108
152,beta,underwater,,0.016297413036227226
152,B,momentum,kospi_return_1d,-0.0007069185376167297
152,B,momentum,fx_level_z_252,-0.00025431328685954213
152,B,persist,kospi_return_1d,-0.017163386568427086
152,B,persist,fx_level_z_252,-0.00044825454824604094
152,B,underwater,kospi_return_1d,0.00027267029508948326
152,B,underwater,fx_level_z_252,-0.01910397969186306
152,alpha,,kospi_return_1d,0.03073457069694996
152,alpha,,fx_level_z_252,0.026572210714221
153,beta,momentum,,-0.03288976848125458
153,beta,persist,,0.10816625505685806
153,beta,underwater,,0.016135387122631073
153,B,momentum,kospi_return_1d,-0.0007250366033986211
153,B,momentum,fx_level_z_252,0.000163672273629345
153,B,persist,kospi_return_1d,-0.01696113310754299
153,B,persist,fx_level_z_252,-0.0007082943920977414
153,B,underwater,kospi_return_1d,4.813916893908754e-05
153,B,underwater,fx_level_z_252,-0.019426090642809868
153,alpha,,kospi_return_1d,0.031068135052919388
153,alpha,,fx_level_z_252,0.026435580104589462
154,beta,momentum,,-0.03295116871595383
154,beta,persist,,0.10834173113107681
154,beta,underwater,,0.015965808182954788
154,B,momentum,kospi_return_1d,-0.0007152266916818917
154,B,momentum,fx_level_z_252,0.0005001567187719047
154,B,persist,kospi_return_1d,-0.016709158197045326
154,B,persist,fx_level_z_252,-0.0010303863091394305
154,B,underwater,kospi_return_1d,-7.066196849336848e-05
154,B,underwater,fx_level_z_252,-0.019753379747271538
154,alpha,,kospi_return_1d,0.031265392899513245
154,alpha,,fx_level_z_252,0.026435570791363716
155,beta,momentum,,-0.032948531210422516
155,beta,persist,,0.1083865612745285
155,beta,underwater,,0.015789516270160675
155,B,momentum,kospi_return_1d,-0.000603887194301933
155,B,momentum,fx_level_z_252,0.0004122822138015181
155,B,persist,kospi_return_1d,-0.01658531092107296
155,B,persist,fx_level_z_252,-0.0009981706971302629
155,B,underwater,kospi_return_1d,-8.687579247634858e-05
155,B,underwater,fx_level_z_252,-0.019829006865620613
155,alpha,,kospi_return_1d,0.031471818685531616
155,alpha,,fx_level_z_252,0.02641444467008114
156,beta,momentum,,-0.03287816047668457
156,beta,persist,,0.10835865139961243
156,beta,underwater,,0.015653537586331367
156,B,momentum,kospi_return_1d,-0.0005443982663564384
156,B,momentum,fx_level_z_252,0.0002848047879524529
156,B,persist,kospi_return_1d,-0.01648310013115406
156,B,persist,fx_level_z_252,-0.0008415799238719046
156,B,underwater,kospi_return_1d,-0.000216518878005445
156,B,underwater,fx_level_z_252,-0.019899528473615646
156,alpha,,kospi_return_1d,0.03164862468838692
156,alpha,,fx_level_z_252,0.026528295129537582
157,beta,momentum,,-0.03281407803297043
157,beta,persist,,0.10839402675628662
157,beta,underwater,,0.015586096793413162
157,B,momentum,kospi_return_1d,-0.0004860987246502191
157,B,momentum,fx_level_z_252,2.6420544600114226e-05
157,B,persist,kospi_return_1d,-0.016363024711608887
157,B,persist,fx_level_z_252,-0.0005788168637081981
157,B,underwater,kospi_return_1d,-0.00025718711549416184
157,B,underwater,fx_level_z_252,-0.01978527568280697
157,alpha,,kospi_return_1d,0.03183414041996002
157,alpha,,fx_level_z_252,0.02663518488407135
158,beta,momentum,,-0.03288871794939041
158,beta,persist,,0.10834395885467529
158,beta,underwater,,0.015551888383924961
158,B,momentum,kospi_return_1d,-0.00037249806337058544
158,B,momentum,fx_level_z_252,-0.0003982597263529897
158,B,persist,kospi_return_1d,-0.016369501128792763
158,B,persist,fx_level_z_252,-0.00020578631665557623
158,B,underwater,kospi_return_1d,-0.0003552721464075148
158,B,underwater,fx_level_z_252,-0.019569765776395798
158,alpha,,kospi_return_1d,0.03206518664956093
158,alpha,,fx_level_z_252,0.026702716946601868
159,beta,momentum,,-0.032825443893671036
159,beta,persist,,0.10826008766889572
159,beta,underwater,,0.015546031296253204
159,B,momentum,kospi_return_1d,6.114455754868686e-05
159,B,momentum,fx_level_z_252,-0.0009622909710742533
159,B,persist,kospi_return_1d,-0.016509944573044777
159,B,persist,fx_level_z_252,0.00015590940893162042
159,B,underwater,kospi_return_1d,-0.0006628941046074033
159,B,underwater,fx_level_z_252,-0.01928745210170746
159,alpha,,kospi_return_1d,0.03233181685209274
159,alpha,,fx_level_z_252,0.026869215071201324
160,beta,momentum,,-0.03270658478140831
160,beta,persist,,0.10813713073730469
160,beta,underwater,,0.015411044470965862
160,B,momentum,kospi_return_1d,0.0003151206474285573
160,B,momentum,fx_level_z_252,-0.0014262613840401173
160,B,persist,kospi_return_1d,-0.01683349348604679
160,B,persist,fx_level_z_252,0.00035457717604003847
160,B,underwater,kospi_return_1d,-0.0008705634973011911
160,B,underwater,fx_level_z_252,-0.019088122993707657
160,alpha,,kospi_return_1d,0.03251633048057556
160,alpha,,fx_level_z_252,0.02702610194683075
161,beta,momentum,,-0.03270947188138962
161,beta,persist,,0.10805054754018784
161,beta,underwater,,0.01534990593791008
161,B,momentum,kospi_return_1d,0.0003298050432931632
161,B,momentum,fx_level_z_252,-0.0018179945182055235
161,B,persist,kospi_return_1d,-0.016946647316217422
161,B,persist,fx_level_z_252,0.0003405613824725151
161,B,underwater,kospi_return_1d,-0.0009290579473599792
161,B,underwater,fx_level_z_252,-0.018974890932440758
161,alpha,,kospi_return_1d,0.032613541930913925
161,alpha,,fx_level_z_252,0.027218380942940712
162,beta,momentum,,-0.032745905220508575
162,beta,persist,,0.10801402479410172
162,beta,underwater,,0.01531869824975729
162,B,momentum,kospi_return_1d,0.00010424172069178894
162,B,momentum,fx_level_z_252,-0.002047779271379113
162,B,persist,kospi_return_1d,-0.016842607408761978
162,B,persist,fx_level_z_252,0.00010359386214986444
162,B,underwater,kospi_return_1d,-0.0006657056510448456
162,B,underwater,fx_level_z_252,-0.01887493208050728
162,alpha,,kospi_return_1d,0.03279857710003853
162,alpha,,fx_level_z_252,0.027449607849121094
163,beta,momentum,,-0.03273666650056839
163,beta,persist,,0.10798148810863495
163,beta,underwater,,0.015262242406606674
163,B,momentum,kospi_return_1d,1.6589663573540747e-05
163,B,momentum,fx_level_z_252,-0.002216965425759554
163,B,persist,kospi_return_1d,-0.016657430678606033
163,B,persist,fx_level_z_252,-0.00019872754637617618
163,B,underwater,kospi_return_1d,-0.0003806424792855978
163,B,underwater,fx_level_z_252,-0.018789654597640038
163,alpha,,kospi_return_1d,0.0329362154006958
163,alpha,,fx_level_z_252,0.02762012742459774
164,beta,momentum,,-0.032697293907403946
164,beta,persist,,0.10796234011650085
164,beta,underwater,,0.015117596834897995
164,B,momentum,kospi_return_1d,6.425338506232947e-05
164,B,momentum,fx_level_z_252,-0.002184265526011586
164,B,persist,kospi_return_1d,-0.016623392701148987
164,B,persist,fx_level_z_252,-0.0006650619907304645
164,B,underwater,kospi_return_1d,-4.272146907169372e-05
164,B,underwater,fx_level_z_252,-0.019045324996113777
164,alpha,,kospi_return_1d,0.03297411650419235
164,alpha,,fx_level_z_252,0.02771436981856823
165,beta,momentum,,-0.03259437158703804
165,beta,persist,,0.10799818485975266
165,beta,underwater,,0.014993054792284966
165,B,momentum,kospi_return_1d,-2.8216600185260177e-06
165,B,momentum,fx_level_z_252,-0.0022679134272038937
165,B,persist,kospi_return_1d,-0.01659221574664116
165,B,persist,fx_level_z_252,-0.0010577297070994973
165,B,underwater,kospi_return_1d,0.000254542741458863
165,B,underwater,fx_level_z_252,-0.019255001097917557
165,alpha,,kospi_return_1d,0.032850537449121475
165,alpha,,fx_level_z_252,0.0277104452252388
166,beta,momentum,,-0.032489705830812454
166,beta,persist,,0.10804223269224167
166,beta,underwater,,0.014939325861632824
166,B,momentum,kospi_return_1d,-4.975622141500935e-05
166,B,momentum,fx_level_z_252,-0.002178223803639412
166,B,persist,kospi_return_1d,-0.016475467011332512
166,B,persist,fx_level_z_252,-0.0014442962128669024
166,B,underwater,kospi_return_1d,0.00033936440013349056
166,B,underwater,fx_level_z_252,-0.01941581815481186
166,alpha,,kospi_return_1d,0.032618697732686996
166,alpha,,fx_level_z_252,0.027673469856381416
167,beta,momentum,,-0.0324353389441967
167,beta,persist,,0.10802807658910751
167,beta,underwater,,0.014806737191975117
167,B,momentum,kospi_return_1d,-6.0755162849090993e-05
167,B,momentum,fx_level_z_252,-0.0018677498446777463
167,B,persist,kospi_return_1d,-0.01657198555767536
167,B,persist,fx_level_z_252,-0.0014544043224304914
167,B,underwater,kospi_return_1d,0.00028354028472676873
167,B,underwater,fx_level_z_252,-0.019685976207256317
167,alpha,,kospi_return_1d,0.03240896761417389
167,alpha,,fx_level_z_252,0.027630917727947235
168,beta,momentum,,-0.03235923498868942
168,beta,persist,,0.10805532336235046
168,beta,underwater,,0.014739722944796085
168,B,momentum,kospi_return_1d,0.00011591274960665032
168,B,momentum,fx_level_z_252,-0.001633210340514779
168,B,persist,kospi_return_1d,-0.016819078475236893
168,B,persist,fx_level_z_252,-0.0013901022030040622
168,B,underwater,kospi_return_1d,3.327631566207856e-05
168,B,underwater,fx_level_z_252,-0.019894838333129883
168,alpha,,kospi_return_1d,0.03217169642448425
168,alpha,,fx_level_z_252,0.027507131919264793
169,beta,momentum,,-0.032292794436216354
169,beta,persist,,0.10817226767539978
169,beta,underwater,,0.014758866280317307
169,B,momentum,kospi_return_1d,0.0001987160212593153
169,B,momentum,fx_level_z_252,-0.001374920946545899
169,B,persist,kospi_return_1d,-0.01692868396639824
169,B,persist,fx_level_z_252,-0.0012939708540216088
169,B,underwater,kospi_return_1d,-0.00026076394715346396
169,B,underwater,fx_level_z_252,-0.020074211061000824
169,alpha,,kospi_return_1d,0.03181929886341095
169,alpha,,fx_level_z_252,0.027425095438957214
170,beta,momentum,,-0.03232681378722191
170,beta,persist,,0.10827761888504028
170,beta,underwater,,0.014684847556054592
170,B,momentum,kospi_return_1d,0.00010057486360892653
170,B,momentum,fx_level_z_252,-0.0009430330828763545
170,B,persist,kospi_return_1d,-0.017042793333530426
170,B,persist,fx_level_z_252,-0.0011549211340025067
170,B,underwater,kospi_return_1d,-0.00029904276016168296
170,B,underwater,fx_level_z_252,-0.02032007835805416
170,alpha,,kospi_return_1d,0.0313841737806797
170,alpha,,fx_level_z_252,0.027249714359641075
171,beta,momentum,,-0.03242062032222748
171,beta,persist,,0.10836520791053772
171,beta,underwater,,0.01469632238149643
171,B,momentum,kospi_return_1d,-0.00010283275332767516
171,B,momentum,fx_level_z_252,-0.0005850897869095206
171,B,persist,kospi_return_1d,-0.017186226323246956
171,B,persist,fx_level_z_252,-0.001025722362101078
171,B,underwater,kospi_return_1d,-0.0001862948847701773
171,B,underwater,fx_level_z_252,-0.020442815497517586
171,alpha,,kospi_return_1d,0.03096930868923664
171,alpha,,fx_level_z_252,0.027200479060411453
172,beta,momentum,,-0.032569028437137604
172,beta,persist,,0.10840252041816711
172,beta,underwater,,0.01478203572332859
172,B,momentum,kospi_return_1d,-0.0004400546313263476
172,B,momentum,fx_level_z_252,-0.0003018307324964553
172,B,persist,kospi_return_1d,-0.01726430095732212
172,B,persist,fx_level_z_252,-0.0007425809744745493
172,B,underwater,kospi_return_1d,-8.55424877954647e-05
172,B,underwater,fx_level_z_252,-0.020420292392373085
172,alpha,,kospi_return_1d,0.030608098953962326
172,alpha,,fx_level_z_252,0.027311677113175392
173,beta,momentum,,-0.03266365826129913
173,beta,persist,,0.10835814476013184
173,beta,underwater,,0.014908951707184315
173,B,momentum,kospi_return_1d,-0.0006929178489372134
173,B,momentum,fx_level_z_252,-0.00013185279385652393
173,B,persist,kospi_return_1d,-0.017348947003483772
173,B,persist,fx_level_z_252,-0.0001783904735930264
173,B,underwater,kospi_return_1d,1.7495327483629808e-05
173,B,underwater,fx_level_z_252,-0.020208023488521576
173,alpha,,kospi_return_1d,0.030420558527112007
173,alpha,,fx_level_z_252,0.027430368587374687
174,beta,momentum,,-0.0327083058655262
174,beta,persist,,0.10833600908517838
174,beta,underwater,,0.01493399403989315
174,B,momentum,kospi_return_1d,-0.0008760745404288173
174,B,momentum,fx_level_z_252,-0.00017497391672804952
174,B,persist,kospi_return_1d,-0.01740398444235325
174,B,persist,fx_level_z_252,0.0004012134741060436
174,B,underwater,kospi_return_1d,-5.448433512356132e-05
174,B,underwater,fx_level_z_252,-0.019929029047489166
174,alpha,,kospi_return_1d,0.030282583087682724
174,alpha,,fx_level_z_252,0.027479272335767746
175,beta,momentum,,-0.03268231451511383
175,beta,persist,,0.10823304206132889
175,beta,underwater,,0.014894308522343636
175,B,momentum,kospi_return_1d,-0.0010813322151079774
175,B,momentum,fx_level_z_252,-0.00048171624075621367
175,B,persist,kospi_return_1d,-0.017304638400673866
175,B,persist,fx_level_z_252,0.0010004527866840363
175,B,underwater,kospi_return_1d,-0.00010314006794942543
175,B,underwater,fx_level_z_252,-0.019547589123249054
175,alpha,,kospi_return_1d,0.03016173653304577
175,alpha,,fx_level_z_252,0.027424585074186325
176,beta,momentum,,-0.03274819999933243
176,beta,persist,,0.10823722183704376
176,beta,underwater,,0.014952167868614197
176,B,momentum,kospi_return_1d,-0.001236976240761578
176,B,momentum,fx_level_z_252,-0.0008397609926760197
176,B,persist,kospi_return_1d,-0.017066851258277893
176,B,persist,fx_level_z_252,0.00142618955578655
176,B,underwater,kospi_return_1d,-1.635978333069943e-05
176,B,underwater,fx_level_z_252,-0.019082365557551384
176,alpha,,kospi_return_1d,0.02997596748173237
176,alpha,,fx_level_z_252,0.027481794357299805
177,beta,momentum,,-0.03295883908867836
177,beta,persist,,0.1083187535405159
177,beta,underwater,,0.015093797817826271
177,B,momentum,kospi_return_1d,-0.0011296778684481978
177,B,momentum,fx_level_z_252,-0.0009768009185791016
177,B,persist,kospi_return_1d,-0.016882887110114098
177,B,persist,fx_level_z_252,0.0016296443063765764
177,B,underwater,kospi_return_1d,-1.5735411579953507e-05
177,B,underwater,fx_level_z_252,-0.01888490654528141
177,alpha,,kospi_return_1d,0.029849570244550705
177,alpha,,fx_level_z_252,0.02753634750843048
178,beta,momentum,,-0.033189915120601654
178,beta,persist,,0.1084037646651268
178,beta,underwater,,0.015270221047103405
178,B,momentum,kospi_return_1d,-0.001053638057783246
178,B,momentum,fx_level_z_252,-0.0010542534291744232
178,B,persist,kospi_return_1d,-0.016609640792012215
178,B,persist,fx_level_z_252,0.0017429384170100093
178,B,underwater,kospi_return_1d,8.154504757840186e-05
178,B,underwater,fx_level_z_252,-0.018714679405093193
178,alpha,,kospi_return_1d,0.029771186411380768
178,alpha,,fx_level_z_252,0.02759142406284809
179,beta,momentum,,-0.0332808792591095
179,beta,persist,,0.10847920179367065
179,beta,underwater,,0.01521500013768673
179,B,momentum,kospi_return_1d,-0.0008653114200569689
179,B,momentum,fx_level_z_252,-0.0011077235685661435
179,B,persist,kospi_return_1d,-0.016409387812018394
179,B,persist,fx_level_z_252,0.0016513653099536896
179,B,underwater,kospi_return_1d,0.00018915488908533007
179,B,underwater,fx_level_z_252,-0.01881304942071438
179,alpha,,kospi_return_1d,0.029678750783205032
179,alpha,,fx_level_z_252,0.027569156140089035
180,beta,momentum,,-0.03325137123465538
180,beta,persist,,0.10851040482521057
180,beta,underwater,,0.015133987180888653
180,B,momentum,kospi_return_1d,-0.0005789573770016432
180,B,momentum,fx_level_z_252,-0.0012127745430916548
180,B,persist,kospi_return_1d,-0.01627524383366108
180,B,persist,fx_level_z_252,0.0016269254265353084
180,B,underwater,kospi_return_1d,3.504953201627359e-05
180,B,underwater,fx_level_z_252,-0.018867166712880135
180,alpha,,kospi_return_1d,0.029571739956736565
180,alpha,,fx_level_z_252,0.027566784992814064
181,beta,momentum,,-0.03321802616119385
181,beta,persist,,0.10851403325796127
181,beta,underwater,,0.014998025260865688
181,B,momentum,kospi_return_1d,-0.0002858720254153013
181,B,momentum,fx_level_z_252,-0.0012539172312244773
181,B,persist,kospi_return_1d,-0.016168108209967613
181,B,persist,fx_level_z_252,0.0015633560251444578
181,B,underwater,kospi_return_1d,-0.00014787193504162133
181,B,underwater,fx_level_z_252,-0.01886077970266342
181,alpha,,kospi_return_1d,0.02967751957476139
181,alpha,,fx_level_z_252,0.027662955224514008
182,beta,momentum,,-0.03313976153731346
182,beta,persist,,0.10843798518180847
182,beta,underwater,,0.01470318902283907
182,B,momentum,kospi_return_1d,7.717011612839997e-05
182,B,momentum,fx_level_z_252,-0.0011450104648247361
182,B,persist,kospi_return_1d,-0.016109896823763847
182,B,persist,fx_level_z_252,0.0014558729017153382
182,B,underwater,kospi_return_1d,-0.00024077898706309497
182,B,underwater,fx_level_z_252,-0.018979240208864212
182,alpha,,kospi_return_1d,0.029983144253492355
182,alpha,,fx_level_z_252,0.027654707431793213
183,beta,momentum,,-0.03304525837302208
183,beta,persist,,0.10828017443418503
183,beta,underwater,,0.01442593801766634
183,B,momentum,kospi_return_1d,0.00039862678386271
183,B,momentum,fx_level_z_252,-0.0010339859873056412
183,B,persist,kospi_return_1d,-0.015941854566335678
183,B,persist,fx_level_z_252,0.0013643830316141248
183,B,underwater,kospi_return_1d,-7.80304180807434e-05
183,B,underwater,fx_level_z_252,-0.01910165324807167
183,alpha,,kospi_return_1d,0.03032132051885128
183,alpha,,fx_level_z_252,0.027553997933864594
184,beta,momentum,,-0.033116281032562256
184,beta,persist,,0.10824635624885559
184,beta,underwater,,0.014278847724199295
184,B,momentum,kospi_return_1d,0.0006579018663614988
184,B,momentum,fx_level_z_252,-0.0009977204026654363
184,B,persist,kospi_return_1d,-0.015647588297724724
184,B,persist,fx_level_z_252,0.0012559527531266212
184,B,underwater,kospi_return_1d,8.516557863913476e-05
184,B,underwater,fx_level_z_252,-0.01911330595612526
184,alpha,,kospi_return_1d,0.03061186522245407
184,alpha,,fx_level_z_252,0.027449337765574455
185,beta,momentum,,-0.033054690808057785
185,beta,persist,,0.10823599249124527
185,beta,underwater,,0.014000202529132366
185,B,momentum,kospi_return_1d,0.0008077988750301301
185,B,momentum,fx_level_z_252,-0.0007531014271080494
185,B,persist,kospi_return_1d,-0.01533565204590559
185,B,persist,fx_level_z_252,0.0009734090999700129
185,B,underwater,kospi_return_1d,0.0003536741132847965
185,B,underwater,fx_level_z_252,-0.019320126622915268
185,alpha,,kospi_return_1d,0.030993696302175522
185,alpha,,fx_level_z_252,0.02729753963649273
186,beta,momentum,,-0.03309495002031326
186,beta,persist,,0.10834603011608124
186,beta,underwater,,0.013786463998258114
186,B,momentum,kospi_return_1d,0.0008096066885627806
186,B,momentum,fx_level_z_252,-0.00042584954644553363
186,B,persist,kospi_return_1d,-0.015090549364686012
186,B,persist,fx_level_z_252,0.0005482198903337121
186,B,underwater,kospi_return_1d,0.0004470054409466684
186,B,underwater,fx_level_z_252,-0.019642023369669914
186,alpha,,kospi_return_1d,0.03124804049730301
186,alpha,,fx_level_z_252,0.02704450488090515
187,beta,momentum,,-0.033175889402627945
187,beta,persist,,0.1084524542093277
187,beta,underwater,,0.013600119389593601
187,B,momentum,kospi_return_1d,0.0007276390679180622
187,B,momentum,fx_level_z_252,-4.3962267227470875e-05
187,B,persist,kospi_return_1d,-0.014819963835179806
187,B,persist,fx_level_z_252,-2.2023479687049985e-05
187,B,underwater,kospi_return_1d,0.0005203746259212494
187,B,underwater,fx_level_z_252,-0.019955867901444435
187,alpha,,kospi_return_1d,0.031388115137815475
187,alpha,,fx_level_z_252,0.02682746760547161
188,beta,momentum,,-0.03318385034799576
188,beta,persist,,0.10850316286087036
188,beta,underwater,,0.013391883112490177
188,B,momentum,kospi_return_1d,0.0005655786371789873
188,B,momentum,fx_level_z_252,0.0001763331238180399
188,B,persist,kospi_return_1d,-0.014615662395954132
188,B,persist,fx_level_z_252,-0.0004071971052326262
188,B,underwater,kospi_return_1d,0.0004803626798093319
188,B,underwater,fx_level_z_252,-0.020228685811161995
188,alpha,,kospi_return_1d,0.03159622475504875
188,alpha,,fx_level_z_252,0.026448706164956093
189,beta,momentum,,-0.03322126716375351
189,beta,persist,,0.10850408673286438
189,beta,underwater,,0.013283534906804562
189,B,momentum,kospi_return_1d,0.0003682374663185328
189,B,momentum,fx_level_z_252,0.00022568162239622325
189,B,persist,kospi_return_1d,-0.01452362909913063
189,B,persist,fx_level_z_252,-0.0006605226080864668
189,B,underwater,kospi_return_1d,0.0002457799855619669
189,B,underwater,fx_level_z_252,-0.020348165184259415
189,alpha,,kospi_return_1d,0.031697046011686325
189,alpha,,fx_level_z_252,0.025997629389166832
190,beta,momentum,,-0.03337906673550606
190,beta,persist,,0.10855238884687424
190,beta,underwater,,0.013256004080176353
190,B,momentum,kospi_return_1d,0.00014214190014172345
190,B,momentum,fx_level_z_252,0.00031114279408939183
190,B,persist,kospi_return_1d,-0.01472593192011118
190,B,persist,fx_level_z_252,-0.0007183608831837773
190,B,underwater,kospi_return_1d,-0.000138619274366647
190,B,underwater,fx_level_z_252,-0.02048596553504467
190,alpha,,kospi_return_1d,0.03162820637226105
190,alpha,,fx_level_z_252,0.025675378739833832
191,beta,momentum,,-0.03348955884575844
191,beta,persist,,0.10870912671089172
191,beta,underwater,,0.013312928378582
191,B,momentum,kospi_return_1d,-4.899171835859306e-05
191,B,momentum,fx_level_z_252,0.00020364057854749262
191,B,persist,kospi_return_1d,-0.014702712185680866
191,B,persist,fx_level_z_252,-0.0008862998220138252
191,B,underwater,kospi_return_1d,-0.0004098747158423066
191,B,underwater,fx_level_z_252,-0.020452113822102547
191,alpha,,kospi_return_1d,0.031476981937885284
191,alpha,,fx_level_z_252,0.025490444153547287
192,beta,momentum,,-0.03364534303545952
192,beta,persist,,0.10881650447845459
192,beta,underwater,,0.013455327600240707
192,B,momentum,kospi_return_1d,-4.9439862777944654e-05
192,B,momentum,fx_level_z_252,-2.300464257132262e-05
192,B,persist,kospi_return_1d,-0.014905275776982307
192,B,persist,fx_level_z_252,-0.0009942033793777227
192,B,underwater,kospi_return_1d,-0.0008051397744566202
192,B,underwater,fx_level_z_252,-0.02027837559580803
192,alpha,,kospi_return_1d,0.03132884204387665
192,alpha,,fx_level_z_252,0.025332041084766388
193,beta,momentum,,-0.0338200107216835
193,beta,persist,,0.10892271995544434
193,beta,underwater,,0.013776824809610844
193,B,momentum,kospi_return_1d,9.020558354677632e-05
193,B,momentum,fx_level_z_252,-0.000458062335383147
193,B,persist,kospi_return_1d,-0.01523415558040142
193,B,persist,fx_level_z_252,-0.001068904879502952
193,B,underwater,kospi_return_1d,-0.0013178447261452675
193,B,underwater,fx_level_z_252,-0.019960178062319756
193,alpha,,kospi_return_1d,0.031078128144145012
193,alpha,,fx_level_z_252,0.025324145331978798
194,beta,momentum,,-0.03396475315093994
194,beta,persist,,0.10897718369960785
194,beta,underwater,,0.01409170962870121
194,B,momentum,kospi_return_1d,0.000389352033380419
194,B,momentum,fx_level_z_252,-0.0008688891539350152
194,B,persist,kospi_return_1d,-0.01553745474666357
194,B,persist,fx_level_z_252,-0.0008392493473365903
194,B,underwater,kospi_return_1d,-0.0017974773654714227
194,B,underwater,fx_level_z_252,-0.019486140459775925
194,alpha,,kospi_return_1d,0.03089797869324684
194,alpha,,fx_level_z_252,0.025389190763235092
195,beta,momentum,,-0.0341205894947052
195,beta,persist,,0.10905206948518753
195,beta,underwater,,0.014370780438184738
195,B,momentum,kospi_return_1d,0.0005979150300845504
195,B,momentum,fx_level_z_252,-0.001258255448192358
195,B,persist,kospi_return_1d,-0.01572958193719387
195,B,persist,fx_level_z_252,-0.0007515925681218505
195,B,underwater,kospi_return_1d,-0.002048405585810542
195,B,underwater,fx_level_z_252,-0.019060077145695686
195,alpha,,kospi_return_1d,0.03089420683681965
195,alpha,,fx_level_z_252,0.025467803701758385
196,beta,momentum,,-0.03428322449326515
196,beta,persist,,0.10912717878818512
196,beta,underwater,,0.014669755473732948
196,B,momentum,kospi_return_1d,0.00046216463670134544
196,B,momentum,fx_level_z_252,-0.0015034807147458196
196,B,persist,kospi_return_1d,-0.015959376469254494
196,B,persist,fx_level_z_252,-0.0005747882532887161
196,B,underwater,kospi_return_1d,-0.002178025199100375
196,B,underwater,fx_level_z_252,-0.018726235255599022
196,alpha,,kospi_return_1d,0.030774975195527077
196,alpha,,fx_level_z_252,0.02569207362830639
197,beta,momentum,,-0.034375838935375214
197,beta,persist,,0.10913006961345673
197,beta,underwater,,0.01491450984030962
197,B,momentum,kospi_return_1d,0.00030010787304490805
197,B,momentum,fx_level_z_252,-0.001724348170682788
197,B,persist,kospi_return_1d,-0.016136081889271736
197,B,persist,fx_level_z_252,-0.0002765602548606694
197,B,underwater,kospi_return_1d,-0.0021884117741137743
197,B,underwater,fx_level_z_252,-0.018376251682639122
197,alpha,,kospi_return_1d,0.030879434198141098
197,alpha,,fx_level_z_252,0.02590939588844776
198,beta,momentum,,-0.03434682637453079
198,beta,persist,,0.10913314670324326
198,beta,underwater,,0.01508601289242506
198,B,momentum,kospi_return_1d,0.0001263151061721146
198,B,momentum,fx_level_z_252,-0.0017027363646775484
198,B,persist,kospi_return_1d,-0.016330257058143616
198,B,persist,fx_level_z_252,1.7923011910170317e-05
198,B,underwater,kospi_return_1d,-0.0021309079602360725
198,B,underwater,fx_level_z_252,-0.01822739839553833
198,alpha,,kospi_return_1d,0.030959727242588997
198,alpha,,fx_level_z_252,0.026064079254865646
199,beta,momentum,,-0.034281082451343536
199,beta,persist,,0.10917182266712189
199,beta,underwater,,0.015073848888278008
199,B,momentum,kospi_return_1d,-5.1864146371372044e-05
199,B,momentum,fx_level_z_252,-0.0016692362260073423
199,B,persist,kospi_return_1d,-0.016535012051463127
199,B,persist,fx_level_z_252,0.00026641355361789465
199,B,underwater,kospi_return_1d,-0.001979133114218712
199,B,underwater,fx_level_z_252,-0.018161555752158165
199,alpha,,kospi_return_1d,0.030775481835007668
199,alpha,,fx_level_z_252,0.026098234578967094
200,beta,momentum,,-0.03414325788617134
200,beta,persist,,0.1092122495174408
200,beta,underwater,,0.014879354275763035
200,B,momentum,kospi_return_1d,-4.568880831357092e-05
200,B,momentum,fx_level_z_252,-0.0013599806698039174
200,B,persist,kospi_return_1d,-0.016940586268901825
200,B,persist,fx_level_z_252,0.00037154185702092946
200,B,underwater,kospi_return_1d,-0.0017312581185251474
200,B,underwater,fx_level_z_252,-0.01832173764705658
200,alpha,,kospi_return_1d,0.030742282047867775
200,alpha,,fx_level_z_252,0.02606542967259884
201,beta,momentum,,-0.03383585810661316
201,beta,persist,,0.109283946454525
201,beta,underwater,,0.014541292563080788
201,B,momentum,kospi_return_1d,4.731308581540361e-05
201,B,momentum,fx_level_z_252,-0.0009798766113817692
201,B,persist,kospi_return_1d,-0.017153635621070862
201,B,persist,fx_level_z_252,0.0003197452751919627
201,B,underwater,kospi_return_1d,-0.0011181954760104418
201,B,underwater,fx_level_z_252,-0.018798058852553368
201,alpha,,kospi_return_1d,0.030707618221640587
201,alpha,,fx_level_z_252,0.02590467594563961
202,beta,momentum,,-0.03346117585897446
202,beta,persist,,0.10931868106126785
202,beta,underwater,,0.014171859249472618
202,B,momentum,kospi_return_1d,0.00013035224401392043
202,B,momentum,fx_level_z_252,-0.0006154789589345455
202,B,persist,kospi_return_1d,-0.017327377572655678
202,B,persist,fx_level_z_252,0.00017355408635921776
202,B,underwater,kospi_return_1d,-0.00037385415635071695
202,B,underwater,fx_level_z_252,-0.019297167658805847
202,alpha,,kospi_return_1d,0.0307904165238142
202,alpha,,fx_level_z_252,0.025817766785621643
203,beta,momentum,,-0.03322023153305054
203,beta,persist,,0.10935138165950775
203,beta,underwater,,0.013962351717054844
203,B,momentum,kospi_return_1d,5.150301149114966e-06
203,B,momentum,fx_level_z_252,-0.00034027505898848176
203,B,persist,kospi_return_1d,-0.01736954040825367
203,B,persist,fx_level_z_252,-0.0001764123881002888
203,B,underwater,kospi_return_1d,0.00026085387798957527
203,B,underwater,fx_level_z_252,-0.01965225115418434
203,alpha,,kospi_return_1d,0.030692465603351593
203,alpha,,fx_level_z_252,0.025843145325779915
204,beta,momentum,,-0.03306042030453682
204,beta,persist,,0.10944336652755737
204,beta,underwater,,0.013885198161005974
204,B,momentum,kospi_return_1d,-0.00012301761307753623
204,B,momentum,fx_level_z_252,-2.448170562274754e-05
204,B,persist,kospi_return_1d,-0.017403021454811096
204,B,persist,fx_level_z_252,-0.000475191802252084
204,B,underwater,kospi_return_1d,0.0006411336362361908
204,B,underwater,fx_level_z_252,-0.019955186173319817
204,alpha,,kospi_return_1d,0.030551491305232048
204,alpha,,fx_level_z_252,0.025973927229642868
205,beta,momentum,,-0.032909225672483444
205,beta,persist,,0.1095079705119133
205,beta,underwater,,0.013851809315383434
205,B,momentum,kospi_return_1d,-2.254945138702169e-05
205,B,momentum,fx_level_z_252,0.0001570453168824315
205,B,persist,kospi_return_1d,-0.017508551478385925
205,B,persist,fx_level_z_252,-0.000481476541608572
205,B,underwater,kospi_return_1d,0.0007235102821141481
205,B,underwater,fx_level_z_252,-0.02008325792849064
205,alpha,,kospi_return_1d,0.030556444078683853
205,alpha,,fx_level_z_252,0.025889452546834946
206,beta,momentum,,-0.03269658237695694
206,beta,persist,,0.10950152575969696
206,beta,underwater,,0.013849698938429356
206,B,momentum,kospi_return_1d,0.00019482002244330943
206,B,momentum,fx_level_z_252,0.0002328463306184858
206,B,persist,kospi_return_1d,-0.017593931406736374
206,B,persist,fx_level_z_252,-0.0003576941671781242
206,B,underwater,kospi_return_1d,0.0005553900264203548
206,B,underwater,fx_level_z_252,-0.020211083814501762
206,alpha,,kospi_return_1d,0.030649684369564056
206,alpha,,fx_level_z_252,0.025801364332437515
207,beta,momentum,,-0.032488539814949036
207,beta,persist,,0.10939937829971313
207,beta,underwater,,0.013833662495017052
207,B,momentum,kospi_return_1d,0.0003615420137066394
207,B,momentum,fx_level_z_252,0.00024946569465100765
207,B,persist,kospi_return_1d,-0.017559172585606575
207,B,persist,fx_level_z_252,-0.0001947846612893045
207,B,underwater,kospi_return_1d,0.00034695310750976205
207,B,underwater,fx_level_z_252,-0.020314937457442284
207,alpha,,kospi_return_1d,0.03089829720556736
207,alpha,,fx_level_z_252,0.025710413232445717
208,beta,momentum,,-0.03227858617901802
208,beta,persist,,0.10924769937992096
208,beta,underwater,,0.013750984333455563
208,B,momentum,kospi_return_1d,0.0004735520342364907
208,B,momentum,fx_level_z_252,0.0001964546536328271
208,B,persist,kospi_return_1d,-0.01770019344985485
208,B,persist,fx_level_z_252,-1.2211676221340895e-06
208,B,underwater,kospi_return_1d,1.7297439626418054e-05
208,B,underwater,fx_level_z_252,-0.02047366090118885
208,alpha,,kospi_return_1d,0.031132571399211884
208,alpha,,fx_level_z_252,0.025638481602072716
209,beta,momentum,,-0.03217979893088341
209,beta,persist,,0.10910191386938095
209,beta,underwater,,0.013741916976869106
209,B,momentum,kospi_return_1d,0.0005698114400729537
209,B,momentum,fx_level_z_252,9.848549962043762e-05
209,B,persist,kospi_return_1d,-0.017833812162280083
209,B,persist,fx_level_z_252,0.00020739540923386812
209,B,underwater,kospi_return_1d,-0.0004157403018325567
209,B,underwater,fx_level_z_252,-0.02053234539926052
209,alpha,,kospi_return_1d,0.03138583526015282
209,alpha,,fx_level_z_252,0.025573257356882095
210,beta,momentum,,-0.032076384872198105
210,beta,persist,,0.10898362100124359
210,beta,underwater,,0.013658064417541027
210,B,momentum,kospi_return_1d,0.00043726825970225036
210,B,momentum,fx_level_z_252,-0.00027142325416207314
210,B,persist,kospi_return_1d,-0.017794812098145485
210,B,persist,fx_level_z_252,0.00028239484527148306
210,B,underwater,kospi_return_1d,-0.0005283886566758156
210,B,underwater,fx_level_z_252,-0.02045624516904354
210,alpha,,kospi_return_1d,0.03165857866406441
210,alpha,,fx_level_z_252,0.025469869375228882
211,beta,momentum,,-0.03197360783815384
211,beta,persist,,0.10890565812587738
211,beta,underwater,,0.013699326664209366
211,B,momentum,kospi_return_1d,0.0004160681273788214
211,B,momentum,fx_level_z_252,-0.0006412638467736542
211,B,persist,kospi_return_1d,-0.017820952460169792
211,B,persist,fx_level_z_252,0.0003249840810894966
211,B,underwater,kospi_return_1d,-0.0005178559222258627
211,B,underwater,fx_level_z_252,-0.020261047407984734
211,alpha,,kospi_return_1d,0.03195062279701233
211,alpha,,fx_level_z_252,0.02531115896999836
212,beta,momentum,,-0.0320126973092556
212,beta,persist,,0.10885050147771835
212,beta,underwater,,0.013867291621863842
212,B,momentum,kospi_return_1d,0.0001590123283676803
212,B,momentum,fx_level_z_252,-0.0010251854546368122
212,B,persist,kospi_return_1d,-0.017804380506277084
212,B,persist,fx_level_z_252,0.00032718959846533835
212,B,underwater,kospi_return_1d,-0.00044134570634923875
212,B,underwater,fx_level_z_252,-0.019894087687134743
212,alpha,,kospi_return_1d,0.032307833433151245
212,alpha,,fx_level_z_252,0.025187898427248
213,beta,momentum,,-0.0321543924510479
213,beta,persist,,0.10881661623716354
213,beta,underwater,,0.014117559418082237
213,B,momentum,kospi_return_1d,-9.285322448704392e-05
213,B,momentum,fx_level_z_252,-0.001259482465684414
213,B,persist,kospi_return_1d,-0.0177186019718647
213,B,persist,fx_level_z_252,7.201565313152969e-05
213,B,underwater,kospi_return_1d,-0.00037686125142499804
213,B,underwater,fx_level_z_252,-0.019537413492798805
213,alpha,,kospi_return_1d,0.03270658478140831
213,alpha,,fx_level_z_252,0.025231914594769478
214,beta,momentum,,-0.03231455385684967
214,beta,persist,,0.10875943303108215
214,beta,underwater,,0.014274965971708298
214,B,momentum,kospi_return_1d,-0.0003250863519497216
214,B,momentum,fx_level_z_252,-0.0013112954329699278
214,B,persist,kospi_return_1d,-0.017552509903907776
214,B,persist,fx_level_z_252,-0.00019872737175319344
214,B,underwater,kospi_return_1d,-0.0002705692604649812
214,B,underwater,fx_level_z_252,-0.019253993406891823
214,alpha,,kospi_return_1d,0.0331307128071785
214,alpha,,fx_level_z_252,0.025114981457591057
215,beta,momentum,,-0.03253793343901634
215,beta,persist,,0.10873806476593018
215,beta,underwater,,0.014425460249185562
215,B,momentum,kospi_return_1d,-0.0005838779616169631
215,B,momentum,fx_level_z_252,-0.0013299370184540749
215,B,persist,kospi_return_1d,-0.017395105212926865
215,B,persist,fx_level_z_252,-0.00021402596030384302
215,B,underwater,kospi_return_1d,-0.00015348405577242374
215,B,underwater,fx_level_z_252,-0.01890062354505062
215,alpha,,kospi_return_1d,0.03349418193101883
215,alpha,,fx_level_z_252,0.024925820529460907
216,beta,momentum,,-0.03267545998096466
216,beta,persist,,0.10869885236024857
216,beta,underwater,,0.014585747383534908
216,B,momentum,kospi_return_1d,-0.0006123318453319371
216,B,momentum,fx_level_z_252,-0.0014216164126992226
216,B,persist,kospi_return_1d,-0.017142487689852715
216,B,persist,fx_level_z_252,-8.912198973121122e-05
216,B,underwater,kospi_return_1d,-3.3408829040126875e-05
216,B,underwater,fx_level_z_252,-0.018523704260587692
216,alpha,,kospi_return_1d,0.0338609479367733
216,alpha,,fx_level_z_252,0.024759937077760696
217,beta,momentum,,-0.03285476565361023
217,beta,persist,,0.10865585505962372
217,beta,underwater,,0.014636053703725338
217,B,momentum,kospi_return_1d,-0.0006666964618489146
217,B,momentum,fx_level_z_252,-0.0014042125549167395
217,B,persist,kospi_return_1d,-0.016981422901153564
217,B,persist,fx_level_z_252,0.00015196108142845333
217,B,underwater,kospi_return_1d,0.00013750621292274445
217,B,underwater,fx_level_z_252,-0.01824512705206871
217,alpha,,kospi_return_1d,0.03406641632318497
217,alpha,,fx_level_z_252,0.024527378380298615
218,beta,momentum,,-0.032959554344415665
218,beta,persist,,0.10858668386936188
218,beta,underwater,,0.014569680206477642
218,B,momentum,kospi_return_1d,-0.0007980478112585843
218,B,momentum,fx_level_z_252,-0.0013268467737361789
218,B,persist,kospi_return_1d,-0.016605276614427567
218,B,persist,fx_level_z_252,0.0003842657315544784
218,B,underwater,kospi_return_1d,0.0004976940108463168
218,B,underwater,fx_level_z_252,-0.018077613785862923
218,alpha,,kospi_return_1d,0.03420634567737579
218,alpha,,fx_level_z_252,0.024205850437283516
219,beta,momentum,,-0.032972462475299835
219,beta,persist,,0.10850587487220764
219,beta,underwater,,0.014562955126166344
219,B,momentum,kospi_return_1d,-0.000852984085213393
219,B,momentum,fx_level_z_252,-0.0012179904151707888
219,B,persist,kospi_return_1d,-0.01640329137444496
219,B,persist,fx_level_z_252,0.0005933809443376958
219,B,underwater,kospi_return_1d,0.0005946307210251689
219,B,underwater,fx_level_z_252,-0.017951078712940216
219,alpha,,kospi_return_1d,0.03437969088554382
219,alpha,,fx_level_z_252,0.0239181499928236
220,beta,momentum,,-0.03300325572490692
220,beta,persist,,0.1084299385547638
220,beta,underwater,,0.014735412783920765
220,B,momentum,kospi_return_1d,-0.0006182899815030396
220,B,momentum,fx_level_z_252,-0.0010996354976668954
220,B,persist,kospi_return_1d,-0.01640467904508114
220,B,persist,fx_level_z_252,0.0007978772628121078
220,B,underwater,kospi_return_1d,0.0003582629724405706
220,B,underwater,fx_level_z_252,-0.01763882488012314
220,alpha,,kospi_return_1d,0.03440691530704498
220,alpha,,fx_level_z_252,0.023721525445580482
221,beta,momentum,,-0.03304440900683403
221,beta,persist,,0.10841807723045349
221,beta,underwater,,0.014800691045820713
221,B,momentum,kospi_return_1d,-0.00012175232404842973
221,B,momentum,fx_level_z_252,-0.0009174677543342113
221,B,persist,kospi_return_1d,-0.016396239399909973
221,B,persist,fx_level_z_252,0.0009197828476317227
221,B,underwater,kospi_return_1d,3.2041920349001884e-05
221,B,underwater,fx_level_z_252,-0.017462367191910744
221,alpha,,kospi_return_1d,0.03419630974531174
221,alpha,,fx_level_z_252,0.023595377802848816
222,beta,momentum,,-0.033090800046920776
222,beta,persist,,0.10833562910556793
222,beta,underwater,,0.014719443395733833
222,B,momentum,kospi_return_1d,0.00033897050889208913
222,B,momentum,fx_level_z_252,-0.0006971893599256873
222,B,persist,kospi_return_1d,-0.016422832384705544
222,B,persist,fx_level_z_252,0.0010529544670134783
222,B,underwater,kospi_return_1d,-0.0002490835322532803
222,B,underwater,fx_level_z_252,-0.01735595241189003
222,alpha,,kospi_return_1d,0.03403308987617493
222,alpha,,fx_level_z_252,0.02355058677494526
223,beta,momentum,,-0.03313862904906273
223,beta,persist,,0.10836545377969742
223,beta,underwater,,0.014586360193789005
223,B,momentum,kospi_return_1d,0.0004748676437884569
223,B,momentum,fx_level_z_252,-0.0004312427481636405
223,B,persist,kospi_return_1d,-0.016414673998951912
223,B,persist,fx_level_z_252,0.0010253401705995202
223,B,underwater,kospi_return_1d,-0.00023892056196928024
223,B,underwater,fx_level_z_252,-0.017385335639119148
223,alpha,,kospi_return_1d,0.03380957245826721
223,alpha,,fx_level_z_252,0.02354283258318901
224,beta,momentum,,-0.033146120607852936
224,beta,persist,,0.10834559798240662
224,beta,underwater,,0.014383569359779358
224,B,momentum,kospi_return_1d,0.00030304084066301584
224,B,momentum,fx_level_z_252,-0.0001246105384780094
224,B,persist,kospi_return_1d,-0.01633554697036743
224,B,persist,fx_level_z_252,0.000932652794290334
224,B,underwater,kospi_return_1d,-2.4814149583107792e-05
224,B,underwater,fx_level_z_252,-0.017460070550441742
224,alpha,,kospi_return_1d,0.033718593418598175
224,alpha,,fx_level_z_252,0.02352769300341606
225,beta,momentum,,-0.0331859290599823
225,beta,persist,,0.1083710715174675
225,beta,underwater,,0.0142459562048316
225,B,momentum,kospi_return_1d,9.853870142251253e-05
225,B,momentum,fx_level_z_252,0.0001816230796976015
225,B,persist,kospi_return_1d,-0.01625727489590645
225,B,persist,fx_level_z_252,0.0007469882257282734
225,B,underwater,kospi_return_1d,6.569098331965506e-05
225,B,underwater,fx_level_z_252,-0.017474327236413956
225,alpha,,kospi_return_1d,0.03371107205748558
225,alpha,,fx_level_z_252,0.02364482916891575
226,beta,momentum,,-0.033187709748744965
226,beta,persist,,0.1084127351641655
226,beta,underwater,,0.014104833826422691
226,B,momentum,kospi_return_1d,-0.000176127883605659
226,B,momentum,fx_level_z_252,0.00034611570299603045
226,B,persist,kospi_return_1d,-0.01606111228466034
226,B,persist,fx_level_z_252,0.0005127697950229049
226,B,underwater,kospi_return_1d,0.00011298590106889606
226,B,underwater,fx_level_z_252,-0.01754664070904255
226,alpha,,kospi_return_1d,0.03363943099975586
226,alpha,,fx_level_z_252,0.02388210967183113
227,beta,momentum,,-0.03317061439156532
227,beta,persist,,0.10839909315109253
227,beta,underwater,,0.013990252278745174
227,B,momentum,kospi_return_1d,-0.00028008659137412906
227,B,momentum,fx_level_z_252,0.0004521167138591409
227,B,persist,kospi_return_1d,-0.01583915203809738
227,B,persist,fx_level_z_252,0.0002686721854843199
227,B,underwater,kospi_return_1d,0.00010704145825002342
227,B,underwater,fx_level_z_252,-0.01765073649585247
227,alpha,,kospi_return_1d,0.03372948244214058
227,alpha,,fx_level_z_252,0.0242280475795269
228,beta,momentum,,-0.03310682997107506
228,beta,persist,,0.10844449698925018
228,beta,underwater,,0.013734840787947178
228,B,momentum,kospi_return_1d,-0.0005239582387730479
228,B,momentum,fx_level_z_252,0.0005788823473267257
228,B,persist,kospi_return_1d,-0.015623963437974453
228,B,persist,fx_level_z_252,-6.976669101277366e-05
228,B,underwater,kospi_return_1d,0.00018569723761174828
228,B,underwater,fx_level_z_252,-0.017971443012356758
228,alpha,,kospi_return_1d,0.03372235968708992
228,alpha,,fx_level_z_252,0.024520061910152435
229,beta,momentum,,-0.03302273154258728
229,beta,persist,,0.10852000117301941
229,beta,underwater,,0.01357786450535059
229,B,momentum,kospi_return_1d,-0.0007354530389420688
229,B,momentum,fx_level_z_252,0.0005250697140581906
229,B,persist,kospi_return_1d,-0.015477950684726238
229,B,persist,fx_level_z_252,-0.00017932239279616624
229,B,underwater,kospi_return_1d,0.00016258010873571038
229,B,underwater,fx_level_z_252,-0.018194375559687614
229,alpha,,kospi_return_1d,0.033642612397670746
229,alpha,,fx_level_z_252,0.02472294121980667
230,beta,momentum,,-0.03300391137599945
230,beta,persist,,0.10852979123592377
230,beta,underwater,,0.01347623486071825
230,B,momentum,kospi_return_1d,-0.0006819426780566573
230,B,momentum,fx_level_z_252,0.0003815422533079982
230,B,persist,kospi_return_1d,-0.01543499156832695
230,B,persist,fx_level_z_252,-6.158660835353658e-05
230,B,underwater,kospi_return_1d,3.623359589255415e-06
230,B,underwater,fx_level_z_252,-0.018269382417201996
230,alpha,,kospi_return_1d,0.03341526538133621
230,alpha,,fx_level_z_252,0.0248278621584177
231,beta,momentum,,-0.03303537517786026
231,beta,persist,,0.10864018648862839
231,beta,underwater,,0.013347921893000603
231,B,momentum,kospi_return_1d,-0.0006276937201619148
231,B,momentum,fx_level_z_252,0.00019919477927032858
231,B,persist,kospi_return_1d,-0.015261669643223286
231,B,persist,fx_level_z_252,0.00019099347991868854
231,B,underwater,kospi_return_1d,-0.00010402929183328524
231,B,underwater,fx_level_z_252,-0.018375836312770844
231,alpha,,kospi_return_1d,0.03307728469371796
231,alpha,,fx_level_z_252,0.024870431050658226
232,beta,momentum,,-0.0331948958337307
232,beta,persist,,0.10871986299753189
232,beta,underwater,,0.013321587815880775
232,B,momentum,kospi_return_1d,-0.0005615167901851237
232,B,momentum,fx_level_z_252,-0.0001643836876610294
232,B,persist,kospi_return_1d,-0.015195327810943127
232,B,persist,fx_level_z_252,0.0004802472540177405
232,B,underwater,kospi_return_1d,-0.00022329458442982286
232,B,underwater,fx_level_z_252,-0.01827482506632805
232,alpha,,kospi_return_1d,0.03281690180301666
232,alpha,,fx_level_z_252,0.024920837953686714
233,beta,momentum,,-0.03336349502205849
233,beta,persist,,0.1088971495628357
233,beta,underwater,,0.013435610570013523
233,B,momentum,kospi_return_1d,-0.0002193089749198407
233,B,momentum,fx_level_z_252,-0.00049687857972458
233,B,persist,kospi_return_1d,-0.015102502889931202
233,B,persist,fx_level_z_252,0.0005504850414581597
233,B,underwater,kospi_return_1d,-0.0004258955013938248
233,B,underwater,fx_level_z_252,-0.018103914335370064
233,alpha,,kospi_return_1d,0.032598357647657394
233,alpha,,fx_level_z_252,0.025136400014162064
234,beta,momentum,,-0.03340776637196541
234,beta,persist,,0.10888887941837311
234,beta,underwater,,0.013433603569865227
234,B,momentum,kospi_return_1d,0.00029998336685821414
234,B,momentum,fx_level_z_252,-0.0005149777280166745
234,B,persist,kospi_return_1d,-0.01493087224662304
234,B,persist,fx_level_z_252,0.0005868555163033307
234,B,underwater,kospi_return_1d,-0.0006032252567820251
234,B,underwater,fx_level_z_252,-0.018155084922909737
234,alpha,,kospi_return_1d,0.03266463056206703
234,alpha,,fx_level_z_252,0.025153471156954765
235,beta,momentum,,-0.03358980268239975
235,beta,persist,,0.10894998908042908
235,beta,underwater,,0.013437902554869652
235,B,momentum,kospi_return_1d,0.0005708591197617352
235,B,momentum,fx_level_z_252,-0.0003324782010167837
235,B,persist,kospi_return_1d,-0.014818651601672173
235,B,persist,fx_level_z_252,0.0005920868716202676
235,B,underwater,kospi_return_1d,-0.0006075097480788827
235,B,underwater,fx_level_z_252,-0.018352458253502846
235,alpha,,kospi_return_1d,0.032614897936582565
235,alpha,,fx_level_z_252,0.025125205516815186
236,beta,momentum,,-0.033736713230609894
236,beta,persist,,0.10893812030553818
236,beta,underwater,,0.013395390473306179
236,B,momentum,kospi_return_1d,0.0006910562515258789
236,B,momentum,fx_level_z_252,-6.383620348060504e-05
236,B,persist,kospi_return_1d,-0.014806092716753483
236,B,persist,fx_level_z_252,0.0004993786569684744
236,B,underwater,kospi_return_1d,-0.0005792199517600238
236,B,underwater,fx_level_z_252,-0.018491677939891815
236,alpha,,kospi_return_1d,0.032709043473005295
236,alpha,,fx_level_z_252,0.025212114676833153
237,beta,momentum,,-0.033873312175273895
237,beta,persist,,0.1090005561709404
237,beta,underwater,,0.013376378454267979
237,B,momentum,kospi_return_1d,0.0007853632559999824
237,B,momentum,fx_level_z_252,1.554525806568563e-05
237,B,persist,kospi_return_1d,-0.014906750060617924
237,B,persist,fx_level_z_252,0.0003728399460669607
237,B,underwater,kospi_return_1d,-0.0005807128036394715
237,B,underwater,fx_level_z_252,-0.018532278016209602
237,alpha,,kospi_return_1d,0.03262992575764656
237,alpha,,fx_level_z_252,0.025331133976578712
238,beta,momentum,,-0.03398198261857033
238,beta,persist,,0.10916194319725037
238,beta,underwater,,0.013345260173082352
238,B,momentum,kospi_return_1d,0.001003350131213665
238,B,momentum,fx_level_z_252,0.00012017054541502148
238,B,persist,kospi_return_1d,-0.01522135827690363
238,B,persist,fx_level_z_252,0.0004996733623556793
238,B,underwater,kospi_return_1d,-0.0006061223684810102
238,B,underwater,fx_level_z_252,-0.018584217876195908
238,alpha,,kospi_return_1d,0.03233782947063446
238,alpha,,fx_level_z_252,0.02549179084599018
239,beta,momentum,,-0.03407106176018715
239,beta,persist,,0.10925468057394028
239,beta,underwater,,0.013279446400702
239,B,momentum,kospi_return_1d,0.0009901646990329027
239,B,momentum,fx_level_z_252,0.0003182764339726418
239,B,persist,kospi_return_1d,-0.015232984907925129
239,B,persist,fx_level_z_252,0.00040997564792633057
239,B,underwater,kospi_return_1d,-0.00045159878209233284
239,B,underwater,fx_level_z_252,-0.01871185190975666
239,alpha,,kospi_return_1d,0.03218785673379898
239,alpha,,fx_level_z_252,0.025671688839793205
240,beta,momentum,,-0.03423391655087471
240,beta,persist,,0.10943236947059631
240,beta,underwater,,0.013304324820637703
240,B,momentum,kospi_return_1d,0.0008031309698708355
240,B,momentum,fx_level_z_252,0.00038672779919579625
240,B,persist,kospi_return_1d,-0.015158717520534992
240,B,persist,fx_level_z_252,0.00012535082350950688
240,B,underwater,kospi_return_1d,-0.00028119684429839253
240,B,underwater,fx_level_z_252,-0.018904568627476692
240,alpha,,kospi_return_1d,0.03187670558691025
240,alpha,,fx_level_z_252,0.0260174423456192
241,beta,momentum,,-0.0343618281185627
241,beta,persist,,0.1096264123916626
241,beta,underwater,,0.013352097012102604
241,B,momentum,kospi_return_1d,0.0004967130371369421
241,B,momentum,fx_level_z_252,0.00029174573137424886
241,B,persist,kospi_return_1d,-0.014987284317612648
241,B,persist,fx_level_z_252,-0.00016898181638680398
241,B,underwater,kospi_return_1d,-0.00013945023238193244
241,B,underwater,fx_level_z_252,-0.019106248393654823
241,alpha,,kospi_return_1d,0.031627483665943146
241,alpha,,fx_level_z_252,0.026305999606847763
242,beta,momentum,,-0.03441116213798523
242,beta,persist,,0.10974336415529251
242,beta,underwater,,0.013441131450235844
242,B,momentum,kospi_return_1d,0.00020754241268150508
242,B,momentum,fx_level_z_252,-0.00010054977610707283
242,B,persist,kospi_return_1d,-0.015013579279184341
242,B,persist,fx_level_z_252,-0.00026366914971731603
242,B,underwater,kospi_return_1d,-0.00017631330410949886
242,B,underwater,fx_level_z_252,-0.01912207528948784
242,alpha,,kospi_return_1d,0.03145641088485718
242,alpha,,fx_level_z_252,0.02662223018705845
243,beta,momentum,,-0.034274887293577194
243,beta,persist,,0.10977253317832947
243,beta,underwater,,0.013596606440842152
243,B,momentum,kospi_return_1d,0.00012616917956620455
243,B,momentum,fx_level_z_252,-0.0005927594611421227
243,B,persist,kospi_return_1d,-0.015130134299397469
243,B,persist,fx_level_z_252,-0.00011537627869984135
243,B,underwater,kospi_return_1d,-0.0003248949651606381
243,B,underwater,fx_level_z_252,-0.01892130635678768
243,alpha,,kospi_return_1d,0.0314922109246254
243,alpha,,fx_level_z_252,0.02686319872736931
244,beta,momentum,,-0.03418358787894249
244,beta,persist,,0.10971556603908539
244,beta,underwater,,0.01381678506731987
244,B,momentum,kospi_return_1d,9.593574213795364e-05
244,B,momentum,fx_level_z_252,-0.0010241754353046417
244,B,persist,kospi_return_1d,-0.01519638393074274
244,B,persist,fx_level_z_252,9.353180939797312e-05
244,B,underwater,kospi_return_1d,-0.0005382020608521998
244,B,underwater,fx_level_z_252,-0.01855221576988697
244,alpha,,kospi_return_1d,0.0316145196557045
244,alpha,,fx_level_z_252,0.027085479348897934
245,beta,momentum,,-0.03410482034087181
245,beta,persist,,0.10962807387113571
245,beta,underwater,,0.013990267179906368
245,B,momentum,kospi_return_1d,0.00014173552335705608
245,B,momentum,fx_level_z_252,-0.0012447239132598042
245,B,persist,kospi_return_1d,-0.015291383489966393
245,B,persist,fx_level_z_252,0.00019195012282580137
245,B,underwater,kospi_return_1d,-0.000598423182964325
245,B,underwater,fx_level_z_252,-0.018322354182600975
245,alpha,,kospi_return_1d,0.031755946576595306
245,alpha,,fx_level_z_252,0.02727450616657734
246,beta,momentum,,-0.033931802958250046
246,beta,persist,,0.10950925201177597
246,beta,underwater,,0.014116193167865276
246,B,momentum,kospi_return_1d,0.0003213133313693106
246,B,momentum,fx_level_z_252,-0.0015401548007503152
246,B,persist,kospi_return_1d,-0.015553890727460384
246,B,persist,fx_level_z_252,0.0002362548402743414
246,B,underwater,kospi_return_1d,-0.0006124411011114717
246,B,underwater,fx_level_z_252,-0.01809375174343586
246,alpha,,kospi_return_1d,0.03194613754749298
246,alpha,,fx_level_z_252,0.02743995562195778
247,beta,momentum,,-0.03369849920272827
247,beta,persist,,0.10936643928289413
247,beta,underwater,,0.01411070954054594
247,B,momentum,kospi_return_1d,0.00044154247734695673
247,B,momentum,fx_level_z_252,-0.0016763678286224604
247,B,persist,kospi_return_1d,-0.01573708839714527
247,B,persist,fx_level_z_252,0.0002101522113662213
247,B,underwater,kospi_return_1d,-0.0003404519520699978
247,B,underwater,fx_level_z_252,-0.018051225692033768
247,alpha,,kospi_return_1d,0.03235236927866936
247,alpha,,fx_level_z_252,0.027452858164906502
248,beta,momentum,,-0.033463045954704285
248,beta,persist,,0.10917726904153824
248,beta,underwater,,0.013777056708931923
248,B,momentum,kospi_return_1d,0.00023649644572287798
248,B,momentum,fx_level_z_252,-0.0014485451392829418
248,B,persist,kospi_return_1d,-0.015872327610850334
248,B,persist,fx_level_z_252,2.3371685529127717e-06
248,B,underwater,kospi_return_1d,0.0002286445815116167
248,B,underwater,fx_level_z_252,-0.018415499478578568
248,alpha,,kospi_return_1d,0.0328059196472168
248,alpha,,fx_level_z_252,0.027464985847473145
249,beta,momentum,,-0.03312143310904503
249,beta,persist,,0.10895362496376038
249,beta,underwater,,0.013342226855456829
249,B,momentum,kospi_return_1d,7.415284198941663e-05
249,B,momentum,fx_level_z_252,-0.0009065667982213199
249,B,persist,kospi_return_1d,-0.016094213351607323
249,B,persist,fx_level_z_252,-0.0004205876321066171
249,B,underwater,kospi_return_1d,0.0006608774419873953
249,B,underwater,fx_level_z_252,-0.019032808020710945
249,alpha,,kospi_return_1d,0.033183515071868896
249,alpha,,fx_level_z_252,0.027496129274368286
250,beta,momentum,,-0.03282969444990158
250,beta,persist,,0.108805350959301
250,beta,underwater,,0.013003784231841564
250,B,momentum,kospi_return_1d,-0.00011028336302842945
250,B,momentum,fx_level_z_252,-0.0003840629360638559
250,B,persist,kospi_return_1d,-0.01626293547451496
250,B,persist,fx_level_z_252,-0.0007172409095801413
250,B,underwater,kospi_return_1d,0.000929436762817204
250,B,underwater,fx_level_z_252,-0.01956876926124096
250,alpha,,kospi_return_1d,0.03353508189320564
250,alpha,,fx_level_z_252,0.02751290611922741
251,beta,momentum,,-0.03253496438264847
251,beta,persist,,0.10865159332752228
251,beta,underwater,,0.012781098484992981
251,B,momentum,kospi_return_1d,-8.800979412626475e-05
251,B,momentum,fx_level_z_252,-5.570640496443957e-05
251,B,persist,kospi_return_1d,-0.01639530248939991
251,B,persist,fx_level_z_252,-0.0007312242523767054
251,B,underwater,kospi_return_1d,0.0009067658102139831
251,B,underwater,fx_level_z_252,-0.019721578806638718
251,alpha,,kospi_return_1d,0.033903975039720535
251,alpha,,fx_level_z_252,0.027477335184812546
252,beta,momentum,,-0.03239575773477554
252,beta,persist,,0.10858462005853653
252,beta,underwater,,0.0127866230905056
252,B,momentum,kospi_return_1d,-4.2628729715943336e-05
252,B,momentum,fx_level_z_252,0.00017646673950366676
252,B,persist,kospi_return_1d,-0.016498558223247528
252,B,persist,fx_level_z_252,-0.0005631315871141851
252,B,underwater,kospi_return_1d,0.0006318588857538998
252,B,underwater,fx_level_z_252,-0.01981622725725174
252,alpha,,kospi_return_1d,0.034099966287612915
252,alpha,,fx_level_z_252,0.027504954487085342
253,beta,momentum,,-0.03239753469824791
253,beta,persist,,0.10852041095495224
253,beta,underwater,,0.012920108623802662
253,B,momentum,kospi_return_1d,-3.7274912756402045e-06
253,B,momentum,fx_level_z_252,0.00015016633551567793
253,B,persist,kospi_return_1d,-0.016686758026480675
253,B,persist,fx_level_z_252,-0.00025713571812957525
253,B,underwater,kospi_return_1d,0.00015881324361544102
253,B,underwater,fx_level_z_252,-0.019643673673272133
253,alpha,,kospi_return_1d,0.034102339297533035
253,alpha,,fx_level_z_252,0.02735397219657898
254,beta,momentum,,-0.03239160031080246
254,beta,persist,,0.10846544057130814
254,beta,underwater,,0.01306001003831625
254,B,momentum,kospi_return_1d,-8.024464477784932e-05
254,B,momentum,fx_level_z_252,4.553174949251115e-05
254,B,persist,kospi_return_1d,-0.01662060059607029
254,B,persist,fx_level_z_252,6.117732846178114e-05
254,B,underwater,kospi_return_1d,-0.0002877961960621178
254,B,underwater,fx_level_z_252,-0.019560394808650017
254,alpha,,kospi_return_1d,0.03416980057954788
254,alpha,,fx_level_z_252,0.027158420532941818
255,beta,momentum,,-0.03222253918647766
255,beta,persist,,0.10832865536212921
255,beta,underwater,,0.012946419417858124
255,B,momentum,kospi_return_1d,-0.00018269443535245955
255,B,momentum,fx_level_z_252,-0.00013667545863427222
255,B,persist,kospi_return_1d,-0.016407137736678123
255,B,persist,fx_level_z_252,0.0003994394210167229
255,B,underwater,kospi_return_1d,-0.0005029219319112599
255,B,underwater,fx_level_z_252,-0.01958758942782879
255,alpha,,kospi_return_1d,0.03427419438958168
255,alpha,,fx_level_z_252,0.026774602010846138
256,beta,momentum,,-0.032129984349012375
256,beta,persist,,0.10820186138153076
256,beta,underwater,,0.012963199988007545
256,B,momentum,kospi_return_1d,-0.00015645036182831973
256,B,momentum,fx_level_z_252,-0.0005007553845643997
256,B,persist,kospi_return_1d,-0.016326455399394035
256,B,persist,fx_level_z_252,0.0008521379204466939
256,B,underwater,kospi_return_1d,-0.0007708792109042406
256,B,underwater,fx_level_z_252,-0.019362740218639374
256,alpha,,kospi_return_1d,0.03441014513373375
256,alpha,,fx_level_z_252,0.02634979970753193
257,beta,momentum,,-0.03203270956873894
257,beta,persist,,0.10818938165903091
257,beta,underwater,,0.013175632804632187
257,B,momentum,kospi_return_1d,4.815770807908848e-05
257,B,momentum,fx_level_z_252,-0.0008216684218496084
257,B,persist,kospi_return_1d,-0.016300298273563385
257,B,persist,fx_level_z_252,0.0011181992013007402
257,B,underwater,kospi_return_1d,-0.0010050084674730897
257,B,underwater,fx_level_z_252,-0.018929162994027138
257,alpha,,kospi_return_1d,0.03425004705786705
257,alpha,,fx_level_z_252,0.02611429989337921
258,beta,momentum,,-0.03217259794473648
258,beta,persist,,0.1082836389541626
258,beta,underwater,,0.013392689637839794
258,B,momentum,kospi_return_1d,8.582803275203332e-05
258,B,momentum,fx_level_z_252,-0.0008857363718561828
258,B,persist,kospi_return_1d,-0.016210537403821945
258,B,persist,fx_level_z_252,0.001098574954085052
258,B,underwater,kospi_return_1d,-0.0009178206673823297
258,B,underwater,fx_level_z_252,-0.01863252744078636
258,alpha,,kospi_return_1d,0.0339912511408329
258,alpha,,fx_level_z_252,0.026013093069195747
259,beta,momentum,,-0.032442159950733185
259,beta,persist,,0.10843764245510101
259,beta,underwater,,0.01375594362616539
259,B,momentum,kospi_return_1d,-0.00011202730820514262
259,B,momentum,fx_level_z_252,-0.0007418605964630842
259,B,persist,kospi_return_1d,-0.01599307544529438
259,B,persist,fx_level_z_252,0.0010050449054688215
259,B,underwater,kospi_return_1d,-0.0007365262135863304
259,B,underwater,fx_level_z_252,-0.01835639402270317
259,alpha,,kospi_return_1d,0.03356974199414253
259,alpha,,fx_level_z_252,0.02613980323076248
260,beta,momentum,,-0.03276589512825012
260,beta,persist,,0.1086224615573883
260,beta,underwater,,0.014192857779562473
260,B,momentum,kospi_return_1d,-0.00016104546375572681
260,B,momentum,fx_level_z_252,-0.00046086579095572233
260,B,persist,kospi_return_1d,-0.015788700431585312
260,B,persist,fx_level_z_252,0.0008318416075780988
260,B,underwater,kospi_return_1d,-0.00045820814557373524
260,B,underwater,fx_level_z_252,-0.01802198775112629
260,alpha,,kospi_return_1d,0.033034224063158035
260,alpha,,fx_level_z_252,0.02618568204343319
261,beta,momentum,,-0.033227697014808655
261,beta,persist,,0.10874457657337189
261,beta,underwater,,0.0146646061912179
261,B,momentum,kospi_return_1d,-0.00018622951756697148
261,B,momentum,fx_level_z_252,-0.00015283147513400763
261,B,persist,kospi_return_1d,-0.01564880460500717
261,B,persist,fx_level_z_252,0.00046049553202465177
261,B,underwater,kospi_return_1d,-7.326429476961493e-05
261,B,underwater,fx_level_z_252,-0.01765594258904457
261,alpha,,kospi_return_1d,0.03246768191456795
261,alpha,,fx_level_z_252,0.02630845457315445
262,beta,momentum,,-0.033585090190172195
262,beta,persist,,0.1088680550456047
262,beta,underwater,,0.015113333240151405
262,B,momentum,kospi_return_1d,-7.909549458418041e-05
262,B,momentum,fx_level_z_252,0.0001539632212370634
262,B,persist,kospi_return_1d,-0.015495328232645988
262,B,persist,fx_level_z_252,-6.303351256065071e-06
262,B,underwater,kospi_return_1d,0.00028223052504472435
262,B,underwater,fx_level_z_252,-0.01739436946809292
262,alpha,,kospi_return_1d,0.032113347202539444
262,alpha,,fx_level_z_252,0.02656378224492073
263,beta,momentum,,-0.03379451110959053
263,beta,persist,,0.10901381820440292
263,beta,underwater,,0.015428245067596436
263,B,momentum,kospi_return_1d,-1.8326802091905847e-05
263,B,momentum,fx_level_z_252,0.00022596285270992666
263,B,persist,kospi_return_1d,-0.015368562191724777
263,B,persist,fx_level_z_252,-0.0003398498229216784
263,B,underwater,kospi_return_1d,0.0006306633586063981
263,B,underwater,fx_level_z_252,-0.01718401350080967
263,alpha,,kospi_return_1d,0.03181387856602669
263,alpha,,fx_level_z_252,0.026675330474972725
264,beta,momentum,,-0.033699169754981995
264,beta,persist,,0.10909634083509445
264,beta,underwater,,0.015460808761417866
264,B,momentum,kospi_return_1d,7.880709017626941e-05
264,B,momentum,fx_level_z_252,0.00014281459152698517
264,B,persist,kospi_return_1d,-0.015254766680300236
264,B,persist,fx_level_z_252,-0.000389444874599576
264,B,underwater,kospi_return_1d,0.0007900568889454007
264,B,underwater,fx_level_z_252,-0.01721690036356449
264,alpha,,kospi_return_1d,0.031586673110723495
264,alpha,,fx_level_z_252,0.026668308302760124
265,beta,momentum,,-0.033539652824401855
265,beta,persist,,0.10913163423538208
265,beta,underwater,,0.01537293754518032
265,B,momentum,kospi_return_1d,-1.3628166925627738e-05
265,B,momentum,fx_level_z_252,-1.1190051736775786e-05
265,B,persist,kospi_return_1d,-0.015091550536453724
265,B,persist,fx_level_z_252,-0.00030679829069413245
265,B,underwater,kospi_return_1d,0.0009035228285938501
265,B,underwater,fx_level_z_252,-0.017180921509861946
265,alpha,,kospi_return_1d,0.03133413940668106
265,alpha,,fx_level_z_252,0.02659428119659424
266,beta,momentum,,-0.033438898622989655
266,beta,persist,,0.1091097965836525
266,beta,underwater,,0.015286133624613285
266,B,momentum,kospi_return_1d,-0.00013204127026256174
266,B,momentum,fx_level_z_252,-9.407915058545768e-05
266,B,persist,kospi_return_1d,-0.014890466816723347
266,B,persist,fx_level_z_252,-0.0001750027877278626
266,B,underwater,kospi_return_1d,0.0009137222077697515
266,B,underwater,fx_level_z_252,-0.017171189188957214
266,alpha,,kospi_return_1d,0.03125971183180809
266,alpha,,fx_level_z_252,0.026492789387702942
267,beta,momentum,,-0.033438701182603836
267,beta,persist,,0.10918407887220383
267,beta,underwater,,0.015159361064434052
267,B,momentum,kospi_return_1d,3.430623473832384e-05
267,B,momentum,fx_level_z_252,-5.0964772526640445e-05
267,B,persist,kospi_return_1d,-0.014854703098535538
267,B,persist,fx_level_z_252,-2.85390269709751e-05
267,B,underwater,kospi_return_1d,0.000742916134186089
267,B,underwater,fx_level_z_252,-0.017299635335803032
267,alpha,,kospi_return_1d,0.03124258480966091
267,alpha,,fx_level_z_252,0.02656014822423458
268,beta,momentum,,-0.03328963741660118
268,beta,persist,,0.10910998284816742
268,beta,underwater,,0.014931099489331245
268,B,momentum,kospi_return_1d,0.0001738724677124992
268,B,momentum,fx_level_z_252,8.336389146279544e-05
268,B,persist,kospi_return_1d,-0.014826233498752117
268,B,persist,fx_level_z_252,0.00020404472888913006
268,B,underwater,kospi_return_1d,0.00036867044400423765
268,B,underwater,fx_level_z_252,-0.017468182370066643
268,alpha,,kospi_return_1d,0.031457990407943726
268,alpha,,fx_level_z_252,0.02671235054731369
269,beta,momentum,,-0.03324976563453674
269,beta,persist,,0.1090802401304245
269,beta,underwater,,0.014675079844892025
269,B,momentum,kospi_return_1d,0.00014947997988201678
269,B,momentum,fx_level_z_252,0.00022028142120689154
269,B,persist,kospi_return_1d,-0.014846572652459145
269,B,persist,fx_level_z_252,0.0003600684576667845
269,B,underwater,kospi_return_1d,-6.822754221502692e-05
269,B,underwater,fx_level_z_252,-0.01762435957789421
269,alpha,,kospi_return_1d,0.0317244827747345
269,alpha,,fx_level_z_252,0.02694118581712246
270,beta,momentum,,-0.03324142098426819
270,beta,persist,,0.1090058907866478
270,beta,underwater,,0.014324650168418884
270,B,momentum,kospi_return_1d,3.235876647522673e-05
270,B,momentum,fx_level_z_252,0.00020639097783714533
270,B,persist,kospi_return_1d,-0.014971287921071053
270,B,persist,fx_level_z_252,0.00046695602941326797
270,B,underwater,kospi_return_1d,-0.0003946581273339689
270,B,underwater,fx_level_z_252,-0.017829518765211105
270,alpha,,kospi_return_1d,0.03193517029285431
270,alpha,,fx_level_z_252,0.027093391865491867
271,beta,momentum,,-0.033127088099718094
271,beta,persist,,0.10888879001140594
271,beta,underwater,,0.014050553552806377
271,B,momentum,kospi_return_1d,-0.00010564940748736262
271,B,momentum,fx_level_z_252,-2.1411760826595128e-05
271,B,persist,kospi_return_1d,-0.015125068835914135
271,B,persist,fx_level_z_252,0.0004091015725862235
271,B,underwater,kospi_return_1d,-0.0005923170247115195
271,B,underwater,fx_level_z_252,-0.01808386668562889
271,alpha,,kospi_return_1d,0.03213328495621681
271,alpha,,fx_level_z_252,0.027172375470399857
272,beta,momentum,,-0.03284144774079323
272,beta,persist,,0.10878834128379822
272,beta,underwater,,0.01372153963893652
272,B,momentum,kospi_return_1d,9.513540135230869e-06
272,B,momentum,fx_level_z_252,-0.0002959730918519199
272,B,persist,kospi_return_1d,-0.015352373011410236
272,B,persist,fx_level_z_252,0.0001309789950028062
272,B,underwater,kospi_return_1d,-0.000785738171543926
272,B,underwater,fx_level_z_252,-0.018327834084630013
272,alpha,,kospi_return_1d,0.03246116265654564
272,alpha,,fx_level_z_252,0.027076968923211098
273,beta,momentum,,-0.03265448659658432
273,beta,persist,,0.10871917754411697
273,beta,underwater,,0.013529231771826744
273,B,momentum,kospi_return_1d,5.153896927367896e-05
273,B,momentum,fx_level_z_252,-0.0005758051993325353
273,B,persist,kospi_return_1d,-0.01559131033718586
273,B,persist,fx_level_z_252,-0.00013643334386870265
273,B,underwater,kospi_return_1d,-0.0007593815098516643
273,B,underwater,fx_level_z_252,-0.01837972365319729
273,alpha,,kospi_return_1d,0.03277790546417236
273,alpha,,fx_level_z_252,0.027018029242753983
274,beta,momentum,,-0.0324324406683445
274,beta,persist,,0.10861799120903015
274,beta,underwater,,0.01343287993222475
274,B,momentum,kospi_return_1d,-8.055754005908966e-05
274,B,momentum,fx_level_z_252,-0.0009265318512916565
274,B,persist,kospi_return_1d,-0.0156344473361969
274,B,persist,fx_level_z_252,-0.00023131964553613216
274,B,underwater,kospi_return_1d,-0.0006880982546135783
274,B,underwater,fx_level_z_252,-0.01831650920212269
274,alpha,,kospi_return_1d,0.03300616890192032
274,alpha,,fx_level_z_252,0.026890406385064125
275,beta,momentum,,-0.03226877376437187
275,beta,persist,,0.10858334600925446
275,beta,underwater,,0.013316486962139606
275,B,momentum,kospi_return_1d,5.8070778322871774e-05
275,B,momentum,fx_level_z_252,-0.0012736779171973467
275,B,persist,kospi_return_1d,-0.015619509853422642
275,B,persist,fx_level_z_252,-0.00022025802172720432
275,B,underwater,kospi_return_1d,-0.0005272079724818468
275,B,underwater,fx_level_z_252,-0.01825312338769436
275,alpha,,kospi_return_1d,0.03326288238167763
275,alpha,,fx_level_z_252,0.026709191501140594
276,beta,momentum,,-0.032259438186883926
276,beta,persist,,0.1086275726556778
276,beta,underwater,,0.01336544007062912
276,B,momentum,kospi_return_1d,0.00018279753567185253
276,B,momentum,fx_level_z_252,-0.0013964981772005558
276,B,persist,kospi_return_1d,-0.015658114105463028
276,B,persist,fx_level_z_252,-0.00015219706983771175
276,B,underwater,kospi_return_1d,-0.00036576821003109217
276,B,underwater,fx_level_z_252,-0.0181807279586792
276,alpha,,kospi_return_1d,0.033508315682411194
276,alpha,,fx_level_z_252,0.026558728888630867
277,beta,momentum,,-0.03232364356517792
277,beta,persist,,0.10877150297164917
277,beta,underwater,,0.013549162074923515
277,B,momentum,kospi_return_1d,0.00035268848296254873
277,B,momentum,fx_level_z_252,-0.0015320314560085535
277,B,persist,kospi_return_1d,-0.015787208452820778
277,B,persist,fx_level_z_252,7.96945023466833e-05
277,B,underwater,kospi_return_1d,-0.0003298136289231479
277,B,underwater,fx_level_z_252,-0.018012434244155884
277,alpha,,kospi_return_1d,0.03374813497066498
277,alpha,,fx_level_z_252,0.026481175795197487
278,beta,momentum,,-0.03232628107070923
278,beta,persist,,0.10881128162145615
278,beta,underwater,,0.013791888952255249
278,B,momentum,kospi_return_1d,0.0005993398372083902
278,B,momentum,fx_level_z_252,-0.0016503308434039354
278,B,persist,kospi_return_1d,-0.016086772084236145
278,B,persist,fx_level_z_252,5.289760883897543e-05
278,B,underwater,kospi_return_1d,-0.0004368101654108614
278,B,underwater,fx_level_z_252,-0.017878206446766853
278,alpha,,kospi_return_1d,0.03404673933982849
278,alpha,,fx_level_z_252,0.02629355527460575
279,beta,momentum,,-0.03239594027400017
279,beta,persist,,0.10889597237110138
279,beta,underwater,,0.01406918466091156
279,B,momentum,kospi_return_1d,0.0006227993289940059
279,B,momentum,fx_level_z_252,-0.0016232739435508847
279,B,persist,kospi_return_1d,-0.016195571050047874
279,B,persist,fx_level_z_252,-0.00013054448936600238
279,B,underwater,kospi_return_1d,-0.0002496663364581764
279,B,underwater,fx_level_z_252,-0.01788775436580181
279,alpha,,kospi_return_1d,0.03422641381621361
279,alpha,,fx_level_z_252,0.026215462014079094
280,beta,momentum,,-0.032430946826934814
280,beta,persist,,0.10892581194639206
280,beta,underwater,,0.014231998473405838
280,B,momentum,kospi_return_1d,0.0004832211707253009
280,B,momentum,fx_level_z_252,-0.0016408497467637062
280,B,persist,kospi_return_1d,-0.016146790236234665
280,B,persist,fx_level_z_252,-8.984630403574556e-05
280,B,underwater,kospi_return_1d,0.0001524419931229204
280,B,underwater,fx_level_z_252,-0.017995687201619148
280,alpha,,kospi_return_1d,0.03454121947288513
280,alpha,,fx_level_z_252,0.02619042806327343
281,beta,momentum,,-0.032439976930618286
281,beta,persist,,0.10903993248939514
281,beta,underwater,,0.014396466314792633
281,B,momentum,kospi_return_1d,0.00025119719794020057
281,B,momentum,fx_level_z_252,-0.0016574494075030088
281,B,persist,kospi_return_1d,-0.016085149720311165
281,B,persist,fx_level_z_252,1.410868571838364e-05
281,B,underwater,kospi_return_1d,0.0002889183524530381
281,B,underwater,fx_level_z_252,-0.018086187541484833
281,alpha,,kospi_return_1d,0.03471655771136284
281,alpha,,fx_level_z_252,0.0262774545699358
282,beta,momentum,,-0.032331787049770355
282,beta,persist,,0.10911360383033752
282,beta,underwater,,0.014437119476497173
282,B,momentum,kospi_return_1d,7.796799764037132e-06
282,B,momentum,fx_level_z_252,-0.001685008523054421
282,B,persist,kospi_return_1d,-0.01592271775007248
282,B,persist,fx_level_z_252,7.165854913182557e-05
282,B,underwater,kospi_return_1d,0.0005081519484519958
282,B,underwater,fx_level_z_252,-0.01819998398423195
282,alpha,,kospi_return_1d,0.03491182252764702
282,alpha,,fx_level_z_252,0.026369310915470123
283,beta,momentum,,-0.03211244195699692
283,beta,persist,,0.10910946875810623
283,beta,underwater,,0.014374814927577972
283,B,momentum,kospi_return_1d,-9.976681030821055e-05
283,B,momentum,fx_level_z_252,-0.0017155794193968177
283,B,persist,kospi_return_1d,-0.016092488542199135
283,B,persist,fx_level_z_252,8.750494453124702e-05
283,B,underwater,kospi_return_1d,0.0006300265085883439
283,B,underwater,fx_level_z_252,-0.018339233472943306
283,alpha,,kospi_return_1d,0.035061340779066086
283,alpha,,fx_level_z_252,0.0263049378991127
284,beta,momentum,,-0.031919077038764954
284,beta,persist,,0.10917099565267563
284,beta,underwater,,0.014295734465122223
284,B,momentum,kospi_return_1d,0.0001677333639236167
284,B,momentum,fx_level_z_252,-0.0017726168734952807
284,B,persist,kospi_return_1d,-0.016338247805833817
284,B,persist,fx_level_z_252,1.3470198609866202e-06
284,B,underwater,kospi_return_1d,0.0005150055512785912
284,B,underwater,fx_level_z_252,-0.018375154584646225
284,alpha,,kospi_return_1d,0.035078294575214386
284,alpha,,fx_level_z_252,0.02613428421318531
285,beta,momentum,,-0.03194814920425415
285,beta,persist,,0.10924774408340454
285,beta,underwater,,0.014251269400119781
285,B,momentum,kospi_return_1d,0.0005732952267862856
285,B,momentum,fx_level_z_252,-0.0018016098765656352
285,B,persist,kospi_return_1d,-0.016700083389878273
285,B,persist,fx_level_z_252,5.625072662951425e-05
285,B,underwater,kospi_return_1d,0.00021514279069378972
285,B,underwater,fx_level_z_252,-0.01833769492805004
285,alpha,,kospi_return_1d,0.0349910594522953
285,alpha,,fx_level_z_252,0.025695675984025
286,beta,momentum,,-0.032035887241363525
286,beta,persist,,0.10933913290500641
286,beta,underwater,,0.014173760078847408
286,B,momentum,kospi_return_1d,0.000717134855221957
286,B,momentum,fx_level_z_252,-0.00164886936545372
286,B,persist,kospi_return_1d,-0.017122723162174225
286,B,persist,fx_level_z_252,6.543986819451675e-05
286,B,underwater,kospi_return_1d,-3.0621158657595515e-05
286,B,underwater,fx_level_z_252,-0.01837955042719841
286,alpha,,kospi_return_1d,0.03468785807490349
286,alpha,,fx_level_z_252,0.02529897913336754
287,beta,momentum,,-0.032182708382606506
287,beta,persist,,0.10936827212572098
287,beta,underwater,,0.01424911804497242
287,B,momentum,kospi_return_1d,0.0008216055575758219
287,B,momentum,fx_level_z_252,-0.0014907821314409375
287,B,persist,kospi_return_1d,-0.017447492107748985
287,B,persist,fx_level_z_252,0.00012631432036869228
287,B,underwater,kospi_return_1d,-0.00018980036838911474
287,B,underwater,fx_level_z_252,-0.018262332305312157
287,alpha,,kospi_return_1d,0.03438136354088783
287,alpha,,fx_level_z_252,0.024986475706100464
288,beta,momentum,,-0.03218333423137665
288,beta,persist,,0.10941654443740845
288,beta,underwater,,0.014211519621312618
288,B,momentum,kospi_return_1d,0.000994660658761859
288,B,momentum,fx_level_z_252,-0.0013250053161755204
288,B,persist,kospi_return_1d,-0.017851892858743668
288,B,persist,fx_level_z_252,0.0001364843628834933
288,B,underwater,kospi_return_1d,-0.0003994303406216204
288,B,underwater,fx_level_z_252,-0.018222425132989883
288,alpha,,kospi_return_1d,0.033932752907276154
288,alpha,,fx_level_z_252,0.02481265366077423
289,beta,momentum,,-0.03224192559719086
289,beta,persist,,0.10942689329385757
289,beta,underwater,,0.014270052313804626
289,B,momentum,kospi_return_1d,0.0008915249491110444
289,B,momentum,fx_level_z_252,-0.0011633987305685878
289,B,persist,kospi_return_1d,-0.018062055110931396
289,B,persist,fx_level_z_252,5.7514189393259585e-05
289,B,underwater,kospi_return_1d,-0.00046934420242905617
289,B,underwater,fx_level_z_252,-0.018157152459025383
289,alpha,,kospi_return_1d,0.033580489456653595
289,alpha,,fx_level_z_252,0.024812646210193634
290,beta,momentum,,-0.03224523738026619
290,beta,persist,,0.10938058793544769
290,beta,underwater,,0.014176635071635246
290,B,momentum,kospi_return_1d,0.0005382723174989223
290,B,momentum,fx_level_z_252,-0.0009531857213005424
290,B,persist,kospi_return_1d,-0.01819865219295025
290,B,persist,fx_level_z_252,-3.338511669426225e-05
290,B,underwater,kospi_return_1d,-0.0003783412685152143
290,B,underwater,fx_level_z_252,-0.018130065873265266
290,alpha,,kospi_return_1d,0.033177636563777924
290,alpha,,fx_level_z_252,0.024553880095481873
291,beta,momentum,,-0.032307833433151245
291,beta,persist,,0.10935118794441223
291,beta,underwater,,0.01418200321495533
291,B,momentum,kospi_return_1d,0.00017776280583348125
291,B,momentum,fx_level_z_252,-0.000774439366068691
291,B,persist,kospi_return_1d,-0.018099449574947357
291,B,persist,fx_level_z_252,-9.412893268745393e-05
291,B,underwater,kospi_return_1d,-0.0001855083100963384
291,B,underwater,fx_level_z_252,-0.018214130774140358
291,alpha,,kospi_return_1d,0.032833654433488846
291,alpha,,fx_level_z_252,0.02427583374083042
292,beta,momentum,,-0.03231210261583328
292,beta,persist,,0.10932707786560059
292,beta,underwater,,0.014147593639791012
292,B,momentum,kospi_return_1d,-0.00019457227608654648
292,B,momentum,fx_level_z_252,-0.0006135515868663788
292,B,persist,kospi_return_1d,-0.017972012981772423
292,B,persist,fx_level_z_252,-0.0001742809545248747
292,B,underwater,kospi_return_1d,-0.00012522989709395915
292,B,underwater,fx_level_z_252,-0.018311891704797745
292,alpha,,kospi_return_1d,0.03257196024060249
292,alpha,,fx_level_z_252,0.023981722071766853
293,beta,momentum,,-0.0323912650346756
293,beta,persist,,0.10940243303775787
293,beta,underwater,,0.014157166704535484
293,B,momentum,kospi_return_1d,-0.0005345687386579812
293,B,momentum,fx_level_z_252,-0.0003914028056897223
293,B,persist,kospi_return_1d,-0.017914561554789543
293,B,persist,fx_level_z_252,-0.0003052504325751215
293,B,underwater,kospi_return_1d,0.00014968166942708194
293,B,underwater,fx_level_z_252,-0.01839849352836609
293,alpha,,kospi_return_1d,0.03229677304625511
293,alpha,,fx_level_z_252,0.023820772767066956
294,beta,momentum,,-0.03255712240934372
294,beta,persist,,0.10950560867786407
294,beta,underwater,,0.014279964379966259
294,B,momentum,kospi_return_1d,-0.0006696023046970367
294,B,momentum,fx_level_z_252,-0.0001299716968787834
294,B,persist,kospi_return_1d,-0.017616061493754387
294,B,persist,fx_level_z_252,-0.00034248712472617626
294,B,underwater,kospi_return_1d,0.0003991725970990956
294,B,underwater,fx_level_z_252,-0.018419519066810608
294,alpha,,kospi_return_1d,0.03205280378460884
294,alpha,,fx_level_z_252,0.02376648597419262
295,beta,momentum,,-0.032770998775959015
295,beta,persist,,0.10960717499256134
295,beta,underwater,,0.014587003737688065
295,B,momentum,kospi_return_1d,-0.0004641959094442427
295,B,momentum,fx_level_z_252,0.00012309284647926688
295,B,persist,kospi_return_1d,-0.01753842830657959
295,B,persist,fx_level_z_252,-0.00024038208357524127
295,B,underwater,kospi_return_1d,0.0003119523171335459
295,B,underwater,fx_level_z_252,-0.018345460295677185
295,alpha,,kospi_return_1d,0.03186902031302452
295,alpha,,fx_level_z_252,0.023986149579286575
296,beta,momentum,,-0.03307527303695679
296,beta,persist,,0.10970575362443924
296,beta,underwater,,0.014916308224201202
296,B,momentum,kospi_return_1d,-0.00012412871001288295
296,B,momentum,fx_level_z_252,0.0002848279837053269
296,B,persist,kospi_return_1d,-0.01751149259507656
296,B,persist,fx_level_z_252,5.140719440532848e-05
296,B,underwater,kospi_return_1d,-1.2983029591850936e-05
296,B,underwater,fx_level_z_252,-0.018219199031591415
296,alpha,,kospi_return_1d,0.0316154807806015
296,alpha,,fx_level_z_252,0.024230625480413437
297,beta,momentum,,-0.03331835940480232
297,beta,persist,,0.1098499447107315
297,beta,underwater,,0.015189322642982006
297,B,momentum,kospi_return_1d,0.00020417064661160111
297,B,momentum,fx_level_z_252,0.00033112047822214663
297,B,persist,kospi_return_1d,-0.01742277853190899
297,B,persist,fx_level_z_252,0.00013565899280365556
297,B,underwater,kospi_return_1d,-0.0002670768881216645
297,B,underwater,fx_level_z_252,-0.018102090805768967
297,alpha,,kospi_return_1d,0.0314151868224144
297,alpha,,fx_level_z_252,0.02450607903301716
298,beta,momentum,,-0.033329080790281296
298,beta,persist,,0.10994211584329605
298,beta,underwater,,0.015131776221096516
298,B,momentum,kospi_return_1d,0.0005008305888622999
298,B,momentum,fx_level_z_252,8.869796874932945e-05
298,B,persist,kospi_return_1d,-0.017441943287849426
298,B,persist,fx_level_z_252,0.00012359663378447294
298,B,underwater,kospi_return_1d,-0.00041648204205557704
298,B,underwater,fx_level_z_252,-0.01815166510641575
298,alpha,,kospi_return_1d,0.03135928884148598
298,alpha,,fx_level_z_252,0.024512356147170067
299,beta,momentum,,-0.033035002648830414
299,beta,persist,,0.10991302877664566
299,beta,underwater,,0.014880507253110409
299,B,momentum,kospi_return_1d,0.0007934726309031248
299,B,momentum,fx_level_z_252,-0.0002100268902722746
299,B,persist,kospi_return_1d,-0.017441915348172188
299,B,persist,fx_level_z_252,0.00010534563625697047
299,B,underwater,kospi_return_1d,-0.00034361358848400414
299,B,underwater,fx_level_z_252,-0.01825791783630848
299,alpha,,kospi_return_1d,0.03143705055117607
299,alpha,,fx_level_z_252,0.02443765103816986
300,beta,momentum,,-0.03267759457230568
300,beta,persist,,0.1099405363202095
300,beta,underwater,,0.014595995657145977
300,B,momentum,kospi_return_1d,0.0008569959318265319
300,B,momentum,fx_level_z_252,-0.0004344186163507402
300,B,persist,kospi_return_1d,-0.017251690849661827
300,B,persist,fx_level_z_252,-0.00012219836935400963
300,B,underwater,kospi_return_1d,-0.00010911611025221646
300,B,underwater,fx_level_z_252,-0.018575452268123627
300,alpha,,kospi_return_1d,0.0315324030816555
300,alpha,,fx_level_z_252,0.024383623152971268
