epoch,parameter,feature,context,weight
0,beta,momentum,,0.0
0,beta,persist,,0.0
0,beta,underwater,,0.0
0,B,momentum,kospi_return_1d,0.0
0,B,momentum,fx_level_z_252,0.0
0,B,persist,kospi_return_1d,0.0
0,B,persist,fx_level_z_252,0.0
0,B,underwater,kospi_return_1d,0.0
0,B,underwater,fx_level_z_252,0.0
0,alpha,,kospi_return_1d,0.0
0,alpha,,fx_level_z_252,0.0
1,beta,momentum,,-0.001997181214392185
1,beta,persist,,0.001993899466469884
1,beta,underwater,,0.002000954933464527
1,B,momentum,kospi_return_1d,-0.0006536574801430106
1,B,momentum,fx_level_z_252,0.0019137568306177855
1,B,persist,kospi_return_1d,-0.002000991255044937
1,B,persist,fx_level_z_252,-0.0019163121469318867
1,B,underwater,kospi_return_1d,-0.0017642553430050611
1,B,underwater,fx_level_z_252,-0.0019482128554955125
1,alpha,,kospi_return_1d,-0.002001039683818817
1,alpha,,fx_level_z_252,0.0019962736405432224
2,beta,momentum,,-0.0039856028743088245
2,beta,persist,,0.003961415961384773
2,beta,underwater,,0.003983277827501297
2,B,momentum,kospi_return_1d,-0.0002596427802927792
2,B,momentum,fx_level_z_252,0.0037936780136078596
2,B,persist,kospi_return_1d,-0.003799278289079666
2,B,persist,fx_level_z_252,-0.0036711986176669598
2,B,underwater,kospi_return_1d,-0.003406513947993517
2,B,underwater,fx_level_z_252,-0.0038143217097967863
2,alpha,,kospi_return_1d,-0.003919725771993399
2,alpha,,fx_level_z_252,0.003966819029301405
3,beta,momentum,,-0.005961772985756397
3,beta,persist,,0.00592269841581583
3,beta,underwater,,0.005941185634583235
3,B,momentum,kospi_return_1d,-0.00015938501746859401
3,B,momentum,fx_level_z_252,0.005665800999850035
3,B,persist,kospi_return_1d,-0.005438216496258974
3,B,persist,fx_level_z_252,-0.005265986546874046
3,B,underwater,kospi_return_1d,-0.004778615664690733
3,B,underwater,fx_level_z_252,-0.005634964443743229
3,alpha,,kospi_return_1d,-0.005790836177766323
3,alpha,,fx_level_z_252,0.005889844615012407
4,beta,momentum,,-0.007913542911410332
4,beta,persist,,0.00785878673195839
4,beta,underwater,,0.007875488139688969
4,B,momentum,kospi_return_1d,-0.00045689792023040354
4,B,momentum,fx_level_z_252,0.007502601016312838
4,B,persist,kospi_return_1d,-0.0069951447658240795
4,B,persist,fx_level_z_252,-0.006663359701633453
4,B,underwater,kospi_return_1d,-0.006120612379163504
4,B,underwater,fx_level_z_252,-0.007437137886881828
4,alpha,,kospi_return_1d,-0.007622933015227318
4,alpha,,fx_level_z_252,0.007792644202709198
5,beta,momentum,,-0.00981856882572174
5,beta,persist,,0.009753796271979809
5,beta,underwater,,0.009774357080459595
5,B,momentum,kospi_return_1d,-0.0008724998915567994
5,B,momentum,fx_level_z_252,0.009228711947798729
5,B,persist,kospi_return_1d,-0.008005312643945217
5,B,persist,fx_level_z_252,-0.007811545394361019
5,B,underwater,kospi_return_1d,-0.0071649919264018536
5,B,underwater,fx_level_z_252,-0.00923234038054943
5,alpha,,kospi_return_1d,-0.009350229986011982
5,alpha,,fx_level_z_252,0.009604519233107567
6,beta,momentum,,-0.011693485081195831
6,beta,persist,,0.011641435325145721
6,beta,underwater,,0.011645608581602573
6,B,momentum,kospi_return_1d,-0.0015165441436693072
6,B,momentum,fx_level_z_252,0.010875483974814415
6,B,persist,kospi_return_1d,-0.009094186127185822
6,B,persist,fx_level_z_252,-0.008446907624602318
6,B,underwater,kospi_return_1d,-0.00799060333520174
6,B,underwater,fx_level_z_252,-0.01096124853938818
6,alpha,,kospi_return_1d,-0.01101953350007534
6,alpha,,fx_level_z_252,0.01141444593667984
7,beta,momentum,,-0.013516650535166264
7,beta,persist,,0.013502699322998524
7,beta,underwater,,0.013470307923853397
7,B,momentum,kospi_return_1d,-0.0024236899334937334
7,B,momentum,fx_level_z_252,0.012333571910858154
7,B,persist,kospi_return_1d,-0.01003949623554945
7,B,persist,fx_level_z_252,-0.008927494287490845
7,B,underwater,kospi_return_1d,-0.008548985235393047
7,B,underwater,fx_level_z_252,-0.012613208033144474
7,alpha,,kospi_return_1d,-0.012565667741000652
7,alpha,,fx_level_z_252,0.013158685527741909
8,beta,momentum,,-0.015289113856852055
8,beta,persist,,0.015341036953032017
8,beta,underwater,,0.015261601656675339
8,B,momentum,kospi_return_1d,-0.003380339592695236
8,B,momentum,fx_level_z_252,0.013571741059422493
8,B,persist,kospi_return_1d,-0.010785131715238094
8,B,persist,fx_level_z_252,-0.009216981939971447
8,B,underwater,kospi_return_1d,-0.009019702672958374
8,B,underwater,fx_level_z_252,-0.014160816557705402
8,alpha,,kospi_return_1d,-0.014012809842824936
8,alpha,,fx_level_z_252,0.014855308458209038
9,beta,momentum,,-0.017029788345098495
9,beta,persist,,0.017154039815068245
9,beta,underwater,,0.016992952674627304
9,B,momentum,kospi_return_1d,-0.004567897412925959
9,B,momentum,fx_level_z_252,0.01459074579179287
9,B,persist,kospi_return_1d,-0.011356163769960403
9,B,persist,fx_level_z_252,-0.009425316005945206
9,B,underwater,kospi_return_1d,-0.009359695948660374
9,B,underwater,fx_level_z_252,-0.015609617345035076
9,alpha,,kospi_return_1d,-0.015367343090474606
9,alpha,,fx_level_z_252,0.016475310549139977
10,beta,momentum,,-0.018716832622885704
10,beta,persist,,0.01890508085489273
10,beta,underwater,,0.01862429827451706
10,B,momentum,kospi_return_1d,-0.00567444134503603
10,B,momentum,fx_level_z_252,0.01528540812432766
10,B,persist,kospi_return_1d,-0.011934669688344002
10,B,persist,fx_level_z_252,-0.009256456047296524
10,B,underwater,kospi_return_1d,-0.009589161723852158
10,B,underwater,fx_level_z_252,-0.01690223067998886
10,alpha,,kospi_return_1d,-0.01649552211165428
10,alpha,,fx_level_z_252,0.018009884282946587
11,beta,momentum,,-0.020358629524707794
11,beta,persist,,0.020621543750166893
11,beta,underwater,,0.020179346203804016
11,B,momentum,kospi_return_1d,-0.0066427504643797874
11,B,momentum,fx_level_z_252,0.01568174920976162
11,B,persist,kospi_return_1d,-0.012414244934916496
11,B,persist,fx_level_z_252,-0.008938318118453026
11,B,underwater,kospi_return_1d,-0.009586984291672707
11,B,underwater,fx_level_z_252,-0.017906252294778824
11,alpha,,kospi_return_1d,-0.01755056343972683
11,alpha,,fx_level_z_252,0.01945979706943035
12,beta,momentum,,-0.021922167390584946
12,beta,persist,,0.02228262461721897
12,beta,underwater,,0.021661488339304924
12,B,momentum,kospi_return_1d,-0.007460727356374264
12,B,momentum,fx_level_z_252,0.01571132242679596
12,B,persist,kospi_return_1d,-0.01280293334275484
12,B,persist,fx_level_z_252,-0.008384538814425468
12,B,underwater,kospi_return_1d,-0.009383594617247581
12,B,underwater,fx_level_z_252,-0.018690384924411774
12,alpha,,kospi_return_1d,-0.018413478508591652
12,alpha,,fx_level_z_252,0.02086048200726509
13,beta,momentum,,-0.023409824818372726
13,beta,persist,,0.023894326761364937
13,beta,underwater,,0.023058969527482986
13,B,momentum,kospi_return_1d,-0.008007531985640526
13,B,momentum,fx_level_z_252,0.015631677582859993
13,B,persist,kospi_return_1d,-0.013398117385804653
13,B,persist,fx_level_z_252,-0.0077684298157691956
13,B,underwater,kospi_return_1d,-0.00921882875263691
13,B,underwater,fx_level_z_252,-0.0193332452327013
13,alpha,,kospi_return_1d,-0.01913059502840042
13,alpha,,fx_level_z_252,0.022209791466593742
14,beta,momentum,,-0.024808235466480255
14,beta,persist,,0.02545480616390705
14,beta,underwater,,0.024328259751200676
14,B,momentum,kospi_return_1d,-0.008574173785746098
14,B,momentum,fx_level_z_252,0.015323273837566376
14,B,persist,kospi_return_1d,-0.01404491811990738
14,B,persist,fx_level_z_252,-0.006889656651765108
14,B,underwater,kospi_return_1d,-0.008840909227728844
14,B,underwater,fx_level_z_252,-0.019810259342193604
14,alpha,,kospi_return_1d,-0.019683217629790306
14,alpha,,fx_level_z_252,0.02344578504562378
15,beta,momentum,,-0.026104247197508812
15,beta,persist,,0.02696862258017063
15,beta,underwater,,0.025477049872279167
15,B,momentum,kospi_return_1d,-0.009170415811240673
15,B,momentum,fx_level_z_252,0.014824064448475838
15,B,persist,kospi_return_1d,-0.014501983299851418
15,B,persist,fx_level_z_252,-0.006000474561005831
15,B,underwater,kospi_return_1d,-0.008150622248649597
15,B,underwater,fx_level_z_252,-0.02034921944141388
15,alpha,,kospi_return_1d,-0.02013285830616951
15,alpha,,fx_level_z_252,0.024475732818245888
16,beta,momentum,,-0.02732476405799389
16,beta,persist,,0.02843562327325344
16,beta,underwater,,0.026503121480345726
16,B,momentum,kospi_return_1d,-0.009948347695171833
16,B,momentum,fx_level_z_252,0.014069817028939724
16,B,persist,kospi_return_1d,-0.014921861700713634
16,B,persist,fx_level_z_252,-0.0050493027083575726
16,B,underwater,kospi_return_1d,-0.007295329123735428
16,B,underwater,fx_level_z_252,-0.020786169916391373
16,alpha,,kospi_return_1d,-0.020375588908791542
16,alpha,,fx_level_z_252,0.02543921209871769
17,beta,momentum,,-0.02841826342046261
17,beta,persist,,0.029848581179976463
17,beta,underwater,,0.027473606169223785
17,B,momentum,kospi_return_1d,-0.010635578073561192
17,B,momentum,fx_level_z_252,0.013146151788532734
17,B,persist,kospi_return_1d,-0.015378803014755249
17,B,persist,fx_level_z_252,-0.004214684944599867
17,B,underwater,kospi_return_1d,-0.006472842767834663
17,B,underwater,fx_level_z_252,-0.021081188693642616
17,alpha,,kospi_return_1d,-0.020428119227290154
17,alpha,,fx_level_z_252,0.026339983567595482
18,beta,momentum,,-0.029437949880957603
18,beta,persist,,0.031216571107506752
18,beta,underwater,,0.028385398909449577
18,B,momentum,kospi_return_1d,-0.011135042645037174
18,B,momentum,fx_level_z_252,0.01211246196180582
18,B,persist,kospi_return_1d,-0.015926102176308632
18,B,persist,fx_level_z_252,-0.0033302982337772846
18,B,underwater,kospi_return_1d,-0.005628099665045738
18,B,underwater,fx_level_z_252,-0.021232126280665398
18,alpha,,kospi_return_1d,-0.020294910296797752
18,alpha,,fx_level_z_252,0.027160516008734703
19,beta,momentum,,-0.0303886067122221
19,beta,persist,,0.03256424516439438
19,beta,underwater,,0.029215103015303612
19,B,momentum,kospi_return_1d,-0.011662217788398266
19,B,momentum,fx_level_z_252,0.011111298575997353
19,B,persist,kospi_return_1d,-0.016289912164211273
19,B,persist,fx_level_z_252,-0.0025840727612376213
19,B,underwater,kospi_return_1d,-0.004679326433688402
19,B,underwater,fx_level_z_252,-0.02151457965373993
19,alpha,,kospi_return_1d,-0.019971752539277077
19,alpha,,fx_level_z_252,0.02787189371883869
20,beta,momentum,,-0.0313212089240551
20,beta,persist,,0.03386659175157547
20,beta,underwater,,0.029966484755277634
20,B,momentum,kospi_return_1d,-0.012090264819562435
20,B,momentum,fx_level_z_252,0.010162255726754665
20,B,persist,kospi_return_1d,-0.01663821190595627
20,B,persist,fx_level_z_252,-0.0019365157932043076
20,B,underwater,kospi_return_1d,-0.0037458352744579315
20,B,underwater,fx_level_z_252,-0.021903296932578087
20,alpha,,kospi_return_1d,-0.019421657547354698
20,alpha,,fx_level_z_252,0.028469134122133255
21,beta,momentum,,-0.03214697167277336
21,beta,persist,,0.035120293498039246
21,beta,underwater,,0.03065056912600994
21,B,momentum,kospi_return_1d,-0.012342303059995174
21,B,momentum,fx_level_z_252,0.009071028791368008
21,B,persist,kospi_return_1d,-0.01690635085105896
21,B,persist,fx_level_z_252,-0.0012475047260522842
21,B,underwater,kospi_return_1d,-0.002783602336421609
21,B,underwater,fx_level_z_252,-0.022206002846360207
21,alpha,,kospi_return_1d,-0.018783828243613243
21,alpha,,fx_level_z_252,0.028944218531250954
22,beta,momentum,,-0.03293300420045853
22,beta,persist,,0.036319658160209656
22,beta,underwater,,0.03126705065369606
22,B,momentum,kospi_return_1d,-0.012700884602963924
22,B,momentum,fx_level_z_252,0.007895424030721188
22,B,persist,kospi_return_1d,-0.017155751585960388
22,B,persist,fx_level_z_252,-0.0004781588213518262
22,B,underwater,kospi_return_1d,-0.0018189477268606424
22,B,underwater,fx_level_z_252,-0.022557785734534264
22,alpha,,kospi_return_1d,-0.017943667247891426
22,alpha,,fx_level_z_252,0.029468100517988205
23,beta,momentum,,-0.03366365283727646
23,beta,persist,,0.03746901825070381
23,beta,underwater,,0.03180495649576187
23,B,momentum,kospi_return_1d,-0.012888966128230095
23,B,momentum,fx_level_z_252,0.006740887183696032
23,B,persist,kospi_return_1d,-0.01729593239724636
23,B,persist,fx_level_z_252,0.00040424082544632256
23,B,underwater,kospi_return_1d,-0.0008795070461928844
23,B,underwater,fx_level_z_252,-0.022889424115419388
23,alpha,,kospi_return_1d,-0.016996394842863083
23,alpha,,fx_level_z_252,0.02983822673559189
24,beta,momentum,,-0.03429019823670387
24,beta,persist,,0.03859642893075943
24,beta,underwater,,0.03231074661016464
24,B,momentum,kospi_return_1d,-0.012994536198675632
24,B,momentum,fx_level_z_252,0.005549494177103043
24,B,persist,kospi_return_1d,-0.017471978440880775
24,B,persist,fx_level_z_252,0.0011565072927623987
24,B,underwater,kospi_return_1d,-0.000142297096317634
24,B,underwater,fx_level_z_252,-0.02308945171535015
24,alpha,,kospi_return_1d,-0.016069451346993446
24,alpha,,fx_level_z_252,0.03013298474252224
25,beta,momentum,,-0.034867063164711
25,beta,persist,,0.03969934955239296
25,beta,underwater,,0.03273378312587738
25,B,momentum,kospi_return_1d,-0.013127414509654045
25,B,momentum,fx_level_z_252,0.004319378174841404
25,B,persist,kospi_return_1d,-0.01765989512205124
25,B,persist,fx_level_z_252,0.0017064062412828207
25,B,underwater,kospi_return_1d,0.0005754224257543683
25,B,underwater,fx_level_z_252,-0.023410789668560028
25,alpha,,kospi_return_1d,-0.015073043294250965
25,alpha,,fx_level_z_252,0.03043264150619507
26,beta,momentum,,-0.03540999814867973
26,beta,persist,,0.04081443324685097
26,beta,underwater,,0.033089566975831985
26,B,momentum,kospi_return_1d,-0.013083069585263729
26,B,momentum,fx_level_z_252,0.003190876916050911
26,B,persist,kospi_return_1d,-0.017966600134968758
26,B,persist,fx_level_z_252,0.002086485270410776
26,B,underwater,kospi_return_1d,0.0010472274152562022
26,B,underwater,fx_level_z_252,-0.023813476786017418
26,alpha,,kospi_return_1d,-0.014166262932121754
26,alpha,,fx_level_z_252,0.030714256688952446
27,beta,momentum,,-0.03587910905480385
27,beta,persist,,0.04190757870674133
27,beta,underwater,,0.033355992287397385
27,B,momentum,kospi_return_1d,-0.012982024811208248
27,B,momentum,fx_level_z_252,0.0021917573176324368
27,B,persist,kospi_return_1d,-0.01820307783782482
27,B,persist,fx_level_z_252,0.0022181144449859858
27,B,underwater,kospi_return_1d,0.0014485572464764118
27,B,underwater,fx_level_z_252,-0.024351941421628
27,alpha,,kospi_return_1d,-0.013288999907672405
27,alpha,,fx_level_z_252,0.030901214107871056
28,beta,momentum,,-0.036341648548841476
28,beta,persist,,0.0429609976708889
28,beta,underwater,,0.03357192128896713
28,B,momentum,kospi_return_1d,-0.012919191271066666
28,B,momentum,fx_level_z_252,0.00127443578094244
28,B,persist,kospi_return_1d,-0.01838020235300064
28,B,persist,fx_level_z_252,0.0021405222360044718
28,B,underwater,kospi_return_1d,0.0016581180971115828
28,B,underwater,fx_level_z_252,-0.025010552257299423
28,alpha,,kospi_return_1d,-0.012372875586152077
28,alpha,,fx_level_z_252,0.03103492222726345
29,beta,momentum,,-0.036794450134038925
29,beta,persist,,0.04398113489151001
29,beta,underwater,,0.033765051513910294
29,B,momentum,kospi_return_1d,-0.012648584321141243
29,B,momentum,fx_level_z_252,0.00032753997948020697
29,B,persist,kospi_return_1d,-0.018554186448454857
29,B,persist,fx_level_z_252,0.0021311771124601364
29,B,underwater,kospi_return_1d,0.001696097431704402
29,B,underwater,fx_level_z_252,-0.02563537284731865
29,alpha,,kospi_return_1d,-0.011417420580983162
29,alpha,,fx_level_z_252,0.03113512322306633
30,beta,momentum,,-0.03716036677360535
30,beta,persist,,0.04494582116603851
30,beta,underwater,,0.0338667668402195
30,B,momentum,kospi_return_1d,-0.012335526756942272
30,B,momentum,fx_level_z_252,-0.0005742966313846409
30,B,persist,kospi_return_1d,-0.018862836062908173
30,B,persist,fx_level_z_252,0.0022018642630428076
30,B,underwater,kospi_return_1d,0.0015043346211314201
30,B,underwater,fx_level_z_252,-0.026349002495408058
30,alpha,,kospi_return_1d,-0.010383615270256996
30,alpha,,fx_level_z_252,0.03121139667928219
31,beta,momentum,,-0.03748094663023949
31,beta,persist,,0.04591143876314163
31,beta,underwater,,0.03394895792007446
31,B,momentum,kospi_return_1d,-0.011829583905637264
31,B,momentum,fx_level_z_252,-0.00127500225789845
31,B,persist,kospi_return_1d,-0.019062044098973274
31,B,persist,fx_level_z_252,0.0022161463275551796
31,B,underwater,kospi_return_1d,0.001230951864272356
31,B,underwater,fx_level_z_252,-0.027105947956442833
31,alpha,,kospi_return_1d,-0.009408279322087765
31,alpha,,fx_level_z_252,0.031357645988464355
32,beta,momentum,,-0.037787798792123795
32,beta,persist,,0.04688451066613197
32,beta,underwater,,0.034037332981824875
32,B,momentum,kospi_return_1d,-0.01139959879219532
32,B,momentum,fx_level_z_252,-0.001782681792974472
32,B,persist,kospi_return_1d,-0.01924154721200466
32,B,persist,fx_level_z_252,0.0021126396022737026
32,B,underwater,kospi_return_1d,0.0010360201122239232
32,B,underwater,fx_level_z_252,-0.02783561684191227
32,alpha,,kospi_return_1d,-0.008544242940843105
32,alpha,,fx_level_z_252,0.031381141394376755
33,beta,momentum,,-0.038038481026887894
33,beta,persist,,0.0478360615670681
33,beta,underwater,,0.03405091539025307
33,B,momentum,kospi_return_1d,-0.011097154580056667
33,B,momentum,fx_level_z_252,-0.0022581566590815783
33,B,persist,kospi_return_1d,-0.01938910223543644
33,B,persist,fx_level_z_252,0.002078676363453269
33,B,underwater,kospi_return_1d,0.0007770305383019149
33,B,underwater,fx_level_z_252,-0.028577810153365135
33,alpha,,kospi_return_1d,-0.007684677839279175
33,alpha,,fx_level_z_252,0.031297195702791214
34,beta,momentum,,-0.038239169865846634
34,beta,persist,,0.048783499747514725
34,beta,underwater,,0.03404303640127182
34,B,momentum,kospi_return_1d,-0.010684479027986526
34,B,momentum,fx_level_z_252,-0.0027151890099048615
34,B,persist,kospi_return_1d,-0.019483275711536407
34,B,persist,fx_level_z_252,0.0019774637185037136
34,B,underwater,kospi_return_1d,0.0003961911133956164
34,B,underwater,fx_level_z_252,-0.02934759296476841
34,alpha,,kospi_return_1d,-0.006800516042858362
34,alpha,,fx_level_z_252,0.03114153817296028
35,beta,momentum,,-0.03839142620563507
35,beta,persist,,0.049734681844711304
35,beta,underwater,,0.034032370895147324
35,B,momentum,kospi_return_1d,-0.010419976897537708
35,B,momentum,fx_level_z_252,-0.003038536524400115
35,B,persist,kospi_return_1d,-0.01953798532485962
35,B,persist,fx_level_z_252,0.0017720764735713601
35,B,underwater,kospi_return_1d,0.00016618450172245502
35,B,underwater,fx_level_z_252,-0.030079971998929977
35,alpha,,kospi_return_1d,-0.0060130455531179905
35,alpha,,fx_level_z_252,0.030870838090777397
36,beta,momentum,,-0.03855021670460701
36,beta,persist,,0.05067431181669235
36,beta,underwater,,0.034048233181238174
36,B,momentum,kospi_return_1d,-0.010222135111689568
36,B,momentum,fx_level_z_252,-0.0031125671230256557
36,B,persist,kospi_return_1d,-0.019559450447559357
36,B,persist,fx_level_z_252,0.001617887639440596
36,B,underwater,kospi_return_1d,-0.00010663099237717688
36,B,underwater,fx_level_z_252,-0.03075455315411091
36,alpha,,kospi_return_1d,-0.005249681416898966
36,alpha,,fx_level_z_252,0.030684426426887512
37,beta,momentum,,-0.03870903700590134
37,beta,persist,,0.051650941371917725
37,beta,underwater,,0.034086037427186966
37,B,momentum,kospi_return_1d,-0.01016458123922348
37,B,momentum,fx_level_z_252,-0.0032013996969908476
37,B,persist,kospi_return_1d,-0.01942572556436062
37,B,persist,fx_level_z_252,0.0014439899241551757
37,B,underwater,kospi_return_1d,-0.00013744558964390308
37,B,underwater,fx_level_z_252,-0.03126545250415802
37,alpha,,kospi_return_1d,-0.004562285263091326
37,alpha,,fx_level_z_252,0.030654210597276688
38,beta,momentum,,-0.0388665609061718
38,beta,persist,,0.052645787596702576
38,beta,underwater,,0.03409285470843315
38,B,momentum,kospi_return_1d,-0.010358651168644428
38,B,momentum,fx_level_z_252,-0.0034179561771452427
38,B,persist,kospi_return_1d,-0.0193534716963768
38,B,persist,fx_level_z_252,0.0013017557794228196
38,B,underwater,kospi_return_1d,-6.535828288178891e-05
38,B,underwater,fx_level_z_252,-0.031602393835783005
38,alpha,,kospi_return_1d,-0.0038512996397912502
38,alpha,,fx_level_z_252,0.030636312440037727
39,beta,momentum,,-0.03896060585975647
39,beta,persist,,0.053583644330501556
39,beta,underwater,,0.03398788720369339
39,B,momentum,kospi_return_1d,-0.01039009541273117
39,B,momentum,fx_level_z_252,-0.003572523593902588
39,B,persist,kospi_return_1d,-0.019318891689181328
39,B,persist,fx_level_z_252,0.0011122606229037046
39,B,underwater,kospi_return_1d,0.00011995231034234166
39,B,underwater,fx_level_z_252,-0.03198501095175743
39,alpha,,kospi_return_1d,-0.0030943762976676226
39,alpha,,fx_level_z_252,0.030571196228265762
40,beta,momentum,,-0.038981880992650986
40,beta,persist,,0.0544959232211113
40,beta,underwater,,0.03380679339170456
40,B,momentum,kospi_return_1d,-0.010417084209620953
40,B,momentum,fx_level_z_252,-0.0036712470464408398
40,B,persist,kospi_return_1d,-0.0194109920412302
40,B,persist,fx_level_z_252,0.0009709019213914871
40,B,underwater,kospi_return_1d,0.00023138299002312124
40,B,underwater,fx_level_z_252,-0.03233208879828453
40,alpha,,kospi_return_1d,-0.002402479760348797
40,alpha,,fx_level_z_252,0.030561551451683044
41,beta,momentum,,-0.038991302251815796
41,beta,persist,,0.055425651371479034
41,beta,underwater,,0.03359600901603699
41,B,momentum,kospi_return_1d,-0.010551662184298038
41,B,momentum,fx_level_z_252,-0.003780908416956663
41,B,persist,kospi_return_1d,-0.019217874854803085
41,B,persist,fx_level_z_252,0.0006803967989981174
41,B,underwater,kospi_return_1d,0.00031858711736276746
41,B,underwater,fx_level_z_252,-0.03253006562590599
41,alpha,,kospi_return_1d,-0.0018301139352843165
41,alpha,,fx_level_z_252,0.030472204089164734
42,beta,momentum,,-0.03895942494273186
42,beta,persist,,0.05630140006542206
42,beta,underwater,,0.033388104289770126
42,B,momentum,kospi_return_1d,-0.010683332569897175
42,B,momentum,fx_level_z_252,-0.0038956294301897287
42,B,persist,kospi_return_1d,-0.01912000961601734
42,B,persist,fx_level_z_252,0.00045260164188221097
42,B,underwater,kospi_return_1d,0.00022041023476049304
42,B,underwater,fx_level_z_252,-0.03260473906993866
42,alpha,,kospi_return_1d,-0.0011538192629814148
42,alpha,,fx_level_z_252,0.03043329529464245
43,beta,momentum,,-0.03888198360800743
43,beta,persist,,0.05717330425977707
43,beta,underwater,,0.033173806965351105
43,B,momentum,kospi_return_1d,-0.010607982985675335
43,B,momentum,fx_level_z_252,-0.003922556526958942
43,B,persist,kospi_return_1d,-0.0191545058041811
43,B,persist,fx_level_z_252,0.0003887605853378773
43,B,underwater,kospi_return_1d,5.148609488969669e-05
43,B,underwater,fx_level_z_252,-0.03272613510489464
43,alpha,,kospi_return_1d,-0.0006212137523107231
43,alpha,,fx_level_z_252,0.030368158593773842
44,beta,momentum,,-0.03880807384848595
44,beta,persist,,0.05806406959891319
44,beta,underwater,,0.03295644372701645
44,B,momentum,kospi_return_1d,-0.010470995679497719
44,B,momentum,fx_level_z_252,-0.004050320014357567
44,B,persist,kospi_return_1d,-0.019243812188506126
44,B,persist,fx_level_z_252,0.0004095826006960124
44,B,underwater,kospi_return_1d,-0.00013463484356179833
44,B,underwater,fx_level_z_252,-0.03269372135400772
44,alpha,,kospi_return_1d,-9.528010559733957e-05
44,alpha,,fx_level_z_252,0.03024761751294136
45,beta,momentum,,-0.03869972750544548
45,beta,persist,,0.05898448824882507
45,beta,underwater,,0.03275112807750702
45,B,momentum,kospi_return_1d,-0.010282090865075588
45,B,momentum,fx_level_z_252,-0.0042473021894693375
45,B,persist,kospi_return_1d,-0.019147060811519623
45,B,persist,fx_level_z_252,0.00048672728007659316
45,B,underwater,kospi_return_1d,-0.00021413867943920195
45,B,underwater,fx_level_z_252,-0.032579850405454636
45,alpha,,kospi_return_1d,0.00028203800320625305
45,alpha,,fx_level_z_252,0.03012051433324814
46,beta,momentum,,-0.038539815694093704
46,beta,persist,,0.05986826494336128
46,beta,underwater,,0.03250386193394661
46,B,momentum,kospi_return_1d,-0.010070917196571827
46,B,momentum,fx_level_z_252,-0.0043718512170016766
46,B,persist,kospi_return_1d,-0.01925032027065754
46,B,persist,fx_level_z_252,0.0006419165874831378
46,B,underwater,kospi_return_1d,-0.0002953093498945236
46,B,underwater,fx_level_z_252,-0.03248457610607147
46,alpha,,kospi_return_1d,0.0006859265267848969
46,alpha,,fx_level_z_252,0.030005181208252907
47,beta,momentum,,-0.03839400038123131
47,beta,persist,,0.06074037402868271
47,beta,underwater,,0.03225575014948845
47,B,momentum,kospi_return_1d,-0.009993945248425007
47,B,momentum,fx_level_z_252,-0.004419018514454365
47,B,persist,kospi_return_1d,-0.019232122227549553
47,B,persist,fx_level_z_252,0.0008198670111596584
47,B,underwater,kospi_return_1d,-7.447339885402471e-05
47,B,underwater,fx_level_z_252,-0.0324205718934536
47,alpha,,kospi_return_1d,0.000980813056230545
47,alpha,,fx_level_z_252,0.029883960261940956
48,beta,momentum,,-0.03822055086493492
48,beta,persist,,0.06159398704767227
48,beta,underwater,,0.0319749116897583
48,B,momentum,kospi_return_1d,-0.009962335228919983
48,B,momentum,fx_level_z_252,-0.004429499618709087
48,B,persist,kospi_return_1d,-0.019244682043790817
48,B,persist,fx_level_z_252,0.0008545498712919652
48,B,underwater,kospi_return_1d,0.00020198534184601158
48,B,underwater,fx_level_z_252,-0.032438572496175766
48,alpha,,kospi_return_1d,0.0009939929004758596
48,alpha,,fx_level_z_252,0.029672890901565552
49,beta,momentum,,-0.03804738447070122
49,beta,persist,,0.062420960515737534
49,beta,underwater,,0.031728386878967285
49,B,momentum,kospi_return_1d,-0.009956586174666882
49,B,momentum,fx_level_z_252,-0.00446441350504756
49,B,persist,kospi_return_1d,-0.019166063517332077
49,B,persist,fx_level_z_252,0.0009619859629310668
49,B,underwater,kospi_return_1d,0.0001570777385495603
49,B,underwater,fx_level_z_252,-0.032268937677145004
49,alpha,,kospi_return_1d,0.0009542915504425764
49,alpha,,fx_level_z_252,0.029507793486118317
50,beta,momentum,,-0.03790218010544777
50,beta,persist,,0.06322959065437317
50,beta,underwater,,0.03147485479712486
50,B,momentum,kospi_return_1d,-0.009936399757862091
50,B,momentum,fx_level_z_252,-0.004562546033412218
50,B,persist,kospi_return_1d,-0.019102158024907112
50,B,persist,fx_level_z_252,0.0011350951390340924
50,B,underwater,kospi_return_1d,0.0001223173749167472
50,B,underwater,fx_level_z_252,-0.03200871869921684
50,alpha,,kospi_return_1d,0.0008780075004324317
50,alpha,,fx_level_z_252,0.029271455481648445
51,beta,momentum,,-0.037696823477745056
51,beta,persist,,0.06399735808372498
51,beta,underwater,,0.0312351081520319
51,B,momentum,kospi_return_1d,-0.009913703426718712
51,B,momentum,fx_level_z_252,-0.004673244431614876
51,B,persist,kospi_return_1d,-0.0190964974462986
51,B,persist,fx_level_z_252,0.001442566397599876
51,B,underwater,kospi_return_1d,0.00011017629003617913
51,B,underwater,fx_level_z_252,-0.03172178193926811
51,alpha,,kospi_return_1d,0.0009021458681672812
51,alpha,,fx_level_z_252,0.028952356427907944
52,beta,momentum,,-0.03758066147565842
52,beta,persist,,0.06478004902601242
52,beta,underwater,,0.031033247709274292
52,B,momentum,kospi_return_1d,-0.009764470160007477
52,B,momentum,fx_level_z_252,-0.004756235517561436
52,B,persist,kospi_return_1d,-0.019092025235295296
52,B,persist,fx_level_z_252,0.0016717875842005014
52,B,underwater,kospi_return_1d,-5.60932676307857e-06
52,B,underwater,fx_level_z_252,-0.03148820251226425
52,alpha,,kospi_return_1d,0.0009238763013854623
52,alpha,,fx_level_z_252,0.028722772374749184
53,beta,momentum,,-0.037444520741701126
53,beta,persist,,0.06548381596803665
53,beta,underwater,,0.03082018345594406
53,B,momentum,kospi_return_1d,-0.00939369946718216
53,B,momentum,fx_level_z_252,-0.004888774361461401
53,B,persist,kospi_return_1d,-0.01915518380701542
53,B,persist,fx_level_z_252,0.00198550196364522
53,B,underwater,kospi_return_1d,-0.00011711543629644439
53,B,underwater,fx_level_z_252,-0.03138139098882675
53,alpha,,kospi_return_1d,0.0010712376097217202
53,alpha,,fx_level_z_252,0.028439372777938843
54,beta,momentum,,-0.037247538566589355
54,beta,persist,,0.06616576761007309
54,beta,underwater,,0.030551522970199585
54,B,momentum,kospi_return_1d,-0.008938997983932495
54,B,momentum,fx_level_z_252,-0.00490062590688467
54,B,persist,kospi_return_1d,-0.019304733723402023
54,B,persist,fx_level_z_252,0.002332158852368593
54,B,underwater,kospi_return_1d,-9.652791050029919e-05
54,B,underwater,fx_level_z_252,-0.031299274414777756
54,alpha,,kospi_return_1d,0.0011487600859254599
54,alpha,,fx_level_z_252,0.02814583107829094
55,beta,momentum,,-0.037064969539642334
55,beta,persist,,0.06683037430047989
55,beta,underwater,,0.030367599800229073
55,B,momentum,kospi_return_1d,-0.008378507569432259
55,B,momentum,fx_level_z_252,-0.004877337254583836
55,B,persist,kospi_return_1d,-0.019370943307876587
55,B,persist,fx_level_z_252,0.0026787705719470978
55,B,underwater,kospi_return_1d,-0.00015273320605047047
55,B,underwater,fx_level_z_252,-0.031145719811320305
55,alpha,,kospi_return_1d,0.001261692843399942
55,alpha,,fx_level_z_252,0.027965137735009193
56,beta,momentum,,-0.036857593804597855
56,beta,persist,,0.06747271865606308
56,beta,underwater,,0.030228884890675545
56,B,momentum,kospi_return_1d,-0.007824253290891647
56,B,momentum,fx_level_z_252,-0.004706072621047497
56,B,persist,kospi_return_1d,-0.01955486461520195
56,B,persist,fx_level_z_252,0.002987536368891597
56,B,underwater,kospi_return_1d,-0.000272808043519035
56,B,underwater,fx_level_z_252,-0.03099129907786846
56,alpha,,kospi_return_1d,0.0015330180758610368
56,alpha,,fx_level_z_252,0.027924872934818268
57,beta,momentum,,-0.03673454001545906
57,beta,persist,,0.0681169182062149
57,beta,underwater,,0.030028603971004486
57,B,momentum,kospi_return_1d,-0.007453852333128452
57,B,momentum,fx_level_z_252,-0.004485047422349453
57,B,persist,kospi_return_1d,-0.01967896893620491
57,B,persist,fx_level_z_252,0.0032227891497313976
57,B,underwater,kospi_return_1d,-0.0002221983449999243
57,B,underwater,fx_level_z_252,-0.03102349489927292
57,alpha,,kospi_return_1d,0.0018595100846141577
57,alpha,,fx_level_z_252,0.027913643047213554
58,beta,momentum,,-0.03661199286580086
58,beta,persist,,0.06872326880693436
58,beta,underwater,,0.029858646914362907
58,B,momentum,kospi_return_1d,-0.00725850323215127
58,B,momentum,fx_level_z_252,-0.004421807359904051
58,B,persist,kospi_return_1d,-0.01966582052409649
58,B,persist,fx_level_z_252,0.0035726132337003946
58,B,underwater,kospi_return_1d,-9.880648576654494e-06
58,B,underwater,fx_level_z_252,-0.030895624309778214
58,alpha,,kospi_return_1d,0.0022151970770210028
58,alpha,,fx_level_z_252,0.02793848142027855
59,beta,momentum,,-0.03644726425409317
59,beta,persist,,0.0693088248372078
59,beta,underwater,,0.02963125891983509
59,B,momentum,kospi_return_1d,-0.007328645791858435
59,B,momentum,fx_level_z_252,-0.004476744681596756
59,B,persist,kospi_return_1d,-0.01964602619409561
59,B,persist,fx_level_z_252,0.003921819850802422
59,B,underwater,kospi_return_1d,0.00029729254310950637
59,B,underwater,fx_level_z_252,-0.030822288244962692
59,alpha,,kospi_return_1d,0.0025277056265622377
59,alpha,,fx_level_z_252,0.027932003140449524
60,beta,momentum,,-0.036277543753385544
60,beta,persist,,0.06989005953073502
60,beta,underwater,,0.02938826195895672
60,B,momentum,kospi_return_1d,-0.0074247196316719055
60,B,momentum,fx_level_z_252,-0.004409261513501406
60,B,persist,kospi_return_1d,-0.019460873678326607
60,B,persist,fx_level_z_252,0.004108655732125044
60,B,underwater,kospi_return_1d,0.0005375529290176928
60,B,underwater,fx_level_z_252,-0.030998745933175087
60,alpha,,kospi_return_1d,0.0028241933323442936
60,alpha,,fx_level_z_252,0.028012322261929512
61,beta,momentum,,-0.03603488579392433
61,beta,persist,,0.07042546570301056
61,beta,underwater,,0.029129933565855026
61,B,momentum,kospi_return_1d,-0.007647339720278978
61,B,momentum,fx_level_z_252,-0.004457221832126379
61,B,persist,kospi_return_1d,-0.01930835284292698
61,B,persist,fx_level_z_252,0.00443674810230732
61,B,underwater,kospi_return_1d,0.0005340512725524604
61,B,underwater,fx_level_z_252,-0.03094416670501232
61,alpha,,kospi_return_1d,0.0031021989416331053
61,alpha,,fx_level_z_252,0.02792932651937008
62,beta,momentum,,-0.035785775631666183
62,beta,persist,,0.0709746778011322
62,beta,underwater,,0.028856590390205383
62,B,momentum,kospi_return_1d,-0.007907507941126823
62,B,momentum,fx_level_z_252,-0.00434035062789917
62,B,persist,kospi_return_1d,-0.019057434052228928
62,B,persist,fx_level_z_252,0.00457228347659111
62,B,underwater,kospi_return_1d,0.0005347625119611621
62,B,underwater,fx_level_z_252,-0.031048569828271866
62,alpha,,kospi_return_1d,0.0033330388832837343
62,alpha,,fx_level_z_252,0.027976637706160545
63,beta,momentum,,-0.03561461344361305
63,beta,persist,,0.07151447236537933
63,beta,underwater,,0.028666086494922638
63,B,momentum,kospi_return_1d,-0.00796200055629015
63,B,momentum,fx_level_z_252,-0.004246424417942762
63,B,persist,kospi_return_1d,-0.018765775486826897
63,B,persist,fx_level_z_252,0.004882526583969593
63,B,underwater,kospi_return_1d,0.0002950694179162383
63,B,underwater,fx_level_z_252,-0.03107784315943718
63,alpha,,kospi_return_1d,0.003583366982638836
63,alpha,,fx_level_z_252,0.02807117998600006
64,beta,momentum,,-0.035386741161346436
64,beta,persist,,0.07202601432800293
64,beta,underwater,,0.028391771018505096
64,B,momentum,kospi_return_1d,-0.00799304898828268
64,B,momentum,fx_level_z_252,-0.004267214797437191
64,B,persist,kospi_return_1d,-0.018555346876382828
64,B,persist,fx_level_z_252,0.005244518630206585
64,B,underwater,kospi_return_1d,9.832991054281592e-06
64,B,underwater,fx_level_z_252,-0.031135478988289833
64,alpha,,kospi_return_1d,0.003958583809435368
64,alpha,,fx_level_z_252,0.028037430718541145
65,beta,momentum,,-0.0351797491312027
65,beta,persist,,0.07259400933980942
65,beta,underwater,,0.028193840757012367
65,B,momentum,kospi_return_1d,-0.007984119467437267
65,B,momentum,fx_level_z_252,-0.004180715419352055
65,B,persist,kospi_return_1d,-0.018377767875790596
65,B,persist,fx_level_z_252,0.005502635147422552
65,B,underwater,kospi_return_1d,-0.00019776388944592327
65,B,underwater,fx_level_z_252,-0.03126292675733566
65,alpha,,kospi_return_1d,0.004241725895553827
65,alpha,,fx_level_z_252,0.02800113894045353
66,beta,momentum,,-0.03499501571059227
66,beta,persist,,0.07315951585769653
66,beta,underwater,,0.02797468937933445
66,B,momentum,kospi_return_1d,-0.008061637170612812
66,B,momentum,fx_level_z_252,-0.003976654261350632
66,B,persist,kospi_return_1d,-0.01817583106458187
66,B,persist,fx_level_z_252,0.0057229213416576385
66,B,underwater,kospi_return_1d,-0.0003029787912964821
66,B,underwater,fx_level_z_252,-0.031399939209222794
66,alpha,,kospi_return_1d,0.00436869403347373
66,alpha,,fx_level_z_252,0.02797144278883934
67,beta,momentum,,-0.0348300077021122
67,beta,persist,,0.07371632754802704
67,beta,underwater,,0.027747562155127525
67,B,momentum,kospi_return_1d,-0.00805620476603508
67,B,momentum,fx_level_z_252,-0.0038115864153951406
67,B,persist,kospi_return_1d,-0.018035968765616417
67,B,persist,fx_level_z_252,0.005805731751024723
67,B,underwater,kospi_return_1d,-0.00022709275071974844
67,B,underwater,fx_level_z_252,-0.031461089849472046
67,alpha,,kospi_return_1d,0.004457233007997274
67,alpha,,fx_level_z_252,0.02784428372979164
68,beta,momentum,,-0.03464766964316368
68,beta,persist,,0.07426267117261887
68,beta,underwater,,0.027617666870355606
68,B,momentum,kospi_return_1d,-0.00789001677185297
68,B,momentum,fx_level_z_252,-0.003638733644038439
68,B,persist,kospi_return_1d,-0.017991043627262115
68,B,persist,fx_level_z_252,0.005828606430441141
68,B,underwater,kospi_return_1d,-0.00016126451373565942
68,B,underwater,fx_level_z_252,-0.03142930567264557
68,alpha,,kospi_return_1d,0.00446950551122427
68,alpha,,fx_level_z_252,0.027614237740635872
69,beta,momentum,,-0.03449427708983421
69,beta,persist,,0.07483091205358505
69,beta,underwater,,0.027514996007084846
69,B,momentum,kospi_return_1d,-0.007782069034874439
69,B,momentum,fx_level_z_252,-0.003479896578937769
69,B,persist,kospi_return_1d,-0.01785781793296337
69,B,persist,fx_level_z_252,0.00569183798506856
69,B,underwater,kospi_return_1d,4.373265983304009e-05
69,B,underwater,fx_level_z_252,-0.03159639611840248
69,alpha,,kospi_return_1d,0.004493253771215677
69,alpha,,fx_level_z_252,0.027447467669844627
70,beta,momentum,,-0.03427796810865402
70,beta,persist,,0.07535646855831146
70,beta,underwater,,0.02744666300714016
70,B,momentum,kospi_return_1d,-0.007559486664831638
70,B,momentum,fx_level_z_252,-0.0035054811742156744
70,B,persist,kospi_return_1d,-0.01778390444815159
70,B,persist,fx_level_z_252,0.005766110960394144
70,B,underwater,kospi_return_1d,0.00012052622332703322
70,B,underwater,fx_level_z_252,-0.031481530517339706
70,alpha,,kospi_return_1d,0.004492622334510088
70,alpha,,fx_level_z_252,0.027311813086271286
71,beta,momentum,,-0.03408856689929962
71,beta,persist,,0.07586617022752762
71,beta,underwater,,0.027424583211541176
71,B,momentum,kospi_return_1d,-0.007215708959847689
71,B,momentum,fx_level_z_252,-0.0035513981711119413
71,B,persist,kospi_return_1d,-0.017734086140990257
71,B,persist,fx_level_z_252,0.005819225683808327
71,B,underwater,kospi_return_1d,-9.656494512455538e-05
71,B,underwater,fx_level_z_252,-0.03137364983558655
71,alpha,,kospi_return_1d,0.0045423200353980064
71,alpha,,fx_level_z_252,0.027149023488163948
72,beta,momentum,,-0.03393266722559929
72,beta,persist,,0.07635783404111862
72,beta,underwater,,0.027428006753325462
72,B,momentum,kospi_return_1d,-0.0067658936604857445
72,B,momentum,fx_level_z_252,-0.003527482273057103
72,B,persist,kospi_return_1d,-0.017840402200818062
72,B,persist,fx_level_z_252,0.005887757521122694
72,B,underwater,kospi_return_1d,-0.00030443817377090454
72,B,underwater,fx_level_z_252,-0.03136996924877167
72,alpha,,kospi_return_1d,0.004670787137001753
72,alpha,,fx_level_z_252,0.026944248005747795
73,beta,momentum,,-0.033721230924129486
73,beta,persist,,0.07681332528591156
73,beta,underwater,,0.027333039790391922
73,B,momentum,kospi_return_1d,-0.006516963243484497
73,B,momentum,fx_level_z_252,-0.003539168741554022
73,B,persist,kospi_return_1d,-0.018008101731538773
73,B,persist,fx_level_z_252,0.006016185041517019
73,B,underwater,kospi_return_1d,-0.0005271038971841335
73,B,underwater,fx_level_z_252,-0.03139879181981087
73,alpha,,kospi_return_1d,0.004886740818619728
73,alpha,,fx_level_z_252,0.026730051264166832
74,beta,momentum,,-0.03359615057706833
74,beta,persist,,0.07728751748800278
74,beta,underwater,,0.02737831138074398
74,B,momentum,kospi_return_1d,-0.006327335257083178
74,B,momentum,fx_level_z_252,-0.0033936318941414356
74,B,persist,kospi_return_1d,-0.018023211508989334
74,B,persist,fx_level_z_252,0.006102415733039379
74,B,underwater,kospi_return_1d,-0.0006677272613160312
74,B,underwater,fx_level_z_252,-0.031407155096530914
74,alpha,,kospi_return_1d,0.00510174548253417
74,alpha,,fx_level_z_252,0.0267176516354084
75,beta,momentum,,-0.0335305891931057
75,beta,persist,,0.07776301354169846
75,beta,underwater,,0.027468685060739517
75,B,momentum,kospi_return_1d,-0.006143689155578613
75,B,momentum,fx_level_z_252,-0.0032002972438931465
75,B,persist,kospi_return_1d,-0.018130773678421974
75,B,persist,fx_level_z_252,0.006291138008236885
75,B,underwater,kospi_return_1d,-0.0007645355653949082
75,B,underwater,fx_level_z_252,-0.03133785352110863
75,alpha,,kospi_return_1d,0.005367388483136892
75,alpha,,fx_level_z_252,0.026823073625564575
76,beta,momentum,,-0.03342059999704361
76,beta,persist,,0.07820966094732285
76,beta,underwater,,0.02746080607175827
76,B,momentum,kospi_return_1d,-0.0060298205353319645
76,B,momentum,fx_level_z_252,-0.0030086874030530453
76,B,persist,kospi_return_1d,-0.018261902034282684
76,B,persist,fx_level_z_252,0.006400492507964373
76,B,underwater,kospi_return_1d,-0.0007737490232102573
76,B,underwater,fx_level_z_252,-0.03129100799560547
76,alpha,,kospi_return_1d,0.005699255038052797
76,alpha,,fx_level_z_252,0.02681855857372284
77,beta,momentum,,-0.0333799310028553
77,beta,persist,,0.0786900669336319
77,beta,underwater,,0.027453994378447533
77,B,momentum,kospi_return_1d,-0.006031958851963282
77,B,momentum,fx_level_z_252,-0.0027452846989035606
77,B,persist,kospi_return_1d,-0.01842079684138298
77,B,persist,fx_level_z_252,0.006323625799268484
77,B,underwater,kospi_return_1d,-0.0007213315693661571
77,B,underwater,fx_level_z_252,-0.03121127560734749
77,alpha,,kospi_return_1d,0.0061340779066085815
77,alpha,,fx_level_z_252,0.02679750882089138
78,beta,momentum,,-0.03332916274666786
78,beta,persist,,0.07917648553848267
78,beta,underwater,,0.02748388983309269
78,B,momentum,kospi_return_1d,-0.006284788250923157
78,B,momentum,fx_level_z_252,-0.002452367451041937
78,B,persist,kospi_return_1d,-0.01858152076601982
78,B,persist,fx_level_z_252,0.006349244620651007
78,B,underwater,kospi_return_1d,-0.000475704378914088
78,B,underwater,fx_level_z_252,-0.0312125813215971
78,alpha,,kospi_return_1d,0.0065018003806471825
78,alpha,,fx_level_z_252,0.026937805116176605
79,beta,momentum,,-0.033155303448438644
79,beta,persist,,0.07962758094072342
79,beta,underwater,,0.027449889108538628
79,B,momentum,kospi_return_1d,-0.006530008278787136
79,B,momentum,fx_level_z_252,-0.0021895875688642263
79,B,persist,kospi_return_1d,-0.01845739781856537
79,B,persist,fx_level_z_252,0.006511472165584564
79,B,underwater,kospi_return_1d,-2.4077744456008077e-06
79,B,underwater,fx_level_z_252,-0.03128783404827118
79,alpha,,kospi_return_1d,0.006987310945987701
79,alpha,,fx_level_z_252,0.027087777853012085
80,beta,momentum,,-0.03294997289776802
80,beta,persist,,0.08010668307542801
80,beta,underwater,,0.02738065831363201
80,B,momentum,kospi_return_1d,-0.006872146390378475
80,B,momentum,fx_level_z_252,-0.0019262280547991395
80,B,persist,kospi_return_1d,-0.01839768886566162
80,B,persist,fx_level_z_252,0.006566734053194523
80,B,underwater,kospi_return_1d,0.00038880796637386084
80,B,underwater,fx_level_z_252,-0.031294889748096466
80,alpha,,kospi_return_1d,0.007460019551217556
80,alpha,,fx_level_z_252,0.027217654511332512
81,beta,momentum,,-0.03273506462574005
81,beta,persist,,0.08060194551944733
81,beta,underwater,,0.027308832854032516
81,B,momentum,kospi_return_1d,-0.007153407204896212
81,B,momentum,fx_level_z_252,-0.0016167170833796263
81,B,persist,kospi_return_1d,-0.018277626484632492
81,B,persist,fx_level_z_252,0.0065460531041026115
81,B,underwater,kospi_return_1d,0.0006418920820578933
81,B,underwater,fx_level_z_252,-0.03139412775635719
81,alpha,,kospi_return_1d,0.007771768141537905
81,alpha,,fx_level_z_252,0.0273500494658947
82,beta,momentum,,-0.0325324684381485
82,beta,persist,,0.08101940900087357
82,beta,underwater,,0.02721620723605156
82,B,momentum,kospi_return_1d,-0.007394141983240843
82,B,momentum,fx_level_z_252,-0.0014956522500142455
82,B,persist,kospi_return_1d,-0.01826334558427334
82,B,persist,fx_level_z_252,0.006751923821866512
82,B,underwater,kospi_return_1d,0.0007522892556153238
82,B,underwater,fx_level_z_252,-0.031370215117931366
82,alpha,,kospi_return_1d,0.008168309926986694
82,alpha,,fx_level_z_252,0.027563147246837616
83,beta,momentum,,-0.032396622002124786
83,beta,persist,,0.08144791424274445
83,beta,underwater,,0.02718435414135456
83,B,momentum,kospi_return_1d,-0.007347896695137024
83,B,momentum,fx_level_z_252,-0.0014953098725527525
83,B,persist,kospi_return_1d,-0.018428320065140724
83,B,persist,fx_level_z_252,0.0067912135273218155
83,B,underwater,kospi_return_1d,0.00047578924568369985
83,B,underwater,fx_level_z_252,-0.03129332885146141
83,alpha,,kospi_return_1d,0.008511722087860107
83,alpha,,fx_level_z_252,0.02771058864891529
84,beta,momentum,,-0.03233059123158455
84,beta,persist,,0.08191538602113724
84,beta,underwater,,0.027152547612786293
84,B,momentum,kospi_return_1d,-0.007263033650815487
84,B,momentum,fx_level_z_252,-0.0014901815447956324
84,B,persist,kospi_return_1d,-0.01845608837902546
84,B,persist,fx_level_z_252,0.0069145318120718
84,B,underwater,kospi_return_1d,0.0002590093354228884
84,B,underwater,fx_level_z_252,-0.031095143407583237
84,alpha,,kospi_return_1d,0.008820840157568455
84,alpha,,fx_level_z_252,0.027849968522787094
85,beta,momentum,,-0.032204970717430115
85,beta,persist,,0.0823204293847084
85,beta,underwater,,0.02704811654984951
85,B,momentum,kospi_return_1d,-0.007235692348331213
85,B,momentum,fx_level_z_252,-0.0013435166329145432
85,B,persist,kospi_return_1d,-0.018570248037576675
85,B,persist,fx_level_z_252,0.0068542868830263615
85,B,underwater,kospi_return_1d,-0.00017895325436256826
85,B,underwater,fx_level_z_252,-0.031048528850078583
85,alpha,,kospi_return_1d,0.009129044599831104
85,alpha,,fx_level_z_252,0.02793925814330578
86,beta,momentum,,-0.03211260959506035
86,beta,persist,,0.08269738405942917
86,beta,underwater,,0.026960838586091995
86,B,momentum,kospi_return_1d,-0.007194943260401487
86,B,momentum,fx_level_z_252,-0.0011701190378516912
86,B,persist,kospi_return_1d,-0.01881691999733448
86,B,persist,fx_level_z_252,0.006700495257973671
86,B,underwater,kospi_return_1d,-0.0007721693255007267
86,B,underwater,fx_level_z_252,-0.031025853008031845
86,alpha,,kospi_return_1d,0.0094380434602499
86,alpha,,fx_level_z_252,0.027867041528224945
87,beta,momentum,,-0.03196769580245018
87,beta,persist,,0.08308827131986618
87,beta,underwater,,0.026861028745770454
87,B,momentum,kospi_return_1d,-0.00711551820859313
87,B,momentum,fx_level_z_252,-0.0010020079789683223
87,B,persist,kospi_return_1d,-0.019066868349909782
87,B,persist,fx_level_z_252,0.006555729079991579
87,B,underwater,kospi_return_1d,-0.0009375929948873818
87,B,underwater,fx_level_z_252,-0.031049910932779312
87,alpha,,kospi_return_1d,0.009712138213217258
87,alpha,,fx_level_z_252,0.027740241959691048
88,beta,momentum,,-0.03179345279932022
88,beta,persist,,0.08349102735519409
88,beta,underwater,,0.026711497455835342
88,B,momentum,kospi_return_1d,-0.007144728675484657
88,B,momentum,fx_level_z_252,-0.0008921208791434765
88,B,persist,kospi_return_1d,-0.019120927900075912
88,B,persist,fx_level_z_252,0.006356789730489254
88,B,underwater,kospi_return_1d,-0.0007106959237717092
88,B,underwater,fx_level_z_252,-0.03114888072013855
88,alpha,,kospi_return_1d,0.009918181225657463
88,alpha,,fx_level_z_252,0.02767711505293846
89,beta,momentum,,-0.031624823808670044
89,beta,persist,,0.08390110731124878
89,beta,underwater,,0.0265349168330431
89,B,momentum,kospi_return_1d,-0.006951599381864071
89,B,momentum,fx_level_z_252,-0.0008363858796656132
89,B,persist,kospi_return_1d,-0.019170096144080162
89,B,persist,fx_level_z_252,0.006391832139343023
89,B,underwater,kospi_return_1d,-0.0006148864631541073
89,B,underwater,fx_level_z_252,-0.031203774735331535
89,alpha,,kospi_return_1d,0.010089445859193802
89,alpha,,fx_level_z_252,0.027756543830037117
90,beta,momentum,,-0.03142720088362694
90,beta,persist,,0.08427800983190536
90,beta,underwater,,0.026291703805327415
90,B,momentum,kospi_return_1d,-0.006557520478963852
90,B,momentum,fx_level_z_252,-0.0006881379522383213
90,B,persist,kospi_return_1d,-0.019425464794039726
90,B,persist,fx_level_z_252,0.006254490464925766
90,B,underwater,kospi_return_1d,-0.00048738066107034683
90,B,underwater,fx_level_z_252,-0.031276341527700424
90,alpha,,kospi_return_1d,0.010330368764698505
90,alpha,,fx_level_z_252,0.02769143134355545
91,beta,momentum,,-0.03124704770743847
91,beta,persist,,0.08458717912435532
91,beta,underwater,,0.025986744090914726
91,B,momentum,kospi_return_1d,-0.006311272270977497
91,B,momentum,fx_level_z_252,-0.0004279396962374449
91,B,persist,kospi_return_1d,-0.019461560994386673
91,B,persist,fx_level_z_252,0.006130808033049107
91,B,underwater,kospi_return_1d,-0.0003307242295704782
91,B,underwater,fx_level_z_252,-0.031527403742074966
91,alpha,,kospi_return_1d,0.0107164541259408
91,alpha,,fx_level_z_252,0.027484862133860588
92,beta,momentum,,-0.03112621232867241
92,beta,persist,,0.08490051329135895
92,beta,underwater,,0.02576844021677971
92,B,momentum,kospi_return_1d,-0.006345034576952457
92,B,momentum,fx_level_z_252,-0.0002144769241567701
92,B,persist,kospi_return_1d,-0.019416172057390213
92,B,persist,fx_level_z_252,0.0058658248744904995
92,B,underwater,kospi_return_1d,-2.2764641471439973e-05
92,B,underwater,fx_level_z_252,-0.031740106642246246
92,alpha,,kospi_return_1d,0.011086801066994667
92,alpha,,fx_level_z_252,0.027436427772045135
93,beta,momentum,,-0.030994486063718796
93,beta,persist,,0.08523545414209366
93,beta,underwater,,0.02562408335506916
93,B,momentum,kospi_return_1d,-0.006429637316614389
93,B,momentum,fx_level_z_252,-0.00020304368808865547
93,B,persist,kospi_return_1d,-0.019412364810705185
93,B,persist,fx_level_z_252,0.005777133163064718
93,B,underwater,kospi_return_1d,8.244522177847102e-05
93,B,underwater,fx_level_z_252,-0.03188150003552437
93,alpha,,kospi_return_1d,0.01155769545584917
93,alpha,,fx_level_z_252,0.027441922575235367
94,beta,momentum,,-0.030853070318698883
94,beta,persist,,0.08559451252222061
94,beta,underwater,,0.025567637756466866
94,B,momentum,kospi_return_1d,-0.006574356462806463
94,B,momentum,fx_level_z_252,-0.00032717021531425416
94,B,persist,kospi_return_1d,-0.019356248900294304
94,B,persist,fx_level_z_252,0.005790490657091141
94,B,underwater,kospi_return_1d,0.00012668258568737656
94,B,underwater,fx_level_z_252,-0.0318349152803421
94,alpha,,kospi_return_1d,0.011822407133877277
94,alpha,,fx_level_z_252,0.02747182920575142
95,beta,momentum,,-0.030753128230571747
95,beta,persist,,0.08602754026651382
95,beta,underwater,,0.025638345628976822
95,B,momentum,kospi_return_1d,-0.00674296822398901
95,B,momentum,fx_level_z_252,-0.00044670031638816
95,B,persist,kospi_return_1d,-0.019442519173026085
95,B,persist,fx_level_z_252,0.005890530999749899
95,B,underwater,kospi_return_1d,-2.8685790312010795e-05
95,B,underwater,fx_level_z_252,-0.03158724680542946
95,alpha,,kospi_return_1d,0.0119803287088871
95,alpha,,fx_level_z_252,0.02749803476035595
96,beta,momentum,,-0.030724449083209038
96,beta,persist,,0.08648764342069626
96,beta,underwater,,0.025804458186030388
96,B,momentum,kospi_return_1d,-0.006764601916074753
96,B,momentum,fx_level_z_252,-0.0005795235629193485
96,B,persist,kospi_return_1d,-0.01951548270881176
96,B,persist,fx_level_z_252,0.006125891115516424
96,B,underwater,kospi_return_1d,-0.00020133290672674775
96,B,underwater,fx_level_z_252,-0.031232519075274467
96,alpha,,kospi_return_1d,0.0120638906955719
96,alpha,,fx_level_z_252,0.02753167785704136
97,beta,momentum,,-0.03069731406867504
97,beta,persist,,0.08691670000553131
97,beta,underwater,,0.02597593143582344
97,B,momentum,kospi_return_1d,-0.00682555278763175
97,B,momentum,fx_level_z_252,-0.0006559011526405811
97,B,persist,kospi_return_1d,-0.019549373537302017
97,B,persist,fx_level_z_252,0.006435729097574949
97,B,underwater,kospi_return_1d,-0.0003763532731682062
97,B,underwater,fx_level_z_252,-0.030758041888475418
97,alpha,,kospi_return_1d,0.01229533925652504
97,alpha,,fx_level_z_252,0.02752823568880558
98,beta,momentum,,-0.03077639639377594
98,beta,persist,,0.08730322867631912
98,beta,underwater,,0.026124034076929092
98,B,momentum,kospi_return_1d,-0.006953062489628792
98,B,momentum,fx_level_z_252,-0.0004247272154316306
98,B,persist,kospi_return_1d,-0.01958233118057251
98,B,persist,fx_level_z_252,0.0065233721397817135
98,B,underwater,kospi_return_1d,-0.00045442156260833144
98,B,underwater,fx_level_z_252,-0.03044005110859871
98,alpha,,kospi_return_1d,0.01255826000124216
98,alpha,,fx_level_z_252,0.02757604792714119
99,beta,momentum,,-0.030932560563087463
99,beta,persist,,0.08766952157020569
99,beta,underwater,,0.02629045583307743
99,B,momentum,kospi_return_1d,-0.007023379672318697
99,B,momentum,fx_level_z_252,-0.00011605251347646117
99,B,persist,kospi_return_1d,-0.019609235227108
99,B,persist,fx_level_z_252,0.006670066621154547
99,B,underwater,kospi_return_1d,-0.0004970825975760818
99,B,underwater,fx_level_z_252,-0.030230581760406494
99,alpha,,kospi_return_1d,0.012810382060706615
99,alpha,,fx_level_z_252,0.02756311371922493
100,beta,momentum,,-0.031019702553749084
100,beta,persist,,0.08796543627977371
100,beta,underwater,,0.026439739391207695
100,B,momentum,kospi_return_1d,-0.006987425498664379
100,B,momentum,fx_level_z_252,5.5924643675098196e-05
100,B,persist,kospi_return_1d,-0.01974312961101532
100,B,persist,fx_level_z_252,0.007049801293760538
100,B,underwater,kospi_return_1d,-0.0005935897352173924
100,B,underwater,fx_level_z_252,-0.029985662549734116
100,alpha,,kospi_return_1d,0.0131241949275136
100,alpha,,fx_level_z_252,0.02766851894557476
101,beta,momentum,,-0.030965100973844528
101,beta,persist,,0.08822164684534073
101,beta,underwater,,0.026545492932200432
101,B,momentum,kospi_return_1d,-0.006709931418299675
101,B,momentum,fx_level_z_252,-9.902584861265495e-05
101,B,persist,kospi_return_1d,-0.019947219640016556
101,B,persist,fx_level_z_252,0.007483829744160175
101,B,underwater,kospi_return_1d,-0.0007099093054421246
101,B,underwater,fx_level_z_252,-0.029657477512955666
101,alpha,,kospi_return_1d,0.013481835834681988
101,alpha,,fx_level_z_252,0.027604304254055023
102,beta,momentum,,-0.030955631285905838
102,beta,persist,,0.08851385116577148
102,beta,underwater,,0.026711955666542053
102,B,momentum,kospi_return_1d,-0.006398336496204138
102,B,momentum,fx_level_z_252,-0.00010483070218469948
102,B,persist,kospi_return_1d,-0.02015555091202259
102,B,persist,fx_level_z_252,0.00789586640894413
102,B,underwater,kospi_return_1d,-0.0009680588264018297
102,B,underwater,fx_level_z_252,-0.029316890984773636
102,alpha,,kospi_return_1d,0.013899758458137512
102,alpha,,fx_level_z_252,0.027579672634601593
103,beta,momentum,,-0.030929727479815483
103,beta,persist,,0.08881435543298721
103,beta,underwater,,0.026825392618775368
103,B,momentum,kospi_return_1d,-0.006246800534427166
103,B,momentum,fx_level_z_252,-0.00019095349125564098
103,B,persist,kospi_return_1d,-0.0203640665858984
103,B,persist,fx_level_z_252,0.008247044868767262
103,B,underwater,kospi_return_1d,-0.0010728276101872325
103,B,underwater,fx_level_z_252,-0.02901621162891388
103,alpha,,kospi_return_1d,0.014217591844499111
103,alpha,,fx_level_z_252,0.02755025587975979
104,beta,momentum,,-0.030881481245160103
104,beta,persist,,0.0891253799200058
104,beta,underwater,,0.026930173859000206
104,B,momentum,kospi_return_1d,-0.006281374488025904
104,B,momentum,fx_level_z_252,-0.0002626236528158188
104,B,persist,kospi_return_1d,-0.020424647256731987
104,B,persist,fx_level_z_252,0.008408811874687672
104,B,underwater,kospi_return_1d,-0.0012046112678945065
104,B,underwater,fx_level_z_252,-0.028693389147520065
104,alpha,,kospi_return_1d,0.014564212411642075
104,alpha,,fx_level_z_252,0.027422171086072922
105,beta,momentum,,-0.03087378479540348
105,beta,persist,,0.08938326686620712
105,beta,underwater,,0.02698110230267048
105,B,momentum,kospi_return_1d,-0.006436224095523357
105,B,momentum,fx_level_z_252,-9.037939889822155e-05
105,B,persist,kospi_return_1d,-0.020385874435305595
105,B,persist,fx_level_z_252,0.008385625667870045
105,B,underwater,kospi_return_1d,-0.0011120329145342112
105,B,underwater,fx_level_z_252,-0.028701139613986015
105,alpha,,kospi_return_1d,0.014935825020074844
105,alpha,,fx_level_z_252,0.027238093316555023
106,beta,momentum,,-0.03081643208861351
106,beta,persist,,0.08959364145994186
106,beta,underwater,,0.026884576305747032
106,B,momentum,kospi_return_1d,-0.0067207603715360165
106,B,momentum,fx_level_z_252,1.933576277224347e-05
106,B,persist,kospi_return_1d,-0.020215855911374092
106,B,persist,fx_level_z_252,0.008268000558018684
106,B,underwater,kospi_return_1d,-0.0009753095218911767
106,B,underwater,fx_level_z_252,-0.028858816251158714
106,alpha,,kospi_return_1d,0.01536983996629715
106,alpha,,fx_level_z_252,0.027095796540379524
107,beta,momentum,,-0.030716804787516594
107,beta,persist,,0.08980623632669449
107,beta,underwater,,0.026765253394842148
107,B,momentum,kospi_return_1d,-0.007042980287224054
107,B,momentum,fx_level_z_252,-8.184091711882502e-05
107,B,persist,kospi_return_1d,-0.0200237724930048
107,B,persist,fx_level_z_252,0.008157438598573208
107,B,underwater,kospi_return_1d,-0.0006014399114064872
107,B,underwater,fx_level_z_252,-0.02907811664044857
107,alpha,,kospi_return_1d,0.01577574387192726
107,alpha,,fx_level_z_252,0.027026677504181862
108,beta,momentum,,-0.030508629977703094
108,beta,persist,,0.0900382474064827
108,beta,underwater,,0.0265570729970932
108,B,momentum,kospi_return_1d,-0.007304620463401079
108,B,momentum,fx_level_z_252,-0.00010822810872923583
108,B,persist,kospi_return_1d,-0.01990811713039875
108,B,persist,fx_level_z_252,0.008014697581529617
108,B,underwater,kospi_return_1d,-0.00019918987527489662
108,B,underwater,fx_level_z_252,-0.029345575720071793
108,alpha,,kospi_return_1d,0.015985678881406784
108,alpha,,fx_level_z_252,0.027048395946621895
109,beta,momentum,,-0.030380522832274437
109,beta,persist,,0.0902438536286354
109,beta,underwater,,0.02632220834493637
109,B,momentum,kospi_return_1d,-0.007502046879380941
109,B,momentum,fx_level_z_252,-0.0001502800005255267
109,B,persist,kospi_return_1d,-0.019751867279410362
109,B,persist,fx_level_z_252,0.007992114871740341
109,B,underwater,kospi_return_1d,0.0003045754274353385
109,B,underwater,fx_level_z_252,-0.029518216848373413
109,alpha,,kospi_return_1d,0.0161486454308033
109,alpha,,fx_level_z_252,0.026885101571679115
110,beta,momentum,,-0.030302569270133972
110,beta,persist,,0.09044484794139862
110,beta,underwater,,0.02612723410129547
110,B,momentum,kospi_return_1d,-0.007464469410479069
110,B,momentum,fx_level_z_252,1.1966112651862204e-05
110,B,persist,kospi_return_1d,-0.01981024071574211
110,B,persist,fx_level_z_252,0.008090627379715443
110,B,underwater,kospi_return_1d,0.00048206947394646704
110,B,underwater,fx_level_z_252,-0.02969047613441944
110,alpha,,kospi_return_1d,0.016183452680706978
110,alpha,,fx_level_z_252,0.02686506323516369
111,beta,momentum,,-0.030152039602398872
111,beta,persist,,0.0906217023730278
111,beta,underwater,,0.025959795340895653
111,B,momentum,kospi_return_1d,-0.007438980042934418
111,B,momentum,fx_level_z_252,2.7585847419686615e-05
111,B,persist,kospi_return_1d,-0.01997661590576172
111,B,persist,fx_level_z_252,0.008113392628729343
111,B,underwater,kospi_return_1d,0.0003202733932994306
111,B,underwater,fx_level_z_252,-0.029677560552954674
111,alpha,,kospi_return_1d,0.01622077263891697
111,alpha,,fx_level_z_252,0.026832938194274902
112,beta,momentum,,-0.030067626386880875
112,beta,persist,,0.09080188721418381
112,beta,underwater,,0.025819994509220123
112,B,momentum,kospi_return_1d,-0.007456939667463303
112,B,momentum,fx_level_z_252,0.00014619180001318455
112,B,persist,kospi_return_1d,-0.01994205452501774
112,B,persist,fx_level_z_252,0.007891125045716763
112,B,underwater,kospi_return_1d,8.746530511416495e-05
112,B,underwater,fx_level_z_252,-0.02982225827872753
112,alpha,,kospi_return_1d,0.016343694180250168
112,alpha,,fx_level_z_252,0.02691514603793621
113,beta,momentum,,-0.029998986050486565
113,beta,persist,,0.09091758728027344
113,beta,underwater,,0.025698091834783554
113,B,momentum,kospi_return_1d,-0.007291760295629501
113,B,momentum,fx_level_z_252,0.00013917208707425743
113,B,persist,kospi_return_1d,-0.02005966193974018
113,B,persist,fx_level_z_252,0.007812825962901115
113,B,underwater,kospi_return_1d,-0.0002757135662250221
113,B,underwater,fx_level_z_252,-0.029953235760331154
113,alpha,,kospi_return_1d,0.016620755195617676
113,alpha,,fx_level_z_252,0.027045952156186104
114,beta,momentum,,-0.029899105429649353
114,beta,persist,,0.09098034352064133
114,beta,underwater,,0.025528285652399063
114,B,momentum,kospi_return_1d,-0.007102559320628643
114,B,momentum,fx_level_z_252,0.00013795704580843449
114,B,persist,kospi_return_1d,-0.02010069414973259
114,B,persist,fx_level_z_252,0.00787712074816227
114,B,underwater,kospi_return_1d,-0.00043806247413158417
114,B,underwater,fx_level_z_252,-0.03024180606007576
114,alpha,,kospi_return_1d,0.01677972823381424
114,alpha,,fx_level_z_252,0.027023589238524437
115,beta,momentum,,-0.02972569689154625
115,beta,persist,,0.09112904965877533
115,beta,underwater,,0.02529137209057808
115,B,momentum,kospi_return_1d,-0.006794953718781471
115,B,momentum,fx_level_z_252,-1.2631178833544254e-05
115,B,persist,kospi_return_1d,-0.02017074264585972
115,B,persist,fx_level_z_252,0.007949360646307468
115,B,underwater,kospi_return_1d,-0.0005579586140811443
115,B,underwater,fx_level_z_252,-0.030483510345220566
115,alpha,,kospi_return_1d,0.016853025183081627
115,alpha,,fx_level_z_252,0.02701512910425663
116,beta,momentum,,-0.02955438569188118
116,beta,persist,,0.09135787934064865
116,beta,underwater,,0.0250670425593853
116,B,momentum,kospi_return_1d,-0.006528425496071577
116,B,momentum,fx_level_z_252,-0.0002556187682785094
116,B,persist,kospi_return_1d,-0.020113497972488403
116,B,persist,fx_level_z_252,0.007985261268913746
116,B,underwater,kospi_return_1d,-0.00045752761070616543
116,B,underwater,fx_level_z_252,-0.030652008950710297
116,alpha,,kospi_return_1d,0.016729868948459625
116,alpha,,fx_level_z_252,0.027023259550333023
117,beta,momentum,,-0.029440585523843765
117,beta,persist,,0.09161308407783508
117,beta,underwater,,0.024803685024380684
117,B,momentum,kospi_return_1d,-0.006280060391873121
117,B,momentum,fx_level_z_252,-0.0004504542739596218
117,B,persist,kospi_return_1d,-0.020136650651693344
117,B,persist,fx_level_z_252,0.007964418269693851
117,B,underwater,kospi_return_1d,-0.00036282296059653163
117,B,underwater,fx_level_z_252,-0.03076155111193657
117,alpha,,kospi_return_1d,0.016606200486421585
117,alpha,,fx_level_z_252,0.026929184794425964
118,beta,momentum,,-0.029399408027529716
118,beta,persist,,0.09183467924594879
118,beta,underwater,,0.024513499811291695
118,B,momentum,kospi_return_1d,-0.005959917791187763
118,B,momentum,fx_level_z_252,-0.0004466240934561938
118,B,persist,kospi_return_1d,-0.02027267776429653
118,B,persist,fx_level_z_252,0.007947844453155994
118,B,underwater,kospi_return_1d,-7.711842772550881e-05
118,B,underwater,fx_level_z_252,-0.030963696539402008
118,alpha,,kospi_return_1d,0.016394754871726036
118,alpha,,fx_level_z_252,0.026799680665135384
119,beta,momentum,,-0.02935027703642845
119,beta,persist,,0.09210700541734695
119,beta,underwater,,0.024188203737139702
119,B,momentum,kospi_return_1d,-0.00578724779188633
119,B,momentum,fx_level_z_252,-0.00046593675506301224
119,B,persist,kospi_return_1d,-0.020487744361162186
119,B,persist,fx_level_z_252,0.007935771718621254
119,B,underwater,kospi_return_1d,0.0002332729345653206
119,B,underwater,fx_level_z_252,-0.031102819368243217
119,alpha,,kospi_return_1d,0.016147548332810402
119,alpha,,fx_level_z_252,0.026543648913502693
120,beta,momentum,,-0.02919073775410652
120,beta,persist,,0.09230349212884903
120,beta,underwater,,0.023683173581957817
120,B,momentum,kospi_return_1d,-0.005602516233921051
120,B,momentum,fx_level_z_252,-0.0004341502208262682
120,B,persist,kospi_return_1d,-0.02078169584274292
120,B,persist,fx_level_z_252,0.008003617636859417
120,B,underwater,kospi_return_1d,0.0002778240595944226
120,B,underwater,fx_level_z_252,-0.0312822163105011
120,alpha,,kospi_return_1d,0.016027407720685005
120,alpha,,fx_level_z_252,0.0262028556317091
121,beta,momentum,,-0.028979280963540077
121,beta,persist,,0.09243138134479523
121,beta,underwater,,0.0233839713037014
121,B,momentum,kospi_return_1d,-0.005438420921564102
121,B,momentum,fx_level_z_252,-0.0004970669979229569
121,B,persist,kospi_return_1d,-0.020992515608668327
121,B,persist,fx_level_z_252,0.008266045711934566
121,B,underwater,kospi_return_1d,0.0001345063210465014
121,B,underwater,fx_level_z_252,-0.03129880502820015
121,alpha,,kospi_return_1d,0.015992144122719765
121,alpha,,fx_level_z_252,0.02608112059533596
122,beta,momentum,,-0.028751643374562263
122,beta,persist,,0.0925004780292511
122,beta,underwater,,0.02309177629649639
122,B,momentum,kospi_return_1d,-0.005157910753041506
122,B,momentum,fx_level_z_252,-0.0006757721421308815
122,B,persist,kospi_return_1d,-0.02103901281952858
122,B,persist,fx_level_z_252,0.008697250857949257
122,B,underwater,kospi_return_1d,-0.00019549232092685997
122,B,underwater,fx_level_z_252,-0.03134293481707573
122,alpha,,kospi_return_1d,0.016074342653155327
122,alpha,,fx_level_z_252,0.025892125442624092
123,beta,momentum,,-0.028460832312703133
123,beta,persist,,0.09249342978000641
123,beta,underwater,,0.02278759889304638
123,B,momentum,kospi_return_1d,-0.004773877095431089
123,B,momentum,fx_level_z_252,-0.0009372449130751193
123,B,persist,kospi_return_1d,-0.021237460896372795
123,B,persist,fx_level_z_252,0.009327277541160583
123,B,underwater,kospi_return_1d,-0.000698305491823703
123,B,underwater,fx_level_z_252,-0.03126863017678261
123,alpha,,kospi_return_1d,0.016253748908638954
123,alpha,,fx_level_z_252,0.02574593387544155
124,beta,momentum,,-0.028187448158860207
124,beta,persist,,0.09248504787683487
124,beta,underwater,,0.022482339292764664
124,B,momentum,kospi_return_1d,-0.004586180672049522
124,B,momentum,fx_level_z_252,-0.0011999732814729214
124,B,persist,kospi_return_1d,-0.021299265325069427
124,B,persist,fx_level_z_252,0.009962071664631367
124,B,underwater,kospi_return_1d,-0.0010348752839490771
124,B,underwater,fx_level_z_252,-0.03112129122018814
124,alpha,,kospi_return_1d,0.016364166513085365
124,alpha,,fx_level_z_252,0.025648148730397224
125,beta,momentum,,-0.02791980840265751
125,beta,persist,,0.09243690222501755
125,beta,underwater,,0.022228507325053215
125,B,momentum,kospi_return_1d,-0.0045593916438519955
125,B,momentum,fx_level_z_252,-0.0013542036758735776
125,B,persist,kospi_return_1d,-0.02105664275586605
125,B,persist,fx_level_z_252,0.010468012653291225
125,B,underwater,kospi_return_1d,-0.0012202684301882982
125,B,underwater,fx_level_z_252,-0.030984967947006226
125,alpha,,kospi_return_1d,0.016569511964917183
125,alpha,,fx_level_z_252,0.0254522617906332
126,beta,momentum,,-0.027808211743831635
126,beta,persist,,0.09242811053991318
126,beta,underwater,,0.022135421633720398
126,B,momentum,kospi_return_1d,-0.00483979657292366
126,B,momentum,fx_level_z_252,-0.0011871563037857413
126,B,persist,kospi_return_1d,-0.020562363788485527
126,B,persist,fx_level_z_252,0.010804161429405212
126,B,underwater,kospi_return_1d,-0.0012088100193068385
126,B,underwater,fx_level_z_252,-0.031029583886265755
126,alpha,,kospi_return_1d,0.016771838068962097
126,alpha,,fx_level_z_252,0.02533343806862831
127,beta,momentum,,-0.027593910694122314
127,beta,persist,,0.09243083745241165
127,beta,underwater,,0.022021446377038956
127,B,momentum,kospi_return_1d,-0.005061446223407984
127,B,momentum,fx_level_z_252,-0.0010511981090530753
127,B,persist,kospi_return_1d,-0.020123055204749107
127,B,persist,fx_level_z_252,0.010903764516115189
127,B,underwater,kospi_return_1d,-0.001117625623010099
127,B,underwater,fx_level_z_252,-0.031077753752470016
127,alpha,,kospi_return_1d,0.016763273626565933
127,alpha,,fx_level_z_252,0.02513108216226101
128,beta,momentum,,-0.027465492486953735
128,beta,persist,,0.09252674132585526
128,beta,underwater,,0.021960126236081123
128,B,momentum,kospi_return_1d,-0.005299110431224108
128,B,momentum,fx_level_z_252,-0.0009123915806412697
128,B,persist,kospi_return_1d,-0.01958734542131424
128,B,persist,fx_level_z_252,0.01075715385377407
128,B,underwater,kospi_return_1d,-0.0009760339744389057
128,B,underwater,fx_level_z_252,-0.03127596527338028
128,alpha,,kospi_return_1d,0.01667325757443905
128,alpha,,fx_level_z_252,0.02490226924419403
129,beta,momentum,,-0.02744637429714203
129,beta,persist,,0.09268519282341003
129,beta,underwater,,0.02197895385324955
129,B,momentum,kospi_return_1d,-0.005498637445271015
129,B,momentum,fx_level_z_252,-0.0006289042066782713
129,B,persist,kospi_return_1d,-0.01909862831234932
129,B,persist,fx_level_z_252,0.01066505815833807
129,B,underwater,kospi_return_1d,-0.0008362240623682737
129,B,underwater,fx_level_z_252,-0.03139478340744972
129,alpha,,kospi_return_1d,0.016544213518500328
129,alpha,,fx_level_z_252,0.024789582937955856
130,beta,momentum,,-0.027561143040657043
130,beta,persist,,0.09292761981487274
130,beta,underwater,,0.022116079926490784
130,B,momentum,kospi_return_1d,-0.005582926794886589
130,B,momentum,fx_level_z_252,-0.00025129172718152404
130,B,persist,kospi_return_1d,-0.018716201186180115
130,B,persist,fx_level_z_252,0.010470444336533546
130,B,underwater,kospi_return_1d,-0.0008316728053614497
130,B,underwater,fx_level_z_252,-0.031559254974126816
130,alpha,,kospi_return_1d,0.01640070229768753
130,alpha,,fx_level_z_252,0.024831466376781464
131,beta,momentum,,-0.0276687853038311
131,beta,persist,,0.09315222501754761
131,beta,underwater,,0.02226782590150833
131,B,momentum,kospi_return_1d,-0.005694904830306768
131,B,momentum,fx_level_z_252,8.121583960019052e-05
131,B,persist,kospi_return_1d,-0.01846494898200035
131,B,persist,fx_level_z_252,0.010394475422799587
131,B,underwater,kospi_return_1d,-0.0009662330849096179
131,B,underwater,fx_level_z_252,-0.03167726472020149
131,alpha,,kospi_return_1d,0.016225803643465042
131,alpha,,fx_level_z_252,0.024860665202140808
132,beta,momentum,,-0.027645116671919823
132,beta,persist,,0.09341280907392502
132,beta,underwater,,0.022419199347496033
132,B,momentum,kospi_return_1d,-0.005851704627275467
132,B,momentum,fx_level_z_252,0.0002152451197616756
132,B,persist,kospi_return_1d,-0.018100840970873833
132,B,persist,fx_level_z_252,0.010346655733883381
132,B,underwater,kospi_return_1d,-0.0010113967582583427
132,B,underwater,fx_level_z_252,-0.03164876997470856
132,alpha,,kospi_return_1d,0.015946822240948677
132,alpha,,fx_level_z_252,0.024902760982513428
133,beta,momentum,,-0.027627617120742798
133,beta,persist,,0.09365367144346237
133,beta,underwater,,0.02250514179468155
133,B,momentum,kospi_return_1d,-0.005931605119258165
133,B,momentum,fx_level_z_252,5.327630424289964e-05
133,B,persist,kospi_return_1d,-0.017742739990353584
133,B,persist,fx_level_z_252,0.010157683864235878
133,B,underwater,kospi_return_1d,-0.0009748482261784375
133,B,underwater,fx_level_z_252,-0.031499605625867844
133,alpha,,kospi_return_1d,0.015794994309544563
133,alpha,,fx_level_z_252,0.024997221305966377
134,beta,momentum,,-0.027687015011906624
134,beta,persist,,0.09391170740127563
134,beta,underwater,,0.02268335223197937
134,B,momentum,kospi_return_1d,-0.006046366412192583
134,B,momentum,fx_level_z_252,-7.711272337473929e-05
134,B,persist,kospi_return_1d,-0.017412375658750534
134,B,persist,fx_level_z_252,0.00996782910078764
134,B,underwater,kospi_return_1d,-0.0008944543660618365
134,B,underwater,fx_level_z_252,-0.03131487965583801
134,alpha,,kospi_return_1d,0.015539410524070263
134,alpha,,fx_level_z_252,0.025105442851781845
135,beta,momentum,,-0.02774040400981903
135,beta,persist,,0.09418736398220062
135,beta,underwater,,0.022873474285006523
135,B,momentum,kospi_return_1d,-0.006023613270372152
135,B,momentum,fx_level_z_252,-0.000359139870852232
135,B,persist,kospi_return_1d,-0.017256228253245354
135,B,persist,fx_level_z_252,0.00994523148983717
135,B,underwater,kospi_return_1d,-0.0007976018241606653
135,B,underwater,fx_level_z_252,-0.03082961030304432
135,alpha,,kospi_return_1d,0.015272361226379871
135,alpha,,fx_level_z_252,0.025227276608347893
136,beta,momentum,,-0.027653362601995468
136,beta,persist,,0.09432099014520645
136,beta,underwater,,0.022999169304966927
136,B,momentum,kospi_return_1d,-0.006025867071002722
136,B,momentum,fx_level_z_252,-0.000629253510851413
136,B,persist,kospi_return_1d,-0.0172202680259943
136,B,persist,fx_level_z_252,0.01008693128824234
136,B,underwater,kospi_return_1d,-0.000648351211566478
136,B,underwater,fx_level_z_252,-0.030404703691601753
136,alpha,,kospi_return_1d,0.0152199137955904
136,alpha,,fx_level_z_252,0.025248685851693153
137,beta,momentum,,-0.02761526219546795
137,beta,persist,,0.09442246705293655
137,beta,underwater,,0.023143768310546875
137,B,momentum,kospi_return_1d,-0.0061306036077439785
137,B,momentum,fx_level_z_252,-0.0007683843723498285
137,B,persist,kospi_return_1d,-0.017297936603426933
137,B,persist,fx_level_z_252,0.010157964192330837
137,B,underwater,kospi_return_1d,-0.0005399026558734477
137,B,underwater,fx_level_z_252,-0.030082661658525467
137,alpha,,kospi_return_1d,0.015243900939822197
137,alpha,,fx_level_z_252,0.025252684950828552
138,beta,momentum,,-0.02762371301651001
138,beta,persist,,0.09462866187095642
138,beta,underwater,,0.023350272327661514
138,B,momentum,kospi_return_1d,-0.006075234618037939
138,B,momentum,fx_level_z_252,-0.0008426817948929965
138,B,persist,kospi_return_1d,-0.017268650233745575
138,B,persist,fx_level_z_252,0.010069483891129494
138,B,underwater,kospi_return_1d,-0.00035375382867641747
138,B,underwater,fx_level_z_252,-0.029832830652594566
138,alpha,,kospi_return_1d,0.015137790702283382
138,alpha,,fx_level_z_252,0.02548128180205822
139,beta,momentum,,-0.027713341638445854
139,beta,persist,,0.09487203508615494
139,beta,underwater,,0.02345423959195614
139,B,momentum,kospi_return_1d,-0.005980879068374634
139,B,momentum,fx_level_z_252,-0.0007025069207884371
139,B,persist,kospi_return_1d,-0.017248021438717842
139,B,persist,fx_level_z_252,0.009832068346440792
139,B,underwater,kospi_return_1d,-7.633358472958207e-05
139,B,underwater,fx_level_z_252,-0.02983866259455681
139,alpha,,kospi_return_1d,0.015033604577183723
139,alpha,,fx_level_z_252,0.025719573721289635
140,beta,momentum,,-0.027685286477208138
140,beta,persist,,0.09496819227933884
140,beta,underwater,,0.02346641942858696
140,B,momentum,kospi_return_1d,-0.0058397334069013596
140,B,momentum,fx_level_z_252,-0.0006347655435092747
140,B,persist,kospi_return_1d,-0.017374539747834206
140,B,persist,fx_level_z_252,0.009641156531870365
140,B,underwater,kospi_return_1d,0.00017550154007039964
140,B,underwater,fx_level_z_252,-0.02987494505941868
140,alpha,,kospi_return_1d,0.015096799470484257
140,alpha,,fx_level_z_252,0.025761155411601067
141,beta,momentum,,-0.027707578614354134
141,beta,persist,,0.09500139951705933
141,beta,underwater,,0.023543581366539
141,B,momentum,kospi_return_1d,-0.005758814979344606
141,B,momentum,fx_level_z_252,-0.0006230472354218364
141,B,persist,kospi_return_1d,-0.017457332462072372
141,B,persist,fx_level_z_252,0.009437239728868008
141,B,underwater,kospi_return_1d,0.0004290972137823701
141,B,underwater,fx_level_z_252,-0.029976384714245796
141,alpha,,kospi_return_1d,0.015344265848398209
141,alpha,,fx_level_z_252,0.0258061233907938
142,beta,momentum,,-0.02772875316441059
142,beta,persist,,0.09499987214803696
142,beta,underwater,,0.0236273854970932
142,B,momentum,kospi_return_1d,-0.005500240251421928
142,B,momentum,fx_level_z_252,-0.0006251081358641386
142,B,persist,kospi_return_1d,-0.017826665192842484
142,B,persist,fx_level_z_252,0.009340609423816204
142,B,underwater,kospi_return_1d,0.00039373303297907114
142,B,underwater,fx_level_z_252,-0.030032848939299583
142,alpha,,kospi_return_1d,0.015545320697128773
142,alpha,,fx_level_z_252,0.02570609748363495
143,beta,momentum,,-0.027710018679499626
143,beta,persist,,0.09499752521514893
143,beta,underwater,,0.02375417947769165
143,B,momentum,kospi_return_1d,-0.005314267706125975
143,B,momentum,fx_level_z_252,-0.0007154302438721061
143,B,persist,kospi_return_1d,-0.017930787056684494
143,B,persist,fx_level_z_252,0.009346431121230125
143,B,underwater,kospi_return_1d,0.0002591045922599733
143,B,underwater,fx_level_z_252,-0.029995441436767578
143,alpha,,kospi_return_1d,0.015715619549155235
143,alpha,,fx_level_z_252,0.02575530670583248
144,beta,momentum,,-0.02771102264523506
144,beta,persist,,0.0950080156326294
144,beta,underwater,,0.023894045501947403
144,B,momentum,kospi_return_1d,-0.005233548115938902
144,B,momentum,fx_level_z_252,-0.000688452972099185
144,B,persist,kospi_return_1d,-0.01791711524128914
144,B,persist,fx_level_z_252,0.009322620928287506
144,B,underwater,kospi_return_1d,4.320805601309985e-06
144,B,underwater,fx_level_z_252,-0.029978230595588684
144,alpha,,kospi_return_1d,0.015770720317959785
144,alpha,,fx_level_z_252,0.025667212903499603
145,beta,momentum,,-0.02767336182296276
145,beta,persist,,0.09500449150800705
145,beta,underwater,,0.024081232026219368
145,B,momentum,kospi_return_1d,-0.005238044541329145
145,B,momentum,fx_level_z_252,-0.0006385762244462967
145,B,persist,kospi_return_1d,-0.018018843606114388
145,B,persist,fx_level_z_252,0.00942804105579853
145,B,underwater,kospi_return_1d,-0.00025938882026821375
145,B,underwater,fx_level_z_252,-0.029914509505033493
145,alpha,,kospi_return_1d,0.015854449942708015
145,alpha,,fx_level_z_252,0.02557014487683773
146,beta,momentum,,-0.02761075273156166
146,beta,persist,,0.09497006982564926
146,beta,underwater,,0.024222103878855705
146,B,momentum,kospi_return_1d,-0.005288255866616964
146,B,momentum,fx_level_z_252,-0.0006709983572363853
146,B,persist,kospi_return_1d,-0.01813155598938465
146,B,persist,fx_level_z_252,0.009514243341982365
146,B,underwater,kospi_return_1d,-0.0006269656005315483
146,B,underwater,fx_level_z_252,-0.029933691024780273
146,alpha,,kospi_return_1d,0.016197266057133675
146,alpha,,fx_level_z_252,0.02567433938384056
147,beta,momentum,,-0.027565136551856995
147,beta,persist,,0.09499717503786087
147,beta,underwater,,0.0244427639991045
147,B,momentum,kospi_return_1d,-0.005233608651906252
147,B,momentum,fx_level_z_252,-0.0006560671026818454
147,B,persist,kospi_return_1d,-0.018086742609739304
147,B,persist,fx_level_z_252,0.009607906453311443
147,B,underwater,kospi_return_1d,-0.000916368211619556
147,B,underwater,fx_level_z_252,-0.029858188703656197
147,alpha,,kospi_return_1d,0.01647001877427101
147,alpha,,fx_level_z_252,0.025791041553020477
148,beta,momentum,,-0.027586042881011963
148,beta,persist,,0.09509013593196869
148,beta,underwater,,0.024730945006012917
148,B,momentum,kospi_return_1d,-0.005063611548393965
148,B,momentum,fx_level_z_252,-0.0006455061957240105
148,B,persist,kospi_return_1d,-0.017957739531993866
148,B,persist,fx_level_z_252,0.009703479707241058
148,B,underwater,kospi_return_1d,-0.0011826127301901579
148,B,underwater,fx_level_z_252,-0.029740704223513603
148,alpha,,kospi_return_1d,0.016615549102425575
148,alpha,,fx_level_z_252,0.02586013823747635
149,beta,momentum,,-0.027619926258921623
149,beta,persist,,0.095189169049263
149,beta,underwater,,0.02495821751654148
149,B,momentum,kospi_return_1d,-0.0050529721193015575
149,B,momentum,fx_level_z_252,-0.0005794564494863153
149,B,persist,kospi_return_1d,-0.01793580874800682
149,B,persist,fx_level_z_252,0.009560487233102322
149,B,underwater,kospi_return_1d,-0.0014790208078920841
149,B,underwater,fx_level_z_252,-0.0294745285063982
149,alpha,,kospi_return_1d,0.016802199184894562
149,alpha,,fx_level_z_252,0.025920869782567024
150,beta,momentum,,-0.027733365073800087
150,beta,persist,,0.09520773589611053
150,beta,underwater,,0.0251174196600914
150,B,momentum,kospi_return_1d,-0.005174670834094286
150,B,momentum,fx_level_z_252,-0.0004862654022872448
150,B,persist,kospi_return_1d,-0.01793808490037918
150,B,persist,fx_level_z_252,0.009490960277616978
150,B,underwater,kospi_return_1d,-0.0015858820406720042
150,B,underwater,fx_level_z_252,-0.029473643749952316
150,alpha,,kospi_return_1d,0.017275407910346985
150,alpha,,fx_level_z_252,0.026097383350133896
151,beta,momentum,,-0.027771836146712303
151,beta,persist,,0.09530116617679596
151,beta,underwater,,0.02521085925400257
151,B,momentum,kospi_return_1d,-0.005258155986666679
151,B,momentum,fx_level_z_252,-0.0003942501498386264
151,B,persist,kospi_return_1d,-0.018159108236432076
151,B,persist,fx_level_z_252,0.00952506996691227
151,B,underwater,kospi_return_1d,-0.0016443668864667416
151,B,underwater,fx_level_z_252,-0.02961493283510208
151,alpha,,kospi_return_1d,0.017501506954431534
151,alpha,,fx_level_z_252,0.0261349119246006
152,beta,momentum,,-0.02784060500562191
152,beta,persist,,0.09544960409402847
152,beta,underwater,,0.025310533121228218
152,B,momentum,kospi_return_1d,-0.005300919525325298
152,B,momentum,fx_level_z_252,-0.00023887064890004694
152,B,persist,kospi_return_1d,-0.018235454335808754
152,B,persist,fx_level_z_252,0.009410650469362736
152,B,underwater,kospi_return_1d,-0.0016276275273412466
152,B,underwater,fx_level_z_252,-0.029788818210363388
152,alpha,,kospi_return_1d,0.01763622649013996
152,alpha,,fx_level_z_252,0.02621161751449108
153,beta,momentum,,-0.0278499536216259
153,beta,persist,,0.0955919697880745
153,beta,underwater,,0.025430185720324516
153,B,momentum,kospi_return_1d,-0.0055097839795053005
153,B,momentum,fx_level_z_252,-0.00016287711332552135
153,B,persist,kospi_return_1d,-0.018088484182953835
153,B,persist,fx_level_z_252,0.009346412494778633
153,B,underwater,kospi_return_1d,-0.0014733747811987996
153,B,underwater,fx_level_z_252,-0.029918579384684563
153,alpha,,kospi_return_1d,0.01773534156382084
153,alpha,,fx_level_z_252,0.026284005492925644
154,beta,momentum,,-0.027788478881120682
154,beta,persist,,0.09567944705486298
154,beta,underwater,,0.025369752198457718
154,B,momentum,kospi_return_1d,-0.005724336951971054
154,B,momentum,fx_level_z_252,6.211019353941083e-05
154,B,persist,kospi_return_1d,-0.018049592152237892
154,B,persist,fx_level_z_252,0.009280855767428875
154,B,underwater,kospi_return_1d,-0.001297284965403378
154,B,underwater,fx_level_z_252,-0.030412768945097923
154,alpha,,kospi_return_1d,0.017823126167058945
154,alpha,,fx_level_z_252,0.02634027972817421
155,beta,momentum,,-0.02763906866312027
155,beta,persist,,0.0956992506980896
155,beta,underwater,,0.025180010125041008
155,B,momentum,kospi_return_1d,-0.005695794243365526
155,B,momentum,fx_level_z_252,-7.46564328437671e-05
155,B,persist,kospi_return_1d,-0.01819724030792713
155,B,persist,fx_level_z_252,0.009397301822900772
155,B,underwater,kospi_return_1d,-0.0011501000262796879
155,B,underwater,fx_level_z_252,-0.030673794448375702
155,alpha,,kospi_return_1d,0.017880771309137344
155,alpha,,fx_level_z_252,0.026127679273486137
156,beta,momentum,,-0.02743167243897915
156,beta,persist,,0.09566431492567062
156,beta,underwater,,0.02495765872299671
156,B,momentum,kospi_return_1d,-0.005551076028496027
156,B,momentum,fx_level_z_252,-0.0002484496799297631
156,B,persist,kospi_return_1d,-0.018329359591007233
156,B,persist,fx_level_z_252,0.00968610867857933
156,B,underwater,kospi_return_1d,-0.0010033919243142009
156,B,underwater,fx_level_z_252,-0.030831579118967056
156,alpha,,kospi_return_1d,0.017945867031812668
156,alpha,,fx_level_z_252,0.02590244822204113
157,beta,momentum,,-0.027194205671548843
157,beta,persist,,0.09568406641483307
157,beta,underwater,,0.02469298057258129
157,B,momentum,kospi_return_1d,-0.0053159804083406925
157,B,momentum,fx_level_z_252,-0.0003457162238191813
157,B,persist,kospi_return_1d,-0.018472371622920036
157,B,persist,fx_level_z_252,0.00976492092013359
157,B,underwater,kospi_return_1d,-0.0008395147742703557
157,B,underwater,fx_level_z_252,-0.031060287728905678
157,alpha,,kospi_return_1d,0.017921065911650658
157,alpha,,fx_level_z_252,0.02574644610285759
158,beta,momentum,,-0.027055947110056877
158,beta,persist,,0.09577338397502899
158,beta,underwater,,0.024426622316241264
158,B,momentum,kospi_return_1d,-0.005198491737246513
158,B,momentum,fx_level_z_252,-0.00042319216299802065
158,B,persist,kospi_return_1d,-0.01854504831135273
158,B,persist,fx_level_z_252,0.009745012037456036
158,B,underwater,kospi_return_1d,-0.0006354569923132658
158,B,underwater,fx_level_z_252,-0.031426768749952316
158,alpha,,kospi_return_1d,0.01788547821342945
158,alpha,,fx_level_z_252,0.02559916116297245
159,beta,momentum,,-0.027113191783428192
159,beta,persist,,0.09594015777111053
159,beta,underwater,,0.024303194135427475
159,B,momentum,kospi_return_1d,-0.005288712214678526
159,B,momentum,fx_level_z_252,-0.0005006809951737523
159,B,persist,kospi_return_1d,-0.01856987364590168
159,B,persist,fx_level_z_252,0.009658247232437134
159,B,underwater,kospi_return_1d,-0.0004193600034341216
159,B,underwater,fx_level_z_252,-0.03163782134652138
159,alpha,,kospi_return_1d,0.017745960503816605
159,alpha,,fx_level_z_252,0.025536388158798218
160,beta,momentum,,-0.02717665210366249
160,beta,persist,,0.0960599035024643
160,beta,underwater,,0.024173730984330177
160,B,momentum,kospi_return_1d,-0.005340266972780228
160,B,momentum,fx_level_z_252,-0.0006201569922268391
160,B,persist,kospi_return_1d,-0.0186195969581604
160,B,persist,fx_level_z_252,0.00969435553997755
160,B,underwater,kospi_return_1d,-0.000347649009199813
160,B,underwater,fx_level_z_252,-0.03161855414509773
160,alpha,,kospi_return_1d,0.017615940421819687
160,alpha,,fx_level_z_252,0.0254217442125082
161,beta,momentum,,-0.027178997173905373
161,beta,persist,,0.096171073615551
161,beta,underwater,,0.024084826931357384
161,B,momentum,kospi_return_1d,-0.005487476475536823
161,B,momentum,fx_level_z_252,-0.0005601926823146641
161,B,persist,kospi_return_1d,-0.01848655566573143
161,B,persist,fx_level_z_252,0.009761041030287743
161,B,underwater,kospi_return_1d,-0.0001854778965935111
161,B,underwater,fx_level_z_252,-0.03162088617682457
161,alpha,,kospi_return_1d,0.01743783988058567
161,alpha,,fx_level_z_252,0.025180503726005554
162,beta,momentum,,-0.027251610532402992
162,beta,persist,,0.09627657383680344
162,beta,underwater,,0.024029407650232315
162,B,momentum,kospi_return_1d,-0.005713449325412512
162,B,momentum,fx_level_z_252,-0.00047162643750198185
162,B,persist,kospi_return_1d,-0.018325507640838623
162,B,persist,fx_level_z_252,0.009925668127834797
162,B,underwater,kospi_return_1d,8.988287299871445e-05
162,B,underwater,fx_level_z_252,-0.03161778301000595
162,alpha,,kospi_return_1d,0.01720941811800003
162,alpha,,fx_level_z_252,0.025091812014579773
163,beta,momentum,,-0.02727678045630455
163,beta,persist,,0.09632597863674164
163,beta,underwater,,0.023935355246067047
163,B,momentum,kospi_return_1d,-0.005897600203752518
163,B,momentum,fx_level_z_252,-0.0003578868927434087
163,B,persist,kospi_return_1d,-0.01815963163971901
163,B,persist,fx_level_z_252,0.00980239175260067
163,B,underwater,kospi_return_1d,0.00024268243578262627
163,B,underwater,fx_level_z_252,-0.0315367765724659
163,alpha,,kospi_return_1d,0.017141088843345642
163,alpha,,fx_level_z_252,0.024968592450022697
164,beta,momentum,,-0.027292370796203613
164,beta,persist,,0.09626930952072144
164,beta,underwater,,0.02376694232225418
164,B,momentum,kospi_return_1d,-0.005924927536398172
164,B,momentum,fx_level_z_252,-0.00030410289764404297
164,B,persist,kospi_return_1d,-0.018009481951594353
164,B,persist,fx_level_z_252,0.00977097824215889
164,B,underwater,kospi_return_1d,0.000169036298757419
164,B,underwater,fx_level_z_252,-0.0314725860953331
164,alpha,,kospi_return_1d,0.017306454479694366
164,alpha,,fx_level_z_252,0.024846410378813744
165,beta,momentum,,-0.027382729575037956
165,beta,persist,,0.09623625129461288
165,beta,underwater,,0.023631231859326363
165,B,momentum,kospi_return_1d,-0.00601175706833601
165,B,momentum,fx_level_z_252,-0.00032856338657438755
165,B,persist,kospi_return_1d,-0.017891835421323776
165,B,persist,fx_level_z_252,0.009870084002614021
165,B,underwater,kospi_return_1d,-7.38776579964906e-05
165,B,underwater,fx_level_z_252,-0.03134245052933693
165,alpha,,kospi_return_1d,0.017489664256572723
165,alpha,,fx_level_z_252,0.02474125660955906
166,beta,momentum,,-0.02744780294597149
166,beta,persist,,0.09620458632707596
166,beta,underwater,,0.02356627769768238
166,B,momentum,kospi_return_1d,-0.00578049011528492
166,B,momentum,fx_level_z_252,-0.00037929066456854343
166,B,persist,kospi_return_1d,-0.017940793186426163
166,B,persist,fx_level_z_252,0.009971755556762218
166,B,underwater,kospi_return_1d,-0.0005142674199305475
166,B,underwater,fx_level_z_252,-0.031133944168686867
166,alpha,,kospi_return_1d,0.017557067796587944
166,alpha,,fx_level_z_252,0.024817094206809998
167,beta,momentum,,-0.027481526136398315
167,beta,persist,,0.09613815695047379
167,beta,underwater,,0.02353096939623356
167,B,momentum,kospi_return_1d,-0.005353255197405815
167,B,momentum,fx_level_z_252,-0.0004469530249480158
167,B,persist,kospi_return_1d,-0.018039235845208168
167,B,persist,fx_level_z_252,0.01004852820187807
167,B,underwater,kospi_return_1d,-0.0008610234363004565
167,B,underwater,fx_level_z_252,-0.03113476186990738
167,alpha,,kospi_return_1d,0.01763525791466236
167,alpha,,fx_level_z_252,0.024910733103752136
168,beta,momentum,,-0.027441322803497314
168,beta,persist,,0.09608270227909088
168,beta,underwater,,0.02343880385160446
168,B,momentum,kospi_return_1d,-0.004926965571939945
168,B,momentum,fx_level_z_252,-0.00047826505033299327
168,B,persist,kospi_return_1d,-0.018308470025658607
168,B,persist,fx_level_z_252,0.010049317963421345
168,B,underwater,kospi_return_1d,-0.0012316228821873665
168,B,underwater,fx_level_z_252,-0.03117195889353752
168,alpha,,kospi_return_1d,0.017660196870565414
168,alpha,,fx_level_z_252,0.025001561269164085
169,beta,momentum,,-0.02741757221519947
169,beta,persist,,0.09601981937885284
169,beta,underwater,,0.02335543744266033
169,B,momentum,kospi_return_1d,-0.004476598929613829
169,B,momentum,fx_level_z_252,-0.0003994370927102864
169,B,persist,kospi_return_1d,-0.018688399344682693
169,B,persist,fx_level_z_252,0.010024107061326504
169,B,underwater,kospi_return_1d,-0.0016117275226861238
169,B,underwater,fx_level_z_252,-0.031192757189273834
169,alpha,,kospi_return_1d,0.017779726535081863
169,alpha,,fx_level_z_252,0.024927888065576553
170,beta,momentum,,-0.027372172102332115
170,beta,persist,,0.09601825475692749
170,beta,underwater,,0.02323363721370697
170,B,momentum,kospi_return_1d,-0.004237656947225332
170,B,momentum,fx_level_z_252,-0.00027978798607364297
170,B,persist,kospi_return_1d,-0.018889550119638443
170,B,persist,fx_level_z_252,0.009985378943383694
170,B,underwater,kospi_return_1d,-0.001950063626281917
170,B,underwater,fx_level_z_252,-0.031210513785481453
170,alpha,,kospi_return_1d,0.01794510707259178
170,alpha,,fx_level_z_252,0.025002192705869675
171,beta,momentum,,-0.027357351034879684
171,beta,persist,,0.09599476307630539
171,beta,underwater,,0.023090524598956108
171,B,momentum,kospi_return_1d,-0.0041679563000798225
171,B,momentum,fx_level_z_252,-0.00012092298129573464
171,B,persist,kospi_return_1d,-0.01906978152692318
171,B,persist,fx_level_z_252,0.00993673037737608
171,B,underwater,kospi_return_1d,-0.002112295478582382
171,B,underwater,fx_level_z_252,-0.03137292340397835
171,alpha,,kospi_return_1d,0.018237626180052757
171,alpha,,fx_level_z_252,0.025195561349391937
172,beta,momentum,,-0.02738698571920395
172,beta,persist,,0.09611008316278458
172,beta,underwater,,0.023090209811925888
172,B,momentum,kospi_return_1d,-0.004272044636309147
172,B,momentum,fx_level_z_252,5.457880615722388e-05
172,B,persist,kospi_return_1d,-0.01904187723994255
172,B,persist,fx_level_z_252,0.009627277962863445
172,B,underwater,kospi_return_1d,-0.0020729938987642527
172,B,underwater,fx_level_z_252,-0.031533416360616684
172,alpha,,kospi_return_1d,0.01831793412566185
172,alpha,,fx_level_z_252,0.025397246703505516
173,beta,momentum,,-0.02746746689081192
173,beta,persist,,0.09619218111038208
173,beta,underwater,,0.023148443549871445
173,B,momentum,kospi_return_1d,-0.00449518533423543
173,B,momentum,fx_level_z_252,0.00010263374133501202
173,B,persist,kospi_return_1d,-0.018792087212204933
173,B,persist,fx_level_z_252,0.009277616627514362
173,B,underwater,kospi_return_1d,-0.001883285935036838
173,B,underwater,fx_level_z_252,-0.03178255259990692
173,alpha,,kospi_return_1d,0.01847972348332405
173,alpha,,fx_level_z_252,0.025554584339261055
174,beta,momentum,,-0.027541233226656914
174,beta,persist,,0.0963229089975357
174,beta,underwater,,0.023262476548552513
174,B,momentum,kospi_return_1d,-0.004788323771208525
174,B,momentum,fx_level_z_252,5.8677687775343657e-05
174,B,persist,kospi_return_1d,-0.018583474680781364
174,B,persist,fx_level_z_252,0.008921678178012371
174,B,underwater,kospi_return_1d,-0.0016795321134850383
174,B,underwater,fx_level_z_252,-0.03194616362452507
174,alpha,,kospi_return_1d,0.01857452280819416
174,alpha,,fx_level_z_252,0.025669502094388008
175,beta,momentum,,-0.027683258056640625
175,beta,persist,,0.09650052338838577
175,beta,underwater,,0.02336217276751995
175,B,momentum,kospi_return_1d,-0.005137231666594744
175,B,momentum,fx_level_z_252,2.2165884729474783e-05
175,B,persist,kospi_return_1d,-0.018367841839790344
175,B,persist,fx_level_z_252,0.008643046952784061
175,B,underwater,kospi_return_1d,-0.0015708565479144454
175,B,underwater,fx_level_z_252,-0.03223883733153343
175,alpha,,kospi_return_1d,0.01871342584490776
175,alpha,,fx_level_z_252,0.025729982182383537
176,beta,momentum,,-0.027714328840374947
176,beta,persist,,0.09672142565250397
176,beta,underwater,,0.023413823917508125
176,B,momentum,kospi_return_1d,-0.005279961973428726
176,B,momentum,fx_level_z_252,-0.00011678576993290335
176,B,persist,kospi_return_1d,-0.01820065639913082
176,B,persist,fx_level_z_252,0.008281707763671875
176,B,underwater,kospi_return_1d,-0.0015901686856523156
176,B,underwater,fx_level_z_252,-0.032447658479213715
176,alpha,,kospi_return_1d,0.018806088715791702
176,alpha,,fx_level_z_252,0.025740521028637886
177,beta,momentum,,-0.02787526696920395
177,beta,persist,,0.09697874635457993
177,beta,underwater,,0.02357407845556736
177,B,momentum,kospi_return_1d,-0.005683223716914654
177,B,momentum,fx_level_z_252,-0.00026460346998646855
177,B,persist,kospi_return_1d,-0.018000304698944092
177,B,persist,fx_level_z_252,0.007976812310516834
177,B,underwater,kospi_return_1d,-0.001455359742976725
177,B,underwater,fx_level_z_252,-0.0326206348836422
177,alpha,,kospi_return_1d,0.018812254071235657
177,alpha,,fx_level_z_252,0.025888964533805847
178,beta,momentum,,-0.028036130592226982
178,beta,persist,,0.09724365174770355
178,beta,underwater,,0.023817235603928566
178,B,momentum,kospi_return_1d,-0.006083915010094643
178,B,momentum,fx_level_z_252,-0.00046937516890466213
178,B,persist,kospi_return_1d,-0.017921173945069313
178,B,persist,fx_level_z_252,0.0077587938867509365
178,B,underwater,kospi_return_1d,-0.0013542412780225277
178,B,underwater,fx_level_z_252,-0.03269903361797333
178,alpha,,kospi_return_1d,0.0188373401761055
178,alpha,,fx_level_z_252,0.026054365560412407
179,beta,momentum,,-0.028226032853126526
179,beta,persist,,0.09740594029426575
179,beta,underwater,,0.02401154115796089
179,B,momentum,kospi_return_1d,-0.006461534183472395
179,B,momentum,fx_level_z_252,-0.0005455977516248822
179,B,persist,kospi_return_1d,-0.01776258833706379
179,B,persist,fx_level_z_252,0.007732930593192577
179,B,underwater,kospi_return_1d,-0.0011331168934702873
179,B,underwater,fx_level_z_252,-0.03275454044342041
179,alpha,,kospi_return_1d,0.0189384613186121
179,alpha,,fx_level_z_252,0.02613077312707901
180,beta,momentum,,-0.02845050022006035
180,beta,persist,,0.09751425683498383
180,beta,underwater,,0.024293184280395508
180,B,momentum,kospi_return_1d,-0.006615396123379469
180,B,momentum,fx_level_z_252,-0.0006329462630674243
180,B,persist,kospi_return_1d,-0.017541877925395966
180,B,persist,fx_level_z_252,0.007845893502235413
180,B,underwater,kospi_return_1d,-0.0011702185729518533
180,B,underwater,fx_level_z_252,-0.03262285888195038
180,alpha,,kospi_return_1d,0.019123194739222527
180,alpha,,fx_level_z_252,0.026221496984362602
181,beta,momentum,,-0.028756234794855118
181,beta,persist,,0.09758851677179337
181,beta,underwater,,0.0245831161737442
181,B,momentum,kospi_return_1d,-0.006906666327267885
181,B,momentum,fx_level_z_252,-0.0007274302188307047
181,B,persist,kospi_return_1d,-0.017245108261704445
181,B,persist,fx_level_z_252,0.00802027527242899
181,B,underwater,kospi_return_1d,-0.0013694294029846787
181,B,underwater,fx_level_z_252,-0.03240683302283287
181,alpha,,kospi_return_1d,0.019445404410362244
181,alpha,,fx_level_z_252,0.02650439739227295
182,beta,momentum,,-0.02900402434170246
182,beta,persist,,0.09766345471143723
182,beta,underwater,,0.0248391292989254
182,B,momentum,kospi_return_1d,-0.006870557088404894
182,B,momentum,fx_level_z_252,-0.0009133943822234869
182,B,persist,kospi_return_1d,-0.017160773277282715
182,B,persist,fx_level_z_252,0.008280172012746334
182,B,underwater,kospi_return_1d,-0.0017355779418721795
182,B,underwater,fx_level_z_252,-0.03198150545358658
182,alpha,,kospi_return_1d,0.019815698266029358
182,alpha,,fx_level_z_252,0.02678615041077137
183,beta,momentum,,-0.02916436828672886
183,beta,persist,,0.09781499207019806
183,beta,underwater,,0.025042880326509476
183,B,momentum,kospi_return_1d,-0.006806859280914068
183,B,momentum,fx_level_z_252,-0.0011937877861782908
183,B,persist,kospi_return_1d,-0.01720796525478363
183,B,persist,fx_level_z_252,0.008589844219386578
183,B,underwater,kospi_return_1d,-0.001865060068666935
183,B,underwater,fx_level_z_252,-0.03153287246823311
183,alpha,,kospi_return_1d,0.01994803361594677
183,alpha,,fx_level_z_252,0.026905961334705353
184,beta,momentum,,-0.029263006523251534
184,beta,persist,,0.0978986993432045
184,beta,underwater,,0.025253942236304283
184,B,momentum,kospi_return_1d,-0.006607819814234972
184,B,momentum,fx_level_z_252,-0.0014011936727911234
184,B,persist,kospi_return_1d,-0.01730799674987793
184,B,persist,fx_level_z_252,0.008947051130235195
184,B,underwater,kospi_return_1d,-0.0019175087800249457
184,B,underwater,fx_level_z_252,-0.03105497732758522
184,alpha,,kospi_return_1d,0.02009623683989048
184,alpha,,fx_level_z_252,0.02713114582002163
185,beta,momentum,,-0.02941024675965309
185,beta,persist,,0.09792148321866989
185,beta,underwater,,0.02538205496966839
185,B,momentum,kospi_return_1d,-0.006532613653689623
185,B,momentum,fx_level_z_252,-0.0015448499470949173
185,B,persist,kospi_return_1d,-0.017341922968626022
185,B,persist,fx_level_z_252,0.009339610114693642
185,B,underwater,kospi_return_1d,-0.0016996691701933742
185,B,underwater,fx_level_z_252,-0.030723167583346367
185,alpha,,kospi_return_1d,0.020213643088936806
185,alpha,,fx_level_z_252,0.02731180191040039
186,beta,momentum,,-0.029435567557811737
186,beta,persist,,0.09791106730699539
186,beta,underwater,,0.02538624219596386
186,B,momentum,kospi_return_1d,-0.006419909652322531
186,B,momentum,fx_level_z_252,-0.0017650107620283961
186,B,persist,kospi_return_1d,-0.017582496628165245
186,B,persist,fx_level_z_252,0.009802372194826603
186,B,underwater,kospi_return_1d,-0.0015892995288595557
186,B,underwater,fx_level_z_252,-0.0303769763559103
186,alpha,,kospi_return_1d,0.02028813585639
186,alpha,,fx_level_z_252,0.027239201590418816
187,beta,momentum,,-0.029444951564073563
187,beta,persist,,0.09792407602071762
187,beta,underwater,,0.025219766423106194
187,B,momentum,kospi_return_1d,-0.006461072247475386
187,B,momentum,fx_level_z_252,-0.0016915122978389263
187,B,persist,kospi_return_1d,-0.017825208604335785
187,B,persist,fx_level_z_252,0.010075860656797886
187,B,underwater,kospi_return_1d,-0.0013884732034057379
187,B,underwater,fx_level_z_252,-0.03036143258213997
187,alpha,,kospi_return_1d,0.020402707159519196
187,alpha,,fx_level_z_252,0.027169058099389076
188,beta,momentum,,-0.02940448746085167
188,beta,persist,,0.09786000102758408
188,beta,underwater,,0.02504025585949421
188,B,momentum,kospi_return_1d,-0.006469666957855225
188,B,momentum,fx_level_z_252,-0.001662231283262372
188,B,persist,kospi_return_1d,-0.0180714949965477
188,B,persist,fx_level_z_252,0.010238842107355595
188,B,underwater,kospi_return_1d,-0.001184221706353128
188,B,underwater,fx_level_z_252,-0.030408939346671104
188,alpha,,kospi_return_1d,0.020459413528442383
188,alpha,,fx_level_z_252,0.027070745825767517
189,beta,momentum,,-0.02947009541094303
189,beta,persist,,0.09788386523723602
189,beta,underwater,,0.024984467774629593
189,B,momentum,kospi_return_1d,-0.006718790158629417
189,B,momentum,fx_level_z_252,-0.0014859432121738791
189,B,persist,kospi_return_1d,-0.01820480264723301
189,B,persist,fx_level_z_252,0.010234843008220196
189,B,underwater,kospi_return_1d,-0.001071075676009059
189,B,underwater,fx_level_z_252,-0.030567508190870285
189,alpha,,kospi_return_1d,0.02036631479859352
189,alpha,,fx_level_z_252,0.027036741375923157
190,beta,momentum,,-0.029557785019278526
190,beta,persist,,0.097877636551857
190,beta,underwater,,0.02486199140548706
190,B,momentum,kospi_return_1d,-0.006825192365795374
190,B,momentum,fx_level_z_252,-0.001073011546395719
190,B,persist,kospi_return_1d,-0.018337134271860123
190,B,persist,fx_level_z_252,0.010171175003051758
190,B,underwater,kospi_return_1d,-0.0011403021635487676
190,B,underwater,fx_level_z_252,-0.030797302722930908
190,alpha,,kospi_return_1d,0.020109865814447403
190,alpha,,fx_level_z_252,0.026957860216498375
191,beta,momentum,,-0.029710019007325172
191,beta,persist,,0.09790404886007309
191,beta,underwater,,0.024749264121055603
191,B,momentum,kospi_return_1d,-0.0067086475901305676
191,B,momentum,fx_level_z_252,-0.0005754866288043559
191,B,persist,kospi_return_1d,-0.018544113263487816
191,B,persist,fx_level_z_252,0.010021902620792389
191,B,underwater,kospi_return_1d,-0.001382787013426423
191,B,underwater,fx_level_z_252,-0.031059838831424713
191,alpha,,kospi_return_1d,0.019859515130519867
191,alpha,,fx_level_z_252,0.02692163549363613
192,beta,momentum,,-0.029588600620627403
192,beta,persist,,0.09787745773792267
192,beta,underwater,,0.024513114243745804
192,B,momentum,kospi_return_1d,-0.006821277551352978
192,B,momentum,fx_level_z_252,-0.00017563979781698436
192,B,persist,kospi_return_1d,-0.018612124025821686
192,B,persist,fx_level_z_252,0.009751266799867153
192,B,underwater,kospi_return_1d,-0.0015248642303049564
192,B,underwater,fx_level_z_252,-0.03141093626618385
192,alpha,,kospi_return_1d,0.019590912386775017
192,alpha,,fx_level_z_252,0.026818297803401947
193,beta,momentum,,-0.029420046135783195
193,beta,persist,,0.0978243499994278
193,beta,underwater,,0.024186862632632256
193,B,momentum,kospi_return_1d,-0.006889228243380785
193,B,momentum,fx_level_z_252,1.4740733604412526e-05
193,B,persist,kospi_return_1d,-0.018675129860639572
193,B,persist,fx_level_z_252,0.009430652484297752
193,B,underwater,kospi_return_1d,-0.0016586488345637918
193,B,underwater,fx_level_z_252,-0.03154771029949188
193,alpha,,kospi_return_1d,0.019435886293649673
193,alpha,,fx_level_z_252,0.026561807841062546
194,beta,momentum,,-0.029273314401507378
194,beta,persist,,0.09781008958816528
194,beta,underwater,,0.02385130524635315
194,B,momentum,kospi_return_1d,-0.006737761665135622
194,B,momentum,fx_level_z_252,2.6051584427477792e-05
194,B,persist,kospi_return_1d,-0.018649931997060776
194,B,persist,fx_level_z_252,0.00918540358543396
194,B,underwater,kospi_return_1d,-0.0016606005374342203
194,B,underwater,fx_level_z_252,-0.03159327059984207
194,alpha,,kospi_return_1d,0.019201919436454773
194,alpha,,fx_level_z_252,0.026178522035479546
195,beta,momentum,,-0.029205070808529854
195,beta,persist,,0.09780778735876083
195,beta,underwater,,0.023646192625164986
195,B,momentum,kospi_return_1d,-0.006597620900720358
195,B,momentum,fx_level_z_252,-4.628597525879741e-05
195,B,persist,kospi_return_1d,-0.018731188029050827
195,B,persist,fx_level_z_252,0.008956003934144974
195,B,underwater,kospi_return_1d,-0.0016845620702952147
195,B,underwater,fx_level_z_252,-0.03137143701314926
195,alpha,,kospi_return_1d,0.01899098791182041
195,alpha,,fx_level_z_252,0.025937262922525406
196,beta,momentum,,-0.029152100905776024
196,beta,persist,,0.0977761298418045
196,beta,underwater,,0.023557351902127266
196,B,momentum,kospi_return_1d,-0.006434625945985317
196,B,momentum,fx_level_z_252,-0.000281824788544327
196,B,persist,kospi_return_1d,-0.018742352724075317
196,B,persist,fx_level_z_252,0.00894998013973236
196,B,underwater,kospi_return_1d,-0.0017028239089995623
196,B,underwater,fx_level_z_252,-0.03115420788526535
196,alpha,,kospi_return_1d,0.018783921375870705
196,alpha,,fx_level_z_252,0.0259183868765831
197,beta,momentum,,-0.028978398069739342
197,beta,persist,,0.09762982279062271
197,beta,underwater,,0.02343849092721939
197,B,momentum,kospi_return_1d,-0.00634318683296442
197,B,momentum,fx_level_z_252,-0.000512756290845573
197,B,persist,kospi_return_1d,-0.018816351890563965
197,B,persist,fx_level_z_252,0.009112333878874779
197,B,underwater,kospi_return_1d,-0.0018007486360147595
197,B,underwater,fx_level_z_252,-0.03113403171300888
197,alpha,,kospi_return_1d,0.018821105360984802
197,alpha,,fx_level_z_252,0.025949904695153236
198,beta,momentum,,-0.028734704479575157
198,beta,persist,,0.09741082787513733
198,beta,underwater,,0.023379717022180557
198,B,momentum,kospi_return_1d,-0.006105145905166864
198,B,momentum,fx_level_z_252,-0.0007493237499147654
198,B,persist,kospi_return_1d,-0.018983086571097374
198,B,persist,fx_level_z_252,0.009460242465138435
198,B,underwater,kospi_return_1d,-0.0018502235179767013
198,B,underwater,fx_level_z_252,-0.03083863854408264
198,alpha,,kospi_return_1d,0.01881302148103714
198,alpha,,fx_level_z_252,0.026029039174318314
199,beta,momentum,,-0.028429539874196053
199,beta,persist,,0.09719744324684143
199,beta,underwater,,0.023270171135663986
199,B,momentum,kospi_return_1d,-0.00596369756385684
199,B,momentum,fx_level_z_252,-0.0009948270162567496
199,B,persist,kospi_return_1d,-0.01899310015141964
199,B,persist,fx_level_z_252,0.009781988337635994
199,B,underwater,kospi_return_1d,-0.0017827363917604089
199,B,underwater,fx_level_z_252,-0.03062574379146099
199,alpha,,kospi_return_1d,0.01867484860122204
199,alpha,,fx_level_z_252,0.026076164096593857
200,beta,momentum,,-0.0280515868216753
200,beta,persist,,0.0969577208161354
200,beta,underwater,,0.02314840257167816
200,B,momentum,kospi_return_1d,-0.00596131756901741
200,B,momentum,fx_level_z_252,-0.0010889366967603564
200,B,persist,kospi_return_1d,-0.018918637186288834
200,B,persist,fx_level_z_252,0.01001119427382946
200,B,underwater,kospi_return_1d,-0.001600484480150044
200,B,underwater,fx_level_z_252,-0.030413363128900528
200,alpha,,kospi_return_1d,0.018531395122408867
200,alpha,,fx_level_z_252,0.026014037430286407
201,beta,momentum,,-0.02777741849422455
201,beta,persist,,0.09678559750318527
201,beta,underwater,,0.023067912086844444
201,B,momentum,kospi_return_1d,-0.006009763106703758
201,B,momentum,fx_level_z_252,-0.001159482286311686
201,B,persist,kospi_return_1d,-0.01893635466694832
201,B,persist,fx_level_z_252,0.009990528225898743
201,B,underwater,kospi_return_1d,-0.0014220424927771091
201,B,underwater,fx_level_z_252,-0.030397141352295876
201,alpha,,kospi_return_1d,0.018475305289030075
201,alpha,,fx_level_z_252,0.025912338867783546
202,beta,momentum,,-0.027496110647916794
202,beta,persist,,0.09662893414497375
202,beta,underwater,,0.023025667294859886
202,B,momentum,kospi_return_1d,-0.006060592830181122
202,B,momentum,fx_level_z_252,-0.0011838709469884634
202,B,persist,kospi_return_1d,-0.01896735653281212
202,B,persist,fx_level_z_252,0.009954165667295456
202,B,underwater,kospi_return_1d,-0.0012923511676490307
202,B,underwater,fx_level_z_252,-0.030317557975649834
202,alpha,,kospi_return_1d,0.01848284713923931
202,alpha,,fx_level_z_252,0.025890644639730453
203,beta,momentum,,-0.02730926312506199
203,beta,persist,,0.09659875184297562
203,beta,underwater,,0.023057373240590096
203,B,momentum,kospi_return_1d,-0.006174903828650713
203,B,momentum,fx_level_z_252,-0.0012509102234616876
203,B,persist,kospi_return_1d,-0.01902443915605545
203,B,persist,fx_level_z_252,0.009825439192354679
203,B,underwater,kospi_return_1d,-0.0013782427413389087
203,B,underwater,fx_level_z_252,-0.030206765979528427
203,alpha,,kospi_return_1d,0.018414625898003578
203,alpha,,fx_level_z_252,0.0258965864777565
204,beta,momentum,,-0.027183618396520615
204,beta,persist,,0.09660068154335022
204,beta,underwater,,0.02315288595855236
204,B,momentum,kospi_return_1d,-0.006484011188149452
204,B,momentum,fx_level_z_252,-0.0010999421356245875
204,B,persist,kospi_return_1d,-0.018966058269143105
204,B,persist,fx_level_z_252,0.009538926184177399
204,B,underwater,kospi_return_1d,-0.0014597194967791438
204,B,underwater,fx_level_z_252,-0.030476370826363564
204,alpha,,kospi_return_1d,0.018401699140667915
204,alpha,,fx_level_z_252,0.0260697640478611
205,beta,momentum,,-0.02712169475853443
205,beta,persist,,0.09663892537355423
205,beta,underwater,,0.0232384130358696
205,B,momentum,kospi_return_1d,-0.006667139008641243
205,B,momentum,fx_level_z_252,-0.0008642991306260228
205,B,persist,kospi_return_1d,-0.018839789554476738
205,B,persist,fx_level_z_252,0.009328084997832775
205,B,underwater,kospi_return_1d,-0.0014151500072330236
205,B,underwater,fx_level_z_252,-0.03089280053973198
205,alpha,,kospi_return_1d,0.018313683569431305
205,alpha,,fx_level_z_252,0.026372354477643967
206,beta,momentum,,-0.027014998719096184
206,beta,persist,,0.09665684401988983
206,beta,underwater,,0.0231988113373518
206,B,momentum,kospi_return_1d,-0.0068992432206869125
206,B,momentum,fx_level_z_252,-0.0006414391100406647
206,B,persist,kospi_return_1d,-0.01852547749876976
206,B,persist,fx_level_z_252,0.009125619195401669
206,B,underwater,kospi_return_1d,-0.0013015505392104387
206,B,underwater,fx_level_z_252,-0.031413521617650986
206,alpha,,kospi_return_1d,0.01826370880007744
206,alpha,,fx_level_z_252,0.02652805671095848
207,beta,momentum,,-0.027008535340428352
207,beta,persist,,0.09664424508810043
207,beta,underwater,,0.0232181828469038
207,B,momentum,kospi_return_1d,-0.007142649497836828
207,B,momentum,fx_level_z_252,-0.0006344627472572029
207,B,persist,kospi_return_1d,-0.018206264823675156
207,B,persist,fx_level_z_252,0.008995883166790009
207,B,underwater,kospi_return_1d,-0.001340591348707676
207,B,underwater,fx_level_z_252,-0.03180945664644241
207,alpha,,kospi_return_1d,0.018425732851028442
207,alpha,,fx_level_z_252,0.02664748951792717
208,beta,momentum,,-0.02699246071279049
208,beta,persist,,0.09667067229747772
208,beta,underwater,,0.02323407493531704
208,B,momentum,kospi_return_1d,-0.0072042569518089294
208,B,momentum,fx_level_z_252,-0.0006589737604372203
208,B,persist,kospi_return_1d,-0.018032638356089592
208,B,persist,fx_level_z_252,0.008941794745624065
208,B,underwater,kospi_return_1d,-0.0013910854468122125
208,B,underwater,fx_level_z_252,-0.03208230808377266
208,alpha,,kospi_return_1d,0.01838235929608345
208,alpha,,fx_level_z_252,0.026876140385866165
209,beta,momentum,,-0.027091722935438156
209,beta,persist,,0.0968112200498581
209,beta,underwater,,0.023354755714535713
209,B,momentum,kospi_return_1d,-0.007104525808244944
209,B,momentum,fx_level_z_252,-0.0006400581332854927
209,B,persist,kospi_return_1d,-0.01785384863615036
209,B,persist,fx_level_z_252,0.00895214919000864
209,B,underwater,kospi_return_1d,-0.0014094976941123605
209,B,underwater,fx_level_z_252,-0.03229235112667084
209,alpha,,kospi_return_1d,0.018182281404733658
209,alpha,,fx_level_z_252,0.02712249383330345
210,beta,momentum,,-0.027168486267328262
210,beta,persist,,0.09681428223848343
210,beta,underwater,,0.023406831547617912
210,B,momentum,kospi_return_1d,-0.0067548323422670364
210,B,momentum,fx_level_z_252,-0.0007215983932837844
210,B,persist,kospi_return_1d,-0.017995210364460945
210,B,persist,fx_level_z_252,0.009294262155890465
210,B,underwater,kospi_return_1d,-0.0014100156258791685
210,B,underwater,fx_level_z_252,-0.03229633718729019
210,alpha,,kospi_return_1d,0.018002165481448174
210,alpha,,fx_level_z_252,0.027390694245696068
211,beta,momentum,,-0.027263406664133072
211,beta,persist,,0.09680711477994919
211,beta,underwater,,0.023468943312764168
211,B,momentum,kospi_return_1d,-0.006380580365657806
211,B,momentum,fx_level_z_252,-0.0009524880442768335
211,B,persist,kospi_return_1d,-0.017943447455763817
211,B,persist,fx_level_z_252,0.009771006181836128
211,B,underwater,kospi_return_1d,-0.0014208563370630145
211,B,underwater,fx_level_z_252,-0.03216489404439926
211,alpha,,kospi_return_1d,0.017859281972050667
211,alpha,,fx_level_z_252,0.027758101001381874
212,beta,momentum,,-0.027282726019620895
212,beta,persist,,0.09682796895503998
212,beta,underwater,,0.0234567541629076
212,B,momentum,kospi_return_1d,-0.0060326410457491875
212,B,momentum,fx_level_z_252,-0.0012403640430420637
212,B,persist,kospi_return_1d,-0.018016096204519272
212,B,persist,fx_level_z_252,0.010297583416104317
212,B,underwater,kospi_return_1d,-0.0013295875396579504
212,B,underwater,fx_level_z_252,-0.03179895877838135
212,alpha,,kospi_return_1d,0.017656775191426277
212,alpha,,fx_level_z_252,0.028030140325427055
213,beta,momentum,,-0.027435477823019028
213,beta,persist,,0.09694396704435349
213,beta,underwater,,0.02361540123820305
213,B,momentum,kospi_return_1d,-0.005677847657352686
213,B,momentum,fx_level_z_252,-0.0014116581296548247
213,B,persist,kospi_return_1d,-0.01812729239463806
213,B,persist,fx_level_z_252,0.010769727639853954
213,B,underwater,kospi_return_1d,-0.0014069686876609921
213,B,underwater,fx_level_z_252,-0.03139596804976463
213,alpha,,kospi_return_1d,0.017389897257089615
213,alpha,,fx_level_z_252,0.028359025716781616
214,beta,momentum,,-0.0275858324021101
214,beta,persist,,0.09704308956861496
214,beta,underwater,,0.023822186514735222
214,B,momentum,kospi_return_1d,-0.005445046350359917
214,B,momentum,fx_level_z_252,-0.0015967568615451455
214,B,persist,kospi_return_1d,-0.01806875877082348
214,B,persist,fx_level_z_252,0.01125103235244751
214,B,underwater,kospi_return_1d,-0.001345910830423236
214,B,underwater,fx_level_z_252,-0.0310392864048481
214,alpha,,kospi_return_1d,0.01731414906680584
214,alpha,,fx_level_z_252,0.02851443737745285
215,beta,momentum,,-0.02786693349480629
215,beta,persist,,0.09711548686027527
215,beta,underwater,,0.024128878489136696
215,B,momentum,kospi_return_1d,-0.005185216199606657
215,B,momentum,fx_level_z_252,-0.0014409974683076143
215,B,persist,kospi_return_1d,-0.018024539574980736
215,B,persist,fx_level_z_252,0.011534919030964375
215,B,underwater,kospi_return_1d,-0.0013165173586457968
215,B,underwater,fx_level_z_252,-0.03083520382642746
215,alpha,,kospi_return_1d,0.01712055504322052
215,alpha,,fx_level_z_252,0.028797635808587074
216,beta,momentum,,-0.028163596987724304
216,beta,persist,,0.09724851697683334
216,beta,underwater,,0.024347547441720963
216,B,momentum,kospi_return_1d,-0.005033506546169519
216,B,momentum,fx_level_z_252,-0.0010615576757118106
216,B,persist,kospi_return_1d,-0.017839526757597923
216,B,persist,fx_level_z_252,0.011490666307508945
216,B,underwater,kospi_return_1d,-0.0010112421587109566
216,B,underwater,fx_level_z_252,-0.030834956094622612
216,alpha,,kospi_return_1d,0.016925809904932976
216,alpha,,fx_level_z_252,0.02910797670483589
217,beta,momentum,,-0.02831689827144146
217,beta,persist,,0.09722232818603516
217,beta,underwater,,0.02441931702196598
217,B,momentum,kospi_return_1d,-0.00495693227276206
217,B,momentum,fx_level_z_252,-0.0007944361423142254
217,B,persist,kospi_return_1d,-0.017669513821601868
217,B,persist,fx_level_z_252,0.01136043667793274
217,B,underwater,kospi_return_1d,-0.0007123759132809937
217,B,underwater,fx_level_z_252,-0.03078233078122139
217,alpha,,kospi_return_1d,0.017041025683283806
217,alpha,,fx_level_z_252,0.029066603630781174
218,beta,momentum,,-0.028355810791254044
218,beta,persist,,0.09716716408729553
218,beta,underwater,,0.024308452382683754
218,B,momentum,kospi_return_1d,-0.0048428927548229694
218,B,momentum,fx_level_z_252,-0.00048449801397509873
218,B,persist,kospi_return_1d,-0.017693951725959778
218,B,persist,fx_level_z_252,0.011179624125361443
218,B,underwater,kospi_return_1d,-0.0006285951822064817
218,B,underwater,fx_level_z_252,-0.03094467893242836
218,alpha,,kospi_return_1d,0.017436299473047256
218,alpha,,fx_level_z_252,0.02889365144073963
219,beta,momentum,,-0.028379064053297043
219,beta,persist,,0.09725316613912582
219,beta,underwater,,0.02428610436618328
219,B,momentum,kospi_return_1d,-0.004664576146751642
219,B,momentum,fx_level_z_252,-7.52828927943483e-05
219,B,persist,kospi_return_1d,-0.017745520919561386
219,B,persist,fx_level_z_252,0.0109787005931139
219,B,underwater,kospi_return_1d,-0.0005649220547638834
219,B,underwater,fx_level_z_252,-0.031195178627967834
219,alpha,,kospi_return_1d,0.01770511083304882
219,alpha,,fx_level_z_252,0.028609024360775948
220,beta,momentum,,-0.028377091512084007
220,beta,persist,,0.09733375161886215
220,beta,underwater,,0.02431952767074108
220,B,momentum,kospi_return_1d,-0.004395192489027977
220,B,momentum,fx_level_z_252,0.0002753205772023648
220,B,persist,kospi_return_1d,-0.017871862277388573
220,B,persist,fx_level_z_252,0.010810507461428642
220,B,underwater,kospi_return_1d,-0.00045287536340765655
220,B,underwater,fx_level_z_252,-0.031361307948827744
220,alpha,,kospi_return_1d,0.01793859526515007
220,alpha,,fx_level_z_252,0.028347836807370186
221,beta,momentum,,-0.028277093544602394
221,beta,persist,,0.09729993343353271
221,beta,underwater,,0.024184171110391617
221,B,momentum,kospi_return_1d,-0.0042592319659888744
221,B,momentum,fx_level_z_252,0.0003500799648463726
221,B,persist,kospi_return_1d,-0.01813473552465439
221,B,persist,fx_level_z_252,0.010712281800806522
221,B,underwater,kospi_return_1d,-0.00039093379746191204
221,B,underwater,fx_level_z_252,-0.031630147248506546
221,alpha,,kospi_return_1d,0.0182647667825222
221,alpha,,fx_level_z_252,0.028020918369293213
222,beta,momentum,,-0.028026023879647255
222,beta,persist,,0.09733273833990097
222,beta,underwater,,0.0239942017942667
222,B,momentum,kospi_return_1d,-0.004229832906275988
222,B,momentum,fx_level_z_252,7.64313226682134e-05
222,B,persist,kospi_return_1d,-0.01823079027235508
222,B,persist,fx_level_z_252,0.010770718567073345
222,B,underwater,kospi_return_1d,-0.00012621674977708608
222,B,underwater,fx_level_z_252,-0.03186051547527313
222,alpha,,kospi_return_1d,0.018512621521949768
222,alpha,,fx_level_z_252,0.02779957838356495
223,beta,momentum,,-0.02779504284262657
223,beta,persist,,0.09737841784954071
223,beta,underwater,,0.023791572079062462
223,B,momentum,kospi_return_1d,-0.004249463323503733
223,B,momentum,fx_level_z_252,-0.00018383395217824727
223,B,persist,kospi_return_1d,-0.01825125887989998
223,B,persist,fx_level_z_252,0.01067147497087717
223,B,underwater,kospi_return_1d,0.0001991378958337009
223,B,underwater,fx_level_z_252,-0.03207533061504364
223,alpha,,kospi_return_1d,0.018666498363018036
223,alpha,,fx_level_z_252,0.02756369858980179
224,beta,momentum,,-0.027553526684641838
224,beta,persist,,0.09736716002225876
224,beta,underwater,,0.023624330759048462
224,B,momentum,kospi_return_1d,-0.0043379319831728935
224,B,momentum,fx_level_z_252,-0.0003395300009287894
224,B,persist,kospi_return_1d,-0.01819826476275921
224,B,persist,fx_level_z_252,0.01055698748677969
224,B,underwater,kospi_return_1d,0.00041033330489881337
224,B,underwater,fx_level_z_252,-0.0322849303483963
224,alpha,,kospi_return_1d,0.018814682960510254
224,alpha,,fx_level_z_252,0.027231451123952866
225,beta,momentum,,-0.02735126204788685
225,beta,persist,,0.09744566679000854
225,beta,underwater,,0.023466667160391808
225,B,momentum,kospi_return_1d,-0.0043486119247972965
225,B,momentum,fx_level_z_252,-0.0005874697817489505
225,B,persist,kospi_return_1d,-0.017969831824302673
225,B,persist,fx_level_z_252,0.01028787437826395
225,B,underwater,kospi_return_1d,0.0004145654384046793
225,B,underwater,fx_level_z_252,-0.03248399496078491
225,alpha,,kospi_return_1d,0.018791895359754562
225,alpha,,fx_level_z_252,0.026908984407782555
226,beta,momentum,,-0.027181746438145638
226,beta,persist,,0.09750008583068848
226,beta,underwater,,0.023521874099969864
226,B,momentum,kospi_return_1d,-0.0042668674141168594
226,B,momentum,fx_level_z_252,-0.0007705648895353079
226,B,persist,kospi_return_1d,-0.017651895061135292
226,B,persist,fx_level_z_252,0.010129290632903576
226,B,underwater,kospi_return_1d,-9.40031313803047e-05
226,B,underwater,fx_level_z_252,-0.03258247673511505
226,alpha,,kospi_return_1d,0.0187210775911808
226,alpha,,fx_level_z_252,0.026805836707353592
227,beta,momentum,,-0.027090108022093773
227,beta,persist,,0.09763888269662857
227,beta,underwater,,0.023583363741636276
227,B,momentum,kospi_return_1d,-0.004039816092699766
227,B,momentum,fx_level_z_252,-0.0008238262380473316
227,B,persist,kospi_return_1d,-0.017572253942489624
227,B,persist,fx_level_z_252,0.009975223802030087
227,B,underwater,kospi_return_1d,-0.0006093012634664774
227,B,underwater,fx_level_z_252,-0.03260398283600807
227,alpha,,kospi_return_1d,0.018634485080838203
227,alpha,,fx_level_z_252,0.026517609134316444
228,beta,momentum,,-0.026984088122844696
228,beta,persist,,0.09771182388067245
228,beta,underwater,,0.023535287007689476
228,B,momentum,kospi_return_1d,-0.0036468040198087692
228,B,momentum,fx_level_z_252,-0.0008439839584752917
228,B,persist,kospi_return_1d,-0.017678800970315933
228,B,persist,fx_level_z_252,0.009797058068215847
228,B,underwater,kospi_return_1d,-0.001036805217154324
228,B,underwater,fx_level_z_252,-0.03287152573466301
228,alpha,,kospi_return_1d,0.018758375197649002
228,alpha,,fx_level_z_252,0.026275863870978355
229,beta,momentum,,-0.026928389444947243
229,beta,persist,,0.09777408093214035
229,beta,underwater,,0.02355239912867546
229,B,momentum,kospi_return_1d,-0.0034034582786262035
229,B,momentum,fx_level_z_252,-0.0008494464564137161
229,B,persist,kospi_return_1d,-0.01771647296845913
229,B,persist,fx_level_z_252,0.009615818969905376
229,B,underwater,kospi_return_1d,-0.001320340670645237
229,B,underwater,fx_level_z_252,-0.03306538239121437
229,alpha,,kospi_return_1d,0.018817417323589325
229,alpha,,fx_level_z_252,0.026198605075478554
230,beta,momentum,,-0.026921628043055534
230,beta,persist,,0.09790706634521484
230,beta,underwater,,0.023681746795773506
230,B,momentum,kospi_return_1d,-0.0032054148614406586
230,B,momentum,fx_level_z_252,-0.0009508919320069253
230,B,persist,kospi_return_1d,-0.01783844828605652
230,B,persist,fx_level_z_252,0.009772146120667458
230,B,underwater,kospi_return_1d,-0.0016737414989620447
230,B,underwater,fx_level_z_252,-0.033051177859306335
230,alpha,,kospi_return_1d,0.018708059564232826
230,alpha,,fx_level_z_252,0.026143258437514305
231,beta,momentum,,-0.026997912675142288
231,beta,persist,,0.0980621948838234
231,beta,underwater,,0.023842018097639084
231,B,momentum,kospi_return_1d,-0.002963622799143195
231,B,momentum,fx_level_z_252,-0.0010846256045624614
231,B,persist,kospi_return_1d,-0.017994092777371407
231,B,persist,fx_level_z_252,0.009966556914150715
231,B,underwater,kospi_return_1d,-0.0018942535389214754
231,B,underwater,fx_level_z_252,-0.03288570046424866
231,alpha,,kospi_return_1d,0.018460838124155998
231,alpha,,fx_level_z_252,0.02607586234807968
232,beta,momentum,,-0.027145134285092354
232,beta,persist,,0.09825979918241501
232,beta,underwater,,0.024051044136285782
232,B,momentum,kospi_return_1d,-0.003040820360183716
232,B,momentum,fx_level_z_252,-0.0011171272490173578
232,B,persist,kospi_return_1d,-0.0180542953312397
232,B,persist,fx_level_z_252,0.009880566969513893
232,B,underwater,kospi_return_1d,-0.0019510897109284997
232,B,underwater,fx_level_z_252,-0.03282879292964935
232,alpha,,kospi_return_1d,0.018224388360977173
232,alpha,,fx_level_z_252,0.02611292153596878
233,beta,momentum,,-0.027241850271821022
233,beta,persist,,0.09838294982910156
233,beta,underwater,,0.02421179786324501
233,B,momentum,kospi_return_1d,-0.003161874832585454
233,B,momentum,fx_level_z_252,-0.001110573997721076
233,B,persist,kospi_return_1d,-0.018079165369272232
233,B,persist,fx_level_z_252,0.009739418514072895
233,B,underwater,kospi_return_1d,-0.0020146912429481745
233,B,underwater,fx_level_z_252,-0.03279880806803703
233,alpha,,kospi_return_1d,0.018104493618011475
233,alpha,,fx_level_z_252,0.026126306504011154
234,beta,momentum,,-0.027276858687400818
234,beta,persist,,0.09851651638746262
234,beta,underwater,,0.024290258064866066
234,B,momentum,kospi_return_1d,-0.0032958248630166054
234,B,momentum,fx_level_z_252,-0.0010116120101884007
234,B,persist,kospi_return_1d,-0.018165960907936096
234,B,persist,fx_level_z_252,0.00952006783336401
234,B,underwater,kospi_return_1d,-0.0019364795880392194
234,B,underwater,fx_level_z_252,-0.032861433923244476
234,alpha,,kospi_return_1d,0.017895476892590523
234,alpha,,fx_level_z_252,0.026084821671247482
235,beta,momentum,,-0.02727981097996235
235,beta,persist,,0.09856255352497101
235,beta,underwater,,0.024242442101240158
235,B,momentum,kospi_return_1d,-0.0034529967233538628
235,B,momentum,fx_level_z_252,-0.0010697584366425872
235,B,persist,kospi_return_1d,-0.018422730267047882
235,B,persist,fx_level_z_252,0.009486354887485504
235,B,underwater,kospi_return_1d,-0.0017673659604042768
235,B,underwater,fx_level_z_252,-0.0328156016767025
235,alpha,,kospi_return_1d,0.017874350771307945
235,alpha,,fx_level_z_252,0.02596099115908146
236,beta,momentum,,-0.027161071076989174
236,beta,persist,,0.09838253259658813
236,beta,underwater,,0.02408410981297493
236,B,momentum,kospi_return_1d,-0.0037002363242208958
236,B,momentum,fx_level_z_252,-0.0011428861180320382
236,B,persist,kospi_return_1d,-0.018788887187838554
236,B,persist,fx_level_z_252,0.009629490785300732
236,B,underwater,kospi_return_1d,-0.0016202647238969803
236,B,underwater,fx_level_z_252,-0.03255949914455414
236,alpha,,kospi_return_1d,0.018050184473395348
236,alpha,,fx_level_z_252,0.025650693103671074
237,beta,momentum,,-0.027063721790909767
237,beta,persist,,0.09825979918241501
237,beta,underwater,,0.024067753925919533
237,B,momentum,kospi_return_1d,-0.004058984108269215
237,B,momentum,fx_level_z_252,-0.001099598710425198
237,B,persist,kospi_return_1d,-0.018909143283963203
237,B,persist,fx_level_z_252,0.009714746847748756
237,B,underwater,kospi_return_1d,-0.0014836207265034318
237,B,underwater,fx_level_z_252,-0.032134365290403366
237,alpha,,kospi_return_1d,0.01798992231488228
237,alpha,,fx_level_z_252,0.02553386427462101
238,beta,momentum,,-0.027089126408100128
238,beta,persist,,0.09817373007535934
238,beta,underwater,,0.024039454758167267
238,B,momentum,kospi_return_1d,-0.004306969232857227
238,B,momentum,fx_level_z_252,-0.0008966921013779938
238,B,persist,kospi_return_1d,-0.01887819916009903
238,B,persist,fx_level_z_252,0.009684144519269466
238,B,underwater,kospi_return_1d,-0.0013597847428172827
238,B,underwater,fx_level_z_252,-0.03169197589159012
238,alpha,,kospi_return_1d,0.01783044822514057
238,alpha,,fx_level_z_252,0.02536795288324356
239,beta,momentum,,-0.027052992954850197
239,beta,persist,,0.09815245866775513
239,beta,underwater,,0.02395051158964634
239,B,momentum,kospi_return_1d,-0.004754014313220978
239,B,momentum,fx_level_z_252,-0.0007712194928899407
239,B,persist,kospi_return_1d,-0.0187071505934
239,B,persist,fx_level_z_252,0.009504379704594612
239,B,underwater,kospi_return_1d,-0.0010373498080298305
239,B,underwater,fx_level_z_252,-0.03139150142669678
239,alpha,,kospi_return_1d,0.017757562920451164
239,alpha,,fx_level_z_252,0.025252826511859894
240,beta,momentum,,-0.0270479004830122
240,beta,persist,,0.0981481596827507
240,beta,underwater,,0.023855892941355705
240,B,momentum,kospi_return_1d,-0.005057524424046278
240,B,momentum,fx_level_z_252,-0.0008941269479691982
240,B,persist,kospi_return_1d,-0.01885574869811535
240,B,persist,fx_level_z_252,0.009550348855555058
240,B,underwater,kospi_return_1d,-0.000800460868049413
240,B,underwater,fx_level_z_252,-0.03084198199212551
240,alpha,,kospi_return_1d,0.017726900056004524
240,alpha,,fx_level_z_252,0.025120338425040245
241,beta,momentum,,-0.026888057589530945
241,beta,persist,,0.09806690365076065
241,beta,underwater,,0.02369396947324276
241,B,momentum,kospi_return_1d,-0.005452726501971483
241,B,momentum,fx_level_z_252,-0.0010844127973541617
241,B,persist,kospi_return_1d,-0.018846631050109863
241,B,persist,fx_level_z_252,0.009622274897992611
241,B,underwater,kospi_return_1d,-0.0005936007364653051
241,B,underwater,fx_level_z_252,-0.030324198305606842
241,alpha,,kospi_return_1d,0.01776915043592453
241,alpha,,fx_level_z_252,0.024976592510938644
242,beta,momentum,,-0.026816265657544136
242,beta,persist,,0.09799192100763321
242,beta,underwater,,0.02349601313471794
242,B,momentum,kospi_return_1d,-0.005870740860700607
242,B,momentum,fx_level_z_252,-0.0012467470951378345
242,B,persist,kospi_return_1d,-0.018762167543172836
242,B,persist,fx_level_z_252,0.009633257053792477
242,B,underwater,kospi_return_1d,-0.000310778443235904
242,B,underwater,fx_level_z_252,-0.029911881312727928
242,alpha,,kospi_return_1d,0.017888393253087997
242,alpha,,fx_level_z_252,0.024998454377055168
243,beta,momentum,,-0.02669036202132702
243,beta,persist,,0.09784279763698578
243,beta,underwater,,0.02326817438006401
243,B,momentum,kospi_return_1d,-0.006289368029683828
243,B,momentum,fx_level_z_252,-0.0013953779125586152
243,B,persist,kospi_return_1d,-0.01871887780725956
243,B,persist,fx_level_z_252,0.00978255458176136
243,B,underwater,kospi_return_1d,5.456258077174425e-05
243,B,underwater,fx_level_z_252,-0.02958407998085022
243,alpha,,kospi_return_1d,0.018072234466671944
243,alpha,,fx_level_z_252,0.025034159421920776
244,beta,momentum,,-0.026726089417934418
244,beta,persist,,0.09775017946958542
244,beta,underwater,,0.023211728781461716
244,B,momentum,kospi_return_1d,-0.006902977358549833
244,B,momentum,fx_level_z_252,-0.0015288256108760834
244,B,persist,kospi_return_1d,-0.018590424209833145
244,B,persist,fx_level_z_252,0.009918441995978355
244,B,underwater,kospi_return_1d,0.0002088064793497324
244,B,underwater,fx_level_z_252,-0.029231678694486618
244,alpha,,kospi_return_1d,0.01821654476225376
244,alpha,,fx_level_z_252,0.02522273361682892
245,beta,momentum,,-0.02676912024617195
245,beta,persist,,0.0976085290312767
245,beta,underwater,,0.023202812299132347
245,B,momentum,kospi_return_1d,-0.007350501604378223
245,B,momentum,fx_level_z_252,-0.0014384568203240633
245,B,persist,kospi_return_1d,-0.018309369683265686
245,B,persist,fx_level_z_252,0.01002049446105957
245,B,underwater,kospi_return_1d,1.6744656022638083e-05
245,B,underwater,fx_level_z_252,-0.029027573764324188
245,alpha,,kospi_return_1d,0.018350915983319283
245,alpha,,fx_level_z_252,0.025616783648729324
246,beta,momentum,,-0.026965167373418808
246,beta,persist,,0.09752198308706284
246,beta,underwater,,0.02332771010696888
246,B,momentum,kospi_return_1d,-0.00752564100548625
246,B,momentum,fx_level_z_252,-0.001322832889854908
246,B,persist,kospi_return_1d,-0.017986850813031197
246,B,persist,fx_level_z_252,0.010078263469040394
246,B,underwater,kospi_return_1d,-0.00035390834091231227
246,B,underwater,fx_level_z_252,-0.028919655829668045
246,alpha,,kospi_return_1d,0.01851222664117813
246,alpha,,fx_level_z_252,0.02609407715499401
247,beta,momentum,,-0.02735018916428089
247,beta,persist,,0.09749916195869446
247,beta,underwater,,0.02348579838871956
247,B,momentum,kospi_return_1d,-0.007467811927199364
247,B,momentum,fx_level_z_252,-0.0009299016674049199
247,B,persist,kospi_return_1d,-0.01797724887728691
247,B,persist,fx_level_z_252,0.010161913000047207
247,B,underwater,kospi_return_1d,-0.0007947416743263602
247,B,underwater,fx_level_z_252,-0.02893907204270363
247,alpha,,kospi_return_1d,0.01864444836974144
247,alpha,,fx_level_z_252,0.026570918038487434
248,beta,momentum,,-0.02782854251563549
248,beta,persist,,0.09759486466646194
248,beta,underwater,,0.023680053651332855
248,B,momentum,kospi_return_1d,-0.007364157121628523
248,B,momentum,fx_level_z_252,-0.0005166606861166656
248,B,persist,kospi_return_1d,-0.017976094037294388
248,B,persist,fx_level_z_252,0.010141628794372082
248,B,underwater,kospi_return_1d,-0.0010884915245696902
248,B,underwater,fx_level_z_252,-0.02911013923585415
248,alpha,,kospi_return_1d,0.018662314862012863
248,alpha,,fx_level_z_252,0.026811614632606506
249,beta,momentum,,-0.028196847066283226
249,beta,persist,,0.09773452579975128
249,beta,underwater,,0.023900208994746208
249,B,momentum,kospi_return_1d,-0.007051751483231783
249,B,momentum,fx_level_z_252,-0.00012485439947340637
249,B,persist,kospi_return_1d,-0.01811162568628788
249,B,persist,fx_level_z_252,0.010241135954856873
249,B,underwater,kospi_return_1d,-0.0012600341578945518
249,B,underwater,fx_level_z_252,-0.029219521209597588
249,alpha,,kospi_return_1d,0.0185120590031147
249,alpha,,fx_level_z_252,0.02687576599419117
250,beta,momentum,,-0.028429144993424416
250,beta,persist,,0.0978599488735199
250,beta,underwater,,0.02404007688164711
250,B,momentum,kospi_return_1d,-0.006711096968501806
250,B,momentum,fx_level_z_252,7.523721433244646e-05
250,B,persist,kospi_return_1d,-0.018313178792595863
250,B,persist,fx_level_z_252,0.010301537811756134
250,B,underwater,kospi_return_1d,-0.001368725672364235
250,B,underwater,fx_level_z_252,-0.02930525876581669
250,alpha,,kospi_return_1d,0.018347550183534622
250,alpha,,fx_level_z_252,0.026721535250544548
251,beta,momentum,,-0.028580300509929657
251,beta,persist,,0.09788430482149124
251,beta,underwater,,0.024011099711060524
251,B,momentum,kospi_return_1d,-0.0064185853116214275
251,B,momentum,fx_level_z_252,0.00014839936920907348
251,B,persist,kospi_return_1d,-0.018394744023680687
251,B,persist,fx_level_z_252,0.010364756919443607
251,B,underwater,kospi_return_1d,-0.0013718758709728718
251,B,underwater,fx_level_z_252,-0.029379915446043015
251,alpha,,kospi_return_1d,0.018444430083036423
251,alpha,,fx_level_z_252,0.026634367182850838
252,beta,momentum,,-0.028544703498482704
252,beta,persist,,0.09788277745246887
252,beta,underwater,,0.023927215486764908
252,B,momentum,kospi_return_1d,-0.0062890066765248775
252,B,momentum,fx_level_z_252,3.285601269453764e-05
252,B,persist,kospi_return_1d,-0.01843116246163845
252,B,persist,fx_level_z_252,0.010484904050827026
252,B,underwater,kospi_return_1d,-0.0010850055841729045
252,B,underwater,fx_level_z_252,-0.029451290145516396
252,alpha,,kospi_return_1d,0.018472149968147278
252,alpha,,fx_level_z_252,0.026487264782190323
253,beta,momentum,,-0.02842262014746666
253,beta,persist,,0.097812220454216
253,beta,underwater,,0.023833338171243668
253,B,momentum,kospi_return_1d,-0.0061987899243831635
253,B,momentum,fx_level_z_252,-0.0002670941175892949
253,B,persist,kospi_return_1d,-0.018553266301751137
253,B,persist,fx_level_z_252,0.01070940587669611
253,B,underwater,kospi_return_1d,-0.0008397360215894878
253,B,underwater,fx_level_z_252,-0.029584767296910286
253,alpha,,kospi_return_1d,0.01861865632236004
253,alpha,,fx_level_z_252,0.026444971561431885
254,beta,momentum,,-0.02830611541867256
254,beta,persist,,0.09776601195335388
254,beta,underwater,,0.02364761382341385
254,B,momentum,kospi_return_1d,-0.006051872856914997
254,B,momentum,fx_level_z_252,-0.0003638165653683245
254,B,persist,kospi_return_1d,-0.018699992448091507
254,B,persist,fx_level_z_252,0.01096381340175867
254,B,underwater,kospi_return_1d,-0.0005695674917660654
254,B,underwater,fx_level_z_252,-0.029783833771944046
254,alpha,,kospi_return_1d,0.01864318922162056
254,alpha,,fx_level_z_252,0.02653970941901207
255,beta,momentum,,-0.028154605999588966
255,beta,persist,,0.09761945903301239
255,beta,underwater,,0.02338865026831627
255,B,momentum,kospi_return_1d,-0.006099714431911707
255,B,momentum,fx_level_z_252,-0.0004269671917427331
255,B,persist,kospi_return_1d,-0.01867845468223095
255,B,persist,fx_level_z_252,0.011116201989352703
255,B,underwater,kospi_return_1d,-0.00025265099247917533
255,B,underwater,fx_level_z_252,-0.030009957030415535
255,alpha,,kospi_return_1d,0.018842393532395363
255,alpha,,fx_level_z_252,0.026530303061008453
256,beta,momentum,,-0.028136610984802246
256,beta,persist,,0.0974760502576828
256,beta,underwater,,0.0231841579079628
256,B,momentum,kospi_return_1d,-0.006067636888474226
256,B,momentum,fx_level_z_252,-0.0004302396555431187
256,B,persist,kospi_return_1d,-0.01867191679775715
256,B,persist,fx_level_z_252,0.010991432704031467
256,B,underwater,kospi_return_1d,5.968684854451567e-05
256,B,underwater,fx_level_z_252,-0.030302664265036583
256,alpha,,kospi_return_1d,0.01898723654448986
256,alpha,,fx_level_z_252,0.02649456076323986
257,beta,momentum,,-0.028089549392461777
257,beta,persist,,0.09730660915374756
257,beta,underwater,,0.023064443841576576
257,B,momentum,kospi_return_1d,-0.006110618356615305
257,B,momentum,fx_level_z_252,-0.00017121814016718417
257,B,persist,kospi_return_1d,-0.018642591312527657
257,B,persist,fx_level_z_252,0.010742926970124245
257,B,underwater,kospi_return_1d,0.00016815992421470582
257,B,underwater,fx_level_z_252,-0.030639363452792168
257,alpha,,kospi_return_1d,0.01909918524324894
257,alpha,,fx_level_z_252,0.02659035101532936
258,beta,momentum,,-0.028066417202353477
258,beta,persist,,0.09713718295097351
258,beta,underwater,,0.02301458641886711
258,B,momentum,kospi_return_1d,-0.006104425527155399
258,B,momentum,fx_level_z_252,9.218120248988271e-05
258,B,persist,kospi_return_1d,-0.018741797655820847
258,B,persist,fx_level_z_252,0.01068794447928667
258,B,underwater,kospi_return_1d,2.6515455829212442e-05
258,B,underwater,fx_level_z_252,-0.03088817372918129
258,alpha,,kospi_return_1d,0.019103247672319412
258,alpha,,fx_level_z_252,0.02674955688416958
259,beta,momentum,,-0.027963081374764442
259,beta,persist,,0.09703454375267029
259,beta,underwater,,0.0228634774684906
259,B,momentum,kospi_return_1d,-0.005986224859952927
259,B,momentum,fx_level_z_252,0.0004050265997648239
259,B,persist,kospi_return_1d,-0.018778404220938683
259,B,persist,fx_level_z_252,0.010635056532919407
259,B,underwater,kospi_return_1d,-0.00019522232469171286
259,B,underwater,fx_level_z_252,-0.031282760202884674
259,alpha,,kospi_return_1d,0.018985100090503693
259,alpha,,fx_level_z_252,0.026893772184848785
260,beta,momentum,,-0.027835892513394356
260,beta,persist,,0.09692642092704773
260,beta,underwater,,0.0226440466940403
260,B,momentum,kospi_return_1d,-0.0057380483485758305
260,B,momentum,fx_level_z_252,0.00042570166988298297
260,B,persist,kospi_return_1d,-0.018963901326060295
260,B,persist,fx_level_z_252,0.01055921334773302
260,B,underwater,kospi_return_1d,-0.00047362386249005795
260,B,underwater,fx_level_z_252,-0.03149200603365898
260,alpha,,kospi_return_1d,0.018993007019162178
260,alpha,,fx_level_z_252,0.02692413330078125
261,beta,momentum,,-0.027773534879088402
261,beta,persist,,0.09687013924121857
261,beta,underwater,,0.022618528455495834
261,B,momentum,kospi_return_1d,-0.005633403547108173
261,B,momentum,fx_level_z_252,0.00021306605776771903
261,B,persist,kospi_return_1d,-0.01911412551999092
261,B,persist,fx_level_z_252,0.010418443940579891
261,B,underwater,kospi_return_1d,-0.0007276498945429921
261,B,underwater,fx_level_z_252,-0.031724683940410614
261,alpha,,kospi_return_1d,0.018996383994817734
261,alpha,,fx_level_z_252,0.02698843739926815
262,beta,momentum,,-0.027742059901356697
262,beta,persist,,0.09693267196416855
262,beta,underwater,,0.02276555635035038
262,B,momentum,kospi_return_1d,-0.005307941231876612
262,B,momentum,fx_level_z_252,-0.00010580915841273963
262,B,persist,kospi_return_1d,-0.01926560327410698
262,B,persist,fx_level_z_252,0.010245232842862606
262,B,underwater,kospi_return_1d,-0.0011104302247986197
262,B,underwater,fx_level_z_252,-0.031915389001369476
262,alpha,,kospi_return_1d,0.018858781084418297
262,alpha,,fx_level_z_252,0.026944458484649658
263,beta,momentum,,-0.027791211381554604
263,beta,persist,,0.09698478877544403
263,beta,underwater,,0.022956483066082
263,B,momentum,kospi_return_1d,-0.004943528212606907
263,B,momentum,fx_level_z_252,-0.0003534965799190104
263,B,persist,kospi_return_1d,-0.019253669306635857
263,B,persist,fx_level_z_252,0.010004338808357716
263,B,underwater,kospi_return_1d,-0.0015054086688905954
263,B,underwater,fx_level_z_252,-0.03198881819844246
263,alpha,,kospi_return_1d,0.01882745698094368
263,alpha,,fx_level_z_252,0.02695096656680107
264,beta,momentum,,-0.027842417359352112
264,beta,persist,,0.0970567837357521
264,beta,underwater,,0.023074472323060036
264,B,momentum,kospi_return_1d,-0.004552755504846573
264,B,momentum,fx_level_z_252,-0.0004805108474101871
264,B,persist,kospi_return_1d,-0.019333211705088615
264,B,persist,fx_level_z_252,0.009777425788342953
264,B,underwater,kospi_return_1d,-0.0018990293610841036
264,B,underwater,fx_level_z_252,-0.03211132436990738
264,alpha,,kospi_return_1d,0.018764331936836243
264,alpha,,fx_level_z_252,0.026835687458515167
265,beta,momentum,,-0.02792424149811268
265,beta,persist,,0.0971423089504242
265,beta,underwater,,0.023269735276699066
265,B,momentum,kospi_return_1d,-0.0041474406607449055
265,B,momentum,fx_level_z_252,-0.000640416401438415
265,B,persist,kospi_return_1d,-0.01933019608259201
265,B,persist,fx_level_z_252,0.00972436461597681
265,B,underwater,kospi_return_1d,-0.0021634413860738277
265,B,underwater,fx_level_z_252,-0.03203801065683365
265,alpha,,kospi_return_1d,0.018571747466921806
265,alpha,,fx_level_z_252,0.026588529348373413
266,beta,momentum,,-0.02787042409181595
266,beta,persist,,0.09723775088787079
266,beta,underwater,,0.023368913680315018
266,B,momentum,kospi_return_1d,-0.003935966175049543
266,B,momentum,fx_level_z_252,-0.0008904592250473797
266,B,persist,kospi_return_1d,-0.019264867529273033
266,B,persist,fx_level_z_252,0.009735113009810448
266,B,underwater,kospi_return_1d,-0.0021105920895934105
266,B,underwater,fx_level_z_252,-0.03188103437423706
266,alpha,,kospi_return_1d,0.018420426174998283
266,alpha,,fx_level_z_252,0.026442743837833405
267,beta,momentum,,-0.02779972180724144
267,beta,persist,,0.09736316651105881
267,beta,underwater,,0.023516206070780754
267,B,momentum,kospi_return_1d,-0.0038346212822943926
267,B,momentum,fx_level_z_252,-0.001095902407541871
267,B,persist,kospi_return_1d,-0.019142119213938713
267,B,persist,fx_level_z_252,0.009884730912744999
267,B,underwater,kospi_return_1d,-0.002037899335846305
267,B,underwater,fx_level_z_252,-0.03153764456510544
267,alpha,,kospi_return_1d,0.01817132905125618
267,alpha,,fx_level_z_252,0.02617296576499939
268,beta,momentum,,-0.02776016667485237
268,beta,persist,,0.09752905368804932
268,beta,underwater,,0.023680947721004486
268,B,momentum,kospi_return_1d,-0.0040160357020795345
268,B,momentum,fx_level_z_252,-0.0014255130663514137
268,B,persist,kospi_return_1d,-0.018889958038926125
268,B,persist,fx_level_z_252,0.01004265621304512
268,B,underwater,kospi_return_1d,-0.0017691105604171753
268,B,underwater,fx_level_z_252,-0.031175529584288597
268,alpha,,kospi_return_1d,0.017831051722168922
268,alpha,,fx_level_z_252,0.02602439373731613
269,beta,momentum,,-0.027815256267786026
269,beta,persist,,0.09770390391349792
269,beta,underwater,,0.02377208322286606
269,B,momentum,kospi_return_1d,-0.004340644925832748
269,B,momentum,fx_level_z_252,-0.0016439113533124328
269,B,persist,kospi_return_1d,-0.018532807007431984
269,B,persist,fx_level_z_252,0.01020663883537054
269,B,underwater,kospi_return_1d,-0.0013590464368462563
269,B,underwater,fx_level_z_252,-0.030933057889342308
269,alpha,,kospi_return_1d,0.01740349270403385
269,alpha,,fx_level_z_252,0.0259040929377079
270,beta,momentum,,-0.02789182774722576
270,beta,persist,,0.09792672842741013
270,beta,underwater,,0.02387470006942749
270,B,momentum,kospi_return_1d,-0.004612790420651436
270,B,momentum,fx_level_z_252,-0.0019021378830075264
270,B,persist,kospi_return_1d,-0.018109766766428947
270,B,persist,fx_level_z_252,0.010211868211627007
270,B,underwater,kospi_return_1d,-0.000990091124549508
270,B,underwater,fx_level_z_252,-0.03072664514183998
270,alpha,,kospi_return_1d,0.016879258677363396
270,alpha,,fx_level_z_252,0.02570689469575882
271,beta,momentum,,-0.027987230569124222
271,beta,persist,,0.09817638993263245
271,beta,underwater,,0.023813419044017792
271,B,momentum,kospi_return_1d,-0.00493248924612999
271,B,momentum,fx_level_z_252,-0.0020493045449256897
271,B,persist,kospi_return_1d,-0.017849864438176155
271,B,persist,fx_level_z_252,0.010365914553403854
271,B,underwater,kospi_return_1d,-0.00053076958283782
271,B,underwater,fx_level_z_252,-0.030613573268055916
271,alpha,,kospi_return_1d,0.016480563208460808
271,alpha,,fx_level_z_252,0.025616426020860672
272,beta,momentum,,-0.02799413911998272
272,beta,persist,,0.09835811704397202
272,beta,underwater,,0.023663721978664398
272,B,momentum,kospi_return_1d,-0.005090552382171154
272,B,momentum,fx_level_z_252,-0.002053038217127323
272,B,persist,kospi_return_1d,-0.017638174816966057
272,B,persist,fx_level_z_252,0.01051407866179943
272,B,underwater,kospi_return_1d,-0.00014669448137283325
272,B,underwater,fx_level_z_252,-0.030530579388141632
272,alpha,,kospi_return_1d,0.01622684858739376
272,alpha,,fx_level_z_252,0.025523047894239426
273,beta,momentum,,-0.02793778106570244
273,beta,persist,,0.09849744290113449
273,beta,underwater,,0.02352217771112919
273,B,momentum,kospi_return_1d,-0.005344099830836058
273,B,momentum,fx_level_z_252,-0.0018414048245176673
273,B,persist,kospi_return_1d,-0.017443330958485603
273,B,persist,fx_level_z_252,0.01042587123811245
273,B,underwater,kospi_return_1d,0.00021543393086176366
273,B,underwater,fx_level_z_252,-0.030519381165504456
273,alpha,,kospi_return_1d,0.016057290136814117
273,alpha,,fx_level_z_252,0.025244582444429398
274,beta,momentum,,-0.02798321098089218
274,beta,persist,,0.09857155382633209
274,beta,underwater,,0.023377517238259315
274,B,momentum,kospi_return_1d,-0.005639061331748962
274,B,momentum,fx_level_z_252,-0.0014604872558265924
274,B,persist,kospi_return_1d,-0.01729188673198223
274,B,persist,fx_level_z_252,0.010266639292240143
274,B,underwater,kospi_return_1d,0.00038773988489992917
274,B,underwater,fx_level_z_252,-0.03085402213037014
274,alpha,,kospi_return_1d,0.016031157225370407
274,alpha,,fx_level_z_252,0.025091229006648064
275,beta,momentum,,-0.02789117395877838
275,beta,persist,,0.09864255785942078
275,beta,underwater,,0.023061558604240417
275,B,momentum,kospi_return_1d,-0.005797822959721088
275,B,momentum,fx_level_z_252,-0.0010908602271229029
275,B,persist,kospi_return_1d,-0.017327789217233658
275,B,persist,fx_level_z_252,0.009967120364308357
275,B,underwater,kospi_return_1d,0.00040070991963148117
275,B,underwater,fx_level_z_252,-0.03126785159111023
275,alpha,,kospi_return_1d,0.016077149659395218
275,alpha,,fx_level_z_252,0.025022324174642563
276,beta,momentum,,-0.02779390662908554
276,beta,persist,,0.0986848995089531
276,beta,underwater,,0.0227607861161232
276,B,momentum,kospi_return_1d,-0.005981795024126768
276,B,momentum,fx_level_z_252,-0.0007625041180290282
276,B,persist,kospi_return_1d,-0.01750139705836773
276,B,persist,fx_level_z_252,0.009610377252101898
276,B,underwater,kospi_return_1d,0.00037996520404703915
276,B,underwater,fx_level_z_252,-0.031568240374326706
276,alpha,,kospi_return_1d,0.016248945146799088
276,alpha,,fx_level_z_252,0.02495178021490574
277,beta,momentum,,-0.027485625818371773
277,beta,persist,,0.09858758002519608
277,beta,underwater,,0.022417936474084854
277,B,momentum,kospi_return_1d,-0.0061055636033415794
277,B,momentum,fx_level_z_252,-0.00046621402725577354
277,B,persist,kospi_return_1d,-0.01771019585430622
277,B,persist,fx_level_z_252,0.009453177452087402
277,B,underwater,kospi_return_1d,7.66440643928945e-05
277,B,underwater,fx_level_z_252,-0.031653571873903275
277,alpha,,kospi_return_1d,0.01649133488535881
277,alpha,,fx_level_z_252,0.025037236511707306
278,beta,momentum,,-0.02718258462846279
278,beta,persist,,0.09843111783266068
278,beta,underwater,,0.02223135344684124
278,B,momentum,kospi_return_1d,-0.0059620700776577
278,B,momentum,fx_level_z_252,-0.0001561032113386318
278,B,persist,kospi_return_1d,-0.018085254356265068
278,B,persist,fx_level_z_252,0.009344430640339851
278,B,underwater,kospi_return_1d,-0.0005378376226872206
278,B,underwater,fx_level_z_252,-0.03167633339762688
278,alpha,,kospi_return_1d,0.016752487048506737
278,alpha,,fx_level_z_252,0.025028759613633156
279,beta,momentum,,-0.02679433673620224
279,beta,persist,,0.09823247045278549
279,beta,underwater,,0.022011078894138336
279,B,momentum,kospi_return_1d,-0.005905571859329939
279,B,momentum,fx_level_z_252,6.726845458615571e-05
279,B,persist,kospi_return_1d,-0.018339194357395172
279,B,persist,fx_level_z_252,0.009359384886920452
279,B,underwater,kospi_return_1d,-0.001073863240890205
279,B,underwater,fx_level_z_252,-0.03164021670818329
279,alpha,,kospi_return_1d,0.017019566148519516
279,alpha,,fx_level_z_252,0.024893660098314285
280,beta,momentum,,-0.02648831345140934
280,beta,persist,,0.09807916730642319
280,beta,underwater,,0.021788736805319786
280,B,momentum,kospi_return_1d,-0.005730126518756151
280,B,momentum,fx_level_z_252,8.900796092348173e-05
280,B,persist,kospi_return_1d,-0.018664885312318802
280,B,persist,fx_level_z_252,0.009343204088509083
280,B,underwater,kospi_return_1d,-0.0016045416705310345
280,B,underwater,fx_level_z_252,-0.031643904745578766
280,alpha,,kospi_return_1d,0.017358455806970596
280,alpha,,fx_level_z_252,0.02470777928829193
281,beta,momentum,,-0.026308637112379074
281,beta,persist,,0.09798829257488251
281,beta,underwater,,0.021716171875596046
281,B,momentum,kospi_return_1d,-0.005633642431348562
281,B,momentum,fx_level_z_252,-6.652550655417144e-05
281,B,persist,kospi_return_1d,-0.01882372610270977
281,B,persist,fx_level_z_252,0.00948314182460308
281,B,underwater,kospi_return_1d,-0.002056407043710351
281,B,underwater,fx_level_z_252,-0.0315498411655426
281,alpha,,kospi_return_1d,0.017464516684412956
281,alpha,,fx_level_z_252,0.02454703487455845
282,beta,momentum,,-0.02626180276274681
282,beta,persist,,0.09803582727909088
282,beta,underwater,,0.021803269162774086
282,B,momentum,kospi_return_1d,-0.005735319573432207
282,B,momentum,fx_level_z_252,-0.00034567920374684036
282,B,persist,kospi_return_1d,-0.018819758668541908
282,B,persist,fx_level_z_252,0.009534153155982494
282,B,underwater,kospi_return_1d,-0.0025681424885988235
282,B,underwater,fx_level_z_252,-0.031260378658771515
282,alpha,,kospi_return_1d,0.01750677451491356
282,alpha,,fx_level_z_252,0.024619799107313156
283,beta,momentum,,-0.026160603389143944
283,beta,persist,,0.09808343648910522
283,beta,underwater,,0.021879520267248154
283,B,momentum,kospi_return_1d,-0.005845805164426565
283,B,momentum,fx_level_z_252,-0.0005086110322736204
283,B,persist,kospi_return_1d,-0.01873200386762619
283,B,persist,fx_level_z_252,0.009550132788717747
283,B,underwater,kospi_return_1d,-0.0029045797418802977
283,B,underwater,fx_level_z_252,-0.03109799325466156
283,alpha,,kospi_return_1d,0.01774846576154232
283,alpha,,fx_level_z_252,0.02476167306303978
284,beta,momentum,,-0.026128355413675308
284,beta,persist,,0.09805719554424286
284,beta,underwater,,0.021961020305752754
284,B,momentum,kospi_return_1d,-0.005968012847006321
284,B,momentum,fx_level_z_252,-0.00047277865814976394
284,B,persist,kospi_return_1d,-0.018707921728491783
284,B,persist,fx_level_z_252,0.009601826779544353
284,B,underwater,kospi_return_1d,-0.0031406015623360872
284,B,underwater,fx_level_z_252,-0.031065091490745544
284,alpha,,kospi_return_1d,0.018163399770855904
284,alpha,,fx_level_z_252,0.024963676929473877
285,beta,momentum,,-0.026054447516798973
285,beta,persist,,0.09800116717815399
285,beta,underwater,,0.022057902067899704
285,B,momentum,kospi_return_1d,-0.006004635710269213
285,B,momentum,fx_level_z_252,-0.0004974023322574794
285,B,persist,kospi_return_1d,-0.018653880804777145
285,B,persist,fx_level_z_252,0.009680750779807568
285,B,underwater,kospi_return_1d,-0.0032052991446107626
285,B,underwater,fx_level_z_252,-0.031066054478287697
285,alpha,,kospi_return_1d,0.0185723677277565
285,alpha,,fx_level_z_252,0.025096381083130836
286,beta,momentum,,-0.026014672592282295
286,beta,persist,,0.0979696661233902
286,beta,underwater,,0.02220454439520836
286,B,momentum,kospi_return_1d,-0.006097984034568071
286,B,momentum,fx_level_z_252,-0.0004212756466586143
286,B,persist,kospi_return_1d,-0.018635528162121773
286,B,persist,fx_level_z_252,0.009607482701539993
286,B,underwater,kospi_return_1d,-0.003125837305560708
286,B,underwater,fx_level_z_252,-0.031194543465971947
286,alpha,,kospi_return_1d,0.019047727808356285
286,alpha,,fx_level_z_252,0.02514479123055935
287,beta,momentum,,-0.02610199898481369
287,beta,persist,,0.09790835529565811
287,beta,underwater,,0.022425377741456032
287,B,momentum,kospi_return_1d,-0.00620467122644186
287,B,momentum,fx_level_z_252,-0.00028676859801635146
287,B,persist,kospi_return_1d,-0.01854594610631466
287,B,persist,fx_level_z_252,0.009901092387735844
287,B,underwater,kospi_return_1d,-0.0029133320786058903
287,B,underwater,fx_level_z_252,-0.03129018470644951
287,alpha,,kospi_return_1d,0.019480295479297638
287,alpha,,fx_level_z_252,0.025144372135400772
288,beta,momentum,,-0.02624990977346897
288,beta,persist,,0.09787158668041229
288,beta,underwater,,0.022669034078717232
288,B,momentum,kospi_return_1d,-0.006294660735875368
288,B,momentum,fx_level_z_252,-4.047079710289836e-05
288,B,persist,kospi_return_1d,-0.018335143104195595
288,B,persist,fx_level_z_252,0.010241730138659477
288,B,underwater,kospi_return_1d,-0.0026335502043366432
288,B,underwater,fx_level_z_252,-0.031317561864852905
288,alpha,,kospi_return_1d,0.019798971712589264
288,alpha,,fx_level_z_252,0.02527603693306446
289,beta,momentum,,-0.02634131722152233
289,beta,persist,,0.09777631610631943
289,beta,underwater,,0.022813916206359863
289,B,momentum,kospi_return_1d,-0.006493412423878908
289,B,momentum,fx_level_z_252,0.00015373602218460292
289,B,persist,kospi_return_1d,-0.018129970878362656
289,B,persist,fx_level_z_252,0.010560431517660618
289,B,underwater,kospi_return_1d,-0.0024151441175490618
289,B,underwater,fx_level_z_252,-0.031319212168455124
289,alpha,,kospi_return_1d,0.020122552290558815
289,alpha,,fx_level_z_252,0.02553313970565796
290,beta,momentum,,-0.02650400809943676
290,beta,persist,,0.0977194607257843
290,beta,underwater,,0.02301827445626259
290,B,momentum,kospi_return_1d,-0.006637725047767162
290,B,momentum,fx_level_z_252,0.0001742764434311539
290,B,persist,kospi_return_1d,-0.018123092129826546
290,B,persist,fx_level_z_252,0.010790512897074223
290,B,underwater,kospi_return_1d,-0.002150374697521329
290,B,underwater,fx_level_z_252,-0.031235266476869583
290,alpha,,kospi_return_1d,0.020425448194146156
290,alpha,,fx_level_z_252,0.025737542659044266
291,beta,momentum,,-0.026630258187651634
291,beta,persist,,0.09772607684135437
291,beta,underwater,,0.02312612719833851
291,B,momentum,kospi_return_1d,-0.006859811954200268
291,B,momentum,fx_level_z_252,-0.000118121417472139
291,B,persist,kospi_return_1d,-0.018061939626932144
291,B,persist,fx_level_z_252,0.011060324497520924
291,B,underwater,kospi_return_1d,-0.002007132163271308
291,B,underwater,fx_level_z_252,-0.03114503063261509
291,alpha,,kospi_return_1d,0.020601091906428337
291,alpha,,fx_level_z_252,0.026001716032624245
292,beta,momentum,,-0.026818694546818733
292,beta,persist,,0.0977548137307167
292,beta,underwater,,0.023248571902513504
292,B,momentum,kospi_return_1d,-0.007058233488351107
292,B,momentum,fx_level_z_252,-0.00036230773548595607
292,B,persist,kospi_return_1d,-0.01802423782646656
292,B,persist,fx_level_z_252,0.011387537233531475
292,B,underwater,kospi_return_1d,-0.00193324766587466
292,B,underwater,fx_level_z_252,-0.030876705422997475
292,alpha,,kospi_return_1d,0.020738855004310608
292,alpha,,fx_level_z_252,0.026247583329677582
293,beta,momentum,,-0.026888854801654816
293,beta,persist,,0.09785855561494827
293,beta,underwater,,0.0233965702354908
293,B,momentum,kospi_return_1d,-0.007280739489942789
293,B,momentum,fx_level_z_252,-0.0005212000687606633
293,B,persist,kospi_return_1d,-0.01781546138226986
293,B,persist,fx_level_z_252,0.011442039161920547
293,B,underwater,kospi_return_1d,-0.0017285689245909452
293,B,underwater,fx_level_z_252,-0.030583826825022697
293,alpha,,kospi_return_1d,0.02074107900261879
293,alpha,,fx_level_z_252,0.02644495479762554
294,beta,momentum,,-0.02694885991513729
294,beta,persist,,0.09793063253164291
294,beta,underwater,,0.023562373593449593
294,B,momentum,kospi_return_1d,-0.007379927672445774
294,B,momentum,fx_level_z_252,-0.0007608490413986146
294,B,persist,kospi_return_1d,-0.01772986724972725
294,B,persist,fx_level_z_252,0.011479263193905354
294,B,underwater,kospi_return_1d,-0.0016757629346102476
294,B,underwater,fx_level_z_252,-0.03031853213906288
294,alpha,,kospi_return_1d,0.020810510963201523
294,alpha,,fx_level_z_252,0.026673516258597374
295,beta,momentum,,-0.027026627212762833
295,beta,persist,,0.09809508919715881
295,beta,underwater,,0.02376609668135643
295,B,momentum,kospi_return_1d,-0.0074723768047988415
295,B,momentum,fx_level_z_252,-0.0009768118616193533
295,B,persist,kospi_return_1d,-0.017771033570170403
295,B,persist,fx_level_z_252,0.01130375824868679
295,B,underwater,kospi_return_1d,-0.0016900323098525405
295,B,underwater,fx_level_z_252,-0.030004160478711128
295,alpha,,kospi_return_1d,0.02066710963845253
295,alpha,,fx_level_z_252,0.026810338720679283
296,beta,momentum,,-0.02700200304389
296,beta,persist,,0.0982704684138298
296,beta,underwater,,0.024014011025428772
296,B,momentum,kospi_return_1d,-0.007400076370686293
296,B,momentum,fx_level_z_252,-0.0011886911233887076
296,B,persist,kospi_return_1d,-0.017692185938358307
296,B,persist,fx_level_z_252,0.011171066202223301
296,B,underwater,kospi_return_1d,-0.0018179634353145957
296,B,underwater,fx_level_z_252,-0.029777569696307182
296,alpha,,kospi_return_1d,0.020554568618535995
296,alpha,,fx_level_z_252,0.02690070867538452
297,beta,momentum,,-0.026959875598549843
297,beta,persist,,0.09861395508050919
297,beta,underwater,,0.024268386885523796
297,B,momentum,kospi_return_1d,-0.007432329468429089
297,B,momentum,fx_level_z_252,-0.0012648776173591614
297,B,persist,kospi_return_1d,-0.017539869993925095
297,B,persist,fx_level_z_252,0.010820051655173302
297,B,underwater,kospi_return_1d,-0.0018589507089927793
297,B,underwater,fx_level_z_252,-0.029681239277124405
297,alpha,,kospi_return_1d,0.02034267969429493
297,alpha,,fx_level_z_252,0.026853730902075768
298,beta,momentum,,-0.026977939531207085
298,beta,persist,,0.09889500588178635
298,beta,underwater,,0.02442055381834507
298,B,momentum,kospi_return_1d,-0.007271306123584509
298,B,momentum,fx_level_z_252,-0.0010799947194755077
298,B,persist,kospi_return_1d,-0.017442185431718826
298,B,persist,fx_level_z_252,0.010438086465001106
298,B,underwater,kospi_return_1d,-0.0019472624408081174
298,B,underwater,fx_level_z_252,-0.029812943190336227
298,alpha,,kospi_return_1d,0.020253006368875504
298,alpha,,fx_level_z_252,0.026864109560847282
299,beta,momentum,,-0.02695421874523163
299,beta,persist,,0.09905599057674408
299,beta,underwater,,0.024562638252973557
299,B,momentum,kospi_return_1d,-0.00697564659640193
299,B,momentum,fx_level_z_252,-0.0010857629822567105
299,B,persist,kospi_return_1d,-0.017423635348677635
299,B,persist,fx_level_z_252,0.010283812880516052
299,B,underwater,kospi_return_1d,-0.0019521763315424323
299,B,underwater,fx_level_z_252,-0.029735373333096504
299,alpha,,kospi_return_1d,0.02020432986319065
299,alpha,,fx_level_z_252,0.02692555822432041
300,beta,momentum,,-0.027113644406199455
300,beta,persist,,0.0992632582783699
300,beta,underwater,,0.024753233417868614
300,B,momentum,kospi_return_1d,-0.006510020233690739
300,B,momentum,fx_level_z_252,-0.0009628107072785497
300,B,persist,kospi_return_1d,-0.01774262823164463
300,B,persist,fx_level_z_252,0.010255126282572746
300,B,underwater,kospi_return_1d,-0.002066652989014983
300,B,underwater,fx_level_z_252,-0.02953278087079525
300,alpha,,kospi_return_1d,0.019984491169452667
300,alpha,,fx_level_z_252,0.026976466178894043
