epoch,parameter,feature,context,weight
0,beta,momentum,,0.0
0,beta,persist,,0.0
0,beta,underwater,,0.0
0,B,momentum,kospi_return_1d,0.0
0,B,momentum,fx_level_z_252,0.0
0,B,persist,kospi_return_1d,0.0
0,B,persist,fx_level_z_252,0.0
0,B,underwater,kospi_return_1d,0.0
0,B,underwater,fx_level_z_252,0.0
0,alpha,,kospi_return_1d,0.0
0,alpha,,fx_level_z_252,0.0
1,beta,momentum,,-0.001993522746488452
1,beta,persist,,0.001982410904020071
1,beta,underwater,,0.0018969589145854115
1,B,momentum,kospi_return_1d,0.0010517770424485207
1,B,momentum,fx_level_z_252,0.0019960724748671055
1,B,persist,kospi_return_1d,-0.0006537293666042387
1,B,persist,fx_level_z_252,-0.001974465325474739
1,B,underwater,kospi_return_1d,-0.001414960017427802
1,B,underwater,fx_level_z_252,-0.0019771717488765717
1,alpha,,kospi_return_1d,-0.0019893147982656956
1,alpha,,fx_level_z_252,0.001990116201341152
2,beta,momentum,,-0.0039779627695679665
2,beta,persist,,0.003954445943236351
2,beta,underwater,,0.0037768620532006025
2,B,momentum,kospi_return_1d,0.0011096358066424727
2,B,momentum,fx_level_z_252,0.003947795368731022
2,B,persist,kospi_return_1d,-0.0001255465904250741
2,B,persist,fx_level_z_252,-0.0038710697554051876
2,B,underwater,kospi_return_1d,-0.0024041002616286278
2,B,underwater,fx_level_z_252,-0.003901176620274782
2,alpha,,kospi_return_1d,-0.003946396056562662
2,alpha,,fx_level_z_252,0.003882957622408867
3,beta,momentum,,-0.0059499884955585
3,beta,persist,,0.005911041516810656
3,beta,underwater,,0.0056800879538059235
3,B,momentum,kospi_return_1d,0.00020890971063636243
3,B,momentum,fx_level_z_252,0.00582433957606554
3,B,persist,kospi_return_1d,0.0003116518200840801
3,B,persist,fx_level_z_252,-0.005565507337450981
3,B,underwater,kospi_return_1d,-0.003683151677250862
3,B,underwater,fx_level_z_252,-0.00574114266782999
3,alpha,,kospi_return_1d,-0.0058645764365792274
3,alpha,,fx_level_z_252,0.005759464111179113
4,beta,momentum,,-0.007889999076724052
4,beta,persist,,0.007849298417568207
4,beta,underwater,,0.0075736502185463905
4,B,momentum,kospi_return_1d,-0.0003792823990806937
4,B,momentum,fx_level_z_252,0.007530752569437027
4,B,persist,kospi_return_1d,0.00034020794555544853
4,B,persist,fx_level_z_252,-0.0069299060851335526
4,B,underwater,kospi_return_1d,-0.005045641679316759
4,B,underwater,fx_level_z_252,-0.007483609486371279
4,alpha,,kospi_return_1d,-0.0076824030838906765
4,alpha,,fx_level_z_252,0.007602956611663103
5,beta,momentum,,-0.009795780293643475
5,beta,persist,,0.009779664687812328
5,beta,underwater,,0.009455463849008083
5,B,momentum,kospi_return_1d,-0.0006222272058948874
5,B,momentum,fx_level_z_252,0.009202246554195881
5,B,persist,kospi_return_1d,0.0005167242488823831
5,B,persist,fx_level_z_252,-0.008347752504050732
5,B,underwater,kospi_return_1d,-0.006263223476707935
5,B,underwater,fx_level_z_252,-0.009207261726260185
5,alpha,,kospi_return_1d,-0.009329634718596935
5,alpha,,fx_level_z_252,0.009437152184545994
6,beta,momentum,,-0.011654717847704887
6,beta,persist,,0.011701579205691814
6,beta,underwater,,0.011302887462079525
6,B,momentum,kospi_return_1d,-0.000959621334914118
6,B,momentum,fx_level_z_252,0.010686070658266544
6,B,persist,kospi_return_1d,0.0007026279345154762
6,B,persist,fx_level_z_252,-0.00971392821520567
6,B,underwater,kospi_return_1d,-0.007231364492326975
6,B,underwater,fx_level_z_252,-0.010871479287743568
6,alpha,,kospi_return_1d,-0.010859249159693718
6,alpha,,fx_level_z_252,0.011251658201217651
7,beta,momentum,,-0.01343794446438551
7,beta,persist,,0.013597989454865456
7,beta,underwater,,0.013109084218740463
7,B,momentum,kospi_return_1d,-0.0008725339430384338
7,B,momentum,fx_level_z_252,0.011890103109180927
7,B,persist,kospi_return_1d,0.0007112756138667464
7,B,persist,fx_level_z_252,-0.010875972919166088
7,B,underwater,kospi_return_1d,-0.008253958076238632
7,B,underwater,fx_level_z_252,-0.012371224351227283
7,alpha,,kospi_return_1d,-0.0122176269069314
7,alpha,,fx_level_z_252,0.013008348643779755
8,beta,momentum,,-0.015146685764193535
8,beta,persist,,0.015456089749932289
8,beta,underwater,,0.014847383834421635
8,B,momentum,kospi_return_1d,-0.000580951978918165
8,B,momentum,fx_level_z_252,0.012843668460845947
8,B,persist,kospi_return_1d,0.000588317692745477
8,B,persist,fx_level_z_252,-0.011954151093959808
8,B,underwater,kospi_return_1d,-0.009167355485260487
8,B,underwater,fx_level_z_252,-0.013810178264975548
8,alpha,,kospi_return_1d,-0.013248329982161522
8,alpha,,fx_level_z_252,0.014716466888785362
9,beta,momentum,,-0.0168080423027277
9,beta,persist,,0.01729881949722767
9,beta,underwater,,0.016516445204615593
9,B,momentum,kospi_return_1d,-0.00026952114421874285
9,B,momentum,fx_level_z_252,0.013639412820339203
9,B,persist,kospi_return_1d,0.0004628111782949418
9,B,persist,fx_level_z_252,-0.012920414097607136
9,B,underwater,kospi_return_1d,-0.009777916595339775
9,B,underwater,fx_level_z_252,-0.015136775560677052
9,alpha,,kospi_return_1d,-0.013957957737147808
9,alpha,,fx_level_z_252,0.016392040997743607
10,beta,momentum,,-0.01841307431459427
10,beta,persist,,0.01910530962049961
10,beta,underwater,,0.01813480257987976
10,B,momentum,kospi_return_1d,5.541645805351436e-06
10,B,momentum,fx_level_z_252,0.014196760021150112
10,B,persist,kospi_return_1d,0.00015290663577616215
10,B,persist,fx_level_z_252,-0.0135573148727417
10,B,underwater,kospi_return_1d,-0.010261335410177708
10,B,underwater,fx_level_z_252,-0.01624729298055172
10,alpha,,kospi_return_1d,-0.014597572386264801
10,alpha,,fx_level_z_252,0.017952028661966324
11,beta,momentum,,-0.01992414891719818
11,beta,persist,,0.020855922251939774
11,beta,underwater,,0.019679905846714973
11,B,momentum,kospi_return_1d,0.0002411732857581228
11,B,momentum,fx_level_z_252,0.0144799267873168
11,B,persist,kospi_return_1d,-0.00024966237833723426
11,B,persist,fx_level_z_252,-0.014005114324390888
11,B,underwater,kospi_return_1d,-0.010555333457887173
11,B,underwater,fx_level_z_252,-0.017224617302417755
11,alpha,,kospi_return_1d,-0.014854248613119125
11,alpha,,fx_level_z_252,0.01938009448349476
12,beta,momentum,,-0.02136756293475628
12,beta,persist,,0.022546006366610527
12,beta,underwater,,0.021161016076803207
12,B,momentum,kospi_return_1d,0.00048382041859440506
12,B,momentum,fx_level_z_252,0.014535757713019848
12,B,persist,kospi_return_1d,-0.000517692300491035
12,B,persist,fx_level_z_252,-0.014372339472174644
12,B,underwater,kospi_return_1d,-0.010758045129477978
12,B,underwater,fx_level_z_252,-0.01802346669137478
12,alpha,,kospi_return_1d,-0.014734252355992794
12,alpha,,fx_level_z_252,0.020777665078639984
13,beta,momentum,,-0.02273521013557911
13,beta,persist,,0.024201981723308563
13,beta,underwater,,0.022572306916117668
13,B,momentum,kospi_return_1d,0.0005353077431209385
13,B,momentum,fx_level_z_252,0.01441582478582859
13,B,persist,kospi_return_1d,-0.0006957253208383918
13,B,persist,fx_level_z_252,-0.014596945606172085
13,B,underwater,kospi_return_1d,-0.010880254209041595
13,B,underwater,fx_level_z_252,-0.01872401125729084
13,alpha,,kospi_return_1d,-0.014440628699958324
13,alpha,,fx_level_z_252,0.02215203084051609
14,beta,momentum,,-0.024017909541726112
14,beta,persist,,0.02581031061708927
14,beta,underwater,,0.02389809489250183
14,B,momentum,kospi_return_1d,0.00045074772788211703
14,B,momentum,fx_level_z_252,0.014065660536289215
14,B,persist,kospi_return_1d,-0.0008836212218739092
14,B,persist,fx_level_z_252,-0.014627085067331791
14,B,underwater,kospi_return_1d,-0.010809767059981823
14,B,underwater,fx_level_z_252,-0.019297493621706963
14,alpha,,kospi_return_1d,-0.014134288765490055
14,alpha,,fx_level_z_252,0.023461146280169487
15,beta,momentum,,-0.02521464228630066
15,beta,persist,,0.027347203344106674
15,beta,underwater,,0.025120960548520088
15,B,momentum,kospi_return_1d,0.0005122169968672097
15,B,momentum,fx_level_z_252,0.013564778491854668
15,B,persist,kospi_return_1d,-0.0010396296856924891
15,B,persist,fx_level_z_252,-0.014599413610994816
15,B,underwater,kospi_return_1d,-0.010490717366337776
15,B,underwater,fx_level_z_252,-0.019870510324835777
15,alpha,,kospi_return_1d,-0.013605494983494282
15,alpha,,fx_level_z_252,0.02470613457262516
16,beta,momentum,,-0.026291679590940475
16,beta,persist,,0.028792770579457283
16,beta,underwater,,0.02621321752667427
16,B,momentum,kospi_return_1d,0.0005557523109018803
16,B,momentum,fx_level_z_252,0.012965798377990723
16,B,persist,kospi_return_1d,-0.0009986110962927341
16,B,persist,fx_level_z_252,-0.014436916448175907
16,B,underwater,kospi_return_1d,-0.009937587194144726
16,B,underwater,fx_level_z_252,-0.02047215774655342
16,alpha,,kospi_return_1d,-0.012730110436677933
16,alpha,,fx_level_z_252,0.02589103765785694
17,beta,momentum,,-0.027262303978204727
17,beta,persist,,0.030210677534341812
17,beta,underwater,,0.0271875262260437
17,B,momentum,kospi_return_1d,0.0005675095017068088
17,B,momentum,fx_level_z_252,0.01225358434021473
17,B,persist,kospi_return_1d,-0.0009407679317519069
17,B,persist,fx_level_z_252,-0.014183026738464832
17,B,underwater,kospi_return_1d,-0.009313848800957203
17,B,underwater,fx_level_z_252,-0.02103554829955101
17,alpha,,kospi_return_1d,-0.011714504100382328
17,alpha,,fx_level_z_252,0.027046477422118187
18,beta,momentum,,-0.02811412699520588
18,beta,persist,,0.03156084939837456
18,beta,underwater,,0.028039196506142616
18,B,momentum,kospi_return_1d,0.0005586535553447902
18,B,momentum,fx_level_z_252,0.011421862058341503
18,B,persist,kospi_return_1d,-0.0008885807474143803
18,B,persist,fx_level_z_252,-0.013782424852252007
18,B,underwater,kospi_return_1d,-0.008657959289848804
18,B,underwater,fx_level_z_252,-0.02153666876256466
18,alpha,,kospi_return_1d,-0.010534665547311306
18,alpha,,fx_level_z_252,0.028092287480831146
19,beta,momentum,,-0.028934407979249954
19,beta,persist,,0.03289280831813812
19,beta,underwater,,0.028783384710550308
19,B,momentum,kospi_return_1d,0.0005807644920423627
19,B,momentum,fx_level_z_252,0.010481572709977627
19,B,persist,kospi_return_1d,-0.0008178175194188952
19,B,persist,fx_level_z_252,-0.013359548524022102
19,B,underwater,kospi_return_1d,-0.00793071836233139
19,B,underwater,fx_level_z_252,-0.022055668756365776
19,alpha,,kospi_return_1d,-0.009393936023116112
19,alpha,,fx_level_z_252,0.02904871292412281
20,beta,momentum,,-0.029695063829421997
20,beta,persist,,0.03417080268263817
20,beta,underwater,,0.029426077380776405
20,B,momentum,kospi_return_1d,0.0006447975756600499
20,B,momentum,fx_level_z_252,0.009507616981863976
20,B,persist,kospi_return_1d,-0.0009050130611285567
20,B,persist,fx_level_z_252,-0.012826157733798027
20,B,underwater,kospi_return_1d,-0.00716713210567832
20,B,underwater,fx_level_z_252,-0.022520622238516808
20,alpha,,kospi_return_1d,-0.008097980171442032
20,alpha,,fx_level_z_252,0.02995028719305992
21,beta,momentum,,-0.03041728585958481
21,beta,persist,,0.035449132323265076
21,beta,underwater,,0.03004183992743492
21,B,momentum,kospi_return_1d,0.0006846535252407193
21,B,momentum,fx_level_z_252,0.008358859457075596
21,B,persist,kospi_return_1d,-0.0010321269510313869
21,B,persist,fx_level_z_252,-0.01212772261351347
21,B,underwater,kospi_return_1d,-0.006400668993592262
21,B,underwater,fx_level_z_252,-0.02281431294977665
21,alpha,,kospi_return_1d,-0.006872470956295729
21,alpha,,fx_level_z_252,0.030768580734729767
22,beta,momentum,,-0.031023075804114342
22,beta,persist,,0.03671885281801224
22,beta,underwater,,0.03057768940925598
22,B,momentum,kospi_return_1d,0.0009796053636819124
22,B,momentum,fx_level_z_252,0.007187169045209885
22,B,persist,kospi_return_1d,-0.0011071659391745925
22,B,persist,fx_level_z_252,-0.011453279294073582
22,B,underwater,kospi_return_1d,-0.005575137212872505
22,B,underwater,fx_level_z_252,-0.023123370483517647
22,alpha,,kospi_return_1d,-0.005581040866672993
22,alpha,,fx_level_z_252,0.03154643625020981
23,beta,momentum,,-0.03159477934241295
23,beta,persist,,0.03793998062610626
23,beta,underwater,,0.031057385727763176
23,B,momentum,kospi_return_1d,0.0011156774125993252
23,B,momentum,fx_level_z_252,0.006049238611012697
23,B,persist,kospi_return_1d,-0.0011845567496493459
23,B,persist,fx_level_z_252,-0.010782886296510696
23,B,underwater,kospi_return_1d,-0.0047728572972118855
23,B,underwater,fx_level_z_252,-0.02355586737394333
23,alpha,,kospi_return_1d,-0.004262816626578569
23,alpha,,fx_level_z_252,0.03221527487039566
24,beta,momentum,,-0.032081667333841324
24,beta,persist,,0.03913234546780586
24,beta,underwater,,0.03151030093431473
24,B,momentum,kospi_return_1d,0.0013886241940781474
24,B,momentum,fx_level_z_252,0.004879223182797432
24,B,persist,kospi_return_1d,-0.0014030911261215806
24,B,persist,fx_level_z_252,-0.010055453516542912
24,B,underwater,kospi_return_1d,-0.004114650189876556
24,B,underwater,fx_level_z_252,-0.024025751277804375
24,alpha,,kospi_return_1d,-0.002883192151784897
24,alpha,,fx_level_z_252,0.03288266435265541
25,beta,momentum,,-0.03254573419690132
25,beta,persist,,0.040326837450265884
25,beta,underwater,,0.03188587352633476
25,B,momentum,kospi_return_1d,0.0018016088288277388
25,B,momentum,fx_level_z_252,0.0036448915489017963
25,B,persist,kospi_return_1d,-0.0016059427289292216
25,B,persist,fx_level_z_252,-0.009376304224133492
25,B,underwater,kospi_return_1d,-0.00359896058216691
25,B,underwater,fx_level_z_252,-0.024533918127417564
25,alpha,,kospi_return_1d,-0.0014787507243454456
25,alpha,,fx_level_z_252,0.0334269180893898
26,beta,momentum,,-0.03298460692167282
26,beta,persist,,0.041495587676763535
26,beta,underwater,,0.032247044146060944
26,B,momentum,kospi_return_1d,0.0019152573077008128
26,B,momentum,fx_level_z_252,0.0024233832955360413
26,B,persist,kospi_return_1d,-0.001883135293610394
26,B,persist,fx_level_z_252,-0.008689863607287407
26,B,underwater,kospi_return_1d,-0.0030623001512140036
26,B,underwater,fx_level_z_252,-0.02496463991701603
26,alpha,,kospi_return_1d,-9.561999468132854e-05
26,alpha,,fx_level_z_252,0.03396616876125336
27,beta,momentum,,-0.03335738927125931
27,beta,persist,,0.04263831302523613
27,beta,underwater,,0.03256617859005928
27,B,momentum,kospi_return_1d,0.0020979433320462704
27,B,momentum,fx_level_z_252,0.0011838157661259174
27,B,persist,kospi_return_1d,-0.002242851769551635
27,B,persist,fx_level_z_252,-0.007981637492775917
27,B,underwater,kospi_return_1d,-0.0027183685451745987
27,B,underwater,fx_level_z_252,-0.025341322645545006
27,alpha,,kospi_return_1d,0.0012044215109199286
27,alpha,,fx_level_z_252,0.034419044852256775
28,beta,momentum,,-0.033713120967149734
28,beta,persist,,0.043745990842580795
28,beta,underwater,,0.03282150253653526
28,B,momentum,kospi_return_1d,0.002185357268899679
28,B,momentum,fx_level_z_252,5.677691660821438e-05
28,B,persist,kospi_return_1d,-0.002621588297188282
28,B,persist,fx_level_z_252,-0.007408773992210627
28,B,underwater,kospi_return_1d,-0.0024237195029854774
28,B,underwater,fx_level_z_252,-0.025734663009643555
28,alpha,,kospi_return_1d,0.002472223713994026
28,alpha,,fx_level_z_252,0.034784696996212006
29,beta,momentum,,-0.033989615738391876
29,beta,persist,,0.04484379664063454
29,beta,underwater,,0.03303370997309685
29,B,momentum,kospi_return_1d,0.0022282933350652456
29,B,momentum,fx_level_z_252,-0.0009841753635555506
29,B,persist,kospi_return_1d,-0.0029080647509545088
29,B,persist,fx_level_z_252,-0.006869974546134472
29,B,underwater,kospi_return_1d,-0.001946082105860114
29,B,underwater,fx_level_z_252,-0.026126207783818245
29,alpha,,kospi_return_1d,0.0036151581443846226
29,alpha,,fx_level_z_252,0.035084400326013565
30,beta,momentum,,-0.034272339195013046
30,beta,persist,,0.04592621698975563
30,beta,underwater,,0.03317732736468315
30,B,momentum,kospi_return_1d,0.0020557986572384834
30,B,momentum,fx_level_z_252,-0.0018021888099610806
30,B,persist,kospi_return_1d,-0.0031989950221031904
30,B,persist,fx_level_z_252,-0.0063004749827086926
30,B,underwater,kospi_return_1d,-0.0014573902590200305
30,B,underwater,fx_level_z_252,-0.026527846232056618
30,alpha,,kospi_return_1d,0.00465585570782423
30,alpha,,fx_level_z_252,0.03527085855603218
31,beta,momentum,,-0.034580789506435394
31,beta,persist,,0.0469781830906868
31,beta,underwater,,0.03330834582448006
31,B,momentum,kospi_return_1d,0.0018240857170894742
31,B,momentum,fx_level_z_252,-0.0023320396430790424
31,B,persist,kospi_return_1d,-0.0033564947079867125
31,B,persist,fx_level_z_252,-0.0057394481264054775
31,B,underwater,kospi_return_1d,-0.0008778345072641969
31,B,underwater,fx_level_z_252,-0.02703404799103737
31,alpha,,kospi_return_1d,0.005678572226315737
31,alpha,,fx_level_z_252,0.0354197658598423
32,beta,momentum,,-0.034874651581048965
32,beta,persist,,0.04802221804857254
32,beta,underwater,,0.03345287963747978
32,B,momentum,kospi_return_1d,0.0015820963308215141
32,B,momentum,fx_level_z_252,-0.0026674815453588963
32,B,persist,kospi_return_1d,-0.0036117786075919867
32,B,persist,fx_level_z_252,-0.005281776189804077
32,B,underwater,kospi_return_1d,-0.00042378969374112785
32,B,underwater,fx_level_z_252,-0.02762352116405964
32,alpha,,kospi_return_1d,0.00654397951439023
32,alpha,,fx_level_z_252,0.03560229390859604
33,beta,momentum,,-0.035146307200193405
33,beta,persist,,0.04909803345799446
33,beta,underwater,,0.033607933670282364
33,B,momentum,kospi_return_1d,0.0012376717058941722
33,B,momentum,fx_level_z_252,-0.002827998250722885
33,B,persist,kospi_return_1d,-0.0036356914788484573
33,B,persist,fx_level_z_252,-0.005116826854646206
33,B,underwater,kospi_return_1d,0.00023779069306328893
33,B,underwater,fx_level_z_252,-0.028315529227256775
33,alpha,,kospi_return_1d,0.00738905044272542
33,alpha,,fx_level_z_252,0.0358208604156971
34,beta,momentum,,-0.03538413718342781
34,beta,persist,,0.0501764714717865
34,beta,underwater,,0.03374065086245537
34,B,momentum,kospi_return_1d,0.0010714455274865031
34,B,momentum,fx_level_z_252,-0.0029480180237442255
34,B,persist,kospi_return_1d,-0.0037738115061074495
34,B,persist,fx_level_z_252,-0.004709184635430574
34,B,underwater,kospi_return_1d,0.0007077496265992522
34,B,underwater,fx_level_z_252,-0.02885955385863781
34,alpha,,kospi_return_1d,0.008022145368158817
34,alpha,,fx_level_z_252,0.03593641147017479
35,beta,momentum,,-0.03558574616909027
35,beta,persist,,0.05127283185720444
35,beta,underwater,,0.0337943509221077
35,B,momentum,kospi_return_1d,0.0008919682586565614
35,B,momentum,fx_level_z_252,-0.00303616258315742
35,B,persist,kospi_return_1d,-0.003898939350619912
35,B,persist,fx_level_z_252,-0.004442734178155661
35,B,underwater,kospi_return_1d,0.0009056046255864203
35,B,underwater,fx_level_z_252,-0.029472917318344116
35,alpha,,kospi_return_1d,0.008585665374994278
35,alpha,,fx_level_z_252,0.03594733774662018
36,beta,momentum,,-0.03569149225950241
36,beta,persist,,0.052364643663167953
36,beta,underwater,,0.03382702171802521
36,B,momentum,kospi_return_1d,0.0007216409430839121
36,B,momentum,fx_level_z_252,-0.0030805461574345827
36,B,persist,kospi_return_1d,-0.004033717792481184
36,B,persist,fx_level_z_252,-0.004279610235244036
36,B,underwater,kospi_return_1d,0.0009713239851407707
36,B,underwater,fx_level_z_252,-0.030153609812259674
36,alpha,,kospi_return_1d,0.009043791331350803
36,alpha,,fx_level_z_252,0.03599442541599274
37,beta,momentum,,-0.03577488288283348
37,beta,persist,,0.05342357978224754
37,beta,underwater,,0.03379858285188675
37,B,momentum,kospi_return_1d,0.0006357408128678799
37,B,momentum,fx_level_z_252,-0.003064299002289772
37,B,persist,kospi_return_1d,-0.004224893171340227
37,B,persist,fx_level_z_252,-0.004048662260174751
37,B,underwater,kospi_return_1d,0.0007934070890769362
37,B,underwater,fx_level_z_252,-0.03078615665435791
37,alpha,,kospi_return_1d,0.009568175300955772
37,alpha,,fx_level_z_252,0.036003563553094864
38,beta,momentum,,-0.035883985459804535
38,beta,persist,,0.05448246747255325
38,beta,underwater,,0.033733803778886795
38,B,momentum,kospi_return_1d,0.0006783102871850133
38,B,momentum,fx_level_z_252,-0.0029015657491981983
38,B,persist,kospi_return_1d,-0.004576185252517462
38,B,persist,fx_level_z_252,-0.003850958775728941
38,B,underwater,kospi_return_1d,0.00042270132689736784
38,B,underwater,fx_level_z_252,-0.0313400998711586
38,alpha,,kospi_return_1d,0.010101660154759884
38,alpha,,fx_level_z_252,0.035957951098680496
39,beta,momentum,,-0.03596877679228783
39,beta,persist,,0.055531229823827744
39,beta,underwater,,0.03365779668092728
39,B,momentum,kospi_return_1d,0.0006114752031862736
39,B,momentum,fx_level_z_252,-0.00275455042719841
39,B,persist,kospi_return_1d,-0.0048459796234965324
39,B,persist,fx_level_z_252,-0.003543643746525049
39,B,underwater,kospi_return_1d,0.00010336827835999429
39,B,underwater,fx_level_z_252,-0.03180390223860741
39,alpha,,kospi_return_1d,0.010521238669753075
39,alpha,,fx_level_z_252,0.03575337678194046
40,beta,momentum,,-0.03597085177898407
40,beta,persist,,0.056545987725257874
40,beta,underwater,,0.03358785808086395
40,B,momentum,kospi_return_1d,0.0006148560205474496
40,B,momentum,fx_level_z_252,-0.0027540193405002356
40,B,persist,kospi_return_1d,-0.005134365521371365
40,B,persist,fx_level_z_252,-0.00308250286616385
40,B,underwater,kospi_return_1d,-0.0003444733447395265
40,B,underwater,fx_level_z_252,-0.032090924680233
40,alpha,,kospi_return_1d,0.011015300638973713
40,alpha,,fx_level_z_252,0.03551119938492775
41,beta,momentum,,-0.035904522985219955
41,beta,persist,,0.05757839232683182
41,beta,underwater,,0.033475205302238464
41,B,momentum,kospi_return_1d,0.0007641082047484815
41,B,momentum,fx_level_z_252,-0.0027099978178739548
41,B,persist,kospi_return_1d,-0.005253753159195185
41,B,persist,fx_level_z_252,-0.0027264750096946955
41,B,underwater,kospi_return_1d,-0.0006736217765137553
41,B,underwater,fx_level_z_252,-0.03235733136534691
41,alpha,,kospi_return_1d,0.01144067570567131
41,alpha,,fx_level_z_252,0.03520696237683296
42,beta,momentum,,-0.03576319292187691
42,beta,persist,,0.05862012505531311
42,beta,underwater,,0.03331555053591728
42,B,momentum,kospi_return_1d,0.0010416486766189337
42,B,momentum,fx_level_z_252,-0.0028074467554688454
42,B,persist,kospi_return_1d,-0.005353487562388182
42,B,persist,fx_level_z_252,-0.0024377170484513044
42,B,underwater,kospi_return_1d,-0.0009579572360962629
42,B,underwater,fx_level_z_252,-0.03249344602227211
42,alpha,,kospi_return_1d,0.011867384426295757
42,alpha,,fx_level_z_252,0.034859590232372284
43,beta,momentum,,-0.035687536001205444
43,beta,persist,,0.05964846909046173
43,beta,underwater,,0.03312627971172333
43,B,momentum,kospi_return_1d,0.0012408322654664516
43,B,momentum,fx_level_z_252,-0.0029151441995054483
43,B,persist,kospi_return_1d,-0.005486697889864445
43,B,persist,fx_level_z_252,-0.0020838677883148193
43,B,underwater,kospi_return_1d,-0.0012177531607449055
43,B,underwater,fx_level_z_252,-0.032519757747650146
43,alpha,,kospi_return_1d,0.012217925861477852
43,alpha,,fx_level_z_252,0.03445126861333847
44,beta,momentum,,-0.035541925579309464
44,beta,persist,,0.06066090241074562
44,beta,underwater,,0.03282880410552025
44,B,momentum,kospi_return_1d,0.0013956886250525713
44,B,momentum,fx_level_z_252,-0.0030696108005940914
44,B,persist,kospi_return_1d,-0.005474805366247892
44,B,persist,fx_level_z_252,-0.001751476083882153
44,B,underwater,kospi_return_1d,-0.0011657034046947956
44,B,underwater,fx_level_z_252,-0.032633211463689804
44,alpha,,kospi_return_1d,0.012578343972563744
44,alpha,,fx_level_z_252,0.03396010771393776
45,beta,momentum,,-0.03534112125635147
45,beta,persist,,0.061604853719472885
45,beta,underwater,,0.03249919414520264
45,B,momentum,kospi_return_1d,0.0015548409428447485
45,B,momentum,fx_level_z_252,-0.003281080164015293
45,B,persist,kospi_return_1d,-0.005525548476725817
45,B,persist,fx_level_z_252,-0.0015437356196343899
45,B,underwater,kospi_return_1d,-0.0011244952911511064
45,B,underwater,fx_level_z_252,-0.032731324434280396
45,alpha,,kospi_return_1d,0.012956256978213787
45,alpha,,fx_level_z_252,0.03346340358257294
46,beta,momentum,,-0.03504133224487305
46,beta,persist,,0.06252031773328781
46,beta,underwater,,0.03212277963757515
46,B,momentum,kospi_return_1d,0.0016396678984165192
46,B,momentum,fx_level_z_252,-0.003523670369759202
46,B,persist,kospi_return_1d,-0.005612802226096392
46,B,persist,fx_level_z_252,-0.001469096285291016
46,B,underwater,kospi_return_1d,-0.000958656775765121
46,B,underwater,fx_level_z_252,-0.03289913386106491
46,alpha,,kospi_return_1d,0.013359135948121548
46,alpha,,fx_level_z_252,0.032924897968769073
47,beta,momentum,,-0.03478196635842323
47,beta,persist,,0.06344401836395264
47,beta,underwater,,0.03182496875524521
47,B,momentum,kospi_return_1d,0.0017774832667782903
47,B,momentum,fx_level_z_252,-0.0037096450105309486
47,B,persist,kospi_return_1d,-0.005718881264328957
47,B,persist,fx_level_z_252,-0.0013611228205263615
47,B,underwater,kospi_return_1d,-0.0008740029879845679
47,B,underwater,fx_level_z_252,-0.032941896468400955
47,alpha,,kospi_return_1d,0.01372617669403553
47,alpha,,fx_level_z_252,0.03251214697957039
48,beta,momentum,,-0.03453521430492401
48,beta,persist,,0.06433981657028198
48,beta,underwater,,0.03154241293668747
48,B,momentum,kospi_return_1d,0.001792335999198258
48,B,momentum,fx_level_z_252,-0.003868897445499897
48,B,persist,kospi_return_1d,-0.0055664232932031155
48,B,persist,fx_level_z_252,-0.0012134464923292398
48,B,underwater,kospi_return_1d,-0.000634018681012094
48,B,underwater,fx_level_z_252,-0.03297017887234688
48,alpha,,kospi_return_1d,0.014213955961167812
48,alpha,,fx_level_z_252,0.03210435435175896
49,beta,momentum,,-0.03426966071128845
49,beta,persist,,0.06520607322454453
49,beta,underwater,,0.03125050663948059
49,B,momentum,kospi_return_1d,0.0017357526812702417
49,B,momentum,fx_level_z_252,-0.0041183168068528175
49,B,persist,kospi_return_1d,-0.005443880800157785
49,B,persist,fx_level_z_252,-0.0010482296347618103
49,B,underwater,kospi_return_1d,-0.00040839132270775735
49,B,underwater,fx_level_z_252,-0.03282932937145233
49,alpha,,kospi_return_1d,0.014734694734215736
49,alpha,,fx_level_z_252,0.031638190150260925
50,beta,momentum,,-0.03401544690132141
50,beta,persist,,0.06600174307823181
50,beta,underwater,,0.030941149219870567
50,B,momentum,kospi_return_1d,0.001957986503839493
50,B,momentum,fx_level_z_252,-0.00434679351747036
50,B,persist,kospi_return_1d,-0.005457743536680937
50,B,persist,fx_level_z_252,-0.0007768170908093452
50,B,underwater,kospi_return_1d,-0.00022447705850936472
50,B,underwater,fx_level_z_252,-0.032769907265901566
50,alpha,,kospi_return_1d,0.015412738546729088
50,alpha,,fx_level_z_252,0.03134826943278313
51,beta,momentum,,-0.033766452223062515
51,beta,persist,,0.06677982956171036
51,beta,underwater,,0.030652236193418503
51,B,momentum,kospi_return_1d,0.0021302709355950356
51,B,momentum,fx_level_z_252,-0.004584441892802715
51,B,persist,kospi_return_1d,-0.005510421935468912
51,B,persist,fx_level_z_252,-0.0004956413758918643
51,B,underwater,kospi_return_1d,-0.0001360949972877279
51,B,underwater,fx_level_z_252,-0.03268909826874733
51,alpha,,kospi_return_1d,0.016180507838726044
51,alpha,,fx_level_z_252,0.031160961836576462
52,beta,momentum,,-0.03358231484889984
52,beta,persist,,0.06756310164928436
52,beta,underwater,,0.03037983924150467
52,B,momentum,kospi_return_1d,0.0021747334394603968
52,B,momentum,fx_level_z_252,-0.004655864555388689
52,B,persist,kospi_return_1d,-0.005543196108192205
52,B,persist,fx_level_z_252,-0.0002673724084161222
52,B,underwater,kospi_return_1d,-9.103546472033486e-05
52,B,underwater,fx_level_z_252,-0.03258461505174637
52,alpha,,kospi_return_1d,0.016914675012230873
52,alpha,,fx_level_z_252,0.031039535999298096
53,beta,momentum,,-0.033390384167432785
53,beta,persist,,0.06835808604955673
53,beta,underwater,,0.03013860434293747
53,B,momentum,kospi_return_1d,0.0021541991736739874
53,B,momentum,fx_level_z_252,-0.0047592041082680225
53,B,persist,kospi_return_1d,-0.005454251077026129
53,B,persist,fx_level_z_252,-5.594352842308581e-06
53,B,underwater,kospi_return_1d,-7.512819138355553e-06
53,B,underwater,fx_level_z_252,-0.032476361840963364
53,alpha,,kospi_return_1d,0.017605174332857132
53,alpha,,fx_level_z_252,0.030999818816781044
54,beta,momentum,,-0.03319273144006729
54,beta,persist,,0.06919731199741364
54,beta,underwater,,0.029897013679146767
54,B,momentum,kospi_return_1d,0.0021562245674431324
54,B,momentum,fx_level_z_252,-0.004883601795881987
54,B,persist,kospi_return_1d,-0.005369092337787151
54,B,persist,fx_level_z_252,0.00015460429131053388
54,B,underwater,kospi_return_1d,7.983679097378626e-05
54,B,underwater,fx_level_z_252,-0.03239774331450462
54,alpha,,kospi_return_1d,0.018244264647364616
54,alpha,,fx_level_z_252,0.031072132289409637
55,beta,momentum,,-0.03291524946689606
55,beta,persist,,0.07002118229866028
55,beta,underwater,,0.029703378677368164
55,B,momentum,kospi_return_1d,0.0020149999763816595
55,B,momentum,fx_level_z_252,-0.005032084882259369
55,B,persist,kospi_return_1d,-0.0051759169436991215
55,B,persist,fx_level_z_252,0.0002453112101648003
55,B,underwater,kospi_return_1d,0.00010869394463952631
55,B,underwater,fx_level_z_252,-0.032336462289094925
55,alpha,,kospi_return_1d,0.018708311021327972
55,alpha,,fx_level_z_252,0.03109477460384369
56,beta,momentum,,-0.03266271948814392
56,beta,persist,,0.07084285467863083
56,beta,underwater,,0.029592977836728096
56,B,momentum,kospi_return_1d,0.0019590011797845364
56,B,momentum,fx_level_z_252,-0.0051450892351567745
56,B,persist,kospi_return_1d,-0.004987717606127262
56,B,persist,fx_level_z_252,0.0002275846927659586
56,B,underwater,kospi_return_1d,-0.0001536679919809103
56,B,underwater,fx_level_z_252,-0.03223001956939697
56,alpha,,kospi_return_1d,0.019086012616753578
56,alpha,,fx_level_z_252,0.03114433027803898
57,beta,momentum,,-0.03249557316303253
57,beta,persist,,0.0716201439499855
57,beta,underwater,,0.029540974646806717
57,B,momentum,kospi_return_1d,0.0019524621311575174
57,B,momentum,fx_level_z_252,-0.005269481800496578
57,B,persist,kospi_return_1d,-0.00491453567519784
57,B,persist,fx_level_z_252,0.00022550042194779962
57,B,underwater,kospi_return_1d,-0.0005410709418356419
57,B,underwater,fx_level_z_252,-0.032037150114774704
57,alpha,,kospi_return_1d,0.0194496288895607
57,alpha,,fx_level_z_252,0.031111041083931923
58,beta,momentum,,-0.03235531598329544
58,beta,persist,,0.07232504338026047
58,beta,underwater,,0.029471689835190773
58,B,momentum,kospi_return_1d,0.0018350891768932343
58,B,momentum,fx_level_z_252,-0.005280438344925642
58,B,persist,kospi_return_1d,-0.004903663415461779
58,B,persist,fx_level_z_252,0.00017249099619220942
58,B,underwater,kospi_return_1d,-0.0009517990984022617
58,B,underwater,fx_level_z_252,-0.031820982694625854
58,alpha,,kospi_return_1d,0.019907724112272263
58,alpha,,fx_level_z_252,0.030970392748713493
59,beta,momentum,,-0.032263338565826416
59,beta,persist,,0.0730111300945282
59,beta,underwater,,0.029358886182308197
59,B,momentum,kospi_return_1d,0.0016966935945674777
59,B,momentum,fx_level_z_252,-0.005130268633365631
59,B,persist,kospi_return_1d,-0.004893604665994644
59,B,persist,fx_level_z_252,-3.574234142433852e-05
59,B,underwater,kospi_return_1d,-0.0013182263355702162
59,B,underwater,fx_level_z_252,-0.03174165263772011
59,alpha,,kospi_return_1d,0.020291360095143318
59,alpha,,fx_level_z_252,0.03082679584622383
60,beta,momentum,,-0.03215939179062843
60,beta,persist,,0.07369590550661087
60,beta,underwater,,0.029277803376317024
60,B,momentum,kospi_return_1d,0.0015820622211322188
60,B,momentum,fx_level_z_252,-0.00482007535174489
60,B,persist,kospi_return_1d,-0.004812802188098431
60,B,persist,fx_level_z_252,-0.0003152020217385143
60,B,underwater,kospi_return_1d,-0.0015798627864569426
60,B,underwater,fx_level_z_252,-0.03183821961283684
60,alpha,,kospi_return_1d,0.020631937310099602
60,alpha,,fx_level_z_252,0.030708767473697662
61,beta,momentum,,-0.03204461559653282
61,beta,persist,,0.07437454909086227
61,beta,underwater,,0.02918151766061783
61,B,momentum,kospi_return_1d,0.001648788689635694
61,B,momentum,fx_level_z_252,-0.004577615298330784
61,B,persist,kospi_return_1d,-0.004849561490118504
61,B,persist,fx_level_z_252,-0.0004711624642368406
61,B,underwater,kospi_return_1d,-0.0018641717033460736
61,B,underwater,fx_level_z_252,-0.03184376284480095
61,alpha,,kospi_return_1d,0.020948924124240875
61,alpha,,fx_level_z_252,0.03052678517997265
62,beta,momentum,,-0.03195418417453766
62,beta,persist,,0.07509562373161316
62,beta,underwater,,0.029111772775650024
62,B,momentum,kospi_return_1d,0.001683690119534731
62,B,momentum,fx_level_z_252,-0.004502501804381609
62,B,persist,kospi_return_1d,-0.004845898598432541
62,B,persist,fx_level_z_252,-0.0006546720396727324
62,B,underwater,kospi_return_1d,-0.00199417513795197
62,B,underwater,fx_level_z_252,-0.03181289881467819
62,alpha,,kospi_return_1d,0.021096939221024513
62,alpha,,fx_level_z_252,0.030429042875766754
63,beta,momentum,,-0.03196849301457405
63,beta,persist,,0.07582896947860718
63,beta,underwater,,0.02904166467487812
63,B,momentum,kospi_return_1d,0.0018865247257053852
63,B,momentum,fx_level_z_252,-0.004399437922984362
63,B,persist,kospi_return_1d,-0.0050080218352377415
63,B,persist,fx_level_z_252,-0.0007652752101421356
63,B,underwater,kospi_return_1d,-0.002244719071313739
63,B,underwater,fx_level_z_252,-0.03176049143075943
63,alpha,,kospi_return_1d,0.021277209743857384
63,alpha,,fx_level_z_252,0.030270809307694435
64,beta,momentum,,-0.031983353197574615
64,beta,persist,,0.07657961547374725
64,beta,underwater,,0.028999151661992073
64,B,momentum,kospi_return_1d,0.002087328350171447
64,B,momentum,fx_level_z_252,-0.004224248230457306
64,B,persist,kospi_return_1d,-0.005183613393455744
64,B,persist,fx_level_z_252,-0.0007383861811831594
64,B,underwater,kospi_return_1d,-0.0024765091948211193
64,B,underwater,fx_level_z_252,-0.03176353871822357
64,alpha,,kospi_return_1d,0.021449372172355652
64,alpha,,fx_level_z_252,0.030183302238583565
65,beta,momentum,,-0.03194242715835571
65,beta,persist,,0.07730710506439209
65,beta,underwater,,0.028902897611260414
65,B,momentum,kospi_return_1d,0.0020584496669471264
65,B,momentum,fx_level_z_252,-0.00408212561160326
65,B,persist,kospi_return_1d,-0.0053809271194040775
65,B,persist,fx_level_z_252,-0.0006769203464500606
65,B,underwater,kospi_return_1d,-0.002706654369831085
65,B,underwater,fx_level_z_252,-0.03169097378849983
65,alpha,,kospi_return_1d,0.02143244445323944
65,alpha,,fx_level_z_252,0.030018914490938187
66,beta,momentum,,-0.031815819442272186
66,beta,persist,,0.07795053720474243
66,beta,underwater,,0.028702648356556892
66,B,momentum,kospi_return_1d,0.0018559886375442147
66,B,momentum,fx_level_z_252,-0.003955003339797258
66,B,persist,kospi_return_1d,-0.005406651180237532
66,B,persist,fx_level_z_252,-0.0004796197754330933
66,B,underwater,kospi_return_1d,-0.0026996948290616274
66,B,underwater,fx_level_z_252,-0.03177860006690025
66,alpha,,kospi_return_1d,0.021507298573851585
66,alpha,,fx_level_z_252,0.029936200007796288
67,beta,momentum,,-0.031742293387651443
67,beta,persist,,0.0786367803812027
67,beta,underwater,,0.028488965705037117
67,B,momentum,kospi_return_1d,0.0016812869580462575
67,B,momentum,fx_level_z_252,-0.0037192110903561115
67,B,persist,kospi_return_1d,-0.005649898666888475
67,B,persist,fx_level_z_252,-0.0003636571054812521
67,B,underwater,kospi_return_1d,-0.0025653582997620106
67,B,underwater,fx_level_z_252,-0.03197084367275238
67,alpha,,kospi_return_1d,0.021495148539543152
67,alpha,,fx_level_z_252,0.02995496243238449
68,beta,momentum,,-0.031637195497751236
68,beta,persist,,0.0793401300907135
68,beta,underwater,,0.028266625478863716
68,B,momentum,kospi_return_1d,0.0014144377782940865
68,B,momentum,fx_level_z_252,-0.00353932729922235
68,B,persist,kospi_return_1d,-0.00575537933036685
68,B,persist,fx_level_z_252,-0.00025440205354243517
68,B,underwater,kospi_return_1d,-0.0022680312395095825
68,B,underwater,fx_level_z_252,-0.032163139432668686
68,alpha,,kospi_return_1d,0.02148410677909851
68,alpha,,fx_level_z_252,0.03003036230802536
69,beta,momentum,,-0.03146260231733322
69,beta,persist,,0.08001288771629333
69,beta,underwater,,0.028025539591908455
69,B,momentum,kospi_return_1d,0.001303961151279509
69,B,momentum,fx_level_z_252,-0.0034005967900156975
69,B,persist,kospi_return_1d,-0.005907112266868353
69,B,persist,fx_level_z_252,1.3902121281716973e-05
69,B,underwater,kospi_return_1d,-0.002057755133137107
69,B,underwater,fx_level_z_252,-0.0322197861969471
69,alpha,,kospi_return_1d,0.02146710269153118
69,alpha,,fx_level_z_252,0.03003951907157898
70,beta,momentum,,-0.031229332089424133
70,beta,persist,,0.08072798699140549
70,beta,underwater,,0.02790403738617897
70,B,momentum,kospi_return_1d,0.001316719688475132
70,B,momentum,fx_level_z_252,-0.0033306863624602556
70,B,persist,kospi_return_1d,-0.006171208340674639
70,B,persist,fx_level_z_252,8.356279431609437e-05
70,B,underwater,kospi_return_1d,-0.0020784349180758
70,B,underwater,fx_level_z_252,-0.032053641974925995
70,alpha,,kospi_return_1d,0.021445265039801598
70,alpha,,fx_level_z_252,0.030081797391176224
71,beta,momentum,,-0.031041422858834267
71,beta,persist,,0.08140268176794052
71,beta,underwater,,0.02781881019473076
71,B,momentum,kospi_return_1d,0.001413046265952289
71,B,momentum,fx_level_z_252,-0.0033174557611346245
71,B,persist,kospi_return_1d,-0.006459032651036978
71,B,persist,fx_level_z_252,0.00010397343430668116
71,B,underwater,kospi_return_1d,-0.0021286902483552694
71,B,underwater,fx_level_z_252,-0.03188338503241539
71,alpha,,kospi_return_1d,0.02150038257241249
71,alpha,,fx_level_z_252,0.03005574457347393
72,beta,momentum,,-0.030848616734147072
72,beta,persist,,0.08203284442424774
72,beta,underwater,,0.02779252640902996
72,B,momentum,kospi_return_1d,0.0014949608594179153
72,B,momentum,fx_level_z_252,-0.0031914112623780966
72,B,persist,kospi_return_1d,-0.006475740112364292
72,B,persist,fx_level_z_252,7.556930358987302e-05
72,B,underwater,kospi_return_1d,-0.0019452398410066962
72,B,underwater,fx_level_z_252,-0.03177250921726227
72,alpha,,kospi_return_1d,0.021740872412919998
72,alpha,,fx_level_z_252,0.030093125998973846
73,beta,momentum,,-0.030690718442201614
73,beta,persist,,0.08268184959888458
73,beta,underwater,,0.027820376679301262
73,B,momentum,kospi_return_1d,0.0014882805990055203
73,B,momentum,fx_level_z_252,-0.002958637662231922
73,B,persist,kospi_return_1d,-0.0063653853721916676
73,B,persist,fx_level_z_252,-0.00011116920359199867
73,B,underwater,kospi_return_1d,-0.0016186604043468833
73,B,underwater,fx_level_z_252,-0.03186973184347153
73,alpha,,kospi_return_1d,0.021864568814635277
73,alpha,,fx_level_z_252,0.030258025974035263
74,beta,momentum,,-0.030476445332169533
74,beta,persist,,0.0832909494638443
74,beta,underwater,,0.02777094580233097
74,B,momentum,kospi_return_1d,0.0015434690285474062
74,B,momentum,fx_level_z_252,-0.0027699104975908995
74,B,persist,kospi_return_1d,-0.0064481752924621105
74,B,persist,fx_level_z_252,-0.00010032313730334863
74,B,underwater,kospi_return_1d,-0.0013937953626736999
74,B,underwater,fx_level_z_252,-0.03192736580967903
74,alpha,,kospi_return_1d,0.022049875929951668
74,alpha,,fx_level_z_252,0.030359352007508278
75,beta,momentum,,-0.03035702556371689
75,beta,persist,,0.08383353799581528
75,beta,underwater,,0.02766493894159794
75,B,momentum,kospi_return_1d,0.0015051758382469416
75,B,momentum,fx_level_z_252,-0.002634893637150526
75,B,persist,kospi_return_1d,-0.00653260201215744
75,B,persist,fx_level_z_252,-9.92793939076364e-05
75,B,underwater,kospi_return_1d,-0.0012533643748611212
75,B,underwater,fx_level_z_252,-0.031924791634082794
75,alpha,,kospi_return_1d,0.02235388197004795
75,alpha,,fx_level_z_252,0.030372705310583115
76,beta,momentum,,-0.030221911147236824
76,beta,persist,,0.08431638777256012
76,beta,underwater,,0.027552977204322815
76,B,momentum,kospi_return_1d,0.0015248123090714216
76,B,momentum,fx_level_z_252,-0.0026828707195818424
76,B,persist,kospi_return_1d,-0.0065643396228551865
76,B,persist,fx_level_z_252,0.00015242972585838288
76,B,underwater,kospi_return_1d,-0.001018387614749372
76,B,underwater,fx_level_z_252,-0.03183054178953171
76,alpha,,kospi_return_1d,0.022710101678967476
76,alpha,,fx_level_z_252,0.030336173251271248
77,beta,momentum,,-0.030092354863882065
77,beta,persist,,0.08475310355424881
77,beta,underwater,,0.027476748451590538
77,B,momentum,kospi_return_1d,0.0016081073554232717
77,B,momentum,fx_level_z_252,-0.0026481926906853914
77,B,persist,kospi_return_1d,-0.006429469678550959
77,B,persist,fx_level_z_252,0.0003413418016862124
77,B,underwater,kospi_return_1d,-0.000923648476600647
77,B,underwater,fx_level_z_252,-0.03182390704751015
77,alpha,,kospi_return_1d,0.023260917514562607
77,alpha,,fx_level_z_252,0.030386436730623245
78,beta,momentum,,-0.029935171827673912
78,beta,persist,,0.08517823368310928
78,beta,underwater,,0.027371976524591446
78,B,momentum,kospi_return_1d,0.0017590969800949097
78,B,momentum,fx_level_z_252,-0.002513199346140027
78,B,persist,kospi_return_1d,-0.006481175310909748
78,B,persist,fx_level_z_252,0.00047972597531042993
78,B,underwater,kospi_return_1d,-0.0006834983942098916
78,B,underwater,fx_level_z_252,-0.03182097524404526
78,alpha,,kospi_return_1d,0.02387695387005806
78,alpha,,fx_level_z_252,0.030335161834955215
79,beta,momentum,,-0.02981388010084629
79,beta,persist,,0.08567693084478378
79,beta,underwater,,0.027352362871170044
79,B,momentum,kospi_return_1d,0.0020907761063426733
79,B,momentum,fx_level_z_252,-0.002264498034492135
79,B,persist,kospi_return_1d,-0.006540531292557716
79,B,persist,fx_level_z_252,0.00042111455695703626
79,B,underwater,kospi_return_1d,-0.0005613458924926817
79,B,underwater,fx_level_z_252,-0.031892333179712296
79,alpha,,kospi_return_1d,0.024432556703686714
79,alpha,,fx_level_z_252,0.030343227088451385
80,beta,momentum,,-0.029853951185941696
80,beta,persist,,0.08618161082267761
80,beta,underwater,,0.027325252071022987
80,B,momentum,kospi_return_1d,0.0023595665115863085
80,B,momentum,fx_level_z_252,-0.0019554595928639174
80,B,persist,kospi_return_1d,-0.00656335661187768
80,B,persist,fx_level_z_252,0.0002682489575818181
80,B,underwater,kospi_return_1d,-0.0004897394101135433
80,B,underwater,fx_level_z_252,-0.031849294900894165
80,alpha,,kospi_return_1d,0.025010602548718452
80,alpha,,fx_level_z_252,0.03034527599811554
81,beta,momentum,,-0.029892291873693466
81,beta,persist,,0.08661973476409912
81,beta,underwater,,0.027309786528348923
81,B,momentum,kospi_return_1d,0.0025010835379362106
81,B,momentum,fx_level_z_252,-0.0019423534395173192
81,B,persist,kospi_return_1d,-0.006637811195105314
81,B,persist,fx_level_z_252,0.00022527488181367517
81,B,underwater,kospi_return_1d,-0.000636112003121525
81,B,underwater,fx_level_z_252,-0.03164678439497948
81,alpha,,kospi_return_1d,0.025575675070285797
81,alpha,,fx_level_z_252,0.030521422624588013
82,beta,momentum,,-0.02991197258234024
82,beta,persist,,0.08695869147777557
82,beta,underwater,,0.027145827189087868
82,B,momentum,kospi_return_1d,0.0023353188298642635
82,B,momentum,fx_level_z_252,-0.0019195599015802145
82,B,persist,kospi_return_1d,-0.006592103745788336
82,B,persist,fx_level_z_252,0.00014602253213524818
82,B,underwater,kospi_return_1d,-0.0007520810468122363
82,B,underwater,fx_level_z_252,-0.03155646100640297
82,alpha,,kospi_return_1d,0.02619173750281334
82,alpha,,fx_level_z_252,0.030548129230737686
83,beta,momentum,,-0.029944276437163353
83,beta,persist,,0.08722291886806488
83,beta,underwater,,0.026924483478069305
83,B,momentum,kospi_return_1d,0.0021126484498381615
83,B,momentum,fx_level_z_252,-0.001872676657512784
83,B,persist,kospi_return_1d,-0.006648605689406395
83,B,persist,fx_level_z_252,0.00010935991303995252
83,B,underwater,kospi_return_1d,-0.0009482693276368082
83,B,underwater,fx_level_z_252,-0.03142717853188515
83,alpha,,kospi_return_1d,0.02683662436902523
83,alpha,,fx_level_z_252,0.03062724508345127
84,beta,momentum,,-0.0300607867538929
84,beta,persist,,0.0875038281083107
84,beta,underwater,,0.026669619604945183
84,B,momentum,kospi_return_1d,0.001827979227527976
84,B,momentum,fx_level_z_252,-0.0017678241711109877
84,B,persist,kospi_return_1d,-0.006776852533221245
84,B,persist,fx_level_z_252,0.0002723305078689009
84,B,underwater,kospi_return_1d,-0.0011694858549162745
84,B,underwater,fx_level_z_252,-0.03129987046122551
84,alpha,,kospi_return_1d,0.02734283357858658
84,alpha,,fx_level_z_252,0.03075258992612362
85,beta,momentum,,-0.030148599296808243
85,beta,persist,,0.08780040591955185
85,beta,underwater,,0.026366455480456352
85,B,momentum,kospi_return_1d,0.0014594022650271654
85,B,momentum,fx_level_z_252,-0.0015464186435565352
85,B,persist,kospi_return_1d,-0.006890618707984686
85,B,persist,fx_level_z_252,0.00041138651431538165
85,B,underwater,kospi_return_1d,-0.0013788244687020779
85,B,underwater,fx_level_z_252,-0.03128739073872566
85,alpha,,kospi_return_1d,0.027713388204574585
85,alpha,,fx_level_z_252,0.030855847522616386
86,beta,momentum,,-0.030248675495386124
86,beta,persist,,0.08808799088001251
86,beta,underwater,,0.026064250618219376
86,B,momentum,kospi_return_1d,0.0011706689838320017
86,B,momentum,fx_level_z_252,-0.0012012312654405832
86,B,persist,kospi_return_1d,-0.007073902990669012
86,B,persist,fx_level_z_252,0.0005450281896628439
86,B,underwater,kospi_return_1d,-0.0016405791975557804
86,B,underwater,fx_level_z_252,-0.03126608952879906
86,alpha,,kospi_return_1d,0.028111657127738
86,alpha,,fx_level_z_252,0.030875980854034424
87,beta,momentum,,-0.030416451394557953
87,beta,persist,,0.08841060847043991
87,beta,underwater,,0.025808880105614662
87,B,momentum,kospi_return_1d,0.0007810238748788834
87,B,momentum,fx_level_z_252,-0.0007351433159783483
87,B,persist,kospi_return_1d,-0.006993432529270649
87,B,persist,fx_level_z_252,0.0004114400071557611
87,B,underwater,kospi_return_1d,-0.0017681426834315062
87,B,underwater,fx_level_z_252,-0.03150027617812157
87,alpha,,kospi_return_1d,0.02864077128469944
87,alpha,,fx_level_z_252,0.03099171631038189
88,beta,momentum,,-0.03059161826968193
88,beta,persist,,0.08875921368598938
88,beta,underwater,,0.02569207176566124
88,B,momentum,kospi_return_1d,0.0005034524947404861
88,B,momentum,fx_level_z_252,-0.0004114907351322472
88,B,persist,kospi_return_1d,-0.006966850254684687
88,B,persist,fx_level_z_252,0.0003424833412282169
88,B,underwater,kospi_return_1d,-0.0020425040274858475
88,B,underwater,fx_level_z_252,-0.03161285072565079
88,alpha,,kospi_return_1d,0.029089881107211113
88,alpha,,fx_level_z_252,0.03110393136739731
89,beta,momentum,,-0.030688028782606125
89,beta,persist,,0.08904360234737396
89,beta,underwater,,0.025557637214660645
89,B,momentum,kospi_return_1d,0.00046834495151415467
89,B,momentum,fx_level_z_252,-0.00033498197444714606
89,B,persist,kospi_return_1d,-0.0069400775246322155
89,B,persist,fx_level_z_252,0.00031347793992608786
89,B,underwater,kospi_return_1d,-0.0023061188403517008
89,B,underwater,fx_level_z_252,-0.03153839334845543
89,alpha,,kospi_return_1d,0.02946050837635994
89,alpha,,fx_level_z_252,0.031133854761719704
90,beta,momentum,,-0.030598275363445282
90,beta,persist,,0.089302659034729
90,beta,underwater,,0.025389300659298897
90,B,momentum,kospi_return_1d,0.0005686311051249504
90,B,momentum,fx_level_z_252,-0.00032632244983687997
90,B,persist,kospi_return_1d,-0.006864914204925299
90,B,persist,fx_level_z_252,0.0003357984824106097
90,B,underwater,kospi_return_1d,-0.002573037752881646
90,B,underwater,fx_level_z_252,-0.03148800507187843
90,alpha,,kospi_return_1d,0.029904961585998535
90,alpha,,fx_level_z_252,0.031212205067276955
91,beta,momentum,,-0.03034253977239132
91,beta,persist,,0.089553602039814
91,beta,underwater,,0.025035787373781204
91,B,momentum,kospi_return_1d,0.0007715625106357038
91,B,momentum,fx_level_z_252,-0.0004977491917088628
91,B,persist,kospi_return_1d,-0.006904018111526966
91,B,persist,fx_level_z_252,0.00037194284959696233
91,B,underwater,kospi_return_1d,-0.002727592596784234
91,B,underwater,fx_level_z_252,-0.03137199953198433
91,alpha,,kospi_return_1d,0.03019382432103157
91,alpha,,fx_level_z_252,0.031187279149889946
92,beta,momentum,,-0.03006422519683838
92,beta,persist,,0.08986016362905502
92,beta,underwater,,0.02471321076154709
92,B,momentum,kospi_return_1d,0.0010134957265108824
92,B,momentum,fx_level_z_252,-0.0007089727441780269
92,B,persist,kospi_return_1d,-0.0068640271201729774
92,B,persist,fx_level_z_252,0.0003619671624619514
92,B,underwater,kospi_return_1d,-0.002986124949529767
92,B,underwater,fx_level_z_252,-0.031104352325201035
92,alpha,,kospi_return_1d,0.030372509732842445
92,alpha,,fx_level_z_252,0.03114902973175049
93,beta,momentum,,-0.02989123947918415
93,beta,persist,,0.09022834897041321
93,beta,underwater,,0.024426886811852455
93,B,momentum,kospi_return_1d,0.0011070141335949302
93,B,momentum,fx_level_z_252,-0.0009069365914911032
93,B,persist,kospi_return_1d,-0.006797834765166044
93,B,persist,fx_level_z_252,0.00030301816877909005
93,B,underwater,kospi_return_1d,-0.0032479562796652317
93,B,underwater,fx_level_z_252,-0.030788535252213478
93,alpha,,kospi_return_1d,0.030405983328819275
93,alpha,,fx_level_z_252,0.030992714688181877
94,beta,momentum,,-0.029753757640719414
94,beta,persist,,0.09056567400693893
94,beta,underwater,,0.024225659668445587
94,B,momentum,kospi_return_1d,0.0010954162571579218
94,B,momentum,fx_level_z_252,-0.001211353694088757
94,B,persist,kospi_return_1d,-0.006653298158198595
94,B,persist,fx_level_z_252,0.00031513519934378564
94,B,underwater,kospi_return_1d,-0.003304057288914919
94,B,underwater,fx_level_z_252,-0.030344508588314056
94,alpha,,kospi_return_1d,0.030428634956479073
94,alpha,,fx_level_z_252,0.030843861401081085
95,beta,momentum,,-0.029601246118545532
95,beta,persist,,0.09091559797525406
95,beta,underwater,,0.024056676775217056
95,B,momentum,kospi_return_1d,0.0008162766462191939
95,B,momentum,fx_level_z_252,-0.0015308880247175694
95,B,persist,kospi_return_1d,-0.006399590987712145
95,B,persist,fx_level_z_252,0.00033008752507157624
95,B,underwater,kospi_return_1d,-0.0031632622703909874
95,B,underwater,fx_level_z_252,-0.02997421845793724
95,alpha,,kospi_return_1d,0.03040367364883423
95,alpha,,fx_level_z_252,0.030725356191396713
96,beta,momentum,,-0.029470762237906456
96,beta,persist,,0.09126749634742737
96,beta,underwater,,0.023820606991648674
96,B,momentum,kospi_return_1d,0.0005722549394704401
96,B,momentum,fx_level_z_252,-0.0017596692778170109
96,B,persist,kospi_return_1d,-0.00624052295461297
96,B,persist,fx_level_z_252,0.00023579692060593516
96,B,underwater,kospi_return_1d,-0.0029832858126610518
96,B,underwater,fx_level_z_252,-0.02968347817659378
96,alpha,,kospi_return_1d,0.030536755919456482
96,alpha,,fx_level_z_252,0.030610810965299606
97,beta,momentum,,-0.029320688918232918
97,beta,persist,,0.09164940565824509
97,beta,underwater,,0.023569466546177864
97,B,momentum,kospi_return_1d,0.0004660459526348859
97,B,momentum,fx_level_z_252,-0.0020361128263175488
97,B,persist,kospi_return_1d,-0.006154047790914774
97,B,persist,fx_level_z_252,-7.910527347121388e-05
97,B,underwater,kospi_return_1d,-0.0027794302441179752
97,B,underwater,fx_level_z_252,-0.029512794688344002
97,alpha,,kospi_return_1d,0.030643757432699203
97,alpha,,fx_level_z_252,0.030442817136645317
98,beta,momentum,,-0.02915883995592594
98,beta,persist,,0.09200423955917358
98,beta,underwater,,0.023327691480517387
98,B,momentum,kospi_return_1d,0.0004779834416694939
98,B,momentum,fx_level_z_252,-0.002206566510722041
98,B,persist,kospi_return_1d,-0.006228969898074865
98,B,persist,fx_level_z_252,-0.0001363034243695438
98,B,underwater,kospi_return_1d,-0.0027559674344956875
98,B,underwater,fx_level_z_252,-0.029352549463510513
98,alpha,,kospi_return_1d,0.030651269480586052
98,alpha,,fx_level_z_252,0.030279217287898064
99,beta,momentum,,-0.028990160673856735
99,beta,persist,,0.0923273041844368
99,beta,underwater,,0.023068146780133247
99,B,momentum,kospi_return_1d,0.0005141341243870556
99,B,momentum,fx_level_z_252,-0.002270955592393875
99,B,persist,kospi_return_1d,-0.006250515580177307
99,B,persist,fx_level_z_252,-0.00017258698062505573
99,B,underwater,kospi_return_1d,-0.0026759919710457325
99,B,underwater,fx_level_z_252,-0.029352961108088493
99,alpha,,kospi_return_1d,0.030818374827504158
99,alpha,,fx_level_z_252,0.03006572276353836
100,beta,momentum,,-0.02891589142382145
100,beta,persist,,0.09264317154884338
100,beta,underwater,,0.022810356691479683
100,B,momentum,kospi_return_1d,0.00045515195233747363
100,B,momentum,fx_level_z_252,-0.0020170407369732857
100,B,persist,kospi_return_1d,-0.006059414707124233
100,B,persist,fx_level_z_252,-0.0002550322678871453
100,B,underwater,kospi_return_1d,-0.002282937290146947
100,B,underwater,fx_level_z_252,-0.02950301766395569
100,alpha,,kospi_return_1d,0.031038295477628708
100,alpha,,fx_level_z_252,0.02969939261674881
101,beta,momentum,,-0.028873952105641365
101,beta,persist,,0.09298775345087051
101,beta,underwater,,0.02263857051730156
101,B,momentum,kospi_return_1d,0.00023310395772568882
101,B,momentum,fx_level_z_252,-0.0017314525321125984
101,B,persist,kospi_return_1d,-0.005880191922187805
101,B,persist,fx_level_z_252,-0.0001767845533322543
101,B,underwater,kospi_return_1d,-0.0020387081895023584
101,B,underwater,fx_level_z_252,-0.02963537722826004
101,alpha,,kospi_return_1d,0.03114420361816883
101,alpha,,fx_level_z_252,0.02945927157998085
102,beta,momentum,,-0.028864219784736633
102,beta,persist,,0.09328828752040863
102,beta,underwater,,0.022511644288897514
102,B,momentum,kospi_return_1d,-0.00014027429278939962
102,B,momentum,fx_level_z_252,-0.0013284820597618818
102,B,persist,kospi_return_1d,-0.005527862347662449
102,B,persist,fx_level_z_252,4.674366209656e-07
102,B,underwater,kospi_return_1d,-0.001755314297042787
102,B,underwater,fx_level_z_252,-0.029941020533442497
102,alpha,,kospi_return_1d,0.03121270053088665
102,alpha,,fx_level_z_252,0.029198549687862396
103,beta,momentum,,-0.028772493824362755
103,beta,persist,,0.09356587380170822
103,beta,underwater,,0.02238508127629757
103,B,momentum,kospi_return_1d,-0.0004242965951561928
103,B,momentum,fx_level_z_252,-0.0009657704504206777
103,B,persist,kospi_return_1d,-0.005247800145298243
103,B,persist,fx_level_z_252,0.00013831007527187467
103,B,underwater,kospi_return_1d,-0.001543759135529399
103,B,underwater,fx_level_z_252,-0.030103737488389015
103,alpha,,kospi_return_1d,0.031324878334999084
103,alpha,,fx_level_z_252,0.02899126522243023
104,beta,momentum,,-0.02864745631814003
104,beta,persist,,0.09383556246757507
104,beta,underwater,,0.02235589548945427
104,B,momentum,kospi_return_1d,-0.00013898730685468763
104,B,momentum,fx_level_z_252,-0.0005420781089924276
104,B,persist,kospi_return_1d,-0.005172159522771835
104,B,persist,fx_level_z_252,0.00014069204917177558
104,B,underwater,kospi_return_1d,-0.0014598708366975188
104,B,underwater,fx_level_z_252,-0.03024311177432537
104,alpha,,kospi_return_1d,0.03136733919382095
104,alpha,,fx_level_z_252,0.028821807354688644
105,beta,momentum,,-0.02850661799311638
105,beta,persist,,0.09403924643993378
105,beta,underwater,,0.022383255884051323
105,B,momentum,kospi_return_1d,0.00045563391176983714
105,B,momentum,fx_level_z_252,-0.00037078451714478433
105,B,persist,kospi_return_1d,-0.0053711095824837685
105,B,persist,fx_level_z_252,0.0003585167578421533
105,B,underwater,kospi_return_1d,-0.0015387844759970903
105,B,underwater,fx_level_z_252,-0.030122432857751846
105,alpha,,kospi_return_1d,0.031385090202093124
105,alpha,,fx_level_z_252,0.028742169961333275
106,beta,momentum,,-0.02837502770125866
106,beta,persist,,0.09430161863565445
106,beta,underwater,,0.022428061813116074
106,B,momentum,kospi_return_1d,0.0011011487804353237
106,B,momentum,fx_level_z_252,-0.00019253844220656902
106,B,persist,kospi_return_1d,-0.005639493931084871
106,B,persist,fx_level_z_252,0.00047272106166929007
106,B,underwater,kospi_return_1d,-0.001741338986903429
106,B,underwater,fx_level_z_252,-0.030094610527157784
106,alpha,,kospi_return_1d,0.031532708555459976
106,alpha,,fx_level_z_252,0.028715498745441437
107,beta,momentum,,-0.028190018609166145
107,beta,persist,,0.09449893236160278
107,beta,underwater,,0.02243555709719658
107,B,momentum,kospi_return_1d,0.001741622923873365
107,B,momentum,fx_level_z_252,3.615570312831551e-05
107,B,persist,kospi_return_1d,-0.0059941732324659824
107,B,persist,fx_level_z_252,0.0006363001884892583
107,B,underwater,kospi_return_1d,-0.0021353084594011307
107,B,underwater,fx_level_z_252,-0.030130811035633087
107,alpha,,kospi_return_1d,0.03168980032205582
107,alpha,,fx_level_z_252,0.028814243152737617
108,beta,momentum,,-0.02803851291537285
108,beta,persist,,0.0947021096944809
108,beta,underwater,,0.02242269366979599
108,B,momentum,kospi_return_1d,0.0022248912137001753
108,B,momentum,fx_level_z_252,0.00013640990073326975
108,B,persist,kospi_return_1d,-0.006164730992168188
108,B,persist,fx_level_z_252,0.0007592460606247187
108,B,underwater,kospi_return_1d,-0.0024736858904361725
108,B,underwater,fx_level_z_252,-0.030070556327700615
108,alpha,,kospi_return_1d,0.03183919936418533
108,alpha,,fx_level_z_252,0.02875828742980957
109,beta,momentum,,-0.027904104441404343
109,beta,persist,,0.09488535672426224
109,beta,underwater,,0.022335287183523178
109,B,momentum,kospi_return_1d,0.0023726762738078833
109,B,momentum,fx_level_z_252,-1.967171556316316e-05
109,B,persist,kospi_return_1d,-0.006175829563289881
109,B,persist,fx_level_z_252,0.0006918401340954006
109,B,underwater,kospi_return_1d,-0.0028516966849565506
109,B,underwater,fx_level_z_252,-0.03004908747971058
109,alpha,,kospi_return_1d,0.03197865933179855
109,alpha,,fx_level_z_252,0.028717000037431717
110,beta,momentum,,-0.02774037979543209
110,beta,persist,,0.09503259509801865
110,beta,underwater,,0.02226322703063488
110,B,momentum,kospi_return_1d,0.002361968159675598
110,B,momentum,fx_level_z_252,-0.00033182493643835187
110,B,persist,kospi_return_1d,-0.00604433985427022
110,B,persist,fx_level_z_252,0.0006751150940544903
110,B,underwater,kospi_return_1d,-0.0032753790728747845
110,B,underwater,fx_level_z_252,-0.029976340010762215
110,alpha,,kospi_return_1d,0.03207434341311455
110,alpha,,fx_level_z_252,0.028835080564022064
111,beta,momentum,,-0.02763030305504799
111,beta,persist,,0.09523449093103409
111,beta,underwater,,0.022262005135416985
111,B,momentum,kospi_return_1d,0.002414819784462452
111,B,momentum,fx_level_z_252,-0.0006292787729762495
111,B,persist,kospi_return_1d,-0.005903920624405146
111,B,persist,fx_level_z_252,0.0006843122537247837
111,B,underwater,kospi_return_1d,-0.003792091039940715
111,B,underwater,fx_level_z_252,-0.02971905842423439
111,alpha,,kospi_return_1d,0.03209107741713524
111,alpha,,fx_level_z_252,0.02883351594209671
112,beta,momentum,,-0.027486426755785942
112,beta,persist,,0.09548338502645493
112,beta,underwater,,0.022225243970751762
112,B,momentum,kospi_return_1d,0.002466365694999695
112,B,momentum,fx_level_z_252,-0.0008946455200202763
112,B,persist,kospi_return_1d,-0.005714814644306898
112,B,persist,fx_level_z_252,0.000605328765232116
112,B,underwater,kospi_return_1d,-0.004135921597480774
112,B,underwater,fx_level_z_252,-0.02957409806549549
112,alpha,,kospi_return_1d,0.031995657831430435
112,alpha,,fx_level_z_252,0.028789665549993515
113,beta,momentum,,-0.02741190418601036
113,beta,persist,,0.09578675776720047
113,beta,underwater,,0.022269103676080704
113,B,momentum,kospi_return_1d,0.002562530105933547
113,B,momentum,fx_level_z_252,-0.0010632373159751296
113,B,persist,kospi_return_1d,-0.005669498350471258
113,B,persist,fx_level_z_252,0.00047198112588375807
113,B,underwater,kospi_return_1d,-0.004591306205838919
113,B,underwater,fx_level_z_252,-0.029537053778767586
113,alpha,,kospi_return_1d,0.031721990555524826
113,alpha,,fx_level_z_252,0.02889011986553669
114,beta,momentum,,-0.027335336431860924
114,beta,persist,,0.09610284864902496
114,beta,underwater,,0.02228970266878605
114,B,momentum,kospi_return_1d,0.0026940240059047937
114,B,momentum,fx_level_z_252,-0.0013173813931643963
114,B,persist,kospi_return_1d,-0.005699066445231438
114,B,persist,fx_level_z_252,0.00035816626041196287
114,B,underwater,kospi_return_1d,-0.005061502568423748
114,B,underwater,fx_level_z_252,-0.029360251501202583
114,alpha,,kospi_return_1d,0.031401969492435455
114,alpha,,fx_level_z_252,0.0288018099963665
115,beta,momentum,,-0.027220314368605614
115,beta,persist,,0.09629376977682114
115,beta,underwater,,0.02218792960047722
115,B,momentum,kospi_return_1d,0.0026567045133560896
115,B,momentum,fx_level_z_252,-0.001548074884340167
115,B,persist,kospi_return_1d,-0.005680315662175417
115,B,persist,fx_level_z_252,0.0002868110896088183
115,B,underwater,kospi_return_1d,-0.005332697182893753
115,B,underwater,fx_level_z_252,-0.02941381372511387
115,alpha,,kospi_return_1d,0.03133101388812065
115,alpha,,fx_level_z_252,0.028747454285621643
116,beta,momentum,,-0.02709789387881756
116,beta,persist,,0.09640195220708847
116,beta,underwater,,0.02202495187520981
116,B,momentum,kospi_return_1d,0.0027493895031511784
116,B,momentum,fx_level_z_252,-0.0018289060099050403
116,B,persist,kospi_return_1d,-0.005691494792699814
116,B,persist,fx_level_z_252,0.00027879304252564907
116,B,underwater,kospi_return_1d,-0.005569410044699907
116,B,underwater,fx_level_z_252,-0.02947814390063286
116,alpha,,kospi_return_1d,0.03135962784290314
116,alpha,,fx_level_z_252,0.028697816655039787
117,beta,momentum,,-0.02705039270222187
117,beta,persist,,0.09653183072805405
117,beta,underwater,,0.02185196243226528
117,B,momentum,kospi_return_1d,0.002676047384738922
117,B,momentum,fx_level_z_252,-0.001872673281468451
117,B,persist,kospi_return_1d,-0.005585989449173212
117,B,persist,fx_level_z_252,0.00021501768787857145
117,B,underwater,kospi_return_1d,-0.005693098530173302
117,B,underwater,fx_level_z_252,-0.029675135388970375
117,alpha,,kospi_return_1d,0.03134585916996002
117,alpha,,fx_level_z_252,0.028665559366345406
118,beta,momentum,,-0.02699374407529831
118,beta,persist,,0.09673266112804413
118,beta,underwater,,0.021730955690145493
118,B,momentum,kospi_return_1d,0.002411792054772377
118,B,momentum,fx_level_z_252,-0.0019385641207918525
118,B,persist,kospi_return_1d,-0.005476939491927624
118,B,persist,fx_level_z_252,-0.00017872598255053163
118,B,underwater,kospi_return_1d,-0.0056840525940060616
118,B,underwater,fx_level_z_252,-0.02988267131149769
118,alpha,,kospi_return_1d,0.031403858214616776
118,alpha,,fx_level_z_252,0.02861160598695278
119,beta,momentum,,-0.026974864304065704
119,beta,persist,,0.09692202508449554
119,beta,underwater,,0.021585354581475258
119,B,momentum,kospi_return_1d,0.0020882808603346348
119,B,momentum,fx_level_z_252,-0.0017606024630367756
119,B,persist,kospi_return_1d,-0.005325719248503447
119,B,persist,fx_level_z_252,-0.0005022393888793886
119,B,underwater,kospi_return_1d,-0.005624693352729082
119,B,underwater,fx_level_z_252,-0.0302448607981205
119,alpha,,kospi_return_1d,0.03160157427191734
119,alpha,,fx_level_z_252,0.028537604957818985
120,beta,momentum,,-0.0269489586353302
120,beta,persist,,0.09706726670265198
120,beta,underwater,,0.021459579467773438
120,B,momentum,kospi_return_1d,0.0018900461727753282
120,B,momentum,fx_level_z_252,-0.0015584854409098625
120,B,persist,kospi_return_1d,-0.00533176539465785
120,B,persist,fx_level_z_252,-0.0005099159898236394
120,B,underwater,kospi_return_1d,-0.005621603690087795
120,B,underwater,fx_level_z_252,-0.030638335272669792
120,alpha,,kospi_return_1d,0.03183363750576973
120,alpha,,fx_level_z_252,0.028620414435863495
121,beta,momentum,,-0.02698642760515213
121,beta,persist,,0.097201868891716
121,beta,underwater,,0.02130817249417305
121,B,momentum,kospi_return_1d,0.0015041450969874859
121,B,momentum,fx_level_z_252,-0.001327715814113617
121,B,persist,kospi_return_1d,-0.005300640594214201
121,B,persist,fx_level_z_252,-0.00045361867523752153
121,B,underwater,kospi_return_1d,-0.005372809711843729
121,B,underwater,fx_level_z_252,-0.030955856665968895
121,alpha,,kospi_return_1d,0.03213385492563248
121,alpha,,fx_level_z_252,0.02867053635418415
122,beta,momentum,,-0.02697702869772911
122,beta,persist,,0.0972638949751854
122,beta,underwater,,0.021027587354183197
122,B,momentum,kospi_return_1d,0.0011013111798092723
122,B,momentum,fx_level_z_252,-0.0011372651206329465
122,B,persist,kospi_return_1d,-0.005391402170062065
122,B,persist,fx_level_z_252,-0.0002878868253901601
122,B,underwater,kospi_return_1d,-0.005133237689733505
122,B,underwater,fx_level_z_252,-0.031332097947597504
122,alpha,,kospi_return_1d,0.03240358829498291
122,alpha,,fx_level_z_252,0.028661219403147697
123,beta,momentum,,-0.026892507448792458
123,beta,persist,,0.0972617045044899
123,beta,underwater,,0.020808884873986244
123,B,momentum,kospi_return_1d,0.0010531075531616807
123,B,momentum,fx_level_z_252,-0.0010081393411383033
123,B,persist,kospi_return_1d,-0.00559123745188117
123,B,persist,fx_level_z_252,0.00022548178094439209
123,B,underwater,kospi_return_1d,-0.004996826406568289
123,B,underwater,fx_level_z_252,-0.031451474875211716
123,alpha,,kospi_return_1d,0.032760825008153915
123,alpha,,fx_level_z_252,0.02878345362842083
124,beta,momentum,,-0.026808669790625572
124,beta,persist,,0.09732994437217712
124,beta,underwater,,0.02066674456000328
124,B,momentum,kospi_return_1d,0.0010349316289648414
124,B,momentum,fx_level_z_252,-0.0007537384517490864
124,B,persist,kospi_return_1d,-0.005780278239399195
124,B,persist,fx_level_z_252,0.0006109511014074087
124,B,underwater,kospi_return_1d,-0.004950545262545347
124,B,underwater,fx_level_z_252,-0.03145464137196541
124,alpha,,kospi_return_1d,0.032937731593847275
124,alpha,,fx_level_z_252,0.02880948595702648
125,beta,momentum,,-0.026778262108564377
125,beta,persist,,0.09740640223026276
125,beta,underwater,,0.02059892565011978
125,B,momentum,kospi_return_1d,0.0011517404345795512
125,B,momentum,fx_level_z_252,-0.0006726385909132659
125,B,persist,kospi_return_1d,-0.006199729163199663
125,B,persist,fx_level_z_252,0.0011060717515647411
125,B,underwater,kospi_return_1d,-0.005052750930190086
125,B,underwater,fx_level_z_252,-0.031224973499774933
125,alpha,,kospi_return_1d,0.03312661871314049
125,alpha,,fx_level_z_252,0.02877325750887394
126,beta,momentum,,-0.026758184656500816
126,beta,persist,,0.09745417535305023
126,beta,underwater,,0.020448174327611923
126,B,momentum,kospi_return_1d,0.001286072307266295
126,B,momentum,fx_level_z_252,-0.0006944932974874973
126,B,persist,kospi_return_1d,-0.0067067984491586685
126,B,persist,fx_level_z_252,0.001659192144870758
126,B,underwater,kospi_return_1d,-0.005177757702767849
126,B,underwater,fx_level_z_252,-0.031019048765301704
126,alpha,,kospi_return_1d,0.03333498165011406
126,alpha,,fx_level_z_252,0.028657451272010803
127,beta,momentum,,-0.02677660807967186
127,beta,persist,,0.09750253707170486
127,beta,underwater,,0.0203063003718853
127,B,momentum,kospi_return_1d,0.0013551267329603434
127,B,momentum,fx_level_z_252,-0.0007973508909344673
127,B,persist,kospi_return_1d,-0.0072113340720534325
127,B,persist,fx_level_z_252,0.0019703153520822525
127,B,underwater,kospi_return_1d,-0.005270777735859156
127,B,underwater,fx_level_z_252,-0.030801933258771896
127,alpha,,kospi_return_1d,0.03358335793018341
127,alpha,,fx_level_z_252,0.02854512631893158
128,beta,momentum,,-0.026835190132260323
128,beta,persist,,0.09766050428152084
128,beta,underwater,,0.02027600072324276
128,B,momentum,kospi_return_1d,0.001495658652856946
128,B,momentum,fx_level_z_252,-0.0010079290950670838
128,B,persist,kospi_return_1d,-0.0076417578384280205
128,B,persist,fx_level_z_252,0.0022764652967453003
128,B,underwater,kospi_return_1d,-0.00534908939152956
128,B,underwater,fx_level_z_252,-0.030462222173810005
128,alpha,,kospi_return_1d,0.033698175102472305
128,alpha,,fx_level_z_252,0.028500093147158623
129,beta,momentum,,-0.026933113113045692
129,beta,persist,,0.09783322364091873
129,beta,underwater,,0.020323283970355988
129,B,momentum,kospi_return_1d,0.0014473191695287824
129,B,momentum,fx_level_z_252,-0.001143722329288721
129,B,persist,kospi_return_1d,-0.007700961083173752
129,B,persist,fx_level_z_252,0.002533930353820324
129,B,underwater,kospi_return_1d,-0.005294113419950008
129,B,underwater,fx_level_z_252,-0.030299467965960503
129,alpha,,kospi_return_1d,0.03393738344311714
129,alpha,,fx_level_z_252,0.02845485508441925
130,beta,momentum,,-0.02705279551446438
130,beta,persist,,0.09795491397380829
130,beta,underwater,,0.02043958008289337
130,B,momentum,kospi_return_1d,0.0011668053921312094
130,B,momentum,fx_level_z_252,-0.0013351620873436332
130,B,persist,kospi_return_1d,-0.007632399443536997
130,B,persist,fx_level_z_252,0.00276464456692338
130,B,underwater,kospi_return_1d,-0.005331964232027531
130,B,underwater,fx_level_z_252,-0.03006397746503353
130,alpha,,kospi_return_1d,0.034194398671388626
130,alpha,,fx_level_z_252,0.028558293357491493
131,beta,momentum,,-0.027159756049513817
131,beta,persist,,0.09802519530057907
131,beta,underwater,,0.020599987357854843
131,B,momentum,kospi_return_1d,0.0010071801953017712
131,B,momentum,fx_level_z_252,-0.0015229865675792098
131,B,persist,kospi_return_1d,-0.007414580788463354
131,B,persist,fx_level_z_252,0.002841463079676032
131,B,underwater,kospi_return_1d,-0.005271804518997669
131,B,underwater,fx_level_z_252,-0.029957624152302742
131,alpha,,kospi_return_1d,0.034582965075969696
131,alpha,,fx_level_z_252,0.02866300940513611
132,beta,momentum,,-0.027354130521416664
132,beta,persist,,0.09810120612382889
132,beta,underwater,,0.020708777010440826
132,B,momentum,kospi_return_1d,0.0006770872278138995
132,B,momentum,fx_level_z_252,-0.001480728737078607
132,B,persist,kospi_return_1d,-0.006986577995121479
132,B,persist,fx_level_z_252,0.0025861316826194525
132,B,underwater,kospi_return_1d,-0.004984303843230009
132,B,underwater,fx_level_z_252,-0.03002072498202324
132,alpha,,kospi_return_1d,0.03489144146442413
132,alpha,,fx_level_z_252,0.028615176677703857
133,beta,momentum,,-0.0276076328009367
133,beta,persist,,0.09816408157348633
133,beta,underwater,,0.0208415649831295
133,B,momentum,kospi_return_1d,0.00037493446143344045
133,B,momentum,fx_level_z_252,-0.0011560962302610278
133,B,persist,kospi_return_1d,-0.006741177290678024
133,B,persist,fx_level_z_252,0.0022997050546109676
133,B,underwater,kospi_return_1d,-0.004729758482426405
133,B,underwater,fx_level_z_252,-0.030125997960567474
133,alpha,,kospi_return_1d,0.03522658348083496
133,alpha,,fx_level_z_252,0.028657788410782814
134,beta,momentum,,-0.027765357866883278
134,beta,persist,,0.09816931188106537
134,beta,underwater,,0.0208485946059227
134,B,momentum,kospi_return_1d,0.00015071466623339802
134,B,momentum,fx_level_z_252,-0.0008296704618260264
134,B,persist,kospi_return_1d,-0.006496082991361618
134,B,persist,fx_level_z_252,0.0019755675457417965
134,B,underwater,kospi_return_1d,-0.00464030634611845
134,B,underwater,fx_level_z_252,-0.030227595940232277
134,alpha,,kospi_return_1d,0.03553316369652748
134,alpha,,fx_level_z_252,0.028740638867020607
135,beta,momentum,,-0.027879437431693077
135,beta,persist,,0.09825889766216278
135,beta,underwater,,0.020929554477334023
135,B,momentum,kospi_return_1d,5.9052748838439584e-05
135,B,momentum,fx_level_z_252,-0.0005526419263333082
135,B,persist,kospi_return_1d,-0.006152313202619553
135,B,persist,fx_level_z_252,0.0016191574977710843
135,B,underwater,kospi_return_1d,-0.004566083662211895
135,B,underwater,fx_level_z_252,-0.030206330120563507
135,alpha,,kospi_return_1d,0.03560469672083855
135,alpha,,fx_level_z_252,0.028770577162504196
136,beta,momentum,,-0.02794637158513069
136,beta,persist,,0.09833715111017227
136,beta,underwater,,0.021058548241853714
136,B,momentum,kospi_return_1d,4.3741696572396904e-05
136,B,momentum,fx_level_z_252,-0.000535032304469496
136,B,persist,kospi_return_1d,-0.005854382179677486
136,B,persist,fx_level_z_252,0.0015597267774865031
136,B,underwater,kospi_return_1d,-0.00470590777695179
136,B,underwater,fx_level_z_252,-0.03000660054385662
136,alpha,,kospi_return_1d,0.03566107526421547
136,alpha,,fx_level_z_252,0.028653157874941826
137,beta,momentum,,-0.028020096942782402
137,beta,persist,,0.0985124260187149
137,beta,underwater,,0.021243203431367874
137,B,momentum,kospi_return_1d,4.278121195966378e-05
137,B,momentum,fx_level_z_252,-0.0006854789680801332
137,B,persist,kospi_return_1d,-0.00578301539644599
137,B,persist,fx_level_z_252,0.0014897525543347
137,B,underwater,kospi_return_1d,-0.004787763115018606
137,B,underwater,fx_level_z_252,-0.029689708724617958
137,alpha,,kospi_return_1d,0.035653404891490936
137,alpha,,fx_level_z_252,0.028683027252554893
138,beta,momentum,,-0.028103020042181015
138,beta,persist,,0.09868451207876205
138,beta,underwater,,0.02147265523672104
138,B,momentum,kospi_return_1d,0.00030276234610937536
138,B,momentum,fx_level_z_252,-0.0008116399985738099
138,B,persist,kospi_return_1d,-0.005913212429732084
138,B,persist,fx_level_z_252,0.0015579708851873875
138,B,underwater,kospi_return_1d,-0.005197672639042139
138,B,underwater,fx_level_z_252,-0.02938809059560299
138,alpha,,kospi_return_1d,0.03561757877469063
138,alpha,,fx_level_z_252,0.028687279671430588
139,beta,momentum,,-0.02815280109643936
139,beta,persist,,0.09887973219156265
139,beta,underwater,,0.021667227149009705
139,B,momentum,kospi_return_1d,0.00034476842847652733
139,B,momentum,fx_level_z_252,-0.0008008969016373158
139,B,persist,kospi_return_1d,-0.006066508125513792
139,B,persist,fx_level_z_252,0.0014277729205787182
139,B,underwater,kospi_return_1d,-0.005416444037109613
139,B,underwater,fx_level_z_252,-0.02919812500476837
139,alpha,,kospi_return_1d,0.03545689955353737
139,alpha,,fx_level_z_252,0.028726207092404366
140,beta,momentum,,-0.02822599932551384
140,beta,persist,,0.09912683069705963
140,beta,underwater,,0.021779773756861687
140,B,momentum,kospi_return_1d,0.0003885797050315887
140,B,momentum,fx_level_z_252,-0.000753171625547111
140,B,persist,kospi_return_1d,-0.006301399320363998
140,B,persist,fx_level_z_252,0.0012129845563322306
140,B,underwater,kospi_return_1d,-0.005518333055078983
140,B,underwater,fx_level_z_252,-0.029118511825799942
140,alpha,,kospi_return_1d,0.03529195487499237
140,alpha,,fx_level_z_252,0.028675565496087074
141,beta,momentum,,-0.02826266922056675
141,beta,persist,,0.09943252801895142
141,beta,underwater,,0.021836411207914352
141,B,momentum,kospi_return_1d,0.0005603121826425195
141,B,momentum,fx_level_z_252,-0.0006250725709833205
141,B,persist,kospi_return_1d,-0.006563429720699787
141,B,persist,fx_level_z_252,0.0008534597000107169
141,B,underwater,kospi_return_1d,-0.005567292682826519
141,B,underwater,fx_level_z_252,-0.02900790609419346
141,alpha,,kospi_return_1d,0.03495996445417404
141,alpha,,fx_level_z_252,0.02857348695397377
142,beta,momentum,,-0.028289377689361572
142,beta,persist,,0.0997336357831955
142,beta,underwater,,0.021828997880220413
142,B,momentum,kospi_return_1d,0.0005782624939456582
142,B,momentum,fx_level_z_252,-0.000478174100862816
142,B,persist,kospi_return_1d,-0.006835065316408873
142,B,persist,fx_level_z_252,0.0004559917433653027
142,B,underwater,kospi_return_1d,-0.005480281077325344
142,B,underwater,fx_level_z_252,-0.029085643589496613
142,alpha,,kospi_return_1d,0.03460468724370003
142,alpha,,fx_level_z_252,0.028513295575976372
143,beta,momentum,,-0.02832678146660328
143,beta,persist,,0.09996582567691803
143,beta,underwater,,0.021830344572663307
143,B,momentum,kospi_return_1d,0.000599875464104116
143,B,momentum,fx_level_z_252,-0.00023933048942126334
143,B,persist,kospi_return_1d,-0.007055452559143305
143,B,persist,fx_level_z_252,0.00015730815357528627
143,B,underwater,kospi_return_1d,-0.005444989539682865
143,B,underwater,fx_level_z_252,-0.028990762308239937
143,alpha,,kospi_return_1d,0.0342126302421093
143,alpha,,fx_level_z_252,0.028622951358556747
144,beta,momentum,,-0.028469620272517204
144,beta,persist,,0.10022427886724472
144,beta,underwater,,0.021822800859808922
144,B,momentum,kospi_return_1d,0.0006266916752792895
144,B,momentum,fx_level_z_252,0.00018801246187649667
144,B,persist,kospi_return_1d,-0.007099921815097332
144,B,persist,fx_level_z_252,-0.00029526709113270044
144,B,underwater,kospi_return_1d,-0.005215296987444162
144,B,underwater,fx_level_z_252,-0.029066508635878563
144,alpha,,kospi_return_1d,0.03389713168144226
144,alpha,,fx_level_z_252,0.02881188690662384
145,beta,momentum,,-0.02852714993059635
145,beta,persist,,0.10045357048511505
145,beta,underwater,,0.021757686510682106
145,B,momentum,kospi_return_1d,0.0006458410643972456
145,B,momentum,fx_level_z_252,0.00024546022177673876
145,B,persist,kospi_return_1d,-0.007106096018105745
145,B,persist,fx_level_z_252,-0.0005978376138955355
145,B,underwater,kospi_return_1d,-0.004980357363820076
145,B,underwater,fx_level_z_252,-0.029088737443089485
145,alpha,,kospi_return_1d,0.03361908718943596
145,alpha,,fx_level_z_252,0.028946353122591972
146,beta,momentum,,-0.028547007590532303
146,beta,persist,,0.10062839090824127
146,beta,underwater,,0.021662140265107155
146,B,momentum,kospi_return_1d,0.0005957352113910019
146,B,momentum,fx_level_z_252,1.5972997061908245e-05
146,B,persist,kospi_return_1d,-0.007082921452820301
146,B,persist,fx_level_z_252,-0.0008013139013200998
146,B,underwater,kospi_return_1d,-0.004737683571875095
146,B,underwater,fx_level_z_252,-0.029234150424599648
146,alpha,,kospi_return_1d,0.033460307866334915
146,alpha,,fx_level_z_252,0.029208460822701454
147,beta,momentum,,-0.028391480445861816
147,beta,persist,,0.10071820765733719
147,beta,underwater,,0.02148299291729927
147,B,momentum,kospi_return_1d,0.0004617967060767114
147,B,momentum,fx_level_z_252,-0.000386828207410872
147,B,persist,kospi_return_1d,-0.007029334548860788
147,B,persist,fx_level_z_252,-0.0007745604962110519
147,B,underwater,kospi_return_1d,-0.0045508346520364285
147,B,underwater,fx_level_z_252,-0.02935081347823143
147,alpha,,kospi_return_1d,0.033415284007787704
147,alpha,,fx_level_z_252,0.029409052804112434
148,beta,momentum,,-0.028250928968191147
148,beta,persist,,0.10077491402626038
148,beta,underwater,,0.021230291575193405
148,B,momentum,kospi_return_1d,0.00036105740582570434
148,B,momentum,fx_level_z_252,-0.0007760421140119433
148,B,persist,kospi_return_1d,-0.007088172249495983
148,B,persist,fx_level_z_252,-0.000644428248051554
148,B,underwater,kospi_return_1d,-0.004325480666011572
148,B,underwater,fx_level_z_252,-0.02944745123386383
148,alpha,,kospi_return_1d,0.03342828154563904
148,alpha,,fx_level_z_252,0.02959277480840683
149,beta,momentum,,-0.028093155473470688
149,beta,persist,,0.10082060098648071
149,beta,underwater,,0.020991185680031776
149,B,momentum,kospi_return_1d,0.00036850114702247083
149,B,momentum,fx_level_z_252,-0.0011915188515558839
149,B,persist,kospi_return_1d,-0.007144568953663111
149,B,persist,fx_level_z_252,-0.0002870509633794427
149,B,underwater,kospi_return_1d,-0.003974468447268009
149,B,underwater,fx_level_z_252,-0.029378490522503853
149,alpha,,kospi_return_1d,0.03344200924038887
149,alpha,,fx_level_z_252,0.029813749715685844
150,beta,momentum,,-0.027945762500166893
150,beta,persist,,0.10085129737854004
150,beta,underwater,,0.02077357843518257
150,B,momentum,kospi_return_1d,0.00027389905881136656
150,B,momentum,fx_level_z_252,-0.0015248782001435757
150,B,persist,kospi_return_1d,-0.0072410996071994305
150,B,persist,fx_level_z_252,8.478338713757694e-05
150,B,underwater,kospi_return_1d,-0.003609202103689313
150,B,underwater,fx_level_z_252,-0.02945900335907936
150,alpha,,kospi_return_1d,0.03355197235941887
150,alpha,,fx_level_z_252,0.029947660863399506
151,beta,momentum,,-0.02787475660443306
151,beta,persist,,0.10094279795885086
151,beta,underwater,,0.020706381648778915
151,B,momentum,kospi_return_1d,0.0002183776960009709
151,B,momentum,fx_level_z_252,-0.0017316431039944291
151,B,persist,kospi_return_1d,-0.0074153440073132515
151,B,persist,fx_level_z_252,0.00018821409321390092
151,B,underwater,kospi_return_1d,-0.0034750630147755146
151,B,underwater,fx_level_z_252,-0.029580265283584595
151,alpha,,kospi_return_1d,0.03362579271197319
151,alpha,,fx_level_z_252,0.030136240646243095
152,beta,momentum,,-0.027832210063934326
152,beta,persist,,0.10102468729019165
152,beta,underwater,,0.02076217159628868
152,B,momentum,kospi_return_1d,0.00028367151389829814
152,B,momentum,fx_level_z_252,-0.001803634106181562
152,B,persist,kospi_return_1d,-0.007517513353377581
152,B,persist,fx_level_z_252,0.00021325239504221827
152,B,underwater,kospi_return_1d,-0.0034748357720673084
152,B,underwater,fx_level_z_252,-0.029659755527973175
152,alpha,,kospi_return_1d,0.03370225057005882
152,alpha,,fx_level_z_252,0.03024882823228836
153,beta,momentum,,-0.02770441584289074
153,beta,persist,,0.10107044130563736
153,beta,underwater,,0.02086593210697174
153,B,momentum,kospi_return_1d,0.0004098967765457928
153,B,momentum,fx_level_z_252,-0.0018752323230728507
153,B,persist,kospi_return_1d,-0.007701071910560131
153,B,persist,fx_level_z_252,0.0002911210176534951
153,B,underwater,kospi_return_1d,-0.003600512631237507
153,B,underwater,fx_level_z_252,-0.02971062809228897
153,alpha,,kospi_return_1d,0.03391160070896149
153,alpha,,fx_level_z_252,0.030301770195364952
154,beta,momentum,,-0.02754831872880459
154,beta,persist,,0.10103126615285873
154,beta,underwater,,0.02098025754094124
154,B,momentum,kospi_return_1d,0.0006122879567556083
154,B,momentum,fx_level_z_252,-0.0018486337503418326
154,B,persist,kospi_return_1d,-0.007960057817399502
154,B,persist,fx_level_z_252,0.0004280477878637612
154,B,underwater,kospi_return_1d,-0.0038234416861087084
154,B,underwater,fx_level_z_252,-0.029818544164299965
154,alpha,,kospi_return_1d,0.03432206064462662
154,alpha,,fx_level_z_252,0.030390333384275436
155,beta,momentum,,-0.02733362466096878
155,beta,persist,,0.10101266205310822
155,beta,underwater,,0.02099280245602131
155,B,momentum,kospi_return_1d,0.0008856351487338543
155,B,momentum,fx_level_z_252,-0.00187957682646811
155,B,persist,kospi_return_1d,-0.008181806653738022
155,B,persist,fx_level_z_252,0.00047573650954291224
155,B,underwater,kospi_return_1d,-0.0038509750738739967
155,B,underwater,fx_level_z_252,-0.029829856008291245
155,alpha,,kospi_return_1d,0.03458411991596222
155,alpha,,fx_level_z_252,0.030359609052538872
156,beta,momentum,,-0.02717895247042179
156,beta,persist,,0.10103058069944382
156,beta,underwater,,0.02096826583147049
156,B,momentum,kospi_return_1d,0.0010582839604467154
156,B,momentum,fx_level_z_252,-0.0017336653545498848
156,B,persist,kospi_return_1d,-0.008385705761611462
156,B,persist,fx_level_z_252,0.0005451959441415966
156,B,underwater,kospi_return_1d,-0.0039310636930167675
156,B,underwater,fx_level_z_252,-0.02979889325797558
156,alpha,,kospi_return_1d,0.034861013293266296
156,alpha,,fx_level_z_252,0.030107608065009117
157,beta,momentum,,-0.026982903480529785
157,beta,persist,,0.10098863393068314
157,beta,underwater,,0.02089494839310646
157,B,momentum,kospi_return_1d,0.0011688685044646263
157,B,momentum,fx_level_z_252,-0.0016708634793758392
157,B,persist,kospi_return_1d,-0.008541622199118137
157,B,persist,fx_level_z_252,0.0007806078647263348
157,B,underwater,kospi_return_1d,-0.0040930588729679585
157,B,underwater,fx_level_z_252,-0.02978082001209259
157,alpha,,kospi_return_1d,0.03504737466573715
157,alpha,,fx_level_z_252,0.029766615480184555
158,beta,momentum,,-0.026888038963079453
158,beta,persist,,0.10104991495609283
158,beta,underwater,,0.020890740677714348
158,B,momentum,kospi_return_1d,0.001259306212887168
158,B,momentum,fx_level_z_252,-0.0016141477972269058
158,B,persist,kospi_return_1d,-0.008740377612411976
158,B,persist,fx_level_z_252,0.0008430150919593871
158,B,underwater,kospi_return_1d,-0.004209911450743675
158,B,underwater,fx_level_z_252,-0.029763255268335342
158,alpha,,kospi_return_1d,0.03521407023072243
158,alpha,,fx_level_z_252,0.029580218717455864
159,beta,momentum,,-0.026722971349954605
159,beta,persist,,0.101089246571064
159,beta,underwater,,0.020845584571361542
159,B,momentum,kospi_return_1d,0.0012042110320180655
159,B,momentum,fx_level_z_252,-0.0017176001565530896
159,B,persist,kospi_return_1d,-0.008750861510634422
159,B,persist,fx_level_z_252,0.0008127124165184796
159,B,underwater,kospi_return_1d,-0.004044072236865759
159,B,underwater,fx_level_z_252,-0.029757842421531677
159,alpha,,kospi_return_1d,0.035414762794971466
159,alpha,,fx_level_z_252,0.02942187525331974
160,beta,momentum,,-0.026657985523343086
160,beta,persist,,0.1012582927942276
160,beta,underwater,,0.020892933011054993
160,B,momentum,kospi_return_1d,0.0010558621725067496
160,B,momentum,fx_level_z_252,-0.001682416070252657
160,B,persist,kospi_return_1d,-0.008705093525350094
160,B,persist,fx_level_z_252,0.000639892416074872
160,B,underwater,kospi_return_1d,-0.003882953431457281
160,B,underwater,fx_level_z_252,-0.02974499948322773
160,alpha,,kospi_return_1d,0.03537110984325409
160,alpha,,fx_level_z_252,0.029494840651750565
161,beta,momentum,,-0.026601459830999374
161,beta,persist,,0.10141537338495255
161,beta,underwater,,0.020955698564648628
161,B,momentum,kospi_return_1d,0.0008745561935938895
161,B,momentum,fx_level_z_252,-0.0016641940455883741
161,B,persist,kospi_return_1d,-0.0085041718557477
161,B,persist,fx_level_z_252,0.0005741679342463613
161,B,underwater,kospi_return_1d,-0.0037281436379998922
161,B,underwater,fx_level_z_252,-0.029719099402427673
161,alpha,,kospi_return_1d,0.03516967222094536
161,alpha,,fx_level_z_252,0.029454095289111137
162,beta,momentum,,-0.026564763858914375
162,beta,persist,,0.10151439160108566
162,beta,underwater,,0.0210060216486454
162,B,momentum,kospi_return_1d,0.0005898940144106746
162,B,momentum,fx_level_z_252,-0.0016529568238183856
162,B,persist,kospi_return_1d,-0.008288168348371983
162,B,persist,fx_level_z_252,0.0005692272679880261
162,B,underwater,kospi_return_1d,-0.003671318059787154
162,B,underwater,fx_level_z_252,-0.0296607818454504
162,alpha,,kospi_return_1d,0.035030316561460495
162,alpha,,fx_level_z_252,0.02941736951470375
163,beta,momentum,,-0.026500340551137924
163,beta,persist,,0.10152744501829147
163,beta,underwater,,0.020974446088075638
163,B,momentum,kospi_return_1d,0.00027219741605222225
163,B,momentum,fx_level_z_252,-0.0015745115233585238
163,B,persist,kospi_return_1d,-0.00799325667321682
163,B,persist,fx_level_z_252,0.0003952425322495401
163,B,underwater,kospi_return_1d,-0.0032984609715640545
163,B,underwater,fx_level_z_252,-0.029645735397934914
163,alpha,,kospi_return_1d,0.03487885370850563
163,alpha,,fx_level_z_252,0.029339002445340157
164,beta,momentum,,-0.026525117456912994
164,beta,persist,,0.10161115974187851
164,beta,underwater,,0.020906684920191765
164,B,momentum,kospi_return_1d,6.714864866808057e-06
164,B,momentum,fx_level_z_252,-0.0014294135617092252
164,B,persist,kospi_return_1d,-0.007757192477583885
164,B,persist,fx_level_z_252,0.00024199999461416155
164,B,underwater,kospi_return_1d,-0.0029590395279228687
164,B,underwater,fx_level_z_252,-0.029732253402471542
164,alpha,,kospi_return_1d,0.0346880666911602
164,alpha,,fx_level_z_252,0.02941654436290264
165,beta,momentum,,-0.02651814930140972
165,beta,persist,,0.10169441998004913
165,beta,underwater,,0.020832037553191185
165,B,momentum,kospi_return_1d,-0.00018593171262182295
165,B,momentum,fx_level_z_252,-0.0011565795866772532
165,B,persist,kospi_return_1d,-0.007726291194558144
165,B,persist,fx_level_z_252,0.00022186523710843176
165,B,underwater,kospi_return_1d,-0.002824621507897973
165,B,underwater,fx_level_z_252,-0.030025888234376907
165,alpha,,kospi_return_1d,0.03450673446059227
165,alpha,,fx_level_z_252,0.029469143599271774
166,beta,momentum,,-0.026572896167635918
166,beta,persist,,0.10184641182422638
166,beta,underwater,,0.020824017003178596
166,B,momentum,kospi_return_1d,-0.00012168451939942315
166,B,momentum,fx_level_z_252,-0.0011008970905095339
166,B,persist,kospi_return_1d,-0.007836518809199333
166,B,persist,fx_level_z_252,0.00027305877301841974
166,B,underwater,kospi_return_1d,-0.002999494783580303
166,B,underwater,fx_level_z_252,-0.030227208510041237
166,alpha,,kospi_return_1d,0.03433367237448692
166,alpha,,fx_level_z_252,0.02947508543729782
167,beta,momentum,,-0.026748768985271454
167,beta,persist,,0.10195685923099518
167,beta,underwater,,0.020892377942800522
167,B,momentum,kospi_return_1d,-4.139201337238774e-05
167,B,momentum,fx_level_z_252,-0.0010331106605008245
167,B,persist,kospi_return_1d,-0.007955118082463741
167,B,persist,fx_level_z_252,0.0003937325382139534
167,B,underwater,kospi_return_1d,-0.0032301987521350384
167,B,underwater,fx_level_z_252,-0.030370665714144707
167,alpha,,kospi_return_1d,0.03421296179294586
167,alpha,,fx_level_z_252,0.029626773670315742
168,beta,momentum,,-0.026940302923321724
168,beta,persist,,0.10203323513269424
168,beta,underwater,,0.020901639014482498
168,B,momentum,kospi_return_1d,0.00011708417150657624
168,B,momentum,fx_level_z_252,-0.0010631041368469596
168,B,persist,kospi_return_1d,-0.00791918858885765
168,B,persist,fx_level_z_252,0.0005430576857179403
168,B,underwater,kospi_return_1d,-0.0033694268204271793
168,B,underwater,fx_level_z_252,-0.03045286424458027
168,alpha,,kospi_return_1d,0.034218937158584595
168,alpha,,fx_level_z_252,0.029626155272126198
169,beta,momentum,,-0.027150467038154602
169,beta,persist,,0.10216068476438522
169,beta,underwater,,0.0210307314991951
169,B,momentum,kospi_return_1d,0.00017884638509713113
169,B,momentum,fx_level_z_252,-0.001082449103705585
169,B,persist,kospi_return_1d,-0.007566308602690697
169,B,persist,fx_level_z_252,0.0006836506072431803
169,B,underwater,kospi_return_1d,-0.0034770239144563675
169,B,underwater,fx_level_z_252,-0.030431488528847694
169,alpha,,kospi_return_1d,0.034314222633838654
169,alpha,,fx_level_z_252,0.029813196510076523
170,beta,momentum,,-0.027222180739045143
170,beta,persist,,0.10222128033638
170,beta,underwater,,0.021160263568162918
170,B,momentum,kospi_return_1d,1.8514037947170436e-06
170,B,momentum,fx_level_z_252,-0.0011033785995095968
170,B,persist,kospi_return_1d,-0.007242948282510042
170,B,persist,fx_level_z_252,0.0008238211739808321
170,B,underwater,kospi_return_1d,-0.0035198896657675505
170,B,underwater,fx_level_z_252,-0.030482523143291473
170,alpha,,kospi_return_1d,0.034357406198978424
170,alpha,,fx_level_z_252,0.030036887153983116
171,beta,momentum,,-0.027066918089985847
171,beta,persist,,0.10221606492996216
171,beta,underwater,,0.02119741030037403
171,B,momentum,kospi_return_1d,-8.855060877976939e-05
171,B,momentum,fx_level_z_252,-0.001161015941761434
171,B,persist,kospi_return_1d,-0.0069302902556955814
171,B,persist,fx_level_z_252,0.00095413310918957
171,B,underwater,kospi_return_1d,-0.003594844602048397
171,B,underwater,fx_level_z_252,-0.03053482621908188
171,alpha,,kospi_return_1d,0.034597013145685196
171,alpha,,fx_level_z_252,0.03023751825094223
172,beta,momentum,,-0.02675381489098072
172,beta,persist,,0.1021655723452568
172,beta,underwater,,0.021099623292684555
172,B,momentum,kospi_return_1d,0.00014567503239959478
172,B,momentum,fx_level_z_252,-0.001212981529533863
172,B,persist,kospi_return_1d,-0.006788198836147785
172,B,persist,fx_level_z_252,0.0011117173125967383
172,B,underwater,kospi_return_1d,-0.0038526172284036875
172,B,underwater,fx_level_z_252,-0.030518492683768272
172,alpha,,kospi_return_1d,0.034773070365190506
172,alpha,,fx_level_z_252,0.030376208946108818
173,beta,momentum,,-0.026455866172909737
173,beta,persist,,0.10212471336126328
173,beta,underwater,,0.021025242283940315
173,B,momentum,kospi_return_1d,0.000289742776658386
173,B,momentum,fx_level_z_252,-0.0013797339051961899
173,B,persist,kospi_return_1d,-0.006786624435335398
173,B,persist,fx_level_z_252,0.0011558205587789416
173,B,underwater,kospi_return_1d,-0.004175228998064995
173,B,underwater,fx_level_z_252,-0.03035607561469078
173,alpha,,kospi_return_1d,0.03482910990715027
173,alpha,,fx_level_z_252,0.030376899987459183
174,beta,momentum,,-0.026199378073215485
174,beta,persist,,0.10213333368301392
174,beta,underwater,,0.02101646549999714
174,B,momentum,kospi_return_1d,0.00047917620395310223
174,B,momentum,fx_level_z_252,-0.0014639712171629071
174,B,persist,kospi_return_1d,-0.006831636186689138
174,B,persist,fx_level_z_252,0.0011014515766873956
174,B,underwater,kospi_return_1d,-0.0044722952879965305
174,B,underwater,fx_level_z_252,-0.030109278857707977
174,alpha,,kospi_return_1d,0.03475774824619293
174,alpha,,fx_level_z_252,0.030422130599617958
175,beta,momentum,,-0.0259816013276577
175,beta,persist,,0.10218081623315811
175,beta,underwater,,0.020947057753801346
175,B,momentum,kospi_return_1d,0.0005496094236150384
175,B,momentum,fx_level_z_252,-0.001325034536421299
175,B,persist,kospi_return_1d,-0.0067957923747599125
175,B,persist,fx_level_z_252,0.0009649137500673532
175,B,underwater,kospi_return_1d,-0.004667274653911591
175,B,underwater,fx_level_z_252,-0.029905563220381737
175,alpha,,kospi_return_1d,0.0346568301320076
175,alpha,,fx_level_z_252,0.030195677652955055
176,beta,momentum,,-0.025786416605114937
176,beta,persist,,0.10214491188526154
176,beta,underwater,,0.020988168194890022
176,B,momentum,kospi_return_1d,0.0006536135915666819
176,B,momentum,fx_level_z_252,-0.001348366611637175
176,B,persist,kospi_return_1d,-0.006994818802922964
176,B,persist,fx_level_z_252,0.0009472877136431634
176,B,underwater,kospi_return_1d,-0.004898438695818186
176,B,underwater,fx_level_z_252,-0.029482807964086533
176,alpha,,kospi_return_1d,0.03446561470627785
176,alpha,,fx_level_z_252,0.02987668104469776
177,beta,momentum,,-0.025651531293988228
177,beta,persist,,0.10201270133256912
177,beta,underwater,,0.021021196618676186
177,B,momentum,kospi_return_1d,0.000770018610637635
177,B,momentum,fx_level_z_252,-0.0014181932201609015
177,B,persist,kospi_return_1d,-0.007136839907616377
177,B,persist,fx_level_z_252,0.0010794876143336296
177,B,underwater,kospi_return_1d,-0.005206277593970299
177,B,underwater,fx_level_z_252,-0.02900836057960987
177,alpha,,kospi_return_1d,0.03440577909350395
177,alpha,,fx_level_z_252,0.029483776539564133
178,beta,momentum,,-0.02555258758366108
178,beta,persist,,0.10186900943517685
178,beta,underwater,,0.021034007892012596
178,B,momentum,kospi_return_1d,0.0009259229409508407
178,B,momentum,fx_level_z_252,-0.0013879833277314901
178,B,persist,kospi_return_1d,-0.007398514077067375
178,B,persist,fx_level_z_252,0.001262830919586122
178,B,underwater,kospi_return_1d,-0.005501695908606052
178,B,underwater,fx_level_z_252,-0.02873508632183075
178,alpha,,kospi_return_1d,0.034636884927749634
178,alpha,,fx_level_z_252,0.029237711802124977
179,beta,momentum,,-0.02544729970395565
179,beta,persist,,0.10173823684453964
179,beta,underwater,,0.02099396102130413
179,B,momentum,kospi_return_1d,0.0009306443389505148
179,B,momentum,fx_level_z_252,-0.0012199764605611563
179,B,persist,kospi_return_1d,-0.007339217700064182
179,B,persist,fx_level_z_252,0.0013006535591557622
179,B,underwater,kospi_return_1d,-0.005636992864310741
179,B,underwater,fx_level_z_252,-0.028612812981009483
179,alpha,,kospi_return_1d,0.03487013652920723
179,alpha,,fx_level_z_252,0.029043858870863914
180,beta,momentum,,-0.025392349809408188
180,beta,persist,,0.10165493935346603
180,beta,underwater,,0.020931392908096313
180,B,momentum,kospi_return_1d,0.0010711625218391418
180,B,momentum,fx_level_z_252,-0.0009172509307973087
180,B,persist,kospi_return_1d,-0.007295630872249603
180,B,persist,fx_level_z_252,0.0013063057558611035
180,B,underwater,kospi_return_1d,-0.005811051465570927
180,B,underwater,fx_level_z_252,-0.02868027426302433
180,alpha,,kospi_return_1d,0.03510666638612747
180,alpha,,fx_level_z_252,0.02896866574883461
181,beta,momentum,,-0.025422636419534683
181,beta,persist,,0.10165870189666748
181,beta,underwater,,0.020979028195142746
181,B,momentum,kospi_return_1d,0.0011192115489393473
181,B,momentum,fx_level_z_252,-0.0006352089112624526
181,B,persist,kospi_return_1d,-0.007192268036305904
181,B,persist,fx_level_z_252,0.0012618307955563068
181,B,underwater,kospi_return_1d,-0.005982779432088137
181,B,underwater,fx_level_z_252,-0.02874373272061348
181,alpha,,kospi_return_1d,0.03522964194417
181,alpha,,fx_level_z_252,0.02878674305975437
182,beta,momentum,,-0.025421125814318657
182,beta,persist,,0.10165166854858398
182,beta,underwater,,0.021111896261572838
182,B,momentum,kospi_return_1d,0.001215569325722754
182,B,momentum,fx_level_z_252,-0.0003215620236005634
182,B,persist,kospi_return_1d,-0.007113780360668898
182,B,persist,fx_level_z_252,0.0011953425128012896
182,B,underwater,kospi_return_1d,-0.0059325313195586205
182,B,underwater,fx_level_z_252,-0.028699884191155434
182,alpha,,kospi_return_1d,0.03546233847737312
182,alpha,,fx_level_z_252,0.028764666989445686
183,beta,momentum,,-0.02544483169913292
183,beta,persist,,0.10170215368270874
183,beta,underwater,,0.02127949707210064
183,B,momentum,kospi_return_1d,0.0011616140836849809
183,B,momentum,fx_level_z_252,-3.8948281144257635e-05
183,B,persist,kospi_return_1d,-0.007021424360573292
183,B,persist,fx_level_z_252,0.0011478690430521965
183,B,underwater,kospi_return_1d,-0.005836076568812132
183,B,underwater,fx_level_z_252,-0.028732577338814735
183,alpha,,kospi_return_1d,0.0356718972325325
183,alpha,,fx_level_z_252,0.028701940551400185
184,beta,momentum,,-0.025411922484636307
184,beta,persist,,0.10167619585990906
184,beta,underwater,,0.021499641239643097
184,B,momentum,kospi_return_1d,0.001091154757887125
184,B,momentum,fx_level_z_252,0.00010550995648372918
184,B,persist,kospi_return_1d,-0.00683594262227416
184,B,persist,fx_level_z_252,0.0012386265443637967
184,B,underwater,kospi_return_1d,-0.005530163180083036
184,B,underwater,fx_level_z_252,-0.02873537316918373
184,alpha,,kospi_return_1d,0.03582920879125595
184,alpha,,fx_level_z_252,0.02856300212442875
185,beta,momentum,,-0.025354640558362007
185,beta,persist,,0.10165145248174667
185,beta,underwater,,0.021724708378314972
185,B,momentum,kospi_return_1d,0.0010171874891966581
185,B,momentum,fx_level_z_252,0.0001512340095359832
185,B,persist,kospi_return_1d,-0.006516569294035435
185,B,persist,fx_level_z_252,0.0011989957420155406
185,B,underwater,kospi_return_1d,-0.005118082743138075
185,B,underwater,fx_level_z_252,-0.02886437252163887
185,alpha,,kospi_return_1d,0.03576319292187691
185,alpha,,fx_level_z_252,0.0284644216299057
186,beta,momentum,,-0.025337735190987587
186,beta,persist,,0.10160655528306961
186,beta,underwater,,0.021907048299908638
186,B,momentum,kospi_return_1d,0.0011768932454288006
186,B,momentum,fx_level_z_252,8.461164543405175e-05
186,B,persist,kospi_return_1d,-0.006392155773937702
186,B,persist,fx_level_z_252,0.001089438097551465
186,B,underwater,kospi_return_1d,-0.004818211309611797
186,B,underwater,fx_level_z_252,-0.029072223231196404
186,alpha,,kospi_return_1d,0.035809069871902466
186,alpha,,fx_level_z_252,0.0285636018961668
187,beta,momentum,,-0.025422802194952965
187,beta,persist,,0.1016489565372467
187,beta,underwater,,0.022082697600126266
187,B,momentum,kospi_return_1d,0.0013282416621223092
187,B,momentum,fx_level_z_252,-0.00011604646715568379
187,B,persist,kospi_return_1d,-0.006212250329554081
187,B,persist,fx_level_z_252,0.0009957916336134076
187,B,underwater,kospi_return_1d,-0.004332461394369602
187,B,underwater,fx_level_z_252,-0.029196837916970253
187,alpha,,kospi_return_1d,0.03556058928370476
187,alpha,,fx_level_z_252,0.028628557920455933
188,beta,momentum,,-0.025451766327023506
188,beta,persist,,0.10166601836681366
188,beta,underwater,,0.02218320593237877
188,B,momentum,kospi_return_1d,0.001195835298858583
188,B,momentum,fx_level_z_252,-0.00033777914359234273
188,B,persist,kospi_return_1d,-0.005911408457905054
188,B,persist,fx_level_z_252,0.0009010004578158259
188,B,underwater,kospi_return_1d,-0.003816068172454834
188,B,underwater,fx_level_z_252,-0.02921575866639614
188,alpha,,kospi_return_1d,0.03542391210794449
188,alpha,,fx_level_z_252,0.028709514066576958
189,beta,momentum,,-0.025500183925032616
189,beta,persist,,0.10167264193296432
189,beta,underwater,,0.022237569093704224
189,B,momentum,kospi_return_1d,0.0010190102038905025
189,B,momentum,fx_level_z_252,-0.0003776173107326031
189,B,persist,kospi_return_1d,-0.0057692076079547405
189,B,persist,fx_level_z_252,0.0008258050074800849
189,B,underwater,kospi_return_1d,-0.0033974233083426952
189,B,underwater,fx_level_z_252,-0.02909405343234539
189,alpha,,kospi_return_1d,0.03532102704048157
189,alpha,,fx_level_z_252,0.028815310448408127
190,beta,momentum,,-0.025649523362517357
190,beta,persist,,0.10174348205327988
190,beta,underwater,,0.02221068926155567
190,B,momentum,kospi_return_1d,0.0010633920319378376
190,B,momentum,fx_level_z_252,-0.0004047913826070726
190,B,persist,kospi_return_1d,-0.005756347440183163
190,B,persist,fx_level_z_252,0.0007745655020698905
190,B,underwater,kospi_return_1d,-0.003149524563923478
190,B,underwater,fx_level_z_252,-0.0290463175624609
190,alpha,,kospi_return_1d,0.03511684387922287
190,alpha,,fx_level_z_252,0.02892502024769783
191,beta,momentum,,-0.02572043612599373
191,beta,persist,,0.10187958925962448
191,beta,underwater,,0.022219218313694
191,B,momentum,kospi_return_1d,0.0011478939559310675
191,B,momentum,fx_level_z_252,-0.0003433936508372426
191,B,persist,kospi_return_1d,-0.005855781026184559
191,B,persist,fx_level_z_252,0.0007370191742666066
191,B,underwater,kospi_return_1d,-0.0030829855240881443
191,B,underwater,fx_level_z_252,-0.029081836342811584
191,alpha,,kospi_return_1d,0.03483569622039795
191,alpha,,fx_level_z_252,0.029107052832841873
192,beta,momentum,,-0.025817275047302246
192,beta,persist,,0.10207007080316544
192,beta,underwater,,0.022343173623085022
192,B,momentum,kospi_return_1d,0.0011886813445016742
192,B,momentum,fx_level_z_252,-0.00019154674373567104
192,B,persist,kospi_return_1d,-0.006038251332938671
192,B,persist,fx_level_z_252,0.0006316248327493668
192,B,underwater,kospi_return_1d,-0.0030898640397936106
192,B,underwater,fx_level_z_252,-0.029248541221022606
192,alpha,,kospi_return_1d,0.034482549875974655
192,alpha,,fx_level_z_252,0.029329510405659676
193,beta,momentum,,-0.02587069571018219
193,beta,persist,,0.10220757871866226
193,beta,underwater,,0.022433942183852196
193,B,momentum,kospi_return_1d,0.0011546064633876085
193,B,momentum,fx_level_z_252,-0.0003108576056547463
193,B,persist,kospi_return_1d,-0.006205999292433262
193,B,persist,fx_level_z_252,0.0006919774459674954
193,B,underwater,kospi_return_1d,-0.0031956785824149847
193,B,underwater,fx_level_z_252,-0.029215218499302864
193,alpha,,kospi_return_1d,0.03411740064620972
193,alpha,,fx_level_z_252,0.029531240463256836
194,beta,momentum,,-0.02591119334101677
194,beta,persist,,0.10227479785680771
194,beta,underwater,,0.02246757782995701
194,B,momentum,kospi_return_1d,0.0011237988946959376
194,B,momentum,fx_level_z_252,-0.0004523757379502058
194,B,persist,kospi_return_1d,-0.0064033507369458675
194,B,persist,fx_level_z_252,0.0008166485349647701
194,B,underwater,kospi_return_1d,-0.0033364363480359316
194,B,underwater,fx_level_z_252,-0.02902432344853878
194,alpha,,kospi_return_1d,0.033886924386024475
194,alpha,,fx_level_z_252,0.029707469046115875
195,beta,momentum,,-0.025946857407689095
195,beta,persist,,0.10232026875019073
195,beta,underwater,,0.022493764758110046
195,B,momentum,kospi_return_1d,0.0012293682666495442
195,B,momentum,fx_level_z_252,-0.0007885883678682148
195,B,persist,kospi_return_1d,-0.0066711558029055595
195,B,persist,fx_level_z_252,0.0009816655656322837
195,B,underwater,kospi_return_1d,-0.0035125676076859236
195,B,underwater,fx_level_z_252,-0.02893279306590557
195,alpha,,kospi_return_1d,0.03368930518627167
195,alpha,,fx_level_z_252,0.029958635568618774
196,beta,momentum,,-0.025966502726078033
196,beta,persist,,0.1023227646946907
196,beta,underwater,,0.022404761984944344
196,B,momentum,kospi_return_1d,0.0011652002576738596
196,B,momentum,fx_level_z_252,-0.0010627619922161102
196,B,persist,kospi_return_1d,-0.006871572695672512
196,B,persist,fx_level_z_252,0.0010631397599354386
196,B,underwater,kospi_return_1d,-0.003605192294344306
196,B,underwater,fx_level_z_252,-0.02894853614270687
196,alpha,,kospi_return_1d,0.03378201276063919
196,alpha,,fx_level_z_252,0.030181093141436577
197,beta,momentum,,-0.025871140882372856
197,beta,persist,,0.10226426273584366
197,beta,underwater,,0.022177770733833313
197,B,momentum,kospi_return_1d,0.0010128997964784503
197,B,momentum,fx_level_z_252,-0.0012538047740235925
197,B,persist,kospi_return_1d,-0.007059115916490555
197,B,persist,fx_level_z_252,0.001116452389396727
197,B,underwater,kospi_return_1d,-0.0036333578173071146
197,B,underwater,fx_level_z_252,-0.028946151956915855
197,alpha,,kospi_return_1d,0.033928368240594864
197,alpha,,fx_level_z_252,0.030396878719329834
198,beta,momentum,,-0.0258739423006773
198,beta,persist,,0.10227995365858078
198,beta,underwater,,0.022071586921811104
198,B,momentum,kospi_return_1d,0.0007988270372152328
198,B,momentum,fx_level_z_252,-0.0013047794345766306
198,B,persist,kospi_return_1d,-0.007085699588060379
198,B,persist,fx_level_z_252,0.0011561166029423475
198,B,underwater,kospi_return_1d,-0.0035348718520253897
198,B,underwater,fx_level_z_252,-0.02899278700351715
198,alpha,,kospi_return_1d,0.03403109312057495
198,alpha,,fx_level_z_252,0.03063390776515007
199,beta,momentum,,-0.02595399133861065
199,beta,persist,,0.1023385152220726
199,beta,underwater,,0.021927183493971825
199,B,momentum,kospi_return_1d,0.0005470775067806244
199,B,momentum,fx_level_z_252,-0.0011651009554043412
199,B,persist,kospi_return_1d,-0.007197567727416754
199,B,persist,fx_level_z_252,0.0011451022000983357
199,B,underwater,kospi_return_1d,-0.0035305458586663008
199,B,underwater,fx_level_z_252,-0.029168857261538506
199,alpha,,kospi_return_1d,0.03414066135883331
199,alpha,,fx_level_z_252,0.03093453124165535
200,beta,momentum,,-0.025962501764297485
200,beta,persist,,0.1023797020316124
200,beta,underwater,,0.02187219075858593
200,B,momentum,kospi_return_1d,0.0002546205651015043
200,B,momentum,fx_level_z_252,-0.0010523467790335417
200,B,persist,kospi_return_1d,-0.007085003890097141
200,B,persist,fx_level_z_252,0.0013295679818838835
200,B,underwater,kospi_return_1d,-0.0035206011962145567
200,B,underwater,fx_level_z_252,-0.029192565008997917
200,alpha,,kospi_return_1d,0.03435464948415756
200,alpha,,fx_level_z_252,0.031195996329188347
201,beta,momentum,,-0.02596566639840603
201,beta,persist,,0.10241276025772095
201,beta,underwater,,0.021759148687124252
201,B,momentum,kospi_return_1d,0.0001729594951029867
201,B,momentum,fx_level_z_252,-0.0009299879893660545
201,B,persist,kospi_return_1d,-0.007048989180475473
201,B,persist,fx_level_z_252,0.0014716298319399357
201,B,underwater,kospi_return_1d,-0.0035483851097524166
201,B,underwater,fx_level_z_252,-0.029261143878102303
201,alpha,,kospi_return_1d,0.03457359969615936
201,alpha,,fx_level_z_252,0.031222989782691002
202,beta,momentum,,-0.025902438908815384
202,beta,persist,,0.10240960866212845
202,beta,underwater,,0.02161521092057228
202,B,momentum,kospi_return_1d,0.0001027356120175682
202,B,momentum,fx_level_z_252,-0.0008554936503060162
202,B,persist,kospi_return_1d,-0.006998391356319189
202,B,persist,fx_level_z_252,0.001561513519845903
202,B,underwater,kospi_return_1d,-0.003612270811572671
202,B,underwater,fx_level_z_252,-0.029400406405329704
202,alpha,,kospi_return_1d,0.03475259989500046
202,alpha,,fx_level_z_252,0.031156696379184723
203,beta,momentum,,-0.02593255415558815
203,beta,persist,,0.1024528294801712
203,beta,underwater,,0.021545950323343277
203,B,momentum,kospi_return_1d,0.00018746421847026795
203,B,momentum,fx_level_z_252,-0.0008510697516612709
203,B,persist,kospi_return_1d,-0.007010747212916613
203,B,persist,fx_level_z_252,0.0015291465679183602
203,B,underwater,kospi_return_1d,-0.0037453402765095234
203,B,underwater,fx_level_z_252,-0.029523763805627823
203,alpha,,kospi_return_1d,0.03493859991431236
203,alpha,,fx_level_z_252,0.031113583594560623
204,beta,momentum,,-0.026113197207450867
204,beta,persist,,0.1024562418460846
204,beta,underwater,,0.02140173129737377
204,B,momentum,kospi_return_1d,0.00016362880705855787
204,B,momentum,fx_level_z_252,-0.000746769190300256
204,B,persist,kospi_return_1d,-0.00690989987924695
204,B,persist,fx_level_z_252,0.001464565983042121
204,B,underwater,kospi_return_1d,-0.0036815020721405745
204,B,underwater,fx_level_z_252,-0.029746031388640404
204,alpha,,kospi_return_1d,0.03503963723778725
204,alpha,,fx_level_z_252,0.030921071767807007
205,beta,momentum,,-0.026157746091485023
205,beta,persist,,0.10237378627061844
205,beta,underwater,,0.02113117277622223
205,B,momentum,kospi_return_1d,-2.452288754284382e-05
205,B,momentum,fx_level_z_252,-0.0004550004960037768
205,B,persist,kospi_return_1d,-0.006566811818629503
205,B,persist,fx_level_z_252,0.0012922292808070779
205,B,underwater,kospi_return_1d,-0.00335994316264987
205,B,underwater,fx_level_z_252,-0.03011549822986126
205,alpha,,kospi_return_1d,0.03522367402911186
205,alpha,,fx_level_z_252,0.030668843537569046
206,beta,momentum,,-0.026132946833968163
206,beta,persist,,0.10229311138391495
206,beta,underwater,,0.020708652213215828
206,B,momentum,kospi_return_1d,4.786718636751175e-05
206,B,momentum,fx_level_z_252,-0.00020413848687894642
206,B,persist,kospi_return_1d,-0.006338799837976694
206,B,persist,fx_level_z_252,0.0008338094339706004
206,B,underwater,kospi_return_1d,-0.0031099624466151
206,B,underwater,fx_level_z_252,-0.03062707558274269
206,alpha,,kospi_return_1d,0.035460688173770905
206,alpha,,fx_level_z_252,0.03038686141371727
207,beta,momentum,,-0.026133030652999878
207,beta,persist,,0.10220715403556824
207,beta,underwater,,0.020376132801175117
207,B,momentum,kospi_return_1d,0.0004710461653303355
207,B,momentum,fx_level_z_252,-0.00010303660383215174
207,B,persist,kospi_return_1d,-0.00644287234172225
207,B,persist,fx_level_z_252,0.0005340564530342817
207,B,underwater,kospi_return_1d,-0.0030718285124748945
207,B,underwater,fx_level_z_252,-0.030881809070706367
207,alpha,,kospi_return_1d,0.0357246920466423
207,alpha,,fx_level_z_252,0.03010006994009018
208,beta,momentum,,-0.025997331365942955
208,beta,persist,,0.10211250931024551
208,beta,underwater,,0.020003648474812508
208,B,momentum,kospi_return_1d,0.0006684143445454538
208,B,momentum,fx_level_z_252,-0.0001740484731271863
208,B,persist,kospi_return_1d,-0.006411601789295673
208,B,persist,fx_level_z_252,0.00034215187770314515
208,B,underwater,kospi_return_1d,-0.0030759163200855255
208,B,underwater,fx_level_z_252,-0.03107813186943531
208,alpha,,kospi_return_1d,0.03592623397707939
208,alpha,,fx_level_z_252,0.02971823327243328
209,beta,momentum,,-0.02583353966474533
209,beta,persist,,0.1019841805100441
209,beta,underwater,,0.019855504855513573
209,B,momentum,kospi_return_1d,0.0010351819219067693
209,B,momentum,fx_level_z_252,-0.0006422207225114107
209,B,persist,kospi_return_1d,-0.006637748330831528
209,B,persist,fx_level_z_252,0.0003043469914700836
209,B,underwater,kospi_return_1d,-0.003404917661100626
209,B,underwater,fx_level_z_252,-0.030817920342087746
209,alpha,,kospi_return_1d,0.0360584519803524
209,alpha,,fx_level_z_252,0.029235845431685448
210,beta,momentum,,-0.025782497599720955
210,beta,persist,,0.10192345082759857
210,beta,underwater,,0.0199173204600811
210,B,momentum,kospi_return_1d,0.001168806804344058
210,B,momentum,fx_level_z_252,-0.000983156729489565
210,B,persist,kospi_return_1d,-0.0069347405806183815
210,B,persist,fx_level_z_252,0.0003449325740803033
210,B,underwater,kospi_return_1d,-0.003659089095890522
210,B,underwater,fx_level_z_252,-0.03058130480349064
210,alpha,,kospi_return_1d,0.03617751970887184
210,alpha,,fx_level_z_252,0.02883242443203926
211,beta,momentum,,-0.025590993463993073
211,beta,persist,,0.10187948495149612
211,beta,underwater,,0.019930943846702576
211,B,momentum,kospi_return_1d,0.0011984908487647772
211,B,momentum,fx_level_z_252,-0.0013731415383517742
211,B,persist,kospi_return_1d,-0.007144320290535688
211,B,persist,fx_level_z_252,0.0005151493824087083
211,B,underwater,kospi_return_1d,-0.0038595343939960003
211,B,underwater,fx_level_z_252,-0.030243154615163803
211,alpha,,kospi_return_1d,0.0363251231610775
211,alpha,,fx_level_z_252,0.02841482125222683
212,beta,momentum,,-0.025476224720478058
212,beta,persist,,0.10195770859718323
212,beta,underwater,,0.019997961819171906
212,B,momentum,kospi_return_1d,0.0014503851998597383
212,B,momentum,fx_level_z_252,-0.0015928955981507897
212,B,persist,kospi_return_1d,-0.007522237952798605
212,B,persist,fx_level_z_252,0.0004598101950250566
212,B,underwater,kospi_return_1d,-0.0041784802451729774
212,B,underwater,fx_level_z_252,-0.03014380671083927
212,alpha,,kospi_return_1d,0.03641960397362709
212,alpha,,fx_level_z_252,0.027996692806482315
213,beta,momentum,,-0.02559651993215084
213,beta,persist,,0.10204794257879257
213,beta,underwater,,0.020183023065328598
213,B,momentum,kospi_return_1d,0.0015695530455559492
213,B,momentum,fx_level_z_252,-0.0014785004314035177
213,B,persist,kospi_return_1d,-0.007949521765112877
213,B,persist,fx_level_z_252,0.0004052346630487591
213,B,underwater,kospi_return_1d,-0.0046344297006726265
213,B,underwater,fx_level_z_252,-0.030034445226192474
213,alpha,,kospi_return_1d,0.03650598227977753
213,alpha,,fx_level_z_252,0.027623731642961502
214,beta,momentum,,-0.025750044733285904
214,beta,persist,,0.10215020924806595
214,beta,underwater,,0.020398927852511406
214,B,momentum,kospi_return_1d,0.0016917092725634575
214,B,momentum,fx_level_z_252,-0.001164644374512136
214,B,persist,kospi_return_1d,-0.00814912375062704
214,B,persist,fx_level_z_252,0.00013552836026065052
214,B,underwater,kospi_return_1d,-0.0049048736691474915
214,B,underwater,fx_level_z_252,-0.030053917318582535
214,alpha,,kospi_return_1d,0.036506664007902145
214,alpha,,fx_level_z_252,0.027334557846188545
215,beta,momentum,,-0.02584502473473549
215,beta,persist,,0.10219132155179977
215,beta,underwater,,0.020513631403446198
215,B,momentum,kospi_return_1d,0.0017681964673101902
215,B,momentum,fx_level_z_252,-0.0009838161058723927
215,B,persist,kospi_return_1d,-0.00819014199078083
215,B,persist,fx_level_z_252,-2.25934199988842e-05
215,B,underwater,kospi_return_1d,-0.005076929461210966
215,B,underwater,fx_level_z_252,-0.029953252524137497
215,alpha,,kospi_return_1d,0.036628562957048416
215,alpha,,fx_level_z_252,0.02714991755783558
216,beta,momentum,,-0.026005970314145088
216,beta,persist,,0.10219898819923401
216,beta,underwater,,0.02060888521373272
216,B,momentum,kospi_return_1d,0.0018465493340045214
216,B,momentum,fx_level_z_252,-0.0009461878798902035
216,B,persist,kospi_return_1d,-0.00834476575255394
216,B,persist,fx_level_z_252,5.510017217602581e-05
216,B,underwater,kospi_return_1d,-0.005272814072668552
216,B,underwater,fx_level_z_252,-0.029717769473791122
216,alpha,,kospi_return_1d,0.036743033677339554
216,alpha,,fx_level_z_252,0.02715339884161949
217,beta,momentum,,-0.02630346268415451
217,beta,persist,,0.1022949069738388
217,beta,underwater,,0.02067474089562893
217,B,momentum,kospi_return_1d,0.0018987552030012012
217,B,momentum,fx_level_z_252,-0.0007889210246503353
217,B,persist,kospi_return_1d,-0.00842769630253315
217,B,persist,fx_level_z_252,-4.1622733988333493e-05
217,B,underwater,kospi_return_1d,-0.0052490984089672565
217,B,underwater,fx_level_z_252,-0.029656831175088882
217,alpha,,kospi_return_1d,0.03680964186787605
217,alpha,,fx_level_z_252,0.027357028797268867
218,beta,momentum,,-0.026624087244272232
218,beta,persist,,0.10241620242595673
218,beta,underwater,,0.02073882333934307
218,B,momentum,kospi_return_1d,0.0019278678810223937
218,B,momentum,fx_level_z_252,-0.0006589527474716306
218,B,persist,kospi_return_1d,-0.00847240537405014
218,B,persist,fx_level_z_252,6.875720282550901e-05
218,B,underwater,kospi_return_1d,-0.005027458071708679
218,B,underwater,fx_level_z_252,-0.02969098463654518
218,alpha,,kospi_return_1d,0.03692531958222389
218,alpha,,fx_level_z_252,0.027613483369350433
219,beta,momentum,,-0.026863105595111847
219,beta,persist,,0.10249440371990204
219,beta,underwater,,0.020703908056020737
219,B,momentum,kospi_return_1d,0.0018676604377105832
219,B,momentum,fx_level_z_252,-0.0005155472317710519
219,B,persist,kospi_return_1d,-0.008494460955262184
219,B,persist,fx_level_z_252,0.0003210824215784669
219,B,underwater,kospi_return_1d,-0.004796808585524559
219,B,underwater,fx_level_z_252,-0.029603516682982445
219,alpha,,kospi_return_1d,0.037118248641490936
219,alpha,,fx_level_z_252,0.027930131182074547
220,beta,momentum,,-0.027000922709703445
220,beta,persist,,0.1024390459060669
220,beta,underwater,,0.0206562839448452
220,B,momentum,kospi_return_1d,0.0017123450525105
220,B,momentum,fx_level_z_252,-0.00046811712672933936
220,B,persist,kospi_return_1d,-0.008428593166172504
220,B,persist,fx_level_z_252,0.0005682212067767978
220,B,underwater,kospi_return_1d,-0.004600175656378269
220,B,underwater,fx_level_z_252,-0.029379038140177727
220,alpha,,kospi_return_1d,0.037362921983003616
220,alpha,,fx_level_z_252,0.028170619159936905
221,beta,momentum,,-0.02719457447528839
221,beta,persist,,0.10247905552387238
221,beta,underwater,,0.02058400772511959
221,B,momentum,kospi_return_1d,0.001546106650494039
221,B,momentum,fx_level_z_252,-0.00031193881295621395
221,B,persist,kospi_return_1d,-0.008346106857061386
221,B,persist,fx_level_z_252,0.0006900726584717631
221,B,underwater,kospi_return_1d,-0.004282450303435326
221,B,underwater,fx_level_z_252,-0.029211068525910378
221,alpha,,kospi_return_1d,0.03749324381351471
221,alpha,,fx_level_z_252,0.028400694951415062
222,beta,momentum,,-0.0273944903165102
222,beta,persist,,0.10266346484422684
222,beta,underwater,,0.02051549218595028
222,B,momentum,kospi_return_1d,0.0013154060579836369
222,B,momentum,fx_level_z_252,-4.500515206018463e-05
222,B,persist,kospi_return_1d,-0.008139614947140217
222,B,persist,fx_level_z_252,0.0005496786325238645
222,B,underwater,kospi_return_1d,-0.003973381128162146
222,B,underwater,fx_level_z_252,-0.02919611893594265
222,alpha,,kospi_return_1d,0.037451308220624924
222,alpha,,fx_level_z_252,0.02856043539941311
223,beta,momentum,,-0.027540434151887894
223,beta,persist,,0.10280309617519379
223,beta,underwater,,0.020340221002697945
223,B,momentum,kospi_return_1d,0.001114044920541346
223,B,momentum,fx_level_z_252,4.6412355004576966e-05
223,B,persist,kospi_return_1d,-0.007947579026222229
223,B,persist,fx_level_z_252,0.0003513069823384285
223,B,underwater,kospi_return_1d,-0.003634310094639659
223,B,underwater,fx_level_z_252,-0.02925870008766651
223,alpha,,kospi_return_1d,0.03757939487695694
223,alpha,,fx_level_z_252,0.02859271876513958
224,beta,momentum,,-0.027425618842244148
224,beta,persist,,0.10297521203756332
224,beta,underwater,,0.020093649625778198
224,B,momentum,kospi_return_1d,0.0011938702082261443
224,B,momentum,fx_level_z_252,-0.00011728575191227719
224,B,persist,kospi_return_1d,-0.008000672794878483
224,B,persist,fx_level_z_252,0.00013032366405241191
224,B,underwater,kospi_return_1d,-0.0034557883627712727
224,B,underwater,fx_level_z_252,-0.02937322109937668
224,alpha,,kospi_return_1d,0.037547338753938675
224,alpha,,fx_level_z_252,0.02864336036145687
225,beta,momentum,,-0.027425114065408707
225,beta,persist,,0.1031460389494896
225,beta,underwater,,0.0199115127325058
225,B,momentum,kospi_return_1d,0.001315831090323627
225,B,momentum,fx_level_z_252,-7.029825064819306e-05
225,B,persist,kospi_return_1d,-0.007936393842101097
225,B,persist,fx_level_z_252,-0.00018766777066048235
225,B,underwater,kospi_return_1d,-0.0034444050397723913
225,B,underwater,fx_level_z_252,-0.029486143961548805
225,alpha,,kospi_return_1d,0.037745021283626556
225,alpha,,fx_level_z_252,0.028671540319919586
226,beta,momentum,,-0.02746260166168213
226,beta,persist,,0.10325869917869568
226,beta,underwater,,0.019910825416445732
226,B,momentum,kospi_return_1d,0.0013487674295902252
226,B,momentum,fx_level_z_252,-0.00020410475553944707
226,B,persist,kospi_return_1d,-0.007767386734485626
226,B,persist,fx_level_z_252,-0.00029159797122702
226,B,underwater,kospi_return_1d,-0.0035474670585244894
226,B,underwater,fx_level_z_252,-0.029395677149295807
226,alpha,,kospi_return_1d,0.03791527450084686
226,alpha,,fx_level_z_252,0.0285620279610157
227,beta,momentum,,-0.027498383074998856
227,beta,persist,,0.10339774936437607
227,beta,underwater,,0.019858291372656822
227,B,momentum,kospi_return_1d,0.0013838153099641204
227,B,momentum,fx_level_z_252,-0.00022328586783260107
227,B,persist,kospi_return_1d,-0.007484318222850561
227,B,persist,fx_level_z_252,-0.00023235288972500712
227,B,underwater,kospi_return_1d,-0.00362975406460464
227,B,underwater,fx_level_z_252,-0.02929408848285675
227,alpha,,kospi_return_1d,0.037951309233903885
227,alpha,,fx_level_z_252,0.028554290533065796
228,beta,momentum,,-0.027381232008337975
228,beta,persist,,0.10348471999168396
228,beta,underwater,,0.01975458487868309
228,B,momentum,kospi_return_1d,0.0016595075139775872
228,B,momentum,fx_level_z_252,-0.0004390412359498441
228,B,persist,kospi_return_1d,-0.00738726370036602
228,B,persist,fx_level_z_252,0.00022159653599373996
228,B,underwater,kospi_return_1d,-0.003889939282089472
228,B,underwater,fx_level_z_252,-0.02899194322526455
228,alpha,,kospi_return_1d,0.037952348589897156
228,alpha,,fx_level_z_252,0.028459111228585243
229,beta,momentum,,-0.027437441051006317
229,beta,persist,,0.10360481590032578
229,beta,underwater,,0.0195603109896183
229,B,momentum,kospi_return_1d,0.0018088280921801925
229,B,momentum,fx_level_z_252,-0.0005878428928554058
229,B,persist,kospi_return_1d,-0.007449193391948938
229,B,persist,fx_level_z_252,0.0007063437951728702
229,B,underwater,kospi_return_1d,-0.004006571136415005
229,B,underwater,fx_level_z_252,-0.028629828244447708
229,alpha,,kospi_return_1d,0.03786835819482803
229,alpha,,fx_level_z_252,0.02820519730448723
230,beta,momentum,,-0.027586933225393295
230,beta,persist,,0.10378006100654602
230,beta,underwater,,0.019555237144231796
230,B,momentum,kospi_return_1d,0.0018145922804251313
230,B,momentum,fx_level_z_252,-0.0006766354781575501
230,B,persist,kospi_return_1d,-0.007353858090937138
230,B,persist,fx_level_z_252,0.0011433148756623268
230,B,underwater,kospi_return_1d,-0.004076944664120674
230,B,underwater,fx_level_z_252,-0.028357964009046555
230,alpha,,kospi_return_1d,0.03779472038149834
230,alpha,,fx_level_z_252,0.028210900723934174
231,beta,momentum,,-0.027706902474164963
231,beta,persist,,0.10396801680326462
231,beta,underwater,,0.0195333119481802
231,B,momentum,kospi_return_1d,0.0016411421820521355
231,B,momentum,fx_level_z_252,-0.0006044313777238131
231,B,persist,kospi_return_1d,-0.007099187932908535
231,B,persist,fx_level_z_252,0.0014625847106799483
231,B,underwater,kospi_return_1d,-0.003986759576946497
231,B,underwater,fx_level_z_252,-0.02823490835726261
231,alpha,,kospi_return_1d,0.03756570816040039
231,alpha,,fx_level_z_252,0.02822614088654518
232,beta,momentum,,-0.027782604098320007
232,beta,persist,,0.10413724184036255
232,beta,underwater,,0.01945846527814865
232,B,momentum,kospi_return_1d,0.0015932280803099275
232,B,momentum,fx_level_z_252,-0.00044708416680805385
232,B,persist,kospi_return_1d,-0.006978719960898161
232,B,persist,fx_level_z_252,0.001495076110586524
232,B,underwater,kospi_return_1d,-0.0039621395990252495
232,B,underwater,fx_level_z_252,-0.028262244537472725
232,alpha,,kospi_return_1d,0.03728238865733147
232,alpha,,fx_level_z_252,0.028223417699337006
233,beta,momentum,,-0.027859074994921684
233,beta,persist,,0.10426655411720276
233,beta,underwater,,0.019440429285168648
233,B,momentum,kospi_return_1d,0.0013938688207417727
233,B,momentum,fx_level_z_252,-0.0002205953060183674
233,B,persist,kospi_return_1d,-0.0068335216492414474
233,B,persist,fx_level_z_252,0.0015413120854645967
233,B,underwater,kospi_return_1d,-0.0038694958202540874
233,B,underwater,fx_level_z_252,-0.028391165658831596
233,alpha,,kospi_return_1d,0.037100646644830704
233,alpha,,fx_level_z_252,0.02826756052672863
234,beta,momentum,,-0.027927232906222343
234,beta,persist,,0.10448703914880753
234,beta,underwater,,0.019582873210310936
234,B,momentum,kospi_return_1d,0.0014615606050938368
234,B,momentum,fx_level_z_252,7.693700899835676e-05
234,B,persist,kospi_return_1d,-0.006699239369481802
234,B,persist,fx_level_z_252,0.0014056595973670483
234,B,underwater,kospi_return_1d,-0.003935148473829031
234,B,underwater,fx_level_z_252,-0.028517158702015877
234,alpha,,kospi_return_1d,0.03687335550785065
234,alpha,,fx_level_z_252,0.02829686552286148
235,beta,momentum,,-0.027843831107020378
235,beta,persist,,0.10457447916269302
235,beta,underwater,,0.01963648945093155
235,B,momentum,kospi_return_1d,0.0014934914652258158
235,B,momentum,fx_level_z_252,0.00017954596842173487
235,B,persist,kospi_return_1d,-0.006575959734618664
235,B,persist,fx_level_z_252,0.0013947919942438602
235,B,underwater,kospi_return_1d,-0.0038838235195726156
235,B,underwater,fx_level_z_252,-0.028579585254192352
235,alpha,,kospi_return_1d,0.036752715706825256
235,alpha,,fx_level_z_252,0.0283170398324728
236,beta,momentum,,-0.027814622968435287
236,beta,persist,,0.1046605184674263
236,beta,underwater,,0.019674649462103844
236,B,momentum,kospi_return_1d,0.0017188458004966378
236,B,momentum,fx_level_z_252,0.0002870382450055331
236,B,persist,kospi_return_1d,-0.006578441709280014
236,B,persist,fx_level_z_252,0.001254508038982749
236,B,underwater,kospi_return_1d,-0.003814420197159052
236,B,underwater,fx_level_z_252,-0.02881575934588909
236,alpha,,kospi_return_1d,0.03665503114461899
236,alpha,,fx_level_z_252,0.02832254208624363
237,beta,momentum,,-0.0277545265853405
237,beta,persist,,0.10470686107873917
237,beta,underwater,,0.01981118693947792
237,B,momentum,kospi_return_1d,0.0018224454252049327
237,B,momentum,fx_level_z_252,0.0001452357100788504
237,B,persist,kospi_return_1d,-0.0065247854217886925
237,B,persist,fx_level_z_252,0.001075792359188199
237,B,underwater,kospi_return_1d,-0.003752001328393817
237,B,underwater,fx_level_z_252,-0.02904428355395794
237,alpha,,kospi_return_1d,0.03667614981532097
237,alpha,,fx_level_z_252,0.028362896293401718
238,beta,momentum,,-0.027757227420806885
238,beta,persist,,0.10471107810735703
238,beta,underwater,,0.0199221633374691
238,B,momentum,kospi_return_1d,0.0018334747292101383
238,B,momentum,fx_level_z_252,-0.00019860237080138177
238,B,persist,kospi_return_1d,-0.006580060347914696
238,B,persist,fx_level_z_252,0.0010753389215096831
238,B,underwater,kospi_return_1d,-0.003806838532909751
238,B,underwater,fx_level_z_252,-0.02923649363219738
238,alpha,,kospi_return_1d,0.03679342940449715
238,alpha,,fx_level_z_252,0.028456594794988632
239,beta,momentum,,-0.027621133252978325
239,beta,persist,,0.10464306175708771
239,beta,underwater,,0.019991187378764153
239,B,momentum,kospi_return_1d,0.0019483583746477962
239,B,momentum,fx_level_z_252,-0.0006183158839121461
239,B,persist,kospi_return_1d,-0.006749528925865889
239,B,persist,fx_level_z_252,0.0010591513710096478
239,B,underwater,kospi_return_1d,-0.003835885087028146
239,B,underwater,fx_level_z_252,-0.029431059956550598
239,alpha,,kospi_return_1d,0.03694001957774162
239,alpha,,fx_level_z_252,0.028560103848576546
240,beta,momentum,,-0.02761814184486866
240,beta,persist,,0.10465259850025177
240,beta,underwater,,0.020126940682530403
240,B,momentum,kospi_return_1d,0.0020389233250170946
240,B,momentum,fx_level_z_252,-0.0010982465464621782
240,B,persist,kospi_return_1d,-0.0069131627678871155
240,B,persist,fx_level_z_252,0.0011637465795502067
240,B,underwater,kospi_return_1d,-0.004098572768270969
240,B,underwater,fx_level_z_252,-0.029476476833224297
240,alpha,,kospi_return_1d,0.03697444498538971
240,alpha,,fx_level_z_252,0.028667429462075233
241,beta,momentum,,-0.0274858046323061
241,beta,persist,,0.10451927781105042
241,beta,underwater,,0.02003786899149418
241,B,momentum,kospi_return_1d,0.002000608015805483
241,B,momentum,fx_level_z_252,-0.0013735484099015594
241,B,persist,kospi_return_1d,-0.007029132917523384
241,B,persist,fx_level_z_252,0.001260440913029015
241,B,underwater,kospi_return_1d,-0.004178877919912338
241,B,underwater,fx_level_z_252,-0.02966153994202614
241,alpha,,kospi_return_1d,0.03715766593813896
241,alpha,,fx_level_z_252,0.02874353528022766
242,beta,momentum,,-0.02733488194644451
242,beta,persist,,0.10439308732748032
242,beta,underwater,,0.02002672851085663
242,B,momentum,kospi_return_1d,0.0020425969269126654
242,B,momentum,fx_level_z_252,-0.0016878723399713635
242,B,persist,kospi_return_1d,-0.007303910329937935
242,B,persist,fx_level_z_252,0.0014010282466188073
242,B,underwater,kospi_return_1d,-0.004461638629436493
242,B,underwater,fx_level_z_252,-0.029765931889414787
242,alpha,,kospi_return_1d,0.03733497112989426
242,alpha,,fx_level_z_252,0.028771430253982544
243,beta,momentum,,-0.02725161239504814
243,beta,persist,,0.10427549481391907
243,beta,underwater,,0.02005045861005783
243,B,momentum,kospi_return_1d,0.0019115108298137784
243,B,momentum,fx_level_z_252,-0.0019322670996189117
243,B,persist,kospi_return_1d,-0.007423409726470709
243,B,persist,fx_level_z_252,0.0014698562445119023
243,B,underwater,kospi_return_1d,-0.004512533079832792
243,B,underwater,fx_level_z_252,-0.029773393645882607
243,alpha,,kospi_return_1d,0.03744373843073845
243,alpha,,fx_level_z_252,0.02867787517607212
244,beta,momentum,,-0.02713843248784542
244,beta,persist,,0.10409799218177795
244,beta,underwater,,0.02011532336473465
244,B,momentum,kospi_return_1d,0.0018573730485513806
244,B,momentum,fx_level_z_252,-0.0017914932686835527
244,B,persist,kospi_return_1d,-0.007522448431700468
244,B,persist,fx_level_z_252,0.0013401142787188292
244,B,underwater,kospi_return_1d,-0.004584173206239939
244,B,underwater,fx_level_z_252,-0.030042339116334915
244,alpha,,kospi_return_1d,0.03767314553260803
244,alpha,,fx_level_z_252,0.028582097962498665
245,beta,momentum,,-0.027092155069112778
245,beta,persist,,0.10384582728147507
245,beta,underwater,,0.020030660554766655
245,B,momentum,kospi_return_1d,0.0018864200683310628
245,B,momentum,fx_level_z_252,-0.0016233852365985513
245,B,persist,kospi_return_1d,-0.007607884705066681
245,B,persist,fx_level_z_252,0.0012831538915634155
245,B,underwater,kospi_return_1d,-0.004640846513211727
245,B,underwater,fx_level_z_252,-0.0303787924349308
245,alpha,,kospi_return_1d,0.03814171254634857
245,alpha,,fx_level_z_252,0.028486398980021477
246,beta,momentum,,-0.02707519941031933
246,beta,persist,,0.10359439253807068
246,beta,underwater,,0.019837122410535812
246,B,momentum,kospi_return_1d,0.0018462002044543624
246,B,momentum,fx_level_z_252,-0.001387343043461442
246,B,persist,kospi_return_1d,-0.007699340581893921
246,B,persist,fx_level_z_252,0.0012385997688397765
246,B,underwater,kospi_return_1d,-0.004631205461919308
246,B,underwater,fx_level_z_252,-0.03065749816596508
246,alpha,,kospi_return_1d,0.03849717229604721
246,alpha,,fx_level_z_252,0.02828030288219452
247,beta,momentum,,-0.02718663588166237
247,beta,persist,,0.1034165620803833
247,beta,underwater,,0.019780976697802544
247,B,momentum,kospi_return_1d,0.0017607008339837193
247,B,momentum,fx_level_z_252,-0.0011107942555099726
247,B,persist,kospi_return_1d,-0.007835140451788902
247,B,persist,fx_level_z_252,0.0010192670160904527
247,B,underwater,kospi_return_1d,-0.004632302559912205
247,B,underwater,fx_level_z_252,-0.03091098554432392
247,alpha,,kospi_return_1d,0.03889257460832596
247,alpha,,fx_level_z_252,0.02814137563109398
248,beta,momentum,,-0.02732713147997856
248,beta,persist,,0.10325606912374496
248,beta,underwater,,0.019881630316376686
248,B,momentum,kospi_return_1d,0.0015489754732698202
248,B,momentum,fx_level_z_252,-0.0007435439620167017
248,B,persist,kospi_return_1d,-0.0077992817386984825
248,B,persist,fx_level_z_252,0.0007506367983296514
248,B,underwater,kospi_return_1d,-0.0046378192491829395
248,B,underwater,fx_level_z_252,-0.03107188455760479
248,alpha,,kospi_return_1d,0.0391305536031723
248,alpha,,fx_level_z_252,0.02807086892426014
249,beta,momentum,,-0.02737673744559288
249,beta,persist,,0.10311252623796463
249,beta,underwater,,0.019885124638676643
249,B,momentum,kospi_return_1d,0.0013825268251821399
249,B,momentum,fx_level_z_252,-0.0004516587941907346
249,B,persist,kospi_return_1d,-0.00775633379817009
249,B,persist,fx_level_z_252,0.0006135798175819218
249,B,underwater,kospi_return_1d,-0.004645150620490313
249,B,underwater,fx_level_z_252,-0.031053775921463966
249,alpha,,kospi_return_1d,0.03925193473696709
249,alpha,,fx_level_z_252,0.027810940518975258
250,beta,momentum,,-0.027489271014928818
250,beta,persist,,0.10300631821155548
250,beta,underwater,,0.02009635604918003
250,B,momentum,kospi_return_1d,0.0012763886479660869
250,B,momentum,fx_level_z_252,-0.0002281170163769275
250,B,persist,kospi_return_1d,-0.0076831248588860035
250,B,persist,fx_level_z_252,0.0006135476287454367
250,B,underwater,kospi_return_1d,-0.004857042338699102
250,B,underwater,fx_level_z_252,-0.030997123569250107
250,alpha,,kospi_return_1d,0.03940746560692787
250,alpha,,fx_level_z_252,0.02776157855987549
251,beta,momentum,,-0.027559204027056694
251,beta,persist,,0.10288285464048386
251,beta,underwater,,0.020332273095846176
251,B,momentum,kospi_return_1d,0.0010537297930568457
251,B,momentum,fx_level_z_252,-0.00010841261246241629
251,B,persist,kospi_return_1d,-0.00753724854439497
251,B,persist,fx_level_z_252,0.000710634863935411
251,B,underwater,kospi_return_1d,-0.005067941267043352
251,B,underwater,fx_level_z_252,-0.03092820569872856
251,alpha,,kospi_return_1d,0.03938435763120651
251,alpha,,fx_level_z_252,0.027723092585802078
252,beta,momentum,,-0.027547426521778107
252,beta,persist,,0.10292040556669235
252,beta,underwater,,0.020475318655371666
252,B,momentum,kospi_return_1d,0.0007807804504409432
252,B,momentum,fx_level_z_252,-4.728985732072033e-05
252,B,persist,kospi_return_1d,-0.007525857537984848
252,B,persist,fx_level_z_252,0.0007221340201795101
252,B,underwater,kospi_return_1d,-0.005112779792398214
252,B,underwater,fx_level_z_252,-0.031027114018797874
252,alpha,,kospi_return_1d,0.03893858194351196
252,alpha,,fx_level_z_252,0.027650151401758194
253,beta,momentum,,-0.027574462816119194
253,beta,persist,,0.10283564776182175
253,beta,underwater,,0.020577069371938705
253,B,momentum,kospi_return_1d,0.0003613965818658471
253,B,momentum,fx_level_z_252,-1.9855096979881637e-05
253,B,persist,kospi_return_1d,-0.007607260253280401
253,B,persist,fx_level_z_252,0.0007812311523593962
253,B,underwater,kospi_return_1d,-0.00516931526362896
253,B,underwater,fx_level_z_252,-0.031016211956739426
253,alpha,,kospi_return_1d,0.0386374294757843
253,alpha,,fx_level_z_252,0.02762669324874878
254,beta,momentum,,-0.02747543342411518
254,beta,persist,,0.10280399024486542
254,beta,underwater,,0.020676590502262115
254,B,momentum,kospi_return_1d,0.0003058116417378187
254,B,momentum,fx_level_z_252,-0.0001167886148323305
254,B,persist,kospi_return_1d,-0.007853647693991661
254,B,persist,fx_level_z_252,0.0007555332267656922
254,B,underwater,kospi_return_1d,-0.005274558439850807
254,B,underwater,fx_level_z_252,-0.03103708103299141
254,alpha,,kospi_return_1d,0.03829513117671013
254,alpha,,fx_level_z_252,0.02769576944410801
255,beta,momentum,,-0.02719733864068985
255,beta,persist,,0.1028510257601738
255,beta,underwater,,0.020774491131305695
255,B,momentum,kospi_return_1d,0.00031251771724782884
255,B,momentum,fx_level_z_252,-0.00048219587188214064
255,B,persist,kospi_return_1d,-0.008039862848818302
255,B,persist,fx_level_z_252,0.0009421702707186341
255,B,underwater,kospi_return_1d,-0.005279563367366791
255,B,underwater,fx_level_z_252,-0.03080799989402294
255,alpha,,kospi_return_1d,0.03783818334341049
255,alpha,,fx_level_z_252,0.02770156040787697
256,beta,momentum,,-0.026957077905535698
256,beta,persist,,0.1028326079249382
256,beta,underwater,,0.020727062597870827
256,B,momentum,kospi_return_1d,0.0001566134742461145
256,B,momentum,fx_level_z_252,-0.0007563960971310735
256,B,persist,kospi_return_1d,-0.008000793866813183
256,B,persist,fx_level_z_252,0.0011958953691646457
256,B,underwater,kospi_return_1d,-0.005146816838532686
256,B,underwater,fx_level_z_252,-0.030572567135095596
256,alpha,,kospi_return_1d,0.03749026730656624
256,alpha,,fx_level_z_252,0.027704432606697083
257,beta,momentum,,-0.02687162347137928
257,beta,persist,,0.10282254964113235
257,beta,underwater,,0.02073628455400467
257,B,momentum,kospi_return_1d,3.0566094210371375e-05
257,B,momentum,fx_level_z_252,-0.0010636004153639078
257,B,persist,kospi_return_1d,-0.007879803888499737
257,B,persist,fx_level_z_252,0.0014015641063451767
257,B,underwater,kospi_return_1d,-0.0049177356995642185
257,B,underwater,fx_level_z_252,-0.03048519603908062
257,alpha,,kospi_return_1d,0.03713598474860191
257,alpha,,fx_level_z_252,0.027936415746808052
258,beta,momentum,,-0.026955116540193558
258,beta,persist,,0.10278100520372391
258,beta,underwater,,0.020716605708003044
258,B,momentum,kospi_return_1d,-0.00010010292317019776
258,B,momentum,fx_level_z_252,-0.0011975036468356848
258,B,persist,kospi_return_1d,-0.007745925337076187
258,B,persist,fx_level_z_252,0.001623128424398601
258,B,underwater,kospi_return_1d,-0.004808118566870689
258,B,underwater,fx_level_z_252,-0.030499938875436783
258,alpha,,kospi_return_1d,0.0369013212621212
258,alpha,,fx_level_z_252,0.028282878920435905
259,beta,momentum,,-0.027083810418844223
259,beta,persist,,0.10274524986743927
259,beta,underwater,,0.020797019824385643
259,B,momentum,kospi_return_1d,-6.384733569575474e-05
259,B,momentum,fx_level_z_252,-0.0011788922129198909
259,B,persist,kospi_return_1d,-0.007731509394943714
259,B,persist,fx_level_z_252,0.0018493601819500327
259,B,underwater,kospi_return_1d,-0.004910700488835573
259,B,underwater,fx_level_z_252,-0.03035941906273365
259,alpha,,kospi_return_1d,0.036789096891880035
259,alpha,,fx_level_z_252,0.028727320954203606
260,beta,momentum,,-0.027325179427862167
260,beta,persist,,0.10287048667669296
260,beta,underwater,,0.020999401807785034
260,B,momentum,kospi_return_1d,0.00019005934882443398
260,B,momentum,fx_level_z_252,-0.0011554656084626913
260,B,persist,kospi_return_1d,-0.007739832159131765
260,B,persist,fx_level_z_252,0.0019039944745600224
260,B,underwater,kospi_return_1d,-0.004862740635871887
260,B,underwater,fx_level_z_252,-0.030162528157234192
260,alpha,,kospi_return_1d,0.03647753968834877
260,alpha,,fx_level_z_252,0.02909046597778797
261,beta,momentum,,-0.027411848306655884
261,beta,persist,,0.1029837429523468
261,beta,underwater,,0.021124927327036858
261,B,momentum,kospi_return_1d,0.0004538457142189145
261,B,momentum,fx_level_z_252,-0.0012214011512696743
261,B,persist,kospi_return_1d,-0.00748908007517457
261,B,persist,fx_level_z_252,0.0018348654266446829
261,B,underwater,kospi_return_1d,-0.004722540266811848
261,B,underwater,fx_level_z_252,-0.02996576763689518
261,alpha,,kospi_return_1d,0.036231350153684616
261,alpha,,fx_level_z_252,0.029313568025827408
262,beta,momentum,,-0.027441123500466347
262,beta,persist,,0.10314726084470749
262,beta,underwater,,0.021212562918663025
262,B,momentum,kospi_return_1d,0.00043689762242138386
262,B,momentum,fx_level_z_252,-0.0014002976240590215
262,B,persist,kospi_return_1d,-0.006997304502874613
262,B,persist,fx_level_z_252,0.0016542722005397081
262,B,underwater,kospi_return_1d,-0.004448556341230869
262,B,underwater,fx_level_z_252,-0.029733099043369293
262,alpha,,kospi_return_1d,0.036054279655218124
262,alpha,,fx_level_z_252,0.02959069423377514
263,beta,momentum,,-0.027499226853251457
263,beta,persist,,0.10322735458612442
263,beta,underwater,,0.021435793489217758
263,B,momentum,kospi_return_1d,0.00034491904079914093
263,B,momentum,fx_level_z_252,-0.0016271045897156
263,B,persist,kospi_return_1d,-0.006548658944666386
263,B,persist,fx_level_z_252,0.0015944736078381538
263,B,underwater,kospi_return_1d,-0.004241548478603363
263,B,underwater,fx_level_z_252,-0.029334666207432747
263,alpha,,kospi_return_1d,0.03599417954683304
263,alpha,,fx_level_z_252,0.02992239221930504
264,beta,momentum,,-0.027575263753533363
264,beta,persist,,0.10324554890394211
264,beta,underwater,,0.021613795310258865
264,B,momentum,kospi_return_1d,0.00033521655132062733
264,B,momentum,fx_level_z_252,-0.0017819999484345317
264,B,persist,kospi_return_1d,-0.006320629268884659
264,B,persist,fx_level_z_252,0.0015671283472329378
264,B,underwater,kospi_return_1d,-0.004315679892897606
264,B,underwater,fx_level_z_252,-0.02890652045607567
264,alpha,,kospi_return_1d,0.036052752286195755
264,alpha,,fx_level_z_252,0.030273597687482834
265,beta,momentum,,-0.027738619595766068
265,beta,persist,,0.10320230573415756
265,beta,underwater,,0.02175561711192131
265,B,momentum,kospi_return_1d,0.00019180687377229333
265,B,momentum,fx_level_z_252,-0.0018190728733316064
265,B,persist,kospi_return_1d,-0.005986877251416445
265,B,persist,fx_level_z_252,0.0015563881024718285
265,B,underwater,kospi_return_1d,-0.004151073284447193
265,B,underwater,fx_level_z_252,-0.02869863063097
265,alpha,,kospi_return_1d,0.036257799714803696
265,alpha,,fx_level_z_252,0.030430667102336884
266,beta,momentum,,-0.02793729677796364
266,beta,persist,,0.10313448309898376
266,beta,underwater,,0.021861499175429344
266,B,momentum,kospi_return_1d,8.216046262532473e-05
266,B,momentum,fx_level_z_252,-0.001649856218136847
266,B,persist,kospi_return_1d,-0.005958382040262222
266,B,persist,fx_level_z_252,0.0014785048551857471
266,B,underwater,kospi_return_1d,-0.004003793932497501
266,B,underwater,fx_level_z_252,-0.0287141315639019
266,alpha,,kospi_return_1d,0.036392692476511
266,alpha,,fx_level_z_252,0.03031877800822258
267,beta,momentum,,-0.02816419117152691
267,beta,persist,,0.10313989967107773
267,beta,underwater,,0.021973561495542526
267,B,momentum,kospi_return_1d,-8.043013804126531e-05
267,B,momentum,fx_level_z_252,-0.0015760996611788869
267,B,persist,kospi_return_1d,-0.005914988461881876
267,B,persist,fx_level_z_252,0.001201760838739574
267,B,underwater,kospi_return_1d,-0.003862104145810008
267,B,underwater,fx_level_z_252,-0.028698492795228958
267,alpha,,kospi_return_1d,0.036422207951545715
267,alpha,,fx_level_z_252,0.03020068071782589
268,beta,momentum,,-0.02833765372633934
268,beta,persist,,0.10318979620933533
268,beta,underwater,,0.021998874843120575
268,B,momentum,kospi_return_1d,0.00015495391562581062
268,B,momentum,fx_level_z_252,-0.0015522849280387163
268,B,persist,kospi_return_1d,-0.005992948543280363
268,B,persist,fx_level_z_252,0.0008846930577419698
268,B,underwater,kospi_return_1d,-0.0038081170059740543
268,B,underwater,fx_level_z_252,-0.02855851873755455
268,alpha,,kospi_return_1d,0.0362672284245491
268,alpha,,fx_level_z_252,0.029978524893522263
269,beta,momentum,,-0.028393225744366646
269,beta,persist,,0.10320624709129333
269,beta,underwater,,0.02186533436179161
269,B,momentum,kospi_return_1d,0.0004934414755553007
269,B,momentum,fx_level_z_252,-0.001510990783572197
269,B,persist,kospi_return_1d,-0.006159982178360224
269,B,persist,fx_level_z_252,0.0007130297599360347
269,B,underwater,kospi_return_1d,-0.003712394740432501
269,B,underwater,fx_level_z_252,-0.028413020074367523
269,alpha,,kospi_return_1d,0.035931896418333054
269,alpha,,fx_level_z_252,0.02982254885137081
270,beta,momentum,,-0.028327545151114464
270,beta,persist,,0.1031508594751358
270,beta,underwater,,0.021492110565304756
270,B,momentum,kospi_return_1d,0.0005359395872801542
270,B,momentum,fx_level_z_252,-0.0014369274722412229
270,B,persist,kospi_return_1d,-0.0062895468436181545
270,B,persist,fx_level_z_252,0.00031927769305184484
270,B,underwater,kospi_return_1d,-0.003398437984287739
270,B,underwater,fx_level_z_252,-0.028483273461461067
270,alpha,,kospi_return_1d,0.03571659326553345
270,alpha,,fx_level_z_252,0.029718216508626938
271,beta,momentum,,-0.028154335916042328
271,beta,persist,,0.1030820980668068
271,beta,underwater,,0.021157896146178246
271,B,momentum,kospi_return_1d,0.0005142918671481311
271,B,momentum,fx_level_z_252,-0.0013429552782326937
271,B,persist,kospi_return_1d,-0.006270282901823521
271,B,persist,fx_level_z_252,-0.000142260265420191
271,B,underwater,kospi_return_1d,-0.0031228899024426937
271,B,underwater,fx_level_z_252,-0.028793420642614365
271,alpha,,kospi_return_1d,0.0356343537569046
271,alpha,,fx_level_z_252,0.029671624302864075
272,beta,momentum,,-0.027988573536276817
272,beta,persist,,0.1029430627822876
272,beta,underwater,,0.02085457555949688
272,B,momentum,kospi_return_1d,0.0007615860085934401
272,B,momentum,fx_level_z_252,-0.001297300448641181
272,B,persist,kospi_return_1d,-0.0065782382152974606
272,B,persist,fx_level_z_252,-0.0002697345335036516
272,B,underwater,kospi_return_1d,-0.0031040082685649395
272,B,underwater,fx_level_z_252,-0.029074568301439285
272,alpha,,kospi_return_1d,0.035708777606487274
272,alpha,,fx_level_z_252,0.02964811958372593
273,beta,momentum,,-0.027691401541233063
273,beta,persist,,0.10280026495456696
273,beta,underwater,,0.020558059215545654
273,B,momentum,kospi_return_1d,0.0009618911426514387
273,B,momentum,fx_level_z_252,-0.001299517578445375
273,B,persist,kospi_return_1d,-0.006934800185263157
273,B,persist,fx_level_z_252,-0.00022272183559834957
273,B,underwater,kospi_return_1d,-0.003301917342469096
273,B,underwater,fx_level_z_252,-0.0294373519718647
273,alpha,,kospi_return_1d,0.035825539380311966
273,alpha,,fx_level_z_252,0.029618123546242714
274,beta,momentum,,-0.02733226679265499
274,beta,persist,,0.10261643677949905
274,beta,underwater,,0.020246414467692375
274,B,momentum,kospi_return_1d,0.0012651282595470548
274,B,momentum,fx_level_z_252,-0.0012666115071624517
274,B,persist,kospi_return_1d,-0.007349803112447262
274,B,persist,fx_level_z_252,-3.84458398912102e-05
274,B,underwater,kospi_return_1d,-0.0035987223964184523
274,B,underwater,fx_level_z_252,-0.02974546141922474
274,alpha,,kospi_return_1d,0.03582462668418884
274,alpha,,fx_level_z_252,0.0296048391610384
275,beta,momentum,,-0.026931539177894592
275,beta,persist,,0.10252593457698822
275,beta,underwater,,0.019982831552624702
275,B,momentum,kospi_return_1d,0.0013538626953959465
275,B,momentum,fx_level_z_252,-0.0013062860816717148
275,B,persist,kospi_return_1d,-0.007623978890478611
275,B,persist,fx_level_z_252,0.0003715686034411192
275,B,underwater,kospi_return_1d,-0.0037974915467202663
275,B,underwater,fx_level_z_252,-0.029905004426836967
275,alpha,,kospi_return_1d,0.03564969450235367
275,alpha,,fx_level_z_252,0.029574692249298096
276,beta,momentum,,-0.026665540412068367
276,beta,persist,,0.10239607840776443
276,beta,underwater,,0.019865848124027252
276,B,momentum,kospi_return_1d,0.001232970505952835
276,B,momentum,fx_level_z_252,-0.001373691949993372
276,B,persist,kospi_return_1d,-0.0077243647538125515
276,B,persist,fx_level_z_252,0.0008170494111254811
276,B,underwater,kospi_return_1d,-0.003894857596606016
276,B,underwater,fx_level_z_252,-0.03002411499619484
276,alpha,,kospi_return_1d,0.03567362576723099
276,alpha,,fx_level_z_252,0.029473651200532913
277,beta,momentum,,-0.026421749964356422
277,beta,persist,,0.102224200963974
277,beta,underwater,,0.01966805011034012
277,B,momentum,kospi_return_1d,0.000951147812884301
277,B,momentum,fx_level_z_252,-0.0013208349701017141
277,B,persist,kospi_return_1d,-0.0077856602147221565
277,B,persist,fx_level_z_252,0.001106628100387752
277,B,underwater,kospi_return_1d,-0.0038193140644580126
277,B,underwater,fx_level_z_252,-0.03019503690302372
277,alpha,,kospi_return_1d,0.03573761507868767
277,alpha,,fx_level_z_252,0.029435353353619576
278,beta,momentum,,-0.026261024177074432
278,beta,persist,,0.10217688977718353
278,beta,underwater,,0.019429882988333702
278,B,momentum,kospi_return_1d,0.000686530489474535
278,B,momentum,fx_level_z_252,-0.001261124387383461
278,B,persist,kospi_return_1d,-0.007824494503438473
278,B,persist,fx_level_z_252,0.0013010089751332998
278,B,underwater,kospi_return_1d,-0.0037666000425815582
278,B,underwater,fx_level_z_252,-0.030153848230838776
278,alpha,,kospi_return_1d,0.03573380038142204
278,alpha,,fx_level_z_252,0.029312090948224068
279,beta,momentum,,-0.026227137073874474
279,beta,persist,,0.10219349712133408
279,beta,underwater,,0.019272565841674805
279,B,momentum,kospi_return_1d,0.000565053429454565
279,B,momentum,fx_level_z_252,-0.0010769699001684785
279,B,persist,kospi_return_1d,-0.007908979430794716
279,B,persist,fx_level_z_252,0.0013238858664408326
279,B,underwater,kospi_return_1d,-0.003740999847650528
279,B,underwater,fx_level_z_252,-0.030224952846765518
279,alpha,,kospi_return_1d,0.03568780794739723
279,alpha,,fx_level_z_252,0.029307466000318527
280,beta,momentum,,-0.0260769110172987
280,beta,persist,,0.1021251529455185
280,beta,underwater,,0.01911463961005211
280,B,momentum,kospi_return_1d,0.00040820817230269313
280,B,momentum,fx_level_z_252,-0.0008074912475422025
280,B,persist,kospi_return_1d,-0.007972519844770432
280,B,persist,fx_level_z_252,0.0013211986515671015
280,B,underwater,kospi_return_1d,-0.0037230162415653467
280,B,underwater,fx_level_z_252,-0.03037404641509056
280,alpha,,kospi_return_1d,0.035593725740909576
280,alpha,,fx_level_z_252,0.02921678125858307
281,beta,momentum,,-0.026001302525401115
281,beta,persist,,0.10202571004629135
281,beta,underwater,,0.019174344837665558
281,B,momentum,kospi_return_1d,0.0003085886128246784
281,B,momentum,fx_level_z_252,-0.0007102134404703975
281,B,persist,kospi_return_1d,-0.008130399510264397
281,B,persist,fx_level_z_252,0.0014018431538715959
281,B,underwater,kospi_return_1d,-0.0037709323223680258
281,B,underwater,fx_level_z_252,-0.03024173527956009
281,alpha,,kospi_return_1d,0.03554009646177292
281,alpha,,fx_level_z_252,0.028974762186408043
282,beta,momentum,,-0.02603808045387268
282,beta,persist,,0.10184808820486069
282,beta,underwater,,0.01932661607861519
282,B,momentum,kospi_return_1d,0.00025197057402692735
282,B,momentum,fx_level_z_252,-0.0006817560060881078
282,B,persist,kospi_return_1d,-0.008286342024803162
282,B,persist,fx_level_z_252,0.0016100567299872637
282,B,underwater,kospi_return_1d,-0.0038948925212025642
282,B,underwater,fx_level_z_252,-0.029979275539517403
282,alpha,,kospi_return_1d,0.03560151532292366
282,alpha,,fx_level_z_252,0.02876255102455616
283,beta,momentum,,-0.02609114907681942
283,beta,persist,,0.10165955871343613
283,beta,underwater,,0.019348466768860817
283,B,momentum,kospi_return_1d,0.000353016221197322
283,B,momentum,fx_level_z_252,-0.0006262521492317319
283,B,persist,kospi_return_1d,-0.008563664741814137
283,B,persist,fx_level_z_252,0.001668373355641961
283,B,underwater,kospi_return_1d,-0.004126527346670628
283,B,underwater,fx_level_z_252,-0.029708126559853554
283,alpha,,kospi_return_1d,0.0356157012283802
283,alpha,,fx_level_z_252,0.028392143547534943
284,beta,momentum,,-0.026119230315089226
284,beta,persist,,0.10149436444044113
284,beta,underwater,,0.019496478140354156
284,B,momentum,kospi_return_1d,0.00046366016613319516
284,B,momentum,fx_level_z_252,-0.0007374772103503346
284,B,persist,kospi_return_1d,-0.008645935915410519
284,B,persist,fx_level_z_252,0.0017878193175420165
284,B,underwater,kospi_return_1d,-0.0043639130890369415
284,B,underwater,fx_level_z_252,-0.02934441715478897
284,alpha,,kospi_return_1d,0.03574853390455246
284,alpha,,fx_level_z_252,0.028203440830111504
285,beta,momentum,,-0.02626720815896988
285,beta,persist,,0.10143239051103592
285,beta,underwater,,0.019705429673194885
285,B,momentum,kospi_return_1d,0.00045573481475003064
285,B,momentum,fx_level_z_252,-0.0008452099282294512
285,B,persist,kospi_return_1d,-0.008509324863553047
285,B,persist,fx_level_z_252,0.0018988364608958364
285,B,underwater,kospi_return_1d,-0.004290296230465174
285,B,underwater,fx_level_z_252,-0.029026782140135765
285,alpha,,kospi_return_1d,0.035800088196992874
285,alpha,,fx_level_z_252,0.02806386910378933
286,beta,momentum,,-0.026544131338596344
286,beta,persist,,0.1013549268245697
286,beta,underwater,,0.01987634412944317
286,B,momentum,kospi_return_1d,0.00025039369938895106
286,B,momentum,fx_level_z_252,-0.0009473944082856178
286,B,persist,kospi_return_1d,-0.008355160243809223
286,B,persist,fx_level_z_252,0.0018796161748468876
286,B,underwater,kospi_return_1d,-0.004280331544578075
286,B,underwater,fx_level_z_252,-0.028700407594442368
286,alpha,,kospi_return_1d,0.03595273569226265
286,alpha,,fx_level_z_252,0.028157414868474007
287,beta,momentum,,-0.026737308129668236
287,beta,persist,,0.10134349018335342
287,beta,underwater,,0.019974147900938988
287,B,momentum,kospi_return_1d,9.197601320920512e-05
287,B,momentum,fx_level_z_252,-0.0009813850047066808
287,B,persist,kospi_return_1d,-0.008211406879127026
287,B,persist,fx_level_z_252,0.001806015963666141
287,B,underwater,kospi_return_1d,-0.004210794810205698
287,B,underwater,fx_level_z_252,-0.028426609933376312
287,alpha,,kospi_return_1d,0.03604372218251228
287,alpha,,fx_level_z_252,0.02818630449473858
288,beta,momentum,,-0.026801129803061485
288,beta,persist,,0.1012476235628128
288,beta,underwater,,0.020060325041413307
288,B,momentum,kospi_return_1d,-0.00010620923421811312
288,B,momentum,fx_level_z_252,-0.0007928826962597668
288,B,persist,kospi_return_1d,-0.008042833767831326
288,B,persist,fx_level_z_252,0.0015678557101637125
288,B,underwater,kospi_return_1d,-0.004150692839175463
288,B,underwater,fx_level_z_252,-0.02830210141837597
288,alpha,,kospi_return_1d,0.036303307861089706
288,alpha,,fx_level_z_252,0.02810276858508587
289,beta,momentum,,-0.02690437063574791
289,beta,persist,,0.10121628642082214
289,beta,underwater,,0.020237069576978683
289,B,momentum,kospi_return_1d,-0.00031627065618522465
289,B,momentum,fx_level_z_252,-0.0006535020074807107
289,B,persist,kospi_return_1d,-0.00781824067234993
289,B,persist,fx_level_z_252,0.0013404454803094268
289,B,underwater,kospi_return_1d,-0.003925229422748089
289,B,underwater,fx_level_z_252,-0.028106670826673508
289,alpha,,kospi_return_1d,0.03647551313042641
289,alpha,,fx_level_z_252,0.027896473184227943
290,beta,momentum,,-0.02717050537467003
290,beta,persist,,0.1013428270816803
290,beta,underwater,,0.0205044224858284
290,B,momentum,kospi_return_1d,-0.00032892642775550485
290,B,momentum,fx_level_z_252,-0.0004489886050578207
290,B,persist,kospi_return_1d,-0.0076226345263421535
290,B,persist,fx_level_z_252,0.0011742261704057455
290,B,underwater,kospi_return_1d,-0.0036665506195276976
290,B,underwater,fx_level_z_252,-0.027981387451291084
290,alpha,,kospi_return_1d,0.03641853109002113
290,alpha,,fx_level_z_252,0.027807224541902542
291,beta,momentum,,-0.027266161516308784
291,beta,persist,,0.10134834051132202
291,beta,underwater,,0.020708434283733368
291,B,momentum,kospi_return_1d,0.00012256254558451474
291,B,momentum,fx_level_z_252,-0.0003831502399407327
291,B,persist,kospi_return_1d,-0.007627454120665789
291,B,persist,fx_level_z_252,0.001316237379796803
291,B,underwater,kospi_return_1d,-0.0035777741577476263
291,B,underwater,fx_level_z_252,-0.027747072279453278
291,alpha,,kospi_return_1d,0.0363260954618454
291,alpha,,fx_level_z_252,0.027854563668370247
292,beta,momentum,,-0.02734391950070858
292,beta,persist,,0.10142557322978973
292,beta,underwater,,0.020790189504623413
292,B,momentum,kospi_return_1d,0.0005097772809676826
292,B,momentum,fx_level_z_252,-0.000238007414736785
292,B,persist,kospi_return_1d,-0.007809923030436039
292,B,persist,fx_level_z_252,0.0014687058283016086
292,B,underwater,kospi_return_1d,-0.0035684218164533377
292,B,underwater,fx_level_z_252,-0.027590878307819366
292,alpha,,kospi_return_1d,0.03611205518245697
292,alpha,,fx_level_z_252,0.027918752282857895
293,beta,momentum,,-0.027304839342832565
293,beta,persist,,0.10139556229114532
293,beta,underwater,,0.02064722776412964
293,B,momentum,kospi_return_1d,0.0009127070079557598
293,B,momentum,fx_level_z_252,8.451787289232016e-05
293,B,persist,kospi_return_1d,-0.007880686782300472
293,B,persist,fx_level_z_252,0.0014830075670033693
293,B,underwater,kospi_return_1d,-0.0034753927029669285
293,B,underwater,fx_level_z_252,-0.027792325243353844
293,alpha,,kospi_return_1d,0.03602631017565727
293,alpha,,fx_level_z_252,0.027888691052794456
294,beta,momentum,,-0.027332039549946785
294,beta,persist,,0.10147789120674133
294,beta,underwater,,0.020521774888038635
294,B,momentum,kospi_return_1d,0.0011044886196032166
294,B,momentum,fx_level_z_252,0.00030045880703255534
294,B,persist,kospi_return_1d,-0.00787887629121542
294,B,persist,fx_level_z_252,0.0015152690466493368
294,B,underwater,kospi_return_1d,-0.0032315507996827364
294,B,underwater,fx_level_z_252,-0.0280303992331028
294,alpha,,kospi_return_1d,0.03599568456411362
294,alpha,,fx_level_z_252,0.027869652956724167
295,beta,momentum,,-0.02734280750155449
295,beta,persist,,0.10152801126241684
295,beta,underwater,,0.02050827071070671
295,B,momentum,kospi_return_1d,0.0012428810587152839
295,B,momentum,fx_level_z_252,0.0002893830242101103
295,B,persist,kospi_return_1d,-0.00786206591874361
295,B,persist,fx_level_z_252,0.0013231979683041573
295,B,underwater,kospi_return_1d,-0.003077993169426918
295,B,underwater,fx_level_z_252,-0.028294380754232407
295,alpha,,kospi_return_1d,0.03614050894975662
295,alpha,,fx_level_z_252,0.027775581926107407
296,beta,momentum,,-0.027426889166235924
296,beta,persist,,0.10162481665611267
296,beta,underwater,,0.020663509145379066
296,B,momentum,kospi_return_1d,0.0013162479735910892
296,B,momentum,fx_level_z_252,0.00014978117542341352
296,B,persist,kospi_return_1d,-0.007723263464868069
296,B,persist,fx_level_z_252,0.0010013515129685402
296,B,underwater,kospi_return_1d,-0.0031012389808893204
296,B,underwater,fx_level_z_252,-0.028596695512533188
296,alpha,,kospi_return_1d,0.036214593797922134
296,alpha,,fx_level_z_252,0.027715876698493958
297,beta,momentum,,-0.02741822600364685
297,beta,persist,,0.10170381516218185
297,beta,underwater,,0.02072802558541298
297,B,momentum,kospi_return_1d,0.001306515303440392
297,B,momentum,fx_level_z_252,-0.00036939571145921946
297,B,persist,kospi_return_1d,-0.007466885261237621
297,B,persist,fx_level_z_252,0.0008942622225731611
297,B,underwater,kospi_return_1d,-0.003017920069396496
297,B,underwater,fx_level_z_252,-0.02884136326611042
297,alpha,,kospi_return_1d,0.03631232678890228
297,alpha,,fx_level_z_252,0.027595629915595055
298,beta,momentum,,-0.02732192724943161
298,beta,persist,,0.1018860712647438
298,beta,underwater,,0.02073245495557785
298,B,momentum,kospi_return_1d,0.0013266467722132802
298,B,momentum,fx_level_z_252,-0.0006405970780178905
298,B,persist,kospi_return_1d,-0.007329000625759363
298,B,persist,fx_level_z_252,0.000863558379933238
298,B,underwater,kospi_return_1d,-0.002827921649441123
298,B,underwater,fx_level_z_252,-0.02919427864253521
298,alpha,,kospi_return_1d,0.03638114780187607
298,alpha,,fx_level_z_252,0.02758314460515976
299,beta,momentum,,-0.027155451476573944
299,beta,persist,,0.10207512229681015
299,beta,underwater,,0.020622801035642624
299,B,momentum,kospi_return_1d,0.0015189340338110924
299,B,momentum,fx_level_z_252,-0.0009448943310417235
299,B,persist,kospi_return_1d,-0.007222914602607489
299,B,persist,fx_level_z_252,0.0007633555796928704
299,B,underwater,kospi_return_1d,-0.002640198916196823
299,B,underwater,fx_level_z_252,-0.029655253514647484
299,alpha,,kospi_return_1d,0.03645777329802513
299,alpha,,fx_level_z_252,0.027594685554504395
300,beta,momentum,,-0.027105161920189857
300,beta,persist,,0.10236065834760666
300,beta,underwater,,0.020755670964717865
300,B,momentum,kospi_return_1d,0.0017930112080648541
300,B,momentum,fx_level_z_252,-0.0011070509208366275
300,B,persist,kospi_return_1d,-0.007162793539464474
300,B,persist,fx_level_z_252,0.0005601691664196551
300,B,underwater,kospi_return_1d,-0.0025798880960792303
300,B,underwater,fx_level_z_252,-0.030047936365008354
300,alpha,,kospi_return_1d,0.03637291491031647
300,alpha,,fx_level_z_252,0.027724549174308777
