experiment,epochs,learning_rate,lambda_l1,investor,accuracy_mean,accuracy_std,macro_f1_mean,macro_f1_std,nll_mean,nll_std,accuracy_rank,nll_rank
ep_100_lr_0p001_l1_0,100,0.001,0.0,foreign,0.6379210494182497,0.029823728101832026,0.62203865967559,0.03774908265357233,0.6497960209846496,0.03677358730422535,1.0,3.0
ep_100_lr_0p001_l1_0p0001,100,0.001,0.0001,institution,0.531636634279368,0.03221409019218008,0.5197612575857995,0.03289093302997189,0.7019144336382548,0.01618607121405799,1.0,4.0
ep_100_lr_0p001_l1_0p01,100,0.001,0.01,retail,0.5921340148039609,0.047700142090795344,0.5770777734205677,0.052746577861533694,0.6802675724029541,0.026764659004092424,1.0,1.0
