experiment,epochs,batch_size,learning_rate,lambda_l1,investor,accuracy_mean,accuracy_std,macro_f1_mean,macro_f1_std,nll_mean,nll_std,accuracy_rank,nll_rank
ep_18_bs_512_lr_0p002_l1_0p0003,18,512,0.002,0.0003,foreign,0.6324925427808885,0.03081414154228189,0.6193212036041336,0.03613102540235138,0.656475645966,0.02206135686345267,1.0,1.0
ep_15_bs_512_lr_0p002_l1_0p0003,15,512,0.002,0.0003,institution,0.5389554660107803,0.033959608436181274,0.529557546687118,0.03352365861662703,0.6954236878289117,0.009627998160117862,1.0,19.0
ep_15_bs_512_lr_0p0015_l1_0p0003,15,512,0.0015,0.0003,retail,0.600836138875806,0.0515505570700198,0.5881225858684321,0.0536268511547479,0.6784272789955139,0.014649577579098428,1.0,8.0
