epoch,parameter,feature,context,weight
0,beta,momentum,,0.0
0,beta,persist,,0.0
0,beta,underwater,,0.0
0,B,momentum,kospi_return_1d,0.0
0,B,momentum,fx_level_z_252,0.0
0,B,persist,kospi_return_1d,0.0
0,B,persist,fx_level_z_252,0.0
0,B,underwater,kospi_return_1d,0.0
0,B,underwater,fx_level_z_252,0.0
0,alpha,,kospi_return_1d,0.0
0,alpha,,fx_level_z_252,0.0
1,beta,momentum,,-0.001995040336623788
1,beta,persist,,0.0019995453767478466
1,beta,underwater,,0.002001338405534625
1,B,momentum,kospi_return_1d,0.0007075683097355068
1,B,momentum,fx_level_z_252,0.0018084165640175343
1,B,persist,kospi_return_1d,-0.000654313073027879
1,B,persist,fx_level_z_252,-0.0019781910814344883
1,B,underwater,kospi_return_1d,-0.0019575441256165504
1,B,underwater,fx_level_z_252,-0.001830121036618948
1,alpha,,kospi_return_1d,-0.001998727209866047
1,alpha,,fx_level_z_252,0.0019936985336244106
2,beta,momentum,,-0.0039815232157707214
2,beta,persist,,0.003985923249274492
2,beta,underwater,,0.003989187069237232
2,B,momentum,kospi_return_1d,0.0003181988140568137
2,B,momentum,fx_level_z_252,0.0035699435975402594
2,B,persist,kospi_return_1d,-0.00013109900464769453
2,B,persist,fx_level_z_252,-0.003913091029971838
2,B,underwater,kospi_return_1d,-0.0036862287670373917
2,B,underwater,fx_level_z_252,-0.0036232462152838707
2,alpha,,kospi_return_1d,-0.0039393543265759945
2,alpha,,fx_level_z_252,0.003967388533055782
3,beta,momentum,,-0.005957269109785557
3,beta,persist,,0.005957365036010742
3,beta,underwater,,0.005960154812783003
3,B,momentum,kospi_return_1d,-0.00025385385379195213
3,B,momentum,fx_level_z_252,0.0054025305435061455
3,B,persist,kospi_return_1d,0.00019689855980686843
3,B,persist,fx_level_z_252,-0.005826395004987717
3,B,underwater,kospi_return_1d,-0.004808247089385986
3,B,underwater,fx_level_z_252,-0.005482777487486601
3,alpha,,kospi_return_1d,-0.005741695873439312
3,alpha,,fx_level_z_252,0.005928182974457741
4,beta,momentum,,-0.007915351539850235
4,beta,persist,,0.007915654219686985
4,beta,underwater,,0.007901872508227825
4,B,momentum,kospi_return_1d,-0.0005806486587971449
4,B,momentum,fx_level_z_252,0.007236882112920284
4,B,persist,kospi_return_1d,0.00035727181239053607
4,B,persist,fx_level_z_252,-0.0076677449978888035
4,B,underwater,kospi_return_1d,-0.00518435426056385
4,B,underwater,fx_level_z_252,-0.007350155618041754
4,alpha,,kospi_return_1d,-0.007393525913357735
4,alpha,,fx_level_z_252,0.007875161245465279
5,beta,momentum,,-0.009838429279625416
5,beta,persist,,0.009853809140622616
5,beta,underwater,,0.00981127843260765
5,B,momentum,kospi_return_1d,-0.0008358519407920539
5,B,momentum,fx_level_z_252,0.009020588360726833
5,B,persist,kospi_return_1d,0.00019551586592569947
5,B,persist,fx_level_z_252,-0.009395838715136051
5,B,underwater,kospi_return_1d,-0.005368600133806467
5,B,underwater,fx_level_z_252,-0.009184912778437138
5,alpha,,kospi_return_1d,-0.008950992487370968
5,alpha,,fx_level_z_252,0.009790468961000443
6,beta,momentum,,-0.01171906292438507
6,beta,persist,,0.01177910901606083
6,beta,underwater,,0.011694134213030338
6,B,momentum,kospi_return_1d,-0.0006871158257126808
6,B,momentum,fx_level_z_252,0.01070604007691145
6,B,persist,kospi_return_1d,-0.00014161551371216774
6,B,persist,fx_level_z_252,-0.011048573069274426
6,B,underwater,kospi_return_1d,-0.005617822520434856
6,B,underwater,fx_level_z_252,-0.010938008315861225
6,alpha,,kospi_return_1d,-0.010504164732992649
6,alpha,,fx_level_z_252,0.011678135953843594
7,beta,momentum,,-0.013554684817790985
7,beta,persist,,0.013688771985471249
7,beta,underwater,,0.013543651439249516
7,B,momentum,kospi_return_1d,-0.00026739915483631194
7,B,momentum,fx_level_z_252,0.012232529930770397
7,B,persist,kospi_return_1d,-0.000659638550132513
7,B,persist,fx_level_z_252,-0.012540969997644424
7,B,underwater,kospi_return_1d,-0.005949199665337801
7,B,underwater,fx_level_z_252,-0.012575758621096611
7,alpha,,kospi_return_1d,-0.011994631960988045
7,alpha,,fx_level_z_252,0.01355773489922285
8,beta,momentum,,-0.015312349423766136
8,beta,persist,,0.015567738562822342
8,beta,underwater,,0.015345889143645763
8,B,momentum,kospi_return_1d,0.00035736983409151435
8,B,momentum,fx_level_z_252,0.01361261960119009
8,B,persist,kospi_return_1d,-0.001211675931699574
8,B,persist,fx_level_z_252,-0.013897761702537537
8,B,underwater,kospi_return_1d,-0.0062688677571713924
8,B,underwater,fx_level_z_252,-0.0140267014503479
8,alpha,,kospi_return_1d,-0.013391926884651184
8,alpha,,fx_level_z_252,0.015401998534798622
9,beta,momentum,,-0.01704772375524044
9,beta,persist,,0.01739983819425106
9,beta,underwater,,0.017105799168348312
9,B,momentum,kospi_return_1d,0.0008693839772604406
9,B,momentum,fx_level_z_252,0.014839605428278446
9,B,persist,kospi_return_1d,-0.001905251992866397
9,B,persist,fx_level_z_252,-0.015008690766990185
9,B,underwater,kospi_return_1d,-0.0067253680899739265
9,B,underwater,fx_level_z_252,-0.01528451219201088
9,alpha,,kospi_return_1d,-0.014545806683599949
9,alpha,,fx_level_z_252,0.017193887382745743
10,beta,momentum,,-0.01873844861984253
10,beta,persist,,0.019208505749702454
10,beta,underwater,,0.018802184611558914
10,B,momentum,kospi_return_1d,0.0012433461379259825
10,B,momentum,fx_level_z_252,0.015992924571037292
10,B,persist,kospi_return_1d,-0.0027561578899621964
10,B,persist,fx_level_z_252,-0.01601879671216011
10,B,underwater,kospi_return_1d,-0.007000228855758905
10,B,underwater,fx_level_z_252,-0.016530349850654602
10,alpha,,kospi_return_1d,-0.01559325959533453
10,alpha,,fx_level_z_252,0.018929777666926384
11,beta,momentum,,-0.020373424515128136
11,beta,persist,,0.0209857989102602
11,beta,underwater,,0.020446645095944405
11,B,momentum,kospi_return_1d,0.0015065268380567431
11,B,momentum,fx_level_z_252,0.016996877267956734
11,B,persist,kospi_return_1d,-0.0036153094843029976
11,B,persist,fx_level_z_252,-0.01692153513431549
11,B,underwater,kospi_return_1d,-0.0069447848945856094
11,B,underwater,fx_level_z_252,-0.017686329782009125
11,alpha,,kospi_return_1d,-0.01641036570072174
11,alpha,,fx_level_z_252,0.02065216563642025
12,beta,momentum,,-0.021901562809944153
12,beta,persist,,0.02271435596048832
12,beta,underwater,,0.02201228216290474
12,B,momentum,kospi_return_1d,0.0016419976018369198
12,B,momentum,fx_level_z_252,0.01781737245619297
12,B,persist,kospi_return_1d,-0.004324119538068771
12,B,persist,fx_level_z_252,-0.01765282452106476
12,B,underwater,kospi_return_1d,-0.00655020959675312
12,B,underwater,fx_level_z_252,-0.01876976527273655
12,alpha,,kospi_return_1d,-0.01695229299366474
12,alpha,,fx_level_z_252,0.02229321002960205
13,beta,momentum,,-0.023340897634625435
13,beta,persist,,0.024399133399128914
13,beta,underwater,,0.02346852421760559
13,B,momentum,kospi_return_1d,0.0015633528819307685
13,B,momentum,fx_level_z_252,0.01845247857272625
13,B,persist,kospi_return_1d,-0.0048334961757063866
13,B,persist,fx_level_z_252,-0.018394360318779945
13,B,underwater,kospi_return_1d,-0.005881278309971094
13,B,underwater,fx_level_z_252,-0.01980648748576641
13,alpha,,kospi_return_1d,-0.01711137406527996
13,alpha,,fx_level_z_252,0.023898884654045105
14,beta,momentum,,-0.02468201331794262
14,beta,persist,,0.026041552424430847
14,beta,underwater,,0.0248563252389431
14,B,momentum,kospi_return_1d,0.0017228369833901525
14,B,momentum,fx_level_z_252,0.018867935985326767
14,B,persist,kospi_return_1d,-0.00540087791159749
14,B,persist,fx_level_z_252,-0.019067030400037766
14,B,underwater,kospi_return_1d,-0.005253603681921959
14,B,underwater,fx_level_z_252,-0.02065921574831009
14,alpha,,kospi_return_1d,-0.01709207519888878
14,alpha,,fx_level_z_252,0.025438711047172546
15,beta,momentum,,-0.025943204760551453
15,beta,persist,,0.027625512331724167
15,beta,underwater,,0.026150915771722794
15,B,momentum,kospi_return_1d,0.001950239297002554
15,B,momentum,fx_level_z_252,0.01914854720234871
15,B,persist,kospi_return_1d,-0.0060952273197472095
15,B,persist,fx_level_z_252,-0.019552558660507202
15,B,underwater,kospi_return_1d,-0.004581684246659279
15,B,underwater,fx_level_z_252,-0.021382378414273262
15,alpha,,kospi_return_1d,-0.01691470481455326
15,alpha,,fx_level_z_252,0.026853663846850395
16,beta,momentum,,-0.027128610759973526
16,beta,persist,,0.029182834550738335
16,beta,underwater,,0.027396492660045624
16,B,momentum,kospi_return_1d,0.0022709511686116457
16,B,momentum,fx_level_z_252,0.019226497039198875
16,B,persist,kospi_return_1d,-0.006765570491552353
16,B,persist,fx_level_z_252,-0.0198688805103302
16,B,underwater,kospi_return_1d,-0.0040451763197779655
16,B,underwater,fx_level_z_252,-0.021956710144877434
16,alpha,,kospi_return_1d,-0.01660250499844551
16,alpha,,fx_level_z_252,0.028237584978342056
17,beta,momentum,,-0.028229763731360435
17,beta,persist,,0.030681727454066277
17,beta,underwater,,0.028527455404400826
17,B,momentum,kospi_return_1d,0.0026174418162554502
17,B,momentum,fx_level_z_252,0.01919197477400303
17,B,persist,kospi_return_1d,-0.007383992429822683
17,B,persist,fx_level_z_252,-0.02005687728524208
17,B,underwater,kospi_return_1d,-0.0035057817585766315
17,B,underwater,fx_level_z_252,-0.02248218096792698
17,alpha,,kospi_return_1d,-0.016119204461574554
17,alpha,,fx_level_z_252,0.02953147329390049
18,beta,momentum,,-0.029219873249530792
18,beta,persist,,0.032156333327293396
18,beta,underwater,,0.02952413633465767
18,B,momentum,kospi_return_1d,0.0029167267493903637
18,B,momentum,fx_level_z_252,0.019048968330025673
18,B,persist,kospi_return_1d,-0.007811424322426319
18,B,persist,fx_level_z_252,-0.020175877958536148
18,B,underwater,kospi_return_1d,-0.002695610513910651
18,B,underwater,fx_level_z_252,-0.022954383864998817
18,alpha,,kospi_return_1d,-0.01538777258247137
18,alpha,,fx_level_z_252,0.030762236565351486
19,beta,momentum,,-0.030109355226159096
19,beta,persist,,0.0335896834731102
19,beta,underwater,,0.030394461005926132
19,B,momentum,kospi_return_1d,0.0029958367813378572
19,B,momentum,fx_level_z_252,0.01870698481798172
19,B,persist,kospi_return_1d,-0.008161649107933044
19,B,persist,fx_level_z_252,-0.020281096920371056
19,B,underwater,kospi_return_1d,-0.001808356260880828
19,B,underwater,fx_level_z_252,-0.023306073620915413
19,alpha,,kospi_return_1d,-0.01459011621773243
19,alpha,,fx_level_z_252,0.03191143274307251
20,beta,momentum,,-0.030902426689863205
20,beta,persist,,0.03498585894703865
20,beta,underwater,,0.031140662729740143
20,B,momentum,kospi_return_1d,0.0029254539404064417
20,B,momentum,fx_level_z_252,0.018228309229016304
20,B,persist,kospi_return_1d,-0.008502153679728508
20,B,persist,fx_level_z_252,-0.02022811956703663
20,B,underwater,kospi_return_1d,-0.0008735614828765392
20,B,underwater,fx_level_z_252,-0.023588329553604126
20,alpha,,kospi_return_1d,-0.01369480136781931
20,alpha,,fx_level_z_252,0.03297020494937897
21,beta,momentum,,-0.03161555156111717
21,beta,persist,,0.03632388636469841
21,beta,underwater,,0.03179062157869339
21,B,momentum,kospi_return_1d,0.002946656895801425
21,B,momentum,fx_level_z_252,0.017526468262076378
21,B,persist,kospi_return_1d,-0.009064960293471813
21,B,persist,fx_level_z_252,-0.02001943066716194
21,B,underwater,kospi_return_1d,-0.0001954814651980996
21,B,underwater,fx_level_z_252,-0.023779897019267082
21,alpha,,kospi_return_1d,-0.012616977095603943
21,alpha,,fx_level_z_252,0.03398655354976654
22,beta,momentum,,-0.032247744500637054
22,beta,persist,,0.03761285915970802
22,beta,underwater,,0.03235797584056854
22,B,momentum,kospi_return_1d,0.002872960641980171
22,B,momentum,fx_level_z_252,0.016747642308473587
22,B,persist,kospi_return_1d,-0.009547903202474117
22,B,persist,fx_level_z_252,-0.019634896889328957
22,B,underwater,kospi_return_1d,0.0005426198476925492
22,B,underwater,fx_level_z_252,-0.023951198905706406
22,alpha,,kospi_return_1d,-0.011462226510047913
22,alpha,,fx_level_z_252,0.034945081919431686
23,beta,momentum,,-0.03282790631055832
23,beta,persist,,0.038856979459524155
23,beta,underwater,,0.03288264572620392
23,B,momentum,kospi_return_1d,0.0028080851770937443
23,B,momentum,fx_level_z_252,0.01593589223921299
23,B,persist,kospi_return_1d,-0.010033787228167057
23,B,persist,fx_level_z_252,-0.019123947247862816
23,B,underwater,kospi_return_1d,0.0011416805209591985
23,B,underwater,fx_level_z_252,-0.024039894342422485
23,alpha,,kospi_return_1d,-0.010153284296393394
23,alpha,,fx_level_z_252,0.03583386912941933
24,beta,momentum,,-0.033280663192272186
24,beta,persist,,0.0400669202208519
24,beta,underwater,,0.033297594636678696
24,B,momentum,kospi_return_1d,0.0028434060513973236
24,B,momentum,fx_level_z_252,0.015012397430837154
24,B,persist,kospi_return_1d,-0.010481123812496662
24,B,persist,fx_level_z_252,-0.01858065277338028
24,B,underwater,kospi_return_1d,0.0015940937446430326
24,B,underwater,fx_level_z_252,-0.02409658581018448
24,alpha,,kospi_return_1d,-0.00880154687911272
24,alpha,,fx_level_z_252,0.03665439411997795
25,beta,momentum,,-0.033667612820863724
25,beta,persist,,0.04127922281622887
25,beta,underwater,,0.033606596291065216
25,B,momentum,kospi_return_1d,0.0029702777974307537
25,B,momentum,fx_level_z_252,0.01412203535437584
25,B,persist,kospi_return_1d,-0.010949185118079185
25,B,persist,fx_level_z_252,-0.018045013770461082
25,B,underwater,kospi_return_1d,0.0018719570944085717
25,B,underwater,fx_level_z_252,-0.0242247823625803
25,alpha,,kospi_return_1d,-0.007396917790174484
25,alpha,,fx_level_z_252,0.03742841258645058
26,beta,momentum,,-0.03398774564266205
26,beta,persist,,0.04247989133000374
26,beta,underwater,,0.03385186195373535
26,B,momentum,kospi_return_1d,0.003039662027731538
26,B,momentum,fx_level_z_252,0.013179627247154713
26,B,persist,kospi_return_1d,-0.01139327697455883
26,B,persist,fx_level_z_252,-0.01749175786972046
26,B,underwater,kospi_return_1d,0.0020584273152053356
26,B,underwater,fx_level_z_252,-0.024336813017725945
26,alpha,,kospi_return_1d,-0.00596721563488245
26,alpha,,fx_level_z_252,0.03821029141545296
27,beta,momentum,,-0.03424261137843132
27,beta,persist,,0.043678972870111465
27,beta,underwater,,0.03402744233608246
27,B,momentum,kospi_return_1d,0.0031065375078469515
27,B,momentum,fx_level_z_252,0.012296049855649471
27,B,persist,kospi_return_1d,-0.011667205952107906
27,B,persist,fx_level_z_252,-0.01701483130455017
27,B,underwater,kospi_return_1d,0.002225530566647649
27,B,underwater,fx_level_z_252,-0.024546591565012932
27,alpha,,kospi_return_1d,-0.004663982894271612
27,alpha,,fx_level_z_252,0.03884522244334221
28,beta,momentum,,-0.03445054218173027
28,beta,persist,,0.044872358441352844
28,beta,underwater,,0.03409922868013382
28,B,momentum,kospi_return_1d,0.0029964204877614975
28,B,momentum,fx_level_z_252,0.011641066521406174
28,B,persist,kospi_return_1d,-0.011917383410036564
28,B,persist,fx_level_z_252,-0.01665102317929268
28,B,underwater,kospi_return_1d,0.0025609361473470926
28,B,underwater,fx_level_z_252,-0.02500157617032528
28,alpha,,kospi_return_1d,-0.00337580731138587
28,alpha,,fx_level_z_252,0.0393499881029129
29,beta,momentum,,-0.03460477665066719
29,beta,persist,,0.04601983726024628
29,beta,underwater,,0.034122779965400696
29,B,momentum,kospi_return_1d,0.003009686479344964
29,B,momentum,fx_level_z_252,0.010928990319371223
29,B,persist,kospi_return_1d,-0.012234320864081383
29,B,persist,fx_level_z_252,-0.01627674512565136
29,B,underwater,kospi_return_1d,0.002823443617671728
29,B,underwater,fx_level_z_252,-0.02540033683180809
29,alpha,,kospi_return_1d,-0.002013569697737694
29,alpha,,fx_level_z_252,0.039782315492630005
30,beta,momentum,,-0.03467431291937828
30,beta,persist,,0.0471414215862751
30,beta,underwater,,0.03410039097070694
30,B,momentum,kospi_return_1d,0.003166993847116828
30,B,momentum,fx_level_z_252,0.010147816501557827
30,B,persist,kospi_return_1d,-0.01249091885983944
30,B,persist,fx_level_z_252,-0.015801722183823586
30,B,underwater,kospi_return_1d,0.0030528567731380463
30,B,underwater,fx_level_z_252,-0.02569790743291378
30,alpha,,kospi_return_1d,-0.0006405264139175415
30,alpha,,fx_level_z_252,0.0401383675634861
31,beta,momentum,,-0.03474663943052292
31,beta,persist,,0.04826686531305313
31,beta,underwater,,0.034010663628578186
31,B,momentum,kospi_return_1d,0.0031493487767875195
31,B,momentum,fx_level_z_252,0.009495234116911888
31,B,persist,kospi_return_1d,-0.012493765912950039
31,B,persist,fx_level_z_252,-0.01551932655274868
31,B,underwater,kospi_return_1d,0.003507111920043826
31,B,underwater,fx_level_z_252,-0.02614271640777588
31,alpha,,kospi_return_1d,0.0007661082199774683
31,alpha,,fx_level_z_252,0.04049208387732506
32,beta,momentum,,-0.03481428325176239
32,beta,persist,,0.04936198890209198
32,beta,underwater,,0.03383737802505493
32,B,momentum,kospi_return_1d,0.0030251513235270977
32,B,momentum,fx_level_z_252,0.008903776295483112
32,B,persist,kospi_return_1d,-0.012290379963815212
32,B,persist,fx_level_z_252,-0.015204294584691525
32,B,underwater,kospi_return_1d,0.003944349475204945
32,B,underwater,fx_level_z_252,-0.026808476075530052
32,alpha,,kospi_return_1d,0.0021540813613682985
32,alpha,,fx_level_z_252,0.04078235477209091
33,beta,momentum,,-0.034811582416296005
33,beta,persist,,0.050443146377801895
33,beta,underwater,,0.033608775585889816
33,B,momentum,kospi_return_1d,0.0030632964335381985
33,B,momentum,fx_level_z_252,0.008234524168074131
33,B,persist,kospi_return_1d,-0.01210679579526186
33,B,persist,fx_level_z_252,-0.014890690334141254
33,B,underwater,kospi_return_1d,0.004282370209693909
33,B,underwater,fx_level_z_252,-0.027456127107143402
33,alpha,,kospi_return_1d,0.003316905815154314
33,alpha,,fx_level_z_252,0.04097695276141167
34,beta,momentum,,-0.03480358421802521
34,beta,persist,,0.051537495106458664
34,beta,underwater,,0.03339006006717682
34,B,momentum,kospi_return_1d,0.0032534990459680557
34,B,momentum,fx_level_z_252,0.00761020090430975
34,B,persist,kospi_return_1d,-0.01196187175810337
34,B,persist,fx_level_z_252,-0.014676167629659176
34,B,underwater,kospi_return_1d,0.004470756743103266
34,B,underwater,fx_level_z_252,-0.028134610503911972
34,alpha,,kospi_return_1d,0.004295501857995987
34,alpha,,fx_level_z_252,0.04109876975417137
35,beta,momentum,,-0.0348065011203289
35,beta,persist,,0.05265579745173454
35,beta,underwater,,0.03314875438809395
35,B,momentum,kospi_return_1d,0.003411063691601157
35,B,momentum,fx_level_z_252,0.007048237137496471
35,B,persist,kospi_return_1d,-0.011757975444197655
35,B,persist,fx_level_z_252,-0.014476287178695202
35,B,underwater,kospi_return_1d,0.00468110665678978
35,B,underwater,fx_level_z_252,-0.0287921205163002
35,alpha,,kospi_return_1d,0.0049817198887467384
35,alpha,,fx_level_z_252,0.04120487719774246
36,beta,momentum,,-0.03485213965177536
36,beta,persist,,0.053741250187158585
36,beta,underwater,,0.03294048458337784
36,B,momentum,kospi_return_1d,0.0034608326386660337
36,B,momentum,fx_level_z_252,0.006575743667781353
36,B,persist,kospi_return_1d,-0.011671323329210281
36,B,persist,fx_level_z_252,-0.014241211116313934
36,B,underwater,kospi_return_1d,0.0047722491435706615
36,B,underwater,fx_level_z_252,-0.029370812699198723
36,alpha,,kospi_return_1d,0.005611587781459093
36,alpha,,fx_level_z_252,0.041255928575992584
37,beta,momentum,,-0.03495045378804207
37,beta,persist,,0.05482439696788788
37,beta,underwater,,0.03278772160410881
37,B,momentum,kospi_return_1d,0.003609732259064913
37,B,momentum,fx_level_z_252,0.0061601875349879265
37,B,persist,kospi_return_1d,-0.011439623311161995
37,B,persist,fx_level_z_252,-0.014129741117358208
37,B,underwater,kospi_return_1d,0.004735990893095732
37,B,underwater,fx_level_z_252,-0.029912352561950684
37,alpha,,kospi_return_1d,0.0061755916103720665
37,alpha,,fx_level_z_252,0.0413702130317688
38,beta,momentum,,-0.03506463021039963
38,beta,persist,,0.05591382458806038
38,beta,underwater,,0.03264437988400459
38,B,momentum,kospi_return_1d,0.0038249881472438574
38,B,momentum,fx_level_z_252,0.005836518481373787
38,B,persist,kospi_return_1d,-0.011312727816402912
38,B,persist,fx_level_z_252,-0.014133168384432793
38,B,underwater,kospi_return_1d,0.004669701214879751
38,B,underwater,fx_level_z_252,-0.03061377815902233
38,alpha,,kospi_return_1d,0.006622175220400095
38,alpha,,fx_level_z_252,0.0414765439927578
39,beta,momentum,,-0.035160813480615616
39,beta,persist,,0.05700729787349701
39,beta,underwater,,0.032511476427316666
39,B,momentum,kospi_return_1d,0.004174857400357723
39,B,momentum,fx_level_z_252,0.005504543427377939
39,B,persist,kospi_return_1d,-0.011280924081802368
39,B,persist,fx_level_z_252,-0.014105875045061111
39,B,underwater,kospi_return_1d,0.004537895787507296
39,B,underwater,fx_level_z_252,-0.031245779246091843
39,alpha,,kospi_return_1d,0.007116689812391996
39,alpha,,fx_level_z_252,0.041536472737789154
40,beta,momentum,,-0.03526075556874275
40,beta,persist,,0.05807511880993843
40,beta,underwater,,0.03239362686872482
40,B,momentum,kospi_return_1d,0.0046054464764893055
40,B,momentum,fx_level_z_252,0.005086754448711872
40,B,persist,kospi_return_1d,-0.011397480964660645
40,B,persist,fx_level_z_252,-0.013929753564298153
40,B,underwater,kospi_return_1d,0.004168787505477667
40,B,underwater,fx_level_z_252,-0.03173943608999252
40,alpha,,kospi_return_1d,0.007646563928574324
40,alpha,,fx_level_z_252,0.04163884371519089
41,beta,momentum,,-0.03531547635793686
41,beta,persist,,0.059118982404470444
41,beta,underwater,,0.03231208771467209
41,B,momentum,kospi_return_1d,0.0050896815955638885
41,B,momentum,fx_level_z_252,0.00462459959089756
41,B,persist,kospi_return_1d,-0.011326789855957031
41,B,persist,fx_level_z_252,-0.013689241372048855
41,B,underwater,kospi_return_1d,0.0037606898695230484
41,B,underwater,fx_level_z_252,-0.032188206911087036
41,alpha,,kospi_return_1d,0.008036484010517597
41,alpha,,fx_level_z_252,0.04169408231973648
42,beta,momentum,,-0.035387299954891205
42,beta,persist,,0.06013718992471695
42,beta,underwater,,0.032276809215545654
42,B,momentum,kospi_return_1d,0.005381387658417225
42,B,momentum,fx_level_z_252,0.004108472727239132
42,B,persist,kospi_return_1d,-0.011199600994586945
42,B,persist,fx_level_z_252,-0.013284795917570591
42,B,underwater,kospi_return_1d,0.0034641926176846027
42,B,underwater,fx_level_z_252,-0.032450124621391296
42,alpha,,kospi_return_1d,0.008328689262270927
42,alpha,,fx_level_z_252,0.0417618602514267
43,beta,momentum,,-0.03545418754220009
43,beta,persist,,0.061157263815402985
43,beta,underwater,,0.03224238008260727
43,B,momentum,kospi_return_1d,0.005714721977710724
43,B,momentum,fx_level_z_252,0.0036397557705640793
43,B,persist,kospi_return_1d,-0.01109826099127531
43,B,persist,fx_level_z_252,-0.012954497709870338
43,B,underwater,kospi_return_1d,0.003214083146303892
43,B,underwater,fx_level_z_252,-0.032777220010757446
43,alpha,,kospi_return_1d,0.008582009933888912
43,alpha,,fx_level_z_252,0.04184132441878319
44,beta,momentum,,-0.0354560911655426
44,beta,persist,,0.0621367022395134
44,beta,underwater,,0.032120365649461746
44,B,momentum,kospi_return_1d,0.005928397178649902
44,B,momentum,fx_level_z_252,0.0031376746483147144
44,B,persist,kospi_return_1d,-0.011098754592239857
44,B,persist,fx_level_z_252,-0.012601930648088455
44,B,underwater,kospi_return_1d,0.0029520399402827024
44,B,underwater,fx_level_z_252,-0.033070340752601624
44,alpha,,kospi_return_1d,0.008892185054719448
44,alpha,,fx_level_z_252,0.04190823435783386
45,beta,momentum,,-0.03545379266142845
45,beta,persist,,0.06310039758682251
45,beta,underwater,,0.03191126510500908
45,B,momentum,kospi_return_1d,0.005954223684966564
45,B,momentum,fx_level_z_252,0.0027789215091615915
45,B,persist,kospi_return_1d,-0.011111102066934109
45,B,persist,fx_level_z_252,-0.012215838767588139
45,B,underwater,kospi_return_1d,0.002709477674216032
45,B,underwater,fx_level_z_252,-0.03353157639503479
45,alpha,,kospi_return_1d,0.009097467176616192
45,alpha,,fx_level_z_252,0.04189545661211014
46,beta,momentum,,-0.03546726703643799
46,beta,persist,,0.06408914178609848
46,beta,underwater,,0.03176990523934364
46,B,momentum,kospi_return_1d,0.006095428951084614
46,B,momentum,fx_level_z_252,0.002483859658241272
46,B,persist,kospi_return_1d,-0.01121419109404087
46,B,persist,fx_level_z_252,-0.0118675846606493
46,B,underwater,kospi_return_1d,0.002279947977513075
46,B,underwater,fx_level_z_252,-0.03394079953432083
46,alpha,,kospi_return_1d,0.009256052784621716
46,alpha,,fx_level_z_252,0.041852016001939774
47,beta,momentum,,-0.035397354513406754
47,beta,persist,,0.06501217931509018
47,beta,underwater,,0.031513821333646774
47,B,momentum,kospi_return_1d,0.006073283962905407
47,B,momentum,fx_level_z_252,0.002226833486929536
47,B,persist,kospi_return_1d,-0.011179760098457336
47,B,persist,fx_level_z_252,-0.01162785105407238
47,B,underwater,kospi_return_1d,0.0021091937087476254
47,B,underwater,fx_level_z_252,-0.034450870007276535
47,alpha,,kospi_return_1d,0.00953808706253767
47,alpha,,fx_level_z_252,0.041790254414081573
48,beta,momentum,,-0.03535546734929085
48,beta,persist,,0.0659596398472786
48,beta,underwater,,0.031310755759477615
48,B,momentum,kospi_return_1d,0.00600205734372139
48,B,momentum,fx_level_z_252,0.0019096790347248316
48,B,persist,kospi_return_1d,-0.011089825071394444
48,B,persist,fx_level_z_252,-0.011418492533266544
48,B,underwater,kospi_return_1d,0.0018892692169174552
48,B,underwater,fx_level_z_252,-0.03488754853606224
48,alpha,,kospi_return_1d,0.009759756736457348
48,alpha,,fx_level_z_252,0.041763175278902054
49,beta,momentum,,-0.03532867506146431
49,beta,persist,,0.06692710518836975
49,beta,underwater,,0.031145086511969566
49,B,momentum,kospi_return_1d,0.005868683569133282
49,B,momentum,fx_level_z_252,0.0015401886776089668
49,B,persist,kospi_return_1d,-0.010920561850070953
49,B,persist,fx_level_z_252,-0.011197399348020554
49,B,underwater,kospi_return_1d,0.0016799685545265675
49,B,underwater,fx_level_z_252,-0.03535933420062065
49,alpha,,kospi_return_1d,0.010044056922197342
49,alpha,,fx_level_z_252,0.04182292893528938
50,beta,momentum,,-0.03531106933951378
50,beta,persist,,0.06786449998617172
50,beta,underwater,,0.030908675864338875
50,B,momentum,kospi_return_1d,0.005779721774160862
50,B,momentum,fx_level_z_252,0.0012242932571098208
50,B,persist,kospi_return_1d,-0.01093132421374321
50,B,persist,fx_level_z_252,-0.010907194577157497
50,B,underwater,kospi_return_1d,0.0013734824024140835
50,B,underwater,fx_level_z_252,-0.035827651619911194
50,alpha,,kospi_return_1d,0.010316571220755577
50,alpha,,fx_level_z_252,0.041845615953207016
51,beta,momentum,,-0.035370778292417526
51,beta,persist,,0.06878738850355148
51,beta,underwater,,0.030706552788615227
51,B,momentum,kospi_return_1d,0.005475173704326153
51,B,momentum,fx_level_z_252,0.000887797272298485
51,B,persist,kospi_return_1d,-0.010770218446850777
51,B,persist,fx_level_z_252,-0.010545351542532444
51,B,underwater,kospi_return_1d,0.0010945126414299011
51,B,underwater,fx_level_z_252,-0.03622414544224739
51,alpha,,kospi_return_1d,0.010663158260285854
51,alpha,,fx_level_z_252,0.041932910680770874
52,beta,momentum,,-0.0354803092777729
52,beta,persist,,0.06967464834451675
52,beta,underwater,,0.030558636412024498
52,B,momentum,kospi_return_1d,0.005216637160629034
52,B,momentum,fx_level_z_252,0.000643059378489852
52,B,persist,kospi_return_1d,-0.010741923935711384
52,B,persist,fx_level_z_252,-0.010071326978504658
52,B,underwater,kospi_return_1d,0.0007201896514743567
52,B,underwater,fx_level_z_252,-0.03656204044818878
52,alpha,,kospi_return_1d,0.011030753143131733
52,alpha,,fx_level_z_252,0.041999150067567825
53,beta,momentum,,-0.035540781915187836
53,beta,persist,,0.0705488920211792
53,beta,underwater,,0.03035617433488369
53,B,momentum,kospi_return_1d,0.005121605936437845
53,B,momentum,fx_level_z_252,0.0003228518762625754
53,B,persist,kospi_return_1d,-0.010901844128966331
53,B,persist,fx_level_z_252,-0.009484028443694115
53,B,underwater,kospi_return_1d,0.0003349820908624679
53,B,underwater,fx_level_z_252,-0.03678401932120323
53,alpha,,kospi_return_1d,0.011400528252124786
53,alpha,,fx_level_z_252,0.042011648416519165
54,beta,momentum,,-0.03558349609375
54,beta,persist,,0.07137001305818558
54,beta,underwater,,0.030067503452301025
54,B,momentum,kospi_return_1d,0.004846470430493355
54,B,momentum,fx_level_z_252,6.103393388912082e-05
54,B,persist,kospi_return_1d,-0.011223665438592434
54,B,persist,fx_level_z_252,-0.00885963998734951
54,B,underwater,kospi_return_1d,5.278426397126168e-05
54,B,underwater,fx_level_z_252,-0.03708643093705177
54,alpha,,kospi_return_1d,0.01185007207095623
54,alpha,,fx_level_z_252,0.04198974370956421
55,beta,momentum,,-0.03556479886174202
55,beta,persist,,0.07217524200677872
55,beta,underwater,,0.029766447842121124
55,B,momentum,kospi_return_1d,0.004737186711281538
55,B,momentum,fx_level_z_252,-0.00019107063417322934
55,B,persist,kospi_return_1d,-0.011383811011910439
55,B,persist,fx_level_z_252,-0.00833343155682087
55,B,underwater,kospi_return_1d,-0.00014192545495461673
55,B,underwater,fx_level_z_252,-0.037430014461278915
55,alpha,,kospi_return_1d,0.012302488088607788
55,alpha,,fx_level_z_252,0.041913069784641266
56,beta,momentum,,-0.035555820912122726
56,beta,persist,,0.07302836328744888
56,beta,underwater,,0.02946130558848381
56,B,momentum,kospi_return_1d,0.004455188754945993
56,B,momentum,fx_level_z_252,-0.0003470178344286978
56,B,persist,kospi_return_1d,-0.01138843409717083
56,B,persist,fx_level_z_252,-0.007992461323738098
56,B,underwater,kospi_return_1d,-5.7089520851150155e-05
56,B,underwater,fx_level_z_252,-0.03779655694961548
56,alpha,,kospi_return_1d,0.012714376673102379
56,alpha,,fx_level_z_252,0.0418221615254879
57,beta,momentum,,-0.035477086901664734
57,beta,persist,,0.07388437539339066
57,beta,underwater,,0.02915581688284874
57,B,momentum,kospi_return_1d,0.004350646864622831
57,B,momentum,fx_level_z_252,-0.0004613793280441314
57,B,persist,kospi_return_1d,-0.011488824151456356
57,B,persist,fx_level_z_252,-0.007721698377281427
57,B,underwater,kospi_return_1d,0.0001295871043112129
57,B,underwater,fx_level_z_252,-0.038088805973529816
57,alpha,,kospi_return_1d,0.01303110457956791
57,alpha,,fx_level_z_252,0.041674163192510605
58,beta,momentum,,-0.03543414920568466
58,beta,persist,,0.07471729069948196
58,beta,underwater,,0.028859606012701988
58,B,momentum,kospi_return_1d,0.0041694557294249535
58,B,momentum,fx_level_z_252,-0.0004931665607728064
58,B,persist,kospi_return_1d,-0.01168583333492279
58,B,persist,fx_level_z_252,-0.0074585662223398685
58,B,underwater,kospi_return_1d,0.0002856494393199682
58,B,underwater,fx_level_z_252,-0.03826157748699188
58,alpha,,kospi_return_1d,0.013348720036447048
58,alpha,,fx_level_z_252,0.04153530299663544
59,beta,momentum,,-0.035389892756938934
59,beta,persist,,0.07551126182079315
59,beta,underwater,,0.028538953512907028
59,B,momentum,kospi_return_1d,0.003924346063286066
59,B,momentum,fx_level_z_252,-0.00045481687993742526
59,B,persist,kospi_return_1d,-0.011885392479598522
59,B,persist,fx_level_z_252,-0.0071875182911753654
59,B,underwater,kospi_return_1d,0.000581546570174396
59,B,underwater,fx_level_z_252,-0.0384276881814003
59,alpha,,kospi_return_1d,0.013715917244553566
59,alpha,,fx_level_z_252,0.04141660034656525
60,beta,momentum,,-0.03535553812980652
60,beta,persist,,0.07632686197757721
60,beta,underwater,,0.028265945613384247
60,B,momentum,kospi_return_1d,0.003832152346149087
60,B,momentum,fx_level_z_252,-0.0003867418272420764
60,B,persist,kospi_return_1d,-0.012159178964793682
60,B,persist,fx_level_z_252,-0.007010112516582012
60,B,underwater,kospi_return_1d,0.0007286917534656823
60,B,underwater,fx_level_z_252,-0.03847687318921089
60,alpha,,kospi_return_1d,0.01405722089111805
60,alpha,,fx_level_z_252,0.041206203401088715
61,beta,momentum,,-0.035274334251880646
61,beta,persist,,0.07706902176141739
61,beta,underwater,,0.028038619086146355
61,B,momentum,kospi_return_1d,0.0038480861112475395
61,B,momentum,fx_level_z_252,-0.00027218335890211165
61,B,persist,kospi_return_1d,-0.012496622279286385
61,B,persist,fx_level_z_252,-0.006725524086505175
61,B,underwater,kospi_return_1d,0.0007688855985179543
61,B,underwater,fx_level_z_252,-0.03844384104013443
61,alpha,,kospi_return_1d,0.01455195713788271
61,alpha,,fx_level_z_252,0.04097304120659828
62,beta,momentum,,-0.03520234674215317
62,beta,persist,,0.07781658321619034
62,beta,underwater,,0.027835972607135773
62,B,momentum,kospi_return_1d,0.0037436122074723244
62,B,momentum,fx_level_z_252,-8.499773684889078e-05
62,B,persist,kospi_return_1d,-0.012507897801697254
62,B,persist,fx_level_z_252,-0.0064291805028915405
62,B,underwater,kospi_return_1d,0.0010346039198338985
62,B,underwater,fx_level_z_252,-0.03831620141863823
62,alpha,,kospi_return_1d,0.015044072642922401
62,alpha,,fx_level_z_252,0.04074570909142494
63,beta,momentum,,-0.03506578877568245
63,beta,persist,,0.07853836566209793
63,beta,underwater,,0.02761402726173401
63,B,momentum,kospi_return_1d,0.0037173680029809475
63,B,momentum,fx_level_z_252,3.714763079187833e-05
63,B,persist,kospi_return_1d,-0.012440814636647701
63,B,persist,fx_level_z_252,-0.0061087762005627155
63,B,underwater,kospi_return_1d,0.0012562794145196676
63,B,underwater,fx_level_z_252,-0.038178712129592896
63,alpha,,kospi_return_1d,0.01570228859782219
63,alpha,,fx_level_z_252,0.04051000997424126
64,beta,momentum,,-0.035000383853912354
64,beta,persist,,0.07925453782081604
64,beta,underwater,,0.027502253651618958
64,B,momentum,kospi_return_1d,0.0038737799040973186
64,B,momentum,fx_level_z_252,9.510917880106717e-05
64,B,persist,kospi_return_1d,-0.012442376464605331
64,B,persist,fx_level_z_252,-0.0059315781109035015
64,B,underwater,kospi_return_1d,0.00123271020129323
64,B,underwater,fx_level_z_252,-0.037906937301158905
64,alpha,,kospi_return_1d,0.016211967915296555
64,alpha,,fx_level_z_252,0.040330126881599426
65,beta,momentum,,-0.03489743918180466
65,beta,persist,,0.07996805757284164
65,beta,underwater,,0.02737661637365818
65,B,momentum,kospi_return_1d,0.0040807053446769714
65,B,momentum,fx_level_z_252,8.51658551255241e-05
65,B,persist,kospi_return_1d,-0.01242516003549099
65,B,persist,fx_level_z_252,-0.005689512938261032
65,B,underwater,kospi_return_1d,0.001220746897161007
65,B,underwater,fx_level_z_252,-0.03763603791594505
65,alpha,,kospi_return_1d,0.016698075458407402
65,alpha,,fx_level_z_252,0.04012814536690712
66,beta,momentum,,-0.03483431786298752
66,beta,persist,,0.08067213743925095
66,beta,underwater,,0.027264652773737907
66,B,momentum,kospi_return_1d,0.004049183335155249
66,B,momentum,fx_level_z_252,3.868430576403625e-05
66,B,persist,kospi_return_1d,-0.012247644364833832
66,B,persist,fx_level_z_252,-0.005406609736382961
66,B,underwater,kospi_return_1d,0.0013105212710797787
66,B,underwater,fx_level_z_252,-0.03729471191763878
66,alpha,,kospi_return_1d,0.017206959426403046
66,alpha,,fx_level_z_252,0.039914198219776154
67,beta,momentum,,-0.03481869027018547
67,beta,persist,,0.0813564732670784
67,beta,underwater,,0.02720421925187111
67,B,momentum,kospi_return_1d,0.00392411183565855
67,B,momentum,fx_level_z_252,1.0434436262585223e-05
67,B,persist,kospi_return_1d,-0.012093748897314072
67,B,persist,fx_level_z_252,-0.005137891974300146
67,B,underwater,kospi_return_1d,0.0013494041049852967
67,B,underwater,fx_level_z_252,-0.037064243108034134
67,alpha,,kospi_return_1d,0.01765185222029686
67,alpha,,fx_level_z_252,0.03976408392190933
68,beta,momentum,,-0.03479694575071335
68,beta,persist,,0.08203056454658508
68,beta,underwater,,0.02700558863580227
68,B,momentum,kospi_return_1d,0.0037895964924246073
68,B,momentum,fx_level_z_252,-1.322519892710261e-06
68,B,persist,kospi_return_1d,-0.01205451786518097
68,B,persist,fx_level_z_252,-0.005037137307226658
68,B,underwater,kospi_return_1d,0.0013428163947537541
68,B,underwater,fx_level_z_252,-0.037000272423028946
68,alpha,,kospi_return_1d,0.018165213987231255
68,alpha,,fx_level_z_252,0.03953572362661362
69,beta,momentum,,-0.034809719771146774
69,beta,persist,,0.082730732858181
69,beta,underwater,,0.02686231955885887
69,B,momentum,kospi_return_1d,0.0036268660333007574
69,B,momentum,fx_level_z_252,-5.940632036072202e-06
69,B,persist,kospi_return_1d,-0.012076636776328087
69,B,persist,fx_level_z_252,-0.005014478228986263
69,B,underwater,kospi_return_1d,0.0012006041361019015
69,B,underwater,fx_level_z_252,-0.036945730447769165
69,alpha,,kospi_return_1d,0.01862763799726963
69,alpha,,fx_level_z_252,0.03936629742383957
70,beta,momentum,,-0.034785691648721695
70,beta,persist,,0.08337187021970749
70,beta,underwater,,0.026666885241866112
70,B,momentum,kospi_return_1d,0.0033560888841748238
70,B,momentum,fx_level_z_252,2.705137012526393e-05
70,B,persist,kospi_return_1d,-0.012076671235263348
70,B,persist,fx_level_z_252,-0.005162769928574562
70,B,underwater,kospi_return_1d,0.0009260438964702189
70,B,underwater,fx_level_z_252,-0.036997370421886444
70,alpha,,kospi_return_1d,0.019156645983457565
70,alpha,,fx_level_z_252,0.0392143651843071
71,beta,momentum,,-0.034814588725566864
71,beta,persist,,0.08405284583568573
71,beta,underwater,,0.02652559243142605
71,B,momentum,kospi_return_1d,0.003209807211533189
71,B,momentum,fx_level_z_252,8.453239570371807e-05
71,B,persist,kospi_return_1d,-0.01209227740764618
71,B,persist,fx_level_z_252,-0.005334335844963789
71,B,underwater,kospi_return_1d,0.0005311924032866955
71,B,underwater,fx_level_z_252,-0.03702976554632187
71,alpha,,kospi_return_1d,0.019468698650598526
71,alpha,,fx_level_z_252,0.03905036672949791
72,beta,momentum,,-0.034683968871831894
72,beta,persist,,0.08467215299606323
72,beta,underwater,,0.02627737820148468
72,B,momentum,kospi_return_1d,0.003295581554993987
72,B,momentum,fx_level_z_252,-3.4048265661112964e-05
72,B,persist,kospi_return_1d,-0.012133821845054626
72,B,persist,fx_level_z_252,-0.0053332773968577385
72,B,underwater,kospi_return_1d,8.404633263126016e-05
72,B,underwater,fx_level_z_252,-0.03704812750220299
72,alpha,,kospi_return_1d,0.01982400380074978
72,alpha,,fx_level_z_252,0.03886053338646889
73,beta,momentum,,-0.034545283764600754
73,beta,persist,,0.08523373305797577
73,beta,underwater,,0.025994757190346718
73,B,momentum,kospi_return_1d,0.003483603708446026
73,B,momentum,fx_level_z_252,-3.0755982152186334e-05
73,B,persist,kospi_return_1d,-0.012018048204481602
73,B,persist,fx_level_z_252,-0.005389835685491562
73,B,underwater,kospi_return_1d,-0.0002493474748916924
73,B,underwater,fx_level_z_252,-0.037190504372119904
73,alpha,,kospi_return_1d,0.020327933132648468
73,alpha,,fx_level_z_252,0.03868395462632179
74,beta,momentum,,-0.03437590226531029
74,beta,persist,,0.08580746501684189
74,beta,underwater,,0.02572815492749214
74,B,momentum,kospi_return_1d,0.0037195244804024696
74,B,momentum,fx_level_z_252,-8.710906695341691e-05
74,B,persist,kospi_return_1d,-0.011841099709272385
74,B,persist,fx_level_z_252,-0.00543748214840889
74,B,underwater,kospi_return_1d,-0.00038347759982571006
74,B,underwater,fx_level_z_252,-0.03726988658308983
74,alpha,,kospi_return_1d,0.02083633653819561
74,alpha,,fx_level_z_252,0.03852579742670059
75,beta,momentum,,-0.0341341570019722
75,beta,persist,,0.08635230362415314
75,beta,underwater,,0.025388380512595177
75,B,momentum,kospi_return_1d,0.004056681878864765
75,B,momentum,fx_level_z_252,-4.938665369991213e-07
75,B,persist,kospi_return_1d,-0.011596012860536575
75,B,persist,fx_level_z_252,-0.005585911218076944
75,B,underwater,kospi_return_1d,-0.0005031176842749119
75,B,underwater,fx_level_z_252,-0.037413571029901505
75,alpha,,kospi_return_1d,0.02148461900651455
75,alpha,,fx_level_z_252,0.03830793872475624
76,beta,momentum,,-0.03394234552979469
76,beta,persist,,0.0869118869304657
76,beta,underwater,,0.025084340944886208
76,B,momentum,kospi_return_1d,0.0042923190630972385
76,B,momentum,fx_level_z_252,7.416737207677215e-05
76,B,persist,kospi_return_1d,-0.011281616985797882
76,B,persist,fx_level_z_252,-0.005707339849323034
76,B,underwater,kospi_return_1d,-0.0004453177680261433
76,B,underwater,fx_level_z_252,-0.03748493641614914
76,alpha,,kospi_return_1d,0.022058093920350075
76,alpha,,fx_level_z_252,0.038073498755693436
77,beta,momentum,,-0.03380076587200165
77,beta,persist,,0.08748660236597061
77,beta,underwater,,0.024763165041804314
77,B,momentum,kospi_return_1d,0.00458813551813364
77,B,momentum,fx_level_z_252,0.0001423746143700555
77,B,persist,kospi_return_1d,-0.011123551055788994
77,B,persist,fx_level_z_252,-0.005878462456166744
77,B,underwater,kospi_return_1d,-0.0003826213360298425
77,B,underwater,fx_level_z_252,-0.03756109997630119
77,alpha,,kospi_return_1d,0.022441722452640533
77,alpha,,fx_level_z_252,0.03790627419948578
78,beta,momentum,,-0.033664390444755554
78,beta,persist,,0.08805793523788452
78,beta,underwater,,0.02453806810081005
78,B,momentum,kospi_return_1d,0.005042389500886202
78,B,momentum,fx_level_z_252,-6.317128281807527e-05
78,B,persist,kospi_return_1d,-0.010926109738647938
78,B,persist,fx_level_z_252,-0.005887264851480722
78,B,underwater,kospi_return_1d,-0.0003170548297930509
78,B,underwater,fx_level_z_252,-0.03740795701742172
78,alpha,,kospi_return_1d,0.022785043343901634
78,alpha,,fx_level_z_252,0.037756145000457764
79,beta,momentum,,-0.03360925614833832
79,beta,persist,,0.0886344313621521
79,beta,underwater,,0.02441917173564434
79,B,momentum,kospi_return_1d,0.005317860748618841
79,B,momentum,fx_level_z_252,-0.0002196517598349601
79,B,persist,kospi_return_1d,-0.010682974942028522
79,B,persist,fx_level_z_252,-0.005885528866201639
79,B,underwater,kospi_return_1d,-0.0003446206101216376
79,B,underwater,fx_level_z_252,-0.03729432821273804
79,alpha,,kospi_return_1d,0.023063091561198235
79,alpha,,fx_level_z_252,0.03770347684621811
80,beta,momentum,,-0.033550672233104706
80,beta,persist,,0.08917604386806488
80,beta,underwater,,0.02425939403474331
80,B,momentum,kospi_return_1d,0.005486634559929371
80,B,momentum,fx_level_z_252,-0.00028492178535088897
80,B,persist,kospi_return_1d,-0.010475230403244495
80,B,persist,fx_level_z_252,-0.005961719900369644
80,B,underwater,kospi_return_1d,-0.00028316621319390833
80,B,underwater,fx_level_z_252,-0.037200070917606354
80,alpha,,kospi_return_1d,0.02338535524904728
80,alpha,,fx_level_z_252,0.037722550332546234
81,beta,momentum,,-0.03354291245341301
81,beta,persist,,0.08968966454267502
81,beta,underwater,,0.02404763363301754
81,B,momentum,kospi_return_1d,0.005423430353403091
81,B,momentum,fx_level_z_252,-0.00038138258969411254
81,B,persist,kospi_return_1d,-0.010466087609529495
81,B,persist,fx_level_z_252,-0.006009184289723635
81,B,underwater,kospi_return_1d,-2.3757180315442383e-05
81,B,underwater,fx_level_z_252,-0.036968864500522614
81,alpha,,kospi_return_1d,0.023682083934545517
81,alpha,,fx_level_z_252,0.037704430520534515
82,beta,momentum,,-0.03356620669364929
82,beta,persist,,0.09022781252861023
82,beta,underwater,,0.02393190748989582
82,B,momentum,kospi_return_1d,0.00530876312404871
82,B,momentum,fx_level_z_252,-0.0004227295867167413
82,B,persist,kospi_return_1d,-0.01040330994874239
82,B,persist,fx_level_z_252,-0.006050499621778727
82,B,underwater,kospi_return_1d,0.00022376672131940722
82,B,underwater,fx_level_z_252,-0.036648623645305634
82,alpha,,kospi_return_1d,0.023926526308059692
82,alpha,,fx_level_z_252,0.037699054926633835
83,beta,momentum,,-0.0336214154958725
83,beta,persist,,0.09077511727809906
83,beta,underwater,,0.02385583519935608
83,B,momentum,kospi_return_1d,0.005219380836933851
83,B,momentum,fx_level_z_252,-0.0005658251466229558
83,B,persist,kospi_return_1d,-0.010450744070112705
83,B,persist,fx_level_z_252,-0.006007933057844639
83,B,underwater,kospi_return_1d,0.0002689297834876925
83,B,underwater,fx_level_z_252,-0.03615923225879669
83,alpha,,kospi_return_1d,0.024106193333864212
83,alpha,,fx_level_z_252,0.03770103305578232
84,beta,momentum,,-0.033739492297172546
84,beta,persist,,0.09134627133607864
84,beta,underwater,,0.023789480328559875
84,B,momentum,kospi_return_1d,0.005095224361866713
84,B,momentum,fx_level_z_252,-0.0007377522997558117
84,B,persist,kospi_return_1d,-0.01060089748352766
84,B,persist,fx_level_z_252,-0.0060224393382668495
84,B,underwater,kospi_return_1d,0.00017802708316594362
84,B,underwater,fx_level_z_252,-0.03560918569564819
84,alpha,,kospi_return_1d,0.024228060618042946
84,alpha,,fx_level_z_252,0.03767145797610283
85,beta,momentum,,-0.03386298194527626
85,beta,persist,,0.0918775126338005
85,beta,underwater,,0.023741349577903748
85,B,momentum,kospi_return_1d,0.004791673738509417
85,B,momentum,fx_level_z_252,-0.0008890804601833224
85,B,persist,kospi_return_1d,-0.010754364542663097
85,B,persist,fx_level_z_252,-0.006023271940648556
85,B,underwater,kospi_return_1d,1.4494173228740692e-05
85,B,underwater,fx_level_z_252,-0.03507757559418678
85,alpha,,kospi_return_1d,0.024454854428768158
85,alpha,,fx_level_z_252,0.03769022226333618
86,beta,momentum,,-0.033969584852457047
86,beta,persist,,0.09238945692777634
86,beta,underwater,,0.023586774244904518
86,B,momentum,kospi_return_1d,0.00442879693582654
86,B,momentum,fx_level_z_252,-0.0008390832226723433
86,B,persist,kospi_return_1d,-0.010879803448915482
86,B,persist,fx_level_z_252,-0.006133532151579857
86,B,underwater,kospi_return_1d,-7.408775127260014e-05
86,B,underwater,fx_level_z_252,-0.034901250153779984
86,alpha,,kospi_return_1d,0.024647783488035202
86,alpha,,fx_level_z_252,0.037642475217580795
87,beta,momentum,,-0.03401081636548042
87,beta,persist,,0.09286916255950928
87,beta,underwater,,0.023389261215925217
87,B,momentum,kospi_return_1d,0.004283156245946884
87,B,momentum,fx_level_z_252,-0.0008389335125684738
87,B,persist,kospi_return_1d,-0.01125706359744072
87,B,persist,fx_level_z_252,-0.006157479248940945
87,B,underwater,kospi_return_1d,-7.265901513164863e-05
87,B,underwater,fx_level_z_252,-0.034791722893714905
87,alpha,,kospi_return_1d,0.02466541901230812
87,alpha,,fx_level_z_252,0.03752182051539421
88,beta,momentum,,-0.03401648625731468
88,beta,persist,,0.09333875775337219
88,beta,underwater,,0.023242397233843803
88,B,momentum,kospi_return_1d,0.004181994125247002
88,B,momentum,fx_level_z_252,-0.0006470673251897097
88,B,persist,kospi_return_1d,-0.011681869626045227
88,B,persist,fx_level_z_252,-0.006155099719762802
88,B,underwater,kospi_return_1d,7.082941010594368e-06
88,B,underwater,fx_level_z_252,-0.03486892580986023
88,alpha,,kospi_return_1d,0.024743104353547096
88,alpha,,fx_level_z_252,0.037408262491226196
89,beta,momentum,,-0.03400086238980293
89,beta,persist,,0.0938233956694603
89,beta,underwater,,0.023080974817276
89,B,momentum,kospi_return_1d,0.00419164402410388
89,B,momentum,fx_level_z_252,-0.00034436178975738585
89,B,persist,kospi_return_1d,-0.012140190228819847
89,B,persist,fx_level_z_252,-0.006149483844637871
89,B,underwater,kospi_return_1d,0.00012794372742064297
89,B,underwater,fx_level_z_252,-0.03495118021965027
89,alpha,,kospi_return_1d,0.024797340855002403
89,alpha,,fx_level_z_252,0.03729189559817314
90,beta,momentum,,-0.03393573313951492
90,beta,persist,,0.09424878656864166
90,beta,underwater,,0.022851435467600822
90,B,momentum,kospi_return_1d,0.0041770595125854015
90,B,momentum,fx_level_z_252,-5.4970456403680146e-05
90,B,persist,kospi_return_1d,-0.012560790404677391
90,B,persist,fx_level_z_252,-0.005964368581771851
90,B,underwater,kospi_return_1d,0.0003005057224072516
90,B,underwater,fx_level_z_252,-0.03507343307137489
90,alpha,,kospi_return_1d,0.02495666965842247
90,alpha,,fx_level_z_252,0.03713206574320793
91,beta,momentum,,-0.0338166318833828
91,beta,persist,,0.0946611762046814
91,beta,underwater,,0.022573864087462425
91,B,momentum,kospi_return_1d,0.004339892417192459
91,B,momentum,fx_level_z_252,0.0001183989952551201
91,B,persist,kospi_return_1d,-0.012979052029550076
91,B,persist,fx_level_z_252,-0.00558477034792304
91,B,underwater,kospi_return_1d,0.00037152518052607775
91,B,underwater,fx_level_z_252,-0.035065487027168274
91,alpha,,kospi_return_1d,0.025241011753678322
91,alpha,,fx_level_z_252,0.036984678357839584
92,beta,momentum,,-0.03369423747062683
92,beta,persist,,0.09503872692584991
92,beta,underwater,,0.022360166534781456
92,B,momentum,kospi_return_1d,0.004430450964719057
92,B,momentum,fx_level_z_252,1.9000690372195095e-05
92,B,persist,kospi_return_1d,-0.013494482263922691
92,B,persist,fx_level_z_252,-0.005270127207040787
92,B,underwater,kospi_return_1d,0.00018365362484473735
92,B,underwater,fx_level_z_252,-0.03497747704386711
92,alpha,,kospi_return_1d,0.02553330920636654
92,alpha,,fx_level_z_252,0.03688647598028183
93,beta,momentum,,-0.03360627219080925
93,beta,persist,,0.0954742357134819
93,beta,underwater,,0.022244472056627274
93,B,momentum,kospi_return_1d,0.0045302617363631725
93,B,momentum,fx_level_z_252,-0.00011307961540296674
93,B,persist,kospi_return_1d,-0.013824009336531162
93,B,persist,fx_level_z_252,-0.0051065110601484776
93,B,underwater,kospi_return_1d,-0.00015239894855767488
93,B,underwater,fx_level_z_252,-0.03488503396511078
93,alpha,,kospi_return_1d,0.025793390348553658
93,alpha,,fx_level_z_252,0.036861352622509
94,beta,momentum,,-0.03360830619931221
94,beta,persist,,0.09595906734466553
94,beta,underwater,,0.022212738171219826
94,B,momentum,kospi_return_1d,0.00463758734986186
94,B,momentum,fx_level_z_252,-0.0001394413848174736
94,B,persist,kospi_return_1d,-0.014129661954939365
94,B,persist,fx_level_z_252,-0.005091484170407057
94,B,underwater,kospi_return_1d,-0.0005099907284602523
94,B,underwater,fx_level_z_252,-0.03479602187871933
94,alpha,,kospi_return_1d,0.025831766426563263
94,alpha,,fx_level_z_252,0.03691236302256584
95,beta,momentum,,-0.033584680408239365
95,beta,persist,,0.09639821201562881
95,beta,underwater,,0.022063063457608223
95,B,momentum,kospi_return_1d,0.004786287900060415
95,B,momentum,fx_level_z_252,-5.610027437796816e-05
95,B,persist,kospi_return_1d,-0.01455345842987299
95,B,persist,fx_level_z_252,-0.004940143320709467
95,B,underwater,kospi_return_1d,-0.0007432845304720104
95,B,underwater,fx_level_z_252,-0.03475843369960785
95,alpha,,kospi_return_1d,0.026102159172296524
95,alpha,,fx_level_z_252,0.03697596862912178
96,beta,momentum,,-0.03351697698235512
96,beta,persist,,0.09686329960823059
96,beta,underwater,,0.02197330817580223
96,B,momentum,kospi_return_1d,0.0049598319455981255
96,B,momentum,fx_level_z_252,-3.933972038794309e-05
96,B,persist,kospi_return_1d,-0.014826776459813118
96,B,persist,fx_level_z_252,-0.004803800489753485
96,B,underwater,kospi_return_1d,-0.0007805444183759391
96,B,underwater,fx_level_z_252,-0.03474607691168785
96,alpha,,kospi_return_1d,0.02638290449976921
96,alpha,,fx_level_z_252,0.037111151963472366
97,beta,momentum,,-0.0335533544421196
97,beta,persist,,0.09732464700937271
97,beta,underwater,,0.021924404427409172
97,B,momentum,kospi_return_1d,0.004924639128148556
97,B,momentum,fx_level_z_252,5.226417488302104e-05
97,B,persist,kospi_return_1d,-0.014887667261064053
97,B,persist,fx_level_z_252,-0.004779766779392958
97,B,underwater,kospi_return_1d,-0.0005780230858363211
97,B,underwater,fx_level_z_252,-0.03467164561152458
97,alpha,,kospi_return_1d,0.026685990393161774
97,alpha,,fx_level_z_252,0.03734709322452545
98,beta,momentum,,-0.0336080864071846
98,beta,persist,,0.09783945977687836
98,beta,underwater,,0.021929852664470673
98,B,momentum,kospi_return_1d,0.00479282857850194
98,B,momentum,fx_level_z_252,0.00016230357869062573
98,B,persist,kospi_return_1d,-0.014696450904011726
98,B,persist,fx_level_z_252,-0.004893173463642597
98,B,underwater,kospi_return_1d,-0.00023858124040998518
98,B,underwater,fx_level_z_252,-0.03458187356591225
98,alpha,,kospi_return_1d,0.02692379616200924
98,alpha,,fx_level_z_252,0.03754900023341179
99,beta,momentum,,-0.03364706039428711
99,beta,persist,,0.09830465167760849
99,beta,underwater,,0.02190319076180458
99,B,momentum,kospi_return_1d,0.004747083876281977
99,B,momentum,fx_level_z_252,0.00011496435035951436
99,B,persist,kospi_return_1d,-0.014432467520236969
99,B,persist,fx_level_z_252,-0.004989384673535824
99,B,underwater,kospi_return_1d,0.00017247814685106277
99,B,underwater,fx_level_z_252,-0.0344860665500164
99,alpha,,kospi_return_1d,0.02709442563354969
99,alpha,,fx_level_z_252,0.03768972307443619
100,beta,momentum,,-0.03367212787270546
100,beta,persist,,0.09875664860010147
100,beta,underwater,,0.02183019183576107
100,B,momentum,kospi_return_1d,0.0047123972326517105
100,B,momentum,fx_level_z_252,9.508244693279266e-05
100,B,persist,kospi_return_1d,-0.01408237125724554
100,B,persist,fx_level_z_252,-0.00505485525354743
100,B,underwater,kospi_return_1d,0.0005219071172177792
100,B,underwater,fx_level_z_252,-0.03448745980858803
100,alpha,,kospi_return_1d,0.027261346578598022
100,alpha,,fx_level_z_252,0.03772229701280594
101,beta,momentum,,-0.033609963953495026
101,beta,persist,,0.09922158718109131
101,beta,underwater,,0.021761957556009293
101,B,momentum,kospi_return_1d,0.004685660824179649
101,B,momentum,fx_level_z_252,-5.2714705816470087e-05
101,B,persist,kospi_return_1d,-0.013714729808270931
101,B,persist,fx_level_z_252,-0.005251429975032806
101,B,underwater,kospi_return_1d,0.0007870423141866922
101,B,underwater,fx_level_z_252,-0.03454958647489548
101,alpha,,kospi_return_1d,0.027474937960505486
101,alpha,,fx_level_z_252,0.03786338493227959
102,beta,momentum,,-0.033502720296382904
102,beta,persist,,0.09967818856239319
102,beta,underwater,,0.02168593369424343
102,B,momentum,kospi_return_1d,0.004672091919928789
102,B,momentum,fx_level_z_252,-9.501814929535612e-05
102,B,persist,kospi_return_1d,-0.013277371414005756
102,B,persist,fx_level_z_252,-0.005343851167708635
102,B,underwater,kospi_return_1d,0.0010870309779420495
102,B,underwater,fx_level_z_252,-0.034627243876457214
102,alpha,,kospi_return_1d,0.027716677635908127
102,alpha,,fx_level_z_252,0.037989143282175064
103,beta,momentum,,-0.033408597111701965
103,beta,persist,,0.1000995859503746
103,beta,underwater,,0.02169038914144039
103,B,momentum,kospi_return_1d,0.004730844870209694
103,B,momentum,fx_level_z_252,-0.0001514540344942361
103,B,persist,kospi_return_1d,-0.012963848188519478
103,B,persist,fx_level_z_252,-0.005550626199692488
103,B,underwater,kospi_return_1d,0.001097987755201757
103,B,underwater,fx_level_z_252,-0.03464636206626892
103,alpha,,kospi_return_1d,0.027954209595918655
103,alpha,,fx_level_z_252,0.03807505965232849
104,beta,momentum,,-0.03334465250372887
104,beta,persist,,0.10054203867912292
104,beta,underwater,,0.021830854937434196
104,B,momentum,kospi_return_1d,0.004888070281594992
104,B,momentum,fx_level_z_252,-0.00013721812865696847
104,B,persist,kospi_return_1d,-0.01282012090086937
104,B,persist,fx_level_z_252,-0.005790228024125099
104,B,underwater,kospi_return_1d,0.0009078662842512131
104,B,underwater,fx_level_z_252,-0.034573230892419815
104,alpha,,kospi_return_1d,0.02812771312892437
104,alpha,,fx_level_z_252,0.03830548748373985
105,beta,momentum,,-0.03326871246099472
105,beta,persist,,0.10093940794467926
105,beta,underwater,,0.021823188289999962
105,B,momentum,kospi_return_1d,0.005074420943856239
105,B,momentum,fx_level_z_252,0.00011967004684265703
105,B,persist,kospi_return_1d,-0.01262518111616373
105,B,persist,fx_level_z_252,-0.0060347095131874084
105,B,underwater,kospi_return_1d,0.0006763198180124164
105,B,underwater,fx_level_z_252,-0.034787409007549286
105,alpha,,kospi_return_1d,0.028336798772215843
105,alpha,,fx_level_z_252,0.038461290299892426
106,beta,momentum,,-0.03325430676341057
106,beta,persist,,0.10132672637701035
106,beta,underwater,,0.021766599267721176
106,B,momentum,kospi_return_1d,0.005130179692059755
106,B,momentum,fx_level_z_252,0.00021140191529411823
106,B,persist,kospi_return_1d,-0.012553450651466846
106,B,persist,fx_level_z_252,-0.006104303523898125
106,B,underwater,kospi_return_1d,0.00039469273178838193
106,B,underwater,fx_level_z_252,-0.034755636006593704
106,alpha,,kospi_return_1d,0.028379037976264954
106,alpha,,fx_level_z_252,0.03850877657532692
107,beta,momentum,,-0.033171169459819794
107,beta,persist,,0.1016266942024231
107,beta,underwater,,0.021531855687499046
107,B,momentum,kospi_return_1d,0.00507196644321084
107,B,momentum,fx_level_z_252,0.00018145093054044992
107,B,persist,kospi_return_1d,-0.012504066340625286
107,B,persist,fx_level_z_252,-0.005928876809775829
107,B,underwater,kospi_return_1d,0.0001602720149094239
107,B,underwater,fx_level_z_252,-0.03466273471713066
107,alpha,,kospi_return_1d,0.02853424660861492
107,alpha,,fx_level_z_252,0.038484297692775726
108,beta,momentum,,-0.03317532688379288
108,beta,persist,,0.10195998102426529
108,beta,underwater,,0.02132258005440235
108,B,momentum,kospi_return_1d,0.004795909859240055
108,B,momentum,fx_level_z_252,0.00010591781756374985
108,B,persist,kospi_return_1d,-0.012143530882894993
108,B,persist,fx_level_z_252,-0.005904694553464651
108,B,underwater,kospi_return_1d,4.461917342268862e-05
108,B,underwater,fx_level_z_252,-0.03463269770145416
108,alpha,,kospi_return_1d,0.02865445986390114
108,alpha,,fx_level_z_252,0.03855361044406891
109,beta,momentum,,-0.033177874982357025
109,beta,persist,,0.10223634541034698
109,beta,underwater,,0.02113725244998932
109,B,momentum,kospi_return_1d,0.0044989134185016155
109,B,momentum,fx_level_z_252,3.473929245956242e-05
109,B,persist,kospi_return_1d,-0.011700681410729885
109,B,persist,fx_level_z_252,-0.0058442652225494385
109,B,underwater,kospi_return_1d,5.6102653616108e-06
109,B,underwater,fx_level_z_252,-0.034664515405893326
109,alpha,,kospi_return_1d,0.02877180464565754
109,alpha,,fx_level_z_252,0.03851315751671791
110,beta,momentum,,-0.03313900902867317
110,beta,persist,,0.10248133540153503
110,beta,underwater,,0.02095550298690796
110,B,momentum,kospi_return_1d,0.00413636164739728
110,B,momentum,fx_level_z_252,-9.27043438423425e-05
110,B,persist,kospi_return_1d,-0.01132848858833313
110,B,persist,fx_level_z_252,-0.005834902171045542
110,B,underwater,kospi_return_1d,-0.00012574988068081439
110,B,underwater,fx_level_z_252,-0.03462779521942139
110,alpha,,kospi_return_1d,0.02884766273200512
110,alpha,,fx_level_z_252,0.03839395195245743
111,beta,momentum,,-0.033163078129291534
111,beta,persist,,0.10270866006612778
111,beta,underwater,,0.020790353417396545
111,B,momentum,kospi_return_1d,0.003841069294139743
111,B,momentum,fx_level_z_252,-8.959132537711412e-05
111,B,persist,kospi_return_1d,-0.011065497994422913
111,B,persist,fx_level_z_252,-0.005757176782935858
111,B,underwater,kospi_return_1d,-2.9178159820730798e-05
111,B,underwater,fx_level_z_252,-0.034584131091833115
111,alpha,,kospi_return_1d,0.02890068292617798
111,alpha,,fx_level_z_252,0.038225457072257996
112,beta,momentum,,-0.03322673961520195
112,beta,persist,,0.10293599218130112
112,beta,underwater,,0.02064867876470089
112,B,momentum,kospi_return_1d,0.003746988484635949
112,B,momentum,fx_level_z_252,-0.00012855062959715724
112,B,persist,kospi_return_1d,-0.01090727373957634
112,B,persist,fx_level_z_252,-0.005641684401780367
112,B,underwater,kospi_return_1d,-1.8802733393386006e-05
112,B,underwater,fx_level_z_252,-0.03448408469557762
112,alpha,,kospi_return_1d,0.029008736833930016
112,alpha,,fx_level_z_252,0.03807763382792473
113,beta,momentum,,-0.03328191116452217
113,beta,persist,,0.10322529822587967
113,beta,underwater,,0.0204203762114048
113,B,momentum,kospi_return_1d,0.0037379066925495863
113,B,momentum,fx_level_z_252,-8.003972470760345e-05
113,B,persist,kospi_return_1d,-0.010727789252996445
113,B,persist,fx_level_z_252,-0.005719550419598818
113,B,underwater,kospi_return_1d,0.00018317252397537231
113,B,underwater,fx_level_z_252,-0.03453060984611511
113,alpha,,kospi_return_1d,0.029116040095686913
113,alpha,,fx_level_z_252,0.03791280835866928
114,beta,momentum,,-0.03332114219665527
114,beta,persist,,0.10349218547344208
114,beta,underwater,,0.02025301195681095
114,B,momentum,kospi_return_1d,0.0038325306959450245
114,B,momentum,fx_level_z_252,-0.00011041328252758831
114,B,persist,kospi_return_1d,-0.01075145322829485
114,B,persist,fx_level_z_252,-0.005660902708768845
114,B,underwater,kospi_return_1d,4.251943028066307e-05
114,B,underwater,fx_level_z_252,-0.034566737711429596
114,alpha,,kospi_return_1d,0.029248598963022232
114,alpha,,fx_level_z_252,0.03782664239406586
115,beta,momentum,,-0.03337760269641876
115,beta,persist,,0.1037212684750557
115,beta,underwater,,0.020173072814941406
115,B,momentum,kospi_return_1d,0.004014150705188513
115,B,momentum,fx_level_z_252,-0.00019361668091733009
115,B,persist,kospi_return_1d,-0.010761329904198647
115,B,persist,fx_level_z_252,-0.00562784168869257
115,B,underwater,kospi_return_1d,-0.00013500481145456433
115,B,underwater,fx_level_z_252,-0.03443364053964615
115,alpha,,kospi_return_1d,0.02945234812796116
115,alpha,,fx_level_z_252,0.037672996520996094
116,beta,momentum,,-0.033343151211738586
116,beta,persist,,0.10391876101493835
116,beta,underwater,,0.01998184248805046
116,B,momentum,kospi_return_1d,0.004188843537122011
116,B,momentum,fx_level_z_252,-0.00021613943681586534
116,B,persist,kospi_return_1d,-0.01093270629644394
116,B,persist,fx_level_z_252,-0.005565909668803215
116,B,underwater,kospi_return_1d,-0.0002516140812076628
116,B,underwater,fx_level_z_252,-0.034346677362918854
116,alpha,,kospi_return_1d,0.029676971957087517
116,alpha,,fx_level_z_252,0.037428874522447586
117,beta,momentum,,-0.03331940993666649
117,beta,persist,,0.10405345261096954
117,beta,underwater,,0.019856028258800507
117,B,momentum,kospi_return_1d,0.004318812862038612
117,B,momentum,fx_level_z_252,-0.00019044555665459484
117,B,persist,kospi_return_1d,-0.011138558387756348
117,B,persist,fx_level_z_252,-0.005366175435483456
117,B,underwater,kospi_return_1d,-0.00036480286507867277
117,B,underwater,fx_level_z_252,-0.03410597890615463
117,alpha,,kospi_return_1d,0.02990439161658287
117,alpha,,fx_level_z_252,0.03723419830203056
118,beta,momentum,,-0.033320505172014236
118,beta,persist,,0.10426318645477295
118,beta,underwater,,0.019791696220636368
118,B,momentum,kospi_return_1d,0.004651074297726154
118,B,momentum,fx_level_z_252,-0.00017963038408197463
118,B,persist,kospi_return_1d,-0.011592446826398373
118,B,persist,fx_level_z_252,-0.005137907341122627
118,B,underwater,kospi_return_1d,-0.00041778653394430876
118,B,underwater,fx_level_z_252,-0.03384719416499138
118,alpha,,kospi_return_1d,0.029923900961875916
118,alpha,,fx_level_z_252,0.03717740997672081
119,beta,momentum,,-0.033322058618068695
119,beta,persist,,0.10450083762407303
119,beta,underwater,,0.019679486751556396
119,B,momentum,kospi_return_1d,0.004709617700427771
119,B,momentum,fx_level_z_252,-6.642728840233758e-05
119,B,persist,kospi_return_1d,-0.011873490177094936
119,B,persist,fx_level_z_252,-0.005098325200378895
119,B,underwater,kospi_return_1d,-0.00027527252677828074
119,B,underwater,fx_level_z_252,-0.033583253622055054
119,alpha,,kospi_return_1d,0.02994679845869541
119,alpha,,fx_level_z_252,0.03711048141121864
120,beta,momentum,,-0.03317791968584061
120,beta,persist,,0.10468100011348724
120,beta,underwater,,0.01957841031253338
120,B,momentum,kospi_return_1d,0.004792211577296257
120,B,momentum,fx_level_z_252,4.891861681244336e-05
120,B,persist,kospi_return_1d,-0.01212219800800085
120,B,persist,fx_level_z_252,-0.00497399689629674
120,B,underwater,kospi_return_1d,-3.318308154121041e-05
120,B,underwater,fx_level_z_252,-0.033331889659166336
120,alpha,,kospi_return_1d,0.030074601992964745
120,alpha,,fx_level_z_252,0.037087224423885345
121,beta,momentum,,-0.033029161393642426
121,beta,persist,,0.10482492297887802
121,beta,underwater,,0.019499775022268295
121,B,momentum,kospi_return_1d,0.00481320871040225
121,B,momentum,fx_level_z_252,8.95368866622448e-05
121,B,persist,kospi_return_1d,-0.012323558330535889
121,B,persist,fx_level_z_252,-0.004859249573200941
121,B,underwater,kospi_return_1d,0.00031415297416970134
121,B,underwater,fx_level_z_252,-0.033151183277368546
121,alpha,,kospi_return_1d,0.03026423044502735
121,alpha,,fx_level_z_252,0.03708067908883095
122,beta,momentum,,-0.032910965383052826
122,beta,persist,,0.10489879548549652
122,beta,underwater,,0.019392838701605797
122,B,momentum,kospi_return_1d,0.004780139774084091
122,B,momentum,fx_level_z_252,0.00019585258269216865
122,B,persist,kospi_return_1d,-0.012645664624869823
122,B,persist,fx_level_z_252,-0.0048381309024989605
122,B,underwater,kospi_return_1d,0.0005750578129664063
122,B,underwater,fx_level_z_252,-0.03312143310904503
122,alpha,,kospi_return_1d,0.030603189021348953
122,alpha,,fx_level_z_252,0.0370626300573349
123,beta,momentum,,-0.032777510583400726
123,beta,persist,,0.10497899353504181
123,beta,underwater,,0.019241103902459145
123,B,momentum,kospi_return_1d,0.004646611399948597
123,B,momentum,fx_level_z_252,0.00023378059267997742
123,B,persist,kospi_return_1d,-0.012988860718905926
123,B,persist,fx_level_z_252,-0.004772405605763197
123,B,underwater,kospi_return_1d,0.0007484012749046087
123,B,underwater,fx_level_z_252,-0.03322196006774902
123,alpha,,kospi_return_1d,0.03101138025522232
123,alpha,,fx_level_z_252,0.03707477077841759
124,beta,momentum,,-0.03273405134677887
124,beta,persist,,0.1051115021109581
124,beta,underwater,,0.019107885658740997
124,B,momentum,kospi_return_1d,0.004573480691760778
124,B,momentum,fx_level_z_252,0.00027851740014739335
124,B,persist,kospi_return_1d,-0.013255315832793713
124,B,persist,fx_level_z_252,-0.004775542765855789
124,B,underwater,kospi_return_1d,0.0007770743686705828
124,B,underwater,fx_level_z_252,-0.03337373584508896
124,alpha,,kospi_return_1d,0.031345877796411514
124,alpha,,fx_level_z_252,0.03705471009016037
125,beta,momentum,,-0.03280360996723175
125,beta,persist,,0.10525089502334595
125,beta,underwater,,0.019085943698883057
125,B,momentum,kospi_return_1d,0.0042745452374219894
125,B,momentum,fx_level_z_252,0.00023366014647763222
125,B,persist,kospi_return_1d,-0.013431691564619541
125,B,persist,fx_level_z_252,-0.004776909481734037
125,B,underwater,kospi_return_1d,0.0007058149785734713
125,B,underwater,fx_level_z_252,-0.033411506563425064
125,alpha,,kospi_return_1d,0.03169810399413109
125,alpha,,fx_level_z_252,0.03703465685248375
126,beta,momentum,,-0.03279995173215866
126,beta,persist,,0.10542751103639603
126,beta,underwater,,0.018936676904559135
126,B,momentum,kospi_return_1d,0.0039740391075611115
126,B,momentum,fx_level_z_252,0.00014621525770053267
126,B,persist,kospi_return_1d,-0.013587303459644318
126,B,persist,fx_level_z_252,-0.004787035286426544
126,B,underwater,kospi_return_1d,0.0007243783329613507
126,B,underwater,fx_level_z_252,-0.0335809625685215
126,alpha,,kospi_return_1d,0.031820524483919144
126,alpha,,fx_level_z_252,0.03693554177880287
127,beta,momentum,,-0.03283430635929108
127,beta,persist,,0.10567086189985275
127,beta,underwater,,0.01880757324397564
127,B,momentum,kospi_return_1d,0.0035692325327545404
127,B,momentum,fx_level_z_252,0.00016590919403824955
127,B,persist,kospi_return_1d,-0.013639342971146107
127,B,persist,fx_level_z_252,-0.0048813167959451675
127,B,underwater,kospi_return_1d,0.0008025382412597537
127,B,underwater,fx_level_z_252,-0.033828046172857285
127,alpha,,kospi_return_1d,0.03182469680905342
127,alpha,,fx_level_z_252,0.03682056441903114
128,beta,momentum,,-0.03279055655002594
128,beta,persist,,0.1058821752667427
128,beta,underwater,,0.018601853400468826
128,B,momentum,kospi_return_1d,0.003556804498657584
128,B,momentum,fx_level_z_252,0.00014637174899689853
128,B,persist,kospi_return_1d,-0.013817260041832924
128,B,persist,fx_level_z_252,-0.004959064070135355
128,B,underwater,kospi_return_1d,0.0006882675224915147
128,B,underwater,fx_level_z_252,-0.03404336795210838
128,alpha,,kospi_return_1d,0.031874898821115494
128,alpha,,fx_level_z_252,0.036670658737421036
129,beta,momentum,,-0.032825663685798645
129,beta,persist,,0.10611934959888458
129,beta,underwater,,0.01841128244996071
129,B,momentum,kospi_return_1d,0.003568570828065276
129,B,momentum,fx_level_z_252,0.00013950302673038095
129,B,persist,kospi_return_1d,-0.013695154339075089
129,B,persist,fx_level_z_252,-0.005102863069623709
129,B,underwater,kospi_return_1d,0.00041391837294213474
129,B,underwater,fx_level_z_252,-0.03430229425430298
129,alpha,,kospi_return_1d,0.03182367607951164
129,alpha,,fx_level_z_252,0.03667749837040901
130,beta,momentum,,-0.03287136182188988
130,beta,persist,,0.10636455565690994
130,beta,underwater,,0.018337510526180267
130,B,momentum,kospi_return_1d,0.0036507071927189827
130,B,momentum,fx_level_z_252,-2.649076486704871e-05
130,B,persist,kospi_return_1d,-0.013680858537554741
130,B,persist,fx_level_z_252,-0.005108089651912451
130,B,underwater,kospi_return_1d,-0.00013363936159294099
130,B,underwater,fx_level_z_252,-0.034423500299453735
130,alpha,,kospi_return_1d,0.031722307205200195
130,alpha,,fx_level_z_252,0.03673652559518814
131,beta,momentum,,-0.032922666519880295
131,beta,persist,,0.1065903902053833
131,beta,underwater,,0.01826844923198223
131,B,momentum,kospi_return_1d,0.003761180443689227
131,B,momentum,fx_level_z_252,-0.0002555139653850347
131,B,persist,kospi_return_1d,-0.013866506516933441
131,B,persist,fx_level_z_252,-0.0049769082106649876
131,B,underwater,kospi_return_1d,-0.0006917457794770598
131,B,underwater,fx_level_z_252,-0.03429488465189934
131,alpha,,kospi_return_1d,0.03160073980689049
131,alpha,,fx_level_z_252,0.03672676905989647
132,beta,momentum,,-0.03295522183179855
132,beta,persist,,0.10676494985818863
132,beta,underwater,,0.018360383808612823
132,B,momentum,kospi_return_1d,0.003950606100261211
132,B,momentum,fx_level_z_252,-0.0005232885014265776
132,B,persist,kospi_return_1d,-0.01401944924145937
132,B,persist,fx_level_z_252,-0.004799217917025089
132,B,underwater,kospi_return_1d,-0.0011329579865559936
132,B,underwater,fx_level_z_252,-0.034013114869594574
132,alpha,,kospi_return_1d,0.03148913383483887
132,alpha,,fx_level_z_252,0.03671926632523537
133,beta,momentum,,-0.03294101729989052
133,beta,persist,,0.107028529047966
133,beta,underwater,,0.01846781000494957
133,B,momentum,kospi_return_1d,0.0041552321054041386
133,B,momentum,fx_level_z_252,-0.0007782403845340014
133,B,persist,kospi_return_1d,-0.014227185398340225
133,B,persist,fx_level_z_252,-0.004582004621624947
133,B,underwater,kospi_return_1d,-0.001343612209893763
133,B,underwater,fx_level_z_252,-0.033728957176208496
133,alpha,,kospi_return_1d,0.031121917068958282
133,alpha,,fx_level_z_252,0.036724481731653214
134,beta,momentum,,-0.03296445310115814
134,beta,persist,,0.1072668582201004
134,beta,underwater,,0.01861295849084854
134,B,momentum,kospi_return_1d,0.004217826295644045
134,B,momentum,fx_level_z_252,-0.0008718366734683514
134,B,persist,kospi_return_1d,-0.014237085357308388
134,B,persist,fx_level_z_252,-0.0044066281989216805
134,B,underwater,kospi_return_1d,-0.001410951605066657
134,B,underwater,fx_level_z_252,-0.03366808965802193
134,alpha,,kospi_return_1d,0.03088647685945034
134,alpha,,fx_level_z_252,0.036770932376384735
135,beta,momentum,,-0.032954707741737366
135,beta,persist,,0.10751461237668991
135,beta,underwater,,0.01864921674132347
135,B,momentum,kospi_return_1d,0.00419971439987421
135,B,momentum,fx_level_z_252,-0.0008164854370988905
135,B,persist,kospi_return_1d,-0.01429806835949421
135,B,persist,fx_level_z_252,-0.004233435727655888
135,B,underwater,kospi_return_1d,-0.0011881513055413961
135,B,underwater,fx_level_z_252,-0.033761873841285706
135,alpha,,kospi_return_1d,0.03063589707016945
135,alpha,,fx_level_z_252,0.03677097335457802
136,beta,momentum,,-0.03285057470202446
136,beta,persist,,0.10767318308353424
136,beta,underwater,,0.01858065091073513
136,B,momentum,kospi_return_1d,0.004198760259896517
136,B,momentum,fx_level_z_252,-0.0007639083196409047
136,B,persist,kospi_return_1d,-0.014219149947166443
136,B,persist,fx_level_z_252,-0.004178751725703478
136,B,underwater,kospi_return_1d,-0.0008521303534507751
136,B,underwater,fx_level_z_252,-0.03392086923122406
136,alpha,,kospi_return_1d,0.030583415180444717
136,alpha,,fx_level_z_252,0.03684789687395096
137,beta,momentum,,-0.032714515924453735
137,beta,persist,,0.1078384667634964
137,beta,underwater,,0.018528642132878304
137,B,momentum,kospi_return_1d,0.0042179240845143795
137,B,momentum,fx_level_z_252,-0.0005044482531957328
137,B,persist,kospi_return_1d,-0.013994080945849419
137,B,persist,fx_level_z_252,-0.004380656871944666
137,B,underwater,kospi_return_1d,-0.0004055894387420267
137,B,underwater,fx_level_z_252,-0.03426574170589447
137,alpha,,kospi_return_1d,0.030635785311460495
137,alpha,,fx_level_z_252,0.03697894141077995
138,beta,momentum,,-0.03262200579047203
138,beta,persist,,0.1079665943980217
138,beta,underwater,,0.018441252410411835
138,B,momentum,kospi_return_1d,0.004118283279240131
138,B,momentum,fx_level_z_252,-8.962492574937642e-05
138,B,persist,kospi_return_1d,-0.013566884212195873
138,B,persist,fx_level_z_252,-0.004641127306967974
138,B,underwater,kospi_return_1d,0.00015353388153016567
138,B,underwater,fx_level_z_252,-0.03463370352983475
138,alpha,,kospi_return_1d,0.03072396107017994
138,alpha,,fx_level_z_252,0.03708091750741005
139,beta,momentum,,-0.03250632435083389
139,beta,persist,,0.10801670700311661
139,beta,underwater,,0.018348567187786102
139,B,momentum,kospi_return_1d,0.004092537797987461
139,B,momentum,fx_level_z_252,0.0003385484451428056
139,B,persist,kospi_return_1d,-0.013234038837254047
139,B,persist,fx_level_z_252,-0.00486909132450819
139,B,underwater,kospi_return_1d,0.00046570831909775734
139,B,underwater,fx_level_z_252,-0.03499644249677658
139,alpha,,kospi_return_1d,0.03090684674680233
139,alpha,,fx_level_z_252,0.03719468414783478
140,beta,momentum,,-0.0324631966650486
140,beta,persist,,0.10803932696580887
140,beta,underwater,,0.018240414559841156
140,B,momentum,kospi_return_1d,0.0038717160932719707
140,B,momentum,fx_level_z_252,0.0005881739198230207
140,B,persist,kospi_return_1d,-0.012897367589175701
140,B,persist,fx_level_z_252,-0.004978452809154987
140,B,underwater,kospi_return_1d,0.00069307821104303
140,B,underwater,fx_level_z_252,-0.03515414148569107
140,alpha,,kospi_return_1d,0.031156620010733604
140,alpha,,fx_level_z_252,0.03720621392130852
141,beta,momentum,,-0.03247266635298729
141,beta,persist,,0.10810729116201401
141,beta,underwater,,0.018194951117038727
141,B,momentum,kospi_return_1d,0.0037124217487871647
141,B,momentum,fx_level_z_252,0.0005787731497548521
141,B,persist,kospi_return_1d,-0.012698592618107796
141,B,persist,fx_level_z_252,-0.004982268437743187
141,B,underwater,kospi_return_1d,0.0008348656701855361
141,B,underwater,fx_level_z_252,-0.03517952561378479
141,alpha,,kospi_return_1d,0.031144624575972557
141,alpha,,fx_level_z_252,0.037124212831258774
142,beta,momentum,,-0.03243119269609451
142,beta,persist,,0.10815643519163132
142,beta,underwater,,0.01818913221359253
142,B,momentum,kospi_return_1d,0.0036159739829599857
142,B,momentum,fx_level_z_252,0.0003946772194467485
142,B,persist,kospi_return_1d,-0.01260041631758213
142,B,persist,fx_level_z_252,-0.004961822647601366
142,B,underwater,kospi_return_1d,0.0006687124259769917
142,B,underwater,fx_level_z_252,-0.03515017777681351
142,alpha,,kospi_return_1d,0.03100874461233616
142,alpha,,fx_level_z_252,0.03700172156095505
143,beta,momentum,,-0.03230860084295273
143,beta,persist,,0.10821044445037842
143,beta,underwater,,0.018150921911001205
143,B,momentum,kospi_return_1d,0.0036384067498147488
143,B,momentum,fx_level_z_252,-6.39642239548266e-05
143,B,persist,kospi_return_1d,-0.012644032947719097
143,B,persist,fx_level_z_252,-0.004651825409382582
143,B,underwater,kospi_return_1d,0.00045782970846630633
143,B,underwater,fx_level_z_252,-0.03493478149175644
143,alpha,,kospi_return_1d,0.030859945341944695
143,alpha,,fx_level_z_252,0.03686095401644707
144,beta,momentum,,-0.032023005187511444
144,beta,persist,,0.10821016132831573
144,beta,underwater,,0.017977945506572723
144,B,momentum,kospi_return_1d,0.0037391309160739183
144,B,momentum,fx_level_z_252,-0.0004405183717608452
144,B,persist,kospi_return_1d,-0.012873589061200619
144,B,persist,fx_level_z_252,-0.004449318628758192
144,B,underwater,kospi_return_1d,0.00020127883180975914
144,B,underwater,fx_level_z_252,-0.03487949073314667
144,alpha,,kospi_return_1d,0.0308239609003067
144,alpha,,fx_level_z_252,0.036656979471445084
145,beta,momentum,,-0.03175896406173706
145,beta,persist,,0.10821298509836197
145,beta,underwater,,0.017850076779723167
145,B,momentum,kospi_return_1d,0.0037797782570123672
145,B,momentum,fx_level_z_252,-0.0006064478657208383
145,B,persist,kospi_return_1d,-0.013034353964030743
145,B,persist,fx_level_z_252,-0.004267750773578882
145,B,underwater,kospi_return_1d,3.0250419513322413e-05
145,B,underwater,fx_level_z_252,-0.03495900705456734
145,alpha,,kospi_return_1d,0.03081045113503933
145,alpha,,fx_level_z_252,0.036411162465810776
146,beta,momentum,,-0.03144390136003494
146,beta,persist,,0.10821778327226639
146,beta,underwater,,0.017658647149801254
146,B,momentum,kospi_return_1d,0.0037505205255001783
146,B,momentum,fx_level_z_252,-0.0006504826014861465
146,B,persist,kospi_return_1d,-0.013246881775557995
146,B,persist,fx_level_z_252,-0.004129694774746895
146,B,underwater,kospi_return_1d,-0.00012041698209941387
146,B,underwater,fx_level_z_252,-0.03502534702420235
146,alpha,,kospi_return_1d,0.030961254611611366
146,alpha,,fx_level_z_252,0.036104366183280945
147,beta,momentum,,-0.03126627951860428
147,beta,persist,,0.10826878994703293
147,beta,underwater,,0.017560986801981926
147,B,momentum,kospi_return_1d,0.00393820321187377
147,B,momentum,fx_level_z_252,-0.000608879083301872
147,B,persist,kospi_return_1d,-0.013292175717651844
147,B,persist,fx_level_z_252,-0.004151602275669575
147,B,underwater,kospi_return_1d,-5.973671795800328e-05
147,B,underwater,fx_level_z_252,-0.03505748510360718
147,alpha,,kospi_return_1d,0.03109125606715679
147,alpha,,fx_level_z_252,0.03594573959708214
148,beta,momentum,,-0.03114459291100502
148,beta,persist,,0.10834364593029022
148,beta,underwater,,0.017540564760565758
148,B,momentum,kospi_return_1d,0.004064573906362057
148,B,momentum,fx_level_z_252,-0.0005402271053753793
148,B,persist,kospi_return_1d,-0.013381552882492542
148,B,persist,fx_level_z_252,-0.004236719571053982
148,B,underwater,kospi_return_1d,0.00014906038995832205
148,B,underwater,fx_level_z_252,-0.03487487882375717
148,alpha,,kospi_return_1d,0.031123843044042587
148,alpha,,fx_level_z_252,0.03578866645693779
149,beta,momentum,,-0.031100299209356308
149,beta,persist,,0.10847052186727524
149,beta,underwater,,0.0176107008010149
149,B,momentum,kospi_return_1d,0.004223706666380167
149,B,momentum,fx_level_z_252,-0.0005345852114260197
149,B,persist,kospi_return_1d,-0.013591642491519451
149,B,persist,fx_level_z_252,-0.0042654527351260185
149,B,underwater,kospi_return_1d,1.5207719116006047e-05
149,B,underwater,fx_level_z_252,-0.03448965400457382
149,alpha,,kospi_return_1d,0.031123099848628044
149,alpha,,fx_level_z_252,0.03566056117415428
150,beta,momentum,,-0.031132174655795097
150,beta,persist,,0.10860861837863922
150,beta,underwater,,0.017694605514407158
150,B,momentum,kospi_return_1d,0.004443828947842121
150,B,momentum,fx_level_z_252,-0.00043509522220119834
150,B,persist,kospi_return_1d,-0.013898130506277084
150,B,persist,fx_level_z_252,-0.00442698085680604
150,B,underwater,kospi_return_1d,-0.00019252466154284775
150,B,underwater,fx_level_z_252,-0.03416089713573456
150,alpha,,kospi_return_1d,0.03107260912656784
150,alpha,,fx_level_z_252,0.0356162004172802
151,beta,momentum,,-0.03111143410205841
151,beta,persist,,0.10865895450115204
151,beta,underwater,,0.01775979995727539
151,B,momentum,kospi_return_1d,0.004625970032066107
151,B,momentum,fx_level_z_252,-0.00048558131675235927
151,B,persist,kospi_return_1d,-0.013999520801007748
151,B,persist,fx_level_z_252,-0.004372924100607634
151,B,underwater,kospi_return_1d,-0.00024773526820354164
151,B,underwater,fx_level_z_252,-0.03374803438782692
151,alpha,,kospi_return_1d,0.03118419274687767
151,alpha,,fx_level_z_252,0.035532791167497635
152,beta,momentum,,-0.031045494601130486
152,beta,persist,,0.10872160643339157
152,beta,underwater,,0.017847811803221703
152,B,momentum,kospi_return_1d,0.0045708720572292805
152,B,momentum,fx_level_z_252,-0.0004905835376121104
152,B,persist,kospi_return_1d,-0.014012693427503109
152,B,persist,fx_level_z_252,-0.004386689979583025
152,B,underwater,kospi_return_1d,-0.00018065744370687753
152,B,underwater,fx_level_z_252,-0.0334182046353817
152,alpha,,kospi_return_1d,0.0312355849891901
152,alpha,,fx_level_z_252,0.0353693850338459
153,beta,momentum,,-0.03091195784509182
153,beta,persist,,0.10879432410001755
153,beta,underwater,,0.017897019162774086
153,B,momentum,kospi_return_1d,0.004466806538403034
153,B,momentum,fx_level_z_252,-0.00047448219265788794
153,B,persist,kospi_return_1d,-0.014244780875742435
153,B,persist,fx_level_z_252,-0.0043328129686415195
153,B,underwater,kospi_return_1d,-0.00015630549751222134
153,B,underwater,fx_level_z_252,-0.03313426300883293
153,alpha,,kospi_return_1d,0.03126300871372223
153,alpha,,fx_level_z_252,0.03522259742021561
154,beta,momentum,,-0.030785366892814636
154,beta,persist,,0.10886839032173157
154,beta,underwater,,0.017964038997888565
154,B,momentum,kospi_return_1d,0.004439906682819128
154,B,momentum,fx_level_z_252,-0.00022794748656451702
154,B,persist,kospi_return_1d,-0.014483146369457245
154,B,persist,fx_level_z_252,-0.0042762174271047115
154,B,underwater,kospi_return_1d,-1.8413393263472244e-05
154,B,underwater,fx_level_z_252,-0.033000651746988297
154,alpha,,kospi_return_1d,0.031269706785678864
154,alpha,,fx_level_z_252,0.03509807586669922
155,beta,momentum,,-0.030762474983930588
155,beta,persist,,0.10896117985248566
155,beta,underwater,,0.017983298748731613
155,B,momentum,kospi_return_1d,0.004326262511312962
155,B,momentum,fx_level_z_252,0.00023978289391379803
155,B,persist,kospi_return_1d,-0.014586981385946274
155,B,persist,fx_level_z_252,-0.004423519596457481
155,B,underwater,kospi_return_1d,7.842383638489991e-05
155,B,underwater,fx_level_z_252,-0.03305859863758087
155,alpha,,kospi_return_1d,0.031267955899238586
155,alpha,,fx_level_z_252,0.03512435406446457
156,beta,momentum,,-0.030690563842654228
156,beta,persist,,0.10906603932380676
156,beta,underwater,,0.01807289756834507
156,B,momentum,kospi_return_1d,0.0043188645504415035
156,B,momentum,fx_level_z_252,0.00048763008089736104
156,B,persist,kospi_return_1d,-0.014708168804645538
156,B,persist,fx_level_z_252,-0.00447950791567564
156,B,underwater,kospi_return_1d,-3.973272214352619e-06
156,B,underwater,fx_level_z_252,-0.03301035985350609
156,alpha,,kospi_return_1d,0.031116915866732597
156,alpha,,fx_level_z_252,0.03514610975980759
157,beta,momentum,,-0.03061898797750473
157,beta,persist,,0.10920114815235138
157,beta,underwater,,0.01828874833881855
157,B,momentum,kospi_return_1d,0.004408509936183691
157,B,momentum,fx_level_z_252,0.0006699332152493298
157,B,persist,kospi_return_1d,-0.014803833328187466
157,B,persist,fx_level_z_252,-0.004510100930929184
157,B,underwater,kospi_return_1d,-1.3642493286170065e-05
157,B,underwater,fx_level_z_252,-0.03296088054776192
157,alpha,,kospi_return_1d,0.030915196985006332
157,alpha,,fx_level_z_252,0.0352422259747982
158,beta,momentum,,-0.03048749454319477
158,beta,persist,,0.1092708557844162
158,beta,underwater,,0.018460707738995552
158,B,momentum,kospi_return_1d,0.004620714113116264
158,B,momentum,fx_level_z_252,0.0006883525056764483
158,B,persist,kospi_return_1d,-0.01505399588495493
158,B,persist,fx_level_z_252,-0.0043481518514454365
158,B,underwater,kospi_return_1d,-0.00029493082547560334
158,B,underwater,fx_level_z_252,-0.03287237882614136
158,alpha,,kospi_return_1d,0.030827270820736885
158,alpha,,fx_level_z_252,0.03534381836652756
159,beta,momentum,,-0.030330171808600426
159,beta,persist,,0.10938453674316406
159,beta,underwater,,0.018609359860420227
159,B,momentum,kospi_return_1d,0.004653710871934891
159,B,momentum,fx_level_z_252,0.0006385967135429382
159,B,persist,kospi_return_1d,-0.015167889185249805
159,B,persist,fx_level_z_252,-0.004296576138585806
159,B,underwater,kospi_return_1d,-0.0004212108615320176
159,B,underwater,fx_level_z_252,-0.03273458778858185
159,alpha,,kospi_return_1d,0.03091360442340374
159,alpha,,fx_level_z_252,0.03542173653841019
160,beta,momentum,,-0.030185889452695847
160,beta,persist,,0.10945424437522888
160,beta,underwater,,0.01871538907289505
160,B,momentum,kospi_return_1d,0.0046355463564395905
160,B,momentum,fx_level_z_252,0.0005256854346953332
160,B,persist,kospi_return_1d,-0.015116463415324688
160,B,persist,fx_level_z_252,-0.0043144794180989265
160,B,underwater,kospi_return_1d,-0.00029054901096969843
160,B,underwater,fx_level_z_252,-0.032771382480859756
160,alpha,,kospi_return_1d,0.03118250146508217
160,alpha,,fx_level_z_252,0.035588327795267105
161,beta,momentum,,-0.030115973204374313
161,beta,persist,,0.1095576211810112
161,beta,underwater,,0.018810193985700607
161,B,momentum,kospi_return_1d,0.0047993846237659454
161,B,momentum,fx_level_z_252,0.00032400747295469046
161,B,persist,kospi_return_1d,-0.015199187211692333
161,B,persist,fx_level_z_252,-0.004235273227095604
161,B,underwater,kospi_return_1d,-0.00019700506527442485
161,B,underwater,fx_level_z_252,-0.03274095058441162
161,alpha,,kospi_return_1d,0.03138190507888794
161,alpha,,fx_level_z_252,0.035735733807086945
162,beta,momentum,,-0.030048388987779617
162,beta,persist,,0.10970812290906906
162,beta,underwater,,0.018901051953434944
162,B,momentum,kospi_return_1d,0.004782479722052813
162,B,momentum,fx_level_z_252,0.00017596645921003073
162,B,persist,kospi_return_1d,-0.015165036544203758
162,B,persist,fx_level_z_252,-0.004262963309884071
162,B,underwater,kospi_return_1d,-1.9053593860007823e-05
162,B,underwater,fx_level_z_252,-0.03277668356895447
162,alpha,,kospi_return_1d,0.03145827725529671
162,alpha,,fx_level_z_252,0.03581942990422249
163,beta,momentum,,-0.03003833442926407
163,beta,persist,,0.1098933294415474
163,beta,underwater,,0.01894708164036274
163,B,momentum,kospi_return_1d,0.004851817153394222
163,B,momentum,fx_level_z_252,-6.482499884441495e-06
163,B,persist,kospi_return_1d,-0.015166733413934708
163,B,persist,fx_level_z_252,-0.004342928063124418
163,B,underwater,kospi_return_1d,0.00012021434667985886
163,B,underwater,fx_level_z_252,-0.0326903834939003
163,alpha,,kospi_return_1d,0.03153424710035324
163,alpha,,fx_level_z_252,0.03582760691642761
164,beta,momentum,,-0.029928263276815414
164,beta,persist,,0.1099773496389389
164,beta,underwater,,0.018925867974758148
164,B,momentum,kospi_return_1d,0.004910048563033342
164,B,momentum,fx_level_z_252,-0.00022318269475363195
164,B,persist,kospi_return_1d,-0.015216282568871975
164,B,persist,fx_level_z_252,-0.004437753930687904
164,B,underwater,kospi_return_1d,0.00010438414756208658
164,B,underwater,fx_level_z_252,-0.03260931372642517
164,alpha,,kospi_return_1d,0.03176942840218544
164,alpha,,fx_level_z_252,0.0357808917760849
165,beta,momentum,,-0.029878461733460426
165,beta,persist,,0.11001572012901306
165,beta,underwater,,0.018859677016735077
165,B,momentum,kospi_return_1d,0.004790188744664192
165,B,momentum,fx_level_z_252,-0.000306710455333814
165,B,persist,kospi_return_1d,-0.015178634785115719
165,B,persist,fx_level_z_252,-0.004412821028381586
165,B,underwater,kospi_return_1d,5.564156890613958e-05
165,B,underwater,fx_level_z_252,-0.0325159877538681
165,alpha,,kospi_return_1d,0.03214188292622566
165,alpha,,fx_level_z_252,0.035804130136966705
166,beta,momentum,,-0.029742341488599777
166,beta,persist,,0.11002971231937408
166,beta,underwater,,0.018660983070731163
166,B,momentum,kospi_return_1d,0.004428828600794077
166,B,momentum,fx_level_z_252,-0.00029410645947791636
166,B,persist,kospi_return_1d,-0.014976183883845806
166,B,persist,fx_level_z_252,-0.004444662947207689
166,B,underwater,kospi_return_1d,7.33394845155999e-05
166,B,underwater,fx_level_z_252,-0.03263008967041969
166,alpha,,kospi_return_1d,0.032588958740234375
166,alpha,,fx_level_z_252,0.035796262323856354
167,beta,momentum,,-0.029703283682465553
167,beta,persist,,0.11013633757829666
167,beta,underwater,,0.018527571111917496
167,B,momentum,kospi_return_1d,0.003908365033566952
167,B,momentum,fx_level_z_252,-8.297921158373356e-05
167,B,persist,kospi_return_1d,-0.014689558185636997
167,B,persist,fx_level_z_252,-0.004658467601984739
167,B,underwater,kospi_return_1d,0.00019540759967640042
167,B,underwater,fx_level_z_252,-0.032858751714229584
167,alpha,,kospi_return_1d,0.03278970718383789
167,alpha,,fx_level_z_252,0.035878121852874756
168,beta,momentum,,-0.02962222881615162
168,beta,persist,,0.11018478125333786
168,beta,underwater,,0.01840759813785553
168,B,momentum,kospi_return_1d,0.003545206505805254
168,B,momentum,fx_level_z_252,0.00028595764888450503
168,B,persist,kospi_return_1d,-0.014331605285406113
168,B,persist,fx_level_z_252,-0.00493483105674386
168,B,underwater,kospi_return_1d,9.009616769617423e-05
168,B,underwater,fx_level_z_252,-0.033186499029397964
168,alpha,,kospi_return_1d,0.03287025913596153
168,alpha,,fx_level_z_252,0.03587036579847336
169,beta,momentum,,-0.029493242502212524
169,beta,persist,,0.11022675782442093
169,beta,underwater,,0.018187301233410835
169,B,momentum,kospi_return_1d,0.003147791139781475
169,B,momentum,fx_level_z_252,0.000557931256480515
169,B,persist,kospi_return_1d,-0.014080576598644257
169,B,persist,fx_level_z_252,-0.005170656368136406
169,B,underwater,kospi_return_1d,1.3231943739810959e-05
169,B,underwater,fx_level_z_252,-0.03349611163139343
169,alpha,,kospi_return_1d,0.03288119658827782
169,alpha,,fx_level_z_252,0.035784319043159485
170,beta,momentum,,-0.029378509148955345
170,beta,persist,,0.1102776750922203
170,beta,underwater,,0.01807868480682373
170,B,momentum,kospi_return_1d,0.0028947547543793917
170,B,momentum,fx_level_z_252,0.0006123381899669766
170,B,persist,kospi_return_1d,-0.013975191861391068
170,B,persist,fx_level_z_252,-0.00529897166416049
170,B,underwater,kospi_return_1d,-0.0001417244493495673
170,B,underwater,fx_level_z_252,-0.033661097288131714
170,alpha,,kospi_return_1d,0.032896947115659714
170,alpha,,fx_level_z_252,0.035713162273168564
171,beta,momentum,,-0.0293845534324646
171,beta,persist,,0.11037226021289825
171,beta,underwater,,0.017979325726628304
171,B,momentum,kospi_return_1d,0.0028542682994157076
171,B,momentum,fx_level_z_252,0.0005345582030713558
171,B,persist,kospi_return_1d,-0.013999640010297298
171,B,persist,fx_level_z_252,-0.0052999225445091724
171,B,underwater,kospi_return_1d,-0.00021243809896986932
171,B,underwater,fx_level_z_252,-0.03364977240562439
171,alpha,,kospi_return_1d,0.03265675529837608
171,alpha,,fx_level_z_252,0.035657528787851334
172,beta,momentum,,-0.029391411691904068
172,beta,persist,,0.11045606434345245
172,beta,underwater,,0.017950186505913734
172,B,momentum,kospi_return_1d,0.002927546389400959
172,B,momentum,fx_level_z_252,0.00045870328904129565
172,B,persist,kospi_return_1d,-0.014021617360413074
172,B,persist,fx_level_z_252,-0.0052789198234677315
172,B,underwater,kospi_return_1d,-0.00028883403865620494
172,B,underwater,fx_level_z_252,-0.03360781818628311
172,alpha,,kospi_return_1d,0.032459188252687454
172,alpha,,fx_level_z_252,0.03566086292266846
173,beta,momentum,,-0.029411833733320236
173,beta,persist,,0.11049629747867584
173,beta,underwater,,0.017850078642368317
173,B,momentum,kospi_return_1d,0.0029188375920057297
173,B,momentum,fx_level_z_252,0.0002522696740925312
173,B,persist,kospi_return_1d,-0.014054312370717525
173,B,persist,fx_level_z_252,-0.005298334173858166
173,B,underwater,kospi_return_1d,-0.00034028186928480864
173,B,underwater,fx_level_z_252,-0.03375598043203354
173,alpha,,kospi_return_1d,0.032376695424318314
173,alpha,,fx_level_z_252,0.0358051098883152
174,beta,momentum,,-0.02944200485944748
174,beta,persist,,0.11052977293729782
174,beta,underwater,,0.01782161369919777
174,B,momentum,kospi_return_1d,0.003160143503919244
174,B,momentum,fx_level_z_252,-7.835317228455096e-05
174,B,persist,kospi_return_1d,-0.013897988013923168
174,B,persist,fx_level_z_252,-0.005038372706621885
174,B,underwater,kospi_return_1d,-0.00041878322372213006
174,B,underwater,fx_level_z_252,-0.03381001949310303
174,alpha,,kospi_return_1d,0.03242987394332886
174,alpha,,fx_level_z_252,0.03608300909399986
175,beta,momentum,,-0.029533088207244873
175,beta,persist,,0.11060941219329834
175,beta,underwater,,0.017896292731165886
175,B,momentum,kospi_return_1d,0.0032978972885757685
175,B,momentum,fx_level_z_252,-0.00025088671827688813
175,B,persist,kospi_return_1d,-0.013750466518104076
175,B,persist,fx_level_z_252,-0.004839336033910513
175,B,underwater,kospi_return_1d,-0.00036434276262298226
175,B,underwater,fx_level_z_252,-0.03385218232870102
175,alpha,,kospi_return_1d,0.03225931525230408
175,alpha,,fx_level_z_252,0.03627540171146393
176,beta,momentum,,-0.029717307537794113
176,beta,persist,,0.11074009537696838
176,beta,underwater,,0.018068410456180573
176,B,momentum,kospi_return_1d,0.003445505863055587
176,B,momentum,fx_level_z_252,-0.0003423504822421819
176,B,persist,kospi_return_1d,-0.013611562550067902
176,B,persist,fx_level_z_252,-0.004563727416098118
176,B,underwater,kospi_return_1d,-0.0002724363002926111
176,B,underwater,fx_level_z_252,-0.03384609892964363
176,alpha,,kospi_return_1d,0.03201655298471451
176,alpha,,fx_level_z_252,0.03651082143187523
177,beta,momentum,,-0.029871083796024323
177,beta,persist,,0.11083496361970901
177,beta,underwater,,0.018135100603103638
177,B,momentum,kospi_return_1d,0.0036416337825357914
177,B,momentum,fx_level_z_252,-0.00035193984513171017
177,B,persist,kospi_return_1d,-0.013590991497039795
177,B,persist,fx_level_z_252,-0.004341936204582453
177,B,underwater,kospi_return_1d,-0.00015025754692032933
177,B,underwater,fx_level_z_252,-0.033875614404678345
177,alpha,,kospi_return_1d,0.031965017318725586
177,alpha,,fx_level_z_252,0.03665948286652565
178,beta,momentum,,-0.03001118078827858
178,beta,persist,,0.11092953383922577
178,beta,underwater,,0.01827283948659897
178,B,momentum,kospi_return_1d,0.003743198234587908
178,B,momentum,fx_level_z_252,-0.0003330740728415549
178,B,persist,kospi_return_1d,-0.01360148936510086
178,B,persist,fx_level_z_252,-0.004249658901244402
178,B,underwater,kospi_return_1d,1.7816391846281476e-05
178,B,underwater,fx_level_z_252,-0.03375359997153282
178,alpha,,kospi_return_1d,0.03196205571293831
178,alpha,,fx_level_z_252,0.03677435964345932
179,beta,momentum,,-0.030160102993249893
179,beta,persist,,0.11105112731456757
179,beta,underwater,,0.018447887152433395
179,B,momentum,kospi_return_1d,0.0041457307524979115
179,B,momentum,fx_level_z_252,-0.00036634664866141975
179,B,persist,kospi_return_1d,-0.013856068253517151
179,B,persist,fx_level_z_252,-0.004091915208846331
179,B,underwater,kospi_return_1d,-6.136130832601339e-05
179,B,underwater,fx_level_z_252,-0.033510081470012665
179,alpha,,kospi_return_1d,0.031936440616846085
179,alpha,,fx_level_z_252,0.036858007311820984
180,beta,momentum,,-0.030249645933508873
180,beta,persist,,0.11111853271722794
180,beta,underwater,,0.018550444394350052
180,B,momentum,kospi_return_1d,0.004495349247008562
180,B,momentum,fx_level_z_252,-0.00020311934349592775
180,B,persist,kospi_return_1d,-0.0139621552079916
180,B,persist,fx_level_z_252,-0.0040854522958397865
180,B,underwater,kospi_return_1d,0.00016642136324662715
180,B,underwater,fx_level_z_252,-0.03338004648685455
180,alpha,,kospi_return_1d,0.03194734826683998
180,alpha,,fx_level_z_252,0.03679371997714043
181,beta,momentum,,-0.030294988304376602
181,beta,persist,,0.11115637421607971
181,beta,underwater,,0.018472852185368538
181,B,momentum,kospi_return_1d,0.004662624094635248
181,B,momentum,fx_level_z_252,0.0002004384878091514
181,B,persist,kospi_return_1d,-0.01410839706659317
181,B,persist,fx_level_z_252,-0.004196918569505215
181,B,underwater,kospi_return_1d,0.00043254464981146157
181,B,underwater,fx_level_z_252,-0.033443961292505264
181,alpha,,kospi_return_1d,0.032050058245658875
181,alpha,,fx_level_z_252,0.036614272743463516
182,beta,momentum,,-0.030298523604869843
182,beta,persist,,0.11119993776082993
182,beta,underwater,,0.018200945109128952
182,B,momentum,kospi_return_1d,0.004505408927798271
182,B,momentum,fx_level_z_252,0.0006494044209830463
182,B,persist,kospi_return_1d,-0.014221986755728722
182,B,persist,fx_level_z_252,-0.004334812983870506
182,B,underwater,kospi_return_1d,0.0006729746237397194
182,B,underwater,fx_level_z_252,-0.033713098615407944
182,alpha,,kospi_return_1d,0.03211551532149315
182,alpha,,fx_level_z_252,0.03634851425886154
183,beta,momentum,,-0.030311154201626778
183,beta,persist,,0.11128830164670944
183,beta,underwater,,0.018071874976158142
183,B,momentum,kospi_return_1d,0.004297234117984772
183,B,momentum,fx_level_z_252,0.0007748910575173795
183,B,persist,kospi_return_1d,-0.014332166872918606
183,B,persist,fx_level_z_252,-0.004494242835789919
183,B,underwater,kospi_return_1d,0.0007273063529282808
183,B,underwater,fx_level_z_252,-0.03378728777170181
183,alpha,,kospi_return_1d,0.032017819583415985
183,alpha,,fx_level_z_252,0.036065343767404556
184,beta,momentum,,-0.030276192352175713
184,beta,persist,,0.11137545853853226
184,beta,underwater,,0.0179916862398386
184,B,momentum,kospi_return_1d,0.004298265092074871
184,B,momentum,fx_level_z_252,0.0007353988476097584
184,B,persist,kospi_return_1d,-0.014588496647775173
184,B,persist,fx_level_z_252,-0.004546764772385359
184,B,underwater,kospi_return_1d,0.0004525800468400121
184,B,underwater,fx_level_z_252,-0.033857252448797226
184,alpha,,kospi_return_1d,0.03204647824168205
184,alpha,,fx_level_z_252,0.0358785018324852
185,beta,momentum,,-0.030338970944285393
185,beta,persist,,0.11147231608629227
185,beta,underwater,,0.018018102273344994
185,B,momentum,kospi_return_1d,0.004258135799318552
185,B,momentum,fx_level_z_252,0.0006785301957279444
185,B,persist,kospi_return_1d,-0.014650313183665276
185,B,persist,fx_level_z_252,-0.004625278990715742
185,B,underwater,kospi_return_1d,2.837649662978947e-05
185,B,underwater,fx_level_z_252,-0.03381869196891785
185,alpha,,kospi_return_1d,0.032018907368183136
185,alpha,,fx_level_z_252,0.03581487387418747
186,beta,momentum,,-0.030344564467668533
186,beta,persist,,0.11153639107942581
186,beta,underwater,,0.018026696518063545
186,B,momentum,kospi_return_1d,0.004138472490012646
186,B,momentum,fx_level_z_252,0.0005123562295921147
186,B,persist,kospi_return_1d,-0.014628189615905285
186,B,persist,fx_level_z_252,-0.004704013466835022
186,B,underwater,kospi_return_1d,-0.0002653117408044636
186,B,underwater,fx_level_z_252,-0.033768754452466965
186,alpha,,kospi_return_1d,0.0319393016397953
186,alpha,,fx_level_z_252,0.035828471183776855
187,beta,momentum,,-0.030340783298015594
187,beta,persist,,0.11162886768579483
187,beta,underwater,,0.01806124486029148
187,B,momentum,kospi_return_1d,0.0039765057153999805
187,B,momentum,fx_level_z_252,0.00023511795734521002
187,B,persist,kospi_return_1d,-0.014459092170000076
187,B,persist,fx_level_z_252,-0.004822549410164356
187,B,underwater,kospi_return_1d,-0.00037212471943348646
187,B,underwater,fx_level_z_252,-0.03362118452787399
187,alpha,,kospi_return_1d,0.03197190910577774
187,alpha,,fx_level_z_252,0.035851288586854935
188,beta,momentum,,-0.03024083375930786
188,beta,persist,,0.11164450645446777
188,beta,underwater,,0.01801464706659317
188,B,momentum,kospi_return_1d,0.003923822659999132
188,B,momentum,fx_level_z_252,-0.00025790167273953557
188,B,persist,kospi_return_1d,-0.014243653044104576
188,B,persist,fx_level_z_252,-0.0048843384720385075
188,B,underwater,kospi_return_1d,-0.00029032249585725367
188,B,underwater,fx_level_z_252,-0.033478960394859314
188,alpha,,kospi_return_1d,0.032194457948207855
188,alpha,,fx_level_z_252,0.03577760234475136
189,beta,momentum,,-0.030145756900310516
189,beta,persist,,0.11162348836660385
189,beta,underwater,,0.018002880737185478
189,B,momentum,kospi_return_1d,0.0039030814077705145
189,B,momentum,fx_level_z_252,-0.0006554528954438865
189,B,persist,kospi_return_1d,-0.014138173311948776
189,B,persist,fx_level_z_252,-0.004912090487778187
189,B,underwater,kospi_return_1d,-0.00031151348957791924
189,B,underwater,fx_level_z_252,-0.033192433416843414
189,alpha,,kospi_return_1d,0.03261330723762512
189,alpha,,fx_level_z_252,0.035677775740623474
190,beta,momentum,,-0.030019130557775497
190,beta,persist,,0.11154655367136002
190,beta,underwater,,0.017933014780282974
190,B,momentum,kospi_return_1d,0.004033030942082405
190,B,momentum,fx_level_z_252,-0.0010005692020058632
190,B,persist,kospi_return_1d,-0.014116652309894562
190,B,persist,fx_level_z_252,-0.004918023012578487
190,B,underwater,kospi_return_1d,-0.00022579802316613495
190,B,underwater,fx_level_z_252,-0.03289087116718292
190,alpha,,kospi_return_1d,0.03299762308597565
190,alpha,,fx_level_z_252,0.03553556278347969
191,beta,momentum,,-0.029954085126519203
191,beta,persist,,0.11149635910987854
191,beta,underwater,,0.017913049086928368
191,B,momentum,kospi_return_1d,0.004154200199991465
191,B,momentum,fx_level_z_252,-0.0012164582731202245
191,B,persist,kospi_return_1d,-0.014014890417456627
191,B,persist,fx_level_z_252,-0.0050446088425815105
191,B,underwater,kospi_return_1d,-9.147186938207597e-05
191,B,underwater,fx_level_z_252,-0.03258980065584183
191,alpha,,kospi_return_1d,0.03320155292749405
191,alpha,,fx_level_z_252,0.035364486277103424
192,beta,momentum,,-0.029984597116708755
192,beta,persist,,0.11145447194576263
192,beta,underwater,,0.017994064837694168
192,B,momentum,kospi_return_1d,0.004381158854812384
192,B,momentum,fx_level_z_252,-0.0011739875189960003
192,B,persist,kospi_return_1d,-0.014147922396659851
192,B,persist,fx_level_z_252,-0.005304023157805204
192,B,underwater,kospi_return_1d,1.463521402911283e-05
192,B,underwater,fx_level_z_252,-0.03252970427274704
192,alpha,,kospi_return_1d,0.03337928280234337
192,alpha,,fx_level_z_252,0.03522500395774841
193,beta,momentum,,-0.029900355264544487
193,beta,persist,,0.1113048866391182
193,beta,underwater,,0.018004300072789192
193,B,momentum,kospi_return_1d,0.0045781610533595085
193,B,momentum,fx_level_z_252,-0.0008562888251617551
193,B,persist,kospi_return_1d,-0.014213081449270248
193,B,persist,fx_level_z_252,-0.0055658845230937
193,B,underwater,kospi_return_1d,4.892019205726683e-05
193,B,underwater,fx_level_z_252,-0.03266765922307968
193,alpha,,kospi_return_1d,0.033667612820863724
193,alpha,,fx_level_z_252,0.03505696356296539
194,beta,momentum,,-0.029824983328580856
194,beta,persist,,0.11118229478597641
194,beta,underwater,,0.01792743429541588
194,B,momentum,kospi_return_1d,0.00452242000028491
194,B,momentum,fx_level_z_252,-0.0005509030888788402
194,B,persist,kospi_return_1d,-0.013995330780744553
194,B,persist,fx_level_z_252,-0.00574673293158412
194,B,underwater,kospi_return_1d,0.00023971125483512878
194,B,underwater,fx_level_z_252,-0.03267790377140045
194,alpha,,kospi_return_1d,0.03382182493805885
194,alpha,,fx_level_z_252,0.03479432687163353
195,beta,momentum,,-0.029756898060441017
195,beta,persist,,0.11103541404008865
195,beta,underwater,,0.017796430736780167
195,B,momentum,kospi_return_1d,0.0044563948176801205
195,B,momentum,fx_level_z_252,-0.00018062579329125583
195,B,persist,kospi_return_1d,-0.013829462230205536
195,B,persist,fx_level_z_252,-0.0059126862324774265
195,B,underwater,kospi_return_1d,0.0002872805926017463
195,B,underwater,fx_level_z_252,-0.03273743391036987
195,alpha,,kospi_return_1d,0.03403310477733612
195,alpha,,fx_level_z_252,0.03455343469977379
196,beta,momentum,,-0.029790295287966728
196,beta,persist,,0.11089041829109192
196,beta,underwater,,0.017635498195886612
196,B,momentum,kospi_return_1d,0.004526977427303791
196,B,momentum,fx_level_z_252,0.0003353973152115941
196,B,persist,kospi_return_1d,-0.01391577534377575
196,B,persist,fx_level_z_252,-0.006045025773346424
196,B,underwater,kospi_return_1d,6.167845276650041e-05
196,B,underwater,fx_level_z_252,-0.032938696444034576
196,alpha,,kospi_return_1d,0.03440254554152489
196,alpha,,fx_level_z_252,0.0343778096139431
197,beta,momentum,,-0.02979055792093277
197,beta,persist,,0.11076446622610092
197,beta,underwater,,0.017522934824228287
197,B,momentum,kospi_return_1d,0.004533409606665373
197,B,momentum,fx_level_z_252,0.0006391570786945522
197,B,persist,kospi_return_1d,-0.0140555864199996
197,B,persist,fx_level_z_252,-0.006035948172211647
197,B,underwater,kospi_return_1d,-0.00032767586526460946
197,B,underwater,fx_level_z_252,-0.03302454948425293
197,alpha,,kospi_return_1d,0.03475359454751015
197,alpha,,fx_level_z_252,0.03434751182794571
198,beta,momentum,,-0.030015399679541588
198,beta,persist,,0.11080197244882584
198,beta,underwater,,0.017441626638174057
198,B,momentum,kospi_return_1d,0.004344937391579151
198,B,momentum,fx_level_z_252,0.0010418295860290527
198,B,persist,kospi_return_1d,-0.014050820842385292
198,B,persist,fx_level_z_252,-0.006262521259486675
198,B,underwater,kospi_return_1d,-0.0005040226969867945
198,B,underwater,fx_level_z_252,-0.0333370603621006
198,alpha,,kospi_return_1d,0.034773748368024826
198,alpha,,fx_level_z_252,0.03435170277953148
199,beta,momentum,,-0.030221709981560707
199,beta,persist,,0.11085525900125504
199,beta,underwater,,0.017498143017292023
199,B,momentum,kospi_return_1d,0.004171667154878378
199,B,momentum,fx_level_z_252,0.0011501980479806662
199,B,persist,kospi_return_1d,-0.014125451445579529
199,B,persist,fx_level_z_252,-0.006469285115599632
199,B,underwater,kospi_return_1d,-0.0006936325808055699
199,B,underwater,fx_level_z_252,-0.033511683344841
199,alpha,,kospi_return_1d,0.03494542837142944
199,alpha,,fx_level_z_252,0.03450896590948105
200,beta,momentum,,-0.030434589833021164
200,beta,persist,,0.11097288131713867
200,beta,underwater,,0.01752045750617981
200,B,momentum,kospi_return_1d,0.003866959363222122
200,B,momentum,fx_level_z_252,0.0011065902654081583
200,B,persist,kospi_return_1d,-0.014122952707111835
200,B,persist,fx_level_z_252,-0.006647324189543724
200,B,underwater,kospi_return_1d,-0.0007962490781210363
200,B,underwater,fx_level_z_252,-0.033492229878902435
200,alpha,,kospi_return_1d,0.034893035888671875
200,alpha,,fx_level_z_252,0.03471432253718376
201,beta,momentum,,-0.03077276609838009
201,beta,persist,,0.11109715700149536
201,beta,underwater,,0.017647959291934967
201,B,momentum,kospi_return_1d,0.003551729256287217
201,B,momentum,fx_level_z_252,0.0009593360009603202
201,B,persist,kospi_return_1d,-0.01402305718511343
201,B,persist,fx_level_z_252,-0.006632615812122822
201,B,underwater,kospi_return_1d,-0.0008341178181581199
201,B,underwater,fx_level_z_252,-0.033352501690387726
201,alpha,,kospi_return_1d,0.03484450280666351
201,alpha,,fx_level_z_252,0.034886255860328674
202,beta,momentum,,-0.0311297457665205
202,beta,persist,,0.11126405000686646
202,beta,underwater,,0.017949702218174934
202,B,momentum,kospi_return_1d,0.0033775607589632273
202,B,momentum,fx_level_z_252,0.0006121772457845509
202,B,persist,kospi_return_1d,-0.013952142558991909
202,B,persist,fx_level_z_252,-0.006320201326161623
202,B,underwater,kospi_return_1d,-0.0008332468569278717
202,B,underwater,fx_level_z_252,-0.03299436718225479
202,alpha,,kospi_return_1d,0.03461684659123421
202,alpha,,fx_level_z_252,0.03498367220163345
203,beta,momentum,,-0.0314607210457325
203,beta,persist,,0.11132226884365082
203,beta,underwater,,0.018204646185040474
203,B,momentum,kospi_return_1d,0.0031521583441644907
203,B,momentum,fx_level_z_252,8.735385199543089e-05
203,B,persist,kospi_return_1d,-0.013956415466964245
203,B,persist,fx_level_z_252,-0.005847824737429619
203,B,underwater,kospi_return_1d,-0.00071503542130813
203,B,underwater,fx_level_z_252,-0.03248155117034912
203,alpha,,kospi_return_1d,0.034530751407146454
203,alpha,,fx_level_z_252,0.03504310920834541
204,beta,momentum,,-0.031668227165937424
204,beta,persist,,0.11130766570568085
204,beta,underwater,,0.018420236185193062
204,B,momentum,kospi_return_1d,0.003208678215742111
204,B,momentum,fx_level_z_252,-0.0002880454994738102
204,B,persist,kospi_return_1d,-0.014237144961953163
204,B,persist,fx_level_z_252,-0.0053086536936461926
204,B,underwater,kospi_return_1d,-0.0006131890113465488
204,B,underwater,fx_level_z_252,-0.03207769989967346
204,alpha,,kospi_return_1d,0.03448525443673134
204,alpha,,fx_level_z_252,0.035025324672460556
205,beta,momentum,,-0.031826842576265335
205,beta,persist,,0.11122122406959534
205,beta,underwater,,0.018538586795330048
205,B,momentum,kospi_return_1d,0.003338485024869442
205,B,momentum,fx_level_z_252,-0.0005837117787450552
205,B,persist,kospi_return_1d,-0.01456882618367672
205,B,persist,fx_level_z_252,-0.004713204689323902
205,B,underwater,kospi_return_1d,-0.0004871898563578725
205,B,underwater,fx_level_z_252,-0.03174709528684616
205,alpha,,kospi_return_1d,0.0345584936439991
205,alpha,,fx_level_z_252,0.035011742264032364
206,beta,momentum,,-0.03190592676401138
206,beta,persist,,0.11114633828401566
206,beta,underwater,,0.01860564760863781
206,B,momentum,kospi_return_1d,0.003503615502268076
206,B,momentum,fx_level_z_252,-0.0007369243539869785
206,B,persist,kospi_return_1d,-0.01472950167953968
206,B,persist,fx_level_z_252,-0.004240159876644611
206,B,underwater,kospi_return_1d,-0.00038731208769604564
206,B,underwater,fx_level_z_252,-0.03136323019862175
206,alpha,,kospi_return_1d,0.03463255614042282
206,alpha,,fx_level_z_252,0.035038020461797714
207,beta,momentum,,-0.03192063048481941
207,beta,persist,,0.11109060049057007
207,beta,underwater,,0.018508778885006905
207,B,momentum,kospi_return_1d,0.0038491738960146904
207,B,momentum,fx_level_z_252,-0.0007213932112790644
207,B,persist,kospi_return_1d,-0.014795969240367413
207,B,persist,fx_level_z_252,-0.00403739046305418
207,B,underwater,kospi_return_1d,-0.00022681806876789778
207,B,underwater,fx_level_z_252,-0.03124074637889862
207,alpha,,kospi_return_1d,0.03474821522831917
207,alpha,,fx_level_z_252,0.035027191042900085
208,beta,momentum,,-0.03204617649316788
208,beta,persist,,0.11109648644924164
208,beta,underwater,,0.018387041985988617
208,B,momentum,kospi_return_1d,0.003924851771444082
208,B,momentum,fx_level_z_252,-0.0005477910744957626
208,B,persist,kospi_return_1d,-0.01485434640198946
208,B,persist,fx_level_z_252,-0.0039406148716807365
208,B,underwater,kospi_return_1d,0.00012848155165556818
208,B,underwater,fx_level_z_252,-0.031184272840619087
208,alpha,,kospi_return_1d,0.034723930060863495
208,alpha,,fx_level_z_252,0.03508894890546799
209,beta,momentum,,-0.03219893202185631
209,beta,persist,,0.11112222075462341
209,beta,underwater,,0.018340785056352615
209,B,momentum,kospi_return_1d,0.003991563338786364
209,B,momentum,fx_level_z_252,-0.0002607625210657716
209,B,persist,kospi_return_1d,-0.01499803364276886
209,B,persist,fx_level_z_252,-0.003909669816493988
209,B,underwater,kospi_return_1d,0.0003409177006687969
209,B,underwater,fx_level_z_252,-0.03121197782456875
209,alpha,,kospi_return_1d,0.03462595120072365
209,alpha,,fx_level_z_252,0.03508380427956581
210,beta,momentum,,-0.032380133867263794
210,beta,persist,,0.11120456457138062
210,beta,underwater,,0.018375534564256668
210,B,momentum,kospi_return_1d,0.004260665737092495
210,B,momentum,fx_level_z_252,9.675102774053812e-05
210,B,persist,kospi_return_1d,-0.01540746446698904
210,B,persist,fx_level_z_252,-0.0038757685106247663
210,B,underwater,kospi_return_1d,0.0003058960719499737
210,B,underwater,fx_level_z_252,-0.03130196034908295
210,alpha,,kospi_return_1d,0.03433745354413986
210,alpha,,fx_level_z_252,0.03500089421868324
211,beta,momentum,,-0.03261169418692589
211,beta,persist,,0.11134245246648788
211,beta,underwater,,0.018473345786333084
211,B,momentum,kospi_return_1d,0.004521368071436882
211,B,momentum,fx_level_z_252,0.00034963974030688405
211,B,persist,kospi_return_1d,-0.015848655253648758
211,B,persist,fx_level_z_252,-0.0038058399222791195
211,B,underwater,kospi_return_1d,9.175887680612504e-05
211,B,underwater,fx_level_z_252,-0.03126980736851692
211,alpha,,kospi_return_1d,0.03402440622448921
211,alpha,,fx_level_z_252,0.03498456999659538
212,beta,momentum,,-0.032703060656785965
212,beta,persist,,0.11147673428058624
212,beta,underwater,,0.01842317543923855
212,B,momentum,kospi_return_1d,0.004688594024628401
212,B,momentum,fx_level_z_252,0.0005525173037312925
212,B,persist,kospi_return_1d,-0.016218634322285652
212,B,persist,fx_level_z_252,-0.003875572234392166
212,B,underwater,kospi_return_1d,-3.485188790364191e-05
212,B,underwater,fx_level_z_252,-0.03132511302828789
212,alpha,,kospi_return_1d,0.033644020557403564
212,alpha,,fx_level_z_252,0.03494919463992119
213,beta,momentum,,-0.032694313675165176
213,beta,persist,,0.11159743368625641
213,beta,underwater,,0.018356844782829285
213,B,momentum,kospi_return_1d,0.004991686902940273
213,B,momentum,fx_level_z_252,0.0005993373924866319
213,B,persist,kospi_return_1d,-0.016440391540527344
213,B,persist,fx_level_z_252,-0.003856497583910823
213,B,underwater,kospi_return_1d,6.720543024130166e-05
213,B,underwater,fx_level_z_252,-0.031384047120809555
213,alpha,,kospi_return_1d,0.03330972045660019
213,alpha,,fx_level_z_252,0.034837692975997925
214,beta,momentum,,-0.032691340893507004
214,beta,persist,,0.11172225326299667
214,beta,underwater,,0.01826532557606697
214,B,momentum,kospi_return_1d,0.00514372531324625
214,B,momentum,fx_level_z_252,0.0006385715678334236
214,B,persist,kospi_return_1d,-0.016424430534243584
214,B,persist,fx_level_z_252,-0.003918809816241264
214,B,underwater,kospi_return_1d,0.0002816836640704423
214,B,underwater,fx_level_z_252,-0.031543172895908356
214,alpha,,kospi_return_1d,0.033112846314907074
214,alpha,,fx_level_z_252,0.034660398960113525
215,beta,momentum,,-0.03261640667915344
215,beta,persist,,0.11187537759542465
215,beta,underwater,,0.018127430230379105
215,B,momentum,kospi_return_1d,0.005326166749000549
215,B,momentum,fx_level_z_252,0.0006003956659696996
215,B,persist,kospi_return_1d,-0.016345391049981117
215,B,persist,fx_level_z_252,-0.004133481066673994
215,B,underwater,kospi_return_1d,0.0004461006901692599
215,B,underwater,fx_level_z_252,-0.03173423558473587
215,alpha,,kospi_return_1d,0.03306487947702408
215,alpha,,fx_level_z_252,0.0345223993062973
216,beta,momentum,,-0.03244153410196304
216,beta,persist,,0.11203797906637192
216,beta,underwater,,0.017947565764188766
216,B,momentum,kospi_return_1d,0.005307668820023537
216,B,momentum,fx_level_z_252,0.0005163428722880781
216,B,persist,kospi_return_1d,-0.01604762114584446
216,B,persist,fx_level_z_252,-0.004270993173122406
216,B,underwater,kospi_return_1d,0.0006178402109071612
216,B,underwater,fx_level_z_252,-0.03194382041692734
216,alpha,,kospi_return_1d,0.032944206148386
216,alpha,,fx_level_z_252,0.03442114591598511
217,beta,momentum,,-0.032370153814554214
217,beta,persist,,0.11226551234722137
217,beta,underwater,,0.017819499596953392
217,B,momentum,kospi_return_1d,0.004988476168364286
217,B,momentum,fx_level_z_252,0.00044792279368266463
217,B,persist,kospi_return_1d,-0.015813516452908516
217,B,persist,fx_level_z_252,-0.0044381762854754925
217,B,underwater,kospi_return_1d,0.0007425331859849393
217,B,underwater,fx_level_z_252,-0.03212786465883255
217,alpha,,kospi_return_1d,0.03276729956269264
217,alpha,,fx_level_z_252,0.03447986766695976
218,beta,momentum,,-0.032173093408346176
218,beta,persist,,0.1124061644077301
218,beta,underwater,,0.017580518499016762
218,B,momentum,kospi_return_1d,0.004785055294632912
218,B,momentum,fx_level_z_252,0.0004376622091513127
218,B,persist,kospi_return_1d,-0.015560268424451351
218,B,persist,fx_level_z_252,-0.004720599390566349
218,B,underwater,kospi_return_1d,0.0007259211270138621
218,B,underwater,fx_level_z_252,-0.03251159191131592
218,alpha,,kospi_return_1d,0.03276349604129791
218,alpha,,fx_level_z_252,0.034513141959905624
219,beta,momentum,,-0.03199828416109085
219,beta,persist,,0.11254900693893433
219,beta,underwater,,0.017384126782417297
219,B,momentum,kospi_return_1d,0.004516940098255873
219,B,momentum,fx_level_z_252,0.0003330890031065792
219,B,persist,kospi_return_1d,-0.015263416804373264
219,B,persist,fx_level_z_252,-0.005067725665867329
219,B,underwater,kospi_return_1d,0.000619078113231808
219,B,underwater,fx_level_z_252,-0.03297145292162895
219,alpha,,kospi_return_1d,0.03275543078780174
219,alpha,,fx_level_z_252,0.034572724252939224
220,beta,momentum,,-0.031782425940036774
220,beta,persist,,0.11263012886047363
220,beta,underwater,,0.01718570850789547
220,B,momentum,kospi_return_1d,0.004289319738745689
220,B,momentum,fx_level_z_252,-4.0058541344478726e-05
220,B,persist,kospi_return_1d,-0.015076619572937489
220,B,persist,fx_level_z_252,-0.005320636089891195
220,B,underwater,kospi_return_1d,0.0002606484340503812
220,B,underwater,fx_level_z_252,-0.033178094774484634
220,alpha,,kospi_return_1d,0.032704636454582214
220,alpha,,fx_level_z_252,0.03461981192231178
221,beta,momentum,,-0.03164733946323395
221,beta,persist,,0.11273811012506485
221,beta,underwater,,0.017140258103609085
221,B,momentum,kospi_return_1d,0.004251291509717703
221,B,momentum,fx_level_z_252,-0.0004132231115363538
221,B,persist,kospi_return_1d,-0.015028511174023151
221,B,persist,fx_level_z_252,-0.005420766305178404
221,B,underwater,kospi_return_1d,-0.00031340407440438867
221,B,underwater,fx_level_z_252,-0.03315287083387375
221,alpha,,kospi_return_1d,0.03259540721774101
221,alpha,,fx_level_z_252,0.03461972624063492
222,beta,momentum,,-0.03150699660181999
222,beta,persist,,0.11280737817287445
222,beta,underwater,,0.01710078865289688
222,B,momentum,kospi_return_1d,0.004303199239075184
222,B,momentum,fx_level_z_252,-0.0007178679807111621
222,B,persist,kospi_return_1d,-0.015104998834431171
222,B,persist,fx_level_z_252,-0.005440295208245516
222,B,underwater,kospi_return_1d,-0.0008683863561600447
222,B,underwater,fx_level_z_252,-0.032961633056402206
222,alpha,,kospi_return_1d,0.03252343088388443
222,alpha,,fx_level_z_252,0.03464577719569206
223,beta,momentum,,-0.03148670867085457
223,beta,persist,,0.11280597746372223
223,beta,underwater,,0.017084017395973206
223,B,momentum,kospi_return_1d,0.004179507493972778
223,B,momentum,fx_level_z_252,-0.0008394324104301631
223,B,persist,kospi_return_1d,-0.015038243494927883
223,B,persist,fx_level_z_252,-0.005377023946493864
223,B,underwater,kospi_return_1d,-0.0013222123961895704
223,B,underwater,fx_level_z_252,-0.03282400593161583
223,alpha,,kospi_return_1d,0.03263576701283455
223,alpha,,fx_level_z_252,0.034798722714185715
224,beta,momentum,,-0.031449105590581894
224,beta,persist,,0.11278052628040314
224,beta,underwater,,0.016973961144685745
224,B,momentum,kospi_return_1d,0.004168952815234661
224,B,momentum,fx_level_z_252,-0.0007992607424966991
224,B,persist,kospi_return_1d,-0.015006674453616142
224,B,persist,fx_level_z_252,-0.005293285474181175
224,B,underwater,kospi_return_1d,-0.0016032345592975616
224,B,underwater,fx_level_z_252,-0.0329328216612339
224,alpha,,kospi_return_1d,0.03272876515984535
224,alpha,,fx_level_z_252,0.03501527011394501
225,beta,momentum,,-0.03143627196550369
225,beta,persist,,0.11277130991220474
225,beta,underwater,,0.016951583325862885
225,B,momentum,kospi_return_1d,0.004117663484066725
225,B,momentum,fx_level_z_252,-0.0006937488215044141
225,B,persist,kospi_return_1d,-0.015030688606202602
225,B,persist,fx_level_z_252,-0.005201455671340227
225,B,underwater,kospi_return_1d,-0.0017246273346245289
225,B,underwater,fx_level_z_252,-0.0329321064054966
225,alpha,,kospi_return_1d,0.03277973458170891
225,alpha,,fx_level_z_252,0.035334762185811996
226,beta,momentum,,-0.031459979712963104
226,beta,persist,,0.11275401711463928
226,beta,underwater,,0.016921252012252808
226,B,momentum,kospi_return_1d,0.003956829663366079
226,B,momentum,fx_level_z_252,-0.0004830356047023088
226,B,persist,kospi_return_1d,-0.014885305427014828
226,B,persist,fx_level_z_252,-0.005277640651911497
226,B,underwater,kospi_return_1d,-0.0016096450854092836
226,B,underwater,fx_level_z_252,-0.03284241631627083
226,alpha,,kospi_return_1d,0.03304562345147133
226,alpha,,fx_level_z_252,0.03561766445636749
227,beta,momentum,,-0.03138907998800278
227,beta,persist,,0.11272193491458893
227,beta,underwater,,0.01679318957030773
227,B,momentum,kospi_return_1d,0.0039251442067325115
227,B,momentum,fx_level_z_252,-0.00026792200515046716
227,B,persist,kospi_return_1d,-0.014721640385687351
227,B,persist,fx_level_z_252,-0.005340563133358955
227,B,underwater,kospi_return_1d,-0.001430128701031208
227,B,underwater,fx_level_z_252,-0.03273928165435791
227,alpha,,kospi_return_1d,0.03319891542196274
227,alpha,,fx_level_z_252,0.035740021616220474
228,beta,momentum,,-0.03124057501554489
228,beta,persist,,0.11270124465227127
228,beta,underwater,,0.016676567494869232
228,B,momentum,kospi_return_1d,0.004001334775239229
228,B,momentum,fx_level_z_252,2.7264250093139708e-05
228,B,persist,kospi_return_1d,-0.014590799808502197
228,B,persist,fx_level_z_252,-0.005348122678697109
228,B,underwater,kospi_return_1d,-0.0011316308518871665
228,B,underwater,fx_level_z_252,-0.032724495977163315
228,alpha,,kospi_return_1d,0.033292293548583984
228,alpha,,fx_level_z_252,0.03593381866812706
229,beta,momentum,,-0.03104454092681408
229,beta,persist,,0.11273836344480515
229,beta,underwater,,0.01658564619719982
229,B,momentum,kospi_return_1d,0.004047643858939409
229,B,momentum,fx_level_z_252,0.00013417941227089614
229,B,persist,kospi_return_1d,-0.014536866918206215
229,B,persist,fx_level_z_252,-0.005346633493900299
229,B,underwater,kospi_return_1d,-0.0008319647749885917
229,B,underwater,fx_level_z_252,-0.03271811082959175
229,alpha,,kospi_return_1d,0.033381398767232895
229,alpha,,fx_level_z_252,0.03616953268647194
230,beta,momentum,,-0.0309881791472435
230,beta,persist,,0.11279907077550888
230,beta,underwater,,0.016501450911164284
230,B,momentum,kospi_return_1d,0.0040617454797029495
230,B,momentum,fx_level_z_252,0.0001445930392947048
230,B,persist,kospi_return_1d,-0.014395618811249733
230,B,persist,fx_level_z_252,-0.0054708379320800304
230,B,underwater,kospi_return_1d,-0.0005326032405719161
230,B,underwater,fx_level_z_252,-0.032732054591178894
230,alpha,,kospi_return_1d,0.0335465632379055
230,alpha,,fx_level_z_252,0.03651027753949165
231,beta,momentum,,-0.031030556187033653
231,beta,persist,,0.1129111722111702
231,beta,underwater,,0.016545047983527184
231,B,momentum,kospi_return_1d,0.003969750367105007
231,B,momentum,fx_level_z_252,-4.3661922973115e-05
231,B,persist,kospi_return_1d,-0.014252576977014542
231,B,persist,fx_level_z_252,-0.005685726180672646
231,B,underwater,kospi_return_1d,-7.58511305321008e-05
231,B,underwater,fx_level_z_252,-0.03263675421476364
231,alpha,,kospi_return_1d,0.03356217220425606
231,alpha,,fx_level_z_252,0.036840327084064484
232,beta,momentum,,-0.031093774363398552
232,beta,persist,,0.11299578845500946
232,beta,underwater,,0.016582146286964417
232,B,momentum,kospi_return_1d,0.0038247837219387293
232,B,momentum,fx_level_z_252,-0.00013852435222361237
232,B,persist,kospi_return_1d,-0.014187656342983246
232,B,persist,fx_level_z_252,-0.005880828946828842
232,B,underwater,kospi_return_1d,0.00032253097742795944
232,B,underwater,fx_level_z_252,-0.03260637819766998
232,alpha,,kospi_return_1d,0.03349786996841431
232,alpha,,fx_level_z_252,0.03707467019557953
233,beta,momentum,,-0.03117997571825981
233,beta,persist,,0.11307654529809952
233,beta,underwater,,0.016628405079245567
233,B,momentum,kospi_return_1d,0.0038238875567913055
233,B,momentum,fx_level_z_252,-0.0001166020447271876
233,B,persist,kospi_return_1d,-0.01422424241900444
233,B,persist,fx_level_z_252,-0.006043536588549614
233,B,underwater,kospi_return_1d,0.0004741654556710273
233,B,underwater,fx_level_z_252,-0.03257877752184868
233,alpha,,kospi_return_1d,0.03344348445534706
233,alpha,,fx_level_z_252,0.037347279489040375
234,beta,momentum,,-0.031231842935085297
234,beta,persist,,0.11309729516506195
234,beta,underwater,,0.01666855625808239
234,B,momentum,kospi_return_1d,0.00381913548335433
234,B,momentum,fx_level_z_252,-0.00013074370508547872
234,B,persist,kospi_return_1d,-0.014350256882607937
234,B,persist,fx_level_z_252,-0.0060475361533463
234,B,underwater,kospi_return_1d,0.00047255188110284507
234,B,underwater,fx_level_z_252,-0.03253397345542908
234,alpha,,kospi_return_1d,0.033495139330625534
234,alpha,,fx_level_z_252,0.03759496659040451
235,beta,momentum,,-0.03121934086084366
235,beta,persist,,0.11305264383554459
235,beta,underwater,,0.01671690307557583
235,B,momentum,kospi_return_1d,0.0038584384601563215
235,B,momentum,fx_level_z_252,-0.00015417019312735647
235,B,persist,kospi_return_1d,-0.01452439371496439
235,B,persist,fx_level_z_252,-0.005929477512836456
235,B,underwater,kospi_return_1d,0.0004437867901287973
235,B,underwater,fx_level_z_252,-0.032455287873744965
235,alpha,,kospi_return_1d,0.03356831893324852
235,alpha,,fx_level_z_252,0.03765842691063881
236,beta,momentum,,-0.030999846756458282
236,beta,persist,,0.11296609789133072
236,beta,underwater,,0.01667165383696556
236,B,momentum,kospi_return_1d,0.004020101856440306
236,B,momentum,fx_level_z_252,-0.0001738314313115552
236,B,persist,kospi_return_1d,-0.01470048725605011
236,B,persist,fx_level_z_252,-0.005756042432039976
236,B,underwater,kospi_return_1d,0.00021245416428428143
236,B,underwater,fx_level_z_252,-0.0323854498565197
236,alpha,,kospi_return_1d,0.03367508575320244
236,alpha,,fx_level_z_252,0.03766670823097229
237,beta,momentum,,-0.030807210132479668
237,beta,persist,,0.11289814114570618
237,beta,underwater,,0.01660376414656639
237,B,momentum,kospi_return_1d,0.004329860210418701
237,B,momentum,fx_level_z_252,2.1694817405659705e-05
237,B,persist,kospi_return_1d,-0.014798413962125778
237,B,persist,fx_level_z_252,-0.005870265420526266
237,B,underwater,kospi_return_1d,-4.43971948698163e-05
237,B,underwater,fx_level_z_252,-0.03250638768076897
237,alpha,,kospi_return_1d,0.03395356237888336
237,alpha,,fx_level_z_252,0.03764291852712631
238,beta,momentum,,-0.030694391578435898
238,beta,persist,,0.11283456534147263
238,beta,underwater,,0.01663494110107422
238,B,momentum,kospi_return_1d,0.004599517211318016
238,B,momentum,fx_level_z_252,0.0001971356978174299
238,B,persist,kospi_return_1d,-0.014750286936759949
238,B,persist,fx_level_z_252,-0.0060391779989004135
238,B,underwater,kospi_return_1d,-0.0002650403184816241
238,B,underwater,fx_level_z_252,-0.03264836594462395
238,alpha,,kospi_return_1d,0.03421207517385483
238,alpha,,fx_level_z_252,0.037593092769384384
239,beta,momentum,,-0.030556879937648773
239,beta,persist,,0.11288205534219742
239,beta,underwater,,0.016703294590115547
239,B,momentum,kospi_return_1d,0.004979813937097788
239,B,momentum,fx_level_z_252,0.0003301360993646085
239,B,persist,kospi_return_1d,-0.01481523085385561
239,B,persist,fx_level_z_252,-0.006398728117346764
239,B,underwater,kospi_return_1d,-0.00024282792583107948
239,B,underwater,fx_level_z_252,-0.03281359001994133
239,alpha,,kospi_return_1d,0.03427010402083397
239,alpha,,fx_level_z_252,0.03749815374612808
240,beta,momentum,,-0.030433841049671173
240,beta,persist,,0.11291015893220901
240,beta,underwater,,0.01680864579975605
240,B,momentum,kospi_return_1d,0.0054592289961874485
240,B,momentum,fx_level_z_252,0.00039429162279702723
240,B,persist,kospi_return_1d,-0.014933749102056026
240,B,persist,fx_level_z_252,-0.006700101308524609
240,B,underwater,kospi_return_1d,-0.00019224316929467022
240,B,underwater,fx_level_z_252,-0.033080294728279114
240,alpha,,kospi_return_1d,0.03447231650352478
240,alpha,,fx_level_z_252,0.0374361127614975
241,beta,momentum,,-0.030457347631454468
241,beta,persist,,0.11296501010656357
241,beta,underwater,,0.016959579661488533
241,B,momentum,kospi_return_1d,0.005811608862131834
241,B,momentum,fx_level_z_252,0.00048756759497337043
241,B,persist,kospi_return_1d,-0.015016213059425354
241,B,persist,fx_level_z_252,-0.007083844393491745
241,B,underwater,kospi_return_1d,-5.24782226420939e-05
241,B,underwater,fx_level_z_252,-0.033421590924263
241,alpha,,kospi_return_1d,0.03439190611243248
241,alpha,,fx_level_z_252,0.03740169107913971
242,beta,momentum,,-0.030577557161450386
242,beta,persist,,0.11303163319826126
242,beta,underwater,,0.01719292625784874
242,B,momentum,kospi_return_1d,0.006011466030031443
242,B,momentum,fx_level_z_252,0.00033743042149581015
242,B,persist,kospi_return_1d,-0.015056811273097992
242,B,persist,fx_level_z_252,-0.007349322084337473
242,B,underwater,kospi_return_1d,3.291584289399907e-05
242,B,underwater,fx_level_z_252,-0.03349369764328003
242,alpha,,kospi_return_1d,0.03431329503655434
242,alpha,,fx_level_z_252,0.037444937974214554
243,beta,momentum,,-0.030795173719525337
243,beta,persist,,0.11311954259872437
243,beta,underwater,,0.017430415377020836
243,B,momentum,kospi_return_1d,0.005875787232071161
243,B,momentum,fx_level_z_252,0.0001471654250053689
243,B,persist,kospi_return_1d,-0.014975998550653458
243,B,persist,fx_level_z_252,-0.0074810669757425785
243,B,underwater,kospi_return_1d,1.6789661458460614e-05
243,B,underwater,fx_level_z_252,-0.033431679010391235
243,alpha,,kospi_return_1d,0.03430746868252754
243,alpha,,fx_level_z_252,0.03740973398089409
244,beta,momentum,,-0.030914437025785446
244,beta,persist,,0.11317220330238342
244,beta,underwater,,0.017501244321465492
244,B,momentum,kospi_return_1d,0.00580575643107295
244,B,momentum,fx_level_z_252,-3.886701961164363e-05
244,B,persist,kospi_return_1d,-0.014706835150718689
244,B,persist,fx_level_z_252,-0.007628947030752897
244,B,underwater,kospi_return_1d,-1.5632027498213574e-05
244,B,underwater,fx_level_z_252,-0.033386871218681335
244,alpha,,kospi_return_1d,0.034299831837415695
244,alpha,,fx_level_z_252,0.03728710487484932
245,beta,momentum,,-0.030969977378845215
245,beta,persist,,0.11323217302560806
245,beta,underwater,,0.01754440739750862
245,B,momentum,kospi_return_1d,0.005731719080358744
245,B,momentum,fx_level_z_252,-9.892270463751629e-05
245,B,persist,kospi_return_1d,-0.014588468708097935
245,B,persist,fx_level_z_252,-0.007666870020329952
245,B,underwater,kospi_return_1d,-9.339165990240872e-05
245,B,underwater,fx_level_z_252,-0.03338063508272171
245,alpha,,kospi_return_1d,0.03420916199684143
245,alpha,,fx_level_z_252,0.037175826728343964
246,beta,momentum,,-0.031072288751602173
246,beta,persist,,0.11328188329935074
246,beta,underwater,,0.01765117608010769
246,B,momentum,kospi_return_1d,0.005653779022395611
246,B,momentum,fx_level_z_252,-0.00024114589905366302
246,B,persist,kospi_return_1d,-0.014391635544598103
246,B,persist,fx_level_z_252,-0.0076032038778066635
246,B,underwater,kospi_return_1d,-0.00012113756383769214
246,B,underwater,fx_level_z_252,-0.03330264240503311
246,alpha,,kospi_return_1d,0.034155331552028656
246,alpha,,fx_level_z_252,0.0372619554400444
247,beta,momentum,,-0.03114384040236473
247,beta,persist,,0.11333493888378143
247,beta,underwater,,0.017782118171453476
247,B,momentum,kospi_return_1d,0.005613307468593121
247,B,momentum,fx_level_z_252,-0.00036327922134660184
247,B,persist,kospi_return_1d,-0.014109132811427116
247,B,persist,fx_level_z_252,-0.007434943690896034
247,B,underwater,kospi_return_1d,4.233499203110114e-05
247,B,underwater,fx_level_z_252,-0.03308108076453209
247,alpha,,kospi_return_1d,0.03411489725112915
247,alpha,,fx_level_z_252,0.03731420636177063
248,beta,momentum,,-0.031132129952311516
248,beta,persist,,0.11333798617124557
248,beta,underwater,,0.017773734405636787
248,B,momentum,kospi_return_1d,0.005600618664175272
248,B,momentum,fx_level_z_252,-0.0004400219477247447
248,B,persist,kospi_return_1d,-0.013733245432376862
248,B,persist,fx_level_z_252,-0.007245766464620829
248,B,underwater,kospi_return_1d,0.00021163682686164975
248,B,underwater,fx_level_z_252,-0.032855648547410965
248,alpha,,kospi_return_1d,0.03425965458154678
248,alpha,,fx_level_z_252,0.03716808930039406
249,beta,momentum,,-0.030966293066740036
249,beta,persist,,0.11322011798620224
249,beta,underwater,,0.01770724169909954
249,B,momentum,kospi_return_1d,0.0058769285678863525
249,B,momentum,fx_level_z_252,-0.0005472864722833037
249,B,persist,kospi_return_1d,-0.013538801111280918
249,B,persist,fx_level_z_252,-0.006776105612516403
249,B,underwater,kospi_return_1d,4.0542217902839184e-05
249,B,underwater,fx_level_z_252,-0.03241002932190895
249,alpha,,kospi_return_1d,0.0344795286655426
249,alpha,,fx_level_z_252,0.03687949478626251
250,beta,momentum,,-0.0309256874024868
250,beta,persist,,0.11305177211761475
250,beta,underwater,,0.01758803240954876
250,B,momentum,kospi_return_1d,0.0058496431447565556
250,B,momentum,fx_level_z_252,-0.0005147138144820929
250,B,persist,kospi_return_1d,-0.013503752648830414
250,B,persist,fx_level_z_252,-0.006302915513515472
250,B,underwater,kospi_return_1d,-0.00020249499357305467
250,B,underwater,fx_level_z_252,-0.031992107629776
250,alpha,,kospi_return_1d,0.034694697707891464
250,alpha,,fx_level_z_252,0.03659382462501526
251,beta,momentum,,-0.030889909714460373
251,beta,persist,,0.1129915863275528
251,beta,underwater,,0.017512407153844833
251,B,momentum,kospi_return_1d,0.0057211085222661495
251,B,momentum,fx_level_z_252,-0.00041943631367757916
251,B,persist,kospi_return_1d,-0.013593172654509544
251,B,persist,fx_level_z_252,-0.005812974646687508
251,B,underwater,kospi_return_1d,-0.00033589047961868346
251,B,underwater,fx_level_z_252,-0.03159439191222191
251,alpha,,kospi_return_1d,0.03479704260826111
251,alpha,,fx_level_z_252,0.03642159327864647
252,beta,momentum,,-0.03088153898715973
252,beta,persist,,0.11287988722324371
252,beta,underwater,,0.017367079854011536
252,B,momentum,kospi_return_1d,0.005621371790766716
252,B,momentum,fx_level_z_252,-9.239689097739756e-05
252,B,persist,kospi_return_1d,-0.013781054876744747
252,B,persist,fx_level_z_252,-0.005214836448431015
252,B,underwater,kospi_return_1d,-0.0002956762327812612
252,B,underwater,fx_level_z_252,-0.031346432864665985
252,alpha,,kospi_return_1d,0.03485744446516037
252,alpha,,fx_level_z_252,0.03616148978471756
253,beta,momentum,,-0.03090786561369896
253,beta,persist,,0.1128203272819519
253,beta,underwater,,0.01734965667128563
253,B,momentum,kospi_return_1d,0.005493272561579943
253,B,momentum,fx_level_z_252,0.0003077797591686249
253,B,persist,kospi_return_1d,-0.013878901489078999
253,B,persist,fx_level_z_252,-0.0047364989295601845
253,B,underwater,kospi_return_1d,-4.448469553608447e-05
253,B,underwater,fx_level_z_252,-0.03110922873020172
253,alpha,,kospi_return_1d,0.034772396087646484
253,alpha,,fx_level_z_252,0.03606049343943596
254,beta,momentum,,-0.030972685664892197
254,beta,persist,,0.11281568557024002
254,beta,underwater,,0.017366912215948105
254,B,momentum,kospi_return_1d,0.005331375170499086
254,B,momentum,fx_level_z_252,0.000616301957052201
254,B,persist,kospi_return_1d,-0.013843134045600891
254,B,persist,fx_level_z_252,-0.004393019247800112
254,B,underwater,kospi_return_1d,0.0002526413300074637
254,B,underwater,fx_level_z_252,-0.031036460772156715
254,alpha,,kospi_return_1d,0.03468787297606468
254,alpha,,fx_level_z_252,0.03592824563384056
255,beta,momentum,,-0.031028371304273605
255,beta,persist,,0.11282727867364883
255,beta,underwater,,0.017341667786240578
255,B,momentum,kospi_return_1d,0.005275774747133255
255,B,momentum,fx_level_z_252,0.0010036590974777937
255,B,persist,kospi_return_1d,-0.013893451541662216
255,B,persist,fx_level_z_252,-0.004141909070312977
255,B,underwater,kospi_return_1d,0.0003008413186762482
255,B,underwater,fx_level_z_252,-0.031115055084228516
255,alpha,,kospi_return_1d,0.03463628515601158
255,alpha,,fx_level_z_252,0.03582902252674103
256,beta,momentum,,-0.03109249845147133
256,beta,persist,,0.11285974085330963
256,beta,underwater,,0.017348704859614372
256,B,momentum,kospi_return_1d,0.005310695618391037
256,B,momentum,fx_level_z_252,0.0011679880553856492
256,B,persist,kospi_return_1d,-0.014070669189095497
256,B,persist,fx_level_z_252,-0.00393318384885788
256,B,underwater,kospi_return_1d,7.279259443748742e-05
256,B,underwater,fx_level_z_252,-0.031195221468806267
256,alpha,,kospi_return_1d,0.03465690463781357
256,alpha,,fx_level_z_252,0.03581397980451584
257,beta,momentum,,-0.03116138093173504
257,beta,persist,,0.11286475509405136
257,beta,underwater,,0.0172385536134243
257,B,momentum,kospi_return_1d,0.00519677996635437
257,B,momentum,fx_level_z_252,0.001237475429661572
257,B,persist,kospi_return_1d,-0.014028492383658886
257,B,persist,fx_level_z_252,-0.003796645440161228
257,B,underwater,kospi_return_1d,-0.0001356887660222128
257,B,underwater,fx_level_z_252,-0.03142162412405014
257,alpha,,kospi_return_1d,0.03465760126709938
257,alpha,,fx_level_z_252,0.03558461368083954
258,beta,momentum,,-0.03127501532435417
258,beta,persist,,0.11287844181060791
258,beta,underwater,,0.017341697588562965
258,B,momentum,kospi_return_1d,0.005138031672686338
258,B,momentum,fx_level_z_252,0.0012946446659043431
258,B,persist,kospi_return_1d,-0.0139336371794343
258,B,persist,fx_level_z_252,-0.0037875159177929163
258,B,underwater,kospi_return_1d,-0.00010817142174346372
258,B,underwater,fx_level_z_252,-0.031772248446941376
258,alpha,,kospi_return_1d,0.034712716937065125
258,alpha,,fx_level_z_252,0.03545451536774635
259,beta,momentum,,-0.03134165331721306
259,beta,persist,,0.11285658180713654
259,beta,underwater,,0.017336566001176834
259,B,momentum,kospi_return_1d,0.004808693192899227
259,B,momentum,fx_level_z_252,0.001278080279007554
259,B,persist,kospi_return_1d,-0.01374999713152647
259,B,persist,fx_level_z_252,-0.003724529407918453
259,B,underwater,kospi_return_1d,0.00010920083877863362
259,B,underwater,fx_level_z_252,-0.03224269673228264
259,alpha,,kospi_return_1d,0.03476003557443619
259,alpha,,fx_level_z_252,0.03555607795715332
260,beta,momentum,,-0.03139486536383629
260,beta,persist,,0.11285770684480667
260,beta,underwater,,0.017240606248378754
260,B,momentum,kospi_return_1d,0.004494229331612587
260,B,momentum,fx_level_z_252,0.0012129958486184478
260,B,persist,kospi_return_1d,-0.013513884507119656
260,B,persist,fx_level_z_252,-0.0036480699200183153
260,B,underwater,kospi_return_1d,0.00035008927807211876
260,B,underwater,fx_level_z_252,-0.03262515738606453
260,alpha,,kospi_return_1d,0.03481794148683548
260,alpha,,fx_level_z_252,0.03552914410829544
261,beta,momentum,,-0.03156396001577377
261,beta,persist,,0.11291443556547165
261,beta,underwater,,0.01730365678668022
261,B,momentum,kospi_return_1d,0.004318033345043659
261,B,momentum,fx_level_z_252,0.0010133875766769052
261,B,persist,kospi_return_1d,-0.013422258198261261
261,B,persist,fx_level_z_252,-0.003570449771359563
261,B,underwater,kospi_return_1d,0.00038442877121269703
261,B,underwater,fx_level_z_252,-0.03278256207704544
261,alpha,,kospi_return_1d,0.03472503274679184
261,alpha,,fx_level_z_252,0.03567322716116905
262,beta,momentum,,-0.031793009489774704
262,beta,persist,,0.11294955760240555
262,beta,underwater,,0.017399391159415245
262,B,momentum,kospi_return_1d,0.004161105491220951
262,B,momentum,fx_level_z_252,0.0008990885689854622
262,B,persist,kospi_return_1d,-0.013431042432785034
262,B,persist,fx_level_z_252,-0.0035559171810746193
262,B,underwater,kospi_return_1d,0.00036402264959178865
262,B,underwater,fx_level_z_252,-0.032947733998298645
262,alpha,,kospi_return_1d,0.03446270525455475
262,alpha,,fx_level_z_252,0.03578650951385498
263,beta,momentum,,-0.03200360760092735
263,beta,persist,,0.11297377943992615
263,beta,underwater,,0.01757369562983513
263,B,momentum,kospi_return_1d,0.004147679544985294
263,B,momentum,fx_level_z_252,0.0007058345945551991
263,B,persist,kospi_return_1d,-0.01348662469536066
263,B,persist,fx_level_z_252,-0.0034091577399522066
263,B,underwater,kospi_return_1d,0.0001629147445783019
263,B,underwater,fx_level_z_252,-0.03309144824743271
263,alpha,,kospi_return_1d,0.0342099666595459
263,alpha,,fx_level_z_252,0.03599826619029045
264,beta,momentum,,-0.03221091628074646
264,beta,persist,,0.11300953477621078
264,beta,underwater,,0.01772608421742916
264,B,momentum,kospi_return_1d,0.0041139740496873856
264,B,momentum,fx_level_z_252,0.0006021391600370407
264,B,persist,kospi_return_1d,-0.013537313789129257
264,B,persist,fx_level_z_252,-0.0033855577930808067
264,B,underwater,kospi_return_1d,-0.00014136650133877993
264,B,underwater,fx_level_z_252,-0.03324364498257637
264,alpha,,kospi_return_1d,0.034062016755342484
264,alpha,,fx_level_z_252,0.03626962751150131
265,beta,momentum,,-0.03243553638458252
265,beta,persist,,0.11302197724580765
265,beta,underwater,,0.017821285873651505
265,B,momentum,kospi_return_1d,0.004059592727571726
265,B,momentum,fx_level_z_252,0.0004524996620602906
265,B,persist,kospi_return_1d,-0.013608279637992382
265,B,persist,fx_level_z_252,-0.003193719545379281
265,B,underwater,kospi_return_1d,-0.00041176070226356387
265,B,underwater,fx_level_z_252,-0.03328122943639755
265,alpha,,kospi_return_1d,0.03383215516805649
265,alpha,,fx_level_z_252,0.03640991076827049
266,beta,momentum,,-0.03270747512578964
266,beta,persist,,0.11308527737855911
266,beta,underwater,,0.017903422936797142
266,B,momentum,kospi_return_1d,0.004022096749395132
266,B,momentum,fx_level_z_252,0.00028244665008969605
266,B,persist,kospi_return_1d,-0.01355743408203125
266,B,persist,fx_level_z_252,-0.0030957150738686323
266,B,underwater,kospi_return_1d,-0.0006111155380494893
266,B,underwater,fx_level_z_252,-0.033377815037965775
266,alpha,,kospi_return_1d,0.0336490273475647
266,alpha,,fx_level_z_252,0.03648802265524864
267,beta,momentum,,-0.03292551636695862
267,beta,persist,,0.1130722239613533
267,beta,underwater,,0.0179104246199131
267,B,momentum,kospi_return_1d,0.003929144237190485
267,B,momentum,fx_level_z_252,4.739296855404973e-05
267,B,persist,kospi_return_1d,-0.013487869873642921
267,B,persist,fx_level_z_252,-0.0032335626892745495
267,B,underwater,kospi_return_1d,-0.0008216813439503312
267,B,underwater,fx_level_z_252,-0.033558886498212814
267,alpha,,kospi_return_1d,0.03371657431125641
267,alpha,,fx_level_z_252,0.036601342260837555
268,beta,momentum,,-0.03290700912475586
268,beta,persist,,0.11301150172948837
268,beta,underwater,,0.017861105501651764
268,B,momentum,kospi_return_1d,0.004001721274107695
268,B,momentum,fx_level_z_252,-0.00031023783958517015
268,B,persist,kospi_return_1d,-0.013323058374226093
268,B,persist,fx_level_z_252,-0.0032153166830539703
268,B,underwater,kospi_return_1d,-0.0008212873945012689
268,B,underwater,fx_level_z_252,-0.03363696113228798
268,alpha,,kospi_return_1d,0.03383582457900047
268,alpha,,fx_level_z_252,0.036651499569416046
269,beta,momentum,,-0.03281603381037712
269,beta,persist,,0.11297734081745148
269,beta,underwater,,0.0178354661911726
269,B,momentum,kospi_return_1d,0.004312358796596527
269,B,momentum,fx_level_z_252,-0.0006172385765239596
269,B,persist,kospi_return_1d,-0.013429641723632812
269,B,persist,fx_level_z_252,-0.003003445453941822
269,B,underwater,kospi_return_1d,-0.0007891478599049151
269,B,underwater,fx_level_z_252,-0.03354397043585777
269,alpha,,kospi_return_1d,0.03385806828737259
269,alpha,,fx_level_z_252,0.03662077337503433
270,beta,momentum,,-0.032555803656578064
270,beta,persist,,0.11293567717075348
270,beta,underwater,,0.017749428749084473
270,B,momentum,kospi_return_1d,0.004681795835494995
270,B,momentum,fx_level_z_252,-0.0006268343422561884
270,B,persist,kospi_return_1d,-0.013671732507646084
270,B,persist,fx_level_z_252,-0.0029960901010781527
270,B,underwater,kospi_return_1d,-0.0007668175967410207
270,B,underwater,fx_level_z_252,-0.03361435607075691
270,alpha,,kospi_return_1d,0.033849019557237625
270,alpha,,fx_level_z_252,0.036426421254873276
271,beta,momentum,,-0.032452069222927094
271,beta,persist,,0.11295377463102341
271,beta,underwater,,0.017744483426213264
271,B,momentum,kospi_return_1d,0.004919730126857758
271,B,momentum,fx_level_z_252,-0.0005073191714473069
271,B,persist,kospi_return_1d,-0.013864954002201557
271,B,persist,fx_level_z_252,-0.0029088170267641544
271,B,underwater,kospi_return_1d,-0.0006462245946750045
271,B,underwater,fx_level_z_252,-0.033604368567466736
271,alpha,,kospi_return_1d,0.03373287618160248
271,alpha,,fx_level_z_252,0.036219652742147446
272,beta,momentum,,-0.03233678266406059
272,beta,persist,,0.11293216794729233
272,beta,underwater,,0.0175942312926054
272,B,momentum,kospi_return_1d,0.0052725705318152905
272,B,momentum,fx_level_z_252,-0.0002516100066713989
272,B,persist,kospi_return_1d,-0.014178586192429066
272,B,persist,fx_level_z_252,-0.0027877138927578926
272,B,underwater,kospi_return_1d,-0.00043201842345297337
272,B,underwater,fx_level_z_252,-0.03369511291384697
272,alpha,,kospi_return_1d,0.03376977890729904
272,alpha,,fx_level_z_252,0.03591785207390785
273,beta,momentum,,-0.03227661922574043
273,beta,persist,,0.11291596293449402
273,beta,underwater,,0.01749890297651291
273,B,momentum,kospi_return_1d,0.005410156212747097
273,B,momentum,fx_level_z_252,-2.4432563805021346e-05
273,B,persist,kospi_return_1d,-0.014503682032227516
273,B,persist,fx_level_z_252,-0.0026620090939104557
273,B,underwater,kospi_return_1d,-1.52984430314973e-05
273,B,underwater,fx_level_z_252,-0.03369651734828949
273,alpha,,kospi_return_1d,0.033863019198179245
273,alpha,,fx_level_z_252,0.035670701414346695
274,beta,momentum,,-0.03229953348636627
274,beta,persist,,0.1127852350473404
274,beta,underwater,,0.01739616133272648
274,B,momentum,kospi_return_1d,0.005491216666996479
274,B,momentum,fx_level_z_252,0.00013690553896594793
274,B,persist,kospi_return_1d,-0.014940106309950352
274,B,persist,fx_level_z_252,-0.002508083824068308
274,B,underwater,kospi_return_1d,0.00030856759985908866
274,B,underwater,fx_level_z_252,-0.03344115987420082
274,alpha,,kospi_return_1d,0.03410296142101288
274,alpha,,fx_level_z_252,0.035335782915353775
275,beta,momentum,,-0.0322357639670372
275,beta,persist,,0.11262369900941849
275,beta,underwater,,0.01727038063108921
275,B,momentum,kospi_return_1d,0.005586856976151466
275,B,momentum,fx_level_z_252,4.6780660341028124e-05
275,B,persist,kospi_return_1d,-0.015278765000402927
275,B,persist,fx_level_z_252,-0.002279519336298108
275,B,underwater,kospi_return_1d,0.00042382883839309216
275,B,underwater,fx_level_z_252,-0.0330648198723793
275,alpha,,kospi_return_1d,0.034507349133491516
275,alpha,,fx_level_z_252,0.035082295536994934
276,beta,momentum,,-0.032135769724845886
276,beta,persist,,0.11252748221158981
276,beta,underwater,,0.017225686460733414
276,B,momentum,kospi_return_1d,0.005660224240273237
276,B,momentum,fx_level_z_252,-5.583960592048243e-05
276,B,persist,kospi_return_1d,-0.015523889102041721
276,B,persist,fx_level_z_252,-0.0021864937152713537
276,B,underwater,kospi_return_1d,0.000582383421715349
276,B,underwater,fx_level_z_252,-0.032676588743925095
276,alpha,,kospi_return_1d,0.034773118793964386
276,alpha,,fx_level_z_252,0.03486412763595581
277,beta,momentum,,-0.03202962502837181
277,beta,persist,,0.11246426403522491
277,beta,underwater,,0.01713290996849537
277,B,momentum,kospi_return_1d,0.005707995966076851
277,B,momentum,fx_level_z_252,6.638767081312835e-05
277,B,persist,kospi_return_1d,-0.015680665150284767
277,B,persist,fx_level_z_252,-0.0022087155375629663
277,B,underwater,kospi_return_1d,0.0006051578093320131
277,B,underwater,fx_level_z_252,-0.03236754611134529
277,alpha,,kospi_return_1d,0.035068679600954056
277,alpha,,fx_level_z_252,0.03451875224709511
278,beta,momentum,,-0.03200465813279152
278,beta,persist,,0.112394317984581
278,beta,underwater,,0.017145905643701553
278,B,momentum,kospi_return_1d,0.005714266560971737
278,B,momentum,fx_level_z_252,-8.435540803475305e-05
278,B,persist,kospi_return_1d,-0.015772784128785133
278,B,persist,fx_level_z_252,-0.002111232839524746
278,B,underwater,kospi_return_1d,0.0003306097351014614
278,B,underwater,fx_level_z_252,-0.03187790513038635
278,alpha,,kospi_return_1d,0.035305656492710114
278,alpha,,fx_level_z_252,0.03419148549437523
279,beta,momentum,,-0.03194859251379967
279,beta,persist,,0.1121976301074028
279,beta,underwater,,0.017132475972175598
279,B,momentum,kospi_return_1d,0.005585667211562395
279,B,momentum,fx_level_z_252,-9.530178067507222e-05
279,B,persist,kospi_return_1d,-0.01577855832874775
279,B,persist,fx_level_z_252,-0.0018978141015395522
279,B,underwater,kospi_return_1d,-6.16910110693425e-05
279,B,underwater,fx_level_z_252,-0.031517595052719116
279,alpha,,kospi_return_1d,0.0356048047542572
279,alpha,,fx_level_z_252,0.03384527191519737
280,beta,momentum,,-0.0319649875164032
280,beta,persist,,0.11207788437604904
280,beta,underwater,,0.01711859554052353
280,B,momentum,kospi_return_1d,0.005449928808957338
280,B,momentum,fx_level_z_252,0.00015402273857034743
280,B,persist,kospi_return_1d,-0.015662599354982376
280,B,persist,fx_level_z_252,-0.0019036616431549191
280,B,underwater,kospi_return_1d,-0.000232454200158827
280,B,underwater,fx_level_z_252,-0.031539421528577805
280,alpha,,kospi_return_1d,0.03580503165721893
280,alpha,,fx_level_z_252,0.03365396708250046
281,beta,momentum,,-0.03186585009098053
281,beta,persist,,0.11197302490472794
281,beta,underwater,,0.017034020274877548
281,B,momentum,kospi_return_1d,0.005327965598553419
281,B,momentum,fx_level_z_252,0.00032091225148178637
281,B,persist,kospi_return_1d,-0.015490606427192688
281,B,persist,fx_level_z_252,-0.002002207562327385
281,B,underwater,kospi_return_1d,-0.00032887380803003907
281,B,underwater,fx_level_z_252,-0.03161938115954399
281,alpha,,kospi_return_1d,0.03611627221107483
281,alpha,,fx_level_z_252,0.03354544937610626
282,beta,momentum,,-0.03183792531490326
282,beta,persist,,0.11184291541576385
282,beta,underwater,,0.01689678244292736
282,B,momentum,kospi_return_1d,0.005308178719133139
282,B,momentum,fx_level_z_252,0.000592127675190568
282,B,persist,kospi_return_1d,-0.015263553708791733
282,B,persist,fx_level_z_252,-0.002214022446423769
282,B,underwater,kospi_return_1d,-0.00043037423165515065
282,B,underwater,fx_level_z_252,-0.031947068870067596
282,alpha,,kospi_return_1d,0.0364663265645504
282,alpha,,fx_level_z_252,0.03356786072254181
283,beta,momentum,,-0.03187161684036255
283,beta,persist,,0.11173473298549652
283,beta,underwater,,0.01684265211224556
283,B,momentum,kospi_return_1d,0.005194881930947304
283,B,momentum,fx_level_z_252,0.0007826178334653378
283,B,persist,kospi_return_1d,-0.015087844803929329
283,B,persist,fx_level_z_252,-0.0023485268466174603
283,B,underwater,kospi_return_1d,-0.00044155243085697293
283,B,underwater,fx_level_z_252,-0.03213990852236748
283,alpha,,kospi_return_1d,0.03676438704133034
283,alpha,,fx_level_z_252,0.03360849246382713
284,beta,momentum,,-0.03197959437966347
284,beta,persist,,0.11175762116909027
284,beta,underwater,,0.016868753358721733
284,B,momentum,kospi_return_1d,0.005062523297965527
284,B,momentum,fx_level_z_252,0.0008549971389584243
284,B,persist,kospi_return_1d,-0.015039607882499695
284,B,persist,fx_level_z_252,-0.0024617149028927088
284,B,underwater,kospi_return_1d,-0.0004660818667616695
284,B,underwater,fx_level_z_252,-0.03228747472167015
284,alpha,,kospi_return_1d,0.03677036240696907
284,alpha,,fx_level_z_252,0.03380080685019493
285,beta,momentum,,-0.03209659084677696
285,beta,persist,,0.1119246780872345
285,beta,underwater,,0.016997123137116432
285,B,momentum,kospi_return_1d,0.0050634401850402355
285,B,momentum,fx_level_z_252,0.0008177251438610256
285,B,persist,kospi_return_1d,-0.015094943344593048
285,B,persist,fx_level_z_252,-0.0025661704130470753
285,B,underwater,kospi_return_1d,-0.00044523098040372133
285,B,underwater,fx_level_z_252,-0.03240317106246948
285,alpha,,kospi_return_1d,0.03649844601750374
285,alpha,,fx_level_z_252,0.03408645838499069
286,beta,momentum,,-0.03224331513047218
286,beta,persist,,0.11219087243080139
286,beta,underwater,,0.017239727079868317
286,B,momentum,kospi_return_1d,0.0049781412817537785
286,B,momentum,fx_level_z_252,0.0005254630232229829
286,B,persist,kospi_return_1d,-0.015034276060760021
286,B,persist,fx_level_z_252,-0.0026668927166610956
286,B,underwater,kospi_return_1d,-0.00023817447072360665
286,B,underwater,fx_level_z_252,-0.03240231052041054
286,alpha,,kospi_return_1d,0.03603973612189293
286,alpha,,fx_level_z_252,0.03440769761800766
287,beta,momentum,,-0.0324745699763298
287,beta,persist,,0.1126009076833725
287,beta,underwater,,0.01750003732740879
287,B,momentum,kospi_return_1d,0.0047029005363583565
287,B,momentum,fx_level_z_252,0.0002328216505702585
287,B,persist,kospi_return_1d,-0.014792400412261486
287,B,persist,fx_level_z_252,-0.0027863308787345886
287,B,underwater,kospi_return_1d,0.00018513949180487543
287,B,underwater,fx_level_z_252,-0.03253951668739319
287,alpha,,kospi_return_1d,0.03543611243367195
287,alpha,,fx_level_z_252,0.03474054113030434
288,beta,momentum,,-0.03279399871826172
288,beta,persist,,0.11302623897790909
288,beta,underwater,,0.017717983573675156
288,B,momentum,kospi_return_1d,0.0045560202561318874
288,B,momentum,fx_level_z_252,0.0001390885590808466
288,B,persist,kospi_return_1d,-0.014501778408885002
288,B,persist,fx_level_z_252,-0.0030034519731998444
288,B,underwater,kospi_return_1d,0.0004994065966457129
288,B,underwater,fx_level_z_252,-0.03268325328826904
288,alpha,,kospi_return_1d,0.03489857539534569
288,alpha,,fx_level_z_252,0.03496749326586723
289,beta,momentum,,-0.03306317701935768
289,beta,persist,,0.11340323090553284
289,beta,underwater,,0.017954856157302856
289,B,momentum,kospi_return_1d,0.004479500465095043
289,B,momentum,fx_level_z_252,-5.126066389493644e-05
289,B,persist,kospi_return_1d,-0.014358931221067905
289,B,persist,fx_level_z_252,-0.0032689133659005165
289,B,underwater,kospi_return_1d,0.00043891259701922536
289,B,underwater,fx_level_z_252,-0.03273751586675644
289,alpha,,kospi_return_1d,0.03435580059885979
289,alpha,,fx_level_z_252,0.03511178120970726
290,beta,momentum,,-0.033103667199611664
290,beta,persist,,0.11366276443004608
290,beta,underwater,,0.01801578514277935
290,B,momentum,kospi_return_1d,0.004501723684370518
290,B,momentum,fx_level_z_252,-0.0001798918383428827
290,B,persist,kospi_return_1d,-0.014064633287489414
290,B,persist,fx_level_z_252,-0.0033889757469296455
290,B,underwater,kospi_return_1d,0.0003260350786149502
290,B,underwater,fx_level_z_252,-0.032685764133930206
290,alpha,,kospi_return_1d,0.03399376571178436
290,alpha,,fx_level_z_252,0.034952789545059204
291,beta,momentum,,-0.03295299783349037
291,beta,persist,,0.11378239840269089
291,beta,underwater,,0.018037104979157448
291,B,momentum,kospi_return_1d,0.004581991583108902
291,B,momentum,fx_level_z_252,-0.00021754667977802455
291,B,persist,kospi_return_1d,-0.013747351244091988
291,B,persist,fx_level_z_252,-0.003476007841527462
291,B,underwater,kospi_return_1d,0.00014930347970221192
291,B,underwater,fx_level_z_252,-0.03271733224391937
291,alpha,,kospi_return_1d,0.03378032520413399
291,alpha,,fx_level_z_252,0.0349305085837841
292,beta,momentum,,-0.032743342220783234
292,beta,persist,,0.1137862503528595
292,beta,underwater,,0.018014799803495407
292,B,momentum,kospi_return_1d,0.004678405821323395
292,B,momentum,fx_level_z_252,-0.00019127374980598688
292,B,persist,kospi_return_1d,-0.013441361486911774
292,B,persist,fx_level_z_252,-0.0034068510867655277
292,B,underwater,kospi_return_1d,-0.0001246751198777929
292,B,underwater,fx_level_z_252,-0.03277221694588661
292,alpha,,kospi_return_1d,0.03370138257741928
292,alpha,,fx_level_z_252,0.03484068438410759
293,beta,momentum,,-0.032393477857112885
293,beta,persist,,0.11375916749238968
293,beta,underwater,,0.01793278567492962
293,B,momentum,kospi_return_1d,0.004697450436651707
293,B,momentum,fx_level_z_252,-0.0001355878630420193
293,B,persist,kospi_return_1d,-0.013121988624334335
293,B,persist,fx_level_z_252,-0.0033588178921490908
293,B,underwater,kospi_return_1d,-0.00025513669243082404
293,B,underwater,fx_level_z_252,-0.03289380669593811
293,alpha,,kospi_return_1d,0.03368022292852402
293,alpha,,fx_level_z_252,0.03464651480317116
294,beta,momentum,,-0.03213026747107506
294,beta,persist,,0.11374443024396896
294,beta,underwater,,0.017813172191381454
294,B,momentum,kospi_return_1d,0.004657259210944176
294,B,momentum,fx_level_z_252,-1.0077943443320692e-05
294,B,persist,kospi_return_1d,-0.012877070344984531
294,B,persist,fx_level_z_252,-0.003266420913860202
294,B,underwater,kospi_return_1d,-0.0003795639204327017
294,B,underwater,fx_level_z_252,-0.032969214022159576
294,alpha,,kospi_return_1d,0.033732350915670395
294,alpha,,fx_level_z_252,0.03455767408013344
295,beta,momentum,,-0.03185426816344261
295,beta,persist,,0.11369162797927856
295,beta,underwater,,0.01777658425271511
295,B,momentum,kospi_return_1d,0.004767313599586487
295,B,momentum,fx_level_z_252,4.410091059980914e-05
295,B,persist,kospi_return_1d,-0.012768199667334557
295,B,persist,fx_level_z_252,-0.0031187001150101423
295,B,underwater,kospi_return_1d,-0.0005974973901174963
295,B,underwater,fx_level_z_252,-0.03305714949965477
295,alpha,,kospi_return_1d,0.03384228050708771
295,alpha,,fx_level_z_252,0.03464575111865997
296,beta,momentum,,-0.03150888532400131
296,beta,persist,,0.11360477656126022
296,beta,underwater,,0.01790483295917511
296,B,momentum,kospi_return_1d,0.004919010680168867
296,B,momentum,fx_level_z_252,-0.00015183744835667312
296,B,persist,kospi_return_1d,-0.012582942843437195
296,B,persist,fx_level_z_252,-0.0029528529848903418
296,B,underwater,kospi_return_1d,-0.0006832104991190135
296,B,underwater,fx_level_z_252,-0.03305497393012047
296,alpha,,kospi_return_1d,0.033888548612594604
296,alpha,,fx_level_z_252,0.03478251397609711
297,beta,momentum,,-0.03117646835744381
297,beta,persist,,0.11354377120733261
297,beta,underwater,,0.01797460950911045
297,B,momentum,kospi_return_1d,0.005072135012596846
297,B,momentum,fx_level_z_252,-0.00028590235160663724
297,B,persist,kospi_return_1d,-0.012336215004324913
297,B,persist,fx_level_z_252,-0.0027922687586396933
297,B,underwater,kospi_return_1d,-0.0005979068228043616
297,B,underwater,fx_level_z_252,-0.0331122912466526
297,alpha,,kospi_return_1d,0.033810604363679886
297,alpha,,fx_level_z_252,0.03484959900379181
298,beta,momentum,,-0.031002389267086983
298,beta,persist,,0.1134977787733078
298,beta,underwater,,0.018144339323043823
298,B,momentum,kospi_return_1d,0.005290583707392216
298,B,momentum,fx_level_z_252,-0.00044415073352865875
298,B,persist,kospi_return_1d,-0.0119779072701931
298,B,persist,fx_level_z_252,-0.0026780699845403433
298,B,underwater,kospi_return_1d,-0.0004396761069074273
298,B,underwater,fx_level_z_252,-0.03290273994207382
298,alpha,,kospi_return_1d,0.03367708995938301
298,alpha,,fx_level_z_252,0.03480733558535576
299,beta,momentum,,-0.030913347378373146
299,beta,persist,,0.11353152990341187
299,beta,underwater,,0.018340088427066803
299,B,momentum,kospi_return_1d,0.005353892222046852
299,B,momentum,fx_level_z_252,-0.0005598139250651002
299,B,persist,kospi_return_1d,-0.01166239008307457
299,B,persist,fx_level_z_252,-0.0026812523137778044
299,B,underwater,kospi_return_1d,-0.0002899145765695721
299,B,underwater,fx_level_z_252,-0.032551951706409454
299,alpha,,kospi_return_1d,0.033566948026418686
299,alpha,,fx_level_z_252,0.03465130552649498
300,beta,momentum,,-0.030950644984841347
300,beta,persist,,0.1135789081454277
300,beta,underwater,,0.018547650426626205
300,B,momentum,kospi_return_1d,0.005524725653231144
300,B,momentum,fx_level_z_252,-0.0005115806125104427
300,B,persist,kospi_return_1d,-0.01158798485994339
300,B,persist,fx_level_z_252,-0.0026220730505883694
300,B,underwater,kospi_return_1d,-0.00013295610551722348
300,B,underwater,fx_level_z_252,-0.03244648873806
300,alpha,,kospi_return_1d,0.03348131105303764
300,alpha,,fx_level_z_252,0.034654587507247925
