experiment,epochs,batch_size,learning_rate,lambda_l1,investor,accuracy_mean,accuracy_std,macro_f1_mean,macro_f1_std,nll_mean,nll_std,accuracy_rank,nll_rank
ep_18_bs_2048_lr_0p0006_l1_0p01,18,2048,0.0006,0.01,foreign,0.6248387903314901,0.0261234696445236,0.613585345320453,0.028981600757163113,0.6834681961271498,0.00529868468266293,1.0,1.0
ep_15_bs_2048_lr_0p0005_l1_0p01,15,2048,0.0005,0.01,institution,0.5456684168600019,0.032360814694318854,0.53556686452348,0.03491625808122243,0.6923019210497539,0.0015612984071152558,1.0,4.0
ep_5_bs_2048_lr_0p0006_l1_0p01,5,2048,0.0006,0.01,retail,0.5919101528657235,0.046522354982113316,0.5826299183449415,0.04697908655227274,0.6911075168185764,0.0011061252774112308,1.0,16.0
