experiment,epochs,batch_size,learning_rate,lambda_l1,investor,accuracy_mean,accuracy_std,macro_f1_mean,macro_f1_std,nll_mean,nll_std,accuracy_rank,nll_rank
ep_35_bs_512_lr_0p0015_l1_0p0003,35,512,0.0015,0.0003,foreign,0.6340735313784662,0.029366895335791007,0.6197082691218152,0.03728756981166282,0.6520412961641947,0.026225528453706168,1.0,1.0
ep_25_bs_512_lr_0p0015_l1_0p0003,25,512,0.0015,0.0003,institution,0.5407795047127298,0.033361124748252036,0.5310027601838735,0.031974524196566274,0.6961785965495639,0.010383981908727392,1.0,22.0
ep_15_bs_512_lr_0p0015_l1_0p0003,15,512,0.0015,0.0003,retail,0.600836138875806,0.0515505570700198,0.5881225858684321,0.0536268511547479,0.6784272789955139,0.014649577579098428,1.0,14.0
