experiment,epochs,learning_rate,lambda_l1,investor,accuracy_mean,accuracy_std,macro_f1_mean,macro_f1_std,nll_mean,nll_std,accuracy_rank,nll_rank
ep_100_lr_0p001_l1_0p0003,100,0.001,0.0003,foreign,0.6376919543437938,0.029589325803607573,0.6218036066058643,0.037507398388159044,0.6497922394010756,0.036729220082060095,1.0,5.0
ep_25_lr_0p001_l1_0p0003,25,0.001,0.0003,institution,0.536333083305714,0.03587006748058206,0.5272057908960034,0.034538421417903566,0.6954267475340101,0.008869746703823686,1.0,4.0
ep_25_lr_0p0005_l1_0p0003,25,0.0005,0.0003,retail,0.5991249033323449,0.04944977744597448,0.5857673339130451,0.05118223423822104,0.6797933591736688,0.010730507189720146,1.0,10.0
