epoch,parameter,feature,context,weight
0,beta,momentum,,0.0
0,beta,persist,,0.0
0,beta,underwater,,0.0
0,B,momentum,kospi_return_1d,0.0
0,B,momentum,fx_level_z_252,0.0
0,B,persist,kospi_return_1d,0.0
0,B,persist,fx_level_z_252,0.0
0,B,underwater,kospi_return_1d,0.0
0,B,underwater,fx_level_z_252,0.0
0,alpha,,kospi_return_1d,0.0
0,alpha,,fx_level_z_252,0.0
1,beta,momentum,,-0.001969784265384078
1,beta,persist,,0.001994162565097213
1,beta,underwater,,0.001967731397598982
1,B,momentum,kospi_return_1d,0.0019349264912307262
1,B,momentum,fx_level_z_252,0.002001313492655754
1,B,persist,kospi_return_1d,-0.001477831625379622
1,B,persist,fx_level_z_252,-0.0019204437267035246
1,B,underwater,kospi_return_1d,-0.001871613203547895
1,B,underwater,fx_level_z_252,-0.001998316962271929
1,alpha,,kospi_return_1d,-0.001918781315907836
1,alpha,,fx_level_z_252,0.00196521682664752
2,beta,momentum,,-0.003915248438715935
2,beta,persist,,0.003982432186603546
2,beta,underwater,,0.003905555233359337
2,B,momentum,kospi_return_1d,0.00265303160995245
2,B,momentum,fx_level_z_252,0.0039761681109666824
2,B,persist,kospi_return_1d,-0.0025830178055912256
2,B,persist,fx_level_z_252,-0.0038169892504811287
2,B,underwater,kospi_return_1d,-0.0030150485690683126
2,B,underwater,fx_level_z_252,-0.003850883338600397
2,alpha,,kospi_return_1d,-0.003731830045580864
2,alpha,,fx_level_z_252,0.00391881400719285
3,beta,momentum,,-0.0058435010723769665
3,beta,persist,,0.005963292438536882
3,beta,underwater,,0.005831695161759853
3,B,momentum,kospi_return_1d,0.002093813382089138
3,B,momentum,fx_level_z_252,0.00586134335026145
3,B,persist,kospi_return_1d,-0.0036451611667871475
3,B,persist,fx_level_z_252,-0.0056924703530967236
3,B,underwater,kospi_return_1d,-0.0035932869650423527
3,B,underwater,fx_level_z_252,-0.0056787896901369095
3,alpha,,kospi_return_1d,-0.0054574268870055676
3,alpha,,fx_level_z_252,0.005847170017659664
4,beta,momentum,,-0.007750487886369228
4,beta,persist,,0.007931018248200417
4,beta,underwater,,0.007742166984826326
4,B,momentum,kospi_return_1d,0.001660959329456091
4,B,momentum,fx_level_z_252,0.007612328045070171
4,B,persist,kospi_return_1d,-0.004785594064742327
4,B,persist,fx_level_z_252,-0.007554048206657171
4,B,underwater,kospi_return_1d,-0.004282674286514521
4,B,underwater,fx_level_z_252,-0.007449079770594835
4,alpha,,kospi_return_1d,-0.00711477966979146
4,alpha,,fx_level_z_252,0.007764083798974752
5,beta,momentum,,-0.009628502652049065
5,beta,persist,,0.009869477711617947
5,beta,underwater,,0.009597670286893845
5,B,momentum,kospi_return_1d,0.0013290632050484419
5,B,momentum,fx_level_z_252,0.009277299977838993
5,B,persist,kospi_return_1d,-0.005797594785690308
5,B,persist,fx_level_z_252,-0.009303927421569824
5,B,underwater,kospi_return_1d,-0.0047944760881364346
5,B,underwater,fx_level_z_252,-0.009188607335090637
5,alpha,,kospi_return_1d,-0.008684520609676838
5,alpha,,fx_level_z_252,0.009634156711399555
6,beta,momentum,,-0.011497663334012032
6,beta,persist,,0.011794649064540863
6,beta,underwater,,0.011455750092864037
6,B,momentum,kospi_return_1d,0.0008587512420490384
6,B,momentum,fx_level_z_252,0.010848701000213623
6,B,persist,kospi_return_1d,-0.0069100684486329556
6,B,persist,fx_level_z_252,-0.010915891267359257
6,B,underwater,kospi_return_1d,-0.005397247150540352
6,B,underwater,fx_level_z_252,-0.01084631122648716
6,alpha,,kospi_return_1d,-0.01014822069555521
6,alpha,,fx_level_z_252,0.011474580504000187
7,beta,momentum,,-0.013310614041984081
7,beta,persist,,0.013704260811209679
7,beta,underwater,,0.013262932188808918
7,B,momentum,kospi_return_1d,0.0007445954834111035
7,B,momentum,fx_level_z_252,0.01223504263907671
7,B,persist,kospi_return_1d,-0.00799732469022274
7,B,persist,fx_level_z_252,-0.01242267806082964
7,B,underwater,kospi_return_1d,-0.006041062064468861
7,B,underwater,fx_level_z_252,-0.012291891500353813
7,alpha,,kospi_return_1d,-0.011511840857565403
7,alpha,,fx_level_z_252,0.01324128732085228
8,beta,momentum,,-0.015055501833558083
8,beta,persist,,0.015586815774440765
8,beta,underwater,,0.014990855008363724
8,B,momentum,kospi_return_1d,0.0007500171195715666
8,B,momentum,fx_level_z_252,0.013367698527872562
8,B,persist,kospi_return_1d,-0.009099764749407768
8,B,persist,fx_level_z_252,-0.01372622512280941
8,B,underwater,kospi_return_1d,-0.006501972675323486
8,B,underwater,fx_level_z_252,-0.01340915821492672
8,alpha,,kospi_return_1d,-0.012652876786887646
8,alpha,,fx_level_z_252,0.014904350973665714
9,beta,momentum,,-0.016725242137908936
9,beta,persist,,0.017440740019083023
9,beta,underwater,,0.016652099788188934
9,B,momentum,kospi_return_1d,0.0008257540757767856
9,B,momentum,fx_level_z_252,0.014329497702419758
9,B,persist,kospi_return_1d,-0.010254254564642906
9,B,persist,fx_level_z_252,-0.014866202138364315
9,B,underwater,kospi_return_1d,-0.006909338757395744
9,B,underwater,fx_level_z_252,-0.014381076209247112
9,alpha,,kospi_return_1d,-0.013519967906177044
9,alpha,,fx_level_z_252,0.016500508412718773
10,beta,momentum,,-0.01833399571478367
10,beta,persist,,0.01925077848136425
10,beta,underwater,,0.018251273781061172
10,B,momentum,kospi_return_1d,0.0005739894695580006
10,B,momentum,fx_level_z_252,0.015169813297688961
10,B,persist,kospi_return_1d,-0.011282239109277725
10,B,persist,fx_level_z_252,-0.015964021906256676
10,B,underwater,kospi_return_1d,-0.007101997267454863
10,B,underwater,fx_level_z_252,-0.015266790986061096
10,alpha,,kospi_return_1d,-0.0141329076141119
10,alpha,,fx_level_z_252,0.01806245557963848
11,beta,momentum,,-0.019876670092344284
11,beta,persist,,0.021018076688051224
11,beta,underwater,,0.01976119913160801
11,B,momentum,kospi_return_1d,0.00024607524392195046
11,B,momentum,fx_level_z_252,0.015745220705866814
11,B,persist,kospi_return_1d,-0.012110277079045773
11,B,persist,fx_level_z_252,-0.016828875988721848
11,B,underwater,kospi_return_1d,-0.007090085186064243
11,B,underwater,fx_level_z_252,-0.015961825847625732
11,alpha,,kospi_return_1d,-0.014416665770113468
11,alpha,,fx_level_z_252,0.019565777853131294
12,beta,momentum,,-0.021366003900766373
12,beta,persist,,0.022760169580578804
12,beta,underwater,,0.021195286884903908
12,B,momentum,kospi_return_1d,-0.00013344733451958746
12,B,momentum,fx_level_z_252,0.016130365431308746
12,B,persist,kospi_return_1d,-0.012892571277916431
12,B,persist,fx_level_z_252,-0.017547281458973885
12,B,underwater,kospi_return_1d,-0.0069787208922207355
12,B,underwater,fx_level_z_252,-0.01654285192489624
12,alpha,,kospi_return_1d,-0.014488466084003448
12,alpha,,fx_level_z_252,0.02099551260471344
13,beta,momentum,,-0.02277524396777153
13,beta,persist,,0.024479160085320473
13,beta,underwater,,0.022553816437721252
13,B,momentum,kospi_return_1d,-0.0004377682344056666
13,B,momentum,fx_level_z_252,0.016453346237540245
13,B,persist,kospi_return_1d,-0.01333010382950306
13,B,persist,fx_level_z_252,-0.018235353752970695
13,B,underwater,kospi_return_1d,-0.006554593797773123
13,B,underwater,fx_level_z_252,-0.017123546451330185
13,alpha,,kospi_return_1d,-0.014351124875247478
13,alpha,,fx_level_z_252,0.02233828604221344
14,beta,momentum,,-0.02408614382147789
14,beta,persist,,0.026131238788366318
14,beta,underwater,,0.02384721301496029
14,B,momentum,kospi_return_1d,-0.00036837198422290385
14,B,momentum,fx_level_z_252,0.016500750556588173
14,B,persist,kospi_return_1d,-0.013863764703273773
14,B,persist,fx_level_z_252,-0.018734440207481384
14,B,underwater,kospi_return_1d,-0.00617329403758049
14,B,underwater,fx_level_z_252,-0.017643796280026436
14,alpha,,kospi_return_1d,-0.013903163373470306
14,alpha,,fx_level_z_252,0.023626035079360008
15,beta,momentum,,-0.02527785673737526
15,beta,persist,,0.027764547616243362
15,beta,underwater,,0.025041086599230766
15,B,momentum,kospi_return_1d,-0.00018573550914879888
15,B,momentum,fx_level_z_252,0.01637846790254116
15,B,persist,kospi_return_1d,-0.0143890967592597
15,B,persist,fx_level_z_252,-0.01913921721279621
15,B,underwater,kospi_return_1d,-0.005565796513110399
15,B,underwater,fx_level_z_252,-0.018166059628129005
15,alpha,,kospi_return_1d,-0.013176255859434605
15,alpha,,fx_level_z_252,0.02482474595308304
16,beta,momentum,,-0.026346951723098755
16,beta,persist,,0.029347708448767662
16,beta,underwater,,0.02608424797654152
16,B,momentum,kospi_return_1d,6.524871423607692e-05
16,B,momentum,fx_level_z_252,0.016071917489171028
16,B,persist,kospi_return_1d,-0.014757975935935974
16,B,persist,fx_level_z_252,-0.019472796469926834
16,B,underwater,kospi_return_1d,-0.004891850985586643
16,B,underwater,fx_level_z_252,-0.018682967871427536
16,alpha,,kospi_return_1d,-0.012161418795585632
16,alpha,,fx_level_z_252,0.025917669758200645
17,beta,momentum,,-0.027311373502016068
17,beta,persist,,0.030849801376461983
17,beta,underwater,,0.026939474046230316
17,B,momentum,kospi_return_1d,0.00012763372797053307
17,B,momentum,fx_level_z_252,0.01572982594370842
17,B,persist,kospi_return_1d,-0.015178835019469261
17,B,persist,fx_level_z_252,-0.019540801644325256
17,B,underwater,kospi_return_1d,-0.004079492762684822
17,B,underwater,fx_level_z_252,-0.019209759309887886
17,alpha,,kospi_return_1d,-0.010857956483960152
17,alpha,,fx_level_z_252,0.026848966255784035
18,beta,momentum,,-0.028235819190740585
18,beta,persist,,0.03231000527739525
18,beta,underwater,,0.027679676190018654
18,B,momentum,kospi_return_1d,4.74703119834885e-05
18,B,momentum,fx_level_z_252,0.015334808267652988
18,B,persist,kospi_return_1d,-0.0156773179769516
18,B,persist,fx_level_z_252,-0.01951964572072029
18,B,underwater,kospi_return_1d,-0.0032877216581255198
18,B,underwater,fx_level_z_252,-0.01973170042037964
18,alpha,,kospi_return_1d,-0.009505894966423512
18,alpha,,fx_level_z_252,0.027648620307445526
19,beta,momentum,,-0.029077930375933647
19,beta,persist,,0.03370404988527298
19,beta,underwater,,0.028336938470602036
19,B,momentum,kospi_return_1d,-2.1747393475379795e-05
19,B,momentum,fx_level_z_252,0.014783060178160667
19,B,persist,kospi_return_1d,-0.01611030288040638
19,B,persist,fx_level_z_252,-0.019340142607688904
19,B,underwater,kospi_return_1d,-0.002496614120900631
19,B,underwater,fx_level_z_252,-0.020114295184612274
19,alpha,,kospi_return_1d,-0.008038891479372978
19,alpha,,fx_level_z_252,0.02831665240228176
20,beta,momentum,,-0.0298556350171566
20,beta,persist,,0.035065531730651855
20,beta,underwater,,0.02890055812895298
20,B,momentum,kospi_return_1d,-6.57716445857659e-05
20,B,momentum,fx_level_z_252,0.014177107252180576
20,B,persist,kospi_return_1d,-0.016360444948077202
20,B,persist,fx_level_z_252,-0.019089365378022194
20,B,underwater,kospi_return_1d,-0.001595658715814352
20,B,underwater,fx_level_z_252,-0.020590076223015785
20,alpha,,kospi_return_1d,-0.006670666392892599
20,alpha,,fx_level_z_252,0.028983769938349724
21,beta,momentum,,-0.0305101927369833
21,beta,persist,,0.03636479750275612
21,beta,underwater,,0.02937525138258934
21,B,momentum,kospi_return_1d,5.8518664445728064e-05
21,B,momentum,fx_level_z_252,0.013484688475728035
21,B,persist,kospi_return_1d,-0.016636425629258156
21,B,persist,fx_level_z_252,-0.018768982961773872
21,B,underwater,kospi_return_1d,-0.0006433986127376556
21,B,underwater,fx_level_z_252,-0.02106398157775402
21,alpha,,kospi_return_1d,-0.005163835361599922
21,alpha,,fx_level_z_252,0.029501423239707947
22,beta,momentum,,-0.031120292842388153
22,beta,persist,,0.037649258971214294
22,beta,underwater,,0.0297868475317955
22,B,momentum,kospi_return_1d,0.0003463780740275979
22,B,momentum,fx_level_z_252,0.012725809589028358
22,B,persist,kospi_return_1d,-0.01688423566520214
22,B,persist,fx_level_z_252,-0.01837759278714657
22,B,underwater,kospi_return_1d,6.146618397906423e-05
22,B,underwater,fx_level_z_252,-0.0215644221752882
22,alpha,,kospi_return_1d,-0.003581032622605562
22,alpha,,fx_level_z_252,0.030023347586393356
23,beta,momentum,,-0.03165985271334648
23,beta,persist,,0.03893546760082245
23,beta,underwater,,0.03011704981327057
23,B,momentum,kospi_return_1d,0.0005564881139434874
23,B,momentum,fx_level_z_252,0.011861301027238369
23,B,persist,kospi_return_1d,-0.017009258270263672
23,B,persist,fx_level_z_252,-0.017885329201817513
23,B,underwater,kospi_return_1d,0.0006231216248124838
23,B,underwater,fx_level_z_252,-0.021969523280858994
23,alpha,,kospi_return_1d,-0.00217255437746644
23,alpha,,fx_level_z_252,0.03047797456383705
24,beta,momentum,,-0.03215058892965317
24,beta,persist,,0.04026009142398834
24,beta,underwater,,0.030422832816839218
24,B,momentum,kospi_return_1d,0.0006892121164128184
24,B,momentum,fx_level_z_252,0.01094142533838749
24,B,persist,kospi_return_1d,-0.01703273504972458
24,B,persist,fx_level_z_252,-0.017397165298461914
24,B,underwater,kospi_return_1d,0.0011373409070074558
24,B,underwater,fx_level_z_252,-0.02238749898970127
24,alpha,,kospi_return_1d,-0.000981284654699266
24,alpha,,fx_level_z_252,0.030910419300198555
25,beta,momentum,,-0.03258253633975983
25,beta,persist,,0.041588857769966125
25,beta,underwater,,0.030720487236976624
25,B,momentum,kospi_return_1d,0.0009804456494748592
25,B,momentum,fx_level_z_252,0.009908619336783886
25,B,persist,kospi_return_1d,-0.017150497063994408
25,B,persist,fx_level_z_252,-0.016875693574547768
25,B,underwater,kospi_return_1d,0.0012796642258763313
25,B,underwater,fx_level_z_252,-0.022664031013846397
25,alpha,,kospi_return_1d,0.00021836144151166081
25,alpha,,fx_level_z_252,0.03131633624434471
26,beta,momentum,,-0.03294423222541809
26,beta,persist,,0.04291519150137901
26,beta,underwater,,0.030954085290431976
26,B,momentum,kospi_return_1d,0.0012720946688205004
26,B,momentum,fx_level_z_252,0.00888272188603878
26,B,persist,kospi_return_1d,-0.017217155545949936
26,B,persist,fx_level_z_252,-0.016363954171538353
26,B,underwater,kospi_return_1d,0.0013469717232510448
26,B,underwater,fx_level_z_252,-0.022944342344999313
26,alpha,,kospi_return_1d,0.0013631456531584263
26,alpha,,fx_level_z_252,0.03166225180029869
27,beta,momentum,,-0.033271390944719315
27,beta,persist,,0.04422706738114357
27,beta,underwater,,0.031148739159107208
27,B,momentum,kospi_return_1d,0.001614649430848658
27,B,momentum,fx_level_z_252,0.007908155210316181
27,B,persist,kospi_return_1d,-0.01739947497844696
27,B,persist,fx_level_z_252,-0.01581856608390808
27,B,underwater,kospi_return_1d,0.0012893707025796175
27,B,underwater,fx_level_z_252,-0.023198917508125305
27,alpha,,kospi_return_1d,0.0025386526249349117
27,alpha,,fx_level_z_252,0.03197403997182846
28,beta,momentum,,-0.03356361389160156
28,beta,persist,,0.0455075204372406
28,beta,underwater,,0.031291503459215164
28,B,momentum,kospi_return_1d,0.0019446403020992875
28,B,momentum,fx_level_z_252,0.006987929809838533
28,B,persist,kospi_return_1d,-0.017713990062475204
28,B,persist,fx_level_z_252,-0.01514933817088604
28,B,underwater,kospi_return_1d,0.001173035940155387
28,B,underwater,fx_level_z_252,-0.023563671857118607
28,alpha,,kospi_return_1d,0.003647150471806526
28,alpha,,fx_level_z_252,0.03225995972752571
29,beta,momentum,,-0.033775582909584045
29,beta,persist,,0.046786051243543625
29,beta,underwater,,0.031330302357673645
29,B,momentum,kospi_return_1d,0.002178292255848646
29,B,momentum,fx_level_z_252,0.006000536493957043
29,B,persist,kospi_return_1d,-0.01795489713549614
29,B,persist,fx_level_z_252,-0.014595957472920418
29,B,underwater,kospi_return_1d,0.0011605429463088512
29,B,underwater,fx_level_z_252,-0.024009335786104202
29,alpha,,kospi_return_1d,0.00470591289922595
29,alpha,,fx_level_z_252,0.0324394516646862
30,beta,momentum,,-0.03390497341752052
30,beta,persist,,0.04806244745850563
30,beta,underwater,,0.031249990686774254
30,B,momentum,kospi_return_1d,0.002306664129719138
30,B,momentum,fx_level_z_252,0.00503111956641078
30,B,persist,kospi_return_1d,-0.018208792433142662
30,B,persist,fx_level_z_252,-0.014122090302407742
30,B,underwater,kospi_return_1d,0.0011495426297187805
30,B,underwater,fx_level_z_252,-0.024524126201868057
30,alpha,,kospi_return_1d,0.005718272179365158
30,alpha,,fx_level_z_252,0.03257446736097336
31,beta,momentum,,-0.03399151936173439
31,beta,persist,,0.04930320754647255
31,beta,underwater,,0.031079230830073357
31,B,momentum,kospi_return_1d,0.0021160475444048643
31,B,momentum,fx_level_z_252,0.004164327401667833
31,B,persist,kospi_return_1d,-0.01832135207951069
31,B,persist,fx_level_z_252,-0.01370413601398468
31,B,underwater,kospi_return_1d,0.001277747331187129
31,B,underwater,fx_level_z_252,-0.025108683854341507
31,alpha,,kospi_return_1d,0.00652891444042325
31,alpha,,fx_level_z_252,0.03272237628698349
32,beta,momentum,,-0.03406675532460213
32,beta,persist,,0.050519879907369614
32,beta,underwater,,0.03091394156217575
32,B,momentum,kospi_return_1d,0.0020622655283659697
32,B,momentum,fx_level_z_252,0.0033368999138474464
32,B,persist,kospi_return_1d,-0.018418872728943825
32,B,persist,fx_level_z_252,-0.013243497349321842
32,B,underwater,kospi_return_1d,0.001270522829145193
32,B,underwater,fx_level_z_252,-0.02569650486111641
32,alpha,,kospi_return_1d,0.00735900504514575
32,alpha,,fx_level_z_252,0.03277905285358429
33,beta,momentum,,-0.03409593552350998
33,beta,persist,,0.05169030278921127
33,beta,underwater,,0.03066062740981579
33,B,momentum,kospi_return_1d,0.001959199784323573
33,B,momentum,fx_level_z_252,0.0024937549605965614
33,B,persist,kospi_return_1d,-0.01843528263270855
33,B,persist,fx_level_z_252,-0.012783018872141838
33,B,underwater,kospi_return_1d,0.0012316087959334254
33,B,underwater,fx_level_z_252,-0.0263742096722126
33,alpha,,kospi_return_1d,0.008269019424915314
33,alpha,,fx_level_z_252,0.032851267606019974
34,beta,momentum,,-0.034112390130758286
34,beta,persist,,0.052811842411756516
34,beta,underwater,,0.030356215313076973
34,B,momentum,kospi_return_1d,0.0018518941942602396
34,B,momentum,fx_level_z_252,0.001789488596841693
34,B,persist,kospi_return_1d,-0.018581202253699303
34,B,persist,fx_level_z_252,-0.012326940894126892
34,B,underwater,kospi_return_1d,0.0011293067364022136
34,B,underwater,fx_level_z_252,-0.02720353938639164
34,alpha,,kospi_return_1d,0.009189496748149395
34,alpha,,fx_level_z_252,0.032899800688028336
35,beta,momentum,,-0.0341985709965229
35,beta,persist,,0.05396550893783569
35,beta,underwater,,0.03014439344406128
35,B,momentum,kospi_return_1d,0.0015532963443547487
35,B,momentum,fx_level_z_252,0.0011690407991409302
35,B,persist,kospi_return_1d,-0.018782027065753937
35,B,persist,fx_level_z_252,-0.012038050219416618
35,B,underwater,kospi_return_1d,0.0010650863405317068
35,B,underwater,fx_level_z_252,-0.028010867536067963
35,alpha,,kospi_return_1d,0.009976515546441078
35,alpha,,fx_level_z_252,0.03298858925700188
36,beta,momentum,,-0.03433768078684807
36,beta,persist,,0.05513882264494896
36,beta,underwater,,0.029947349801659584
36,B,momentum,kospi_return_1d,0.0012557095615193248
36,B,momentum,fx_level_z_252,0.0005787793197669089
36,B,persist,kospi_return_1d,-0.018793772906064987
36,B,persist,fx_level_z_252,-0.011778721585869789
36,B,underwater,kospi_return_1d,0.0010360291926190257
36,B,underwater,fx_level_z_252,-0.02872122824192047
36,alpha,,kospi_return_1d,0.010564235970377922
36,alpha,,fx_level_z_252,0.03298228606581688
37,beta,momentum,,-0.03445263206958771
37,beta,persist,,0.05632108077406883
37,beta,underwater,,0.02974754199385643
37,B,momentum,kospi_return_1d,0.0008283171337097883
37,B,momentum,fx_level_z_252,-5.894005880691111e-06
37,B,persist,kospi_return_1d,-0.018730197101831436
37,B,persist,fx_level_z_252,-0.011489620432257652
37,B,underwater,kospi_return_1d,0.0008898070082068443
37,B,underwater,fx_level_z_252,-0.029411254450678825
37,alpha,,kospi_return_1d,0.010830100625753403
37,alpha,,fx_level_z_252,0.032961923629045486
38,beta,momentum,,-0.03456788882613182
38,beta,persist,,0.057450857013463974
38,beta,underwater,,0.029520206153392792
38,B,momentum,kospi_return_1d,0.00041231507202610373
38,B,momentum,fx_level_z_252,-0.0004112469032406807
38,B,persist,kospi_return_1d,-0.018661227077245712
38,B,persist,fx_level_z_252,-0.011231610551476479
38,B,underwater,kospi_return_1d,0.0006252756575122476
38,B,underwater,fx_level_z_252,-0.030056944116950035
38,alpha,,kospi_return_1d,0.011215295642614365
38,alpha,,fx_level_z_252,0.03287627547979355
39,beta,momentum,,-0.034662969410419464
39,beta,persist,,0.058554407209157944
39,beta,underwater,,0.029264645650982857
39,B,momentum,kospi_return_1d,0.00017446663696318865
39,B,momentum,fx_level_z_252,-0.0007183062843978405
39,B,persist,kospi_return_1d,-0.018659722059965134
39,B,persist,fx_level_z_252,-0.011061611585319042
39,B,underwater,kospi_return_1d,0.0002852780744433403
39,B,underwater,fx_level_z_252,-0.030620381236076355
39,alpha,,kospi_return_1d,0.011649932712316513
39,alpha,,fx_level_z_252,0.032713182270526886
40,beta,momentum,,-0.034700747579336166
40,beta,persist,,0.05967980995774269
40,beta,underwater,,0.028971297666430473
40,B,momentum,kospi_return_1d,8.703231287654489e-05
40,B,momentum,fx_level_z_252,-0.0009169978438876569
40,B,persist,kospi_return_1d,-0.018761489540338516
40,B,persist,fx_level_z_252,-0.011088044382631779
40,B,underwater,kospi_return_1d,-6.412850052583963e-05
40,B,underwater,fx_level_z_252,-0.031329840421676636
40,alpha,,kospi_return_1d,0.011995312757790089
40,alpha,,fx_level_z_252,0.03254639357328415
41,beta,momentum,,-0.034737974405288696
41,beta,persist,,0.060783058404922485
41,beta,underwater,,0.028717800974845886
41,B,momentum,kospi_return_1d,7.213297067210078e-05
41,B,momentum,fx_level_z_252,-0.0010937429033219814
41,B,persist,kospi_return_1d,-0.019033892080187798
41,B,persist,fx_level_z_252,-0.01114922296255827
41,B,underwater,kospi_return_1d,-0.0003252151655033231
41,B,underwater,fx_level_z_252,-0.03205687180161476
41,alpha,,kospi_return_1d,0.012406227178871632
41,alpha,,fx_level_z_252,0.032474957406520844
42,beta,momentum,,-0.03483790159225464
42,beta,persist,,0.06190371513366699
42,beta,underwater,,0.028482716530561447
42,B,momentum,kospi_return_1d,1.9254108337918296e-05
42,B,momentum,fx_level_z_252,-0.0012384445872157812
42,B,persist,kospi_return_1d,-0.01927366852760315
42,B,persist,fx_level_z_252,-0.01122251059859991
42,B,underwater,kospi_return_1d,-0.00044253008672967553
42,B,underwater,fx_level_z_252,-0.0326339453458786
42,alpha,,kospi_return_1d,0.01270053256303072
42,alpha,,fx_level_z_252,0.03233569487929344
43,beta,momentum,,-0.03492444381117821
43,beta,persist,,0.06302233785390854
43,beta,underwater,,0.028217004612088203
43,B,momentum,kospi_return_1d,4.297064151614904e-06
43,B,momentum,fx_level_z_252,-0.0013949723215773702
43,B,persist,kospi_return_1d,-0.019448213279247284
43,B,persist,fx_level_z_252,-0.011315970681607723
43,B,underwater,kospi_return_1d,-0.0003330796607770026
43,B,underwater,fx_level_z_252,-0.033147603273391724
43,alpha,,kospi_return_1d,0.013089879415929317
43,alpha,,fx_level_z_252,0.03212863206863403
44,beta,momentum,,-0.034977156668901443
44,beta,persist,,0.06411149352788925
44,beta,underwater,,0.027977149933576584
44,B,momentum,kospi_return_1d,9.977606532629579e-05
44,B,momentum,fx_level_z_252,-0.0016645712312310934
44,B,persist,kospi_return_1d,-0.019670994952321053
44,B,persist,fx_level_z_252,-0.01140532549470663
44,B,underwater,kospi_return_1d,-0.00016238736861851066
44,B,underwater,fx_level_z_252,-0.033430490642786026
44,alpha,,kospi_return_1d,0.01351939421147108
44,alpha,,fx_level_z_252,0.03188333660364151
45,beta,momentum,,-0.03504052385687828
45,beta,persist,,0.06519053131341934
45,beta,underwater,,0.027702677994966507
45,B,momentum,kospi_return_1d,0.00013222245615907013
45,B,momentum,fx_level_z_252,-0.001862084842287004
45,B,persist,kospi_return_1d,-0.019871456548571587
45,B,persist,fx_level_z_252,-0.01169106736779213
45,B,underwater,kospi_return_1d,0.0001662701542954892
45,B,underwater,fx_level_z_252,-0.03374125808477402
45,alpha,,kospi_return_1d,0.013951318338513374
45,alpha,,fx_level_z_252,0.031701698899269104
46,beta,momentum,,-0.03506569191813469
46,beta,persist,,0.06622596085071564
46,beta,underwater,,0.027392126619815826
46,B,momentum,kospi_return_1d,9.746647265274078e-05
46,B,momentum,fx_level_z_252,-0.0020261623430997133
46,B,persist,kospi_return_1d,-0.019919726997613907
46,B,persist,fx_level_z_252,-0.011850808747112751
46,B,underwater,kospi_return_1d,0.00047730200458317995
46,B,underwater,fx_level_z_252,-0.03400811180472374
46,alpha,,kospi_return_1d,0.01446543075144291
46,alpha,,fx_level_z_252,0.03156942501664162
47,beta,momentum,,-0.03508245572447777
47,beta,persist,,0.06728264689445496
47,beta,underwater,,0.027081994339823723
47,B,momentum,kospi_return_1d,0.0001832069392548874
47,B,momentum,fx_level_z_252,-0.0022242446430027485
47,B,persist,kospi_return_1d,-0.019970841705799103
47,B,persist,fx_level_z_252,-0.011959628202021122
47,B,underwater,kospi_return_1d,0.0006721951067447662
47,B,underwater,fx_level_z_252,-0.03417638689279556
47,alpha,,kospi_return_1d,0.01492384448647499
47,alpha,,fx_level_z_252,0.03138456866145134
48,beta,momentum,,-0.03511509671807289
48,beta,persist,,0.06833826005458832
48,beta,underwater,,0.026785925030708313
48,B,momentum,kospi_return_1d,0.00030647299718111753
48,B,momentum,fx_level_z_252,-0.00255361245945096
48,B,persist,kospi_return_1d,-0.02003614790737629
48,B,persist,fx_level_z_252,-0.011958389542996883
48,B,underwater,kospi_return_1d,0.0007518548518419266
48,B,underwater,fx_level_z_252,-0.03421657532453537
48,alpha,,kospi_return_1d,0.015232735313475132
48,alpha,,fx_level_z_252,0.0312807559967041
49,beta,momentum,,-0.03517773374915123
49,beta,persist,,0.06933464109897614
49,beta,underwater,,0.026516228914260864
49,B,momentum,kospi_return_1d,0.0001742390013532713
49,B,momentum,fx_level_z_252,-0.0029670752119272947
49,B,persist,kospi_return_1d,-0.01992468163371086
49,B,persist,fx_level_z_252,-0.011736670508980751
49,B,underwater,kospi_return_1d,0.0007835165597498417
49,B,underwater,fx_level_z_252,-0.034057360142469406
49,alpha,,kospi_return_1d,0.015552260912954807
49,alpha,,fx_level_z_252,0.031149541959166527
50,beta,momentum,,-0.03514878824353218
50,beta,persist,,0.07027352601289749
50,beta,underwater,,0.026236502453684807
50,B,momentum,kospi_return_1d,0.00017610483337193727
50,B,momentum,fx_level_z_252,-0.0035463995300233364
50,B,persist,kospi_return_1d,-0.01996801607310772
50,B,persist,fx_level_z_252,-0.011257723905146122
50,B,underwater,kospi_return_1d,0.0005661024479195476
50,B,underwater,fx_level_z_252,-0.03371013328433037
50,alpha,,kospi_return_1d,0.01576683111488819
50,alpha,,fx_level_z_252,0.03103892132639885
51,beta,momentum,,-0.03510130196809769
51,beta,persist,,0.07119903713464737
51,beta,underwater,,0.0260093305259943
51,B,momentum,kospi_return_1d,0.0004482058575376868
51,B,momentum,fx_level_z_252,-0.004176067188382149
51,B,persist,kospi_return_1d,-0.020092859864234924
51,B,persist,fx_level_z_252,-0.010636257007718086
51,B,underwater,kospi_return_1d,0.00012549971870612353
51,B,underwater,fx_level_z_252,-0.03330892696976662
51,alpha,,kospi_return_1d,0.016045136377215385
51,alpha,,fx_level_z_252,0.03094148263335228
52,beta,momentum,,-0.035100482404232025
52,beta,persist,,0.07214995473623276
52,beta,underwater,,0.025840330868959427
52,B,momentum,kospi_return_1d,0.0005987577023915946
52,B,momentum,fx_level_z_252,-0.004658959805965424
52,B,persist,kospi_return_1d,-0.02031274512410164
52,B,persist,fx_level_z_252,-0.010125506669282913
52,B,underwater,kospi_return_1d,-0.00024148629745468497
52,B,underwater,fx_level_z_252,-0.03299298882484436
52,alpha,,kospi_return_1d,0.016394631937146187
52,alpha,,fx_level_z_252,0.031010186299681664
53,beta,momentum,,-0.03498844802379608
53,beta,persist,,0.07304757088422775
53,beta,underwater,,0.025579659268260002
53,B,momentum,kospi_return_1d,0.0006125784129835665
53,B,momentum,fx_level_z_252,-0.004974850919097662
53,B,persist,kospi_return_1d,-0.02039511688053608
53,B,persist,fx_level_z_252,-0.009621893987059593
53,B,underwater,kospi_return_1d,-0.0002802447124850005
53,B,underwater,fx_level_z_252,-0.03287500515580177
53,alpha,,kospi_return_1d,0.016716286540031433
53,alpha,,fx_level_z_252,0.030972369015216827
54,beta,momentum,,-0.034828830510377884
54,beta,persist,,0.07389745116233826
54,beta,underwater,,0.025249086320400238
54,B,momentum,kospi_return_1d,0.0004958811914548278
54,B,momentum,fx_level_z_252,-0.005081258714199066
54,B,persist,kospi_return_1d,-0.020612435415387154
54,B,persist,fx_level_z_252,-0.009184383787214756
54,B,underwater,kospi_return_1d,-4.259173874743283e-05
54,B,underwater,fx_level_z_252,-0.032949298620224
54,alpha,,kospi_return_1d,0.016985991969704628
54,alpha,,fx_level_z_252,0.030930830165743828
55,beta,momentum,,-0.03470361605286598
55,beta,persist,,0.07475315034389496
55,beta,underwater,,0.02487359568476677
55,B,momentum,kospi_return_1d,0.00026796272140927613
55,B,momentum,fx_level_z_252,-0.005091986618936062
55,B,persist,kospi_return_1d,-0.020696954801678658
55,B,persist,fx_level_z_252,-0.008917291648685932
55,B,underwater,kospi_return_1d,0.0001936553162522614
55,B,underwater,fx_level_z_252,-0.033192966133356094
55,alpha,,kospi_return_1d,0.017341701313853264
55,alpha,,fx_level_z_252,0.03091239370405674
56,beta,momentum,,-0.03455799072980881
56,beta,persist,,0.0755959078669548
56,beta,underwater,,0.024473873898386955
56,B,momentum,kospi_return_1d,0.0001299492723774165
56,B,momentum,fx_level_z_252,-0.005223719868808985
56,B,persist,kospi_return_1d,-0.02059854567050934
56,B,persist,fx_level_z_252,-0.008680885657668114
56,B,underwater,kospi_return_1d,0.00021343526896089315
56,B,underwater,fx_level_z_252,-0.03335266187787056
56,alpha,,kospi_return_1d,0.01769069768488407
56,alpha,,fx_level_z_252,0.030808256939053535
57,beta,momentum,,-0.034451380372047424
57,beta,persist,,0.07644221186637878
57,beta,underwater,,0.024165937677025795
57,B,momentum,kospi_return_1d,3.784804357565008e-05
57,B,momentum,fx_level_z_252,-0.005297269206494093
57,B,persist,kospi_return_1d,-0.020518532022833824
57,B,persist,fx_level_z_252,-0.008376401849091053
57,B,underwater,kospi_return_1d,0.00012499559670686722
57,B,underwater,fx_level_z_252,-0.03347869589924812
57,alpha,,kospi_return_1d,0.017990218475461006
57,alpha,,fx_level_z_252,0.030678849667310715
58,beta,momentum,,-0.03429245203733444
58,beta,persist,,0.0772293359041214
58,beta,underwater,,0.023850250989198685
58,B,momentum,kospi_return_1d,6.906024646013975e-05
58,B,momentum,fx_level_z_252,-0.0053978124633431435
58,B,persist,kospi_return_1d,-0.0206751711666584
58,B,persist,fx_level_z_252,-0.008162875659763813
58,B,underwater,kospi_return_1d,-0.00014066048606764525
58,B,underwater,fx_level_z_252,-0.03360610082745552
58,alpha,,kospi_return_1d,0.018366198986768723
58,alpha,,fx_level_z_252,0.030647993087768555
59,beta,momentum,,-0.034194495528936386
59,beta,persist,,0.07804255932569504
59,beta,underwater,,0.023609131574630737
59,B,momentum,kospi_return_1d,0.00016292024520225823
59,B,momentum,fx_level_z_252,-0.005453791003674269
59,B,persist,kospi_return_1d,-0.020804906263947487
59,B,persist,fx_level_z_252,-0.007924803532660007
59,B,underwater,kospi_return_1d,-0.00033459783298894763
59,B,underwater,fx_level_z_252,-0.03373163193464279
59,alpha,,kospi_return_1d,0.01866745948791504
59,alpha,,fx_level_z_252,0.03058679774403572
60,beta,momentum,,-0.03420957177877426
60,beta,persist,,0.07881827652454376
60,beta,underwater,,0.023325501009821892
60,B,momentum,kospi_return_1d,-2.1517189452424645e-06
60,B,momentum,fx_level_z_252,-0.005303698126226664
60,B,persist,kospi_return_1d,-0.020726513117551804
60,B,persist,fx_level_z_252,-0.007615566719323397
60,B,underwater,kospi_return_1d,-0.00022033471032045782
60,B,underwater,fx_level_z_252,-0.03397006914019585
60,alpha,,kospi_return_1d,0.01903523877263069
60,alpha,,fx_level_z_252,0.03050914779305458
61,beta,momentum,,-0.034164853394031525
61,beta,persist,,0.07955997437238693
61,beta,underwater,,0.023098284378647804
61,B,momentum,kospi_return_1d,-7.062865188345313e-05
61,B,momentum,fx_level_z_252,-0.005209963768720627
61,B,persist,kospi_return_1d,-0.020218603312969208
61,B,persist,fx_level_z_252,-0.007272457238286734
61,B,underwater,kospi_return_1d,0.0001320346782449633
61,B,underwater,fx_level_z_252,-0.034183718264102936
61,alpha,,kospi_return_1d,0.019352199509739876
61,alpha,,fx_level_z_252,0.030440326780080795
62,beta,momentum,,-0.03412298485636711
62,beta,persist,,0.08029644936323166
62,beta,underwater,,0.022875329479575157
62,B,momentum,kospi_return_1d,-4.726326005766168e-05
62,B,momentum,fx_level_z_252,-0.005199264734983444
62,B,persist,kospi_return_1d,-0.019820936024188995
62,B,persist,fx_level_z_252,-0.006939660757780075
62,B,underwater,kospi_return_1d,0.00019204829004593194
62,B,underwater,fx_level_z_252,-0.0342409685254097
62,alpha,,kospi_return_1d,0.019779622554779053
62,alpha,,fx_level_z_252,0.03039245493710041
63,beta,momentum,,-0.034051574766635895
63,beta,persist,,0.0810135081410408
63,beta,underwater,,0.022642485797405243
63,B,momentum,kospi_return_1d,-1.9825558410957456e-05
63,B,momentum,fx_level_z_252,-0.00524252699688077
63,B,persist,kospi_return_1d,-0.019475670531392097
63,B,persist,fx_level_z_252,-0.006420719437301159
63,B,underwater,kospi_return_1d,0.00011457240907475352
63,B,underwater,fx_level_z_252,-0.03426877036690712
63,alpha,,kospi_return_1d,0.020162127912044525
63,alpha,,fx_level_z_252,0.030320797115564346
64,beta,momentum,,-0.033950868993997574
64,beta,persist,,0.0817495584487915
64,beta,underwater,,0.022451546043157578
64,B,momentum,kospi_return_1d,0.00033776264172047377
64,B,momentum,fx_level_z_252,-0.005261132027953863
64,B,persist,kospi_return_1d,-0.019138464704155922
64,B,persist,fx_level_z_252,-0.005959940608590841
64,B,underwater,kospi_return_1d,-7.072914741002023e-05
64,B,underwater,fx_level_z_252,-0.03434735909104347
64,alpha,,kospi_return_1d,0.020567646250128746
64,alpha,,fx_level_z_252,0.030290991067886353
65,beta,momentum,,-0.03384995460510254
65,beta,persist,,0.08249971270561218
65,beta,underwater,,0.022339828312397003
65,B,momentum,kospi_return_1d,0.0007707856129854918
65,B,momentum,fx_level_z_252,-0.005335088353604078
65,B,persist,kospi_return_1d,-0.018764283508062363
65,B,persist,fx_level_z_252,-0.005618644412606955
65,B,underwater,kospi_return_1d,-0.00011202855966985226
65,B,underwater,fx_level_z_252,-0.03434988483786583
65,alpha,,kospi_return_1d,0.020934905856847763
65,alpha,,fx_level_z_252,0.03035927563905716
66,beta,momentum,,-0.033736616373062134
66,beta,persist,,0.08321955054998398
66,beta,underwater,,0.022194255143404007
66,B,momentum,kospi_return_1d,0.0010268804617226124
66,B,momentum,fx_level_z_252,-0.005297759547829628
66,B,persist,kospi_return_1d,-0.018512139096856117
66,B,persist,fx_level_z_252,-0.005376636050641537
66,B,underwater,kospi_return_1d,6.347375165205449e-05
66,B,underwater,fx_level_z_252,-0.03447109833359718
66,alpha,,kospi_return_1d,0.02129278890788555
66,alpha,,fx_level_z_252,0.030354337766766548
67,beta,momentum,,-0.03356856852769852
67,beta,persist,,0.08397255837917328
67,beta,underwater,,0.02201724797487259
67,B,momentum,kospi_return_1d,0.0012086339993402362
67,B,momentum,fx_level_z_252,-0.005245428532361984
67,B,persist,kospi_return_1d,-0.018320035189390182
67,B,persist,fx_level_z_252,-0.005310839973390102
67,B,underwater,kospi_return_1d,0.00021055943216197193
67,B,underwater,fx_level_z_252,-0.03463359922170639
67,alpha,,kospi_return_1d,0.021637510508298874
67,alpha,,fx_level_z_252,0.030283112078905106
68,beta,momentum,,-0.033488042652606964
68,beta,persist,,0.08473951369524002
68,beta,underwater,,0.02191268838942051
68,B,momentum,kospi_return_1d,0.0012483121827244759
68,B,momentum,fx_level_z_252,-0.005217037163674831
68,B,persist,kospi_return_1d,-0.01817854680120945
68,B,persist,fx_level_z_252,-0.005339148920029402
68,B,underwater,kospi_return_1d,0.00010728236520662904
68,B,underwater,fx_level_z_252,-0.03472321107983589
68,alpha,,kospi_return_1d,0.02196221798658371
68,alpha,,fx_level_z_252,0.03024713322520256
69,beta,momentum,,-0.03344963490962982
69,beta,persist,,0.08547553420066833
69,beta,underwater,,0.021813344210386276
69,B,momentum,kospi_return_1d,0.0011312380665913224
69,B,momentum,fx_level_z_252,-0.005285229068249464
69,B,persist,kospi_return_1d,-0.018071334809064865
69,B,persist,fx_level_z_252,-0.005424197297543287
69,B,underwater,kospi_return_1d,-2.0976502128178254e-05
69,B,underwater,fx_level_z_252,-0.0346762053668499
69,alpha,,kospi_return_1d,0.022255565971136093
69,alpha,,fx_level_z_252,0.030215658247470856
70,beta,momentum,,-0.03336102142930031
70,beta,persist,,0.08623196929693222
70,beta,underwater,,0.021650895476341248
70,B,momentum,kospi_return_1d,0.0010442285565659404
70,B,momentum,fx_level_z_252,-0.005280040204524994
70,B,persist,kospi_return_1d,-0.017899006605148315
70,B,persist,fx_level_z_252,-0.005583763588219881
70,B,underwater,kospi_return_1d,-3.400390414753929e-05
70,B,underwater,fx_level_z_252,-0.03471532091498375
70,alpha,,kospi_return_1d,0.02253430336713791
70,alpha,,fx_level_z_252,0.03013733960688114
71,beta,momentum,,-0.03323791176080704
71,beta,persist,,0.08699478954076767
71,beta,underwater,,0.021449724212288857
71,B,momentum,kospi_return_1d,0.0009876941330730915
71,B,momentum,fx_level_z_252,-0.0052727567963302135
71,B,persist,kospi_return_1d,-0.017789052799344063
71,B,persist,fx_level_z_252,-0.005798667669296265
71,B,underwater,kospi_return_1d,5.187540591577999e-05
71,B,underwater,fx_level_z_252,-0.034856200218200684
71,alpha,,kospi_return_1d,0.022813716903328896
71,alpha,,fx_level_z_252,0.03011544607579708
72,beta,momentum,,-0.03305191546678543
72,beta,persist,,0.08773408830165863
72,beta,underwater,,0.02126581221818924
72,B,momentum,kospi_return_1d,0.0012673299061134458
72,B,momentum,fx_level_z_252,-0.00530146574601531
72,B,persist,kospi_return_1d,-0.017917606979608536
72,B,persist,fx_level_z_252,-0.005853756330907345
72,B,underwater,kospi_return_1d,-0.00012831775529775769
72,B,underwater,fx_level_z_252,-0.03487233817577362
72,alpha,,kospi_return_1d,0.023120587691664696
72,alpha,,fx_level_z_252,0.02995128370821476
73,beta,momentum,,-0.03282121568918228
73,beta,persist,,0.08843681216239929
73,beta,underwater,,0.021171584725379944
73,B,momentum,kospi_return_1d,0.0016859725583344698
73,B,momentum,fx_level_z_252,-0.005402462091296911
73,B,persist,kospi_return_1d,-0.018127843737602234
73,B,persist,fx_level_z_252,-0.005974418483674526
73,B,underwater,kospi_return_1d,-0.0003625918470788747
73,B,underwater,fx_level_z_252,-0.03483382612466812
73,alpha,,kospi_return_1d,0.023458292707800865
73,alpha,,fx_level_z_252,0.02972671203315258
74,beta,momentum,,-0.032612837851047516
74,beta,persist,,0.0890776589512825
74,beta,underwater,,0.021128885447978973
74,B,momentum,kospi_return_1d,0.002022581407800317
74,B,momentum,fx_level_z_252,-0.005491730757057667
74,B,persist,kospi_return_1d,-0.018246542662382126
74,B,persist,fx_level_z_252,-0.006181507837027311
74,B,underwater,kospi_return_1d,-0.0003404926392249763
74,B,underwater,fx_level_z_252,-0.034728553146123886
74,alpha,,kospi_return_1d,0.023987283930182457
74,alpha,,fx_level_z_252,0.02954486571252346
75,beta,momentum,,-0.032436780631542206
75,beta,persist,,0.0897066667675972
75,beta,underwater,,0.021096842363476753
75,B,momentum,kospi_return_1d,0.002296541351824999
75,B,momentum,fx_level_z_252,-0.005577528849244118
75,B,persist,kospi_return_1d,-0.0184585340321064
75,B,persist,fx_level_z_252,-0.006270526442676783
75,B,underwater,kospi_return_1d,-0.00031191398738883436
75,B,underwater,fx_level_z_252,-0.03465844318270683
75,alpha,,kospi_return_1d,0.02455209754407406
75,alpha,,fx_level_z_252,0.02940092235803604
76,beta,momentum,,-0.032306794077157974
76,beta,persist,,0.09034352749586105
76,beta,underwater,,0.021041562780737877
76,B,momentum,kospi_return_1d,0.002627852838486433
76,B,momentum,fx_level_z_252,-0.005528665147721767
76,B,persist,kospi_return_1d,-0.018853960558772087
76,B,persist,fx_level_z_252,-0.0063273790292441845
76,B,underwater,kospi_return_1d,-0.0004017801256850362
76,B,underwater,fx_level_z_252,-0.034597162157297134
76,alpha,,kospi_return_1d,0.025076011195778847
76,alpha,,fx_level_z_252,0.029279444366693497
77,beta,momentum,,-0.03223097696900368
77,beta,persist,,0.09095287322998047
77,beta,underwater,,0.020969854667782784
77,B,momentum,kospi_return_1d,0.002778278663754463
77,B,momentum,fx_level_z_252,-0.005373138934373856
77,B,persist,kospi_return_1d,-0.019187742844223976
77,B,persist,fx_level_z_252,-0.006411743350327015
77,B,underwater,kospi_return_1d,-0.00033703583176247776
77,B,underwater,fx_level_z_252,-0.034602630883455276
77,alpha,,kospi_return_1d,0.025729533284902573
77,alpha,,fx_level_z_252,0.029065702110528946
78,beta,momentum,,-0.03224526345729828
78,beta,persist,,0.09158937633037567
78,beta,underwater,,0.020911943167448044
78,B,momentum,kospi_return_1d,0.0028242813423275948
78,B,momentum,fx_level_z_252,-0.005162363406270742
78,B,persist,kospi_return_1d,-0.01939486898481846
78,B,persist,fx_level_z_252,-0.006481863558292389
78,B,underwater,kospi_return_1d,-0.00033738065394572914
78,B,underwater,fx_level_z_252,-0.03458265960216522
78,alpha,,kospi_return_1d,0.026317814365029335
78,alpha,,fx_level_z_252,0.02894759550690651
79,beta,momentum,,-0.03231385350227356
79,beta,persist,,0.09225872159004211
79,beta,underwater,,0.02089848183095455
79,B,momentum,kospi_return_1d,0.0027727086562663317
79,B,momentum,fx_level_z_252,-0.004941190127283335
79,B,persist,kospi_return_1d,-0.01940666139125824
79,B,persist,fx_level_z_252,-0.006630633492022753
79,B,underwater,kospi_return_1d,-0.00020858165225945413
79,B,underwater,fx_level_z_252,-0.03447083383798599
79,alpha,,kospi_return_1d,0.026888253167271614
79,alpha,,fx_level_z_252,0.028860777616500854
80,beta,momentum,,-0.03246919438242912
80,beta,persist,,0.09287956357002258
80,beta,underwater,,0.02088876999914646
80,B,momentum,kospi_return_1d,0.0026549461763352156
80,B,momentum,fx_level_z_252,-0.004750955384224653
80,B,persist,kospi_return_1d,-0.019527891650795937
80,B,persist,fx_level_z_252,-0.006738925352692604
80,B,underwater,kospi_return_1d,-7.81189082772471e-05
80,B,underwater,fx_level_z_252,-0.0342249795794487
80,alpha,,kospi_return_1d,0.02749502845108509
80,alpha,,fx_level_z_252,0.02876214310526848
81,beta,momentum,,-0.03263738006353378
81,beta,persist,,0.0935116782784462
81,beta,underwater,,0.020818505436182022
81,B,momentum,kospi_return_1d,0.002370958449319005
81,B,momentum,fx_level_z_252,-0.004620374646037817
81,B,persist,kospi_return_1d,-0.0195756983011961
81,B,persist,fx_level_z_252,-0.006853647064417601
81,B,underwater,kospi_return_1d,0.00010137901699636132
81,B,underwater,fx_level_z_252,-0.03393670916557312
81,alpha,,kospi_return_1d,0.02803211845457554
81,alpha,,fx_level_z_252,0.02861352078616619
82,beta,momentum,,-0.032800156623125076
82,beta,persist,,0.09415244311094284
82,beta,underwater,,0.02082330919802189
82,B,momentum,kospi_return_1d,0.002251350786536932
82,B,momentum,fx_level_z_252,-0.004565443377941847
82,B,persist,kospi_return_1d,-0.019709639251232147
82,B,persist,fx_level_z_252,-0.0068623702973127365
82,B,underwater,kospi_return_1d,2.6458532374817878e-05
82,B,underwater,fx_level_z_252,-0.033539921045303345
82,alpha,,kospi_return_1d,0.028535643592476845
82,alpha,,fx_level_z_252,0.028628431260585785
83,beta,momentum,,-0.0329362116754055
83,beta,persist,,0.09479609876871109
83,beta,underwater,,0.020882263779640198
83,B,momentum,kospi_return_1d,0.002202386036515236
83,B,momentum,fx_level_z_252,-0.004484265111386776
83,B,persist,kospi_return_1d,-0.01970362290740013
83,B,persist,fx_level_z_252,-0.006853461731225252
83,B,underwater,kospi_return_1d,-0.00013679955736733973
83,B,underwater,fx_level_z_252,-0.033149052411317825
83,alpha,,kospi_return_1d,0.028812505304813385
83,alpha,,fx_level_z_252,0.028732307255268097
84,beta,momentum,,-0.0330575555562973
84,beta,persist,,0.09546695649623871
84,beta,underwater,,0.020934591069817543
84,B,momentum,kospi_return_1d,0.002069320296868682
84,B,momentum,fx_level_z_252,-0.004382006358355284
84,B,persist,kospi_return_1d,-0.019687484949827194
84,B,persist,fx_level_z_252,-0.0068708863109350204
84,B,underwater,kospi_return_1d,-0.00011477949738036841
84,B,underwater,fx_level_z_252,-0.032776448875665665
84,alpha,,kospi_return_1d,0.028986506164073944
84,alpha,,fx_level_z_252,0.028879182413220406
85,beta,momentum,,-0.033202171325683594
85,beta,persist,,0.09614551812410355
85,beta,underwater,,0.020994262769818306
85,B,momentum,kospi_return_1d,0.0019004151690751314
85,B,momentum,fx_level_z_252,-0.004315173253417015
85,B,persist,kospi_return_1d,-0.01951214298605919
85,B,persist,fx_level_z_252,-0.00672485027462244
85,B,underwater,kospi_return_1d,6.24678868916817e-05
85,B,underwater,fx_level_z_252,-0.03237026557326317
85,alpha,,kospi_return_1d,0.029114345088601112
85,alpha,,fx_level_z_252,0.028947189450263977
86,beta,momentum,,-0.03325848653912544
86,beta,persist,,0.09677997976541519
86,beta,underwater,,0.020966464653611183
86,B,momentum,kospi_return_1d,0.001689269789494574
86,B,momentum,fx_level_z_252,-0.004289945121854544
86,B,persist,kospi_return_1d,-0.019315991550683975
86,B,persist,fx_level_z_252,-0.006694910582154989
86,B,underwater,kospi_return_1d,0.00025883069611154497
86,B,underwater,fx_level_z_252,-0.031980857253074646
86,alpha,,kospi_return_1d,0.029136579483747482
86,alpha,,fx_level_z_252,0.028973333537578583
87,beta,momentum,,-0.033224981278181076
87,beta,persist,,0.09738020598888397
87,beta,underwater,,0.020978961139917374
87,B,momentum,kospi_return_1d,0.0018380788387730718
87,B,momentum,fx_level_z_252,-0.004278456326574087
87,B,persist,kospi_return_1d,-0.01923205703496933
87,B,persist,fx_level_z_252,-0.0066421497613191605
87,B,underwater,kospi_return_1d,7.952844316605479e-05
87,B,underwater,fx_level_z_252,-0.031496256589889526
87,alpha,,kospi_return_1d,0.029099242761731148
87,alpha,,fx_level_z_252,0.028997154906392097
88,beta,momentum,,-0.03309718146920204
88,beta,persist,,0.09791109710931778
88,beta,underwater,,0.020914725959300995
88,B,momentum,kospi_return_1d,0.0018895715475082397
88,B,momentum,fx_level_z_252,-0.004207264166325331
88,B,persist,kospi_return_1d,-0.019116053357720375
88,B,persist,fx_level_z_252,-0.006612427532672882
88,B,underwater,kospi_return_1d,-6.549809768330306e-05
88,B,underwater,fx_level_z_252,-0.031158223748207092
88,alpha,,kospi_return_1d,0.029163839295506477
88,alpha,,fx_level_z_252,0.02906891144812107
89,beta,momentum,,-0.032931700348854065
89,beta,persist,,0.09843361377716064
89,beta,underwater,,0.020803121849894524
89,B,momentum,kospi_return_1d,0.002018580213189125
89,B,momentum,fx_level_z_252,-0.004298672080039978
89,B,persist,kospi_return_1d,-0.019053990021348
89,B,persist,fx_level_z_252,-0.006653632037341595
89,B,underwater,kospi_return_1d,-5.6341530580539256e-05
89,B,underwater,fx_level_z_252,-0.030755003914237022
89,alpha,,kospi_return_1d,0.02925562858581543
89,alpha,,fx_level_z_252,0.029189860448241234
90,beta,momentum,,-0.032734937965869904
90,beta,persist,,0.09890954196453094
90,beta,underwater,,0.020562607795000076
90,B,momentum,kospi_return_1d,0.0019876437727361917
90,B,momentum,fx_level_z_252,-0.004328018520027399
90,B,persist,kospi_return_1d,-0.01892666146159172
90,B,persist,fx_level_z_252,-0.006763264536857605
90,B,underwater,kospi_return_1d,4.1645311284810305e-05
90,B,underwater,fx_level_z_252,-0.03060562163591385
90,alpha,,kospi_return_1d,0.02932722307741642
90,alpha,,fx_level_z_252,0.029229631647467613
91,beta,momentum,,-0.03250257298350334
91,beta,persist,,0.09928534179925919
91,beta,underwater,,0.020245756953954697
91,B,momentum,kospi_return_1d,0.0019139641663059592
91,B,momentum,fx_level_z_252,-0.004136364441365004
91,B,persist,kospi_return_1d,-0.018872052431106567
91,B,persist,fx_level_z_252,-0.006811524275690317
91,B,underwater,kospi_return_1d,1.7718641174724326e-05
91,B,underwater,fx_level_z_252,-0.030583996325731277
91,alpha,,kospi_return_1d,0.029691286385059357
91,alpha,,fx_level_z_252,0.029241355136036873
92,beta,momentum,,-0.03230360150337219
92,beta,persist,,0.09972722828388214
92,beta,underwater,,0.019917871803045273
92,B,momentum,kospi_return_1d,0.0018529895460233092
92,B,momentum,fx_level_z_252,-0.004024517256766558
92,B,persist,kospi_return_1d,-0.01895582675933838
92,B,persist,fx_level_z_252,-0.006780833471566439
92,B,underwater,kospi_return_1d,-2.7464498998597264e-05
92,B,underwater,fx_level_z_252,-0.03048871085047722
92,alpha,,kospi_return_1d,0.02991078794002533
92,alpha,,fx_level_z_252,0.029176978394389153
93,beta,momentum,,-0.03213353082537651
93,beta,persist,,0.10018735378980637
93,beta,underwater,,0.019553394988179207
93,B,momentum,kospi_return_1d,0.0015363073907792568
93,B,momentum,fx_level_z_252,-0.0038421473000198603
93,B,persist,kospi_return_1d,-0.018984176218509674
93,B,persist,fx_level_z_252,-0.0065967245027422905
93,B,underwater,kospi_return_1d,0.00017015618504956365
93,B,underwater,fx_level_z_252,-0.03054974414408207
93,alpha,,kospi_return_1d,0.030236776918172836
93,alpha,,fx_level_z_252,0.029090244323015213
94,beta,momentum,,-0.03191704303026199
94,beta,persist,,0.10059737414121628
94,beta,underwater,,0.01910531520843506
94,B,momentum,kospi_return_1d,0.001256308751180768
94,B,momentum,fx_level_z_252,-0.003765480127185583
94,B,persist,kospi_return_1d,-0.019035689532756805
94,B,persist,fx_level_z_252,-0.006203027907758951
94,B,underwater,kospi_return_1d,0.0002153668610844761
94,B,underwater,fx_level_z_252,-0.03060062974691391
94,alpha,,kospi_return_1d,0.030522232875227928
94,alpha,,fx_level_z_252,0.029011143371462822
95,beta,momentum,,-0.03167162090539932
95,beta,persist,,0.1009795069694519
95,beta,underwater,,0.01871216855943203
95,B,momentum,kospi_return_1d,0.0010290190111845732
95,B,momentum,fx_level_z_252,-0.0035788530949503183
95,B,persist,kospi_return_1d,-0.019009092822670937
95,B,persist,fx_level_z_252,-0.005933336913585663
95,B,underwater,kospi_return_1d,9.145990770775825e-05
95,B,underwater,fx_level_z_252,-0.030677013099193573
95,alpha,,kospi_return_1d,0.030789220705628395
95,alpha,,fx_level_z_252,0.028797321021556854
96,beta,momentum,,-0.031423889100551605
96,beta,persist,,0.10132088512182236
96,beta,underwater,,0.018336329609155655
96,B,momentum,kospi_return_1d,0.0009711366728879511
96,B,momentum,fx_level_z_252,-0.0033443758729845285
96,B,persist,kospi_return_1d,-0.019104938954114914
96,B,persist,fx_level_z_252,-0.005699726287275553
96,B,underwater,kospi_return_1d,-0.00026447075651958585
96,B,underwater,fx_level_z_252,-0.03080926276743412
96,alpha,,kospi_return_1d,0.031127411872148514
96,alpha,,fx_level_z_252,0.028676077723503113
97,beta,momentum,,-0.031342796981334686
97,beta,persist,,0.10171397775411606
97,beta,underwater,,0.01809820532798767
97,B,momentum,kospi_return_1d,0.0008949500625021756
97,B,momentum,fx_level_z_252,-0.0030789414886385202
97,B,persist,kospi_return_1d,-0.019087349995970726
97,B,persist,fx_level_z_252,-0.005534743890166283
97,B,underwater,kospi_return_1d,-0.0006750220200046897
97,B,underwater,fx_level_z_252,-0.03090876154601574
97,alpha,,kospi_return_1d,0.03147370368242264
97,alpha,,fx_level_z_252,0.028596755117177963
98,beta,momentum,,-0.03129478171467781
98,beta,persist,,0.10207820683717728
98,beta,underwater,,0.017898079007864
98,B,momentum,kospi_return_1d,0.000752326799556613
98,B,momentum,fx_level_z_252,-0.0026998722460120916
98,B,persist,kospi_return_1d,-0.0190978292375803
98,B,persist,fx_level_z_252,-0.005539414007216692
98,B,underwater,kospi_return_1d,-0.0009682954987511039
98,B,underwater,fx_level_z_252,-0.031191334128379822
98,alpha,,kospi_return_1d,0.03195084631443024
98,alpha,,fx_level_z_252,0.028566909953951836
99,beta,momentum,,-0.031258344650268555
99,beta,persist,,0.10241756588220596
99,beta,underwater,,0.0177410040050745
99,B,momentum,kospi_return_1d,0.0006546067306771874
99,B,momentum,fx_level_z_252,-0.002513452433049679
99,B,persist,kospi_return_1d,-0.019245987758040428
99,B,persist,fx_level_z_252,-0.005490962415933609
99,B,underwater,kospi_return_1d,-0.001192473922856152
99,B,underwater,fx_level_z_252,-0.03129963576793671
99,alpha,,kospi_return_1d,0.0324699804186821
99,alpha,,fx_level_z_252,0.028616132214665413
100,beta,momentum,,-0.031248874962329865
100,beta,persist,,0.102704256772995
100,beta,underwater,,0.01752219721674919
100,B,momentum,kospi_return_1d,0.000706107122823596
100,B,momentum,fx_level_z_252,-0.00225497642531991
100,B,persist,kospi_return_1d,-0.01942659541964531
100,B,persist,fx_level_z_252,-0.005524888634681702
100,B,underwater,kospi_return_1d,-0.001306620193645358
100,B,underwater,fx_level_z_252,-0.031542081385850906
100,alpha,,kospi_return_1d,0.03294984623789787
100,alpha,,fx_level_z_252,0.028667530044913292
101,beta,momentum,,-0.031209755688905716
101,beta,persist,,0.10304398834705353
101,beta,underwater,,0.017292318865656853
101,B,momentum,kospi_return_1d,0.0007112171733751893
101,B,momentum,fx_level_z_252,-0.001976746367290616
101,B,persist,kospi_return_1d,-0.019490858539938927
101,B,persist,fx_level_z_252,-0.005695262923836708
101,B,underwater,kospi_return_1d,-0.0012559472816064954
101,B,underwater,fx_level_z_252,-0.03180398419499397
101,alpha,,kospi_return_1d,0.033302634954452515
101,alpha,,fx_level_z_252,0.028780054301023483
102,beta,momentum,,-0.031169267371296883
102,beta,persist,,0.10337205231189728
102,beta,underwater,,0.01708989031612873
102,B,momentum,kospi_return_1d,0.0006689149886369705
102,B,momentum,fx_level_z_252,-0.0018585330108180642
102,B,persist,kospi_return_1d,-0.019548749551177025
102,B,persist,fx_level_z_252,-0.005886916071176529
102,B,underwater,kospi_return_1d,-0.00111160718370229
102,B,underwater,fx_level_z_252,-0.03197139874100685
102,alpha,,kospi_return_1d,0.033769696950912476
102,alpha,,fx_level_z_252,0.028829919174313545
103,beta,momentum,,-0.031198499724268913
103,beta,persist,,0.10374359041452408
103,beta,underwater,,0.016949985176324844
103,B,momentum,kospi_return_1d,0.0006182120996527374
103,B,momentum,fx_level_z_252,-0.0018690910656005144
103,B,persist,kospi_return_1d,-0.019688120111823082
103,B,persist,fx_level_z_252,-0.006000105757266283
103,B,underwater,kospi_return_1d,-0.0009625303209759295
103,B,underwater,fx_level_z_252,-0.03187580779194832
103,alpha,,kospi_return_1d,0.03408956900238991
103,alpha,,fx_level_z_252,0.028914114460349083
104,beta,momentum,,-0.031185997650027275
104,beta,persist,,0.10410752892494202
104,beta,underwater,,0.016882820054888725
104,B,momentum,kospi_return_1d,0.0007914392044767737
104,B,momentum,fx_level_z_252,-0.001927675330080092
104,B,persist,kospi_return_1d,-0.01982901804149151
104,B,persist,fx_level_z_252,-0.006109864450991154
104,B,underwater,kospi_return_1d,-0.0009055864647962153
104,B,underwater,fx_level_z_252,-0.031632307916879654
104,alpha,,kospi_return_1d,0.034363992512226105
104,alpha,,fx_level_z_252,0.028955550864338875
105,beta,momentum,,-0.031133068725466728
105,beta,persist,,0.10443473607301712
105,beta,underwater,,0.01690136082470417
105,B,momentum,kospi_return_1d,0.001132977195084095
105,B,momentum,fx_level_z_252,-0.00215992727316916
105,B,persist,kospi_return_1d,-0.020039625465869904
105,B,persist,fx_level_z_252,-0.006112590432167053
105,B,underwater,kospi_return_1d,-0.0008615604601800442
105,B,underwater,fx_level_z_252,-0.03128524497151375
105,alpha,,kospi_return_1d,0.03451519086956978
105,alpha,,fx_level_z_252,0.028897933661937714
106,beta,momentum,,-0.031006665900349617
106,beta,persist,,0.10479249060153961
106,beta,underwater,,0.01689605973660946
106,B,momentum,kospi_return_1d,0.00162259500939399
106,B,momentum,fx_level_z_252,-0.0024876149836927652
106,B,persist,kospi_return_1d,-0.02039673924446106
106,B,persist,fx_level_z_252,-0.0060446602292358875
106,B,underwater,kospi_return_1d,-0.0009521240717731416
106,B,underwater,fx_level_z_252,-0.03084186464548111
106,alpha,,kospi_return_1d,0.03465511277318001
106,alpha,,fx_level_z_252,0.02897021546959877
107,beta,momentum,,-0.030846495181322098
107,beta,persist,,0.10514025390148163
107,beta,underwater,,0.016915341839194298
107,B,momentum,kospi_return_1d,0.0020695545244961977
107,B,momentum,fx_level_z_252,-0.00284861889667809
107,B,persist,kospi_return_1d,-0.02066955156624317
107,B,persist,fx_level_z_252,-0.005889801774173975
107,B,underwater,kospi_return_1d,-0.0008885475108399987
107,B,underwater,fx_level_z_252,-0.030371226370334625
107,alpha,,kospi_return_1d,0.03474992513656616
107,alpha,,fx_level_z_252,0.02896862104535103
108,beta,momentum,,-0.030727453529834747
108,beta,persist,,0.1054116040468216
108,beta,underwater,,0.01691008359193802
108,B,momentum,kospi_return_1d,0.0022983336821198463
108,B,momentum,fx_level_z_252,-0.003144092159345746
108,B,persist,kospi_return_1d,-0.020992331206798553
108,B,persist,fx_level_z_252,-0.005824094172567129
108,B,underwater,kospi_return_1d,-0.000618248712271452
108,B,underwater,fx_level_z_252,-0.029862379655241966
108,alpha,,kospi_return_1d,0.034906934946775436
108,alpha,,fx_level_z_252,0.028869904577732086
109,beta,momentum,,-0.030582217499613762
109,beta,persist,,0.10566864907741547
109,beta,underwater,,0.01689811982214451
109,B,momentum,kospi_return_1d,0.0024475720711052418
109,B,momentum,fx_level_z_252,-0.0033751889131963253
109,B,persist,kospi_return_1d,-0.02115016244351864
109,B,persist,fx_level_z_252,-0.005768223665654659
109,B,underwater,kospi_return_1d,-0.00014431963791139424
109,B,underwater,fx_level_z_252,-0.02947445586323738
109,alpha,,kospi_return_1d,0.03508001193404198
109,alpha,,fx_level_z_252,0.02864479273557663
110,beta,momentum,,-0.030516548082232475
110,beta,persist,,0.10594452917575836
110,beta,underwater,,0.01683930493891239
110,B,momentum,kospi_return_1d,0.002524431562051177
110,B,momentum,fx_level_z_252,-0.003561618970707059
110,B,persist,kospi_return_1d,-0.021334918215870857
110,B,persist,fx_level_z_252,-0.00566011480987072
110,B,underwater,kospi_return_1d,0.00021804434072691947
110,B,underwater,fx_level_z_252,-0.029224958270788193
110,alpha,,kospi_return_1d,0.03513014689087868
110,alpha,,fx_level_z_252,0.028403770178556442
111,beta,momentum,,-0.030492223799228668
111,beta,persist,,0.10618528723716736
111,beta,underwater,,0.0167329590767622
111,B,momentum,kospi_return_1d,0.0025010390672832727
111,B,momentum,fx_level_z_252,-0.003528281580656767
111,B,persist,kospi_return_1d,-0.021542606875300407
111,B,persist,fx_level_z_252,-0.005640306510031223
111,B,underwater,kospi_return_1d,0.0003387719043530524
111,B,underwater,fx_level_z_252,-0.029116202145814896
111,alpha,,kospi_return_1d,0.03508063033223152
111,alpha,,fx_level_z_252,0.028290580958127975
112,beta,momentum,,-0.030612459406256676
112,beta,persist,,0.10645068436861038
112,beta,underwater,,0.016700701788067818
112,B,momentum,kospi_return_1d,0.002426308346912265
112,B,momentum,fx_level_z_252,-0.003485311521217227
112,B,persist,kospi_return_1d,-0.021708685904741287
112,B,persist,fx_level_z_252,-0.005596838425844908
112,B,underwater,kospi_return_1d,0.0002176641282858327
112,B,underwater,fx_level_z_252,-0.029008937999606133
112,alpha,,kospi_return_1d,0.034914445132017136
112,alpha,,fx_level_z_252,0.028129935264587402
113,beta,momentum,,-0.030710497871041298
113,beta,persist,,0.10670965909957886
113,beta,underwater,,0.016650183126330376
113,B,momentum,kospi_return_1d,0.0023849080316722393
113,B,momentum,fx_level_z_252,-0.003431918565183878
113,B,persist,kospi_return_1d,-0.021763762459158897
113,B,persist,fx_level_z_252,-0.005392978433519602
113,B,underwater,kospi_return_1d,-0.00011051452020183206
113,B,underwater,fx_level_z_252,-0.028834819793701172
113,alpha,,kospi_return_1d,0.03470100089907646
113,alpha,,fx_level_z_252,0.02793586626648903
114,beta,momentum,,-0.030707916244864464
114,beta,persist,,0.10687889158725739
114,beta,underwater,,0.01650375686585903
114,B,momentum,kospi_return_1d,0.0021903521846979856
114,B,momentum,fx_level_z_252,-0.0033211393747478724
114,B,persist,kospi_return_1d,-0.021556437015533447
114,B,persist,fx_level_z_252,-0.005265896674245596
114,B,underwater,kospi_return_1d,-0.00020943045092280954
114,B,underwater,fx_level_z_252,-0.028757387772202492
114,alpha,,kospi_return_1d,0.034625761210918427
114,alpha,,fx_level_z_252,0.02762061171233654
115,beta,momentum,,-0.030604925006628036
115,beta,persist,,0.10701534152030945
115,beta,underwater,,0.016244390979409218
115,B,momentum,kospi_return_1d,0.0019884074572473764
115,B,momentum,fx_level_z_252,-0.003156018443405628
115,B,persist,kospi_return_1d,-0.021419983357191086
115,B,persist,fx_level_z_252,-0.005096107255667448
115,B,underwater,kospi_return_1d,-0.0001082085000234656
115,B,underwater,fx_level_z_252,-0.02881932444870472
115,alpha,,kospi_return_1d,0.03466132655739784
115,alpha,,fx_level_z_252,0.027365272864699364
116,beta,momentum,,-0.030634399503469467
116,beta,persist,,0.10719632357358932
116,beta,underwater,,0.016083328053355217
116,B,momentum,kospi_return_1d,0.0017056151991710067
116,B,momentum,fx_level_z_252,-0.0029085457790642977
116,B,persist,kospi_return_1d,-0.02128678187727928
116,B,persist,fx_level_z_252,-0.005039946176111698
116,B,underwater,kospi_return_1d,-3.155579179292545e-05
116,B,underwater,fx_level_z_252,-0.028905212879180908
116,alpha,,kospi_return_1d,0.034699924290180206
116,alpha,,fx_level_z_252,0.027166059240698814
117,beta,momentum,,-0.030612513422966003
117,beta,persist,,0.1074092760682106
117,beta,underwater,,0.01580824889242649
117,B,momentum,kospi_return_1d,0.0013782534515485168
117,B,momentum,fx_level_z_252,-0.0026955718640238047
117,B,persist,kospi_return_1d,-0.021164409816265106
117,B,persist,fx_level_z_252,-0.005076390691101551
117,B,underwater,kospi_return_1d,7.302069570869207e-05
117,B,underwater,fx_level_z_252,-0.029049372300505638
117,alpha,,kospi_return_1d,0.03473639488220215
117,alpha,,fx_level_z_252,0.026820378378033638
118,beta,momentum,,-0.030551398172974586
118,beta,persist,,0.10766084492206573
118,beta,underwater,,0.015515930019319057
118,B,momentum,kospi_return_1d,0.0011166128097102046
118,B,momentum,fx_level_z_252,-0.002423000056296587
118,B,persist,kospi_return_1d,-0.02114781178534031
118,B,persist,fx_level_z_252,-0.004973334725946188
118,B,underwater,kospi_return_1d,0.00017807839321903884
118,B,underwater,fx_level_z_252,-0.029211780056357384
118,alpha,,kospi_return_1d,0.0346621572971344
118,alpha,,fx_level_z_252,0.026576457545161247
119,beta,momentum,,-0.030461430549621582
119,beta,persist,,0.10791581124067307
119,beta,underwater,,0.015361815690994263
119,B,momentum,kospi_return_1d,0.0010840465547516942
119,B,momentum,fx_level_z_252,-0.002289136406034231
119,B,persist,kospi_return_1d,-0.021288495510816574
119,B,persist,fx_level_z_252,-0.004738650284707546
119,B,underwater,kospi_return_1d,3.046256460947916e-05
119,B,underwater,fx_level_z_252,-0.029301540926098824
119,alpha,,kospi_return_1d,0.03471633419394493
119,alpha,,fx_level_z_252,0.02651660144329071
120,beta,momentum,,-0.030447792261838913
120,beta,persist,,0.1081412062048912
120,beta,underwater,,0.015331383794546127
120,B,momentum,kospi_return_1d,0.0011052933987230062
120,B,momentum,fx_level_z_252,-0.002108620712533593
120,B,persist,kospi_return_1d,-0.021196825429797173
120,B,persist,fx_level_z_252,-0.0046090190298855305
120,B,underwater,kospi_return_1d,-0.00019758263078983873
120,B,underwater,fx_level_z_252,-0.02939325012266636
120,alpha,,kospi_return_1d,0.03477676585316658
120,alpha,,fx_level_z_252,0.02653028443455696
121,beta,momentum,,-0.030393870547413826
121,beta,persist,,0.10829240828752518
121,beta,underwater,,0.015306804329156876
121,B,momentum,kospi_return_1d,0.0012688859133049846
121,B,momentum,fx_level_z_252,-0.002158575225621462
121,B,persist,kospi_return_1d,-0.021260658279061317
121,B,persist,fx_level_z_252,-0.004367925692349672
121,B,underwater,kospi_return_1d,-0.0004588523879647255
121,B,underwater,fx_level_z_252,-0.029140319675207138
121,alpha,,kospi_return_1d,0.03487830236554146
121,alpha,,fx_level_z_252,0.026361364871263504
122,beta,momentum,,-0.030244609341025352
122,beta,persist,,0.10847369581460953
122,beta,underwater,,0.015185454860329628
122,B,momentum,kospi_return_1d,0.0015585138462483883
122,B,momentum,fx_level_z_252,-0.0022200727835297585
122,B,persist,kospi_return_1d,-0.021424483507871628
122,B,persist,fx_level_z_252,-0.004123577382415533
122,B,underwater,kospi_return_1d,-0.0007365226629190147
122,B,underwater,fx_level_z_252,-0.028986619785428047
122,alpha,,kospi_return_1d,0.03497970476746559
122,alpha,,fx_level_z_252,0.026152776554226875
123,beta,momentum,,-0.030116941779851913
123,beta,persist,,0.10862018167972565
123,beta,underwater,,0.015033467672765255
123,B,momentum,kospi_return_1d,0.0017613825621083379
123,B,momentum,fx_level_z_252,-0.0021817053202539682
123,B,persist,kospi_return_1d,-0.02149989828467369
123,B,persist,fx_level_z_252,-0.003946452867239714
123,B,underwater,kospi_return_1d,-0.0009896792471408844
123,B,underwater,fx_level_z_252,-0.028929639607667923
123,alpha,,kospi_return_1d,0.03525689244270325
123,alpha,,fx_level_z_252,0.025983400642871857
124,beta,momentum,,-0.03023269586265087
124,beta,persist,,0.10880579054355621
124,beta,underwater,,0.015019194222986698
124,B,momentum,kospi_return_1d,0.0019399917218834162
124,B,momentum,fx_level_z_252,-0.0018611644627526402
124,B,persist,kospi_return_1d,-0.021666860207915306
124,B,persist,fx_level_z_252,-0.004116097465157509
124,B,underwater,kospi_return_1d,-0.001263770624063909
124,B,underwater,fx_level_z_252,-0.029173485934734344
124,alpha,,kospi_return_1d,0.035517413169145584
124,alpha,,fx_level_z_252,0.026095977053046227
125,beta,momentum,,-0.030361358076334
125,beta,persist,,0.10899226367473602
125,beta,underwater,,0.015106011182069778
125,B,momentum,kospi_return_1d,0.002007629256695509
125,B,momentum,fx_level_z_252,-0.0014900173991918564
125,B,persist,kospi_return_1d,-0.021795349195599556
125,B,persist,fx_level_z_252,-0.004318200517445803
125,B,underwater,kospi_return_1d,-0.001406711875461042
125,B,underwater,fx_level_z_252,-0.029464690014719963
125,alpha,,kospi_return_1d,0.035905878990888596
125,alpha,,fx_level_z_252,0.0263955257833004
126,beta,momentum,,-0.03048715367913246
126,beta,persist,,0.10913566499948502
126,beta,underwater,,0.015200537629425526
126,B,momentum,kospi_return_1d,0.0017318159807473421
126,B,momentum,fx_level_z_252,-0.0010537817142903805
126,B,persist,kospi_return_1d,-0.021720515564084053
126,B,persist,fx_level_z_252,-0.004553982987999916
126,B,underwater,kospi_return_1d,-0.0014617793494835496
126,B,underwater,fx_level_z_252,-0.0296616330742836
126,alpha,,kospi_return_1d,0.03635897859930992
126,alpha,,fx_level_z_252,0.026644257828593254
127,beta,momentum,,-0.03064948506653309
127,beta,persist,,0.10930407792329788
127,beta,underwater,,0.015406412072479725
127,B,momentum,kospi_return_1d,0.0015748025616630912
127,B,momentum,fx_level_z_252,-0.000580884050577879
127,B,persist,kospi_return_1d,-0.02143247425556183
127,B,persist,fx_level_z_252,-0.004828889388591051
127,B,underwater,kospi_return_1d,-0.0013567015994340181
127,B,underwater,fx_level_z_252,-0.02978825755417347
127,alpha,,kospi_return_1d,0.03684427589178085
127,alpha,,fx_level_z_252,0.02705802582204342
128,beta,momentum,,-0.030746502801775932
128,beta,persist,,0.10951647907495499
128,beta,underwater,,0.015707025304436684
128,B,momentum,kospi_return_1d,0.0016129447612911463
128,B,momentum,fx_level_z_252,-7.376543362624943e-05
128,B,persist,kospi_return_1d,-0.021146604791283607
128,B,persist,fx_level_z_252,-0.005037190392613411
128,B,underwater,kospi_return_1d,-0.0012648189440369606
128,B,underwater,fx_level_z_252,-0.029737429693341255
128,alpha,,kospi_return_1d,0.03703443333506584
128,alpha,,fx_level_z_252,0.027305452153086662
129,beta,momentum,,-0.03075210191309452
129,beta,persist,,0.10967545956373215
129,beta,underwater,,0.015997933223843575
129,B,momentum,kospi_return_1d,0.0016937771579250693
129,B,momentum,fx_level_z_252,0.00023868180869612843
129,B,persist,kospi_return_1d,-0.020827224478125572
129,B,persist,fx_level_z_252,-0.005041278898715973
129,B,underwater,kospi_return_1d,-0.001126515562646091
129,B,underwater,fx_level_z_252,-0.029578207060694695
129,alpha,,kospi_return_1d,0.037154700607061386
129,alpha,,fx_level_z_252,0.02752474695444107
130,beta,momentum,,-0.030643709003925323
130,beta,persist,,0.10986839979887009
130,beta,underwater,,0.01615086756646633
130,B,momentum,kospi_return_1d,0.00172362569719553
130,B,momentum,fx_level_z_252,0.0001156600410467945
130,B,persist,kospi_return_1d,-0.020456895232200623
130,B,persist,fx_level_z_252,-0.0049608564004302025
130,B,underwater,kospi_return_1d,-0.0008769496344029903
130,B,underwater,fx_level_z_252,-0.029433872550725937
130,alpha,,kospi_return_1d,0.037327129393815994
130,alpha,,fx_level_z_252,0.027737123891711235
131,beta,momentum,,-0.030522340908646584
131,beta,persist,,0.11002779752016068
131,beta,underwater,,0.016179127618670464
131,B,momentum,kospi_return_1d,0.0017118995310738683
131,B,momentum,fx_level_z_252,-0.00010901554196607322
131,B,persist,kospi_return_1d,-0.020273668691515923
131,B,persist,fx_level_z_252,-0.004837818443775177
131,B,underwater,kospi_return_1d,-0.0005175622063688934
131,B,underwater,fx_level_z_252,-0.02925463765859604
131,alpha,,kospi_return_1d,0.03744629770517349
131,alpha,,fx_level_z_252,0.02792075276374817
132,beta,momentum,,-0.030479995533823967
132,beta,persist,,0.11011447012424469
132,beta,underwater,,0.016089029610157013
132,B,momentum,kospi_return_1d,0.0017267094226554036
132,B,momentum,fx_level_z_252,-0.0003245422849431634
132,B,persist,kospi_return_1d,-0.020139198750257492
132,B,persist,fx_level_z_252,-0.0045047421008348465
132,B,underwater,kospi_return_1d,-0.0002863721165340394
132,B,underwater,fx_level_z_252,-0.029105549678206444
132,alpha,,kospi_return_1d,0.037462662905454636
132,alpha,,fx_level_z_252,0.028156572952866554
133,beta,momentum,,-0.030497422441840172
133,beta,persist,,0.1102178618311882
133,beta,underwater,,0.016045846045017242
133,B,momentum,kospi_return_1d,0.0016977926716208458
133,B,momentum,fx_level_z_252,-0.000562377623282373
133,B,persist,kospi_return_1d,-0.020177291706204414
133,B,persist,fx_level_z_252,-0.004131009336560965
133,B,underwater,kospi_return_1d,-0.00011709283717209473
133,B,underwater,fx_level_z_252,-0.028812412172555923
133,alpha,,kospi_return_1d,0.03735414147377014
133,alpha,,fx_level_z_252,0.02846716158092022
134,beta,momentum,,-0.03042677603662014
134,beta,persist,,0.11033695936203003
134,beta,underwater,,0.016044361516833305
134,B,momentum,kospi_return_1d,0.0017889431910589337
134,B,momentum,fx_level_z_252,-0.0008547480683773756
134,B,persist,kospi_return_1d,-0.02011038176715374
134,B,persist,fx_level_z_252,-0.0037979837507009506
134,B,underwater,kospi_return_1d,-3.2172552892006934e-05
134,B,underwater,fx_level_z_252,-0.02849537692964077
134,alpha,,kospi_return_1d,0.03730602189898491
134,alpha,,fx_level_z_252,0.028757022693753242
135,beta,momentum,,-0.03018791787326336
135,beta,persist,,0.11041895300149918
135,beta,underwater,,0.015817293897271156
135,B,momentum,kospi_return_1d,0.001997062936425209
135,B,momentum,fx_level_z_252,-0.001152265234850347
135,B,persist,kospi_return_1d,-0.0198938250541687
135,B,persist,fx_level_z_252,-0.003401509951800108
135,B,underwater,kospi_return_1d,0.0001977306674234569
135,B,underwater,fx_level_z_252,-0.028284955769777298
135,alpha,,kospi_return_1d,0.037435609847307205
135,alpha,,fx_level_z_252,0.02870665304362774
136,beta,momentum,,-0.029990607872605324
136,beta,persist,,0.11048772931098938
136,beta,underwater,,0.015551713295280933
136,B,momentum,kospi_return_1d,0.0020403279922902584
136,B,momentum,fx_level_z_252,-0.0013213318306952715
136,B,persist,kospi_return_1d,-0.019712230190634727
136,B,persist,fx_level_z_252,-0.0030829673632979393
136,B,underwater,kospi_return_1d,0.00014932762132957578
136,B,underwater,fx_level_z_252,-0.028094731271266937
136,alpha,,kospi_return_1d,0.037491098046302795
136,alpha,,fx_level_z_252,0.02861136756837368
137,beta,momentum,,-0.02986902929842472
137,beta,persist,,0.11067131906747818
137,beta,underwater,,0.015387422405183315
137,B,momentum,kospi_return_1d,0.0020259302109479904
137,B,momentum,fx_level_z_252,-0.0014865639386698604
137,B,persist,kospi_return_1d,-0.01950005255639553
137,B,persist,fx_level_z_252,-0.0028762060683220625
137,B,underwater,kospi_return_1d,0.00013736072287429124
137,B,underwater,fx_level_z_252,-0.028047310188412666
137,alpha,,kospi_return_1d,0.03746749088168144
137,alpha,,fx_level_z_252,0.028610847890377045
138,beta,momentum,,-0.02983509935438633
138,beta,persist,,0.11081279069185257
138,beta,underwater,,0.015253334306180477
138,B,momentum,kospi_return_1d,0.0020139843691140413
138,B,momentum,fx_level_z_252,-0.0016804805491119623
138,B,persist,kospi_return_1d,-0.01933961920440197
138,B,persist,fx_level_z_252,-0.0027861827984452248
138,B,underwater,kospi_return_1d,-9.428248449694365e-05
138,B,underwater,fx_level_z_252,-0.02797551266849041
138,alpha,,kospi_return_1d,0.03733927384018898
138,alpha,,fx_level_z_252,0.028610043227672577
139,beta,momentum,,-0.029771452769637108
139,beta,persist,,0.11100973933935165
139,beta,underwater,,0.015127723105251789
139,B,momentum,kospi_return_1d,0.0019961586222052574
139,B,momentum,fx_level_z_252,-0.0017894034972414374
139,B,persist,kospi_return_1d,-0.01921175606548786
139,B,persist,fx_level_z_252,-0.002846244489774108
139,B,underwater,kospi_return_1d,-0.0002658900339156389
139,B,underwater,fx_level_z_252,-0.02800956927239895
139,alpha,,kospi_return_1d,0.03717245161533356
139,alpha,,fx_level_z_252,0.028552712872624397
140,beta,momentum,,-0.029829002916812897
140,beta,persist,,0.11120183020830154
140,beta,underwater,,0.015058942139148712
140,B,momentum,kospi_return_1d,0.0019893567077815533
140,B,momentum,fx_level_z_252,-0.0018233618466183543
140,B,persist,kospi_return_1d,-0.019090699031949043
140,B,persist,fx_level_z_252,-0.0028996297623962164
140,B,underwater,kospi_return_1d,-0.00044390035327523947
140,B,underwater,fx_level_z_252,-0.02792956307530403
140,alpha,,kospi_return_1d,0.03698694705963135
140,alpha,,fx_level_z_252,0.028423381969332695
141,beta,momentum,,-0.02992008998990059
141,beta,persist,,0.11146951466798782
141,beta,underwater,,0.015136459842324257
141,B,momentum,kospi_return_1d,0.0019355067051947117
141,B,momentum,fx_level_z_252,-0.0017816431354731321
141,B,persist,kospi_return_1d,-0.018939023837447166
141,B,persist,fx_level_z_252,-0.0031312410719692707
141,B,underwater,kospi_return_1d,-0.000531922560185194
141,B,underwater,fx_level_z_252,-0.02777259424328804
141,alpha,,kospi_return_1d,0.03671063482761383
141,alpha,,fx_level_z_252,0.028282582759857178
142,beta,momentum,,-0.030094442889094353
142,beta,persist,,0.11170466989278793
142,beta,underwater,,0.015230811201035976
142,B,momentum,kospi_return_1d,0.0016652975464239717
142,B,momentum,fx_level_z_252,-0.001694653881713748
142,B,persist,kospi_return_1d,-0.0186406709253788
142,B,persist,fx_level_z_252,-0.0033540946897119284
142,B,underwater,kospi_return_1d,-0.0004900521016679704
142,B,underwater,fx_level_z_252,-0.02759004570543766
142,alpha,,kospi_return_1d,0.03650148957967758
142,alpha,,fx_level_z_252,0.02818506769835949
143,beta,momentum,,-0.030122660100460052
143,beta,persist,,0.11187823116779327
143,beta,underwater,,0.015154790133237839
143,B,momentum,kospi_return_1d,0.0015402387361973524
143,B,momentum,fx_level_z_252,-0.0017527783056721091
143,B,persist,kospi_return_1d,-0.01864955760538578
143,B,persist,fx_level_z_252,-0.0034789794590324163
143,B,underwater,kospi_return_1d,-0.00041884559323079884
143,B,underwater,fx_level_z_252,-0.02743416652083397
143,alpha,,kospi_return_1d,0.036424629390239716
143,alpha,,fx_level_z_252,0.02815394289791584
144,beta,momentum,,-0.030111894011497498
144,beta,persist,,0.11198078095912933
144,beta,underwater,,0.015083428472280502
144,B,momentum,kospi_return_1d,0.0013319499557837844
144,B,momentum,fx_level_z_252,-0.001828813343308866
144,B,persist,kospi_return_1d,-0.01876961439847946
144,B,persist,fx_level_z_252,-0.0034901651088148355
144,B,underwater,kospi_return_1d,-0.00026847992558032274
144,B,underwater,fx_level_z_252,-0.027361273765563965
144,alpha,,kospi_return_1d,0.03647743910551071
144,alpha,,fx_level_z_252,0.028089679777622223
145,beta,momentum,,-0.030012071132659912
145,beta,persist,,0.11203639954328537
145,beta,underwater,,0.014970440417528152
145,B,momentum,kospi_return_1d,0.001311784377321601
145,B,momentum,fx_level_z_252,-0.0018362437840551138
145,B,persist,kospi_return_1d,-0.01896585151553154
145,B,persist,fx_level_z_252,-0.0035549993626773357
145,B,underwater,kospi_return_1d,-8.234841516241431e-05
145,B,underwater,fx_level_z_252,-0.02742203325033188
145,alpha,,kospi_return_1d,0.0367678627371788
145,alpha,,fx_level_z_252,0.028005119413137436
146,beta,momentum,,-0.0299063753336668
146,beta,persist,,0.11218935996294022
146,beta,underwater,,0.015012837015092373
146,B,momentum,kospi_return_1d,0.001334198284894228
146,B,momentum,fx_level_z_252,-0.0018066978082060814
146,B,persist,kospi_return_1d,-0.018954405561089516
146,B,persist,fx_level_z_252,-0.003652179380878806
146,B,underwater,kospi_return_1d,-1.1857260687975213e-05
146,B,underwater,fx_level_z_252,-0.02739659696817398
146,alpha,,kospi_return_1d,0.03686163201928139
146,alpha,,fx_level_z_252,0.027965890243649483
147,beta,momentum,,-0.02977258339524269
147,beta,persist,,0.11228595674037933
147,beta,underwater,,0.014952940866351128
147,B,momentum,kospi_return_1d,0.0014052712358534336
147,B,momentum,fx_level_z_252,-0.0017096878727898002
147,B,persist,kospi_return_1d,-0.01895839162170887
147,B,persist,fx_level_z_252,-0.003625153563916683
147,B,underwater,kospi_return_1d,-9.277422213926911e-05
147,B,underwater,fx_level_z_252,-0.027455095201730728
147,alpha,,kospi_return_1d,0.036975566297769547
147,alpha,,fx_level_z_252,0.027972696349024773
148,beta,momentum,,-0.029621774330735207
148,beta,persist,,0.11237805336713791
148,beta,underwater,,0.014876657165586948
148,B,momentum,kospi_return_1d,0.0013896665768697858
148,B,momentum,fx_level_z_252,-0.0015530817909166217
148,B,persist,kospi_return_1d,-0.018970118835568428
148,B,persist,fx_level_z_252,-0.0035167853347957134
148,B,underwater,kospi_return_1d,-7.172242476372048e-05
148,B,underwater,fx_level_z_252,-0.027653221040964127
148,alpha,,kospi_return_1d,0.03711400553584099
148,alpha,,fx_level_z_252,0.028073225170373917
149,beta,momentum,,-0.029516087844967842
149,beta,persist,,0.11244393140077591
149,beta,underwater,,0.014864560216665268
149,B,momentum,kospi_return_1d,0.0013893201248720288
149,B,momentum,fx_level_z_252,-0.0013232985511422157
149,B,persist,kospi_return_1d,-0.01905886083841324
149,B,persist,fx_level_z_252,-0.0033758943900465965
149,B,underwater,kospi_return_1d,-0.00022258228273130953
149,B,underwater,fx_level_z_252,-0.027714187279343605
149,alpha,,kospi_return_1d,0.037224769592285156
149,alpha,,fx_level_z_252,0.028199193999171257
150,beta,momentum,,-0.029381373897194862
150,beta,persist,,0.11246142536401749
150,beta,underwater,,0.014807421714067459
150,B,momentum,kospi_return_1d,0.0013194172643125057
150,B,momentum,fx_level_z_252,-0.0011044665006920695
150,B,persist,kospi_return_1d,-0.019152818247675896
150,B,persist,fx_level_z_252,-0.0032575693912804127
150,B,underwater,kospi_return_1d,-0.0002869958698283881
150,B,underwater,fx_level_z_252,-0.027805715799331665
150,alpha,,kospi_return_1d,0.03735348582267761
150,alpha,,fx_level_z_252,0.028389493003487587
151,beta,momentum,,-0.029338253661990166
151,beta,persist,,0.11256648600101471
151,beta,underwater,,0.014766630716621876
151,B,momentum,kospi_return_1d,0.001478987862356007
151,B,momentum,fx_level_z_252,-0.0009048735955730081
151,B,persist,kospi_return_1d,-0.01939765363931656
151,B,persist,fx_level_z_252,-0.0033181081525981426
151,B,underwater,kospi_return_1d,-0.0004760139563586563
151,B,underwater,fx_level_z_252,-0.027642933651804924
151,alpha,,kospi_return_1d,0.03731247037649155
151,alpha,,fx_level_z_252,0.02846154384315014
152,beta,momentum,,-0.029268400743603706
152,beta,persist,,0.11263930797576904
152,beta,underwater,,0.014783574268221855
152,B,momentum,kospi_return_1d,0.0014625394251197577
152,B,momentum,fx_level_z_252,-0.000928170164115727
152,B,persist,kospi_return_1d,-0.01973591186106205
152,B,persist,fx_level_z_252,-0.003323454177007079
152,B,underwater,kospi_return_1d,-0.0005079901893623173
152,B,underwater,fx_level_z_252,-0.02725359797477722
152,alpha,,kospi_return_1d,0.03720690310001373
152,alpha,,fx_level_z_252,0.02850358746945858
153,beta,momentum,,-0.02926117181777954
153,beta,persist,,0.11270026117563248
153,beta,underwater,,0.014704438857734203
153,B,momentum,kospi_return_1d,0.0015132573898881674
153,B,momentum,fx_level_z_252,-0.0008155632531270385
153,B,persist,kospi_return_1d,-0.020161615684628487
153,B,persist,fx_level_z_252,-0.0032755048014223576
153,B,underwater,kospi_return_1d,-0.0007313179085031152
153,B,underwater,fx_level_z_252,-0.026952248066663742
153,alpha,,kospi_return_1d,0.03712226077914238
153,alpha,,fx_level_z_252,0.02866501174867153
154,beta,momentum,,-0.029256047680974007
154,beta,persist,,0.11270835250616074
154,beta,underwater,,0.014489649794995785
154,B,momentum,kospi_return_1d,0.0014323097420856357
154,B,momentum,fx_level_z_252,-0.00045855174539610744
154,B,persist,kospi_return_1d,-0.02051129750907421
154,B,persist,fx_level_z_252,-0.003310741623863578
154,B,underwater,kospi_return_1d,-0.0009227878181263804
154,B,underwater,fx_level_z_252,-0.027004003524780273
154,alpha,,kospi_return_1d,0.03723059222102165
154,alpha,,fx_level_z_252,0.028778139501810074
155,beta,momentum,,-0.02926051989197731
155,beta,persist,,0.11274922639131546
155,beta,underwater,,0.014306705445051193
155,B,momentum,kospi_return_1d,0.001331268809735775
155,B,momentum,fx_level_z_252,-0.0001130548189394176
155,B,persist,kospi_return_1d,-0.020675228908658028
155,B,persist,fx_level_z_252,-0.0032604464795440435
155,B,underwater,kospi_return_1d,-0.0010532010346651077
155,B,underwater,fx_level_z_252,-0.02718755230307579
155,alpha,,kospi_return_1d,0.0374210886657238
155,alpha,,fx_level_z_252,0.028752319514751434
156,beta,momentum,,-0.02914375811815262
156,beta,persist,,0.11276720464229584
156,beta,underwater,,0.014003077521920204
156,B,momentum,kospi_return_1d,0.0010893234284594655
156,B,momentum,fx_level_z_252,0.0001913011074066162
156,B,persist,kospi_return_1d,-0.02085900492966175
156,B,persist,fx_level_z_252,-0.0031297148671001196
156,B,underwater,kospi_return_1d,-0.0009505060152150691
156,B,underwater,fx_level_z_252,-0.027483303099870682
156,alpha,,kospi_return_1d,0.037560489028692245
156,alpha,,fx_level_z_252,0.02862240932881832
157,beta,momentum,,-0.029102999716997147
157,beta,persist,,0.11285363137722015
157,beta,underwater,,0.013869055546820164
157,B,momentum,kospi_return_1d,0.000964196864515543
157,B,momentum,fx_level_z_252,0.0002596116974018514
157,B,persist,kospi_return_1d,-0.021023554727435112
157,B,persist,fx_level_z_252,-0.00299685075879097
157,B,underwater,kospi_return_1d,-0.000930211681406945
157,B,underwater,fx_level_z_252,-0.027670923620462418
157,alpha,,kospi_return_1d,0.037718504667282104
157,alpha,,fx_level_z_252,0.028601666912436485
158,beta,momentum,,-0.02905060164630413
158,beta,persist,,0.1129545122385025
158,beta,underwater,,0.01372894924134016
158,B,momentum,kospi_return_1d,0.0009737901273183525
158,B,momentum,fx_level_z_252,-8.982024155557156e-07
158,B,persist,kospi_return_1d,-0.021094420924782753
158,B,persist,fx_level_z_252,-0.002815061016008258
158,B,underwater,kospi_return_1d,-0.0009620842174626887
158,B,underwater,fx_level_z_252,-0.027720654383301735
158,alpha,,kospi_return_1d,0.03783755376935005
158,alpha,,fx_level_z_252,0.028467759490013123
159,beta,momentum,,-0.029100192710757256
159,beta,persist,,0.11306360363960266
159,beta,underwater,,0.01357816532254219
159,B,momentum,kospi_return_1d,0.0009958504233509302
159,B,momentum,fx_level_z_252,-0.00035191563074477017
159,B,persist,kospi_return_1d,-0.02120884321630001
159,B,persist,fx_level_z_252,-0.0026709919329732656
159,B,underwater,kospi_return_1d,-0.0010960776126012206
159,B,underwater,fx_level_z_252,-0.02759643644094467
159,alpha,,kospi_return_1d,0.03783135488629341
159,alpha,,fx_level_z_252,0.02814759500324726
160,beta,momentum,,-0.029191050678491592
160,beta,persist,,0.11318060010671616
160,beta,underwater,,0.01341133564710617
160,B,momentum,kospi_return_1d,0.000998417497612536
160,B,momentum,fx_level_z_252,-0.0004795702116098255
160,B,persist,kospi_return_1d,-0.021267177537083626
160,B,persist,fx_level_z_252,-0.0025902357883751392
160,B,underwater,kospi_return_1d,-0.0010119100334122777
160,B,underwater,fx_level_z_252,-0.027827905490994453
160,alpha,,kospi_return_1d,0.03778758645057678
160,alpha,,fx_level_z_252,0.027974829077720642
161,beta,momentum,,-0.02930598147213459
161,beta,persist,,0.1132616177201271
161,beta,underwater,,0.013296660035848618
161,B,momentum,kospi_return_1d,0.0010787888895720243
161,B,momentum,fx_level_z_252,-0.0006256768247112632
161,B,persist,kospi_return_1d,-0.021485142409801483
161,B,persist,fx_level_z_252,-0.0023801797069609165
161,B,underwater,kospi_return_1d,-0.001097882748581469
161,B,underwater,fx_level_z_252,-0.027982477098703384
161,alpha,,kospi_return_1d,0.037789274007081985
161,alpha,,fx_level_z_252,0.027918435633182526
162,beta,momentum,,-0.029465720057487488
162,beta,persist,,0.11336079984903336
162,beta,underwater,,0.013176889158785343
162,B,momentum,kospi_return_1d,0.001266259467229247
162,B,momentum,fx_level_z_252,-0.0006301760440692306
162,B,persist,kospi_return_1d,-0.02151067927479744
162,B,persist,fx_level_z_252,-0.0023607518523931503
162,B,underwater,kospi_return_1d,-0.0010416293516755104
162,B,underwater,fx_level_z_252,-0.028195103630423546
162,alpha,,kospi_return_1d,0.03772547468543053
162,alpha,,fx_level_z_252,0.027857711538672447
163,beta,momentum,,-0.029572106897830963
163,beta,persist,,0.11350612342357635
163,beta,underwater,,0.013013425283133984
163,B,momentum,kospi_return_1d,0.0014253167901188135
163,B,momentum,fx_level_z_252,-0.0006370199262164533
163,B,persist,kospi_return_1d,-0.021412936970591545
163,B,persist,fx_level_z_252,-0.0024353766348212957
163,B,underwater,kospi_return_1d,-0.0007761610904708505
163,B,underwater,fx_level_z_252,-0.02836737222969532
163,alpha,,kospi_return_1d,0.03768637031316757
163,alpha,,fx_level_z_252,0.027671469375491142
164,beta,momentum,,-0.029784610494971275
164,beta,persist,,0.11372723430395126
164,beta,underwater,,0.013012988492846489
164,B,momentum,kospi_return_1d,0.0016665614675730467
164,B,momentum,fx_level_z_252,-0.0007903926889412105
164,B,persist,kospi_return_1d,-0.02149215154349804
164,B,persist,fx_level_z_252,-0.002398859243839979
164,B,underwater,kospi_return_1d,-0.0006719568627886474
164,B,underwater,fx_level_z_252,-0.028187088668346405
164,alpha,,kospi_return_1d,0.03753010556101799
164,alpha,,fx_level_z_252,0.02774834632873535
165,beta,momentum,,-0.029993807896971703
165,beta,persist,,0.11387147754430771
165,beta,underwater,,0.013016837649047375
165,B,momentum,kospi_return_1d,0.0018057713750749826
165,B,momentum,fx_level_z_252,-0.0008515173685736954
165,B,persist,kospi_return_1d,-0.021464725956320763
165,B,persist,fx_level_z_252,-0.002441699616611004
165,B,underwater,kospi_return_1d,-0.0005567644257098436
165,B,underwater,fx_level_z_252,-0.02809991128742695
165,alpha,,kospi_return_1d,0.037508267909288406
165,alpha,,fx_level_z_252,0.027805989608168602
166,beta,momentum,,-0.030032170936465263
166,beta,persist,,0.11396780610084534
166,beta,underwater,,0.012944181449711323
166,B,momentum,kospi_return_1d,0.0019538267515599728
166,B,momentum,fx_level_z_252,-0.0010090399300679564
166,B,persist,kospi_return_1d,-0.02150093764066696
166,B,persist,fx_level_z_252,-0.002358922502025962
166,B,underwater,kospi_return_1d,-0.0002296517777722329
166,B,underwater,fx_level_z_252,-0.028163110837340355
166,alpha,,kospi_return_1d,0.03760556876659393
166,alpha,,fx_level_z_252,0.027842752635478973
167,beta,momentum,,-0.030076362192630768
167,beta,persist,,0.11408142000436783
167,beta,underwater,,0.012916050851345062
167,B,momentum,kospi_return_1d,0.0022048568353056908
167,B,momentum,fx_level_z_252,-0.0011233106488361955
167,B,persist,kospi_return_1d,-0.021638205274939537
167,B,persist,fx_level_z_252,-0.0022111402358859777
167,B,underwater,kospi_return_1d,-0.00011170809011673555
167,B,underwater,fx_level_z_252,-0.02809658646583557
167,alpha,,kospi_return_1d,0.03781864792108536
167,alpha,,fx_level_z_252,0.028073463588953018
168,beta,momentum,,-0.030159005895256996
168,beta,persist,,0.11420761048793793
168,beta,underwater,,0.012933286838233471
168,B,momentum,kospi_return_1d,0.0022188948933035135
168,B,momentum,fx_level_z_252,-0.001146519323810935
168,B,persist,kospi_return_1d,-0.021588914096355438
168,B,persist,fx_level_z_252,-0.0022053730208426714
168,B,underwater,kospi_return_1d,8.964854350779206e-05
168,B,underwater,fx_level_z_252,-0.028078259900212288
168,alpha,,kospi_return_1d,0.03785640001296997
168,alpha,,fx_level_z_252,0.028381099924445152
169,beta,momentum,,-0.030234890058636665
169,beta,persist,,0.11442914605140686
169,beta,underwater,,0.013157563284039497
169,B,momentum,kospi_return_1d,0.0021944104228168726
169,B,momentum,fx_level_z_252,-0.0012129861861467361
169,B,persist,kospi_return_1d,-0.02139909379184246
169,B,persist,fx_level_z_252,-0.002451354870572686
169,B,underwater,kospi_return_1d,0.0001944878458743915
169,B,underwater,fx_level_z_252,-0.02810501866042614
169,alpha,,kospi_return_1d,0.03775878623127937
169,alpha,,fx_level_z_252,0.02887873537838459
170,beta,momentum,,-0.03028271161019802
170,beta,persist,,0.11462574452161789
170,beta,underwater,,0.013358772732317448
170,B,momentum,kospi_return_1d,0.002157931448891759
170,B,momentum,fx_level_z_252,-0.0010255207307636738
170,B,persist,kospi_return_1d,-0.021168656647205353
170,B,persist,fx_level_z_252,-0.002763195661827922
170,B,underwater,kospi_return_1d,0.0002597458369564265
170,B,underwater,fx_level_z_252,-0.028288086876273155
170,alpha,,kospi_return_1d,0.03782549127936363
170,alpha,,fx_level_z_252,0.029376434162259102
171,beta,momentum,,-0.030303996056318283
171,beta,persist,,0.1147669330239296
171,beta,underwater,,0.013557277619838715
171,B,momentum,kospi_return_1d,0.001991362776607275
171,B,momentum,fx_level_z_252,-0.0009980779141187668
171,B,persist,kospi_return_1d,-0.02113272063434124
171,B,persist,fx_level_z_252,-0.003007211722433567
171,B,underwater,kospi_return_1d,5.8058256399817765e-05
171,B,underwater,fx_level_z_252,-0.028277074918150902
171,alpha,,kospi_return_1d,0.038017407059669495
171,alpha,,fx_level_z_252,0.029789112508296967
172,beta,momentum,,-0.030357541516423225
172,beta,persist,,0.11489307135343552
172,beta,underwater,,0.01378085557371378
172,B,momentum,kospi_return_1d,0.0017468025907874107
172,B,momentum,fx_level_z_252,-0.000983490259386599
172,B,persist,kospi_return_1d,-0.021164901554584503
172,B,persist,fx_level_z_252,-0.0032750319223850965
172,B,underwater,kospi_return_1d,-0.00027795060304924846
172,B,underwater,fx_level_z_252,-0.028222117573022842
172,alpha,,kospi_return_1d,0.038076549768447876
172,alpha,,fx_level_z_252,0.030120253562927246
173,beta,momentum,,-0.030246565118432045
173,beta,persist,,0.11499112099409103
173,beta,underwater,,0.013903346844017506
173,B,momentum,kospi_return_1d,0.0015162924537435174
173,B,momentum,fx_level_z_252,-0.0011312899878248572
173,B,persist,kospi_return_1d,-0.0210004523396492
173,B,persist,fx_level_z_252,-0.003583958139643073
173,B,underwater,kospi_return_1d,-0.000464445271063596
173,B,underwater,fx_level_z_252,-0.0279849823564291
173,alpha,,kospi_return_1d,0.038098692893981934
173,alpha,,fx_level_z_252,0.030334504321217537
174,beta,momentum,,-0.030055103823542595
174,beta,persist,,0.11500537395477295
174,beta,underwater,,0.013881281949579716
174,B,momentum,kospi_return_1d,0.0013938627671450377
174,B,momentum,fx_level_z_252,-0.0012137007433921099
174,B,persist,kospi_return_1d,-0.020759761333465576
174,B,persist,fx_level_z_252,-0.003713918849825859
174,B,underwater,kospi_return_1d,-0.0005590490764006972
174,B,underwater,fx_level_z_252,-0.02776976116001606
174,alpha,,kospi_return_1d,0.038122814148664474
174,alpha,,fx_level_z_252,0.030430639162659645
175,beta,momentum,,-0.02997029945254326
175,beta,persist,,0.1150364950299263
175,beta,underwater,,0.013917222619056702
175,B,momentum,kospi_return_1d,0.0012911164667457342
175,B,momentum,fx_level_z_252,-0.0012187603861093521
175,B,persist,kospi_return_1d,-0.02057316154241562
175,B,persist,fx_level_z_252,-0.0037273280322551727
175,B,underwater,kospi_return_1d,-0.0006513488478958607
175,B,underwater,fx_level_z_252,-0.02763323113322258
175,alpha,,kospi_return_1d,0.03823553025722504
175,alpha,,fx_level_z_252,0.030595632269978523
176,beta,momentum,,-0.02992033027112484
176,beta,persist,,0.11504356563091278
176,beta,underwater,,0.013871602714061737
176,B,momentum,kospi_return_1d,0.0011810504365712404
176,B,momentum,fx_level_z_252,-0.0011313649592921138
176,B,persist,kospi_return_1d,-0.020545175299048424
176,B,persist,fx_level_z_252,-0.003622740739956498
176,B,underwater,kospi_return_1d,-0.0008156234980560839
176,B,underwater,fx_level_z_252,-0.027630433440208435
176,alpha,,kospi_return_1d,0.03835921362042427
176,alpha,,fx_level_z_252,0.03061826340854168
177,beta,momentum,,-0.029850302264094353
177,beta,persist,,0.11500102281570435
177,beta,underwater,,0.013794529251754284
177,B,momentum,kospi_return_1d,0.0011084143770858645
177,B,momentum,fx_level_z_252,-0.0009835693053901196
177,B,persist,kospi_return_1d,-0.02051565982401371
177,B,persist,fx_level_z_252,-0.0034158185590058565
177,B,underwater,kospi_return_1d,-0.0009154127910733223
177,B,underwater,fx_level_z_252,-0.027653906494379044
177,alpha,,kospi_return_1d,0.03873413801193237
177,alpha,,fx_level_z_252,0.030464304611086845
178,beta,momentum,,-0.029772629961371422
178,beta,persist,,0.11496645957231522
178,beta,underwater,,0.013654093258082867
178,B,momentum,kospi_return_1d,0.0010206508450210094
178,B,momentum,fx_level_z_252,-0.0009643290541134775
178,B,persist,kospi_return_1d,-0.02038005366921425
178,B,persist,fx_level_z_252,-0.0031939975451678038
178,B,underwater,kospi_return_1d,-0.0010140008525922894
178,B,underwater,fx_level_z_252,-0.027544619515538216
178,alpha,,kospi_return_1d,0.03912009671330452
178,alpha,,fx_level_z_252,0.030344929546117783
179,beta,momentum,,-0.029542608186602592
179,beta,persist,,0.11490679532289505
179,beta,underwater,,0.013327063992619514
179,B,momentum,kospi_return_1d,0.0009767009178176522
179,B,momentum,fx_level_z_252,-0.000892107782419771
179,B,persist,kospi_return_1d,-0.01993049867451191
179,B,persist,fx_level_z_252,-0.0030885078012943268
179,B,underwater,kospi_return_1d,-0.0008073288481682539
179,B,underwater,fx_level_z_252,-0.027612503618001938
179,alpha,,kospi_return_1d,0.0395425446331501
179,alpha,,fx_level_z_252,0.03005008026957512
180,beta,momentum,,-0.029409170150756836
180,beta,persist,,0.11490322649478912
180,beta,underwater,,0.01299139205366373
180,B,momentum,kospi_return_1d,0.0009388522594235837
180,B,momentum,fx_level_z_252,-0.0008447920554317534
180,B,persist,kospi_return_1d,-0.019598452374339104
180,B,persist,fx_level_z_252,-0.0029219654388725758
180,B,underwater,kospi_return_1d,-0.0006637877086177468
180,B,underwater,fx_level_z_252,-0.027632607147097588
180,alpha,,kospi_return_1d,0.03961535543203354
180,alpha,,fx_level_z_252,0.029623771086335182
181,beta,momentum,,-0.029345057904720306
181,beta,persist,,0.11494354903697968
181,beta,underwater,,0.012798585928976536
181,B,momentum,kospi_return_1d,0.0007004468352533877
181,B,momentum,fx_level_z_252,-0.0006238779751583934
181,B,persist,kospi_return_1d,-0.019206088036298752
181,B,persist,fx_level_z_252,-0.002770494669675827
181,B,underwater,kospi_return_1d,-0.0004589781747199595
181,B,underwater,fx_level_z_252,-0.02787630632519722
181,alpha,,kospi_return_1d,0.03947620466351509
181,alpha,,fx_level_z_252,0.029334401711821556
182,beta,momentum,,-0.029242558404803276
182,beta,persist,,0.11503052711486816
182,beta,underwater,,0.012536237947642803
182,B,momentum,kospi_return_1d,0.0005038522649556398
182,B,momentum,fx_level_z_252,-0.0003316033398732543
182,B,persist,kospi_return_1d,-0.018817270174622536
182,B,persist,fx_level_z_252,-0.0027099542785435915
182,B,underwater,kospi_return_1d,-0.0002183017204515636
182,B,underwater,fx_level_z_252,-0.028165601193904877
182,alpha,,kospi_return_1d,0.0391293503344059
182,alpha,,fx_level_z_252,0.02911384589970112
183,beta,momentum,,-0.02917415276169777
183,beta,persist,,0.11505589634180069
183,beta,underwater,,0.012409593909978867
183,B,momentum,kospi_return_1d,0.0005647784564644098
183,B,momentum,fx_level_z_252,-0.0001482573861721903
183,B,persist,kospi_return_1d,-0.018929602578282356
183,B,persist,fx_level_z_252,-0.00252618920058012
183,B,underwater,kospi_return_1d,-0.00028179201763123274
183,B,underwater,fx_level_z_252,-0.028204087167978287
183,alpha,,kospi_return_1d,0.03886716067790985
183,alpha,,fx_level_z_252,0.028923071920871735
184,beta,momentum,,-0.029085993766784668
184,beta,persist,,0.1150364950299263
184,beta,underwater,,0.012286286801099777
184,B,momentum,kospi_return_1d,0.0008068988681770861
184,B,momentum,fx_level_z_252,-5.668632729793899e-05
184,B,persist,kospi_return_1d,-0.019083296880126
184,B,persist,fx_level_z_252,-0.0024087033234536648
184,B,underwater,kospi_return_1d,-0.0003338580427225679
184,B,underwater,fx_level_z_252,-0.028207821771502495
184,alpha,,kospi_return_1d,0.03871050849556923
184,alpha,,fx_level_z_252,0.02874034084379673
185,beta,momentum,,-0.029104894027113914
185,beta,persist,,0.11509502679109573
185,beta,underwater,,0.012317719869315624
185,B,momentum,kospi_return_1d,0.0011218271683901548
185,B,momentum,fx_level_z_252,-0.0001684915041550994
185,B,persist,kospi_return_1d,-0.019079675897955894
185,B,persist,fx_level_z_252,-0.002431984758004546
185,B,underwater,kospi_return_1d,-0.00043543518404476345
185,B,underwater,fx_level_z_252,-0.02800181321799755
185,alpha,,kospi_return_1d,0.03849096596240997
185,alpha,,fx_level_z_252,0.02871394343674183
186,beta,momentum,,-0.029102252796292305
186,beta,persist,,0.11513998359441757
186,beta,underwater,,0.01229146309196949
186,B,momentum,kospi_return_1d,0.0015039988793432713
186,B,momentum,fx_level_z_252,-0.00031915586441755295
186,B,persist,kospi_return_1d,-0.019046420231461525
186,B,persist,fx_level_z_252,-0.0025128857232630253
186,B,underwater,kospi_return_1d,-0.000484749733004719
186,B,underwater,fx_level_z_252,-0.027753576636314392
186,alpha,,kospi_return_1d,0.038386959582567215
186,alpha,,fx_level_z_252,0.028641823679208755
187,beta,momentum,,-0.02914152294397354
187,beta,persist,,0.11514788120985031
187,beta,underwater,,0.012162257917225361
187,B,momentum,kospi_return_1d,0.0018709367141127586
187,B,momentum,fx_level_z_252,-0.000248465861659497
187,B,persist,kospi_return_1d,-0.019052846357226372
187,B,persist,fx_level_z_252,-0.0025361489970237017
187,B,underwater,kospi_return_1d,-0.0006078713340684772
187,B,underwater,fx_level_z_252,-0.027651255950331688
187,alpha,,kospi_return_1d,0.03831122815608978
187,alpha,,fx_level_z_252,0.028569143265485764
188,beta,momentum,,-0.029114974662661552
188,beta,persist,,0.11514391750097275
188,beta,underwater,,0.012060394510626793
188,B,momentum,kospi_return_1d,0.0019350189249962568
188,B,momentum,fx_level_z_252,-0.00025376322446390986
188,B,persist,kospi_return_1d,-0.019136235117912292
188,B,persist,fx_level_z_252,-0.002592702629044652
188,B,underwater,kospi_return_1d,-0.000554525526240468
188,B,underwater,fx_level_z_252,-0.027571119368076324
188,alpha,,kospi_return_1d,0.038346126675605774
188,alpha,,fx_level_z_252,0.028549835085868835
189,beta,momentum,,-0.02913593128323555
189,beta,persist,,0.11513181775808334
189,beta,underwater,,0.012029795907437801
189,B,momentum,kospi_return_1d,0.0021001864224672318
189,B,momentum,fx_level_z_252,-9.096278517972678e-05
189,B,persist,kospi_return_1d,-0.019231727346777916
189,B,persist,fx_level_z_252,-0.002601445885375142
189,B,underwater,kospi_return_1d,-0.00046202552039176226
189,B,underwater,fx_level_z_252,-0.02761126682162285
189,alpha,,kospi_return_1d,0.0384584441781044
189,alpha,,fx_level_z_252,0.028690597042441368
190,beta,momentum,,-0.029082167893648148
190,beta,persist,,0.11508896201848984
190,beta,underwater,,0.01191821787506342
190,B,momentum,kospi_return_1d,0.0024129566736519337
190,B,momentum,fx_level_z_252,-4.011475539300591e-06
190,B,persist,kospi_return_1d,-0.019496308639645576
190,B,persist,fx_level_z_252,-0.0025489625986665487
190,B,underwater,kospi_return_1d,-0.0005146219627931714
190,B,underwater,fx_level_z_252,-0.027626188471913338
190,alpha,,kospi_return_1d,0.038681015372276306
190,alpha,,fx_level_z_252,0.02882438898086548
191,beta,momentum,,-0.029016485437750816
191,beta,persist,,0.11509601771831512
191,beta,underwater,,0.011912748217582703
191,B,momentum,kospi_return_1d,0.0028737159445881844
191,B,momentum,fx_level_z_252,-0.00016321784642059356
191,B,persist,kospi_return_1d,-0.01988983526825905
191,B,persist,fx_level_z_252,-0.002485724864527583
191,B,underwater,kospi_return_1d,-0.0006092853145673871
191,B,underwater,fx_level_z_252,-0.02745286375284195
191,alpha,,kospi_return_1d,0.03871173784136772
191,alpha,,fx_level_z_252,0.028972651809453964
192,beta,momentum,,-0.029038328677415848
192,beta,persist,,0.11516586691141129
192,beta,underwater,,0.01201628241688013
192,B,momentum,kospi_return_1d,0.0031335141975432634
192,B,momentum,fx_level_z_252,-0.0004767972859553993
192,B,persist,kospi_return_1d,-0.020118067041039467
192,B,persist,fx_level_z_252,-0.0025613801553845406
192,B,underwater,kospi_return_1d,-0.0008119309786707163
192,B,underwater,fx_level_z_252,-0.027259213849902153
192,alpha,,kospi_return_1d,0.03863899037241936
192,alpha,,fx_level_z_252,0.029173877090215683
193,beta,momentum,,-0.029039399698376656
193,beta,persist,,0.11518727988004684
193,beta,underwater,,0.01212391909211874
193,B,momentum,kospi_return_1d,0.003310443600639701
193,B,momentum,fx_level_z_252,-0.0008001087699085474
193,B,persist,kospi_return_1d,-0.020252952352166176
193,B,persist,fx_level_z_252,-0.002673795446753502
193,B,underwater,kospi_return_1d,-0.0009149315301328897
193,B,underwater,fx_level_z_252,-0.027103114873170853
193,alpha,,kospi_return_1d,0.03861067816615105
193,alpha,,fx_level_z_252,0.029241524636745453
194,beta,momentum,,-0.029107464477419853
194,beta,persist,,0.11519179493188858
194,beta,underwater,,0.012276148423552513
194,B,momentum,kospi_return_1d,0.0033220818731933832
194,B,momentum,fx_level_z_252,-0.001098287757486105
194,B,persist,kospi_return_1d,-0.02039198949933052
194,B,persist,fx_level_z_252,-0.002715790644288063
194,B,underwater,kospi_return_1d,-0.0008974020602181554
194,B,underwater,fx_level_z_252,-0.026839474216103554
194,alpha,,kospi_return_1d,0.03868018463253975
194,alpha,,fx_level_z_252,0.029352236539125443
195,beta,momentum,,-0.029148118570446968
195,beta,persist,,0.11516792327165604
195,beta,underwater,,0.012447345070540905
195,B,momentum,kospi_return_1d,0.003286754246801138
195,B,momentum,fx_level_z_252,-0.0012601992348209023
195,B,persist,kospi_return_1d,-0.020533589646220207
195,B,persist,fx_level_z_252,-0.0026911175809800625
195,B,underwater,kospi_return_1d,-0.000742624863050878
195,B,underwater,fx_level_z_252,-0.026708541437983513
195,alpha,,kospi_return_1d,0.03870538994669914
195,alpha,,fx_level_z_252,0.02946789748966694
196,beta,momentum,,-0.02909896895289421
196,beta,persist,,0.11513229459524155
196,beta,underwater,,0.012505577877163887
196,B,momentum,kospi_return_1d,0.003238500328734517
196,B,momentum,fx_level_z_252,-0.0013811768731102347
196,B,persist,kospi_return_1d,-0.02064572460949421
196,B,persist,fx_level_z_252,-0.0025124892126768827
196,B,underwater,kospi_return_1d,-0.0006008803611621261
196,B,underwater,fx_level_z_252,-0.026583531871438026
196,alpha,,kospi_return_1d,0.038632582873106
196,alpha,,fx_level_z_252,0.02944350056350231
197,beta,momentum,,-0.028984643518924713
197,beta,persist,,0.11505842208862305
197,beta,underwater,,0.012470471672713757
197,B,momentum,kospi_return_1d,0.003033020533621311
197,B,momentum,fx_level_z_252,-0.0014541405253112316
197,B,persist,kospi_return_1d,-0.020782165229320526
197,B,persist,fx_level_z_252,-0.002394022885710001
197,B,underwater,kospi_return_1d,-0.0003892203967552632
197,B,underwater,fx_level_z_252,-0.02645863965153694
197,alpha,,kospi_return_1d,0.038594476878643036
197,alpha,,fx_level_z_252,0.02931797504425049
198,beta,momentum,,-0.028932662680745125
198,beta,persist,,0.1150120422244072
198,beta,underwater,,0.012491238303482533
198,B,momentum,kospi_return_1d,0.0027794644702225924
198,B,momentum,fx_level_z_252,-0.0015329212183132768
198,B,persist,kospi_return_1d,-0.02087976410984993
198,B,persist,fx_level_z_252,-0.002107026753947139
198,B,underwater,kospi_return_1d,-0.000145557671203278
198,B,underwater,fx_level_z_252,-0.0262491125613451
198,alpha,,kospi_return_1d,0.03833712637424469
198,alpha,,fx_level_z_252,0.02907916158437729
199,beta,momentum,,-0.028822055086493492
199,beta,persist,,0.1150258406996727
199,beta,underwater,,0.012495763599872589
199,B,momentum,kospi_return_1d,0.0025267682503908873
199,B,momentum,fx_level_z_252,-0.0013913463335484266
199,B,persist,kospi_return_1d,-0.020714595913887024
199,B,persist,fx_level_z_252,-0.002003126312047243
199,B,underwater,kospi_return_1d,0.000126808590721339
199,B,underwater,fx_level_z_252,-0.026414737105369568
199,alpha,,kospi_return_1d,0.038093335926532745
199,alpha,,fx_level_z_252,0.029063422232866287
200,beta,momentum,,-0.028765711933374405
200,beta,persist,,0.11497397720813751
200,beta,underwater,,0.012526271864771843
200,B,momentum,kospi_return_1d,0.002207344165071845
200,B,momentum,fx_level_z_252,-0.0012079861480742693
200,B,persist,kospi_return_1d,-0.020631171762943268
200,B,persist,fx_level_z_252,-0.001936793327331543
200,B,underwater,kospi_return_1d,9.23065235838294e-05
200,B,underwater,fx_level_z_252,-0.02665679343044758
200,alpha,,kospi_return_1d,0.03819919750094414
200,alpha,,fx_level_z_252,0.029055962339043617
201,beta,momentum,,-0.028715724125504494
201,beta,persist,,0.11492251604795456
201,beta,underwater,,0.012582926079630852
201,B,momentum,kospi_return_1d,0.001833937014453113
201,B,momentum,fx_level_z_252,-0.0010769593063741922
201,B,persist,kospi_return_1d,-0.02057197317481041
201,B,persist,fx_level_z_252,-0.0018210631096735597
201,B,underwater,kospi_return_1d,-0.00010286727774655446
201,B,underwater,fx_level_z_252,-0.026865597814321518
201,alpha,,kospi_return_1d,0.038351159542798996
201,alpha,,fx_level_z_252,0.02909180335700512
202,beta,momentum,,-0.028792306780815125
202,beta,persist,,0.11488950252532959
202,beta,underwater,,0.012597411870956421
202,B,momentum,kospi_return_1d,0.0015288041904568672
202,B,momentum,fx_level_z_252,-0.0009510723757557571
202,B,persist,kospi_return_1d,-0.020600875839591026
202,B,persist,fx_level_z_252,-0.001609825761988759
202,B,underwater,kospi_return_1d,-0.00032484668190591037
202,B,underwater,fx_level_z_252,-0.02717195264995098
202,alpha,,kospi_return_1d,0.038587022572755814
202,alpha,,fx_level_z_252,0.02922598272562027
203,beta,momentum,,-0.02889731526374817
203,beta,persist,,0.11496016383171082
203,beta,underwater,,0.012721611186861992
203,B,momentum,kospi_return_1d,0.0015165847726166248
203,B,momentum,fx_level_z_252,-0.0008635223493911326
203,B,persist,kospi_return_1d,-0.020788051187992096
203,B,persist,fx_level_z_252,-0.001691709621809423
203,B,underwater,kospi_return_1d,-0.00047879398334771395
203,B,underwater,fx_level_z_252,-0.027452796697616577
203,alpha,,kospi_return_1d,0.03882546350359917
203,alpha,,fx_level_z_252,0.029464250430464745
204,beta,momentum,,-0.02903117798268795
204,beta,persist,,0.11505162715911865
204,beta,underwater,,0.012888089753687382
204,B,momentum,kospi_return_1d,0.0015262867091223598
204,B,momentum,fx_level_z_252,-0.0006370296468958259
204,B,persist,kospi_return_1d,-0.020826110616326332
204,B,persist,fx_level_z_252,-0.0018855342641472816
204,B,underwater,kospi_return_1d,-0.0005572175141423941
204,B,underwater,fx_level_z_252,-0.02762427367269993
204,alpha,,kospi_return_1d,0.038889024406671524
204,alpha,,fx_level_z_252,0.029648100957274437
205,beta,momentum,,-0.02910415455698967
205,beta,persist,,0.11511043459177017
205,beta,underwater,,0.01304610539227724
205,B,momentum,kospi_return_1d,0.0014053127961233258
205,B,momentum,fx_level_z_252,-0.0003507576766423881
205,B,persist,kospi_return_1d,-0.020743681117892265
205,B,persist,fx_level_z_252,-0.002151287393644452
205,B,underwater,kospi_return_1d,-0.0005287851090542972
205,B,underwater,fx_level_z_252,-0.027725057676434517
205,alpha,,kospi_return_1d,0.03883730620145798
205,alpha,,fx_level_z_252,0.029765037819743156
206,beta,momentum,,-0.029188035055994987
206,beta,persist,,0.11514504998922348
206,beta,underwater,,0.0132196806371212
206,B,momentum,kospi_return_1d,0.0015658540651202202
206,B,momentum,fx_level_z_252,-6.741723336745054e-05
206,B,persist,kospi_return_1d,-0.02080625668168068
206,B,persist,fx_level_z_252,-0.002416423289105296
206,B,underwater,kospi_return_1d,-0.0007206284208223224
206,B,underwater,fx_level_z_252,-0.027897490188479424
206,alpha,,kospi_return_1d,0.03872770816087723
206,alpha,,fx_level_z_252,0.02996702678501606
207,beta,momentum,,-0.029210714623332024
207,beta,persist,,0.11512891203165054
207,beta,underwater,,0.013438110239803791
207,B,momentum,kospi_return_1d,0.0015543244080618024
207,B,momentum,fx_level_z_252,-2.613425749586895e-05
207,B,persist,kospi_return_1d,-0.020933259278535843
207,B,persist,fx_level_z_252,-0.0026040312368422747
207,B,underwater,kospi_return_1d,-0.000899207079783082
207,B,underwater,fx_level_z_252,-0.027840306982398033
207,alpha,,kospi_return_1d,0.038759760558605194
207,alpha,,fx_level_z_252,0.030156373977661133
208,beta,momentum,,-0.029127581045031548
208,beta,persist,,0.11513985693454742
208,beta,underwater,,0.013616720214486122
208,B,momentum,kospi_return_1d,0.0016062518116086721
208,B,momentum,fx_level_z_252,-0.00016719874111004174
208,B,persist,kospi_return_1d,-0.021162258461117744
208,B,persist,fx_level_z_252,-0.002833581529557705
208,B,underwater,kospi_return_1d,-0.001017349073663354
208,B,underwater,fx_level_z_252,-0.027672169730067253
208,alpha,,kospi_return_1d,0.03872336447238922
208,alpha,,fx_level_z_252,0.030320990830659866
209,beta,momentum,,-0.02903802879154682
209,beta,persist,,0.11509229987859726
209,beta,underwater,,0.013699677772819996
209,B,momentum,kospi_return_1d,0.0015348723391070962
209,B,momentum,fx_level_z_252,-0.00041712282109074295
209,B,persist,kospi_return_1d,-0.021354898810386658
209,B,persist,fx_level_z_252,-0.002968965098261833
209,B,underwater,kospi_return_1d,-0.0010802173055708408
209,B,underwater,fx_level_z_252,-0.027497684583067894
209,alpha,,kospi_return_1d,0.038756612688302994
209,alpha,,fx_level_z_252,0.030459409579634666
210,beta,momentum,,-0.028971867635846138
210,beta,persist,,0.11496362090110779
210,beta,underwater,,0.013718902133405209
210,B,momentum,kospi_return_1d,0.0014426640700548887
210,B,momentum,fx_level_z_252,-0.0008230506209656596
210,B,persist,kospi_return_1d,-0.021345270797610283
210,B,persist,fx_level_z_252,-0.0030396224465221167
210,B,underwater,kospi_return_1d,-0.001145938760600984
210,B,underwater,fx_level_z_252,-0.02726178616285324
210,alpha,,kospi_return_1d,0.0388658307492733
210,alpha,,fx_level_z_252,0.030452771112322807
211,beta,momentum,,-0.028792107477784157
211,beta,persist,,0.11483882367610931
211,beta,underwater,,0.01366066187620163
211,B,momentum,kospi_return_1d,0.0013988373102620244
211,B,momentum,fx_level_z_252,-0.0011966681340709329
211,B,persist,kospi_return_1d,-0.021290889009833336
211,B,persist,fx_level_z_252,-0.0030758772045373917
211,B,underwater,kospi_return_1d,-0.0010594489285722375
211,B,underwater,fx_level_z_252,-0.027178600430488586
211,alpha,,kospi_return_1d,0.039009615778923035
211,alpha,,fx_level_z_252,0.030284740030765533
212,beta,momentum,,-0.02853189967572689
212,beta,persist,,0.11475406587123871
212,beta,underwater,,0.013610384427011013
212,B,momentum,kospi_return_1d,0.0013669293839484453
212,B,momentum,fx_level_z_252,-0.0016292730579152703
212,B,persist,kospi_return_1d,-0.021249426528811455
212,B,persist,fx_level_z_252,-0.002991541987285018
212,B,underwater,kospi_return_1d,-0.0008418075158260763
212,B,underwater,fx_level_z_252,-0.027116559445858
212,alpha,,kospi_return_1d,0.039003994315862656
212,alpha,,fx_level_z_252,0.030078638345003128
213,beta,momentum,,-0.028344741091132164
213,beta,persist,,0.11474824696779251
213,beta,underwater,,0.01359901949763298
213,B,momentum,kospi_return_1d,0.0012813452631235123
213,B,momentum,fx_level_z_252,-0.0017151038628071547
213,B,persist,kospi_return_1d,-0.02108088694512844
213,B,persist,fx_level_z_252,-0.003194569144397974
213,B,underwater,kospi_return_1d,-0.0005190036026760936
213,B,underwater,fx_level_z_252,-0.027281487360596657
213,alpha,,kospi_return_1d,0.03908182308077812
213,alpha,,fx_level_z_252,0.029922688379883766
214,beta,momentum,,-0.028268836438655853
214,beta,persist,,0.11472027003765106
214,beta,underwater,,0.013509364798665047
214,B,momentum,kospi_return_1d,0.000998999341391027
214,B,momentum,fx_level_z_252,-0.0017634183168411255
214,B,persist,kospi_return_1d,-0.020792579278349876
214,B,persist,fx_level_z_252,-0.003339451039209962
214,B,underwater,kospi_return_1d,-2.2391323000192642e-06
214,B,underwater,fx_level_z_252,-0.027450798079371452
214,alpha,,kospi_return_1d,0.03928245231509209
214,alpha,,fx_level_z_252,0.029612023383378983
215,beta,momentum,,-0.02802024409174919
215,beta,persist,,0.11470231413841248
215,beta,underwater,,0.01342365238815546
215,B,momentum,kospi_return_1d,0.0010081742657348514
215,B,momentum,fx_level_z_252,-0.0018805942963808775
215,B,persist,kospi_return_1d,-0.02059587836265564
215,B,persist,fx_level_z_252,-0.0033862455748021603
215,B,underwater,kospi_return_1d,0.00037058728048577905
215,B,underwater,fx_level_z_252,-0.027479061856865883
215,alpha,,kospi_return_1d,0.039383284747600555
215,alpha,,fx_level_z_252,0.029253704473376274
216,beta,momentum,,-0.02802044339478016
216,beta,persist,,0.11479707807302475
216,beta,underwater,,0.013486489653587341
216,B,momentum,kospi_return_1d,0.0009450692450627685
216,B,momentum,fx_level_z_252,-0.0019253080245107412
216,B,persist,kospi_return_1d,-0.02055198885500431
216,B,persist,fx_level_z_252,-0.003350174520164728
216,B,underwater,kospi_return_1d,0.00046241600648500025
216,B,underwater,fx_level_z_252,-0.027523281052708626
216,alpha,,kospi_return_1d,0.039307937026023865
216,alpha,,fx_level_z_252,0.029034018516540527
217,beta,momentum,,-0.028028685599565506
217,beta,persist,,0.1148676723241806
217,beta,underwater,,0.013543911278247833
217,B,momentum,kospi_return_1d,0.0009580808691680431
217,B,momentum,fx_level_z_252,-0.001890112878754735
217,B,persist,kospi_return_1d,-0.020610515028238297
217,B,persist,fx_level_z_252,-0.0032842468935996294
217,B,underwater,kospi_return_1d,0.0003560223267413676
217,B,underwater,fx_level_z_252,-0.02755439467728138
217,alpha,,kospi_return_1d,0.039146263152360916
217,alpha,,fx_level_z_252,0.028912441805005074
218,beta,momentum,,-0.028111573308706284
218,beta,persist,,0.11499369144439697
218,beta,underwater,,0.013749840669333935
218,B,momentum,kospi_return_1d,0.0012302699033170938
218,B,momentum,fx_level_z_252,-0.0019463669741526246
218,B,persist,kospi_return_1d,-0.020892592146992683
218,B,persist,fx_level_z_252,-0.0030945262406021357
218,B,underwater,kospi_return_1d,-3.385984746273607e-05
218,B,underwater,fx_level_z_252,-0.027426913380622864
218,alpha,,kospi_return_1d,0.03894147649407387
218,alpha,,fx_level_z_252,0.028967343270778656
219,beta,momentum,,-0.02817784994840622
219,beta,persist,,0.11503986269235611
219,beta,underwater,,0.01401752419769764
219,B,momentum,kospi_return_1d,0.001494117546826601
219,B,momentum,fx_level_z_252,-0.00201799301430583
219,B,persist,kospi_return_1d,-0.02109784260392189
219,B,persist,fx_level_z_252,-0.002884098794311285
219,B,underwater,kospi_return_1d,-0.0004076871264260262
219,B,underwater,fx_level_z_252,-0.027201179414987564
219,alpha,,kospi_return_1d,0.0387984961271286
219,alpha,,fx_level_z_252,0.029037049040198326
220,beta,momentum,,-0.028303219005465508
220,beta,persist,,0.11517881602048874
220,beta,underwater,,0.014362224377691746
220,B,momentum,kospi_return_1d,0.001693438389338553
220,B,momentum,fx_level_z_252,-0.002132688881829381
220,B,persist,kospi_return_1d,-0.021404840052127838
220,B,persist,fx_level_z_252,-0.002681434154510498
220,B,underwater,kospi_return_1d,-0.0008949966868385673
220,B,underwater,fx_level_z_252,-0.026962509378790855
220,alpha,,kospi_return_1d,0.038578931242227554
220,alpha,,fx_level_z_252,0.02919759415090084
221,beta,momentum,,-0.02849930338561535
221,beta,persist,,0.11529714614152908
221,beta,underwater,,0.01459781639277935
221,B,momentum,kospi_return_1d,0.0017727750819176435
221,B,momentum,fx_level_z_252,-0.0019859708845615387
221,B,persist,kospi_return_1d,-0.02159290388226509
221,B,persist,fx_level_z_252,-0.002490094630047679
221,B,underwater,kospi_return_1d,-0.0012040273286402225
221,B,underwater,fx_level_z_252,-0.026771413162350655
221,alpha,,kospi_return_1d,0.038372702896595
221,alpha,,fx_level_z_252,0.029338296502828598
222,beta,momentum,,-0.028622368350625038
222,beta,persist,,0.11537469923496246
222,beta,underwater,,0.014731010422110558
222,B,momentum,kospi_return_1d,0.0018555320566520095
222,B,momentum,fx_level_z_252,-0.0017312561394646764
222,B,persist,kospi_return_1d,-0.02181537263095379
222,B,persist,fx_level_z_252,-0.0024832026101648808
222,B,underwater,kospi_return_1d,-0.0014001253293827176
222,B,underwater,fx_level_z_252,-0.02673744037747383
222,alpha,,kospi_return_1d,0.03828192129731178
222,alpha,,fx_level_z_252,0.029417727142572403
223,beta,momentum,,-0.028724825009703636
223,beta,persist,,0.1154603511095047
223,beta,underwater,,0.014720839448273182
223,B,momentum,kospi_return_1d,0.0018509395886212587
223,B,momentum,fx_level_z_252,-0.0012482693418860435
223,B,persist,kospi_return_1d,-0.021867020055651665
223,B,persist,fx_level_z_252,-0.0026498399674892426
223,B,underwater,kospi_return_1d,-0.0013505348470062017
223,B,underwater,fx_level_z_252,-0.02693789266049862
223,alpha,,kospi_return_1d,0.038211945444345474
223,alpha,,fx_level_z_252,0.029494788497686386
224,beta,momentum,,-0.028767433017492294
224,beta,persist,,0.11555110663175583
224,beta,underwater,,0.014769742265343666
224,B,momentum,kospi_return_1d,0.0018128594383597374
224,B,momentum,fx_level_z_252,-0.0010421059560030699
224,B,persist,kospi_return_1d,-0.021940378472208977
224,B,persist,fx_level_z_252,-0.0026857261545956135
224,B,underwater,kospi_return_1d,-0.001290737884119153
224,B,underwater,fx_level_z_252,-0.02695615589618683
224,alpha,,kospi_return_1d,0.03812796249985695
224,alpha,,fx_level_z_252,0.02956317737698555
225,beta,momentum,,-0.02866426296532154
225,beta,persist,,0.11563457548618317
225,beta,underwater,,0.014737886376678944
225,B,momentum,kospi_return_1d,0.0016627011355012655
225,B,momentum,fx_level_z_252,-0.0007182143162935972
225,B,persist,kospi_return_1d,-0.021784130483865738
225,B,persist,fx_level_z_252,-0.002854684367775917
225,B,underwater,kospi_return_1d,-0.0010512515436857939
225,B,underwater,fx_level_z_252,-0.027225127443671227
225,alpha,,kospi_return_1d,0.03817380592226982
225,alpha,,fx_level_z_252,0.029745163396000862
226,beta,momentum,,-0.02865549363195896
226,beta,persist,,0.11567569524049759
226,beta,underwater,,0.014607438817620277
226,B,momentum,kospi_return_1d,0.0013708638725802302
226,B,momentum,fx_level_z_252,-0.00021840388944838196
226,B,persist,kospi_return_1d,-0.021581776440143585
226,B,persist,fx_level_z_252,-0.0030879094265401363
226,B,underwater,kospi_return_1d,-0.0008071871707215905
226,B,underwater,fx_level_z_252,-0.027541816234588623
226,alpha,,kospi_return_1d,0.03815540671348572
226,alpha,,fx_level_z_252,0.02982667274773121
227,beta,momentum,,-0.028662212193012238
227,beta,persist,,0.11560575664043427
227,beta,underwater,,0.01449872087687254
227,B,momentum,kospi_return_1d,0.001083539566025138
227,B,momentum,fx_level_z_252,0.00016694917576387525
227,B,persist,kospi_return_1d,-0.021520840004086494
227,B,persist,fx_level_z_252,-0.003321290947496891
227,B,underwater,kospi_return_1d,-0.0006711927708238363
227,B,underwater,fx_level_z_252,-0.02772712893784046
227,alpha,,kospi_return_1d,0.038243331015110016
227,alpha,,fx_level_z_252,0.029888328164815903
228,beta,momentum,,-0.02869543805718422
228,beta,persist,,0.11551493406295776
228,beta,underwater,,0.014483054168522358
228,B,momentum,kospi_return_1d,0.0009404505253769457
228,B,momentum,fx_level_z_252,0.0002910666516982019
228,B,persist,kospi_return_1d,-0.021547868847846985
228,B,persist,fx_level_z_252,-0.0036336795892566442
228,B,underwater,kospi_return_1d,-0.0005920628900639713
228,B,underwater,fx_level_z_252,-0.027905534952878952
228,alpha,,kospi_return_1d,0.038230422884225845
228,alpha,,fx_level_z_252,0.029914487153291702
229,beta,momentum,,-0.028740348294377327
229,beta,persist,,0.11545374989509583
229,beta,underwater,,0.014506186358630657
229,B,momentum,kospi_return_1d,0.0008137907716445625
229,B,momentum,fx_level_z_252,0.00015775080828461796
229,B,persist,kospi_return_1d,-0.021397989243268967
229,B,persist,fx_level_z_252,-0.003975005820393562
229,B,underwater,kospi_return_1d,-0.0004127806460019201
229,B,underwater,fx_level_z_252,-0.027906380593776703
229,alpha,,kospi_return_1d,0.03827906772494316
229,alpha,,fx_level_z_252,0.02995278127491474
230,beta,momentum,,-0.028844304382801056
230,beta,persist,,0.11536198109388351
230,beta,underwater,,0.014472472481429577
230,B,momentum,kospi_return_1d,0.0007767893839627504
230,B,momentum,fx_level_z_252,-0.00014001948875375092
230,B,persist,kospi_return_1d,-0.021515795961022377
230,B,persist,fx_level_z_252,-0.004280312452465296
230,B,underwater,kospi_return_1d,-0.0004401796904858202
230,B,underwater,fx_level_z_252,-0.02773093432188034
230,alpha,,kospi_return_1d,0.03847673162817955
230,alpha,,fx_level_z_252,0.0300550926476717
231,beta,momentum,,-0.029017040506005287
231,beta,persist,,0.11528530716896057
231,beta,underwater,,0.014435593038797379
231,B,momentum,kospi_return_1d,0.00046447658678516746
231,B,momentum,fx_level_z_252,-0.0004778094298671931
231,B,persist,kospi_return_1d,-0.02151528187096119
231,B,persist,fx_level_z_252,-0.004533569328486919
231,B,underwater,kospi_return_1d,-0.0003704705450218171
231,B,underwater,fx_level_z_252,-0.02750108204782009
231,alpha,,kospi_return_1d,0.03874389827251434
231,alpha,,fx_level_z_252,0.030106959864497185
232,beta,momentum,,-0.029055828228592873
232,beta,persist,,0.11520729959011078
232,beta,underwater,,0.014356080442667007
232,B,momentum,kospi_return_1d,0.0002499732654541731
232,B,momentum,fx_level_z_252,-0.0006048937211744487
232,B,persist,kospi_return_1d,-0.021436233073472977
232,B,persist,fx_level_z_252,-0.004700499586760998
232,B,underwater,kospi_return_1d,-0.00037954215076752007
232,B,underwater,fx_level_z_252,-0.027339305728673935
232,alpha,,kospi_return_1d,0.03902481123805046
232,alpha,,fx_level_z_252,0.03001651167869568
233,beta,momentum,,-0.029015447944402695
233,beta,persist,,0.1150972843170166
233,beta,underwater,,0.014159719459712505
233,B,momentum,kospi_return_1d,0.0001642313873162493
233,B,momentum,fx_level_z_252,-0.0007061907672323287
233,B,persist,kospi_return_1d,-0.021179325878620148
233,B,persist,fx_level_z_252,-0.004852494224905968
233,B,underwater,kospi_return_1d,-0.0003697835491038859
233,B,underwater,fx_level_z_252,-0.02715691737830639
233,alpha,,kospi_return_1d,0.03937166929244995
233,alpha,,fx_level_z_252,0.02978140488266945
234,beta,momentum,,-0.029026582837104797
234,beta,persist,,0.11502523720264435
234,beta,underwater,,0.013915601186454296
234,B,momentum,kospi_return_1d,0.00014891634054947644
234,B,momentum,fx_level_z_252,-0.0007748235366307199
234,B,persist,kospi_return_1d,-0.021075662225484848
234,B,persist,fx_level_z_252,-0.004979985766112804
234,B,underwater,kospi_return_1d,-0.00034810841316357255
234,B,underwater,fx_level_z_252,-0.027043649926781654
234,alpha,,kospi_return_1d,0.03966891020536423
234,alpha,,fx_level_z_252,0.029520031064748764
235,beta,momentum,,-0.029054157435894012
235,beta,persist,,0.11507923901081085
235,beta,underwater,,0.013665960170328617
235,B,momentum,kospi_return_1d,0.00033325969707220793
235,B,momentum,fx_level_z_252,-0.000862642889842391
235,B,persist,kospi_return_1d,-0.020998461171984673
235,B,persist,fx_level_z_252,-0.005164173897355795
235,B,underwater,kospi_return_1d,-0.0004289892385713756
235,B,underwater,fx_level_z_252,-0.0270436629652977
235,alpha,,kospi_return_1d,0.039814598858356476
235,alpha,,fx_level_z_252,0.029170924797654152
236,beta,momentum,,-0.029020704329013824
236,beta,persist,,0.11510465294122696
236,beta,underwater,,0.013312732800841331
236,B,momentum,kospi_return_1d,0.0006061577587388456
236,B,momentum,fx_level_z_252,-0.0009947646176442504
236,B,persist,kospi_return_1d,-0.02110942453145981
236,B,persist,fx_level_z_252,-0.005279012490063906
236,B,underwater,kospi_return_1d,-0.0004504883545450866
236,B,underwater,fx_level_z_252,-0.026986757293343544
236,alpha,,kospi_return_1d,0.03994912654161453
236,alpha,,fx_level_z_252,0.028788339346647263
237,beta,momentum,,-0.02888343296945095
237,beta,persist,,0.115091972053051
237,beta,underwater,,0.0128031549975276
237,B,momentum,kospi_return_1d,0.0008618016727268696
237,B,momentum,fx_level_z_252,-0.0010504588717594743
237,B,persist,kospi_return_1d,-0.021194087341427803
237,B,persist,fx_level_z_252,-0.005466347094625235
237,B,underwater,kospi_return_1d,-0.00045876429066993296
237,B,underwater,fx_level_z_252,-0.027033640071749687
237,alpha,,kospi_return_1d,0.0400213822722435
237,alpha,,fx_level_z_252,0.028466438874602318
238,beta,momentum,,-0.02878473326563835
238,beta,persist,,0.11510241031646729
238,beta,underwater,,0.012471215799450874
238,B,momentum,kospi_return_1d,0.0012606584932655096
238,B,momentum,fx_level_z_252,-0.0011694998247548938
238,B,persist,kospi_return_1d,-0.021296707913279533
238,B,persist,fx_level_z_252,-0.005531743168830872
238,B,underwater,kospi_return_1d,-0.0005431644385680556
238,B,underwater,fx_level_z_252,-0.026850810274481773
238,alpha,,kospi_return_1d,0.04004179313778877
238,alpha,,fx_level_z_252,0.028096286579966545
239,beta,momentum,,-0.02868632599711418
239,beta,persist,,0.11515644192695618
239,beta,underwater,,0.012305112555623055
239,B,momentum,kospi_return_1d,0.0018134627025574446
239,B,momentum,fx_level_z_252,-0.0013451330596581101
239,B,persist,kospi_return_1d,-0.02151053212583065
239,B,persist,fx_level_z_252,-0.005608853418380022
239,B,underwater,kospi_return_1d,-0.0005882966797798872
239,B,underwater,fx_level_z_252,-0.026681261137127876
239,alpha,,kospi_return_1d,0.040101852267980576
239,alpha,,fx_level_z_252,0.027841774746775627
240,beta,momentum,,-0.028491882607340813
240,beta,persist,,0.11523880064487457
240,beta,underwater,,0.012237565591931343
240,B,momentum,kospi_return_1d,0.0023817450273782015
240,B,momentum,fx_level_z_252,-0.0015140954637899995
240,B,persist,kospi_return_1d,-0.021792463958263397
240,B,persist,fx_level_z_252,-0.005635840818285942
240,B,underwater,kospi_return_1d,-0.000791923317592591
240,B,underwater,fx_level_z_252,-0.02641802839934826
240,alpha,,kospi_return_1d,0.04012094810605049
240,alpha,,fx_level_z_252,0.027561981230974197
241,beta,momentum,,-0.028534522280097008
241,beta,persist,,0.11526836454868317
241,beta,underwater,,0.012294599786400795
241,B,momentum,kospi_return_1d,0.0027257343754172325
241,B,momentum,fx_level_z_252,-0.0015622579958289862
241,B,persist,kospi_return_1d,-0.022084679454565048
241,B,persist,fx_level_z_252,-0.005598748568445444
241,B,underwater,kospi_return_1d,-0.0008456314099021256
241,B,underwater,fx_level_z_252,-0.026198124513030052
241,alpha,,kospi_return_1d,0.0399341806769371
241,alpha,,fx_level_z_252,0.02756834588944912
242,beta,momentum,,-0.028572607785463333
242,beta,persist,,0.11531667411327362
242,beta,underwater,,0.01231206301599741
242,B,momentum,kospi_return_1d,0.0027043523732572794
242,B,momentum,fx_level_z_252,-0.0014971819473430514
242,B,persist,kospi_return_1d,-0.02230360545217991
242,B,persist,fx_level_z_252,-0.005544309504330158
242,B,underwater,kospi_return_1d,-0.0009025080944411457
242,B,underwater,fx_level_z_252,-0.0260925330221653
242,alpha,,kospi_return_1d,0.039691660553216934
242,alpha,,fx_level_z_252,0.02759416215121746
243,beta,momentum,,-0.02868603728711605
243,beta,persist,,0.11545807868242264
243,beta,underwater,,0.012441057711839676
243,B,momentum,kospi_return_1d,0.0028465227223932743
243,B,momentum,fx_level_z_252,-0.0015367630403488874
243,B,persist,kospi_return_1d,-0.022476809099316597
243,B,persist,fx_level_z_252,-0.005420859437435865
243,B,underwater,kospi_return_1d,-0.000983070582151413
243,B,underwater,fx_level_z_252,-0.025938617065548897
243,alpha,,kospi_return_1d,0.03950853645801544
243,alpha,,fx_level_z_252,0.027661416679620743
244,beta,momentum,,-0.02894800715148449
244,beta,persist,,0.11567199230194092
244,beta,underwater,,0.01275928970426321
244,B,momentum,kospi_return_1d,0.002683419967070222
244,B,momentum,fx_level_z_252,-0.0014085440197959542
244,B,persist,kospi_return_1d,-0.02237311191856861
244,B,persist,fx_level_z_252,-0.005475371610373259
244,B,underwater,kospi_return_1d,-0.0008679925813339651
244,B,underwater,fx_level_z_252,-0.02584925852715969
244,alpha,,kospi_return_1d,0.03918936848640442
244,alpha,,fx_level_z_252,0.027819782495498657
245,beta,momentum,,-0.029157379642128944
245,beta,persist,,0.11585792899131775
245,beta,underwater,,0.012883227318525314
245,B,momentum,kospi_return_1d,0.0024383245036005974
245,B,momentum,fx_level_z_252,-0.0013009852264076471
245,B,persist,kospi_return_1d,-0.02237161621451378
245,B,persist,fx_level_z_252,-0.005350112449377775
245,B,underwater,kospi_return_1d,-0.0006979802856221795
245,B,underwater,fx_level_z_252,-0.02580581232905388
245,alpha,,kospi_return_1d,0.03887547180056572
245,alpha,,fx_level_z_252,0.027961771935224533
246,beta,momentum,,-0.0292168240994215
246,beta,persist,,0.11603883653879166
246,beta,underwater,,0.01304270513355732
246,B,momentum,kospi_return_1d,0.001988109899684787
246,B,momentum,fx_level_z_252,-0.001130321528762579
246,B,persist,kospi_return_1d,-0.022290198132395744
246,B,persist,fx_level_z_252,-0.005312749184668064
246,B,underwater,kospi_return_1d,-0.000378596771042794
246,B,underwater,fx_level_z_252,-0.02585536055266857
246,alpha,,kospi_return_1d,0.03853292390704155
246,alpha,,fx_level_z_252,0.02817375585436821
247,beta,momentum,,-0.029236847534775734
247,beta,persist,,0.11621487140655518
247,beta,underwater,,0.013149979524314404
247,B,momentum,kospi_return_1d,0.0015775538049638271
247,B,momentum,fx_level_z_252,-0.0011645604390650988
247,B,persist,kospi_return_1d,-0.022184932604432106
247,B,persist,fx_level_z_252,-0.00506477290764451
247,B,underwater,kospi_return_1d,4.09576459787786e-05
247,B,underwater,fx_level_z_252,-0.025818482041358948
247,alpha,,kospi_return_1d,0.0381583496928215
247,alpha,,fx_level_z_252,0.02842036262154579
248,beta,momentum,,-0.029179660603404045
248,beta,persist,,0.11634386330842972
248,beta,underwater,,0.013129541650414467
248,B,momentum,kospi_return_1d,0.0012401124695315957
248,B,momentum,fx_level_z_252,-0.0011259348830208182
248,B,persist,kospi_return_1d,-0.022073999047279358
248,B,persist,fx_level_z_252,-0.004806053824722767
248,B,underwater,kospi_return_1d,0.0003015569818671793
248,B,underwater,fx_level_z_252,-0.02590394765138626
248,alpha,,kospi_return_1d,0.03775348886847496
248,alpha,,fx_level_z_252,0.028654759749770164
249,beta,momentum,,-0.029185790568590164
249,beta,persist,,0.11650753766298294
249,beta,underwater,,0.013228998519480228
249,B,momentum,kospi_return_1d,0.0010964155662804842
249,B,momentum,fx_level_z_252,-0.0010818031150847673
249,B,persist,kospi_return_1d,-0.021906670182943344
249,B,persist,fx_level_z_252,-0.004687444772571325
249,B,underwater,kospi_return_1d,0.00046710920287296176
249,B,underwater,fx_level_z_252,-0.025854380801320076
249,alpha,,kospi_return_1d,0.03750026226043701
249,alpha,,fx_level_z_252,0.028833528980612755
250,beta,momentum,,-0.0291121955960989
250,beta,persist,,0.1166193038225174
250,beta,underwater,,0.013279391452670097
250,B,momentum,kospi_return_1d,0.0010740130674093962
250,B,momentum,fx_level_z_252,-0.0011547427857294679
250,B,persist,kospi_return_1d,-0.021795382723212242
250,B,persist,fx_level_z_252,-0.004708043299615383
250,B,underwater,kospi_return_1d,0.00046986015513539314
250,B,underwater,fx_level_z_252,-0.02578464150428772
250,alpha,,kospi_return_1d,0.03764611855149269
250,alpha,,fx_level_z_252,0.028984876349568367
251,beta,momentum,,-0.029080364853143692
251,beta,persist,,0.11677702516317368
251,beta,underwater,,0.013341240584850311
251,B,momentum,kospi_return_1d,0.0008475285139866173
251,B,momentum,fx_level_z_252,-0.0013267311733216047
251,B,persist,kospi_return_1d,-0.02162427082657814
251,B,persist,fx_level_z_252,-0.004711087793111801
251,B,underwater,kospi_return_1d,0.0004956861957907677
251,B,underwater,fx_level_z_252,-0.0257998276501894
251,alpha,,kospi_return_1d,0.03772861883044243
251,alpha,,fx_level_z_252,0.029064401984214783
252,beta,momentum,,-0.02903353050351143
252,beta,persist,,0.11690384894609451
252,beta,underwater,,0.013396241702139378
252,B,momentum,kospi_return_1d,0.0005344290984794497
252,B,momentum,fx_level_z_252,-0.0012979654129594564
252,B,persist,kospi_return_1d,-0.021392760798335075
252,B,persist,fx_level_z_252,-0.0047371541149914265
252,B,underwater,kospi_return_1d,0.000564942485652864
252,B,underwater,fx_level_z_252,-0.026019049808382988
252,alpha,,kospi_return_1d,0.0377095565199852
252,alpha,,fx_level_z_252,0.029232002794742584
253,beta,momentum,,-0.029019992798566818
253,beta,persist,,0.11699405312538147
253,beta,underwater,,0.013254047371447086
253,B,momentum,kospi_return_1d,0.00019890749535989016
253,B,momentum,fx_level_z_252,-0.0011312352726235986
253,B,persist,kospi_return_1d,-0.02101082354784012
253,B,persist,fx_level_z_252,-0.00483123492449522
253,B,underwater,kospi_return_1d,0.0005572428344748914
253,B,underwater,fx_level_z_252,-0.026370158419013023
253,alpha,,kospi_return_1d,0.03790000453591347
253,alpha,,fx_level_z_252,0.02913857437670231
254,beta,momentum,,-0.029056144878268242
254,beta,persist,,0.11697728931903839
254,beta,underwater,,0.013093251734972
254,B,momentum,kospi_return_1d,1.3490600395016372e-05
254,B,momentum,fx_level_z_252,-0.0009885764447972178
254,B,persist,kospi_return_1d,-0.020725052803754807
254,B,persist,fx_level_z_252,-0.004939778707921505
254,B,underwater,kospi_return_1d,0.00041746575152501464
254,B,underwater,fx_level_z_252,-0.026802705600857735
254,alpha,,kospi_return_1d,0.038088638335466385
254,alpha,,fx_level_z_252,0.02903524786233902
255,beta,momentum,,-0.029175633564591408
255,beta,persist,,0.11701714247465134
255,beta,underwater,,0.013044726103544235
255,B,momentum,kospi_return_1d,-9.620658966014162e-05
255,B,momentum,fx_level_z_252,-0.0008091317722573876
255,B,persist,kospi_return_1d,-0.020429382100701332
255,B,persist,fx_level_z_252,-0.005143599584698677
255,B,underwater,kospi_return_1d,1.8890685169026256e-05
255,B,underwater,fx_level_z_252,-0.027098724618554115
255,alpha,,kospi_return_1d,0.03812521696090698
255,alpha,,fx_level_z_252,0.028831034898757935
256,beta,momentum,,-0.029246164485812187
256,beta,persist,,0.11704745888710022
256,beta,underwater,,0.013106740079820156
256,B,momentum,kospi_return_1d,-0.00012409567716531456
256,B,momentum,fx_level_z_252,-0.0007507250993512571
256,B,persist,kospi_return_1d,-0.02007214166224003
256,B,persist,fx_level_z_252,-0.005135242827236652
256,B,underwater,kospi_return_1d,-0.0004703323938883841
256,B,underwater,fx_level_z_252,-0.027216017246246338
256,alpha,,kospi_return_1d,0.038110870867967606
256,alpha,,fx_level_z_252,0.028702959418296814
257,beta,momentum,,-0.029248129576444626
257,beta,persist,,0.11715348809957504
257,beta,underwater,,0.013258702121675014
257,B,momentum,kospi_return_1d,7.131622987799346e-05
257,B,momentum,fx_level_z_252,-0.0007298194104805589
257,B,persist,kospi_return_1d,-0.019742848351597786
257,B,persist,fx_level_z_252,-0.0049660722725093365
257,B,underwater,kospi_return_1d,-0.0007951396983116865
257,B,underwater,fx_level_z_252,-0.027167756110429764
257,alpha,,kospi_return_1d,0.03803682327270508
257,alpha,,fx_level_z_252,0.028558343648910522
258,beta,momentum,,-0.029260490089654922
258,beta,persist,,0.11724831908941269
258,beta,underwater,,0.01333561260253191
258,B,momentum,kospi_return_1d,0.0005879190284758806
258,B,momentum,fx_level_z_252,-0.0007308359490707517
258,B,persist,kospi_return_1d,-0.019634632393717766
258,B,persist,fx_level_z_252,-0.004787412006407976
258,B,underwater,kospi_return_1d,-0.0011629422660917044
258,B,underwater,fx_level_z_252,-0.027114713564515114
258,alpha,,kospi_return_1d,0.03790394589304924
258,alpha,,fx_level_z_252,0.028337085619568825
259,beta,momentum,,-0.0293625108897686
259,beta,persist,,0.1173366978764534
259,beta,underwater,,0.013405857607722282
259,B,momentum,kospi_return_1d,0.001020070631057024
259,B,momentum,fx_level_z_252,-0.0007913249428384006
259,B,persist,kospi_return_1d,-0.019439494237303734
259,B,persist,fx_level_z_252,-0.00462516862899065
259,B,underwater,kospi_return_1d,-0.0015203608199954033
259,B,underwater,fx_level_z_252,-0.0269289743155241
259,alpha,,kospi_return_1d,0.03792908787727356
259,alpha,,fx_level_z_252,0.027997370809316635
260,beta,momentum,,-0.02951335720717907
260,beta,persist,,0.11737766116857529
260,beta,underwater,,0.013427448458969593
260,B,momentum,kospi_return_1d,0.001518297242000699
260,B,momentum,fx_level_z_252,-0.0007827787776477635
260,B,persist,kospi_return_1d,-0.019364578649401665
260,B,persist,fx_level_z_252,-0.004321870394051075
260,B,underwater,kospi_return_1d,-0.001764034735970199
260,B,underwater,fx_level_z_252,-0.026683922857046127
260,alpha,,kospi_return_1d,0.03782935068011284
260,alpha,,fx_level_z_252,0.027709346264600754
261,beta,momentum,,-0.029559211805462837
261,beta,persist,,0.11730341613292694
261,beta,underwater,,0.01314179040491581
261,B,momentum,kospi_return_1d,0.0016424818895757198
261,B,momentum,fx_level_z_252,-0.0006406339816749096
261,B,persist,kospi_return_1d,-0.01929572783410549
261,B,persist,fx_level_z_252,-0.004021169617772102
261,B,underwater,kospi_return_1d,-0.001656180713325739
261,B,underwater,fx_level_z_252,-0.026644766330718994
261,alpha,,kospi_return_1d,0.03792911022901535
261,alpha,,fx_level_z_252,0.027557779103517532
262,beta,momentum,,-0.029504258185625076
262,beta,persist,,0.11717475205659866
262,beta,underwater,,0.012787150219082832
262,B,momentum,kospi_return_1d,0.0016982501838356256
262,B,momentum,fx_level_z_252,-0.0005428426084108651
262,B,persist,kospi_return_1d,-0.019164584577083588
262,B,persist,fx_level_z_252,-0.0038607758469879627
262,B,underwater,kospi_return_1d,-0.001526504522189498
262,B,underwater,fx_level_z_252,-0.026611588895320892
262,alpha,,kospi_return_1d,0.03806018456816673
262,alpha,,fx_level_z_252,0.027206437662243843
263,beta,momentum,,-0.029284967109560966
263,beta,persist,,0.11698123812675476
263,beta,underwater,,0.01229547057300806
263,B,momentum,kospi_return_1d,0.0017340878257527947
263,B,momentum,fx_level_z_252,-0.0003011454246006906
263,B,persist,kospi_return_1d,-0.019036900252103806
263,B,persist,fx_level_z_252,-0.003791636321693659
263,B,underwater,kospi_return_1d,-0.0011576269753277302
263,B,underwater,fx_level_z_252,-0.026821259409189224
263,alpha,,kospi_return_1d,0.038202784955501556
263,alpha,,fx_level_z_252,0.026751359924674034
264,beta,momentum,,-0.029085570946335793
264,beta,persist,,0.11677739024162292
264,beta,underwater,,0.011780647560954094
264,B,momentum,kospi_return_1d,0.001630494836717844
264,B,momentum,fx_level_z_252,-0.00012711879389826208
264,B,persist,kospi_return_1d,-0.01882391981780529
264,B,persist,fx_level_z_252,-0.0036141949240118265
264,B,underwater,kospi_return_1d,-0.0008555300300940871
264,B,underwater,fx_level_z_252,-0.02707490883767605
264,alpha,,kospi_return_1d,0.03824906423687935
264,alpha,,fx_level_z_252,0.026422401890158653
265,beta,momentum,,-0.028903596103191376
265,beta,persist,,0.11661714315414429
265,beta,underwater,,0.011446475982666016
265,B,momentum,kospi_return_1d,0.0014225668273866177
265,B,momentum,fx_level_z_252,-1.435376179870218e-05
265,B,persist,kospi_return_1d,-0.01847914606332779
265,B,persist,fx_level_z_252,-0.0033843189012259245
265,B,underwater,kospi_return_1d,-0.0006223667878657579
265,B,underwater,fx_level_z_252,-0.02725868672132492
265,alpha,,kospi_return_1d,0.03822086378931999
265,alpha,,fx_level_z_252,0.026242215186357498
266,beta,momentum,,-0.028801267966628075
266,beta,persist,,0.11639906466007233
266,beta,underwater,,0.011109475046396255
266,B,momentum,kospi_return_1d,0.0011978022521361709
266,B,momentum,fx_level_z_252,0.00015245506074279547
266,B,persist,kospi_return_1d,-0.01820804551243782
266,B,persist,fx_level_z_252,-0.0032053296454250813
266,B,underwater,kospi_return_1d,-0.000369308574590832
266,B,underwater,fx_level_z_252,-0.027344848960638046
266,alpha,,kospi_return_1d,0.03830815106630325
266,alpha,,fx_level_z_252,0.026032615453004837
267,beta,momentum,,-0.028630755841732025
267,beta,persist,,0.11623281985521317
267,beta,underwater,,0.010814392939209938
267,B,momentum,kospi_return_1d,0.0011795480968430638
267,B,momentum,fx_level_z_252,0.0001052275620168075
267,B,persist,kospi_return_1d,-0.018153751268982887
267,B,persist,fx_level_z_252,-0.003014742396771908
267,B,underwater,kospi_return_1d,-8.54370737215504e-05
267,B,underwater,fx_level_z_252,-0.027407847344875336
267,alpha,,kospi_return_1d,0.03840949013829231
267,alpha,,fx_level_z_252,0.025810690596699715
268,beta,momentum,,-0.028480734676122665
268,beta,persist,,0.11604681611061096
268,beta,underwater,,0.010598702356219292
268,B,momentum,kospi_return_1d,0.0015515589620918036
268,B,momentum,fx_level_z_252,-0.0004321075975894928
268,B,persist,kospi_return_1d,-0.018382197245955467
268,B,persist,fx_level_z_252,-0.0027155571151524782
268,B,underwater,kospi_return_1d,-5.646872887155041e-05
268,B,underwater,fx_level_z_252,-0.02715274691581726
268,alpha,,kospi_return_1d,0.03867623955011368
268,alpha,,fx_level_z_252,0.02555181086063385
269,beta,momentum,,-0.028420886024832726
269,beta,persist,,0.11589490622282028
269,beta,underwater,,0.010511825792491436
269,B,momentum,kospi_return_1d,0.002035293495282531
269,B,momentum,fx_level_z_252,-0.0009146213997155428
269,B,persist,kospi_return_1d,-0.018696758896112442
269,B,persist,fx_level_z_252,-0.0024916459806263447
269,B,underwater,kospi_return_1d,-0.00015624357911292464
269,B,underwater,fx_level_z_252,-0.026828357949852943
269,alpha,,kospi_return_1d,0.03886925056576729
269,alpha,,fx_level_z_252,0.02537117712199688
270,beta,momentum,,-0.0283842533826828
270,beta,persist,,0.11574935168027878
270,beta,underwater,,0.010445156134665012
270,B,momentum,kospi_return_1d,0.002277737483382225
270,B,momentum,fx_level_z_252,-0.0012601017951965332
270,B,persist,kospi_return_1d,-0.01892363280057907
270,B,persist,fx_level_z_252,-0.0021684602834284306
270,B,underwater,kospi_return_1d,-0.00029921112582087517
270,B,underwater,fx_level_z_252,-0.026609672233462334
270,alpha,,kospi_return_1d,0.03905169293284416
270,alpha,,fx_level_z_252,0.025314662605524063
271,beta,momentum,,-0.028461351990699768
271,beta,persist,,0.11576897650957108
271,beta,underwater,,0.010428684763610363
271,B,momentum,kospi_return_1d,0.002346643013879657
271,B,momentum,fx_level_z_252,-0.0015285302652046084
271,B,persist,kospi_return_1d,-0.01913844794034958
271,B,persist,fx_level_z_252,-0.0020797522738575935
271,B,underwater,kospi_return_1d,-0.00048270614934153855
271,B,underwater,fx_level_z_252,-0.02651076950132847
271,alpha,,kospi_return_1d,0.03911258652806282
271,alpha,,fx_level_z_252,0.025474227964878082
272,beta,momentum,,-0.028629377484321594
272,beta,persist,,0.11591451615095139
272,beta,underwater,,0.010615247301757336
272,B,momentum,kospi_return_1d,0.002075023017823696
272,B,momentum,fx_level_z_252,-0.0016145522240549326
272,B,persist,kospi_return_1d,-0.01901940442621708
272,B,persist,fx_level_z_252,-0.0020756509620696306
272,B,underwater,kospi_return_1d,-0.0004505426622927189
272,B,underwater,fx_level_z_252,-0.02639399655163288
272,alpha,,kospi_return_1d,0.03907490894198418
272,alpha,,fx_level_z_252,0.025812754407525063
273,beta,momentum,,-0.028765857219696045
273,beta,persist,,0.11608348041772842
273,beta,underwater,,0.010794625617563725
273,B,momentum,kospi_return_1d,0.0017878187354654074
273,B,momentum,fx_level_z_252,-0.001780015300028026
273,B,persist,kospi_return_1d,-0.01878543011844158
273,B,persist,fx_level_z_252,-0.0022521871142089367
273,B,underwater,kospi_return_1d,-0.0003263453545514494
273,B,underwater,fx_level_z_252,-0.026337211951613426
273,alpha,,kospi_return_1d,0.03907749801874161
273,alpha,,fx_level_z_252,0.02597956173121929
274,beta,momentum,,-0.028856489807367325
274,beta,persist,,0.11626236885786057
274,beta,underwater,,0.011066822335124016
274,B,momentum,kospi_return_1d,0.001866220380179584
274,B,momentum,fx_level_z_252,-0.001856975955888629
274,B,persist,kospi_return_1d,-0.018697788938879967
274,B,persist,fx_level_z_252,-0.0022470764815807343
274,B,underwater,kospi_return_1d,-0.00030564688495360315
274,B,underwater,fx_level_z_252,-0.026278069242835045
274,alpha,,kospi_return_1d,0.0389743335545063
274,alpha,,fx_level_z_252,0.026174349710345268
275,beta,momentum,,-0.02894819900393486
275,beta,persist,,0.11640822887420654
275,beta,underwater,,0.011430428363382816
275,B,momentum,kospi_return_1d,0.0019657332450151443
275,B,momentum,fx_level_z_252,-0.0018555287970229983
275,B,persist,kospi_return_1d,-0.018691472709178925
275,B,persist,fx_level_z_252,-0.0023463652469217777
275,B,underwater,kospi_return_1d,-0.0003636531764641404
275,B,underwater,fx_level_z_252,-0.02616683579981327
275,alpha,,kospi_return_1d,0.038937047123909
275,alpha,,fx_level_z_252,0.026449134573340416
276,beta,momentum,,-0.028914926573634148
276,beta,persist,,0.11655917018651962
276,beta,underwater,,0.01167516689747572
276,B,momentum,kospi_return_1d,0.0020561013370752335
276,B,momentum,fx_level_z_252,-0.0019447609083727002
276,B,persist,kospi_return_1d,-0.01863573119044304
276,B,persist,fx_level_z_252,-0.002542896196246147
276,B,underwater,kospi_return_1d,-0.00036715573514811695
276,B,underwater,fx_level_z_252,-0.02622918225824833
276,alpha,,kospi_return_1d,0.038966305553913116
276,alpha,,fx_level_z_252,0.02678678371012211
277,beta,momentum,,-0.02882319875061512
277,beta,persist,,0.11668083816766739
277,beta,underwater,,0.011751528829336166
277,B,momentum,kospi_return_1d,0.0021704959217458963
277,B,momentum,fx_level_z_252,-0.0018759152153506875
277,B,persist,kospi_return_1d,-0.018644055351614952
277,B,persist,fx_level_z_252,-0.0029025813564658165
277,B,underwater,kospi_return_1d,-0.0003432436496950686
277,B,underwater,fx_level_z_252,-0.026495302096009254
277,alpha,,kospi_return_1d,0.03905380517244339
277,alpha,,fx_level_z_252,0.02718508057296276
278,beta,momentum,,-0.02874588966369629
278,beta,persist,,0.11672717332839966
278,beta,underwater,,0.011881522834300995
278,B,momentum,kospi_return_1d,0.002415342954918742
278,B,momentum,fx_level_z_252,-0.001707536750473082
278,B,persist,kospi_return_1d,-0.018555421382188797
278,B,persist,fx_level_z_252,-0.0031182400416582823
278,B,underwater,kospi_return_1d,-0.0003843256854452193
278,B,underwater,fx_level_z_252,-0.026684971526265144
278,alpha,,kospi_return_1d,0.03913276270031929
278,alpha,,fx_level_z_252,0.027347028255462646
279,beta,momentum,,-0.028686417266726494
279,beta,persist,,0.11672297865152359
279,beta,underwater,,0.01189032755792141
279,B,momentum,kospi_return_1d,0.002624166663736105
279,B,momentum,fx_level_z_252,-0.0014910153113305569
279,B,persist,kospi_return_1d,-0.018364371731877327
279,B,persist,fx_level_z_252,-0.003345408709719777
279,B,underwater,kospi_return_1d,-0.00038801180198788643
279,B,underwater,fx_level_z_252,-0.026984553784132004
279,alpha,,kospi_return_1d,0.03923988342285156
279,alpha,,fx_level_z_252,0.02748003974556923
280,beta,momentum,,-0.02871381677687168
280,beta,persist,,0.11669591814279556
280,beta,underwater,,0.011911969631910324
280,B,momentum,kospi_return_1d,0.002813731785863638
280,B,momentum,fx_level_z_252,-0.0010983400279656053
280,B,persist,kospi_return_1d,-0.01825060322880745
280,B,persist,fx_level_z_252,-0.0037421106826514006
280,B,underwater,kospi_return_1d,-0.0001497091434430331
280,B,underwater,fx_level_z_252,-0.027360595762729645
280,alpha,,kospi_return_1d,0.039319343864917755
280,alpha,,fx_level_z_252,0.027631353586912155
281,beta,momentum,,-0.028810760006308556
281,beta,persist,,0.11663614958524704
281,beta,underwater,,0.012009291909635067
281,B,momentum,kospi_return_1d,0.0030097479466348886
281,B,momentum,fx_level_z_252,-0.0008668643422424793
281,B,persist,kospi_return_1d,-0.018330441787838936
281,B,persist,fx_level_z_252,-0.0038844349328428507
281,B,underwater,kospi_return_1d,-3.960892354371026e-05
281,B,underwater,fx_level_z_252,-0.027533750981092453
281,alpha,,kospi_return_1d,0.03949346765875816
281,alpha,,fx_level_z_252,0.027693213894963264
282,beta,momentum,,-0.0290361400693655
282,beta,persist,,0.1165723204612732
282,beta,underwater,,0.012121062725782394
282,B,momentum,kospi_return_1d,0.003159863641485572
282,B,momentum,fx_level_z_252,-0.0005206862697377801
282,B,persist,kospi_return_1d,-0.018499350175261497
282,B,persist,fx_level_z_252,-0.004085383843630552
282,B,underwater,kospi_return_1d,-1.7979939002543688e-05
282,B,underwater,fx_level_z_252,-0.02773919515311718
282,alpha,,kospi_return_1d,0.03957778215408325
282,alpha,,fx_level_z_252,0.0276789553463459
283,beta,momentum,,-0.029255343601107597
283,beta,persist,,0.11650487035512924
283,beta,underwater,,0.012185465544462204
283,B,momentum,kospi_return_1d,0.00337223126552999
283,B,momentum,fx_level_z_252,-0.0003737150691449642
283,B,persist,kospi_return_1d,-0.01889200694859028
283,B,persist,fx_level_z_252,-0.003975575789809227
283,B,underwater,kospi_return_1d,-0.000210388854611665
283,B,underwater,fx_level_z_252,-0.027629699558019638
283,alpha,,kospi_return_1d,0.03962011635303497
283,alpha,,fx_level_z_252,0.027734166011214256
284,beta,momentum,,-0.029392413794994354
284,beta,persist,,0.11639925837516785
284,beta,underwater,,0.012304996140301228
284,B,momentum,kospi_return_1d,0.0036820326931774616
284,B,momentum,fx_level_z_252,-0.0003330452018417418
284,B,persist,kospi_return_1d,-0.019298499450087547
284,B,persist,fx_level_z_252,-0.003852252149954438
284,B,underwater,kospi_return_1d,-0.00044070626609027386
284,B,underwater,fx_level_z_252,-0.027519799768924713
284,alpha,,kospi_return_1d,0.03957482799887657
284,alpha,,fx_level_z_252,0.027875186875462532
285,beta,momentum,,-0.029337359592318535
285,beta,persist,,0.11624105274677277
285,beta,underwater,,0.012304875068366528
285,B,momentum,kospi_return_1d,0.00395605806261301
285,B,momentum,fx_level_z_252,-0.00040064429049380124
285,B,persist,kospi_return_1d,-0.019483890384435654
285,B,persist,fx_level_z_252,-0.003731237957254052
285,B,underwater,kospi_return_1d,-0.0006353266071528196
285,B,underwater,fx_level_z_252,-0.027425875887274742
285,alpha,,kospi_return_1d,0.03974572941660881
285,alpha,,fx_level_z_252,0.028024965897202492
286,beta,momentum,,-0.029331393539905548
286,beta,persist,,0.11602150648832321
286,beta,underwater,,0.012250125408172607
286,B,momentum,kospi_return_1d,0.00420682318508625
286,B,momentum,fx_level_z_252,-0.0004909338895231485
286,B,persist,kospi_return_1d,-0.01967587321996689
286,B,persist,fx_level_z_252,-0.003654811531305313
286,B,underwater,kospi_return_1d,-0.0008940683328546584
286,B,underwater,fx_level_z_252,-0.027394648641347885
286,alpha,,kospi_return_1d,0.04000048711895943
286,alpha,,fx_level_z_252,0.028386328369379044
287,beta,momentum,,-0.0292679350823164
287,beta,persist,,0.11574254184961319
287,beta,underwater,,0.011952124536037445
287,B,momentum,kospi_return_1d,0.004190974868834019
287,B,momentum,fx_level_z_252,-0.000526865420397371
287,B,persist,kospi_return_1d,-0.01974703185260296
287,B,persist,fx_level_z_252,-0.0034478576853871346
287,B,underwater,kospi_return_1d,-0.0009490833035670221
287,B,underwater,fx_level_z_252,-0.02746483124792576
287,alpha,,kospi_return_1d,0.0403452031314373
287,alpha,,fx_level_z_252,0.028564821928739548
288,beta,momentum,,-0.02923278696835041
288,beta,persist,,0.11543276160955429
288,beta,underwater,,0.01170551311224699
288,B,momentum,kospi_return_1d,0.004352588672190905
288,B,momentum,fx_level_z_252,-0.0005578743293881416
288,B,persist,kospi_return_1d,-0.0199133213609457
288,B,persist,fx_level_z_252,-0.003155041951686144
288,B,underwater,kospi_return_1d,-0.0010859626345336437
288,B,underwater,fx_level_z_252,-0.027515336871147156
288,alpha,,kospi_return_1d,0.040817733854055405
288,alpha,,fx_level_z_252,0.02866492047905922
289,beta,momentum,,-0.029177768155932426
289,beta,persist,,0.11522644758224487
289,beta,underwater,,0.011540182866156101
289,B,momentum,kospi_return_1d,0.004511040635406971
289,B,momentum,fx_level_z_252,-0.0006594856386072934
289,B,persist,kospi_return_1d,-0.02008555456995964
289,B,persist,fx_level_z_252,-0.002711125649511814
289,B,underwater,kospi_return_1d,-0.0010859430767595768
289,B,underwater,fx_level_z_252,-0.0274785365909338
289,alpha,,kospi_return_1d,0.04115264490246773
289,alpha,,fx_level_z_252,0.028622513636946678
290,beta,momentum,,-0.02931085415184498
290,beta,persist,,0.1151396855711937
290,beta,underwater,,0.011706806719303131
290,B,momentum,kospi_return_1d,0.004478391259908676
290,B,momentum,fx_level_z_252,-0.0008225354831665754
290,B,persist,kospi_return_1d,-0.02019094116985798
290,B,persist,fx_level_z_252,-0.0022568204440176487
290,B,underwater,kospi_return_1d,-0.0010729586938396096
290,B,underwater,fx_level_z_252,-0.0274642463773489
290,alpha,,kospi_return_1d,0.041284166276454926
290,alpha,,fx_level_z_252,0.028854092583060265
291,beta,momentum,,-0.029588598757982254
291,beta,persist,,0.11514758318662643
291,beta,underwater,,0.01196981593966484
291,B,momentum,kospi_return_1d,0.004183551762253046
291,B,momentum,fx_level_z_252,-0.0009923308389261365
291,B,persist,kospi_return_1d,-0.020305143669247627
291,B,persist,fx_level_z_252,-0.0019227138254791498
291,B,underwater,kospi_return_1d,-0.001095182728022337
291,B,underwater,fx_level_z_252,-0.027388468384742737
291,alpha,,kospi_return_1d,0.04129798337817192
291,alpha,,fx_level_z_252,0.02916598692536354
292,beta,momentum,,-0.029898198321461678
292,beta,persist,,0.11525633931159973
292,beta,underwater,,0.012339253909885883
292,B,momentum,kospi_return_1d,0.0036985529586672783
292,B,momentum,fx_level_z_252,-0.0011930475011467934
292,B,persist,kospi_return_1d,-0.020374294370412827
292,B,persist,fx_level_z_252,-0.0016796053387224674
292,B,underwater,kospi_return_1d,-0.0011302190832793713
292,B,underwater,fx_level_z_252,-0.027326608076691628
292,alpha,,kospi_return_1d,0.041147783398628235
292,alpha,,fx_level_z_252,0.02931600622832775
293,beta,momentum,,-0.030220666900277138
293,beta,persist,,0.1154288724064827
293,beta,underwater,,0.012702609412372112
293,B,momentum,kospi_return_1d,0.00320605281740427
293,B,momentum,fx_level_z_252,-0.0011270877439528704
293,B,persist,kospi_return_1d,-0.02040574885904789
293,B,persist,fx_level_z_252,-0.0017145323799923062
293,B,underwater,kospi_return_1d,-0.0009949825471267104
293,B,underwater,fx_level_z_252,-0.027342133224010468
293,alpha,,kospi_return_1d,0.040989186614751816
293,alpha,,fx_level_z_252,0.02954227663576603
294,beta,momentum,,-0.030511612072587013
294,beta,persist,,0.11563363671302795
294,beta,underwater,,0.01311762910336256
294,B,momentum,kospi_return_1d,0.0029725085478276014
294,B,momentum,fx_level_z_252,-0.0010370973031967878
294,B,persist,kospi_return_1d,-0.02057141251862049
294,B,persist,fx_level_z_252,-0.0017433291068300605
294,B,underwater,kospi_return_1d,-0.0009063046309165657
294,B,underwater,fx_level_z_252,-0.027219733223319054
294,alpha,,kospi_return_1d,0.040522992610931396
294,alpha,,fx_level_z_252,0.02980472333729267
295,beta,momentum,,-0.030702996999025345
295,beta,persist,,0.1157650426030159
295,beta,underwater,,0.013396888971328735
295,B,momentum,kospi_return_1d,0.0027356697246432304
295,B,momentum,fx_level_z_252,-0.0009752928745001554
295,B,persist,kospi_return_1d,-0.020721986889839172
295,B,persist,fx_level_z_252,-0.0018887929618358612
295,B,underwater,kospi_return_1d,-0.0008576689288020134
295,B,underwater,fx_level_z_252,-0.02713814005255699
295,alpha,,kospi_return_1d,0.04003297910094261
295,alpha,,fx_level_z_252,0.029931223019957542
296,beta,momentum,,-0.03080475702881813
296,beta,persist,,0.11593542993068695
296,beta,underwater,,0.013701220043003559
296,B,momentum,kospi_return_1d,0.0023346494417637587
296,B,momentum,fx_level_z_252,-0.0008484813151881099
296,B,persist,kospi_return_1d,-0.020712314173579216
296,B,persist,fx_level_z_252,-0.0019814916886389256
296,B,underwater,kospi_return_1d,-0.0006445407052524388
296,B,underwater,fx_level_z_252,-0.027171865105628967
296,alpha,,kospi_return_1d,0.03936721384525299
296,alpha,,fx_level_z_252,0.03017502836883068
297,beta,momentum,,-0.03086305968463421
297,beta,persist,,0.11602353304624557
297,beta,underwater,,0.013891586102545261
297,B,momentum,kospi_return_1d,0.002002337481826544
297,B,momentum,fx_level_z_252,-0.0007194794015958905
297,B,persist,kospi_return_1d,-0.020747624337673187
297,B,persist,fx_level_z_252,-0.0019814325496554375
297,B,underwater,kospi_return_1d,-0.0005606786580756307
297,B,underwater,fx_level_z_252,-0.0271693654358387
297,alpha,,kospi_return_1d,0.039002299308776855
297,alpha,,fx_level_z_252,0.030392512679100037
298,beta,momentum,,-0.030630258843302727
298,beta,persist,,0.11603449285030365
298,beta,underwater,,0.013772749342024326
298,B,momentum,kospi_return_1d,0.0018147887894883752
298,B,momentum,fx_level_z_252,-0.0005861757672391832
298,B,persist,kospi_return_1d,-0.020769428461790085
298,B,persist,fx_level_z_252,-0.0019447796512395144
298,B,underwater,kospi_return_1d,-0.00038421244244091213
298,B,underwater,fx_level_z_252,-0.02729100175201893
298,alpha,,kospi_return_1d,0.038972556591033936
298,alpha,,fx_level_z_252,0.030503040179610252
299,beta,momentum,,-0.03034130111336708
299,beta,persist,,0.11601941287517548
299,beta,underwater,,0.013709751889109612
299,B,momentum,kospi_return_1d,0.0016598748043179512
299,B,momentum,fx_level_z_252,-0.00045124086318537593
299,B,persist,kospi_return_1d,-0.02074054628610611
299,B,persist,fx_level_z_252,-0.001890363753773272
299,B,underwater,kospi_return_1d,-0.00014088983880355954
299,B,underwater,fx_level_z_252,-0.02753959596157074
299,alpha,,kospi_return_1d,0.039127692580223083
299,alpha,,fx_level_z_252,0.030671074986457825
300,beta,momentum,,-0.029961086809635162
300,beta,persist,,0.1159767434000969
300,beta,underwater,,0.013696261681616306
300,B,momentum,kospi_return_1d,0.0015317024663090706
300,B,momentum,fx_level_z_252,-0.0003023562312591821
300,B,persist,kospi_return_1d,-0.02066318318247795
300,B,persist,fx_level_z_252,-0.0019121189834550023
300,B,underwater,kospi_return_1d,0.00015545074711553752
300,B,underwater,fx_level_z_252,-0.027907712385058403
300,alpha,,kospi_return_1d,0.039304062724113464
300,alpha,,fx_level_z_252,0.030950916931033134
