epoch,parameter,feature,context,weight
0,beta,momentum,,0.0
0,beta,persist,,0.0
0,beta,underwater,,0.0
0,B,momentum,kospi_return_1d,0.0
0,B,momentum,fx_level_z_252,0.0
0,B,persist,kospi_return_1d,0.0
0,B,persist,fx_level_z_252,0.0
0,B,underwater,kospi_return_1d,0.0
0,B,underwater,fx_level_z_252,0.0
0,alpha,,kospi_return_1d,0.0
0,alpha,,fx_level_z_252,0.0
1,beta,momentum,,-0.002000250853598118
1,beta,persist,,0.002000489505007863
1,beta,underwater,,0.0019970715511590242
1,B,momentum,kospi_return_1d,-0.000650797039270401
1,B,momentum,fx_level_z_252,0.0019966147374361753
1,B,persist,kospi_return_1d,-0.001975218765437603
1,B,persist,fx_level_z_252,-0.0020004897378385067
1,B,underwater,kospi_return_1d,-0.0018803119892254472
1,B,underwater,fx_level_z_252,-0.0018751483876258135
1,alpha,,kospi_return_1d,-0.002001142594963312
1,alpha,,fx_level_z_252,0.0019985507242381573
2,beta,momentum,,-0.0039884960278868675
2,beta,persist,,0.003992418292909861
2,beta,underwater,,0.003979285713285208
2,B,momentum,kospi_return_1d,-0.0002295567828696221
2,B,momentum,fx_level_z_252,0.0038979349192231894
2,B,persist,kospi_return_1d,-0.0038158611860126257
2,B,persist,fx_level_z_252,-0.0038740416057407856
2,B,underwater,kospi_return_1d,-0.0032416535541415215
2,B,underwater,fx_level_z_252,-0.003565720748156309
2,alpha,,kospi_return_1d,-0.003947512712329626
2,alpha,,fx_level_z_252,0.003956479951739311
3,beta,momentum,,-0.005954740568995476
3,beta,persist,,0.005971630569547415
3,beta,underwater,,0.005918130278587341
3,B,momentum,kospi_return_1d,-0.00050097651546821
3,B,momentum,fx_level_z_252,0.005761010106652975
3,B,persist,kospi_return_1d,-0.005551557522267103
3,B,persist,fx_level_z_252,-0.005554281175136566
3,B,underwater,kospi_return_1d,-0.004118251148611307
3,B,underwater,fx_level_z_252,-0.005175343714654446
3,alpha,,kospi_return_1d,-0.00584725895896554
3,alpha,,fx_level_z_252,0.00586036778986454
4,beta,momentum,,-0.00790497288107872
4,beta,persist,,0.007940062321722507
4,beta,underwater,,0.007846069522202015
4,B,momentum,kospi_return_1d,-0.001043415628373623
4,B,momentum,fx_level_z_252,0.007553429342806339
4,B,persist,kospi_return_1d,-0.007279166020452976
4,B,persist,fx_level_z_252,-0.0069156610406935215
4,B,underwater,kospi_return_1d,-0.004865557886660099
4,B,underwater,fx_level_z_252,-0.0067320954985916615
4,alpha,,kospi_return_1d,-0.007639475632458925
4,alpha,,fx_level_z_252,0.007735378108918667
5,beta,momentum,,-0.009827655740082264
5,beta,persist,,0.009881719946861267
5,beta,underwater,,0.009734307415783405
5,B,momentum,kospi_return_1d,-0.0014810963766649365
5,B,momentum,fx_level_z_252,0.009245839901268482
5,B,persist,kospi_return_1d,-0.00883591640740633
5,B,persist,fx_level_z_252,-0.007643230725079775
5,B,underwater,kospi_return_1d,-0.005629553459584713
5,B,underwater,fx_level_z_252,-0.008139604702591896
5,alpha,,kospi_return_1d,-0.009246309287846088
5,alpha,,fx_level_z_252,0.009432454593479633
6,beta,momentum,,-0.01171440351754427
6,beta,persist,,0.01180621050298214
6,beta,underwater,,0.011568031273782253
6,B,momentum,kospi_return_1d,-0.0022104887757450342
6,B,momentum,fx_level_z_252,0.010777235962450504
6,B,persist,kospi_return_1d,-0.010145273059606552
6,B,persist,fx_level_z_252,-0.00825128797441721
6,B,underwater,kospi_return_1d,-0.006073444150388241
6,B,underwater,fx_level_z_252,-0.009419107809662819
6,alpha,,kospi_return_1d,-0.010835634544491768
6,alpha,,fx_level_z_252,0.011059504933655262
7,beta,momentum,,-0.013536376878619194
7,beta,persist,,0.013699037954211235
7,beta,underwater,,0.013334945775568485
7,B,momentum,kospi_return_1d,-0.0027646219823509455
7,B,momentum,fx_level_z_252,0.012185435742139816
7,B,persist,kospi_return_1d,-0.011584639549255371
7,B,persist,fx_level_z_252,-0.008661429397761822
7,B,underwater,kospi_return_1d,-0.006499806884676218
7,B,underwater,fx_level_z_252,-0.010651236400008202
7,alpha,,kospi_return_1d,-0.012328563258051872
7,alpha,,fx_level_z_252,0.012646893970668316
8,beta,momentum,,-0.015292590484023094
8,beta,persist,,0.01554812304675579
8,beta,underwater,,0.01503443717956543
8,B,momentum,kospi_return_1d,-0.003206156427040696
8,B,momentum,fx_level_z_252,0.01329189632087946
8,B,persist,kospi_return_1d,-0.013053417205810547
8,B,persist,fx_level_z_252,-0.008481072261929512
8,B,underwater,kospi_return_1d,-0.006913567427545786
8,B,underwater,fx_level_z_252,-0.011630931869149208
8,alpha,,kospi_return_1d,-0.013738027773797512
8,alpha,,fx_level_z_252,0.014068990014493465
9,beta,momentum,,-0.017001105472445488
9,beta,persist,,0.017354311421513557
9,beta,underwater,,0.01667311042547226
9,B,momentum,kospi_return_1d,-0.0038550985045731068
9,B,momentum,fx_level_z_252,0.014190706424415112
9,B,persist,kospi_return_1d,-0.014502895064651966
9,B,persist,fx_level_z_252,-0.007995686493813992
9,B,underwater,kospi_return_1d,-0.006929602473974228
9,B,underwater,fx_level_z_252,-0.012376271188259125
9,alpha,,kospi_return_1d,-0.014955279417335987
9,alpha,,fx_level_z_252,0.015266052447259426
10,beta,momentum,,-0.018632037565112114
10,beta,persist,,0.019134877249598503
10,beta,underwater,,0.018174853175878525
10,B,momentum,kospi_return_1d,-0.004544959403574467
10,B,momentum,fx_level_z_252,0.014853955246508121
10,B,persist,kospi_return_1d,-0.015874212607741356
10,B,persist,fx_level_z_252,-0.007292274851351976
10,B,underwater,kospi_return_1d,-0.006820226553827524
10,B,underwater,fx_level_z_252,-0.013018821366131306
10,alpha,,kospi_return_1d,-0.016045043244957924
10,alpha,,fx_level_z_252,0.01631084457039833
11,beta,momentum,,-0.02014278434216976
11,beta,persist,,0.0208735391497612
11,beta,underwater,,0.019539617002010345
11,B,momentum,kospi_return_1d,-0.005247803404927254
11,B,momentum,fx_level_z_252,0.015319475904107094
11,B,persist,kospi_return_1d,-0.01711568981409073
11,B,persist,fx_level_z_252,-0.006501942873001099
11,B,underwater,kospi_return_1d,-0.006462490651756525
11,B,underwater,fx_level_z_252,-0.013615947216749191
11,alpha,,kospi_return_1d,-0.016924282535910606
11,alpha,,fx_level_z_252,0.017196720466017723
12,beta,momentum,,-0.021580465137958527
12,beta,persist,,0.02256159298121929
12,beta,underwater,,0.02082429639995098
12,B,momentum,kospi_return_1d,-0.0060983034782111645
12,B,momentum,fx_level_z_252,0.015558389015495777
12,B,persist,kospi_return_1d,-0.018375379964709282
12,B,persist,fx_level_z_252,-0.00546711590141058
12,B,underwater,kospi_return_1d,-0.005877303890883923
12,B,underwater,fx_level_z_252,-0.013985828496515751
12,alpha,,kospi_return_1d,-0.017564406618475914
12,alpha,,fx_level_z_252,0.017938189208507538
13,beta,momentum,,-0.022953763604164124
13,beta,persist,,0.02419668436050415
13,beta,underwater,,0.022022968158125877
13,B,momentum,kospi_return_1d,-0.006974877789616585
13,B,momentum,fx_level_z_252,0.015519308857619762
13,B,persist,kospi_return_1d,-0.01956668496131897
13,B,persist,fx_level_z_252,-0.004410145338624716
13,B,underwater,kospi_return_1d,-0.005139417480677366
13,B,underwater,fx_level_z_252,-0.01406808290630579
13,alpha,,kospi_return_1d,-0.018073217943310738
13,alpha,,fx_level_z_252,0.018575962632894516
14,beta,momentum,,-0.0242728590965271
14,beta,persist,,0.025802234187722206
14,beta,underwater,,0.02313346229493618
14,B,momentum,kospi_return_1d,-0.007950139231979847
14,B,momentum,fx_level_z_252,0.015362227335572243
14,B,persist,kospi_return_1d,-0.020699914544820786
14,B,persist,fx_level_z_252,-0.0033554264809936285
14,B,underwater,kospi_return_1d,-0.004251544829457998
14,B,underwater,fx_level_z_252,-0.014207533560693264
14,alpha,,kospi_return_1d,-0.01851758360862732
14,alpha,,fx_level_z_252,0.01911366544663906
15,beta,momentum,,-0.025493452325463295
15,beta,persist,,0.027376515790820122
15,beta,underwater,,0.02415759116411209
15,B,momentum,kospi_return_1d,-0.008809261955320835
15,B,momentum,fx_level_z_252,0.014957405626773834
15,B,persist,kospi_return_1d,-0.02185213193297386
15,B,persist,fx_level_z_252,-0.0021552133839577436
15,B,underwater,kospi_return_1d,-0.0033861424308270216
15,B,underwater,fx_level_z_252,-0.01419734675437212
15,alpha,,kospi_return_1d,-0.018854741007089615
15,alpha,,fx_level_z_252,0.019488947466015816
16,beta,momentum,,-0.02663264609873295
16,beta,persist,,0.028905022889375687
16,beta,underwater,,0.025041915476322174
16,B,momentum,kospi_return_1d,-0.00964529812335968
16,B,momentum,fx_level_z_252,0.014523315243422985
16,B,persist,kospi_return_1d,-0.022962700575590134
16,B,persist,fx_level_z_252,-0.0010269542690366507
16,B,underwater,kospi_return_1d,-0.002448777202516794
16,B,underwater,fx_level_z_252,-0.01420624740421772
16,alpha,,kospi_return_1d,-0.01911669410765171
16,alpha,,fx_level_z_252,0.01966017484664917
17,beta,momentum,,-0.027676820755004883
17,beta,persist,,0.030366448685526848
17,beta,underwater,,0.02579134702682495
17,B,momentum,kospi_return_1d,-0.01048963237553835
17,B,momentum,fx_level_z_252,0.014050781726837158
17,B,persist,kospi_return_1d,-0.023983748629689217
17,B,persist,fx_level_z_252,0.00019504019292071462
17,B,underwater,kospi_return_1d,-0.001353631028905511
17,B,underwater,fx_level_z_252,-0.014363587833940983
17,alpha,,kospi_return_1d,-0.01919163204729557
17,alpha,,fx_level_z_252,0.019787393510341644
18,beta,momentum,,-0.0286563690751791
18,beta,persist,,0.03178619220852852
18,beta,underwater,,0.026424704119563103
18,B,momentum,kospi_return_1d,-0.011194181628525257
18,B,momentum,fx_level_z_252,0.013466408476233482
18,B,persist,kospi_return_1d,-0.02501678466796875
18,B,persist,fx_level_z_252,0.0013061899226158857
18,B,underwater,kospi_return_1d,-0.0002984925522468984
18,B,underwater,fx_level_z_252,-0.014474949799478054
18,alpha,,kospi_return_1d,-0.019110072404146194
18,alpha,,fx_level_z_252,0.01975940726697445
19,beta,momentum,,-0.029548324644565582
19,beta,persist,,0.0331801176071167
19,beta,underwater,,0.026925761252641678
19,B,momentum,kospi_return_1d,-0.011944596655666828
19,B,momentum,fx_level_z_252,0.012917119078338146
19,B,persist,kospi_return_1d,-0.025963397696614265
19,B,persist,fx_level_z_252,0.002172728767618537
19,B,underwater,kospi_return_1d,0.0008101317216642201
19,B,underwater,fx_level_z_252,-0.014796487987041473
19,alpha,,kospi_return_1d,-0.018913406878709793
19,alpha,,fx_level_z_252,0.019619479775428772
20,beta,momentum,,-0.03043844923377037
20,beta,persist,,0.034556470811367035
20,beta,underwater,,0.027348097413778305
20,B,momentum,kospi_return_1d,-0.012611646205186844
20,B,momentum,fx_level_z_252,0.012374237179756165
20,B,persist,kospi_return_1d,-0.026868246495723724
20,B,persist,fx_level_z_252,0.0029104589484632015
20,B,underwater,kospi_return_1d,0.0016655464423820376
20,B,underwater,fx_level_z_252,-0.015216635540127754
20,alpha,,kospi_return_1d,-0.01863911934196949
20,alpha,,fx_level_z_252,0.019400887191295624
21,beta,momentum,,-0.0312214158475399
21,beta,persist,,0.035883579403162
21,beta,underwater,,0.02763891965150833
21,B,momentum,kospi_return_1d,-0.013237528502941132
21,B,momentum,fx_level_z_252,0.011714656837284565
21,B,persist,kospi_return_1d,-0.027744412422180176
21,B,persist,fx_level_z_252,0.0034622852690517902
21,B,underwater,kospi_return_1d,0.002396809635683894
21,B,underwater,fx_level_z_252,-0.01567377708852291
21,alpha,,kospi_return_1d,-0.018228992819786072
21,alpha,,fx_level_z_252,0.019175779074430466
22,beta,momentum,,-0.03196326643228531
22,beta,persist,,0.03721294552087784
22,beta,underwater,,0.027897780761122704
22,B,momentum,kospi_return_1d,-0.01388311292976141
22,B,momentum,fx_level_z_252,0.011094237677752972
22,B,persist,kospi_return_1d,-0.028512295335531235
22,B,persist,fx_level_z_252,0.003903633914887905
22,B,underwater,kospi_return_1d,0.003064861288294196
22,B,underwater,fx_level_z_252,-0.016180865466594696
22,alpha,,kospi_return_1d,-0.017799651250243187
22,alpha,,fx_level_z_252,0.01897929422557354
23,beta,momentum,,-0.03264528512954712
23,beta,persist,,0.03853106126189232
23,beta,underwater,,0.02805481106042862
23,B,momentum,kospi_return_1d,-0.014335894025862217
23,B,momentum,fx_level_z_252,0.0104630496352911
23,B,persist,kospi_return_1d,-0.029369017109274864
23,B,persist,fx_level_z_252,0.004089671187102795
23,B,underwater,kospi_return_1d,0.003495132550597191
23,B,underwater,fx_level_z_252,-0.016739817336201668
23,alpha,,kospi_return_1d,-0.017256733030080795
23,alpha,,fx_level_z_252,0.01862487383186817
24,beta,momentum,,-0.03329760953783989
24,beta,persist,,0.03981544449925423
24,beta,underwater,,0.02821171283721924
24,B,momentum,kospi_return_1d,-0.014784285798668861
24,B,momentum,fx_level_z_252,0.009828989394009113
24,B,persist,kospi_return_1d,-0.030118297785520554
24,B,persist,fx_level_z_252,0.004179044160991907
24,B,underwater,kospi_return_1d,0.0038127140142023563
24,B,underwater,fx_level_z_252,-0.01713431067764759
24,alpha,,kospi_return_1d,-0.016660718247294426
24,alpha,,fx_level_z_252,0.018282832577824593
25,beta,momentum,,-0.03381897881627083
25,beta,persist,,0.04102467745542526
25,beta,underwater,,0.028282906860113144
25,B,momentum,kospi_return_1d,-0.015065035782754421
25,B,momentum,fx_level_z_252,0.009215905331075191
25,B,persist,kospi_return_1d,-0.030908510088920593
25,B,persist,fx_level_z_252,0.004225594457238913
25,B,underwater,kospi_return_1d,0.0038971123285591602
25,B,underwater,fx_level_z_252,-0.0176792424172163
25,alpha,,kospi_return_1d,-0.015841450542211533
25,alpha,,fx_level_z_252,0.017949728295207024
26,beta,momentum,,-0.0342375673353672
26,beta,persist,,0.0422087125480175
26,beta,underwater,,0.028284242376685143
26,B,momentum,kospi_return_1d,-0.0151761369779706
26,B,momentum,fx_level_z_252,0.008525674231350422
26,B,persist,kospi_return_1d,-0.03170640394091606
26,B,persist,fx_level_z_252,0.004253109451383352
26,B,underwater,kospi_return_1d,0.003947009332478046
26,B,underwater,fx_level_z_252,-0.018284635618329048
26,alpha,,kospi_return_1d,-0.014978846535086632
26,alpha,,fx_level_z_252,0.017727067694067955
27,beta,momentum,,-0.03463272005319595
27,beta,persist,,0.04334905371069908
27,beta,underwater,,0.028207901865243912
27,B,momentum,kospi_return_1d,-0.015174727886915207
27,B,momentum,fx_level_z_252,0.00791956763714552
27,B,persist,kospi_return_1d,-0.032538577914237976
27,B,persist,fx_level_z_252,0.004369854927062988
27,B,underwater,kospi_return_1d,0.003831861773505807
27,B,underwater,fx_level_z_252,-0.018929539248347282
27,alpha,,kospi_return_1d,-0.014070558361709118
27,alpha,,fx_level_z_252,0.01753837615251541
28,beta,momentum,,-0.03500712662935257
28,beta,persist,,0.044492125511169434
28,beta,underwater,,0.02816811576485634
28,B,momentum,kospi_return_1d,-0.015169885009527206
28,B,momentum,fx_level_z_252,0.007509454153478146
28,B,persist,kospi_return_1d,-0.03322669863700867
28,B,persist,fx_level_z_252,0.00429931515827775
28,B,underwater,kospi_return_1d,0.003706616349518299
28,B,underwater,fx_level_z_252,-0.019805198535323143
28,alpha,,kospi_return_1d,-0.013214566744863987
28,alpha,,fx_level_z_252,0.017510293051600456
29,beta,momentum,,-0.03532182425260544
29,beta,persist,,0.045656945556402206
29,beta,underwater,,0.02807212993502617
29,B,momentum,kospi_return_1d,-0.015088987536728382
29,B,momentum,fx_level_z_252,0.007180331740528345
29,B,persist,kospi_return_1d,-0.03391758352518082
29,B,persist,fx_level_z_252,0.004168827086687088
29,B,underwater,kospi_return_1d,0.00358678144402802
29,B,underwater,fx_level_z_252,-0.020678367465734482
29,alpha,,kospi_return_1d,-0.012386674992740154
29,alpha,,fx_level_z_252,0.017392441630363464
30,beta,momentum,,-0.0355711355805397
30,beta,persist,,0.046803899109363556
30,beta,underwater,,0.02787390537559986
30,B,momentum,kospi_return_1d,-0.015049261972308159
30,B,momentum,fx_level_z_252,0.006858167704194784
30,B,persist,kospi_return_1d,-0.03443185240030289
30,B,persist,fx_level_z_252,0.004022569861263037
30,B,underwater,kospi_return_1d,0.003468539798632264
30,B,underwater,fx_level_z_252,-0.021533381193876266
30,alpha,,kospi_return_1d,-0.011502223089337349
30,alpha,,fx_level_z_252,0.017270587384700775
31,beta,momentum,,-0.035755645483732224
31,beta,persist,,0.04789349436759949
31,beta,underwater,,0.027601532638072968
31,B,momentum,kospi_return_1d,-0.014993520453572273
31,B,momentum,fx_level_z_252,0.006532976403832436
31,B,persist,kospi_return_1d,-0.034967321902513504
31,B,persist,fx_level_z_252,0.0038187860045582056
31,B,underwater,kospi_return_1d,0.0032820790074765682
31,B,underwater,fx_level_z_252,-0.022331319749355316
31,alpha,,kospi_return_1d,-0.010609952732920647
31,alpha,,fx_level_z_252,0.01710057631134987
32,beta,momentum,,-0.035897694528102875
32,beta,persist,,0.04897598549723625
32,beta,underwater,,0.02731950581073761
32,B,momentum,kospi_return_1d,-0.014894372783601284
32,B,momentum,fx_level_z_252,0.00611648615449667
32,B,persist,kospi_return_1d,-0.03546810895204544
32,B,persist,fx_level_z_252,0.0035736907739192247
32,B,underwater,kospi_return_1d,0.0031562019139528275
32,B,underwater,fx_level_z_252,-0.023034052923321724
32,alpha,,kospi_return_1d,-0.009741036221385002
32,alpha,,fx_level_z_252,0.016931988298892975
33,beta,momentum,,-0.036011792719364166
33,beta,persist,,0.050027213990688324
33,beta,underwater,,0.02695320174098015
33,B,momentum,kospi_return_1d,-0.014830020256340504
33,B,momentum,fx_level_z_252,0.005624989978969097
33,B,persist,kospi_return_1d,-0.03599231690168381
33,B,persist,fx_level_z_252,0.0035095561761409044
33,B,underwater,kospi_return_1d,0.0030062231235206127
33,B,underwater,fx_level_z_252,-0.023625148460268974
33,alpha,,kospi_return_1d,-0.008919657208025455
33,alpha,,fx_level_z_252,0.016660397872328758
34,beta,momentum,,-0.03608863428235054
34,beta,persist,,0.051044635474681854
34,beta,underwater,,0.02649528905749321
34,B,momentum,kospi_return_1d,-0.014633235521614552
34,B,momentum,fx_level_z_252,0.005132016260176897
34,B,persist,kospi_return_1d,-0.03653556481003761
34,B,persist,fx_level_z_252,0.0036045913584530354
34,B,underwater,kospi_return_1d,0.0027507806662470102
34,B,underwater,fx_level_z_252,-0.0241653174161911
34,alpha,,kospi_return_1d,-0.008046657778322697
34,alpha,,fx_level_z_252,0.016382012516260147
35,beta,momentum,,-0.03618543595075607
35,beta,persist,,0.052053868770599365
35,beta,underwater,,0.02610054984688759
35,B,momentum,kospi_return_1d,-0.014454931952059269
35,B,momentum,fx_level_z_252,0.004543456714600325
35,B,persist,kospi_return_1d,-0.036945294588804245
35,B,persist,fx_level_z_252,0.003805657848715782
35,B,underwater,kospi_return_1d,0.0023665388580411673
35,B,underwater,fx_level_z_252,-0.024415018036961555
35,alpha,,kospi_return_1d,-0.0072470721788704395
35,alpha,,fx_level_z_252,0.01612638495862484
36,beta,momentum,,-0.036323584616184235
36,beta,persist,,0.053084418177604675
36,beta,underwater,,0.025770490989089012
36,B,momentum,kospi_return_1d,-0.01434945035725832
36,B,momentum,fx_level_z_252,0.004025796428322792
36,B,persist,kospi_return_1d,-0.03726782277226448
36,B,persist,fx_level_z_252,0.0038907364942133427
36,B,underwater,kospi_return_1d,0.0020540219265967607
36,B,underwater,fx_level_z_252,-0.024593334645032883
36,alpha,,kospi_return_1d,-0.006420517805963755
36,alpha,,fx_level_z_252,0.01590805873274803
37,beta,momentum,,-0.03644585609436035
37,beta,persist,,0.05412635952234268
37,beta,underwater,,0.025423366576433182
37,B,momentum,kospi_return_1d,-0.014381032437086105
37,B,momentum,fx_level_z_252,0.0034851222299039364
37,B,persist,kospi_return_1d,-0.03749360889196396
37,B,persist,fx_level_z_252,0.003988494630903006
37,B,underwater,kospi_return_1d,0.0018705979455262423
37,B,underwater,fx_level_z_252,-0.024811776354908943
37,alpha,,kospi_return_1d,-0.005593355745077133
37,alpha,,fx_level_z_252,0.015713123604655266
38,beta,momentum,,-0.03651754930615425
38,beta,persist,,0.05516945943236351
38,beta,underwater,,0.02511489950120449
38,B,momentum,kospi_return_1d,-0.014385777525603771
38,B,momentum,fx_level_z_252,0.0029682510066777468
38,B,persist,kospi_return_1d,-0.03753553703427315
38,B,persist,fx_level_z_252,0.0040872362442314625
38,B,underwater,kospi_return_1d,0.0017288243398070335
38,B,underwater,fx_level_z_252,-0.025048689916729927
38,alpha,,kospi_return_1d,-0.004756010137498379
38,alpha,,fx_level_z_252,0.015575074590742588
39,beta,momentum,,-0.036561015993356705
39,beta,persist,,0.05616271123290062
39,beta,underwater,,0.02482316456735134
39,B,momentum,kospi_return_1d,-0.014464140869677067
39,B,momentum,fx_level_z_252,0.002486320910975337
39,B,persist,kospi_return_1d,-0.03739430755376816
39,B,persist,fx_level_z_252,0.004007615149021149
39,B,underwater,kospi_return_1d,0.0016082782531157136
39,B,underwater,fx_level_z_252,-0.0253253523260355
39,alpha,,kospi_return_1d,-0.0038733240216970444
39,alpha,,fx_level_z_252,0.015430285595357418
40,beta,momentum,,-0.036564797163009644
40,beta,persist,,0.05713789537549019
40,beta,underwater,,0.02449440024793148
40,B,momentum,kospi_return_1d,-0.014409113675355911
40,B,momentum,fx_level_z_252,0.0020137536339461803
40,B,persist,kospi_return_1d,-0.03742706775665283
40,B,persist,fx_level_z_252,0.003725789487361908
40,B,underwater,kospi_return_1d,0.0015356042422354221
40,B,underwater,fx_level_z_252,-0.025612561032176018
40,alpha,,kospi_return_1d,-0.0029334465507417917
40,alpha,,fx_level_z_252,0.015318546444177628
41,beta,momentum,,-0.03659890964627266
41,beta,persist,,0.05812540277838707
41,beta,underwater,,0.024153200909495354
41,B,momentum,kospi_return_1d,-0.014427550137043
41,B,momentum,fx_level_z_252,0.0015294691547751427
41,B,persist,kospi_return_1d,-0.0373852401971817
41,B,persist,fx_level_z_252,0.0034281169064342976
41,B,underwater,kospi_return_1d,0.0015418643597513437
41,B,underwater,fx_level_z_252,-0.025892604142427444
41,alpha,,kospi_return_1d,-0.002026001689955592
41,alpha,,fx_level_z_252,0.015174268744885921
42,beta,momentum,,-0.0366571843624115
42,beta,persist,,0.0590980239212513
42,beta,underwater,,0.023821214213967323
42,B,momentum,kospi_return_1d,-0.014439195394515991
42,B,momentum,fx_level_z_252,0.000991179491393268
42,B,persist,kospi_return_1d,-0.03732840344309807
42,B,persist,fx_level_z_252,0.0032306595239788294
42,B,underwater,kospi_return_1d,0.0014061948750168085
42,B,underwater,fx_level_z_252,-0.026101384311914444
42,alpha,,kospi_return_1d,-0.0011495485669001937
42,alpha,,fx_level_z_252,0.01507446076720953
43,beta,momentum,,-0.03671734780073166
43,beta,persist,,0.060067493468523026
43,beta,underwater,,0.023510606959462166
43,B,momentum,kospi_return_1d,-0.014274482615292072
43,B,momentum,fx_level_z_252,0.0004826846707146615
43,B,persist,kospi_return_1d,-0.03734300658106804
43,B,persist,fx_level_z_252,0.0030316407792270184
43,B,underwater,kospi_return_1d,0.0011414064792916179
43,B,underwater,fx_level_z_252,-0.026383018121123314
43,alpha,,kospi_return_1d,-0.00031695375218987465
43,alpha,,fx_level_z_252,0.015135979279875755
44,beta,momentum,,-0.036796823143959045
44,beta,persist,,0.061069272458553314
44,beta,underwater,,0.02320035733282566
44,B,momentum,kospi_return_1d,-0.014139772392809391
44,B,momentum,fx_level_z_252,0.0001561410172143951
44,B,persist,kospi_return_1d,-0.0374615453183651
44,B,persist,fx_level_z_252,0.002660850528627634
44,B,underwater,kospi_return_1d,0.0008301432244479656
44,B,underwater,fx_level_z_252,-0.026688730344176292
44,alpha,,kospi_return_1d,0.00042173461406491697
44,alpha,,fx_level_z_252,0.015269810333848
45,beta,momentum,,-0.03692703694105148
45,beta,persist,,0.06209560111165047
45,beta,underwater,,0.02295081503689289
45,B,momentum,kospi_return_1d,-0.013911684975028038
45,B,momentum,fx_level_z_252,-0.00012149652320658788
45,B,persist,kospi_return_1d,-0.037584152072668076
45,B,persist,fx_level_z_252,0.0023317616432905197
45,B,underwater,kospi_return_1d,0.0004533825267571956
45,B,underwater,fx_level_z_252,-0.02699228562414646
45,alpha,,kospi_return_1d,0.0009857211261987686
45,alpha,,fx_level_z_252,0.015489893965423107
46,beta,momentum,,-0.03710376098752022
46,beta,persist,,0.06309138238430023
46,beta,underwater,,0.022728798910975456
46,B,momentum,kospi_return_1d,-0.013651379384100437
46,B,momentum,fx_level_z_252,-0.00022446250659413636
46,B,persist,kospi_return_1d,-0.03782038390636444
46,B,persist,fx_level_z_252,0.0021730121225118637
46,B,underwater,kospi_return_1d,-5.784041422884911e-05
46,B,underwater,fx_level_z_252,-0.027100885286927223
46,alpha,,kospi_return_1d,0.0014477599179372191
46,alpha,,fx_level_z_252,0.015721434727311134
47,beta,momentum,,-0.0372622013092041
47,beta,persist,,0.06411021202802658
47,beta,underwater,,0.022445518523454666
47,B,momentum,kospi_return_1d,-0.013576766476035118
47,B,momentum,fx_level_z_252,3.9938968257047236e-05
47,B,persist,kospi_return_1d,-0.03794810548424721
47,B,persist,fx_level_z_252,0.001870030420832336
47,B,underwater,kospi_return_1d,-0.00012484450417105108
47,B,underwater,fx_level_z_252,-0.02732669934630394
47,alpha,,kospi_return_1d,0.0016811022069305182
47,alpha,,fx_level_z_252,0.015908392146229744
48,beta,momentum,,-0.03736186772584915
48,beta,persist,,0.06511043012142181
48,beta,underwater,,0.022162076085805893
48,B,momentum,kospi_return_1d,-0.013616176322102547
48,B,momentum,fx_level_z_252,7.924081000965089e-05
48,B,persist,kospi_return_1d,-0.037990402430295944
48,B,persist,fx_level_z_252,0.0018433572258800268
48,B,underwater,kospi_return_1d,3.9137041312642395e-05
48,B,underwater,fx_level_z_252,-0.027253352105617523
48,alpha,,kospi_return_1d,0.0017493072664365172
48,alpha,,fx_level_z_252,0.015891898423433304
49,beta,momentum,,-0.03748529404401779
49,beta,persist,,0.06608939915895462
49,beta,underwater,,0.02193417213857174
49,B,momentum,kospi_return_1d,-0.013618974015116692
49,B,momentum,fx_level_z_252,4.237383836880326e-05
49,B,persist,kospi_return_1d,-0.037996336817741394
49,B,persist,fx_level_z_252,0.0018716923659667373
49,B,underwater,kospi_return_1d,0.00013240883708931506
49,B,underwater,fx_level_z_252,-0.02721165306866169
49,alpha,,kospi_return_1d,0.0018204516964033246
49,alpha,,fx_level_z_252,0.01580844633281231
50,beta,momentum,,-0.03758503496646881
50,beta,persist,,0.0670832172036171
50,beta,underwater,,0.021673763170838356
50,B,momentum,kospi_return_1d,-0.01356506161391735
50,B,momentum,fx_level_z_252,-0.00016723205044399947
50,B,persist,kospi_return_1d,-0.03798171877861023
50,B,persist,fx_level_z_252,0.001850962988100946
50,B,underwater,kospi_return_1d,4.548784272628836e-05
50,B,underwater,fx_level_z_252,-0.02703426405787468
50,alpha,,kospi_return_1d,0.00189171580132097
50,alpha,,fx_level_z_252,0.01574368216097355
51,beta,momentum,,-0.037693291902542114
51,beta,persist,,0.06803164631128311
51,beta,underwater,,0.02138344943523407
51,B,momentum,kospi_return_1d,-0.013674440793693066
51,B,momentum,fx_level_z_252,-0.0001522240199847147
51,B,persist,kospi_return_1d,-0.037908803671598434
51,B,persist,fx_level_z_252,0.0017703535268083215
51,B,underwater,kospi_return_1d,2.3053225959301926e-05
51,B,underwater,fx_level_z_252,-0.026901181787252426
51,alpha,,kospi_return_1d,0.0020142176654189825
51,alpha,,fx_level_z_252,0.01568448729813099
52,beta,momentum,,-0.03777731582522392
52,beta,persist,,0.06893548369407654
52,beta,underwater,,0.02111208066344261
52,B,momentum,kospi_return_1d,-0.013880517333745956
52,B,momentum,fx_level_z_252,-0.00016476676682941616
52,B,persist,kospi_return_1d,-0.03768184036016464
52,B,persist,fx_level_z_252,0.0019357738783583045
52,B,underwater,kospi_return_1d,-4.1070070437854156e-05
52,B,underwater,fx_level_z_252,-0.026550989598035812
52,alpha,,kospi_return_1d,0.002191541250795126
52,alpha,,fx_level_z_252,0.015713931992650032
53,beta,momentum,,-0.03788737580180168
53,beta,persist,,0.06977225840091705
53,beta,underwater,,0.020856430754065514
53,B,momentum,kospi_return_1d,-0.01384667307138443
53,B,momentum,fx_level_z_252,-0.00015473554958589375
53,B,persist,kospi_return_1d,-0.037474289536476135
53,B,persist,fx_level_z_252,0.0022472934797406197
53,B,underwater,kospi_return_1d,-8.434575283899903e-05
53,B,underwater,fx_level_z_252,-0.026173463091254234
53,alpha,,kospi_return_1d,0.0024281670339405537
53,alpha,,fx_level_z_252,0.01575234718620777
54,beta,momentum,,-0.03788168355822563
54,beta,persist,,0.0705677792429924
54,beta,underwater,,0.020495431497693062
54,B,momentum,kospi_return_1d,-0.01364960614591837
54,B,momentum,fx_level_z_252,-0.0001414873986504972
54,B,persist,kospi_return_1d,-0.037446167320013046
54,B,persist,fx_level_z_252,0.0025679869577288628
54,B,underwater,kospi_return_1d,-0.00016423544730059803
54,B,underwater,fx_level_z_252,-0.0258493572473526
54,alpha,,kospi_return_1d,0.0027400520630180836
54,alpha,,fx_level_z_252,0.01575440913438797
55,beta,momentum,,-0.03785674646496773
55,beta,persist,,0.07135843485593796
55,beta,underwater,,0.020139286294579506
55,B,momentum,kospi_return_1d,-0.013532992452383041
55,B,momentum,fx_level_z_252,-4.198552051093429e-05
55,B,persist,kospi_return_1d,-0.03738135099411011
55,B,persist,fx_level_z_252,0.0028316446114331484
55,B,underwater,kospi_return_1d,-6.787647726014256e-05
55,B,underwater,fx_level_z_252,-0.025674346834421158
55,alpha,,kospi_return_1d,0.003130670404061675
55,alpha,,fx_level_z_252,0.01574295572936535
56,beta,momentum,,-0.03785471245646477
56,beta,persist,,0.07212668657302856
56,beta,underwater,,0.019765328615903854
56,B,momentum,kospi_return_1d,-0.013354562222957611
56,B,momentum,fx_level_z_252,0.00012189437256893143
56,B,persist,kospi_return_1d,-0.03736225515604019
56,B,persist,fx_level_z_252,0.003114862833172083
56,B,underwater,kospi_return_1d,0.00011918351810891181
56,B,underwater,fx_level_z_252,-0.025447824969887733
56,alpha,,kospi_return_1d,0.003421893808990717
56,alpha,,fx_level_z_252,0.015566310845315456
57,beta,momentum,,-0.03787629306316376
57,beta,persist,,0.07290656119585037
57,beta,underwater,,0.019409431144595146
57,B,momentum,kospi_return_1d,-0.013101291842758656
57,B,momentum,fx_level_z_252,0.00018890299543272704
57,B,persist,kospi_return_1d,-0.037440937012434006
57,B,persist,fx_level_z_252,0.0034133009612560272
57,B,underwater,kospi_return_1d,0.00020083668641746044
57,B,underwater,fx_level_z_252,-0.025261476635932922
57,alpha,,kospi_return_1d,0.0037125053349882364
57,alpha,,fx_level_z_252,0.015520592220127583
58,beta,momentum,,-0.03777635842561722
58,beta,persist,,0.07367267459630966
58,beta,underwater,,0.018994906917214394
58,B,momentum,kospi_return_1d,-0.012943278066813946
58,B,momentum,fx_level_z_252,0.00014821508375462145
58,B,persist,kospi_return_1d,-0.037388045340776443
58,B,persist,fx_level_z_252,0.003789913607761264
58,B,underwater,kospi_return_1d,0.00032495625782758
58,B,underwater,fx_level_z_252,-0.025030720978975296
58,alpha,,kospi_return_1d,0.0038854272570461035
58,alpha,,fx_level_z_252,0.015520581975579262
59,beta,momentum,,-0.03772130236029625
59,beta,persist,,0.07437290996313095
59,beta,underwater,,0.018608374521136284
59,B,momentum,kospi_return_1d,-0.012826770544052124
59,B,momentum,fx_level_z_252,0.00011246430221945047
59,B,persist,kospi_return_1d,-0.03726140409708023
59,B,persist,fx_level_z_252,0.004054618999361992
59,B,underwater,kospi_return_1d,0.0005842492682859302
59,B,underwater,fx_level_z_252,-0.0249442420899868
59,alpha,,kospi_return_1d,0.0040849619545042515
59,alpha,,fx_level_z_252,0.015460320748388767
60,beta,momentum,,-0.037579260766506195
60,beta,persist,,0.07508977502584457
60,beta,underwater,,0.018276453018188477
60,B,momentum,kospi_return_1d,-0.01272488757967949
60,B,momentum,fx_level_z_252,-0.00029352339333854616
60,B,persist,kospi_return_1d,-0.03712143748998642
60,B,persist,fx_level_z_252,0.004334519617259502
60,B,underwater,kospi_return_1d,0.0006650059949606657
60,B,underwater,fx_level_z_252,-0.02460244670510292
60,alpha,,kospi_return_1d,0.004172804299741983
60,alpha,,fx_level_z_252,0.015303526073694229
61,beta,momentum,,-0.0373523086309433
61,beta,persist,,0.07572676241397858
61,beta,underwater,,0.017837710678577423
61,B,momentum,kospi_return_1d,-0.012586931698024273
61,B,momentum,fx_level_z_252,-0.0006327768205665052
61,B,persist,kospi_return_1d,-0.037128664553165436
61,B,persist,fx_level_z_252,0.004679033067077398
61,B,underwater,kospi_return_1d,0.0005449367454275489
61,B,underwater,fx_level_z_252,-0.024377502501010895
61,alpha,,kospi_return_1d,0.00452252896502614
61,alpha,,fx_level_z_252,0.015198265202343464
62,beta,momentum,,-0.03706851974129677
62,beta,persist,,0.07634835690259933
62,beta,underwater,,0.017429614439606667
62,B,momentum,kospi_return_1d,-0.01242624968290329
62,B,momentum,fx_level_z_252,-0.0009052583482116461
62,B,persist,kospi_return_1d,-0.03703714907169342
62,B,persist,fx_level_z_252,0.005029311403632164
62,B,underwater,kospi_return_1d,0.0003101180773228407
62,B,underwater,fx_level_z_252,-0.024161560460925102
62,alpha,,kospi_return_1d,0.00482856435701251
62,alpha,,fx_level_z_252,0.015219591557979584
63,beta,momentum,,-0.03684067353606224
63,beta,persist,,0.0769883245229721
63,beta,underwater,,0.01704150065779686
63,B,momentum,kospi_return_1d,-0.012316369451582432
63,B,momentum,fx_level_z_252,-0.001005130005069077
63,B,persist,kospi_return_1d,-0.036848150193691254
63,B,persist,fx_level_z_252,0.00526493601500988
63,B,underwater,kospi_return_1d,0.00020231486996635795
63,B,underwater,fx_level_z_252,-0.024167487397789955
63,alpha,,kospi_return_1d,0.005152616649866104
63,alpha,,fx_level_z_252,0.015377775765955448
64,beta,momentum,,-0.03661155328154564
64,beta,persist,,0.07764041423797607
64,beta,underwater,,0.01667581871151924
64,B,momentum,kospi_return_1d,-0.012364618480205536
64,B,momentum,fx_level_z_252,-0.0008972333162091672
64,B,persist,kospi_return_1d,-0.03657053783535957
64,B,persist,fx_level_z_252,0.005185975693166256
64,B,underwater,kospi_return_1d,0.0001354027190245688
64,B,underwater,fx_level_z_252,-0.024289265275001526
64,alpha,,kospi_return_1d,0.005369029473513365
64,alpha,,fx_level_z_252,0.015496088191866875
65,beta,momentum,,-0.03646346554160118
65,beta,persist,,0.07829003036022186
65,beta,underwater,,0.016382141038775444
65,B,momentum,kospi_return_1d,-0.012568870559334755
65,B,momentum,fx_level_z_252,-0.0007157087093219161
65,B,persist,kospi_return_1d,-0.036298371851444244
65,B,persist,fx_level_z_252,0.0050868382677435875
65,B,underwater,kospi_return_1d,0.0001633467763895169
65,B,underwater,fx_level_z_252,-0.02440582402050495
65,alpha,,kospi_return_1d,0.005544325802475214
65,alpha,,fx_level_z_252,0.01570139266550541
66,beta,momentum,,-0.03634193539619446
66,beta,persist,,0.07891638576984406
66,beta,underwater,,0.016143551096320152
66,B,momentum,kospi_return_1d,-0.012775729410350323
66,B,momentum,fx_level_z_252,-0.0005110675701871514
66,B,persist,kospi_return_1d,-0.03598726540803909
66,B,persist,fx_level_z_252,0.005058610811829567
66,B,underwater,kospi_return_1d,0.00029021434602327645
66,B,underwater,fx_level_z_252,-0.02446218580007553
66,alpha,,kospi_return_1d,0.005786646157503128
66,alpha,,fx_level_z_252,0.015884868800640106
67,beta,momentum,,-0.0361795648932457
67,beta,persist,,0.07950790226459503
67,beta,underwater,,0.015925761312246323
67,B,momentum,kospi_return_1d,-0.01296486146748066
67,B,momentum,fx_level_z_252,-0.00036532743251882493
67,B,persist,kospi_return_1d,-0.03579128906130791
67,B,persist,fx_level_z_252,0.004935741890221834
67,B,underwater,kospi_return_1d,0.0002039451792370528
67,B,underwater,fx_level_z_252,-0.024417372420430183
67,alpha,,kospi_return_1d,0.006125017534941435
67,alpha,,fx_level_z_252,0.01621217653155327
68,beta,momentum,,-0.03602529689669609
68,beta,persist,,0.0801374763250351
68,beta,underwater,,0.01569555699825287
68,B,momentum,kospi_return_1d,-0.01300481241196394
68,B,momentum,fx_level_z_252,-0.00019254565995652229
68,B,persist,kospi_return_1d,-0.03564157709479332
68,B,persist,fx_level_z_252,0.004703702870756388
68,B,underwater,kospi_return_1d,0.0001496280892752111
68,B,underwater,fx_level_z_252,-0.024332324042916298
68,alpha,,kospi_return_1d,0.00637102359905839
68,alpha,,fx_level_z_252,0.016478117555379868
69,beta,momentum,,-0.035891298204660416
69,beta,persist,,0.08078137040138245
69,beta,underwater,,0.0155392000451684
69,B,momentum,kospi_return_1d,-0.012822326272726059
69,B,momentum,fx_level_z_252,4.0427621570415795e-06
69,B,persist,kospi_return_1d,-0.035618312656879425
69,B,persist,fx_level_z_252,0.004545391071587801
69,B,underwater,kospi_return_1d,-1.9651342881843448e-06
69,B,underwater,fx_level_z_252,-0.024198690429329872
69,alpha,,kospi_return_1d,0.006639153230935335
69,alpha,,fx_level_z_252,0.016731703653931618
70,beta,momentum,,-0.03572266921401024
70,beta,persist,,0.08142362534999847
70,beta,underwater,,0.01539335772395134
70,B,momentum,kospi_return_1d,-0.012620666064321995
70,B,momentum,fx_level_z_252,0.00011455515050329268
70,B,persist,kospi_return_1d,-0.03555923327803612
70,B,persist,fx_level_z_252,0.004465014673769474
70,B,underwater,kospi_return_1d,0.00012814004730898887
70,B,underwater,fx_level_z_252,-0.02414235658943653
70,alpha,,kospi_return_1d,0.006964036263525486
70,alpha,,fx_level_z_252,0.016881350427865982
71,beta,momentum,,-0.0355682335793972
71,beta,persist,,0.08201758563518524
71,beta,underwater,,0.015156191773712635
71,B,momentum,kospi_return_1d,-0.012418480589985847
71,B,momentum,fx_level_z_252,0.00030892627546563745
71,B,persist,kospi_return_1d,-0.0355902798473835
71,B,persist,fx_level_z_252,0.0043527293018996716
71,B,underwater,kospi_return_1d,0.00029158793040551245
71,B,underwater,fx_level_z_252,-0.024189013987779617
71,alpha,,kospi_return_1d,0.007383532356470823
71,alpha,,fx_level_z_252,0.01703493297100067
72,beta,momentum,,-0.03539568930864334
72,beta,persist,,0.08259307593107224
72,beta,underwater,,0.01484523992985487
72,B,momentum,kospi_return_1d,-0.012218479998409748
72,B,momentum,fx_level_z_252,0.00031535563175566494
72,B,persist,kospi_return_1d,-0.03565666824579239
72,B,persist,fx_level_z_252,0.004263103939592838
72,B,underwater,kospi_return_1d,0.0004924478125758469
72,B,underwater,fx_level_z_252,-0.024343520402908325
72,alpha,,kospi_return_1d,0.007820745930075645
72,alpha,,fx_level_z_252,0.017046796157956123
73,beta,momentum,,-0.035251203924417496
73,beta,persist,,0.08316214382648468
73,beta,underwater,,0.014442981220781803
73,B,momentum,kospi_return_1d,-0.012105889618396759
73,B,momentum,fx_level_z_252,0.00017441152886021882
73,B,persist,kospi_return_1d,-0.03583367541432381
73,B,persist,fx_level_z_252,0.0043345605954527855
73,B,underwater,kospi_return_1d,0.0005474058561958373
73,B,underwater,fx_level_z_252,-0.024380959570407867
73,alpha,,kospi_return_1d,0.008419779129326344
73,alpha,,fx_level_z_252,0.017030153423547745
74,beta,momentum,,-0.03514430299401283
74,beta,persist,,0.08369201421737671
74,beta,underwater,,0.014088899828493595
74,B,momentum,kospi_return_1d,-0.011891045607626438
74,B,momentum,fx_level_z_252,-3.5849225241690874e-06
74,B,persist,kospi_return_1d,-0.035910241305828094
74,B,persist,fx_level_z_252,0.004337383899837732
74,B,underwater,kospi_return_1d,0.00032075424678623676
74,B,underwater,fx_level_z_252,-0.024396847933530807
74,alpha,,kospi_return_1d,0.009097842499613762
74,alpha,,fx_level_z_252,0.01697457954287529
75,beta,momentum,,-0.035042814910411835
75,beta,persist,,0.0841151773929596
75,beta,underwater,,0.013690599240362644
75,B,momentum,kospi_return_1d,-0.011765982955694199
75,B,momentum,fx_level_z_252,-0.0002714595175348222
75,B,persist,kospi_return_1d,-0.03605445474386215
75,B,persist,fx_level_z_252,0.00431734649464488
75,B,underwater,kospi_return_1d,3.1688789022155106e-05
75,B,underwater,fx_level_z_252,-0.024274714291095734
75,alpha,,kospi_return_1d,0.00975002534687519
75,alpha,,fx_level_z_252,0.016773847863078117
76,beta,momentum,,-0.0350436195731163
76,beta,persist,,0.08449165523052216
76,beta,underwater,,0.013385007157921791
76,B,momentum,kospi_return_1d,-0.011593909002840519
76,B,momentum,fx_level_z_252,-0.00034489334211684763
76,B,persist,kospi_return_1d,-0.036194730550050735
76,B,persist,fx_level_z_252,0.004289334639906883
76,B,underwater,kospi_return_1d,-0.00020766642410308123
76,B,underwater,fx_level_z_252,-0.024174658581614494
76,alpha,,kospi_return_1d,0.01039214339107275
76,alpha,,fx_level_z_252,0.016688404604792595
77,beta,momentum,,-0.03510530665516853
77,beta,persist,,0.08492766320705414
77,beta,underwater,,0.013199825771152973
77,B,momentum,kospi_return_1d,-0.011319597251713276
77,B,momentum,fx_level_z_252,-0.0003285013954155147
77,B,persist,kospi_return_1d,-0.03640638291835785
77,B,persist,fx_level_z_252,0.003977497108280659
77,B,underwater,kospi_return_1d,-0.00041281513404101133
77,B,underwater,fx_level_z_252,-0.023973669856786728
77,alpha,,kospi_return_1d,0.010791768319904804
77,alpha,,fx_level_z_252,0.016650736331939697
78,beta,momentum,,-0.03513898327946663
78,beta,persist,,0.08535122871398926
78,beta,underwater,,0.01303145196288824
78,B,momentum,kospi_return_1d,-0.011082368902862072
78,B,momentum,fx_level_z_252,-0.0001537519710836932
78,B,persist,kospi_return_1d,-0.03662388026714325
78,B,persist,fx_level_z_252,0.0036612870171666145
78,B,underwater,kospi_return_1d,-0.000554251077119261
78,B,underwater,fx_level_z_252,-0.02389380894601345
78,alpha,,kospi_return_1d,0.011110754683613777
78,alpha,,fx_level_z_252,0.016697311773896217
79,beta,momentum,,-0.03523062914609909
79,beta,persist,,0.0857553631067276
79,beta,underwater,,0.012894837185740471
79,B,momentum,kospi_return_1d,-0.01105080358684063
79,B,momentum,fx_level_z_252,9.163450886262581e-05
79,B,persist,kospi_return_1d,-0.036794111132621765
79,B,persist,fx_level_z_252,0.003541245125234127
79,B,underwater,kospi_return_1d,-0.0005240314058028162
79,B,underwater,fx_level_z_252,-0.023818347603082657
79,alpha,,kospi_return_1d,0.011466394178569317
79,alpha,,fx_level_z_252,0.016727805137634277
80,beta,momentum,,-0.03530428558588028
80,beta,persist,,0.08619824796915054
80,beta,underwater,,0.012743114493787289
80,B,momentum,kospi_return_1d,-0.010989564470946789
80,B,momentum,fx_level_z_252,0.0002494868531357497
80,B,persist,kospi_return_1d,-0.03701087087392807
80,B,persist,fx_level_z_252,0.0035100728273391724
80,B,underwater,kospi_return_1d,-0.00027457132819108665
80,B,underwater,fx_level_z_252,-0.023634258657693863
80,alpha,,kospi_return_1d,0.011765765026211739
80,alpha,,fx_level_z_252,0.016862180083990097
81,beta,momentum,,-0.03541931137442589
81,beta,persist,,0.0866202712059021
81,beta,underwater,,0.01266253087669611
81,B,momentum,kospi_return_1d,-0.01105115469545126
81,B,momentum,fx_level_z_252,0.0002885829599108547
81,B,persist,kospi_return_1d,-0.03700392320752144
81,B,persist,fx_level_z_252,0.003527629654854536
81,B,underwater,kospi_return_1d,-6.460760778281838e-05
81,B,underwater,fx_level_z_252,-0.023516444489359856
81,alpha,,kospi_return_1d,0.012115868739783764
81,alpha,,fx_level_z_252,0.017108285799622536
82,beta,momentum,,-0.035427555441856384
82,beta,persist,,0.08707237988710403
82,beta,underwater,,0.012595253996551037
82,B,momentum,kospi_return_1d,-0.011056417599320412
82,B,momentum,fx_level_z_252,0.00023010946460999548
82,B,persist,kospi_return_1d,-0.03696608170866966
82,B,persist,fx_level_z_252,0.003617077600210905
82,B,underwater,kospi_return_1d,0.0001322365424130112
82,B,underwater,fx_level_z_252,-0.023556726053357124
82,alpha,,kospi_return_1d,0.012300720438361168
82,alpha,,fx_level_z_252,0.017324738204479218
83,beta,momentum,,-0.035514116287231445
83,beta,persist,,0.08754941821098328
83,beta,underwater,,0.012589718215167522
83,B,momentum,kospi_return_1d,-0.01114180963486433
83,B,momentum,fx_level_z_252,0.00013675985974259675
83,B,persist,kospi_return_1d,-0.03677070140838623
83,B,persist,fx_level_z_252,0.0037226087879389524
83,B,underwater,kospi_return_1d,0.00018292656750418246
83,B,underwater,fx_level_z_252,-0.023576507344841957
83,alpha,,kospi_return_1d,0.012468887493014336
83,alpha,,fx_level_z_252,0.017622854560613632
84,beta,momentum,,-0.035457029938697815
84,beta,persist,,0.08793667703866959
84,beta,underwater,,0.012575368396937847
84,B,momentum,kospi_return_1d,-0.011223452165722847
84,B,momentum,fx_level_z_252,-0.00018220777565147728
84,B,persist,kospi_return_1d,-0.03657333180308342
84,B,persist,fx_level_z_252,0.0040706610307097435
84,B,underwater,kospi_return_1d,0.00015296907804440707
84,B,underwater,fx_level_z_252,-0.02331182174384594
84,alpha,,kospi_return_1d,0.012607303448021412
84,alpha,,fx_level_z_252,0.017921024933457375
85,beta,momentum,,-0.0353349931538105
85,beta,persist,,0.08827554434537888
85,beta,underwater,,0.01248548086732626
85,B,momentum,kospi_return_1d,-0.01103409193456173
85,B,momentum,fx_level_z_252,-0.000534810358658433
85,B,persist,kospi_return_1d,-0.036681100726127625
85,B,persist,fx_level_z_252,0.004706760868430138
85,B,underwater,kospi_return_1d,-0.00013003373169340193
85,B,underwater,fx_level_z_252,-0.022963929921388626
85,alpha,,kospi_return_1d,0.012854699976742268
85,alpha,,fx_level_z_252,0.018021559342741966
86,beta,momentum,,-0.03517638146877289
86,beta,persist,,0.08855811506509781
86,beta,underwater,,0.012298046611249447
86,B,momentum,kospi_return_1d,-0.010697855614125729
86,B,momentum,fx_level_z_252,-0.0007600233075208962
86,B,persist,kospi_return_1d,-0.03693613037467003
86,B,persist,fx_level_z_252,0.00534804817289114
86,B,underwater,kospi_return_1d,-0.00045509389019571245
86,B,underwater,fx_level_z_252,-0.022755280137062073
86,alpha,,kospi_return_1d,0.013129928149282932
86,alpha,,fx_level_z_252,0.017954574897885323
87,beta,momentum,,-0.03509177640080452
87,beta,persist,,0.08879929035902023
87,beta,underwater,,0.012123314663767815
87,B,momentum,kospi_return_1d,-0.010409826412796974
87,B,momentum,fx_level_z_252,-0.0006710088346153498
87,B,persist,kospi_return_1d,-0.03705399110913277
87,B,persist,fx_level_z_252,0.00584151316434145
87,B,underwater,kospi_return_1d,-0.0006467717466875911
87,B,underwater,fx_level_z_252,-0.02284531481564045
87,alpha,,kospi_return_1d,0.013468749821186066
87,alpha,,fx_level_z_252,0.01777079701423645
88,beta,momentum,,-0.03504008799791336
88,beta,persist,,0.08909907937049866
88,beta,underwater,,0.011901231482625008
88,B,momentum,kospi_return_1d,-0.010454115457832813
88,B,momentum,fx_level_z_252,-0.0006172847934067249
88,B,persist,kospi_return_1d,-0.03718133270740509
88,B,persist,fx_level_z_252,0.00615681242197752
88,B,underwater,kospi_return_1d,-0.0007284570019692183
88,B,underwater,fx_level_z_252,-0.02292388491332531
88,alpha,,kospi_return_1d,0.013639487326145172
88,alpha,,fx_level_z_252,0.017660388723015785
89,beta,momentum,,-0.03500444069504738
89,beta,persist,,0.0894070640206337
89,beta,underwater,,0.011679014191031456
89,B,momentum,kospi_return_1d,-0.010539650917053223
89,B,momentum,fx_level_z_252,-0.0004305723705329001
89,B,persist,kospi_return_1d,-0.03727341070771217
89,B,persist,fx_level_z_252,0.006417096126824617
89,B,underwater,kospi_return_1d,-0.0006576477899216115
89,B,underwater,fx_level_z_252,-0.023064235225319862
89,alpha,,kospi_return_1d,0.013869545422494411
89,alpha,,fx_level_z_252,0.017649298533797264
90,beta,momentum,,-0.03498825058341026
90,beta,persist,,0.08970446139574051
90,beta,underwater,,0.011594241484999657
90,B,momentum,kospi_return_1d,-0.010746913962066174
90,B,momentum,fx_level_z_252,-9.317202784586698e-05
90,B,persist,kospi_return_1d,-0.03724711015820503
90,B,persist,fx_level_z_252,0.006398406345397234
90,B,underwater,kospi_return_1d,-0.000422626209910959
90,B,underwater,fx_level_z_252,-0.023205352947115898
90,alpha,,kospi_return_1d,0.014029884710907936
90,alpha,,fx_level_z_252,0.01766323670744896
91,beta,momentum,,-0.034909751266241074
91,beta,persist,,0.09000910818576813
91,beta,underwater,,0.011451850645244122
91,B,momentum,kospi_return_1d,-0.011173112317919731
91,B,momentum,fx_level_z_252,0.00026631305809132755
91,B,persist,kospi_return_1d,-0.03701813891530037
91,B,persist,fx_level_z_252,0.006223232485353947
91,B,underwater,kospi_return_1d,0.00017267410294152796
91,B,underwater,fx_level_z_252,-0.02343350276350975
91,alpha,,kospi_return_1d,0.014119280502200127
91,alpha,,fx_level_z_252,0.01769103854894638
92,beta,momentum,,-0.03486132621765137
92,beta,persist,,0.09035095572471619
92,beta,underwater,,0.01126235630363226
92,B,momentum,kospi_return_1d,-0.011481461115181446
92,B,momentum,fx_level_z_252,0.00040150544373318553
92,B,persist,kospi_return_1d,-0.0368213877081871
92,B,persist,fx_level_z_252,0.006041914224624634
92,B,underwater,kospi_return_1d,0.0006180048221722245
92,B,underwater,fx_level_z_252,-0.023509660735726357
92,alpha,,kospi_return_1d,0.014093504287302494
92,alpha,,fx_level_z_252,0.017809923738241196
93,beta,momentum,,-0.03490178659558296
93,beta,persist,,0.09073531627655029
93,beta,underwater,,0.011179594323039055
93,B,momentum,kospi_return_1d,-0.011611801572144032
93,B,momentum,fx_level_z_252,0.0004816021246369928
93,B,persist,kospi_return_1d,-0.036577265709638596
93,B,persist,fx_level_z_252,0.005867668893188238
93,B,underwater,kospi_return_1d,0.0009093533735722303
93,B,underwater,fx_level_z_252,-0.023537680506706238
93,alpha,,kospi_return_1d,0.01409734133630991
93,alpha,,fx_level_z_252,0.018006794154644012
94,beta,momentum,,-0.03494018316268921
94,beta,persist,,0.09118011593818665
94,beta,underwater,,0.011188935488462448
94,B,momentum,kospi_return_1d,-0.011510521173477173
94,B,momentum,fx_level_z_252,0.0003775853256229311
94,B,persist,kospi_return_1d,-0.03632647171616554
94,B,persist,fx_level_z_252,0.0057882885448634624
94,B,underwater,kospi_return_1d,0.0009806501911953092
94,B,underwater,fx_level_z_252,-0.02355654165148735
94,alpha,,kospi_return_1d,0.014022313989698887
94,alpha,,fx_level_z_252,0.01824883185327053
95,beta,momentum,,-0.03507886081933975
95,beta,persist,,0.09161757677793503
95,beta,underwater,,0.011310325004160404
95,B,momentum,kospi_return_1d,-0.011424709111452103
95,B,momentum,fx_level_z_252,0.00016028922982513905
95,B,persist,kospi_return_1d,-0.036078259348869324
95,B,persist,fx_level_z_252,0.00569146778434515
95,B,underwater,kospi_return_1d,0.0006340725813060999
95,B,underwater,fx_level_z_252,-0.023496141657233238
95,alpha,,kospi_return_1d,0.014115306548774242
95,alpha,,fx_level_z_252,0.018604857847094536
96,beta,momentum,,-0.03520435839891434
96,beta,persist,,0.09197501093149185
96,beta,underwater,,0.011363759636878967
96,B,momentum,kospi_return_1d,-0.011430738493800163
96,B,momentum,fx_level_z_252,8.718362369108945e-05
96,B,persist,kospi_return_1d,-0.03599681705236435
96,B,persist,fx_level_z_252,0.005612879525870085
96,B,underwater,kospi_return_1d,0.00029889176948927343
96,B,underwater,fx_level_z_252,-0.023547040298581123
96,alpha,,kospi_return_1d,0.01434363704174757
96,alpha,,fx_level_z_252,0.018916526809334755
97,beta,momentum,,-0.03516261652112007
97,beta,persist,,0.09227687120437622
97,beta,underwater,,0.01119636744260788
97,B,momentum,kospi_return_1d,-0.011423686519265175
97,B,momentum,fx_level_z_252,-1.1935189832001925e-05
97,B,persist,kospi_return_1d,-0.036001067608594894
97,B,persist,fx_level_z_252,0.005595474969595671
97,B,underwater,kospi_return_1d,3.033725079149008e-06
97,B,underwater,fx_level_z_252,-0.02364838309586048
97,alpha,,kospi_return_1d,0.014666222035884857
97,alpha,,fx_level_z_252,0.018954893574118614
98,beta,momentum,,-0.03506806120276451
98,beta,persist,,0.09253646433353424
98,beta,underwater,,0.0109317097812891
98,B,momentum,kospi_return_1d,-0.011236509308218956
98,B,momentum,fx_level_z_252,-1.3844135537510738e-05
98,B,persist,kospi_return_1d,-0.036173585802316666
98,B,persist,fx_level_z_252,0.005716512445360422
98,B,underwater,kospi_return_1d,-0.0005305949598550797
98,B,underwater,fx_level_z_252,-0.023658042773604393
98,alpha,,kospi_return_1d,0.014866877347230911
98,alpha,,fx_level_z_252,0.01878584921360016
99,beta,momentum,,-0.03499742969870567
99,beta,persist,,0.09276693314313889
99,beta,underwater,,0.010805522091686726
99,B,momentum,kospi_return_1d,-0.011126860044896603
99,B,momentum,fx_level_z_252,-4.347629874246195e-05
99,B,persist,kospi_return_1d,-0.036258626729249954
99,B,persist,fx_level_z_252,0.005927960388362408
99,B,underwater,kospi_return_1d,-0.0008243066840805113
99,B,underwater,fx_level_z_252,-0.02349441684782505
99,alpha,,kospi_return_1d,0.015139026567339897
99,alpha,,fx_level_z_252,0.018694430589675903
100,beta,momentum,,-0.03497976064682007
100,beta,persist,,0.09305576980113983
100,beta,underwater,,0.01066676527261734
100,B,momentum,kospi_return_1d,-0.01099044643342495
100,B,momentum,fx_level_z_252,5.208119182498194e-05
100,B,persist,kospi_return_1d,-0.0363503135740757
100,B,persist,fx_level_z_252,0.006025432609021664
100,B,underwater,kospi_return_1d,-0.000936319469474256
100,B,underwater,fx_level_z_252,-0.02338414266705513
100,alpha,,kospi_return_1d,0.015346192754805088
100,alpha,,fx_level_z_252,0.0186444241553545
101,beta,momentum,,-0.035110361874103546
101,beta,persist,,0.09338249266147614
101,beta,underwater,,0.010790185071527958
101,B,momentum,kospi_return_1d,-0.010846251621842384
101,B,momentum,fx_level_z_252,0.00015563820488750935
101,B,persist,kospi_return_1d,-0.0363444946706295
101,B,persist,fx_level_z_252,0.006110421381890774
101,B,underwater,kospi_return_1d,-0.0009780362015590072
101,B,underwater,fx_level_z_252,-0.023267462849617004
101,alpha,,kospi_return_1d,0.015556013211607933
101,alpha,,fx_level_z_252,0.018793536350131035
102,beta,momentum,,-0.03516194969415665
102,beta,persist,,0.0937073603272438
102,beta,underwater,,0.010922824963927269
102,B,momentum,kospi_return_1d,-0.01062018983066082
102,B,momentum,fx_level_z_252,0.0001973580219782889
102,B,persist,kospi_return_1d,-0.03632969409227371
102,B,persist,fx_level_z_252,0.006159791257232428
102,B,underwater,kospi_return_1d,-0.0008548001642338932
102,B,underwater,fx_level_z_252,-0.02321380376815796
102,alpha,,kospi_return_1d,0.015657439827919006
102,alpha,,fx_level_z_252,0.01874418556690216
103,beta,momentum,,-0.03514926880598068
103,beta,persist,,0.09401927888393402
103,beta,underwater,,0.011059874668717384
103,B,momentum,kospi_return_1d,-0.010259251110255718
103,B,momentum,fx_level_z_252,3.3692820579744875e-05
103,B,persist,kospi_return_1d,-0.03650815784931183
103,B,persist,fx_level_z_252,0.006372392643243074
103,B,underwater,kospi_return_1d,-0.0008990117348730564
103,B,underwater,fx_level_z_252,-0.023016849532723427
103,alpha,,kospi_return_1d,0.01580459251999855
103,alpha,,fx_level_z_252,0.01867472380399704
104,beta,momentum,,-0.03508983924984932
104,beta,persist,,0.09425004571676254
104,beta,underwater,,0.011050435714423656
104,B,momentum,kospi_return_1d,-0.009882371872663498
104,B,momentum,fx_level_z_252,-0.000221902912016958
104,B,persist,kospi_return_1d,-0.036687303334474564
104,B,persist,fx_level_z_252,0.006882556714117527
104,B,underwater,kospi_return_1d,-0.0008606374613009393
104,B,underwater,fx_level_z_252,-0.02279333397746086
104,alpha,,kospi_return_1d,0.015955695882439613
104,alpha,,fx_level_z_252,0.018553007394075394
105,beta,momentum,,-0.03505419194698334
105,beta,persist,,0.09453970938920975
105,beta,underwater,,0.010987462475895882
105,B,momentum,kospi_return_1d,-0.009671367704868317
105,B,momentum,fx_level_z_252,-0.0002636555000208318
105,B,persist,kospi_return_1d,-0.03685709089040756
105,B,persist,fx_level_z_252,0.007085032761096954
105,B,underwater,kospi_return_1d,-0.0006589182885363698
105,B,underwater,fx_level_z_252,-0.022619597613811493
105,alpha,,kospi_return_1d,0.015920566394925117
105,alpha,,fx_level_z_252,0.018570145592093468
106,beta,momentum,,-0.03498775511980057
106,beta,persist,,0.09480620175600052
106,beta,underwater,,0.010757886804640293
106,B,momentum,kospi_return_1d,-0.00969679094851017
106,B,momentum,fx_level_z_252,-0.00012757789227180183
106,B,persist,kospi_return_1d,-0.03689002990722656
106,B,persist,fx_level_z_252,0.007176397833973169
106,B,underwater,kospi_return_1d,-0.00030080944998189807
106,B,underwater,fx_level_z_252,-0.022664299234747887
106,alpha,,kospi_return_1d,0.015828460454940796
106,alpha,,fx_level_z_252,0.018527835607528687
107,beta,momentum,,-0.03487500175833702
107,beta,persist,,0.09509849548339844
107,beta,underwater,,0.010564836673438549
107,B,momentum,kospi_return_1d,-0.009838826023042202
107,B,momentum,fx_level_z_252,9.423902520211414e-05
107,B,persist,kospi_return_1d,-0.03689064085483551
107,B,persist,fx_level_z_252,0.007177661173045635
107,B,underwater,kospi_return_1d,8.655220153741539e-05
107,B,underwater,fx_level_z_252,-0.02289169654250145
107,alpha,,kospi_return_1d,0.01576179452240467
107,alpha,,fx_level_z_252,0.018380429595708847
108,beta,momentum,,-0.03484825789928436
108,beta,persist,,0.09538918733596802
108,beta,underwater,,0.010471723042428493
108,B,momentum,kospi_return_1d,-0.00998468603938818
108,B,momentum,fx_level_z_252,0.0003231636364944279
108,B,persist,kospi_return_1d,-0.036859627813100815
108,B,persist,fx_level_z_252,0.007081466261297464
108,B,underwater,kospi_return_1d,0.000318291102303192
108,B,underwater,fx_level_z_252,-0.023107951506972313
108,alpha,,kospi_return_1d,0.01583000086247921
108,alpha,,fx_level_z_252,0.01816917210817337
109,beta,momentum,,-0.03469019755721092
109,beta,persist,,0.09558845311403275
109,beta,underwater,,0.01032714918255806
109,B,momentum,kospi_return_1d,-0.00998834241181612
109,B,momentum,fx_level_z_252,0.0003114449791610241
109,B,persist,kospi_return_1d,-0.03680533543229103
109,B,persist,fx_level_z_252,0.007159053348004818
109,B,underwater,kospi_return_1d,0.00026423734379932284
109,B,underwater,fx_level_z_252,-0.023256855085492134
109,alpha,,kospi_return_1d,0.015940634533762932
109,alpha,,fx_level_z_252,0.017990432679653168
110,beta,momentum,,-0.03456268087029457
110,beta,persist,,0.09583059698343277
110,beta,underwater,,0.010305735282599926
110,B,momentum,kospi_return_1d,-0.009920510463416576
110,B,momentum,fx_level_z_252,0.0002213703846791759
110,B,persist,kospi_return_1d,-0.0366952158510685
110,B,persist,fx_level_z_252,0.007287259679287672
110,B,underwater,kospi_return_1d,7.729501521680504e-05
110,B,underwater,fx_level_z_252,-0.023351173847913742
110,alpha,,kospi_return_1d,0.016044922173023224
110,alpha,,fx_level_z_252,0.017983179539442062
111,beta,momentum,,-0.03443386033177376
111,beta,persist,,0.09609789401292801
111,beta,underwater,,0.010299072600901127
111,B,momentum,kospi_return_1d,-0.00981464795768261
111,B,momentum,fx_level_z_252,4.449993866728619e-05
111,B,persist,kospi_return_1d,-0.03670588880777359
111,B,persist,fx_level_z_252,0.007248418405652046
111,B,underwater,kospi_return_1d,-0.00027817796217277646
111,B,underwater,fx_level_z_252,-0.02345200628042221
111,alpha,,kospi_return_1d,0.016155805438756943
111,alpha,,fx_level_z_252,0.01796094700694084
112,beta,momentum,,-0.03439336270093918
112,beta,persist,,0.09642092138528824
112,beta,underwater,,0.010348345153033733
112,B,momentum,kospi_return_1d,-0.009754864498972893
112,B,momentum,fx_level_z_252,-0.0001472623844165355
112,B,persist,kospi_return_1d,-0.0367518849670887
112,B,persist,fx_level_z_252,0.007085306569933891
112,B,underwater,kospi_return_1d,-0.00042918475810438395
112,B,underwater,fx_level_z_252,-0.023321857675909996
112,alpha,,kospi_return_1d,0.01615891233086586
112,alpha,,fx_level_z_252,0.017894502729177475
113,beta,momentum,,-0.03442911058664322
113,beta,persist,,0.09666639566421509
113,beta,underwater,,0.010382276028394699
113,B,momentum,kospi_return_1d,-0.009812061674892902
113,B,momentum,fx_level_z_252,-9.118792513618246e-05
113,B,persist,kospi_return_1d,-0.036791764199733734
113,B,persist,fx_level_z_252,0.006836756598204374
113,B,underwater,kospi_return_1d,-0.0002441589895170182
113,B,underwater,fx_level_z_252,-0.023213062435388565
113,alpha,,kospi_return_1d,0.01621253788471222
113,alpha,,fx_level_z_252,0.017751313745975494
114,beta,momentum,,-0.03437314182519913
114,beta,persist,,0.09684453159570694
114,beta,underwater,,0.010366101749241352
114,B,momentum,kospi_return_1d,-0.009881661273539066
114,B,momentum,fx_level_z_252,-0.00011432188330218196
114,B,persist,kospi_return_1d,-0.03686640411615372
114,B,persist,fx_level_z_252,0.006695988588035107
114,B,underwater,kospi_return_1d,2.0787738321814686e-05
114,B,underwater,fx_level_z_252,-0.023210564628243446
114,alpha,,kospi_return_1d,0.016444001346826553
114,alpha,,fx_level_z_252,0.017499824985861778
115,beta,momentum,,-0.03422519564628601
115,beta,persist,,0.09698661416769028
115,beta,underwater,,0.010201935656368732
115,B,momentum,kospi_return_1d,-0.009957986883819103
115,B,momentum,fx_level_z_252,-4.45334444520995e-05
115,B,persist,kospi_return_1d,-0.0370536707341671
115,B,persist,fx_level_z_252,0.006574762985110283
115,B,underwater,kospi_return_1d,0.00019777886336669326
115,B,underwater,fx_level_z_252,-0.023214228451251984
115,alpha,,kospi_return_1d,0.016636287793517113
115,alpha,,fx_level_z_252,0.017055727541446686
116,beta,momentum,,-0.03399847447872162
116,beta,persist,,0.0970815122127533
116,beta,underwater,,0.00998968631029129
116,B,momentum,kospi_return_1d,-0.009909743443131447
116,B,momentum,fx_level_z_252,0.00020301190670579672
116,B,persist,kospi_return_1d,-0.03710109367966652
116,B,persist,fx_level_z_252,0.006417450029402971
116,B,underwater,kospi_return_1d,0.00045791862066835165
116,B,underwater,fx_level_z_252,-0.023413054645061493
116,alpha,,kospi_return_1d,0.016791613772511482
116,alpha,,fx_level_z_252,0.016775965690612793
117,beta,momentum,,-0.0337984599173069
117,beta,persist,,0.09721650928258896
117,beta,underwater,,0.009868386201560497
117,B,momentum,kospi_return_1d,-0.009971925988793373
117,B,momentum,fx_level_z_252,0.00018587624072097242
117,B,persist,kospi_return_1d,-0.03701922670006752
117,B,persist,fx_level_z_252,0.006345805712044239
117,B,underwater,kospi_return_1d,0.0005194437690079212
117,B,underwater,fx_level_z_252,-0.02344573102891445
117,alpha,,kospi_return_1d,0.017023397609591484
117,alpha,,fx_level_z_252,0.016754569485783577
118,beta,momentum,,-0.03367229923605919
118,beta,persist,,0.09738031029701233
118,beta,underwater,,0.009924139827489853
118,B,momentum,kospi_return_1d,-0.01010044477880001
118,B,momentum,fx_level_z_252,-5.601192606263794e-05
118,B,persist,kospi_return_1d,-0.03682111203670502
118,B,persist,fx_level_z_252,0.006222718395292759
118,B,underwater,kospi_return_1d,0.00043247599387541413
118,B,underwater,fx_level_z_252,-0.023312538862228394
118,alpha,,kospi_return_1d,0.01712215319275856
118,alpha,,fx_level_z_252,0.016711978241801262
119,beta,momentum,,-0.033511560410261154
119,beta,persist,,0.09751962870359421
119,beta,underwater,,0.009905551560223103
119,B,momentum,kospi_return_1d,-0.01022476889193058
119,B,momentum,fx_level_z_252,-9.535593562759459e-05
119,B,persist,kospi_return_1d,-0.036671921610832214
119,B,persist,fx_level_z_252,0.006100293714553118
119,B,underwater,kospi_return_1d,0.00023355780285783112
119,B,underwater,fx_level_z_252,-0.02333580143749714
119,alpha,,kospi_return_1d,0.017340831458568573
119,alpha,,fx_level_z_252,0.016557037830352783
120,beta,momentum,,-0.03345247358083725
120,beta,persist,,0.09762443602085114
120,beta,underwater,,0.010032226331532001
120,B,momentum,kospi_return_1d,-0.010111536830663681
120,B,momentum,fx_level_z_252,-2.9899874789407477e-05
120,B,persist,kospi_return_1d,-0.036681465804576874
120,B,persist,fx_level_z_252,0.005987308453768492
120,B,underwater,kospi_return_1d,-9.915225382428616e-05
120,B,underwater,fx_level_z_252,-0.023453587666153908
120,alpha,,kospi_return_1d,0.01762555167078972
120,alpha,,fx_level_z_252,0.016465865075588226
121,beta,momentum,,-0.033422455191612244
121,beta,persist,,0.09779275208711624
121,beta,underwater,,0.01013338752090931
121,B,momentum,kospi_return_1d,-0.01011068094521761
121,B,momentum,fx_level_z_252,-0.00012865250755567104
121,B,persist,kospi_return_1d,-0.036689404398202896
121,B,persist,fx_level_z_252,0.0060005756095051765
121,B,underwater,kospi_return_1d,-0.0002862187975551933
121,B,underwater,fx_level_z_252,-0.023343531414866447
121,alpha,,kospi_return_1d,0.01778644323348999
121,alpha,,fx_level_z_252,0.016370035707950592
122,beta,momentum,,-0.03333570063114166
122,beta,persist,,0.0979311615228653
122,beta,underwater,,0.010071530938148499
122,B,momentum,kospi_return_1d,-0.010137174278497696
122,B,momentum,fx_level_z_252,-0.0003839429409708828
122,B,persist,kospi_return_1d,-0.036687929183244705
122,B,persist,fx_level_z_252,0.006212878972291946
122,B,underwater,kospi_return_1d,-0.0003162031644023955
122,B,underwater,fx_level_z_252,-0.023026568815112114
122,alpha,,kospi_return_1d,0.017781222239136696
122,alpha,,fx_level_z_252,0.016033485531806946
123,beta,momentum,,-0.0332263708114624
123,beta,persist,,0.09804053604602814
123,beta,underwater,,0.009930837899446487
123,B,momentum,kospi_return_1d,-0.010212398134171963
123,B,momentum,fx_level_z_252,-0.0005051852785982192
123,B,persist,kospi_return_1d,-0.0368039496243
123,B,persist,fx_level_z_252,0.006351639050990343
123,B,underwater,kospi_return_1d,-0.00028839995502494276
123,B,underwater,fx_level_z_252,-0.022793961688876152
123,alpha,,kospi_return_1d,0.01766672171652317
123,alpha,,fx_level_z_252,0.01578369177877903
124,beta,momentum,,-0.03315643593668938
124,beta,persist,,0.09821978211402893
124,beta,underwater,,0.009835300967097282
124,B,momentum,kospi_return_1d,-0.010425896383821964
124,B,momentum,fx_level_z_252,-0.0005593075766228139
124,B,persist,kospi_return_1d,-0.03682715818285942
124,B,persist,fx_level_z_252,0.006225198972970247
124,B,underwater,kospi_return_1d,-4.3176289182156324e-05
124,B,underwater,fx_level_z_252,-0.022789999842643738
124,alpha,,kospi_return_1d,0.01746973767876625
124,alpha,,fx_level_z_252,0.015504177659749985
125,beta,momentum,,-0.03297894820570946
125,beta,persist,,0.09830158203840256
125,beta,underwater,,0.009646457619965076
125,B,momentum,kospi_return_1d,-0.010477735660970211
125,B,momentum,fx_level_z_252,-0.0004990717861801386
125,B,persist,kospi_return_1d,-0.03694586455821991
125,B,persist,fx_level_z_252,0.006216553505510092
125,B,underwater,kospi_return_1d,0.00012922317546326667
125,B,underwater,fx_level_z_252,-0.02291366644203663
125,alpha,,kospi_return_1d,0.017360974103212357
125,alpha,,fx_level_z_252,0.015073074959218502
126,beta,momentum,,-0.0328635536134243
126,beta,persist,,0.09833197295665741
126,beta,underwater,,0.009484749287366867
126,B,momentum,kospi_return_1d,-0.010402667336165905
126,B,momentum,fx_level_z_252,-0.00022950010315980762
126,B,persist,kospi_return_1d,-0.03701505810022354
126,B,persist,fx_level_z_252,0.006114332005381584
126,B,underwater,kospi_return_1d,0.00025247919256798923
126,B,underwater,fx_level_z_252,-0.02309306338429451
126,alpha,,kospi_return_1d,0.017108704894781113
126,alpha,,fx_level_z_252,0.014803607948124409
127,beta,momentum,,-0.032807331532239914
127,beta,persist,,0.09831561893224716
127,beta,underwater,,0.009548092260956764
127,B,momentum,kospi_return_1d,-0.010360075160861015
127,B,momentum,fx_level_z_252,9.261930972570553e-05
127,B,persist,kospi_return_1d,-0.03701211139559746
127,B,persist,fx_level_z_252,0.005923985503613949
127,B,underwater,kospi_return_1d,1.7703321645967662e-05
127,B,underwater,fx_level_z_252,-0.023227039724588394
127,alpha,,kospi_return_1d,0.01720496453344822
127,alpha,,fx_level_z_252,0.014885194599628448
128,beta,momentum,,-0.032668083906173706
128,beta,persist,,0.09826041758060455
128,beta,underwater,,0.009524344466626644
128,B,momentum,kospi_return_1d,-0.010287309065461159
128,B,momentum,fx_level_z_252,0.00021777373331133276
128,B,persist,kospi_return_1d,-0.03702927380800247
128,B,persist,fx_level_z_252,0.005751721560955048
128,B,underwater,kospi_return_1d,-0.00027451443020254374
128,B,underwater,fx_level_z_252,-0.023371540009975433
128,alpha,,kospi_return_1d,0.017326420173048973
128,alpha,,fx_level_z_252,0.015025527216494083
129,beta,momentum,,-0.032662857323884964
129,beta,persist,,0.09830468893051147
129,beta,underwater,,0.009687446989119053
129,B,momentum,kospi_return_1d,-0.010167058557271957
129,B,momentum,fx_level_z_252,0.00027390505420044065
129,B,persist,kospi_return_1d,-0.037034060806035995
129,B,persist,fx_level_z_252,0.005566910374909639
129,B,underwater,kospi_return_1d,-0.0004778272705152631
129,B,underwater,fx_level_z_252,-0.023388659581542015
129,alpha,,kospi_return_1d,0.017423341050744057
129,alpha,,fx_level_z_252,0.015353307127952576
130,beta,momentum,,-0.032622724771499634
130,beta,persist,,0.09836642444133759
130,beta,underwater,,0.009807618334889412
130,B,momentum,kospi_return_1d,-0.010146659798920155
130,B,momentum,fx_level_z_252,0.0001257231051567942
130,B,persist,kospi_return_1d,-0.037079282104969025
130,B,persist,fx_level_z_252,0.005591874942183495
130,B,underwater,kospi_return_1d,-0.0006274200859479606
130,B,underwater,fx_level_z_252,-0.02325616031885147
130,alpha,,kospi_return_1d,0.01749141700565815
130,alpha,,fx_level_z_252,0.01550508476793766
131,beta,momentum,,-0.03255482763051987
131,beta,persist,,0.09840542078018188
131,beta,underwater,,0.00996595248579979
131,B,momentum,kospi_return_1d,-0.01016395166516304
131,B,momentum,fx_level_z_252,6.049765943316743e-05
131,B,persist,kospi_return_1d,-0.036958396434783936
131,B,persist,fx_level_z_252,0.005610553082078695
131,B,underwater,kospi_return_1d,-0.0006659724749624729
131,B,underwater,fx_level_z_252,-0.023268364369869232
131,alpha,,kospi_return_1d,0.01740182936191559
131,alpha,,fx_level_z_252,0.01582690142095089
132,beta,momentum,,-0.032449305057525635
132,beta,persist,,0.09842482954263687
132,beta,underwater,,0.010063212364912033
132,B,momentum,kospi_return_1d,-0.0103303836658597
132,B,momentum,fx_level_z_252,-4.161798278801143e-05
132,B,persist,kospi_return_1d,-0.03682556003332138
132,B,persist,fx_level_z_252,0.005602336023002863
132,B,underwater,kospi_return_1d,-0.0005506903980858624
132,B,underwater,fx_level_z_252,-0.023346271365880966
132,alpha,,kospi_return_1d,0.017398828640580177
132,alpha,,fx_level_z_252,0.016149668022990227
133,beta,momentum,,-0.032371070235967636
133,beta,persist,,0.09849786758422852
133,beta,underwater,,0.01013747788965702
133,B,momentum,kospi_return_1d,-0.010379049926996231
133,B,momentum,fx_level_z_252,-0.00010186489816987887
133,B,persist,kospi_return_1d,-0.03684857115149498
133,B,persist,fx_level_z_252,0.0056906393729150295
133,B,underwater,kospi_return_1d,-0.0004953073803335428
133,B,underwater,fx_level_z_252,-0.023451074957847595
133,alpha,,kospi_return_1d,0.017566658556461334
133,alpha,,fx_level_z_252,0.016447173431515694
134,beta,momentum,,-0.032379962503910065
134,beta,persist,,0.09853696078062057
134,beta,underwater,,0.010247871279716492
134,B,momentum,kospi_return_1d,-0.010325964540243149
134,B,momentum,fx_level_z_252,6.578135071322322e-06
134,B,persist,kospi_return_1d,-0.03681354597210884
134,B,persist,fx_level_z_252,0.00575129734352231
134,B,underwater,kospi_return_1d,-0.0004962247912772
134,B,underwater,fx_level_z_252,-0.023531967774033546
134,alpha,,kospi_return_1d,0.01759144850075245
134,alpha,,fx_level_z_252,0.016643796116113663
135,beta,momentum,,-0.03234785422682762
135,beta,persist,,0.09853074699640274
135,beta,underwater,,0.010232305154204369
135,B,momentum,kospi_return_1d,-0.010217013768851757
135,B,momentum,fx_level_z_252,-0.0001497732155257836
135,B,persist,kospi_return_1d,-0.036951612681150436
135,B,persist,fx_level_z_252,0.005921347066760063
135,B,underwater,kospi_return_1d,-0.0005486695445142686
135,B,underwater,fx_level_z_252,-0.023457204923033714
135,alpha,,kospi_return_1d,0.017819097265601158
135,alpha,,fx_level_z_252,0.016644200310111046
136,beta,momentum,,-0.03229166939854622
136,beta,persist,,0.09850949794054031
136,beta,underwater,,0.010193033143877983
136,B,momentum,kospi_return_1d,-0.010115320794284344
136,B,momentum,fx_level_z_252,-0.0003909026272594929
136,B,persist,kospi_return_1d,-0.03705065697431564
136,B,persist,fx_level_z_252,0.006134861148893833
136,B,underwater,kospi_return_1d,-0.0005006081191822886
136,B,underwater,fx_level_z_252,-0.02330208010971546
136,alpha,,kospi_return_1d,0.018028413876891136
136,alpha,,fx_level_z_252,0.01681738905608654
137,beta,momentum,,-0.03236779198050499
137,beta,persist,,0.098505899310112
137,beta,underwater,,0.010293597355484962
137,B,momentum,kospi_return_1d,-0.010206758044660091
137,B,momentum,fx_level_z_252,-0.0005883225239813328
137,B,persist,kospi_return_1d,-0.037126101553440094
137,B,persist,fx_level_z_252,0.006297591142356396
137,B,underwater,kospi_return_1d,-0.0002474418724887073
137,B,underwater,fx_level_z_252,-0.02309444360435009
137,alpha,,kospi_return_1d,0.01812656782567501
137,alpha,,fx_level_z_252,0.017018117010593414
138,beta,momentum,,-0.0324232243001461
138,beta,persist,,0.09851008653640747
138,beta,underwater,,0.010392030701041222
138,B,momentum,kospi_return_1d,-0.010150524787604809
138,B,momentum,fx_level_z_252,-0.0007616115035489202
138,B,persist,kospi_return_1d,-0.037241511046886444
138,B,persist,fx_level_z_252,0.006560858339071274
138,B,underwater,kospi_return_1d,-0.00010782113531604409
138,B,underwater,fx_level_z_252,-0.0227437075227499
138,alpha,,kospi_return_1d,0.018201272934675217
138,alpha,,fx_level_z_252,0.017141371965408325
139,beta,momentum,,-0.03248322010040283
139,beta,persist,,0.09853572398424149
139,beta,underwater,,0.01045731920748949
139,B,momentum,kospi_return_1d,-0.009935762733221054
139,B,momentum,fx_level_z_252,-0.0007195614743977785
139,B,persist,kospi_return_1d,-0.037205033004283905
139,B,persist,fx_level_z_252,0.006693311035633087
139,B,underwater,kospi_return_1d,-1.0351541277486831e-05
139,B,underwater,fx_level_z_252,-0.02257700450718403
139,alpha,,kospi_return_1d,0.01825220137834549
139,alpha,,fx_level_z_252,0.017064685001969337
140,beta,momentum,,-0.03258833661675453
140,beta,persist,,0.09858755022287369
140,beta,underwater,,0.010575136169791222
140,B,momentum,kospi_return_1d,-0.009772979654371738
140,B,momentum,fx_level_z_252,-0.0005611642263829708
140,B,persist,kospi_return_1d,-0.03703279420733452
140,B,persist,fx_level_z_252,0.006664344575256109
140,B,underwater,kospi_return_1d,0.0001777966826921329
140,B,underwater,fx_level_z_252,-0.022441411390900612
140,alpha,,kospi_return_1d,0.01828519068658352
140,alpha,,fx_level_z_252,0.016966337338089943
141,beta,momentum,,-0.03269857168197632
141,beta,persist,,0.0986814945936203
141,beta,underwater,,0.010671759955585003
141,B,momentum,kospi_return_1d,-0.00952379871159792
141,B,momentum,fx_level_z_252,-0.0002624805783852935
141,B,persist,kospi_return_1d,-0.03697867691516876
141,B,persist,fx_level_z_252,0.006665780209004879
141,B,underwater,kospi_return_1d,0.00015230991994030774
141,B,underwater,fx_level_z_252,-0.02250312827527523
141,alpha,,kospi_return_1d,0.018313566222786903
141,alpha,,fx_level_z_252,0.017070753499865532
142,beta,momentum,,-0.03280497342348099
142,beta,persist,,0.09881234914064407
142,beta,underwater,,0.0108559001237154
142,B,momentum,kospi_return_1d,-0.0093774339184165
142,B,momentum,fx_level_z_252,8.106150198727846e-05
142,B,persist,kospi_return_1d,-0.036855585873126984
142,B,persist,fx_level_z_252,0.0067287893034517765
142,B,underwater,kospi_return_1d,3.0053308364585973e-05
142,B,underwater,fx_level_z_252,-0.022580087184906006
142,alpha,,kospi_return_1d,0.01812038943171501
142,alpha,,fx_level_z_252,0.017232690006494522
143,beta,momentum,,-0.032824672758579254
143,beta,persist,,0.09890038520097733
143,beta,underwater,,0.010935217142105103
143,B,momentum,kospi_return_1d,-0.009424894116818905
143,B,momentum,fx_level_z_252,0.00027379117091186345
143,B,persist,kospi_return_1d,-0.03674748167395592
143,B,persist,fx_level_z_252,0.006987122353166342
143,B,underwater,kospi_return_1d,-5.754824815085158e-05
143,B,underwater,fx_level_z_252,-0.022599946707487106
143,alpha,,kospi_return_1d,0.018029818311333656
143,alpha,,fx_level_z_252,0.01741812378168106
144,beta,momentum,,-0.03292343392968178
144,beta,persist,,0.09908682107925415
144,beta,underwater,,0.011140520684421062
144,B,momentum,kospi_return_1d,-0.009588263928890228
144,B,momentum,fx_level_z_252,0.0004397718294057995
144,B,persist,kospi_return_1d,-0.036649420857429504
144,B,persist,fx_level_z_252,0.0071877483278512955
144,B,underwater,kospi_return_1d,-0.0002496639499440789
144,B,underwater,fx_level_z_252,-0.022652821615338326
144,alpha,,kospi_return_1d,0.017751062288880348
144,alpha,,fx_level_z_252,0.017711836844682693
145,beta,momentum,,-0.03305356577038765
145,beta,persist,,0.09926748275756836
145,beta,underwater,,0.011340998113155365
145,B,momentum,kospi_return_1d,-0.00979078933596611
145,B,momentum,fx_level_z_252,0.0005684438510797918
145,B,persist,kospi_return_1d,-0.0366203747689724
145,B,persist,fx_level_z_252,0.007455558516085148
145,B,underwater,kospi_return_1d,-0.0002457347000017762
145,B,underwater,fx_level_z_252,-0.022730043157935143
145,alpha,,kospi_return_1d,0.01745343953371048
145,alpha,,fx_level_z_252,0.018033109605312347
146,beta,momentum,,-0.03316246718168259
146,beta,persist,,0.09943222254514694
146,beta,underwater,,0.011529158800840378
146,B,momentum,kospi_return_1d,-0.009763872250914574
146,B,momentum,fx_level_z_252,0.0005187169881537557
146,B,persist,kospi_return_1d,-0.03662877902388573
146,B,persist,fx_level_z_252,0.0077378167770802975
146,B,underwater,kospi_return_1d,-0.000312675692839548
146,B,underwater,fx_level_z_252,-0.02264312282204628
146,alpha,,kospi_return_1d,0.017421305179595947
146,alpha,,fx_level_z_252,0.0182977095246315
147,beta,momentum,,-0.03333933278918266
147,beta,persist,,0.09956245869398117
147,beta,underwater,,0.011753139086067677
147,B,momentum,kospi_return_1d,-0.009808587841689587
147,B,momentum,fx_level_z_252,0.0004968557041138411
147,B,persist,kospi_return_1d,-0.03650620952248573
147,B,persist,fx_level_z_252,0.007889916189014912
147,B,underwater,kospi_return_1d,-0.00031178523204289377
147,B,underwater,fx_level_z_252,-0.02259085141122341
147,alpha,,kospi_return_1d,0.017516735941171646
147,alpha,,fx_level_z_252,0.01870136335492134
148,beta,momentum,,-0.033575356006622314
148,beta,persist,,0.09974172711372375
148,beta,underwater,,0.012026073411107063
148,B,momentum,kospi_return_1d,-0.009953206405043602
148,B,momentum,fx_level_z_252,0.0004936052137054503
148,B,persist,kospi_return_1d,-0.036345791071653366
148,B,persist,fx_level_z_252,0.007989627309143543
148,B,underwater,kospi_return_1d,-8.037166844587773e-05
148,B,underwater,fx_level_z_252,-0.022501083090901375
148,alpha,,kospi_return_1d,0.01758192479610443
148,alpha,,fx_level_z_252,0.019062966108322144
149,beta,momentum,,-0.03362070769071579
149,beta,persist,,0.09983862936496735
149,beta,underwater,,0.012062030844390392
149,B,momentum,kospi_return_1d,-0.010125347413122654
149,B,momentum,fx_level_z_252,0.0004828678211197257
149,B,persist,kospi_return_1d,-0.03625374659895897
149,B,persist,fx_level_z_252,0.008146814070641994
149,B,underwater,kospi_return_1d,0.00018650072161108255
149,B,underwater,fx_level_z_252,-0.022668175399303436
149,alpha,,kospi_return_1d,0.01787419617176056
149,alpha,,fx_level_z_252,0.019308660179376602
150,beta,momentum,,-0.033613421022892
150,beta,persist,,0.09987200051546097
150,beta,underwater,,0.011875634081661701
150,B,momentum,kospi_return_1d,-0.0104502709582448
150,B,momentum,fx_level_z_252,0.0005238017765805125
150,B,persist,kospi_return_1d,-0.036362599581480026
150,B,persist,fx_level_z_252,0.00838969461619854
150,B,underwater,kospi_return_1d,0.00039398533408530056
150,B,underwater,fx_level_z_252,-0.022947372868657112
150,alpha,,kospi_return_1d,0.01821250654757023
150,alpha,,fx_level_z_252,0.019291263073682785
151,beta,momentum,,-0.03345732018351555
151,beta,persist,,0.0998677983880043
151,beta,underwater,,0.011660812422633171
151,B,momentum,kospi_return_1d,-0.010610911063849926
151,B,momentum,fx_level_z_252,0.0005555999232456088
151,B,persist,kospi_return_1d,-0.03638939931988716
151,B,persist,fx_level_z_252,0.008518659509718418
151,B,underwater,kospi_return_1d,0.00034331384813413024
151,B,underwater,fx_level_z_252,-0.023193974047899246
151,alpha,,kospi_return_1d,0.018446341156959534
151,alpha,,fx_level_z_252,0.01928529143333435
152,beta,momentum,,-0.03321263939142227
152,beta,persist,,0.0997973382472992
152,beta,underwater,,0.01137941237539053
152,B,momentum,kospi_return_1d,-0.01071983389556408
152,B,momentum,fx_level_z_252,0.00047024176456034184
152,B,persist,kospi_return_1d,-0.03631957992911339
152,B,persist,fx_level_z_252,0.00879156868904829
152,B,underwater,kospi_return_1d,0.0002945137966889888
152,B,underwater,fx_level_z_252,-0.02345121093094349
152,alpha,,kospi_return_1d,0.018789706751704216
152,alpha,,fx_level_z_252,0.019422652199864388
153,beta,momentum,,-0.03284735605120659
153,beta,persist,,0.09969935566186905
153,beta,underwater,,0.01098913699388504
153,B,momentum,kospi_return_1d,-0.010782302357256413
153,B,momentum,fx_level_z_252,0.0002505705924704671
153,B,persist,kospi_return_1d,-0.03630945086479187
153,B,persist,fx_level_z_252,0.00886546354740858
153,B,underwater,kospi_return_1d,0.0001455091405659914
153,B,underwater,fx_level_z_252,-0.0236456710845232
153,alpha,,kospi_return_1d,0.01901610940694809
153,alpha,,fx_level_z_252,0.01939244754612446
154,beta,momentum,,-0.03247769549489021
154,beta,persist,,0.09964941442012787
154,beta,underwater,,0.010649802163243294
154,B,momentum,kospi_return_1d,-0.010743526741862297
154,B,momentum,fx_level_z_252,1.151925971498713e-06
154,B,persist,kospi_return_1d,-0.03626737743616104
154,B,persist,fx_level_z_252,0.008798554539680481
154,B,underwater,kospi_return_1d,-0.0001569934538565576
154,B,underwater,fx_level_z_252,-0.02367348037660122
154,alpha,,kospi_return_1d,0.01905195228755474
154,alpha,,fx_level_z_252,0.01935463957488537
155,beta,momentum,,-0.032156605273485184
155,beta,persist,,0.09963186085224152
155,beta,underwater,,0.010397604666650295
155,B,momentum,kospi_return_1d,-0.010575514286756516
155,B,momentum,fx_level_z_252,-8.309433906106278e-05
155,B,persist,kospi_return_1d,-0.03621412813663483
155,B,persist,fx_level_z_252,0.008658047765493393
155,B,underwater,kospi_return_1d,-0.0003809747868217528
155,B,underwater,fx_level_z_252,-0.023774124681949615
155,alpha,,kospi_return_1d,0.01897384598851204
155,alpha,,fx_level_z_252,0.019276786595582962
156,beta,momentum,,-0.031882837414741516
156,beta,persist,,0.09964752197265625
156,beta,underwater,,0.010152039118111134
156,B,momentum,kospi_return_1d,-0.010281397961080074
156,B,momentum,fx_level_z_252,-0.00013176600623410195
156,B,persist,kospi_return_1d,-0.036299459636211395
156,B,persist,fx_level_z_252,0.008535771630704403
156,B,underwater,kospi_return_1d,-0.00047536275815218687
156,B,underwater,fx_level_z_252,-0.023847145959734917
156,alpha,,kospi_return_1d,0.01878943480551243
156,alpha,,fx_level_z_252,0.01907617598772049
157,beta,momentum,,-0.03177076578140259
157,beta,persist,,0.0997110977768898
157,beta,underwater,,0.009928184561431408
157,B,momentum,kospi_return_1d,-0.009864382445812225
157,B,momentum,fx_level_z_252,-3.620562347350642e-05
157,B,persist,kospi_return_1d,-0.03649589791893959
157,B,persist,fx_level_z_252,0.008386150002479553
157,B,underwater,kospi_return_1d,-0.0005945981829427183
157,B,underwater,fx_level_z_252,-0.02382880263030529
157,alpha,,kospi_return_1d,0.01863410510122776
157,alpha,,fx_level_z_252,0.018892450258135796
158,beta,momentum,,-0.03185034543275833
158,beta,persist,,0.09982570260763168
158,beta,underwater,,0.00987870804965496
158,B,momentum,kospi_return_1d,-0.009414196014404297
158,B,momentum,fx_level_z_252,0.00011213997640879825
158,B,persist,kospi_return_1d,-0.03667142242193222
158,B,persist,fx_level_z_252,0.008393325842916965
158,B,underwater,kospi_return_1d,-0.0007854109862819314
158,B,underwater,fx_level_z_252,-0.023644786328077316
158,alpha,,kospi_return_1d,0.01837836019694805
158,alpha,,fx_level_z_252,0.0185832716524601
159,beta,momentum,,-0.03189907968044281
159,beta,persist,,0.09992558509111404
159,beta,underwater,,0.009812376461923122
159,B,momentum,kospi_return_1d,-0.008884400129318237
159,B,momentum,fx_level_z_252,7.627625745953992e-05
159,B,persist,kospi_return_1d,-0.03689434006810188
159,B,persist,fx_level_z_252,0.008521435782313347
159,B,underwater,kospi_return_1d,-0.0009102626936510205
159,B,underwater,fx_level_z_252,-0.023373184725642204
159,alpha,,kospi_return_1d,0.01820034720003605
159,alpha,,fx_level_z_252,0.018298976123332977
160,beta,momentum,,-0.031945887953042984
160,beta,persist,,0.10004649311304092
160,beta,underwater,,0.009792868979275227
160,B,momentum,kospi_return_1d,-0.008411029353737831
160,B,momentum,fx_level_z_252,8.600017463322729e-05
160,B,persist,kospi_return_1d,-0.037021905183792114
160,B,persist,fx_level_z_252,0.00854927022010088
160,B,underwater,kospi_return_1d,-0.0009414447704330087
160,B,underwater,fx_level_z_252,-0.02322492003440857
160,alpha,,kospi_return_1d,0.017968138679862022
160,alpha,,fx_level_z_252,0.01805095560848713
161,beta,momentum,,-0.03193993866443634
161,beta,persist,,0.10013838857412338
161,beta,underwater,,0.009824591688811779
161,B,momentum,kospi_return_1d,-0.008164898492395878
161,B,momentum,fx_level_z_252,-3.1159434001892805e-06
161,B,persist,kospi_return_1d,-0.03705628216266632
161,B,persist,fx_level_z_252,0.008480943739414215
161,B,underwater,kospi_return_1d,-0.000934150128159672
161,B,underwater,fx_level_z_252,-0.023065803572535515
161,alpha,,kospi_return_1d,0.017870111390948296
161,alpha,,fx_level_z_252,0.017777327448129654
162,beta,momentum,,-0.03195280581712723
162,beta,persist,,0.10021273791790009
162,beta,underwater,,0.009876933880150318
162,B,momentum,kospi_return_1d,-0.007906807586550713
162,B,momentum,fx_level_z_252,-0.00017901259707286954
162,B,persist,kospi_return_1d,-0.037185974419116974
162,B,persist,fx_level_z_252,0.008243018761277199
162,B,underwater,kospi_return_1d,-0.0009784853318706155
162,B,underwater,fx_level_z_252,-0.022768007591366768
162,alpha,,kospi_return_1d,0.017710313200950623
162,alpha,,fx_level_z_252,0.01744336448609829
163,beta,momentum,,-0.03208228573203087
163,beta,persist,,0.10031762719154358
163,beta,underwater,,0.009995747357606888
163,B,momentum,kospi_return_1d,-0.007844904437661171
163,B,momentum,fx_level_z_252,1.1209223885089159e-05
163,B,persist,kospi_return_1d,-0.03724665567278862
163,B,persist,fx_level_z_252,0.007873156107962132
163,B,underwater,kospi_return_1d,-0.0008633717661723495
163,B,underwater,fx_level_z_252,-0.022776031866669655
163,alpha,,kospi_return_1d,0.01766335405409336
163,alpha,,fx_level_z_252,0.01730390265583992
164,beta,momentum,,-0.032178908586502075
164,beta,persist,,0.10040465742349625
164,beta,underwater,,0.010037430562078953
164,B,momentum,kospi_return_1d,-0.0079306960105896
164,B,momentum,fx_level_z_252,0.00015041817096062005
164,B,persist,kospi_return_1d,-0.037216540426015854
164,B,persist,fx_level_z_252,0.007560085039585829
164,B,underwater,kospi_return_1d,-0.000644599087536335
164,B,underwater,fx_level_z_252,-0.022822754457592964
164,alpha,,kospi_return_1d,0.017669565975666046
164,alpha,,fx_level_z_252,0.01711231842637062
165,beta,momentum,,-0.032218385487794876
165,beta,persist,,0.1004234179854393
165,beta,underwater,,0.010059601627290249
165,B,momentum,kospi_return_1d,-0.008182968012988567
165,B,momentum,fx_level_z_252,0.00024631634005345404
165,B,persist,kospi_return_1d,-0.03723674267530441
165,B,persist,fx_level_z_252,0.007347132079303265
165,B,underwater,kospi_return_1d,-0.00030401654657907784
165,B,underwater,fx_level_z_252,-0.022791080176830292
165,alpha,,kospi_return_1d,0.017806122079491615
165,alpha,,fx_level_z_252,0.016970450058579445
166,beta,momentum,,-0.0323089174926281
166,beta,persist,,0.10050833225250244
166,beta,underwater,,0.010134847834706306
166,B,momentum,kospi_return_1d,-0.008570539765059948
166,B,momentum,fx_level_z_252,0.00041016560862772167
166,B,persist,kospi_return_1d,-0.03715375065803528
166,B,persist,fx_level_z_252,0.007205707021057606
166,B,underwater,kospi_return_1d,9.497862629359588e-05
166,B,underwater,fx_level_z_252,-0.022754063829779625
166,alpha,,kospi_return_1d,0.017859620973467827
166,alpha,,fx_level_z_252,0.01678679697215557
167,beta,momentum,,-0.03242719918489456
167,beta,persist,,0.10058227181434631
167,beta,underwater,,0.010265828110277653
167,B,momentum,kospi_return_1d,-0.008840221911668777
167,B,momentum,fx_level_z_252,0.0005085857701487839
167,B,persist,kospi_return_1d,-0.037124622613191605
167,B,persist,fx_level_z_252,0.00697376998141408
167,B,underwater,kospi_return_1d,0.00015437271213158965
167,B,underwater,fx_level_z_252,-0.02263154834508896
167,alpha,,kospi_return_1d,0.017803704366087914
167,alpha,,fx_level_z_252,0.016910245642066002
168,beta,momentum,,-0.032466989010572433
168,beta,persist,,0.10063674300909042
168,beta,underwater,,0.010418982245028019
168,B,momentum,kospi_return_1d,-0.009113994427025318
168,B,momentum,fx_level_z_252,0.0004375426797196269
168,B,persist,kospi_return_1d,-0.03705185279250145
168,B,persist,fx_level_z_252,0.006685147527605295
168,B,underwater,kospi_return_1d,5.8111618272960186e-05
168,B,underwater,fx_level_z_252,-0.022612789645791054
168,alpha,,kospi_return_1d,0.01782895252108574
168,alpha,,fx_level_z_252,0.0170387364923954
169,beta,momentum,,-0.032511018216609955
169,beta,persist,,0.10076768696308136
169,beta,underwater,,0.010573682375252247
169,B,momentum,kospi_return_1d,-0.009441792033612728
169,B,momentum,fx_level_z_252,0.00045260225306265056
169,B,persist,kospi_return_1d,-0.03695529326796532
169,B,persist,fx_level_z_252,0.006225059740245342
169,B,underwater,kospi_return_1d,-6.69601431582123e-05
169,B,underwater,fx_level_z_252,-0.022754361853003502
169,alpha,,kospi_return_1d,0.01779305562376976
169,alpha,,fx_level_z_252,0.017144018784165382
170,beta,momentum,,-0.032487902790308
170,beta,persist,,0.10081422328948975
170,beta,underwater,,0.010791949927806854
170,B,momentum,kospi_return_1d,-0.009637442417442799
170,B,momentum,fx_level_z_252,0.00020065771241206676
170,B,persist,kospi_return_1d,-0.03692499175667763
170,B,persist,fx_level_z_252,0.006045428570359945
170,B,underwater,kospi_return_1d,-0.0002541180874686688
170,B,underwater,fx_level_z_252,-0.022839060053229332
170,alpha,,kospi_return_1d,0.01782526820898056
170,alpha,,fx_level_z_252,0.01712762750685215
171,beta,momentum,,-0.03242512792348862
171,beta,persist,,0.10084347426891327
171,beta,underwater,,0.010960685089230537
171,B,momentum,kospi_return_1d,-0.0097837308421731
171,B,momentum,fx_level_z_252,-0.00015252779121510684
171,B,persist,kospi_return_1d,-0.037035781890153885
171,B,persist,fx_level_z_252,0.006093203090131283
171,B,underwater,kospi_return_1d,-0.0003329738392494619
171,B,underwater,fx_level_z_252,-0.022862492129206657
171,alpha,,kospi_return_1d,0.0179387666285038
171,alpha,,fx_level_z_252,0.01717902533710003
172,beta,momentum,,-0.032264117151498795
172,beta,persist,,0.10081897675991058
172,beta,underwater,,0.011023711413145065
172,B,momentum,kospi_return_1d,-0.009932076558470726
172,B,momentum,fx_level_z_252,-0.0002968030166812241
172,B,persist,kospi_return_1d,-0.036984603852033615
172,B,persist,fx_level_z_252,0.005884115118533373
172,B,underwater,kospi_return_1d,-0.00042563644819892943
172,B,underwater,fx_level_z_252,-0.02319924905896187
172,alpha,,kospi_return_1d,0.018122272565960884
172,alpha,,fx_level_z_252,0.017187613993883133
173,beta,momentum,,-0.032183144241571426
173,beta,persist,,0.10073556751012802
173,beta,underwater,,0.011104210279881954
173,B,momentum,kospi_return_1d,-0.009987629018723965
173,B,momentum,fx_level_z_252,-0.0005235275020822883
173,B,persist,kospi_return_1d,-0.036889709532260895
173,B,persist,fx_level_z_252,0.0059563578106462955
173,B,underwater,kospi_return_1d,-0.0006182000506669283
173,B,underwater,fx_level_z_252,-0.023273061960935593
173,alpha,,kospi_return_1d,0.018385078758001328
173,alpha,,fx_level_z_252,0.017206288874149323
174,beta,momentum,,-0.03211458399891853
174,beta,persist,,0.10067448765039444
174,beta,underwater,,0.011249053291976452
174,B,momentum,kospi_return_1d,-0.010078844614326954
174,B,momentum,fx_level_z_252,-0.0005303531070239842
174,B,persist,kospi_return_1d,-0.03656787425279617
174,B,persist,fx_level_z_252,0.00600432837381959
174,B,underwater,kospi_return_1d,-0.0007580621750093997
174,B,underwater,fx_level_z_252,-0.023372385650873184
174,alpha,,kospi_return_1d,0.018666710704565048
174,alpha,,fx_level_z_252,0.017422083765268326
175,beta,momentum,,-0.03219295293092728
175,beta,persist,,0.10060791671276093
175,beta,underwater,,0.01133003644645214
175,B,momentum,kospi_return_1d,-0.010303388349711895
175,B,momentum,fx_level_z_252,-0.0002907942689489573
175,B,persist,kospi_return_1d,-0.03620057553052902
175,B,persist,fx_level_z_252,0.0061333198100328445
175,B,underwater,kospi_return_1d,-0.000625050044618547
175,B,underwater,fx_level_z_252,-0.02344452776014805
175,alpha,,kospi_return_1d,0.01898687332868576
175,alpha,,fx_level_z_252,0.01778210699558258
176,beta,momentum,,-0.03217843174934387
176,beta,persist,,0.10056493431329727
176,beta,underwater,,0.011292528361082077
176,B,momentum,kospi_return_1d,-0.010619068518280983
176,B,momentum,fx_level_z_252,-0.00018119056767318398
176,B,persist,kospi_return_1d,-0.03583917021751404
176,B,persist,fx_level_z_252,0.006335962098091841
176,B,underwater,kospi_return_1d,-0.000429751118645072
176,B,underwater,fx_level_z_252,-0.02345648594200611
176,alpha,,kospi_return_1d,0.01925462856888771
176,alpha,,fx_level_z_252,0.0179415512830019
177,beta,momentum,,-0.03214253857731819
177,beta,persist,,0.1005239263176918
177,beta,underwater,,0.011241434141993523
177,B,momentum,kospi_return_1d,-0.010756969451904297
177,B,momentum,fx_level_z_252,-0.00020241648599039763
177,B,persist,kospi_return_1d,-0.03552341088652611
177,B,persist,fx_level_z_252,0.006632632575929165
177,B,underwater,kospi_return_1d,-0.00016700854757800698
177,B,underwater,fx_level_z_252,-0.023301387205719948
177,alpha,,kospi_return_1d,0.019428769126534462
177,alpha,,fx_level_z_252,0.01805455982685089
178,beta,momentum,,-0.03216230869293213
178,beta,persist,,0.10053123533725739
178,beta,underwater,,0.011099379509687424
178,B,momentum,kospi_return_1d,-0.010908177122473717
178,B,momentum,fx_level_z_252,-0.00028799744904972613
178,B,persist,kospi_return_1d,-0.035325828939676285
178,B,persist,fx_level_z_252,0.0069714561104774475
178,B,underwater,kospi_return_1d,5.0417402235325426e-05
178,B,underwater,fx_level_z_252,-0.02306186780333519
178,alpha,,kospi_return_1d,0.019589267671108246
178,alpha,,fx_level_z_252,0.01805681362748146
179,beta,momentum,,-0.03221924230456352
179,beta,persist,,0.1005740612745285
179,beta,underwater,,0.011021438986063004
179,B,momentum,kospi_return_1d,-0.011085538193583488
179,B,momentum,fx_level_z_252,-0.00020189631322864443
179,B,persist,kospi_return_1d,-0.03519303351640701
179,B,persist,fx_level_z_252,0.007034486159682274
179,B,underwater,kospi_return_1d,4.995286144549027e-05
179,B,underwater,fx_level_z_252,-0.022941386327147484
179,alpha,,kospi_return_1d,0.01959945075213909
179,alpha,,fx_level_z_252,0.017987346276640892
180,beta,momentum,,-0.03221553936600685
180,beta,persist,,0.1005927175283432
180,beta,underwater,,0.010961729101836681
180,B,momentum,kospi_return_1d,-0.011133590713143349
180,B,momentum,fx_level_z_252,-2.6529174647293985e-05
180,B,persist,kospi_return_1d,-0.03511638566851616
180,B,persist,fx_level_z_252,0.007263831794261932
180,B,underwater,kospi_return_1d,-7.936279143905267e-05
180,B,underwater,fx_level_z_252,-0.02281881310045719
180,alpha,,kospi_return_1d,0.019575802609324455
180,alpha,,fx_level_z_252,0.018030526116490364
181,beta,momentum,,-0.03219430148601532
181,beta,persist,,0.10060490667819977
181,beta,underwater,,0.010768083855509758
181,B,momentum,kospi_return_1d,-0.011213729158043861
181,B,momentum,fx_level_z_252,0.00033182965125888586
181,B,persist,kospi_return_1d,-0.035098105669021606
181,B,persist,fx_level_z_252,0.007347863633185625
181,B,underwater,kospi_return_1d,-0.00010500345524633303
181,B,underwater,fx_level_z_252,-0.022899197414517403
181,alpha,,kospi_return_1d,0.019537651911377907
181,alpha,,fx_level_z_252,0.018059777095913887
182,beta,momentum,,-0.03215726092457771
182,beta,persist,,0.10059405863285065
182,beta,underwater,,0.010493059642612934
182,B,momentum,kospi_return_1d,-0.011132343672215939
182,B,momentum,fx_level_z_252,0.0005219164304435253
182,B,persist,kospi_return_1d,-0.03518722206354141
182,B,persist,fx_level_z_252,0.007295218762010336
182,B,underwater,kospi_return_1d,-4.386004729894921e-05
182,B,underwater,fx_level_z_252,-0.023069297894835472
182,alpha,,kospi_return_1d,0.019342442974448204
182,alpha,,fx_level_z_252,0.01773000881075859
183,beta,momentum,,-0.032136283814907074
183,beta,persist,,0.10065075010061264
183,beta,underwater,,0.010329429991543293
183,B,momentum,kospi_return_1d,-0.010966739617288113
183,B,momentum,fx_level_z_252,0.0005021531251259148
183,B,persist,kospi_return_1d,-0.03527780622243881
183,B,persist,fx_level_z_252,0.007271247915923595
183,B,underwater,kospi_return_1d,9.507122740615159e-05
183,B,underwater,fx_level_z_252,-0.023195862770080566
183,alpha,,kospi_return_1d,0.018953323364257812
183,alpha,,fx_level_z_252,0.01737704873085022
184,beta,momentum,,-0.032116375863552094
184,beta,persist,,0.10073345899581909
184,beta,underwater,,0.010119281709194183
184,B,momentum,kospi_return_1d,-0.010777375660836697
184,B,momentum,fx_level_z_252,0.0003939075395464897
184,B,persist,kospi_return_1d,-0.03536302596330643
184,B,persist,fx_level_z_252,0.007279311306774616
184,B,underwater,kospi_return_1d,2.442370168864727e-05
184,B,underwater,fx_level_z_252,-0.023278599604964256
184,alpha,,kospi_return_1d,0.018507041037082672
184,alpha,,fx_level_z_252,0.016990264877676964
185,beta,momentum,,-0.03205367922782898
185,beta,persist,,0.10086273401975632
185,beta,underwater,,0.009992267936468124
185,B,momentum,kospi_return_1d,-0.010781769640743732
185,B,momentum,fx_level_z_252,0.00017408374696969986
185,B,persist,kospi_return_1d,-0.035386137664318085
185,B,persist,fx_level_z_252,0.007158682681620121
185,B,underwater,kospi_return_1d,-0.00011631420056801289
185,B,underwater,fx_level_z_252,-0.023335734382271767
185,alpha,,kospi_return_1d,0.018116053193807602
185,alpha,,fx_level_z_252,0.016758672893047333
186,beta,momentum,,-0.031943295150995255
186,beta,persist,,0.10092975944280624
186,beta,underwater,,0.009913506917655468
186,B,momentum,kospi_return_1d,-0.010696318000555038
186,B,momentum,fx_level_z_252,-0.00018559438467491418
186,B,persist,kospi_return_1d,-0.03546743467450142
186,B,persist,fx_level_z_252,0.007098437752574682
186,B,underwater,kospi_return_1d,-0.0003945575444959104
186,B,underwater,fx_level_z_252,-0.02344316989183426
186,alpha,,kospi_return_1d,0.018017319962382317
186,alpha,,fx_level_z_252,0.01671236753463745
187,beta,momentum,,-0.0319271981716156
187,beta,persist,,0.10116089880466461
187,beta,underwater,,0.01008392870426178
187,B,momentum,kospi_return_1d,-0.010500569827854633
187,B,momentum,fx_level_z_252,-0.00038026351830922067
187,B,persist,kospi_return_1d,-0.0354730449616909
187,B,persist,fx_level_z_252,0.006839290726929903
187,B,underwater,kospi_return_1d,-0.000657364958897233
187,B,underwater,fx_level_z_252,-0.023568246513605118
187,alpha,,kospi_return_1d,0.017816662788391113
187,alpha,,fx_level_z_252,0.01678459346294403
188,beta,momentum,,-0.03202060982584953
188,beta,persist,,0.10132187604904175
188,beta,underwater,,0.010241078212857246
188,B,momentum,kospi_return_1d,-0.010302034206688404
188,B,momentum,fx_level_z_252,-0.0005078963004052639
188,B,persist,kospi_return_1d,-0.03565452620387077
188,B,persist,fx_level_z_252,0.006743667181581259
188,B,underwater,kospi_return_1d,-0.0009071746608242393
188,B,underwater,fx_level_z_252,-0.023504478856921196
188,alpha,,kospi_return_1d,0.017690526321530342
188,alpha,,fx_level_z_252,0.01678207516670227
189,beta,momentum,,-0.03200456127524376
189,beta,persist,,0.10141290724277496
189,beta,underwater,,0.010208029299974442
189,B,momentum,kospi_return_1d,-0.009984618052840233
189,B,momentum,fx_level_z_252,-0.0006252714665606618
189,B,persist,kospi_return_1d,-0.035713374614715576
189,B,persist,fx_level_z_252,0.006805702578276396
189,B,underwater,kospi_return_1d,-0.0010235633235424757
189,B,underwater,fx_level_z_252,-0.023394092917442322
189,alpha,,kospi_return_1d,0.01754671335220337
189,alpha,,fx_level_z_252,0.016783325001597404
190,beta,momentum,,-0.031939949840307236
190,beta,persist,,0.10143683105707169
190,beta,underwater,,0.01027358416467905
190,B,momentum,kospi_return_1d,-0.009763686917722225
190,B,momentum,fx_level_z_252,-0.0006075443234294653
190,B,persist,kospi_return_1d,-0.03572532907128334
190,B,persist,fx_level_z_252,0.007096202578395605
190,B,underwater,kospi_return_1d,-0.0011490427423268557
190,B,underwater,fx_level_z_252,-0.023351294919848442
190,alpha,,kospi_return_1d,0.017495745792984962
190,alpha,,fx_level_z_252,0.016805127263069153
191,beta,momentum,,-0.03190912678837776
191,beta,persist,,0.1014661118388176
191,beta,underwater,,0.010331669822335243
191,B,momentum,kospi_return_1d,-0.00977068766951561
191,B,momentum,fx_level_z_252,-0.0005023161647841334
191,B,persist,kospi_return_1d,-0.0356731042265892
191,B,persist,fx_level_z_252,0.007252343464642763
191,B,underwater,kospi_return_1d,-0.0010902979411184788
191,B,underwater,fx_level_z_252,-0.02335287630558014
191,alpha,,kospi_return_1d,0.017548084259033203
191,alpha,,fx_level_z_252,0.01673765853047371
192,beta,momentum,,-0.031983181834220886
192,beta,persist,,0.10146760195493698
192,beta,underwater,,0.010371421463787556
192,B,momentum,kospi_return_1d,-0.009891953319311142
192,B,momentum,fx_level_z_252,-0.00030215474544093013
192,B,persist,kospi_return_1d,-0.03561856225132942
192,B,persist,fx_level_z_252,0.0074339695274829865
192,B,underwater,kospi_return_1d,-0.0008789255516603589
192,B,underwater,fx_level_z_252,-0.023334378376603127
192,alpha,,kospi_return_1d,0.017526648938655853
192,alpha,,fx_level_z_252,0.01662956178188324
193,beta,momentum,,-0.03213244676589966
193,beta,persist,,0.10147633403539658
193,beta,underwater,,0.010440710932016373
193,B,momentum,kospi_return_1d,-0.010101176798343658
193,B,momentum,fx_level_z_252,0.0001252615766134113
193,B,persist,kospi_return_1d,-0.03548078238964081
193,B,persist,fx_level_z_252,0.007377192843705416
193,B,underwater,kospi_return_1d,-0.0006065625930204988
193,B,underwater,fx_level_z_252,-0.023427585139870644
193,alpha,,kospi_return_1d,0.017530491575598717
193,alpha,,fx_level_z_252,0.01664271578192711
194,beta,momentum,,-0.03231484070420265
194,beta,persist,,0.10143493115901947
194,beta,underwater,,0.010496251285076141
194,B,momentum,kospi_return_1d,-0.010293801315128803
194,B,momentum,fx_level_z_252,0.00044285092735663056
194,B,persist,kospi_return_1d,-0.035376325249671936
194,B,persist,fx_level_z_252,0.007374792359769344
194,B,underwater,kospi_return_1d,-0.00040621860534884036
194,B,underwater,fx_level_z_252,-0.023447152227163315
194,alpha,,kospi_return_1d,0.017523493617773056
194,alpha,,fx_level_z_252,0.016561245545744896
195,beta,momentum,,-0.0325702466070652
195,beta,persist,,0.10147204250097275
195,beta,underwater,,0.01071969885379076
195,B,momentum,kospi_return_1d,-0.010173531249165535
195,B,momentum,fx_level_z_252,0.0007103582611307502
195,B,persist,kospi_return_1d,-0.035285886377096176
195,B,persist,fx_level_z_252,0.0073164645582437515
195,B,underwater,kospi_return_1d,-0.0003323062264826149
195,B,underwater,fx_level_z_252,-0.023378446698188782
195,alpha,,kospi_return_1d,0.017465678974986076
195,alpha,,fx_level_z_252,0.01652459427714348
196,beta,momentum,,-0.032825060188770294
196,beta,persist,,0.10146826505661011
196,beta,underwater,,0.010870221070945263
196,B,momentum,kospi_return_1d,-0.009844986721873283
196,B,momentum,fx_level_z_252,0.0009389661718159914
196,B,persist,kospi_return_1d,-0.035453274846076965
196,B,persist,fx_level_z_252,0.007277559023350477
196,B,underwater,kospi_return_1d,-0.0003921516181435436
196,B,underwater,fx_level_z_252,-0.02325386367738247
196,alpha,,kospi_return_1d,0.01754046231508255
196,alpha,,fx_level_z_252,0.0164557546377182
197,beta,momentum,,-0.03294309601187706
197,beta,persist,,0.10136936604976654
197,beta,underwater,,0.010833126492798328
197,B,momentum,kospi_return_1d,-0.009681626223027706
197,B,momentum,fx_level_z_252,0.0007708613993600011
197,B,persist,kospi_return_1d,-0.03557004779577255
197,B,persist,fx_level_z_252,0.007400170434266329
197,B,underwater,kospi_return_1d,-0.0002143077872460708
197,B,underwater,fx_level_z_252,-0.023071834817528725
197,alpha,,kospi_return_1d,0.017893072217702866
197,alpha,,fx_level_z_252,0.016235150396823883
198,beta,momentum,,-0.03298928588628769
198,beta,persist,,0.10124487429857254
198,beta,underwater,,0.010805247351527214
198,B,momentum,kospi_return_1d,-0.009472668170928955
198,B,momentum,fx_level_z_252,0.00035430039861239493
198,B,persist,kospi_return_1d,-0.03568094223737717
198,B,persist,fx_level_z_252,0.007594684604555368
198,B,underwater,kospi_return_1d,1.6686208255123347e-06
198,B,underwater,fx_level_z_252,-0.02272038348019123
198,alpha,,kospi_return_1d,0.018335765227675438
198,alpha,,fx_level_z_252,0.015863388776779175
199,beta,momentum,,-0.03305674344301224
199,beta,persist,,0.10112802684307098
199,beta,underwater,,0.010777786374092102
199,B,momentum,kospi_return_1d,-0.00942668691277504
199,B,momentum,fx_level_z_252,-0.0002562776207923889
199,B,persist,kospi_return_1d,-0.035845279693603516
199,B,persist,fx_level_z_252,0.007764486595988274
199,B,underwater,kospi_return_1d,-2.5247398298233747e-05
199,B,underwater,fx_level_z_252,-0.022324414923787117
199,alpha,,kospi_return_1d,0.018839620053768158
199,alpha,,fx_level_z_252,0.015437779948115349
200,beta,momentum,,-0.03309900686144829
200,beta,persist,,0.10094588994979858
200,beta,underwater,,0.010796383954584599
200,B,momentum,kospi_return_1d,-0.009362680837512016
200,B,momentum,fx_level_z_252,-0.0007589773740619421
200,B,persist,kospi_return_1d,-0.03607947751879692
200,B,persist,fx_level_z_252,0.008028996177017689
200,B,underwater,kospi_return_1d,-0.00013981791562400758
200,B,underwater,fx_level_z_252,-0.021924493834376335
200,alpha,,kospi_return_1d,0.019388576969504356
200,alpha,,fx_level_z_252,0.015166488476097584
201,beta,momentum,,-0.03310815989971161
201,beta,persist,,0.10073214769363403
201,beta,underwater,,0.010738472454249859
201,B,momentum,kospi_return_1d,-0.0094942981377244
201,B,momentum,fx_level_z_252,-0.001018031034618616
201,B,persist,kospi_return_1d,-0.036173153668642044
201,B,persist,fx_level_z_252,0.008126262575387955
201,B,underwater,kospi_return_1d,-0.00017355583258904517
201,B,underwater,fx_level_z_252,-0.02176818624138832
201,alpha,,kospi_return_1d,0.019839756190776825
201,alpha,,fx_level_z_252,0.015072294510900974
202,beta,momentum,,-0.033060863614082336
202,beta,persist,,0.10044527798891068
202,beta,underwater,,0.010590925812721252
202,B,momentum,kospi_return_1d,-0.009720344096422195
202,B,momentum,fx_level_z_252,-0.0011300727492198348
202,B,persist,kospi_return_1d,-0.0362246073782444
202,B,persist,fx_level_z_252,0.0083958450704813
202,B,underwater,kospi_return_1d,-1.9659564713947475e-05
202,B,underwater,fx_level_z_252,-0.02184886671602726
202,alpha,,kospi_return_1d,0.020167578011751175
202,alpha,,fx_level_z_252,0.014926360920071602
203,beta,momentum,,-0.03302378952503204
203,beta,persist,,0.10021102428436279
203,beta,underwater,,0.010394669137895107
203,B,momentum,kospi_return_1d,-0.009818235412240028
203,B,momentum,fx_level_z_252,-0.0011602160520851612
203,B,persist,kospi_return_1d,-0.036172930151224136
203,B,persist,fx_level_z_252,0.008667122572660446
203,B,underwater,kospi_return_1d,-1.4811521396040916e-06
203,B,underwater,fx_level_z_252,-0.021831916645169258
203,alpha,,kospi_return_1d,0.02038157545030117
203,alpha,,fx_level_z_252,0.015009359456598759
204,beta,momentum,,-0.032931890338659286
204,beta,persist,,0.09997006505727768
204,beta,underwater,,0.010126722045242786
204,B,momentum,kospi_return_1d,-0.009724324569106102
204,B,momentum,fx_level_z_252,-0.0011359810596331954
204,B,persist,kospi_return_1d,-0.036153458058834076
204,B,persist,fx_level_z_252,0.009050676599144936
204,B,underwater,kospi_return_1d,7.408348028548062e-05
204,B,underwater,fx_level_z_252,-0.021808331832289696
204,alpha,,kospi_return_1d,0.020501814782619476
204,alpha,,fx_level_z_252,0.015054934658110142
205,beta,momentum,,-0.03306194767355919
205,beta,persist,,0.09975844621658325
205,beta,underwater,,0.009986946359276772
205,B,momentum,kospi_return_1d,-0.00962144136428833
205,B,momentum,fx_level_z_252,-0.0008076145895756781
205,B,persist,kospi_return_1d,-0.03598173335194588
205,B,persist,fx_level_z_252,0.009285635314881802
205,B,underwater,kospi_return_1d,5.0400689360685647e-05
205,B,underwater,fx_level_z_252,-0.02190886251628399
205,alpha,,kospi_return_1d,0.020705021917819977
205,alpha,,fx_level_z_252,0.015166595578193665
206,beta,momentum,,-0.033281709998846054
206,beta,persist,,0.09963838011026382
206,beta,underwater,,0.009866942651569843
206,B,momentum,kospi_return_1d,-0.00950989592820406
206,B,momentum,fx_level_z_252,-0.00038560995017178357
206,B,persist,kospi_return_1d,-0.03584105893969536
206,B,persist,fx_level_z_252,0.009382781572639942
206,B,underwater,kospi_return_1d,-0.00013300801219884306
206,B,underwater,fx_level_z_252,-0.022048423066735268
206,alpha,,kospi_return_1d,0.02076161839067936
206,alpha,,fx_level_z_252,0.015294921584427357
207,beta,momentum,,-0.033522311598062515
207,beta,persist,,0.09961847215890884
207,beta,underwater,,0.009831298142671585
207,B,momentum,kospi_return_1d,-0.009591448120772839
207,B,momentum,fx_level_z_252,0.00022287738102022558
207,B,persist,kospi_return_1d,-0.03567413240671158
207,B,persist,fx_level_z_252,0.00929760467261076
207,B,underwater,kospi_return_1d,-7.985731645021588e-05
207,B,underwater,fx_level_z_252,-0.022265922278165817
207,alpha,,kospi_return_1d,0.020928245037794113
207,alpha,,fx_level_z_252,0.015385938808321953
208,beta,momentum,,-0.033668167889118195
208,beta,persist,,0.09965220093727112
208,beta,underwater,,0.009799088351428509
208,B,momentum,kospi_return_1d,-0.009565906599164009
208,B,momentum,fx_level_z_252,0.0008460398530587554
208,B,persist,kospi_return_1d,-0.035624079406261444
208,B,persist,fx_level_z_252,0.00890599749982357
208,B,underwater,kospi_return_1d,1.636767410673201e-05
208,B,underwater,fx_level_z_252,-0.0226559080183506
208,alpha,,kospi_return_1d,0.02097611129283905
208,alpha,,fx_level_z_252,0.01561677549034357
209,beta,momentum,,-0.033786822110414505
209,beta,persist,,0.09970398992300034
209,beta,underwater,,0.009814257733523846
209,B,momentum,kospi_return_1d,-0.009445666335523129
209,B,momentum,fx_level_z_252,0.0014686296926811337
209,B,persist,kospi_return_1d,-0.035506587475538254
209,B,persist,fx_level_z_252,0.00835549645125866
209,B,underwater,kospi_return_1d,5.471775511978194e-05
209,B,underwater,fx_level_z_252,-0.02323669195175171
209,alpha,,kospi_return_1d,0.020879844203591347
209,alpha,,fx_level_z_252,0.015822796151041985
210,beta,momentum,,-0.03394317999482155
210,beta,persist,,0.09977023303508759
210,beta,underwater,,0.010011146776378155
210,B,momentum,kospi_return_1d,-0.009299440309405327
210,B,momentum,fx_level_z_252,0.0018994517158716917
210,B,persist,kospi_return_1d,-0.0355304554104805
210,B,persist,fx_level_z_252,0.007845625281333923
210,B,underwater,kospi_return_1d,-0.00021602798369713128
210,B,underwater,fx_level_z_252,-0.02353501319885254
210,alpha,,kospi_return_1d,0.020808201283216476
210,alpha,,fx_level_z_252,0.016065530478954315
211,beta,momentum,,-0.03412776440382004
211,beta,persist,,0.09983773529529572
211,beta,underwater,,0.010217498056590557
211,B,momentum,kospi_return_1d,-0.009286328218877316
211,B,momentum,fx_level_z_252,0.0021417755633592606
211,B,persist,kospi_return_1d,-0.03571375086903572
211,B,persist,fx_level_z_252,0.007215254940092564
211,B,underwater,kospi_return_1d,-0.00039498126716353
211,B,underwater,fx_level_z_252,-0.02361481264233589
211,alpha,,kospi_return_1d,0.020698510110378265
211,alpha,,fx_level_z_252,0.016207637265324593
212,beta,momentum,,-0.03424811363220215
212,beta,persist,,0.09994012862443924
212,beta,underwater,,0.010548654943704605
212,B,momentum,kospi_return_1d,-0.00946887955069542
212,B,momentum,fx_level_z_252,0.0021984181366860867
212,B,persist,kospi_return_1d,-0.03558897227048874
212,B,persist,fx_level_z_252,0.0066600218415260315
212,B,underwater,kospi_return_1d,-0.00041140246321447194
212,B,underwater,fx_level_z_252,-0.023418886587023735
212,alpha,,kospi_return_1d,0.02067820355296135
212,alpha,,fx_level_z_252,0.016578150913119316
213,beta,momentum,,-0.034212011843919754
213,beta,persist,,0.09996649622917175
213,beta,underwater,,0.010707573033869267
213,B,momentum,kospi_return_1d,-0.009764308109879494
213,B,momentum,fx_level_z_252,0.0020904510747641325
213,B,persist,kospi_return_1d,-0.03567805513739586
213,B,persist,fx_level_z_252,0.006235701497644186
213,B,underwater,kospi_return_1d,-0.000399625685531646
213,B,underwater,fx_level_z_252,-0.02312491089105606
213,alpha,,kospi_return_1d,0.020920483395457268
213,alpha,,fx_level_z_252,0.01688302494585514
214,beta,momentum,,-0.034143947064876556
214,beta,persist,,0.10000168532133102
214,beta,underwater,,0.010859834030270576
214,B,momentum,kospi_return_1d,-0.009696900844573975
214,B,momentum,fx_level_z_252,0.0018215773161500692
214,B,persist,kospi_return_1d,-0.035907234996557236
214,B,persist,fx_level_z_252,0.0060114311054348946
214,B,underwater,kospi_return_1d,-0.0005292000132612884
214,B,underwater,fx_level_z_252,-0.022757133468985558
214,alpha,,kospi_return_1d,0.021002480760216713
214,alpha,,fx_level_z_252,0.017115898430347443
215,beta,momentum,,-0.034067489206790924
215,beta,persist,,0.10008478164672852
215,beta,underwater,,0.010937769897282124
215,B,momentum,kospi_return_1d,-0.009626987390220165
215,B,momentum,fx_level_z_252,0.0016067158430814743
215,B,persist,kospi_return_1d,-0.03609957545995712
215,B,persist,fx_level_z_252,0.005972149781882763
215,B,underwater,kospi_return_1d,-0.0005773023585788906
215,B,underwater,fx_level_z_252,-0.022505994886159897
215,alpha,,kospi_return_1d,0.020873159170150757
215,alpha,,fx_level_z_252,0.017294352874159813
216,beta,momentum,,-0.03395434841513634
216,beta,persist,,0.10016051679849625
216,beta,underwater,,0.010955162346363068
216,B,momentum,kospi_return_1d,-0.00959031656384468
216,B,momentum,fx_level_z_252,0.001341894967481494
216,B,persist,kospi_return_1d,-0.03636877238750458
216,B,persist,fx_level_z_252,0.005863148719072342
216,B,underwater,kospi_return_1d,-0.0005803246167488396
216,B,underwater,fx_level_z_252,-0.02228180505335331
216,alpha,,kospi_return_1d,0.020689262077212334
216,alpha,,fx_level_z_252,0.017406029626727104
217,beta,momentum,,-0.033812686800956726
217,beta,persist,,0.10019735991954803
217,beta,underwater,,0.010866810567677021
217,B,momentum,kospi_return_1d,-0.009404514916241169
217,B,momentum,fx_level_z_252,0.0010941873770207167
217,B,persist,kospi_return_1d,-0.03670447692275047
217,B,persist,fx_level_z_252,0.005964420735836029
217,B,underwater,kospi_return_1d,-0.00046995445154607296
217,B,underwater,fx_level_z_252,-0.02223997935652733
217,alpha,,kospi_return_1d,0.020431622862815857
217,alpha,,fx_level_z_252,0.017391208559274673
218,beta,momentum,,-0.033718571066856384
218,beta,persist,,0.10020682215690613
218,beta,underwater,,0.010804840363562107
218,B,momentum,kospi_return_1d,-0.009108205325901508
218,B,momentum,fx_level_z_252,0.000818694825284183
218,B,persist,kospi_return_1d,-0.03709299862384796
218,B,persist,fx_level_z_252,0.006030217278748751
218,B,underwater,kospi_return_1d,-0.0002976579999085516
218,B,underwater,fx_level_z_252,-0.022102665156126022
218,alpha,,kospi_return_1d,0.020250659435987473
218,alpha,,fx_level_z_252,0.017390696331858635
219,beta,momentum,,-0.0335109606385231
219,beta,persist,,0.1002526506781578
219,beta,underwater,,0.01057053729891777
219,B,momentum,kospi_return_1d,-0.008856656029820442
219,B,momentum,fx_level_z_252,0.0006385134183801711
219,B,persist,kospi_return_1d,-0.037526313215494156
219,B,persist,fx_level_z_252,0.006023486610502005
219,B,underwater,kospi_return_1d,-0.00015314473421312869
219,B,underwater,fx_level_z_252,-0.022165711969137192
219,alpha,,kospi_return_1d,0.02013402059674263
219,alpha,,fx_level_z_252,0.01735811121761799
220,beta,momentum,,-0.03328307345509529
220,beta,persist,,0.10019753128290176
220,beta,underwater,,0.010367394424974918
220,B,momentum,kospi_return_1d,-0.008673975244164467
220,B,momentum,fx_level_z_252,0.0004152408801019192
220,B,persist,kospi_return_1d,-0.037888817489147186
220,B,persist,fx_level_z_252,0.006176870781928301
220,B,underwater,kospi_return_1d,0.00011493763304315507
220,B,underwater,fx_level_z_252,-0.02205849066376686
220,alpha,,kospi_return_1d,0.02002139575779438
220,alpha,,fx_level_z_252,0.01733911782503128
221,beta,momentum,,-0.03316843882203102
221,beta,persist,,0.10010132193565369
221,beta,underwater,,0.010135700926184654
221,B,momentum,kospi_return_1d,-0.008699245750904083
221,B,momentum,fx_level_z_252,0.00023379747290164232
221,B,persist,kospi_return_1d,-0.038134779781103134
221,B,persist,fx_level_z_252,0.006256928201764822
221,B,underwater,kospi_return_1d,0.0003078006557188928
221,B,underwater,fx_level_z_252,-0.021895501762628555
221,alpha,,kospi_return_1d,0.019945386797189713
221,alpha,,fx_level_z_252,0.017393171787261963
222,beta,momentum,,-0.033208802342414856
222,beta,persist,,0.10015030205249786
222,beta,underwater,,0.009961452335119247
222,B,momentum,kospi_return_1d,-0.008894315920770168
222,B,momentum,fx_level_z_252,0.00015686343249399215
222,B,persist,kospi_return_1d,-0.038314901292324066
222,B,persist,fx_level_z_252,0.00616921903565526
222,B,underwater,kospi_return_1d,0.00021150155225768685
222,B,underwater,fx_level_z_252,-0.02181611768901348
222,alpha,,kospi_return_1d,0.019704176113009453
222,alpha,,fx_level_z_252,0.017382722347974777
223,beta,momentum,,-0.033126864582300186
223,beta,persist,,0.10015624016523361
223,beta,underwater,,0.009610958397388458
223,B,momentum,kospi_return_1d,-0.009403761476278305
223,B,momentum,fx_level_z_252,2.864534326363355e-05
223,B,persist,kospi_return_1d,-0.03839747980237007
223,B,persist,fx_level_z_252,0.006027469877153635
223,B,underwater,kospi_return_1d,0.00022362274467013776
223,B,underwater,fx_level_z_252,-0.021893830969929695
223,alpha,,kospi_return_1d,0.019593168050050735
223,alpha,,fx_level_z_252,0.01743277534842491
224,beta,momentum,,-0.033038314431905746
224,beta,persist,,0.10020846128463745
224,beta,underwater,,0.009353757835924625
224,B,momentum,kospi_return_1d,-0.009892120026051998
224,B,momentum,fx_level_z_252,-0.00022788613568991423
224,B,persist,kospi_return_1d,-0.03855380043387413
224,B,persist,fx_level_z_252,0.005931340157985687
224,B,underwater,kospi_return_1d,0.00018190627451986074
224,B,underwater,fx_level_z_252,-0.021871333941817284
224,alpha,,kospi_return_1d,0.019301248714327812
224,alpha,,fx_level_z_252,0.017427554354071617
225,beta,momentum,,-0.03310670331120491
225,beta,persist,,0.10026586055755615
225,beta,underwater,,0.009159413166344166
225,B,momentum,kospi_return_1d,-0.010347713716328144
225,B,momentum,fx_level_z_252,-0.00010609931632643566
225,B,persist,kospi_return_1d,-0.03845329210162163
225,B,persist,fx_level_z_252,0.005790173076093197
225,B,underwater,kospi_return_1d,0.00021666783140972257
225,B,underwater,fx_level_z_252,-0.02204130031168461
225,alpha,,kospi_return_1d,0.018981952220201492
225,alpha,,fx_level_z_252,0.01758379116654396
226,beta,momentum,,-0.033260881900787354
226,beta,persist,,0.10033035278320312
226,beta,underwater,,0.009009899571537971
226,B,momentum,kospi_return_1d,-0.01078770961612463
226,B,momentum,fx_level_z_252,0.00016441094339825213
226,B,persist,kospi_return_1d,-0.03828808665275574
226,B,persist,fx_level_z_252,0.005703806411474943
226,B,underwater,kospi_return_1d,8.646121568745002e-05
226,B,underwater,fx_level_z_252,-0.02227724716067314
226,alpha,,kospi_return_1d,0.018633123487234116
226,alpha,,fx_level_z_252,0.017952119931578636
227,beta,momentum,,-0.03354449197649956
227,beta,persist,,0.1004219651222229
227,beta,underwater,,0.008906455710530281
227,B,momentum,kospi_return_1d,-0.011242054402828217
227,B,momentum,fx_level_z_252,0.0004251960199326277
227,B,persist,kospi_return_1d,-0.03807447850704193
227,B,persist,fx_level_z_252,0.005738063715398312
227,B,underwater,kospi_return_1d,-0.0001527832355350256
227,B,underwater,fx_level_z_252,-0.022542761638760567
227,alpha,,kospi_return_1d,0.01828470453619957
227,alpha,,fx_level_z_252,0.018353918567299843
228,beta,momentum,,-0.033695563673973083
228,beta,persist,,0.10045160353183746
228,beta,underwater,,0.008891516365110874
228,B,momentum,kospi_return_1d,-0.011464581824839115
228,B,momentum,fx_level_z_252,0.0004901395295746624
228,B,persist,kospi_return_1d,-0.03785553574562073
228,B,persist,fx_level_z_252,0.005979934241622686
228,B,underwater,kospi_return_1d,-0.0005864606355316937
228,B,underwater,fx_level_z_252,-0.02279064990580082
228,alpha,,kospi_return_1d,0.01812347210943699
228,alpha,,fx_level_z_252,0.01868460513651371
229,beta,momentum,,-0.03376089781522751
229,beta,persist,,0.1005021184682846
229,beta,underwater,,0.00875126663595438
229,B,momentum,kospi_return_1d,-0.01169521827250719
229,B,momentum,fx_level_z_252,0.0005552191869355738
229,B,persist,kospi_return_1d,-0.03768344968557358
229,B,persist,fx_level_z_252,0.006110030226409435
229,B,underwater,kospi_return_1d,-0.0008975923410616815
229,B,underwater,fx_level_z_252,-0.023084357380867004
229,alpha,,kospi_return_1d,0.01802578568458557
229,alpha,,fx_level_z_252,0.01892494224011898
230,beta,momentum,,-0.0336916409432888
230,beta,persist,,0.1005462184548378
230,beta,underwater,,0.00839849654585123
230,B,momentum,kospi_return_1d,-0.011696681380271912
230,B,momentum,fx_level_z_252,0.00047955079935491085
230,B,persist,kospi_return_1d,-0.03764287009835243
230,B,persist,fx_level_z_252,0.006199485156685114
230,B,underwater,kospi_return_1d,-0.0010926317190751433
230,B,underwater,fx_level_z_252,-0.02327916957437992
230,alpha,,kospi_return_1d,0.017937777563929558
230,alpha,,fx_level_z_252,0.01898711547255516
231,beta,momentum,,-0.03365441411733627
231,beta,persist,,0.10048703849315643
231,beta,underwater,,0.008044248446822166
231,B,momentum,kospi_return_1d,-0.011585385538637638
231,B,momentum,fx_level_z_252,0.00018105794151779264
231,B,persist,kospi_return_1d,-0.03762274235486984
231,B,persist,fx_level_z_252,0.006402899511158466
231,B,underwater,kospi_return_1d,-0.001383860013447702
231,B,underwater,fx_level_z_252,-0.02338225767016411
231,alpha,,kospi_return_1d,0.018086567521095276
231,alpha,,fx_level_z_252,0.0189322829246521
232,beta,momentum,,-0.033713340759277344
232,beta,persist,,0.1003999263048172
232,beta,underwater,,0.007880328223109245
232,B,momentum,kospi_return_1d,-0.011473538354039192
232,B,momentum,fx_level_z_252,-0.0001613547938177362
232,B,persist,kospi_return_1d,-0.03742179647088051
232,B,persist,fx_level_z_252,0.006626232527196407
232,B,underwater,kospi_return_1d,-0.0014870712766423821
232,B,underwater,fx_level_z_252,-0.023379547521471977
232,alpha,,kospi_return_1d,0.018230510875582695
232,alpha,,fx_level_z_252,0.018833164125680923
233,beta,momentum,,-0.033694613724946976
233,beta,persist,,0.10026310384273529
233,beta,underwater,,0.007691449951380491
233,B,momentum,kospi_return_1d,-0.011033672839403152
233,B,momentum,fx_level_z_252,-0.0003509168163873255
233,B,persist,kospi_return_1d,-0.03740599751472473
233,B,persist,fx_level_z_252,0.0068411328829824924
233,B,underwater,kospi_return_1d,-0.0016326344339177012
233,B,underwater,fx_level_z_252,-0.023339703679084778
233,alpha,,kospi_return_1d,0.018455740064382553
233,alpha,,fx_level_z_252,0.01878591626882553
234,beta,momentum,,-0.03366920351982117
234,beta,persist,,0.10007257759571075
234,beta,underwater,,0.007378770504146814
234,B,momentum,kospi_return_1d,-0.010721322149038315
234,B,momentum,fx_level_z_252,-0.0004578710359055549
234,B,persist,kospi_return_1d,-0.0375344417989254
234,B,persist,fx_level_z_252,0.007038451731204987
234,B,underwater,kospi_return_1d,-0.0015818167012184858
234,B,underwater,fx_level_z_252,-0.023349333554506302
234,alpha,,kospi_return_1d,0.018789274618029594
234,alpha,,fx_level_z_252,0.018483206629753113
235,beta,momentum,,-0.03367852047085762
235,beta,persist,,0.09985752403736115
235,beta,underwater,,0.007194013334810734
235,B,momentum,kospi_return_1d,-0.010374610312283039
235,B,momentum,fx_level_z_252,-0.000536905019544065
235,B,persist,kospi_return_1d,-0.037640731781721115
235,B,persist,fx_level_z_252,0.007379665970802307
235,B,underwater,kospi_return_1d,-0.0014519584365189075
235,B,underwater,fx_level_z_252,-0.0231491606682539
235,alpha,,kospi_return_1d,0.01906120777130127
235,alpha,,fx_level_z_252,0.018293891102075577
236,beta,momentum,,-0.03368441388010979
236,beta,persist,,0.09971076250076294
236,beta,underwater,,0.007017810363322496
236,B,momentum,kospi_return_1d,-0.010069590061903
236,B,momentum,fx_level_z_252,-0.0005210340605117381
236,B,persist,kospi_return_1d,-0.03758598119020462
236,B,persist,fx_level_z_252,0.007520084269344807
236,B,underwater,kospi_return_1d,-0.0011590367648750544
236,B,underwater,fx_level_z_252,-0.02301131561398506
236,alpha,,kospi_return_1d,0.019337724894285202
236,alpha,,fx_level_z_252,0.018054846674203873
237,beta,momentum,,-0.03357582166790962
237,beta,persist,,0.09950877726078033
237,beta,underwater,,0.006749551743268967
237,B,momentum,kospi_return_1d,-0.009764615446329117
237,B,momentum,fx_level_z_252,-0.0004702894657384604
237,B,persist,kospi_return_1d,-0.03757890686392784
237,B,persist,fx_level_z_252,0.007585153914988041
237,B,underwater,kospi_return_1d,-0.0008175154798664153
237,B,underwater,fx_level_z_252,-0.022848255932331085
237,alpha,,kospi_return_1d,0.019557133316993713
237,alpha,,fx_level_z_252,0.017867861315608025
238,beta,momentum,,-0.03340781852602959
238,beta,persist,,0.09943979233503342
238,beta,underwater,,0.006657245568931103
238,B,momentum,kospi_return_1d,-0.009255749173462391
238,B,momentum,fx_level_z_252,-0.0003633617889136076
238,B,persist,kospi_return_1d,-0.03779112920165062
238,B,persist,fx_level_z_252,0.007714461535215378
238,B,underwater,kospi_return_1d,-0.0005164065514691174
238,B,underwater,fx_level_z_252,-0.022646429017186165
238,alpha,,kospi_return_1d,0.019509287551045418
238,alpha,,fx_level_z_252,0.017670679837465286
239,beta,momentum,,-0.03330833092331886
239,beta,persist,,0.09935379773378372
239,beta,underwater,,0.0066803619265556335
239,B,momentum,kospi_return_1d,-0.0088491877540946
239,B,momentum,fx_level_z_252,-3.729471063707024e-05
239,B,persist,kospi_return_1d,-0.037888046354055405
239,B,persist,fx_level_z_252,0.007728824391961098
239,B,underwater,kospi_return_1d,-0.00023756020527798682
239,B,underwater,fx_level_z_252,-0.022536326199769974
239,alpha,,kospi_return_1d,0.019416972994804382
239,alpha,,fx_level_z_252,0.017704131081700325
240,beta,momentum,,-0.033136747777462006
240,beta,persist,,0.09925282746553421
240,beta,underwater,,0.006604108959436417
240,B,momentum,kospi_return_1d,-0.008530333638191223
240,B,momentum,fx_level_z_252,0.00029967681621201336
240,B,persist,kospi_return_1d,-0.037879690527915955
240,B,persist,fx_level_z_252,0.00763070210814476
240,B,underwater,kospi_return_1d,9.462270099902526e-05
240,B,underwater,fx_level_z_252,-0.022594140842556953
240,alpha,,kospi_return_1d,0.01938892900943756
240,alpha,,fx_level_z_252,0.017754806205630302
241,beta,momentum,,-0.03314845263957977
241,beta,persist,,0.09920627623796463
241,beta,underwater,,0.006910691969096661
241,B,momentum,kospi_return_1d,-0.00823886226862669
241,B,momentum,fx_level_z_252,0.0004098784411326051
241,B,persist,kospi_return_1d,-0.03779091313481331
241,B,persist,fx_level_z_252,0.007591282948851585
241,B,underwater,kospi_return_1d,0.0001881251810118556
241,B,underwater,fx_level_z_252,-0.022466858848929405
241,alpha,,kospi_return_1d,0.019475797191262245
241,alpha,,fx_level_z_252,0.017950406298041344
242,beta,momentum,,-0.03328034281730652
242,beta,persist,,0.09921494871377945
242,beta,underwater,,0.007230926770716906
242,B,momentum,kospi_return_1d,-0.008076210506260395
242,B,momentum,fx_level_z_252,0.0003259335062466562
242,B,persist,kospi_return_1d,-0.0377076081931591
242,B,persist,fx_level_z_252,0.007476826198399067
242,B,underwater,kospi_return_1d,0.00012291420716792345
242,B,underwater,fx_level_z_252,-0.02220669761300087
242,alpha,,kospi_return_1d,0.019485315307974815
242,alpha,,fx_level_z_252,0.018167199566960335
243,beta,momentum,,-0.03352605551481247
243,beta,persist,,0.0993039533495903
243,beta,underwater,,0.007617264520376921
243,B,momentum,kospi_return_1d,-0.008023679256439209
243,B,momentum,fx_level_z_252,0.00023597673862241209
243,B,persist,kospi_return_1d,-0.037601321935653687
243,B,persist,fx_level_z_252,0.007259034086018801
243,B,underwater,kospi_return_1d,3.0405863071791828e-06
243,B,underwater,fx_level_z_252,-0.021863479167222977
243,alpha,,kospi_return_1d,0.019365590065717697
243,alpha,,fx_level_z_252,0.0182652547955513
244,beta,momentum,,-0.03370364010334015
244,beta,persist,,0.09941168129444122
244,beta,underwater,,0.00791560672223568
244,B,momentum,kospi_return_1d,-0.008198161609470844
244,B,momentum,fx_level_z_252,0.00031775556271895766
244,B,persist,kospi_return_1d,-0.03725368157029152
244,B,persist,fx_level_z_252,0.0067146229557693005
244,B,underwater,kospi_return_1d,6.0838621720904484e-05
244,B,underwater,fx_level_z_252,-0.02178373746573925
244,alpha,,kospi_return_1d,0.01933709904551506
244,alpha,,fx_level_z_252,0.01829518750309944
245,beta,momentum,,-0.03374583274126053
245,beta,persist,,0.09954838454723358
245,beta,underwater,,0.008182876743376255
245,B,momentum,kospi_return_1d,-0.008343066088855267
245,B,momentum,fx_level_z_252,0.00038262162706814706
245,B,persist,kospi_return_1d,-0.0368676632642746
245,B,persist,fx_level_z_252,0.006277690175920725
245,B,underwater,kospi_return_1d,0.00010609562741592526
245,B,underwater,fx_level_z_252,-0.02180405706167221
245,alpha,,kospi_return_1d,0.019230151548981667
245,alpha,,fx_level_z_252,0.01823258027434349
246,beta,momentum,,-0.033830925822257996
246,beta,persist,,0.09965777397155762
246,beta,underwater,,0.008427321910858154
246,B,momentum,kospi_return_1d,-0.00862205121666193
246,B,momentum,fx_level_z_252,0.00045731692807748914
246,B,persist,kospi_return_1d,-0.03654702007770538
246,B,persist,fx_level_z_252,0.005942848511040211
246,B,underwater,kospi_return_1d,0.0001484933018218726
246,B,underwater,fx_level_z_252,-0.021968930959701538
246,alpha,,kospi_return_1d,0.01922442391514778
246,alpha,,fx_level_z_252,0.018187163397669792
247,beta,momentum,,-0.0339181162416935
247,beta,persist,,0.09984149783849716
247,beta,underwater,,0.00856197439134121
247,B,momentum,kospi_return_1d,-0.009029065258800983
247,B,momentum,fx_level_z_252,0.0005879399250261486
247,B,persist,kospi_return_1d,-0.03622082993388176
247,B,persist,fx_level_z_252,0.005668023135513067
247,B,underwater,kospi_return_1d,0.00017019902588799596
247,B,underwater,fx_level_z_252,-0.022234078496694565
247,alpha,,kospi_return_1d,0.019166594371199608
247,alpha,,fx_level_z_252,0.018335478380322456
248,beta,momentum,,-0.03383965045213699
248,beta,persist,,0.09994067996740341
248,beta,underwater,,0.0086685074493289
248,B,momentum,kospi_return_1d,-0.00941549614071846
248,B,momentum,fx_level_z_252,0.0006302415858954191
248,B,persist,kospi_return_1d,-0.03588549420237541
248,B,persist,fx_level_z_252,0.00534529983997345
248,B,underwater,kospi_return_1d,0.00016228915774263442
248,B,underwater,fx_level_z_252,-0.022491181269288063
248,alpha,,kospi_return_1d,0.019006868824362755
248,alpha,,fx_level_z_252,0.01839546114206314
249,beta,momentum,,-0.03373407945036888
249,beta,persist,,0.10006053745746613
249,beta,underwater,,0.00867585651576519
249,B,momentum,kospi_return_1d,-0.009778043255209923
249,B,momentum,fx_level_z_252,0.0007640121621079743
249,B,persist,kospi_return_1d,-0.035593181848526
249,B,persist,fx_level_z_252,0.0049338857643306255
249,B,underwater,kospi_return_1d,0.0001459517516195774
249,B,underwater,fx_level_z_252,-0.022794660180807114
249,alpha,,kospi_return_1d,0.01875791698694229
249,alpha,,fx_level_z_252,0.018626004457473755
250,beta,momentum,,-0.03353457897901535
250,beta,persist,,0.10020912438631058
250,beta,underwater,,0.008679885417222977
250,B,momentum,kospi_return_1d,-0.010211418382823467
250,B,momentum,fx_level_z_252,0.000775077089201659
250,B,persist,kospi_return_1d,-0.035289693623781204
250,B,persist,fx_level_z_252,0.004737073555588722
250,B,underwater,kospi_return_1d,0.0001968683791346848
250,B,underwater,fx_level_z_252,-0.023092424497008324
250,alpha,,kospi_return_1d,0.018552148714661598
250,alpha,,fx_level_z_252,0.018726257607340813
251,beta,momentum,,-0.03350789099931717
251,beta,persist,,0.1002352386713028
251,beta,underwater,,0.008624473586678505
251,B,momentum,kospi_return_1d,-0.010519140399992466
251,B,momentum,fx_level_z_252,0.0008209227817133069
251,B,persist,kospi_return_1d,-0.03513917699456215
251,B,persist,fx_level_z_252,0.004639821592718363
251,B,underwater,kospi_return_1d,6.722703983541578e-05
251,B,underwater,fx_level_z_252,-0.023392653092741966
251,alpha,,kospi_return_1d,0.018545076251029968
251,alpha,,fx_level_z_252,0.01873154565691948
252,beta,momentum,,-0.03342786803841591
252,beta,persist,,0.10017909109592438
252,beta,underwater,,0.008589019067585468
252,B,momentum,kospi_return_1d,-0.010490004904568195
252,B,momentum,fx_level_z_252,0.0005091676139272749
252,B,persist,kospi_return_1d,-0.03495855629444122
252,B,persist,fx_level_z_252,0.004926254041492939
252,B,underwater,kospi_return_1d,-0.00025807664496824145
252,B,underwater,fx_level_z_252,-0.023410795256495476
252,alpha,,kospi_return_1d,0.018645070493221283
252,alpha,,fx_level_z_252,0.018481280654668808
253,beta,momentum,,-0.03347662836313248
253,beta,persist,,0.10024260729551315
253,beta,underwater,,0.008679830469191074
253,B,momentum,kospi_return_1d,-0.010453612543642521
253,B,momentum,fx_level_z_252,0.00016953794693108648
253,B,persist,kospi_return_1d,-0.0349731408059597
253,B,persist,fx_level_z_252,0.00503454077988863
253,B,underwater,kospi_return_1d,-0.0005617274437099695
253,B,underwater,fx_level_z_252,-0.02337244339287281
253,alpha,,kospi_return_1d,0.018682528287172318
253,alpha,,fx_level_z_252,0.018183749169111252
254,beta,momentum,,-0.033592838793992996
254,beta,persist,,0.1003253161907196
254,beta,underwater,,0.008768396452069283
254,B,momentum,kospi_return_1d,-0.010345608927309513
254,B,momentum,fx_level_z_252,-0.0001839429751271382
254,B,persist,kospi_return_1d,-0.035140085965394974
254,B,persist,fx_level_z_252,0.005304795224219561
254,B,underwater,kospi_return_1d,-0.0007528400747105479
254,B,underwater,fx_level_z_252,-0.02325993962585926
254,alpha,,kospi_return_1d,0.018686417490243912
254,alpha,,fx_level_z_252,0.017882753163576126
255,beta,momentum,,-0.03368406742811203
255,beta,persist,,0.10047151893377304
255,beta,underwater,,0.008885573595762253
255,B,momentum,kospi_return_1d,-0.010254282504320145
255,B,momentum,fx_level_z_252,-0.0003548567765392363
255,B,persist,kospi_return_1d,-0.03532406687736511
255,B,persist,fx_level_z_252,0.005398248787969351
255,B,underwater,kospi_return_1d,-0.0009487664792686701
255,B,underwater,fx_level_z_252,-0.023099185898900032
255,alpha,,kospi_return_1d,0.01854323036968708
255,alpha,,fx_level_z_252,0.017501870170235634
256,beta,momentum,,-0.03394573554396629
256,beta,persist,,0.10063022375106812
256,beta,underwater,,0.009150257334113121
256,B,momentum,kospi_return_1d,-0.010107566602528095
256,B,momentum,fx_level_z_252,-0.0006160478224046528
256,B,persist,kospi_return_1d,-0.03554016724228859
256,B,persist,fx_level_z_252,0.005614059045910835
256,B,underwater,kospi_return_1d,-0.0011189758079126477
256,B,underwater,fx_level_z_252,-0.0225668977946043
256,alpha,,kospi_return_1d,0.018490899354219437
256,alpha,,fx_level_z_252,0.017276236787438393
257,beta,momentum,,-0.03415380045771599
257,beta,persist,,0.10074356943368912
257,beta,underwater,,0.009446946904063225
257,B,momentum,kospi_return_1d,-0.009992490522563457
257,B,momentum,fx_level_z_252,-0.0007510696887038648
257,B,persist,kospi_return_1d,-0.03570864722132683
257,B,persist,fx_level_z_252,0.0058836261741817
257,B,underwater,kospi_return_1d,-0.0012007419718429446
257,B,underwater,fx_level_z_252,-0.02195270173251629
257,alpha,,kospi_return_1d,0.01831147074699402
257,alpha,,fx_level_z_252,0.016958709806203842
258,beta,momentum,,-0.03431471437215805
258,beta,persist,,0.10086573660373688
258,beta,underwater,,0.009698713198304176
258,B,momentum,kospi_return_1d,-0.009950979612767696
258,B,momentum,fx_level_z_252,-0.0007993096951395273
258,B,persist,kospi_return_1d,-0.035824839025735855
258,B,persist,fx_level_z_252,0.00609745504334569
258,B,underwater,kospi_return_1d,-0.0011253164848312736
258,B,underwater,fx_level_z_252,-0.021339697763323784
258,alpha,,kospi_return_1d,0.018259800970554352
258,alpha,,fx_level_z_252,0.01665348745882511
259,beta,momentum,,-0.03420674800872803
259,beta,persist,,0.10086434334516525
259,beta,underwater,,0.00968102179467678
259,B,momentum,kospi_return_1d,-0.009848406538367271
259,B,momentum,fx_level_z_252,-0.0005170655786059797
259,B,persist,kospi_return_1d,-0.035987868905067444
259,B,persist,fx_level_z_252,0.006244251504540443
259,B,underwater,kospi_return_1d,-0.0009591131820343435
259,B,underwater,fx_level_z_252,-0.02125382050871849
259,alpha,,kospi_return_1d,0.018429981544613838
259,alpha,,fx_level_z_252,0.01633424125611782
260,beta,momentum,,-0.03411945328116417
260,beta,persist,,0.10091084241867065
260,beta,underwater,,0.009701186791062355
260,B,momentum,kospi_return_1d,-0.009539371356368065
260,B,momentum,fx_level_z_252,-0.0002521626593079418
260,B,persist,kospi_return_1d,-0.036195676773786545
260,B,persist,fx_level_z_252,0.006280133035033941
260,B,underwater,kospi_return_1d,-0.000996107584796846
260,B,underwater,fx_level_z_252,-0.02124343253672123
260,alpha,,kospi_return_1d,0.018605686724185944
260,alpha,,fx_level_z_252,0.01608295366168022
261,beta,momentum,,-0.03406883776187897
261,beta,persist,,0.10090996325016022
261,beta,underwater,,0.009636146016418934
261,B,momentum,kospi_return_1d,-0.009223103523254395
261,B,momentum,fx_level_z_252,3.7168923881836236e-05
261,B,persist,kospi_return_1d,-0.036393146961927414
261,B,persist,fx_level_z_252,0.0063743144273757935
261,B,underwater,kospi_return_1d,-0.0010136911878362298
261,B,underwater,fx_level_z_252,-0.02125358209013939
261,alpha,,kospi_return_1d,0.018874844536185265
261,alpha,,fx_level_z_252,0.015929758548736572
262,beta,momentum,,-0.03393808752298355
262,beta,persist,,0.10092875361442566
262,beta,underwater,,0.009476486593484879
262,B,momentum,kospi_return_1d,-0.008883682079613209
262,B,momentum,fx_level_z_252,0.000214598243474029
262,B,persist,kospi_return_1d,-0.036758583039045334
262,B,persist,fx_level_z_252,0.006602089386433363
262,B,underwater,kospi_return_1d,-0.0009947695070877671
262,B,underwater,fx_level_z_252,-0.021157119423151016
262,alpha,,kospi_return_1d,0.019069457426667213
262,alpha,,fx_level_z_252,0.015773987397551537
263,beta,momentum,,-0.0338888093829155
263,beta,persist,,0.10097706317901611
263,beta,underwater,,0.009369585663080215
263,B,momentum,kospi_return_1d,-0.008786281570792198
263,B,momentum,fx_level_z_252,0.000489183294121176
263,B,persist,kospi_return_1d,-0.03682473674416542
263,B,persist,fx_level_z_252,0.0065879859030246735
263,B,underwater,kospi_return_1d,-0.0007168691954575479
263,B,underwater,fx_level_z_252,-0.021325308829545975
263,alpha,,kospi_return_1d,0.01935954950749874
263,alpha,,fx_level_z_252,0.01582232303917408
264,beta,momentum,,-0.03372453898191452
264,beta,persist,,0.10099902004003525
264,beta,underwater,,0.009149126708507538
264,B,momentum,kospi_return_1d,-0.00877622701227665
264,B,momentum,fx_level_z_252,0.0006829222547821701
264,B,persist,kospi_return_1d,-0.03680960834026337
264,B,persist,fx_level_z_252,0.006578837055712938
264,B,underwater,kospi_return_1d,-0.00022634852211922407
264,B,underwater,fx_level_z_252,-0.02152671106159687
264,alpha,,kospi_return_1d,0.019486134871840477
264,alpha,,fx_level_z_252,0.015695244073867798
265,beta,momentum,,-0.0334990955889225
265,beta,persist,,0.10098418593406677
265,beta,underwater,,0.008960793726146221
265,B,momentum,kospi_return_1d,-0.008793962188065052
265,B,momentum,fx_level_z_252,0.0006148326210677624
265,B,persist,kospi_return_1d,-0.036750517785549164
265,B,persist,fx_level_z_252,0.006648218724876642
265,B,underwater,kospi_return_1d,0.00022948805417399853
265,B,underwater,fx_level_z_252,-0.021645840257406235
265,alpha,,kospi_return_1d,0.019666649401187897
265,alpha,,fx_level_z_252,0.015566780231893063
266,beta,momentum,,-0.03325856477022171
266,beta,persist,,0.10092116892337799
266,beta,underwater,,0.008922753855586052
266,B,momentum,kospi_return_1d,-0.008666016161441803
266,B,momentum,fx_level_z_252,0.0004007040406577289
266,B,persist,kospi_return_1d,-0.036536745727062225
266,B,persist,fx_level_z_252,0.006623488385230303
266,B,underwater,kospi_return_1d,0.0003547360538505018
266,B,underwater,fx_level_z_252,-0.021547794342041016
266,alpha,,kospi_return_1d,0.019798554480075836
266,alpha,,fx_level_z_252,0.015439854003489017
267,beta,momentum,,-0.03299770876765251
267,beta,persist,,0.10092859715223312
267,beta,underwater,,0.009040385484695435
267,B,momentum,kospi_return_1d,-0.008556662127375603
267,B,momentum,fx_level_z_252,0.0002689734392333776
267,B,persist,kospi_return_1d,-0.036344561725854874
267,B,persist,fx_level_z_252,0.006353197619318962
267,B,underwater,kospi_return_1d,0.0003828092885669321
267,B,underwater,fx_level_z_252,-0.021632572636008263
267,alpha,,kospi_return_1d,0.019717464223504066
267,alpha,,fx_level_z_252,0.015427353791892529
268,beta,momentum,,-0.03280263766646385
268,beta,persist,,0.10087235271930695
268,beta,underwater,,0.009056794457137585
268,B,momentum,kospi_return_1d,-0.008506000973284245
268,B,momentum,fx_level_z_252,0.00027762638637796044
268,B,persist,kospi_return_1d,-0.03620297834277153
268,B,persist,fx_level_z_252,0.006185605190694332
268,B,underwater,kospi_return_1d,0.00027861021226271987
268,B,underwater,fx_level_z_252,-0.02172117307782173
268,alpha,,kospi_return_1d,0.019702136516571045
268,alpha,,fx_level_z_252,0.015339123085141182
269,beta,momentum,,-0.032618198543787
269,beta,persist,,0.1007799580693245
269,beta,underwater,,0.008914848789572716
269,B,momentum,kospi_return_1d,-0.008485090918838978
269,B,momentum,fx_level_z_252,0.00019402617181185633
269,B,persist,kospi_return_1d,-0.03622274845838547
269,B,persist,fx_level_z_252,0.006188378669321537
269,B,underwater,kospi_return_1d,3.657279012259096e-05
269,B,underwater,fx_level_z_252,-0.021828269585967064
269,alpha,,kospi_return_1d,0.019710535183548927
269,alpha,,fx_level_z_252,0.015168137848377228
270,beta,momentum,,-0.03243712708353996
270,beta,persist,,0.10062874853610992
270,beta,underwater,,0.008815889246761799
270,B,momentum,kospi_return_1d,-0.008516342379152775
270,B,momentum,fx_level_z_252,0.00011345715029165149
270,B,persist,kospi_return_1d,-0.03622600808739662
270,B,persist,fx_level_z_252,0.006339133717119694
270,B,underwater,kospi_return_1d,-0.0001805285137379542
270,B,underwater,fx_level_z_252,-0.02198280580341816
270,alpha,,kospi_return_1d,0.019687147811055183
270,alpha,,fx_level_z_252,0.015304740518331528
271,beta,momentum,,-0.032513465732336044
271,beta,persist,,0.100510373711586
271,beta,underwater,,0.008808665908873081
271,B,momentum,kospi_return_1d,-0.008589322678744793
271,B,momentum,fx_level_z_252,-9.837438483373262e-06
271,B,persist,kospi_return_1d,-0.03624001517891884
271,B,persist,fx_level_z_252,0.006650351919233799
271,B,underwater,kospi_return_1d,-0.0003750491887331009
271,B,underwater,fx_level_z_252,-0.021900823339819908
271,alpha,,kospi_return_1d,0.019749779254198074
271,alpha,,fx_level_z_252,0.015479566529393196
272,beta,momentum,,-0.0326116569340229
272,beta,persist,,0.10044389218091965
272,beta,underwater,,0.00882669910788536
272,B,momentum,kospi_return_1d,-0.008550690487027168
272,B,momentum,fx_level_z_252,4.952027666149661e-05
272,B,persist,kospi_return_1d,-0.0363231897354126
272,B,persist,fx_level_z_252,0.006902874447405338
272,B,underwater,kospi_return_1d,-0.0004264014132786542
272,B,underwater,fx_level_z_252,-0.02186274342238903
272,alpha,,kospi_return_1d,0.01975315250456333
272,alpha,,fx_level_z_252,0.01568610593676567
273,beta,momentum,,-0.032705385237932205
273,beta,persist,,0.10038251429796219
273,beta,underwater,,0.00884438306093216
273,B,momentum,kospi_return_1d,-0.008656938560307026
273,B,momentum,fx_level_z_252,0.00010037286119768396
273,B,persist,kospi_return_1d,-0.03634268417954445
273,B,persist,fx_level_z_252,0.0070461248978972435
273,B,underwater,kospi_return_1d,-0.0003163950750604272
273,B,underwater,fx_level_z_252,-0.021993856877088547
273,alpha,,kospi_return_1d,0.019960271194577217
273,alpha,,fx_level_z_252,0.015870004892349243
274,beta,momentum,,-0.03283005207777023
274,beta,persist,,0.10038638859987259
274,beta,underwater,,0.008964820764958858
274,B,momentum,kospi_return_1d,-0.008777391165494919
274,B,momentum,fx_level_z_252,0.00018196309974882752
274,B,persist,kospi_return_1d,-0.03626209497451782
274,B,persist,fx_level_z_252,0.007147646509110928
274,B,underwater,kospi_return_1d,-0.00011778697080444545
274,B,underwater,fx_level_z_252,-0.0222218818962574
274,alpha,,kospi_return_1d,0.02023516595363617
274,alpha,,fx_level_z_252,0.016029758378863335
275,beta,momentum,,-0.03291582316160202
275,beta,persist,,0.10047704726457596
275,beta,underwater,,0.009192715398967266
275,B,momentum,kospi_return_1d,-0.00908011756837368
275,B,momentum,fx_level_z_252,0.00016270868945866823
275,B,persist,kospi_return_1d,-0.03601991757750511
275,B,persist,fx_level_z_252,0.007146255113184452
275,B,underwater,kospi_return_1d,0.00024077456328086555
275,B,underwater,fx_level_z_252,-0.02238699607551098
275,alpha,,kospi_return_1d,0.020437361672520638
275,alpha,,fx_level_z_252,0.01640254817903042
276,beta,momentum,,-0.033062733709812164
276,beta,persist,,0.10059136152267456
276,beta,underwater,,0.009413940832018852
276,B,momentum,kospi_return_1d,-0.009345779195427895
276,B,momentum,fx_level_z_252,0.0001957688364200294
276,B,persist,kospi_return_1d,-0.03591329604387283
276,B,persist,fx_level_z_252,0.00693848542869091
276,B,underwater,kospi_return_1d,0.0005536313401535153
276,B,underwater,fx_level_z_252,-0.022586237639188766
276,alpha,,kospi_return_1d,0.020568154752254486
276,alpha,,fx_level_z_252,0.01669137552380562
277,beta,momentum,,-0.03327551111578941
277,beta,persist,,0.10085737705230713
277,beta,underwater,,0.009799068793654442
277,B,momentum,kospi_return_1d,-0.009731742553412914
277,B,momentum,fx_level_z_252,9.318921365775168e-05
277,B,persist,kospi_return_1d,-0.03570033982396126
277,B,persist,fx_level_z_252,0.0067015644162893295
277,B,underwater,kospi_return_1d,0.0007776078418828547
277,B,underwater,fx_level_z_252,-0.022637028247117996
277,alpha,,kospi_return_1d,0.020583806559443474
277,alpha,,fx_level_z_252,0.017054475843906403
278,beta,momentum,,-0.03358961641788483
278,beta,persist,,0.10119517892599106
278,beta,underwater,,0.010308274067938328
278,B,momentum,kospi_return_1d,-0.010017010383307934
278,B,momentum,fx_level_z_252,-0.00024846376618370414
278,B,persist,kospi_return_1d,-0.03563776984810829
278,B,persist,fx_level_z_252,0.006717314478009939
278,B,underwater,kospi_return_1d,0.0007168993470259011
278,B,underwater,fx_level_z_252,-0.022277623414993286
278,alpha,,kospi_return_1d,0.020530009642243385
278,alpha,,fx_level_z_252,0.01746048964560032
279,beta,momentum,,-0.03381133824586868
279,beta,persist,,0.10152594745159149
279,beta,underwater,,0.010702263563871384
279,B,momentum,kospi_return_1d,-0.010236920788884163
279,B,momentum,fx_level_z_252,-0.00043776037637144327
279,B,persist,kospi_return_1d,-0.035650789737701416
279,B,persist,fx_level_z_252,0.006570200435817242
279,B,underwater,kospi_return_1d,0.00042701861821115017
279,B,underwater,fx_level_z_252,-0.022012924775481224
279,alpha,,kospi_return_1d,0.020475078374147415
279,alpha,,fx_level_z_252,0.017734667286276817
280,beta,momentum,,-0.03377429023385048
280,beta,persist,,0.10173904150724411
280,beta,underwater,,0.01096153911203146
280,B,momentum,kospi_return_1d,-0.010200162418186665
280,B,momentum,fx_level_z_252,-0.0005613742396235466
280,B,persist,kospi_return_1d,-0.03578946739435196
280,B,persist,fx_level_z_252,0.006664427928626537
280,B,underwater,kospi_return_1d,0.00010865858348552138
280,B,underwater,fx_level_z_252,-0.02180176042020321
280,alpha,,kospi_return_1d,0.020435553044080734
280,alpha,,fx_level_z_252,0.017849266529083252
281,beta,momentum,,-0.03355365991592407
281,beta,persist,,0.10192833095788956
281,beta,underwater,,0.011073959060013294
281,B,momentum,kospi_return_1d,-0.01003972440958023
281,B,momentum,fx_level_z_252,-0.0005752312135882676
281,B,persist,kospi_return_1d,-0.035956867039203644
281,B,persist,fx_level_z_252,0.006792107131332159
281,B,underwater,kospi_return_1d,-0.0001783830375643447
281,B,underwater,fx_level_z_252,-0.021686164662241936
281,alpha,,kospi_return_1d,0.02026386372745037
281,alpha,,fx_level_z_252,0.01787874475121498
282,beta,momentum,,-0.03324716165661812
282,beta,persist,,0.102093406021595
282,beta,underwater,,0.010978124104440212
282,B,momentum,kospi_return_1d,-0.010033919475972652
282,B,momentum,fx_level_z_252,-0.0003580845659598708
282,B,persist,kospi_return_1d,-0.035948168486356735
282,B,persist,fx_level_z_252,0.006828349083662033
282,B,underwater,kospi_return_1d,-0.00010932904115179554
282,B,underwater,fx_level_z_252,-0.021798664703965187
282,alpha,,kospi_return_1d,0.02005932293832302
282,alpha,,fx_level_z_252,0.017888225615024567
283,beta,momentum,,-0.03301559388637543
283,beta,persist,,0.10230965912342072
283,beta,underwater,,0.010944431647658348
283,B,momentum,kospi_return_1d,-0.010149594396352768
283,B,momentum,fx_level_z_252,-8.824940596241504e-05
283,B,persist,kospi_return_1d,-0.03605755418539047
283,B,persist,fx_level_z_252,0.006875158287584782
283,B,underwater,kospi_return_1d,-6.227181438589469e-05
283,B,underwater,fx_level_z_252,-0.021870046854019165
283,alpha,,kospi_return_1d,0.0197895597666502
283,alpha,,fx_level_z_252,0.01793784648180008
284,beta,momentum,,-0.03263048827648163
284,beta,persist,,0.10242565721273422
284,beta,underwater,,0.010856258682906628
284,B,momentum,kospi_return_1d,-0.010182392783463001
284,B,momentum,fx_level_z_252,0.0001666104217292741
284,B,persist,kospi_return_1d,-0.03605016693472862
284,B,persist,fx_level_z_252,0.00688177952542901
284,B,underwater,kospi_return_1d,-1.7254904378205538e-05
284,B,underwater,fx_level_z_252,-0.022011330351233482
284,alpha,,kospi_return_1d,0.019519593566656113
284,alpha,,fx_level_z_252,0.017826346680521965
285,beta,momentum,,-0.03223197162151337
285,beta,persist,,0.10237046331167221
285,beta,underwater,,0.010756969451904297
285,B,momentum,kospi_return_1d,-0.010119404643774033
285,B,momentum,fx_level_z_252,0.00037114921724423766
285,B,persist,kospi_return_1d,-0.035955846309661865
285,B,persist,fx_level_z_252,0.0069355531595647335
285,B,underwater,kospi_return_1d,-3.0483312002616003e-05
285,B,underwater,fx_level_z_252,-0.02219989150762558
285,alpha,,kospi_return_1d,0.019515257328748703
285,alpha,,fx_level_z_252,0.017723236232995987
286,beta,momentum,,-0.031891725957393646
286,beta,persist,,0.10230924934148788
286,beta,underwater,,0.010585633106529713
286,B,momentum,kospi_return_1d,-0.010181941092014313
286,B,momentum,fx_level_z_252,0.00046577880857512355
286,B,persist,kospi_return_1d,-0.035875726491212845
286,B,persist,fx_level_z_252,0.0068890489637851715
286,B,underwater,kospi_return_1d,5.532102659344673e-05
286,B,underwater,fx_level_z_252,-0.022359058260917664
286,alpha,,kospi_return_1d,0.019567057490348816
286,alpha,,fx_level_z_252,0.017540106549859047
287,beta,momentum,,-0.03152079880237579
287,beta,persist,,0.10230480134487152
287,beta,underwater,,0.010361535474658012
287,B,momentum,kospi_return_1d,-0.010173042304813862
287,B,momentum,fx_level_z_252,0.0006779819959774613
287,B,persist,kospi_return_1d,-0.035853225737810135
287,B,persist,fx_level_z_252,0.006656738929450512
287,B,underwater,kospi_return_1d,8.889802847988904e-05
287,B,underwater,fx_level_z_252,-0.02270182967185974
287,alpha,,kospi_return_1d,0.019643399864435196
287,alpha,,fx_level_z_252,0.017422916367650032
288,beta,momentum,,-0.03133122995495796
288,beta,persist,,0.10240404307842255
288,beta,underwater,,0.010224915109574795
288,B,momentum,kospi_return_1d,-0.01012983825057745
288,B,momentum,fx_level_z_252,0.0008427866268903017
288,B,persist,kospi_return_1d,-0.035957399755716324
288,B,persist,fx_level_z_252,0.006354334764182568
288,B,underwater,kospi_return_1d,-0.00024896583636291325
288,B,underwater,fx_level_z_252,-0.022922148928046227
288,alpha,,kospi_return_1d,0.019632352516055107
288,alpha,,fx_level_z_252,0.01742934063076973
289,beta,momentum,,-0.03106888383626938
289,beta,persist,,0.10246323049068451
289,beta,underwater,,0.010171223431825638
289,B,momentum,kospi_return_1d,-0.00990687683224678
289,B,momentum,fx_level_z_252,0.0006515697459690273
289,B,persist,kospi_return_1d,-0.0359419509768486
289,B,persist,fx_level_z_252,0.006163306999951601
289,B,underwater,kospi_return_1d,-0.0006782878772355616
289,B,underwater,fx_level_z_252,-0.022830773144960403
289,alpha,,kospi_return_1d,0.01967521570622921
289,alpha,,fx_level_z_252,0.0174344964325428
290,beta,momentum,,-0.030777081847190857
290,beta,persist,,0.10256192088127136
290,beta,underwater,,0.010183997452259064
290,B,momentum,kospi_return_1d,-0.009792855009436607
290,B,momentum,fx_level_z_252,0.0002632677205838263
290,B,persist,kospi_return_1d,-0.03564939275383949
290,B,persist,fx_level_z_252,0.005986712872982025
290,B,underwater,kospi_return_1d,-0.0009358602692373097
290,B,underwater,fx_level_z_252,-0.022727567702531815
290,alpha,,kospi_return_1d,0.0196192916482687
290,alpha,,fx_level_z_252,0.017577944323420525
291,beta,momentum,,-0.030607817694544792
291,beta,persist,,0.10270527005195618
291,beta,underwater,,0.010268516838550568
291,B,momentum,kospi_return_1d,-0.009650599211454391
291,B,momentum,fx_level_z_252,-0.00012640068598557264
291,B,persist,kospi_return_1d,-0.03528926149010658
291,B,persist,fx_level_z_252,0.0057183802127838135
291,B,underwater,kospi_return_1d,-0.001013253815472126
291,B,underwater,fx_level_z_252,-0.022490119561553
291,alpha,,kospi_return_1d,0.01949155330657959
291,alpha,,fx_level_z_252,0.01746463030576706
292,beta,momentum,,-0.03040294349193573
292,beta,persist,,0.10279682278633118
292,beta,underwater,,0.010241766460239887
292,B,momentum,kospi_return_1d,-0.009471815079450607
292,B,momentum,fx_level_z_252,-0.0005898028612136841
292,B,persist,kospi_return_1d,-0.034919291734695435
292,B,persist,fx_level_z_252,0.005471379030495882
292,B,underwater,kospi_return_1d,-0.0010908377589657903
292,B,underwater,fx_level_z_252,-0.022226009517908096
292,alpha,,kospi_return_1d,0.019490549340844154
292,alpha,,fx_level_z_252,0.017063114792108536
293,beta,momentum,,-0.03023405186831951
293,beta,persist,,0.10280553996562958
293,beta,underwater,,0.010218920186161995
293,B,momentum,kospi_return_1d,-0.009372207336127758
293,B,momentum,fx_level_z_252,-0.0007569916197098792
293,B,persist,kospi_return_1d,-0.03477280214428902
293,B,persist,fx_level_z_252,0.005237107165157795
293,B,underwater,kospi_return_1d,-0.001155196106992662
293,B,underwater,fx_level_z_252,-0.022116821259260178
293,alpha,,kospi_return_1d,0.019351128488779068
293,alpha,,fx_level_z_252,0.016633814200758934
294,beta,momentum,,-0.030201006680727005
294,beta,persist,,0.10278400033712387
294,beta,underwater,,0.010233836248517036
294,B,momentum,kospi_return_1d,-0.009467888623476028
294,B,momentum,fx_level_z_252,-0.0006900178268551826
294,B,persist,kospi_return_1d,-0.034675125032663345
294,B,persist,fx_level_z_252,0.004962213337421417
294,B,underwater,kospi_return_1d,-0.0010549735743552446
294,B,underwater,fx_level_z_252,-0.022293366491794586
294,alpha,,kospi_return_1d,0.01925083063542843
294,alpha,,fx_level_z_252,0.016424790024757385
295,beta,momentum,,-0.030103184282779694
295,beta,persist,,0.10271326452493668
295,beta,underwater,,0.010099311359226704
295,B,momentum,kospi_return_1d,-0.009502972476184368
295,B,momentum,fx_level_z_252,-0.0006069804658181965
295,B,persist,kospi_return_1d,-0.034737128764390945
295,B,persist,fx_level_z_252,0.004856950603425503
295,B,underwater,kospi_return_1d,-0.0009341387776657939
295,B,underwater,fx_level_z_252,-0.022375738248229027
295,alpha,,kospi_return_1d,0.01927909255027771
295,alpha,,fx_level_z_252,0.01615781895816326
296,beta,momentum,,-0.030105799436569214
296,beta,persist,,0.1026197299361229
296,beta,underwater,,0.00995680969208479
296,B,momentum,kospi_return_1d,-0.00935778021812439
296,B,momentum,fx_level_z_252,-0.0005288217798806727
296,B,persist,kospi_return_1d,-0.034953124821186066
296,B,persist,fx_level_z_252,0.004902771674096584
296,B,underwater,kospi_return_1d,-0.0007579589728266001
296,B,underwater,fx_level_z_252,-0.022291580215096474
296,alpha,,kospi_return_1d,0.01917865127325058
296,alpha,,fx_level_z_252,0.01574048027396202
297,beta,momentum,,-0.030223703011870384
297,beta,persist,,0.10256396234035492
297,beta,underwater,,0.009924010373651981
297,B,momentum,kospi_return_1d,-0.00916482973843813
297,B,momentum,fx_level_z_252,-0.0005408466677181423
297,B,persist,kospi_return_1d,-0.035057902336120605
297,B,persist,fx_level_z_252,0.005115896929055452
297,B,underwater,kospi_return_1d,-0.00045681220944970846
297,B,underwater,fx_level_z_252,-0.02208433859050274
297,alpha,,kospi_return_1d,0.018913982436060905
297,alpha,,fx_level_z_252,0.01546340249478817
298,beta,momentum,,-0.030378086492419243
298,beta,persist,,0.10242904722690582
298,beta,underwater,,0.009835060685873032
298,B,momentum,kospi_return_1d,-0.008899185806512833
298,B,momentum,fx_level_z_252,-0.00046595733147114515
298,B,persist,kospi_return_1d,-0.03511526435613632
298,B,persist,fx_level_z_252,0.0053206272423267365
298,B,underwater,kospi_return_1d,-0.00013517703337129205
298,B,underwater,fx_level_z_252,-0.021869445219635963
298,alpha,,kospi_return_1d,0.018716853111982346
298,alpha,,fx_level_z_252,0.014971988275647163
299,beta,momentum,,-0.030482208356261253
299,beta,persist,,0.1022527813911438
299,beta,underwater,,0.009736009873449802
299,B,momentum,kospi_return_1d,-0.008706084452569485
299,B,momentum,fx_level_z_252,-0.0002958639233838767
299,B,persist,kospi_return_1d,-0.0351492278277874
299,B,persist,fx_level_z_252,0.005510063376277685
299,B,underwater,kospi_return_1d,0.00015067995991557837
299,B,underwater,fx_level_z_252,-0.02166137285530567
299,alpha,,kospi_return_1d,0.01862514577805996
299,alpha,,fx_level_z_252,0.014451088383793831
300,beta,momentum,,-0.030591174960136414
300,beta,persist,,0.10220234096050262
300,beta,underwater,,0.009651631116867065
300,B,momentum,kospi_return_1d,-0.008678329177200794
300,B,momentum,fx_level_z_252,-0.00012644383241422474
300,B,persist,kospi_return_1d,-0.03516677767038345
300,B,persist,fx_level_z_252,0.005563925486057997
300,B,underwater,kospi_return_1d,0.0003926843637600541
300,B,underwater,fx_level_z_252,-0.02141675353050232
300,alpha,,kospi_return_1d,0.018468312919139862
300,alpha,,fx_level_z_252,0.014143478125333786
