investor,context,feature,context_z,mean,p10,p90
foreign,fx_level_z_252,herd,-2.0,-0.04766667095326629,-0.06570305749773955,-0.03161070346832278
foreign,fx_level_z_252,herd,-1.95,-0.047479660810313275,-0.06493406930007019,-0.03169874811545017
foreign,fx_level_z_252,herd,-1.9,-0.04729265066736026,-0.06416588911786654,-0.03178679276257756
foreign,fx_level_z_252,herd,-1.85,-0.04710564052440725,-0.0633977089356629,-0.03187483740970495
foreign,fx_level_z_252,herd,-1.8,-0.04691863038145424,-0.06262952875345926,-0.03196288205683233
foreign,fx_level_z_252,herd,-1.75,-0.04673162023850123,-0.06186134857125561,-0.032050926703959724
foreign,fx_level_z_252,herd,-1.7,-0.04654461009554822,-0.06109316838905197,-0.03213897135108711
foreign,fx_level_z_252,herd,-1.65,-0.04635759995259521,-0.06032498820684832,-0.0322270159982145
foreign,fx_level_z_252,herd,-1.6,-0.0461705898096422,-0.05955680802464467,-0.03231506064534189
foreign,fx_level_z_252,herd,-1.55,-0.04598357966668919,-0.05878862784244102,-0.03240310529246928
foreign,fx_level_z_252,herd,-1.5,-0.045796569523736175,-0.05802044766023738,-0.03249114993959667
foreign,fx_level_z_252,herd,-1.45,-0.04560955938078316,-0.05724369393661603,-0.03257919458672406
foreign,fx_level_z_252,herd,-1.4,-0.04542254923783015,-0.056401028558611725,-0.032667239233851446
foreign,fx_level_z_252,herd,-1.35,-0.04523553909487714,-0.055558363180607424,-0.032755283880978835
foreign,fx_level_z_252,herd,-1.2999999999999998,-0.04504852895192413,-0.054721973128616645,-0.03284332852810622
foreign,fx_level_z_252,herd,-1.25,-0.044861518808971115,-0.053899002168327416,-0.03293137317523361
foreign,fx_level_z_252,herd,-1.2,-0.0446745086660181,-0.05309832833707314,-0.033019417822361
foreign,fx_level_z_252,herd,-1.15,-0.0444874985230651,-0.052615310982800846,-0.03310746246948839
foreign,fx_level_z_252,herd,-1.1,-0.04430048838011208,-0.052078283810987974,-0.033163938508368976
foreign,fx_level_z_252,herd,-1.0499999999999998,-0.04411347823715907,-0.05185181224253016,-0.03313227955950419
foreign,fx_level_z_252,herd,-1.0,-0.04392646809420606,-0.05163088878616678,-0.033096605725586356
foreign,fx_level_z_252,herd,-0.95,-0.04373945795125305,-0.0514099653298034,-0.03294106128392729
foreign,fx_level_z_252,herd,-0.8999999999999999,-0.04355244780830004,-0.051189041873440026,-0.03261828242801117
foreign,fx_level_z_252,herd,-0.8499999999999999,-0.04336543766534703,-0.05077333409339176,-0.03222442004363971
foreign,fx_level_z_252,herd,-0.7999999999999998,-0.043178427522394015,-0.05049767091870293,-0.0322737897932529
foreign,fx_level_z_252,herd,-0.75,-0.042991417379441,-0.050247757695615146,-0.03233053412986914
foreign,fx_level_z_252,herd,-0.7,-0.04280440723648799,-0.049997844472527364,-0.03233064291533077
foreign,fx_level_z_252,herd,-0.6499999999999999,-0.04261739709353498,-0.04974793124943958,-0.03233075170079241
foreign,fx_level_z_252,herd,-0.5999999999999999,-0.04243038695058197,-0.049498018026351794,-0.03233086048625404
foreign,fx_level_z_252,herd,-0.5499999999999998,-0.042243376807628956,-0.04924810480326401,-0.03233096927171567
foreign,fx_level_z_252,herd,-0.5,-0.042056366664675944,-0.04899819158017623,-0.032366103096865086
foreign,fx_level_z_252,herd,-0.44999999999999996,-0.04186935652172294,-0.04874827835708845,-0.03252687051659447
foreign,fx_level_z_252,herd,-0.3999999999999999,-0.04168234637876993,-0.048498365134000666,-0.032849475666880575
foreign,fx_level_z_252,herd,-0.34999999999999987,-0.041495336235816915,-0.04824845191091288,-0.03320024205371733
foreign,fx_level_z_252,herd,-0.2999999999999998,-0.0413083260928639,-0.047998538687825096,-0.033397054187953426
foreign,fx_level_z_252,herd,-0.25,-0.04112131594991089,-0.047748625464737314,-0.03345915414392943
foreign,fx_level_z_252,herd,-0.19999999999999996,-0.04093430580695788,-0.04749871224164953,-0.03347609717398877
foreign,fx_level_z_252,herd,-0.1499999999999999,-0.04074729566400487,-0.04724879901856175,-0.033468699215445624
foreign,fx_level_z_252,herd,-0.09999999999999987,-0.040560285521051856,-0.047089380100369366,-0.0332054966082796
foreign,fx_level_z_252,herd,-0.04999999999999982,-0.040373275378098844,-0.04703437950462094,-0.032781051918864205
foreign,fx_level_z_252,herd,0.0,-0.04018626523514583,-0.04706958308815948,-0.0320333063602447
foreign,fx_level_z_252,herd,0.050000000000000266,-0.03999925509219282,-0.046991496202535836,-0.031562343137338696
foreign,fx_level_z_252,herd,0.10000000000000009,-0.03981224494923981,-0.04679200926795595,-0.030866363290697255
foreign,fx_level_z_252,herd,0.1499999999999999,-0.0396252348062868,-0.0464335071481764,-0.030196211312431782
foreign,fx_level_z_252,herd,0.20000000000000018,-0.03943822466333379,-0.046638406310230404,-0.029677320364862612
foreign,fx_level_z_252,herd,0.25,-0.03925121452038078,-0.04648843612521879,-0.02930728346109382
foreign,fx_level_z_252,herd,0.30000000000000027,-0.03906420437742776,-0.046538753286003993,-0.02900634789839383
foreign,fx_level_z_252,herd,0.3500000000000001,-0.03887719423447475,-0.04659188866615285,-0.028277674177661506
foreign,fx_level_z_252,herd,0.40000000000000036,-0.03869018409152174,-0.04684676095843304,-0.027549000456929172
foreign,fx_level_z_252,herd,0.4500000000000002,-0.03850317394856873,-0.04710389373823989,-0.02682032673619685
foreign,fx_level_z_252,herd,0.5,-0.03831616380561572,-0.04736102651804674,-0.02609165301546452
foreign,fx_level_z_252,herd,0.5500000000000003,-0.03812915366266271,-0.04761815929785359,-0.025359729211777433
foreign,fx_level_z_252,herd,0.6000000000000001,-0.037942143519709697,-0.04787529207766044,-0.024621453508734698
foreign,fx_level_z_252,herd,0.6500000000000004,-0.037755133376756685,-0.04813242485746729,-0.023838437609374513
foreign,fx_level_z_252,herd,0.7000000000000002,-0.03756812323380368,-0.04838955763727414,-0.022999203167855718
foreign,fx_level_z_252,herd,0.75,-0.03738111309085067,-0.048646690417080994,-0.022159884776920064
foreign,fx_level_z_252,herd,0.8000000000000003,-0.03719410294789765,-0.048903823196887845,-0.021320566385984403
foreign,fx_level_z_252,herd,0.8500000000000001,-0.03700709280494464,-0.04916095597669469,-0.02048124799504875
foreign,fx_level_z_252,herd,0.9000000000000004,-0.036820082661991625,-0.04941808875650154,-0.01964192960411309
foreign,fx_level_z_252,herd,0.9500000000000002,-0.03663307251903861,-0.04967522153630839,-0.018802611213177434
foreign,fx_level_z_252,herd,1.0,-0.03644606237608561,-0.049932354316115236,-0.01800552029162644
foreign,fx_level_z_252,herd,1.0500000000000003,-0.036259052233132597,-0.05018948709592209,-0.01726472795940934
foreign,fx_level_z_252,herd,1.1,-0.036072042090179585,-0.05044661987572894,-0.016523935627192246
foreign,fx_level_z_252,herd,1.1500000000000004,-0.03588503194722657,-0.05070375265553579,-0.015783143294975148
foreign,fx_level_z_252,herd,1.2000000000000002,-0.03569802180427356,-0.05096736598759876,-0.015042350962758055
foreign,fx_level_z_252,herd,1.25,-0.03551101166132055,-0.05123609590809779,-0.014301558630540964
foreign,fx_level_z_252,herd,1.3000000000000003,-0.03532400151836754,-0.05150482582859681,-0.013559654001146533
foreign,fx_level_z_252,herd,1.35,-0.035136991375414525,-0.05177355574909583,-0.012808420686051234
foreign,fx_level_z_252,herd,1.4000000000000004,-0.03494998123246151,-0.05204228566959486,-0.012057187370955928
foreign,fx_level_z_252,herd,1.4500000000000002,-0.0347629710895085,-0.052311015590093886,-0.011305954055860627
foreign,fx_level_z_252,herd,1.5,-0.03457596094655549,-0.052579745510592905,-0.010554720740765326
foreign,fx_level_z_252,herd,1.5500000000000003,-0.03438895080360248,-0.05284847543109193,-0.00980348742567002
foreign,fx_level_z_252,herd,1.6,-0.03420194066064947,-0.05311720535159096,-0.009052254110574719
foreign,fx_level_z_252,herd,1.6500000000000004,-0.03401493051769646,-0.053385935272089985,-0.008301020795479412
foreign,fx_level_z_252,herd,1.7000000000000002,-0.03382792037474345,-0.053701463295146655,-0.007549787480384112
foreign,fx_level_z_252,herd,1.75,-0.03364091023179044,-0.05407703847158683,-0.006798554165288812
foreign,fx_level_z_252,herd,1.8000000000000003,-0.033453900088837425,-0.05445261364802702,-0.006047320850193506
foreign,fx_level_z_252,herd,1.85,-0.03326688994588441,-0.05485461237840335,-0.005296087535098204
foreign,fx_level_z_252,herd,1.9000000000000004,-0.0330798798029314,-0.055272013042121926,-0.004544854220002896
foreign,fx_level_z_252,herd,1.9500000000000002,-0.03289286965997839,-0.05564488970674558,-0.003793620904907597
foreign,fx_level_z_252,herd,2.0,-0.03270585951702538,-0.05589374192059024,-0.003034292906522798
foreign,fx_level_z_252,momentum,-2.0,0.05564819777694834,0.032646992569789424,0.07321579083800306
foreign,fx_level_z_252,momentum,-1.95,0.05549586374403178,0.03274963082396438,0.07273103263229122
foreign,fx_level_z_252,momentum,-1.9,0.055343529711115204,0.03285226907813934,0.07224627442657938
foreign,fx_level_z_252,momentum,-1.85,0.055191195678198635,0.03295490733231429,0.07176151622086754
foreign,fx_level_z_252,momentum,-1.8,0.05503886164528207,0.033057545586489254,0.07127675801515569
foreign,fx_level_z_252,momentum,-1.75,0.0548865276123655,0.03316018384066421,0.07079199980944385
foreign,fx_level_z_252,momentum,-1.7,0.05473419357944894,0.03326282209483917,0.07030724160373202
foreign,fx_level_z_252,momentum,-1.65,0.05458185954653238,0.03336546034901412,0.06982248339802018
foreign,fx_level_z_252,momentum,-1.6,0.05442952551361581,0.033468098603189084,0.06935209974646558
foreign,fx_level_z_252,momentum,-1.55,0.05427719148069923,0.03357073685736404,0.0690290520945563
foreign,fx_level_z_252,momentum,-1.5,0.05412485744778267,0.033673375111539,0.06874826368875793
foreign,fx_level_z_252,momentum,-1.45,0.0539725234148661,0.03377601336571395,0.06846747528295954
foreign,fx_level_z_252,momentum,-1.4,0.05382018938194954,0.033878651619888914,0.06818668687716119
foreign,fx_level_z_252,momentum,-1.35,0.05366785534903297,0.033981289874063875,0.06790589847136282
foreign,fx_level_z_252,momentum,-1.2999999999999998,0.05351552131611641,0.03408392812823883,0.06762511006556443
foreign,fx_level_z_252,momentum,-1.25,0.053363187283199845,0.03418656638241379,0.06734432165976607
foreign,fx_level_z_252,momentum,-1.2,0.053210853250283276,0.034289204636588744,0.06706353325396769
foreign,fx_level_z_252,momentum,-1.15,0.0530585192173667,0.034391842890763705,0.06678274484816933
foreign,fx_level_z_252,momentum,-1.1,0.05290618518445014,0.034494481144938666,0.06650195644237095
foreign,fx_level_z_252,momentum,-1.0499999999999998,0.05275385115153357,0.03459711939911362,0.06622116803657258
foreign,fx_level_z_252,momentum,-1.0,0.052601517118617006,0.034699757653288574,0.0659403796307742
foreign,fx_level_z_252,momentum,-0.95,0.05244918308570044,0.034802395907463535,0.06565959122497583
foreign,fx_level_z_252,momentum,-0.8999999999999999,0.052296849052783874,0.03490503416163849,0.06537880281917745
foreign,fx_level_z_252,momentum,-0.8499999999999999,0.05214451501986731,0.03500767241581345,0.06509801441337909
foreign,fx_level_z_252,momentum,-0.7999999999999998,0.05199218098695074,0.03511031066998841,0.0648172260075807
foreign,fx_level_z_252,momentum,-0.75,0.051839846954034166,0.035212948924163365,0.06452140053734179
foreign,fx_level_z_252,momentum,-0.7,0.051687512921117604,0.035298802731558644,0.0640974340960383
foreign,fx_level_z_252,momentum,-0.6499999999999999,0.051535178888201034,0.0353801630064845,0.06367346765473482
foreign,fx_level_z_252,momentum,-0.5999999999999999,0.05138284485528447,0.03551008065463976,0.06324950121343131
foreign,fx_level_z_252,momentum,-0.5499999999999998,0.05123051082236791,0.035593083880958144,0.06282553477212784
foreign,fx_level_z_252,momentum,-0.5,0.05107817678945134,0.03567608710727654,0.06240156833082434
foreign,fx_level_z_252,momentum,-0.44999999999999996,0.05092584275653478,0.03575909033359493,0.06197760188952085
foreign,fx_level_z_252,momentum,-0.3999999999999999,0.05077350872361821,0.03584209355991332,0.06155363544821736
foreign,fx_level_z_252,momentum,-0.34999999999999987,0.05062117469070163,0.035925096786231715,0.06112966900691387
foreign,fx_level_z_252,momentum,-0.2999999999999998,0.05046884065778507,0.03600810001255011,0.06070570256561038
foreign,fx_level_z_252,momentum,-0.25,0.0503165066248685,0.036091103238868494,0.060281736124306894
foreign,fx_level_z_252,momentum,-0.19999999999999996,0.05016417259195194,0.036166328785475314,0.0598577696830034
foreign,fx_level_z_252,momentum,-0.1499999999999999,0.050011838559035376,0.03610586866561786,0.05943380324169991
foreign,fx_level_z_252,momentum,-0.09999999999999987,0.04985950452611881,0.0360454085457604,0.05900983680039642
foreign,fx_level_z_252,momentum,-0.04999999999999982,0.049707170493202245,0.03598494842590295,0.05858587035909293
foreign,fx_level_z_252,momentum,0.0,0.049554836460285676,0.0358800761401653,0.05816190391778944
foreign,fx_level_z_252,momentum,0.050000000000000266,0.0494025024273691,0.03576751937507649,0.057737937476485944
foreign,fx_level_z_252,momentum,0.10000000000000009,0.04925016839445254,0.03573979540495199,0.057369032967835625
foreign,fx_level_z_252,momentum,0.1499999999999999,0.04909783436153597,0.03609804516774599,0.05720716486684974
foreign,fx_level_z_252,momentum,0.20000000000000018,0.048945500328619405,0.03636694506043564,0.057034454606473405
foreign,fx_level_z_252,momentum,0.25,0.04879316629570284,0.03662035595916673,0.05654815617017444
foreign,fx_level_z_252,momentum,0.30000000000000027,0.048640832262786274,0.03687376685789782,0.05612964459694915
foreign,fx_level_z_252,momentum,0.3500000000000001,0.04848849822986971,0.03708714195468921,0.05603000711882478
foreign,fx_level_z_252,momentum,0.40000000000000036,0.048336164196953135,0.03717014518100759,0.05557828672230237
foreign,fx_level_z_252,momentum,0.4500000000000002,0.048183830164036566,0.037253148407325985,0.05558881128206841
foreign,fx_level_z_252,momentum,0.5,0.048031496131120004,0.03733615163364438,0.055615466274321
foreign,fx_level_z_252,momentum,0.5500000000000003,0.047879162098203434,0.03741915485996277,0.055642121266573585
foreign,fx_level_z_252,momentum,0.6000000000000001,0.04772682806528687,0.037502158086281163,0.05566877625882617
foreign,fx_level_z_252,momentum,0.6500000000000004,0.04757449403237031,0.037585161312599556,0.05569543125107875
foreign,fx_level_z_252,momentum,0.7000000000000002,0.04742215999945374,0.03766816453891795,0.055765768727287564
foreign,fx_level_z_252,momentum,0.75,0.04726982596653718,0.03760419181489845,0.05562497116625303
foreign,fx_level_z_252,momentum,0.8000000000000003,0.0471174919336206,0.03740669609047466,0.055463903397321636
foreign,fx_level_z_252,momentum,0.8500000000000001,0.04696515790070403,0.03720920036605087,0.05530283562839025
foreign,fx_level_z_252,momentum,0.9000000000000004,0.04681282386778747,0.03701170464162708,0.05524560126941645
foreign,fx_level_z_252,momentum,0.9500000000000002,0.04666048983487091,0.03679919193615201,0.05518931775586673
foreign,fx_level_z_252,momentum,1.0,0.04650815580195434,0.0364810817642137,0.05522297958377742
foreign,fx_level_z_252,momentum,1.0500000000000003,0.046355821769037776,0.03615071994252504,0.055318737408379025
foreign,fx_level_z_252,momentum,1.1,0.04620348773612121,0.035657509919255995,0.05541449523298063
foreign,fx_level_z_252,momentum,1.1500000000000004,0.046051153703204645,0.035164299895986934,0.05551025305758223
foreign,fx_level_z_252,momentum,1.2000000000000002,0.04589881967028807,0.03473313182592383,0.05560601088218384
foreign,fx_level_z_252,momentum,1.25,0.0457464856373715,0.03470846186392,0.05570176870678544
foreign,fx_level_z_252,momentum,1.3000000000000003,0.04559415160445494,0.034683791901916165,0.055709664642345155
foreign,fx_level_z_252,momentum,1.35,0.045441817571538375,0.03429044378921392,0.05558176812366582
foreign,fx_level_z_252,momentum,1.4000000000000004,0.045289483538621805,0.03377652215305712,0.055453871604986486
foreign,fx_level_z_252,momentum,1.4500000000000002,0.04513714950570524,0.03359281756798733,0.05532597508630715
foreign,fx_level_z_252,momentum,1.5,0.044984815472788674,0.03339105264749376,0.05519807856762781
foreign,fx_level_z_252,momentum,1.5500000000000003,0.04483248143987211,0.03313724410487337,0.05507018204894848
foreign,fx_level_z_252,momentum,1.6,0.044680147406955535,0.032883435562252976,0.05494228553026914
foreign,fx_level_z_252,momentum,1.6500000000000004,0.044527813374038966,0.03248235038481651,0.054814389011589804
foreign,fx_level_z_252,momentum,1.7000000000000002,0.04437547934112241,0.032022171746939415,0.054686492492910466
foreign,fx_level_z_252,momentum,1.75,0.04422314530820584,0.03156199310906231,0.054558963255840316
foreign,fx_level_z_252,momentum,1.8000000000000003,0.04407081127528927,0.0311018144711852,0.05471287058200676
foreign,fx_level_z_252,momentum,1.85,0.04391847724237271,0.030641635833308097,0.05505741390283208
foreign,fx_level_z_252,momentum,1.9000000000000004,0.04376614320945614,0.030170785635709744,0.0554019572236574
foreign,fx_level_z_252,momentum,1.9500000000000002,0.04361380917653957,0.02967752590775488,0.05574650054448273
foreign,fx_level_z_252,momentum,2.0,0.04346147514362301,0.02918426617980002,0.05609104386530804
foreign,fx_level_z_252,underwater,-2.0,0.02436634041174925,2.678632736216114e-05,0.042291436344385064
foreign,fx_level_z_252,underwater,-1.95,0.02399297970929172,0.0002863544505090495,0.04148958603851489
foreign,fx_level_z_252,underwater,-1.9,0.023619619006834198,0.0005459225736559372,0.04068773573264471
foreign,fx_level_z_252,underwater,-1.85,0.023246258304376675,0.0008054906968028246,0.03988588542677454
foreign,fx_level_z_252,underwater,-1.8,0.022872897601919146,0.001065058819949713,0.039084035120904366
foreign,fx_level_z_252,underwater,-1.75,0.022499536899461617,0.0013246269430966008,0.03831397560425095
foreign,fx_level_z_252,underwater,-1.7,0.022126176197004094,0.001584195066243489,0.03757349530234925
foreign,fx_level_z_252,underwater,-1.65,0.02175281549454657,0.0018437631893903769,0.03683301500044755
foreign,fx_level_z_252,underwater,-1.6,0.021379454792089043,0.0021033313125372642,0.036092534698545856
foreign,fx_level_z_252,underwater,-1.55,0.021006094089631517,0.001996459001675328,0.03535205439664416
foreign,fx_level_z_252,underwater,-1.5,0.02063273338717399,0.0017597726080566913,0.03461157409474246
foreign,fx_level_z_252,underwater,-1.45,0.020259372684716465,0.0018832434481009916,0.03387109379284077
foreign,fx_level_z_252,underwater,-1.4,0.01988601198225894,0.0021782359667122412,0.03313061349093907
foreign,fx_level_z_252,underwater,-1.35,0.019512651279801414,0.0024732284853234907,0.03239013318903738
foreign,fx_level_z_252,underwater,-1.2999999999999998,0.019139290577343888,0.002768221003934742,0.03164965288713567
foreign,fx_level_z_252,underwater,-1.25,0.018765929874886362,0.003063213522545991,0.03090917258523398
foreign,fx_level_z_252,underwater,-1.2,0.018392569172428836,0.0033510046266019204,0.030168692283332285
foreign,fx_level_z_252,underwater,-1.15,0.01801920846997131,0.003592591432388856,0.02942821198143059
foreign,fx_level_z_252,underwater,-1.1,0.017645847767513784,0.003745367194060146,0.028687731679528893
foreign,fx_level_z_252,underwater,-1.0499999999999998,0.01727248706505626,0.0038226204353849435,0.027947251377627193
foreign,fx_level_z_252,underwater,-1.0,0.016899126362598733,0.0038998736767097398,0.027206771075725503
foreign,fx_level_z_252,underwater,-0.95,0.016525765660141207,0.003960451027960403,0.026466290773823804
foreign,fx_level_z_252,underwater,-0.8999999999999999,0.01615240495768368,0.004008943199878446,0.02578350631520145
foreign,fx_level_z_252,underwater,-0.8499999999999999,0.015779044255226155,0.004057435371796489,0.025103660533204605
foreign,fx_level_z_252,underwater,-0.7999999999999998,0.01540568355276863,0.004105927543714532,0.024438119307160295
foreign,fx_level_z_252,underwater,-0.75,0.015032322850311104,0.004154419715632575,0.023807540722191257
foreign,fx_level_z_252,underwater,-0.7,0.014658962147853578,0.004184126710751918,0.023176962137222215
foreign,fx_level_z_252,underwater,-0.6499999999999999,0.014285601445396052,0.004066963553777791,0.02257415171712627
foreign,fx_level_z_252,underwater,-0.5999999999999999,0.013912240742938526,0.0039498003968036636,0.022051801756024267
foreign,fx_level_z_252,underwater,-0.5499999999999998,0.013538880040481,0.0038215261034200976,0.02154713759198776
foreign,fx_level_z_252,underwater,-0.5,0.013165519338023476,0.0036502963514066403,0.02104247342795125
foreign,fx_level_z_252,underwater,-0.44999999999999996,0.012792158635565948,0.003598862296203063,0.020537809263914738
foreign,fx_level_z_252,underwater,-0.3999999999999999,0.012418797933108423,0.0035934017226099874,0.020033145099878233
foreign,fx_level_z_252,underwater,-0.34999999999999987,0.012045437230650897,0.003241554116830221,0.019392703212797596
foreign,fx_level_z_252,underwater,-0.2999999999999998,0.011672076528193371,0.002965377343352808,0.018767733350396106
foreign,fx_level_z_252,underwater,-0.25,0.011298715825735847,0.00279414759133935,0.0182374372147023
foreign,fx_level_z_252,underwater,-0.19999999999999996,0.010925355123278321,0.0026229178393258924,0.017754247263073855
foreign,fx_level_z_252,underwater,-0.1499999999999999,0.010551994420820795,0.0024516880873124342,0.017271057311445414
foreign,fx_level_z_252,underwater,-0.09999999999999987,0.01017863371836327,0.002275376347824872,0.016787867359816966
foreign,fx_level_z_252,underwater,-0.04999999999999982,0.009805273015905742,0.0019463743316009059,0.01628303181380027
foreign,fx_level_z_252,underwater,0.0,0.009431912313448218,0.0016173723153769409,0.015758771821856442
foreign,fx_level_z_252,underwater,0.050000000000000266,0.00905855161099069,0.0018615730758755713,0.015276997089385954
foreign,fx_level_z_252,underwater,0.10000000000000009,0.008685190908533166,0.0021724785771220223,0.014870073497295353
foreign,fx_level_z_252,underwater,0.1499999999999999,0.00831183020607564,0.001837407853454304,0.014487287104129741
foreign,fx_level_z_252,underwater,0.20000000000000018,0.007938469503618114,0.0014008744899183026,0.014285327140241832
foreign,fx_level_z_252,underwater,0.25,0.007565108801160589,0.001110879296902515,0.013561860774643686
foreign,fx_level_z_252,underwater,0.30000000000000027,0.007191748098703061,0.0009015302849001417,0.013070892095565763
foreign,fx_level_z_252,underwater,0.3500000000000001,0.006818387396245538,0.0007337022875434895,0.012579917944967716
foreign,fx_level_z_252,underwater,0.40000000000000036,0.006445026693788009,0.00020993995480233629,0.012088943794369669
foreign,fx_level_z_252,underwater,0.4500000000000002,0.006071665991330484,-0.0003669586218894066,0.011611742749810207
foreign,fx_level_z_252,underwater,0.5,0.00569830528887296,-0.0009438571985811498,0.011152606457471842
foreign,fx_level_z_252,underwater,0.5500000000000003,0.0053249445864154326,-0.001539082005620054,0.010693470165133471
foreign,fx_level_z_252,underwater,0.6000000000000001,0.0049515838839579085,-0.002193306656554373,0.01041488977149124
foreign,fx_level_z_252,underwater,0.6500000000000004,0.00457822318150038,-0.002646376388147506,0.010690002320334254
foreign,fx_level_z_252,underwater,0.7000000000000002,0.004204862479042855,-0.003100709086284081,0.011143786525353727
foreign,fx_level_z_252,underwater,0.75,0.0038315017765853314,-0.003600673656910695,0.011137596995104079
foreign,fx_level_z_252,underwater,0.8000000000000003,0.003458141074127804,-0.004102421244606402,0.010997396856546434
foreign,fx_level_z_252,underwater,0.8500000000000001,0.0030847803716702793,-0.004607959212735309,0.01083462757058445
foreign,fx_level_z_252,underwater,0.9000000000000004,0.0027114196692127513,-0.0051555602531880304,0.010671858284622467
foreign,fx_level_z_252,underwater,0.9500000000000002,0.0023380589667552267,-0.005703161293640745,0.010509088998660486
foreign,fx_level_z_252,underwater,1.0,0.001964698264297702,-0.00625076233409346,0.010346319712698502
foreign,fx_level_z_252,underwater,1.0500000000000003,0.0015913375618401744,-0.006811336390674121,0.010183550426736517
foreign,fx_level_z_252,underwater,1.1,0.00121797685938265,-0.007389666717499498,0.010087765948846918
foreign,fx_level_z_252,underwater,1.1500000000000004,0.0008446161569251223,-0.007967997044324878,0.010010130484588427
foreign,fx_level_z_252,underwater,1.2000000000000002,0.00047125545446759795,-0.008546327371150254,0.009932495020329937
foreign,fx_level_z_252,underwater,1.25,9.789475201007338e-05,-0.00912465769797563,0.009883438178803704
foreign,fx_level_z_252,underwater,1.3000000000000003,-0.00027546595044745443,-0.009702988024801013,0.009911049152724276
foreign,fx_level_z_252,underwater,1.35,-0.0006488266529049789,-0.010459517072886221,0.009951988991815507
foreign,fx_level_z_252,underwater,1.4000000000000004,-0.0010221873553625067,-0.011274276077747338,0.009957914706319453
foreign,fx_level_z_252,underwater,1.4500000000000002,-0.001395548057820031,-0.012155755814164873,0.010000368533655882
foreign,fx_level_z_252,underwater,1.5,-0.0017689087602775556,-0.01305799987167119,0.01004282236099231
foreign,fx_level_z_252,underwater,1.5500000000000003,-0.002142269462735084,-0.013960243929177517,0.01008527618832874
foreign,fx_level_z_252,underwater,1.6,-0.0025156301651926075,-0.014862487986683832,0.01012773001566517
foreign,fx_level_z_252,underwater,1.6500000000000004,-0.0028889908676501355,-0.01576473204419016,0.0101701838430016
foreign,fx_level_z_252,underwater,1.7000000000000002,-0.0032623515701076596,-0.016451580356806498,0.010212637670338028
foreign,fx_level_z_252,underwater,1.75,-0.003635712272565184,-0.017137745628133395,0.010255091497674458
foreign,fx_level_z_252,underwater,1.8000000000000003,-0.0040090729750227126,-0.017823910899460296,0.010285652214661111
foreign,fx_level_z_252,underwater,1.85,-0.004382433677480237,-0.01851007617078719,0.010306694837054174
foreign,fx_level_z_252,underwater,1.9000000000000004,-0.004755794379937764,-0.019196241442114088,0.01037441435502836
foreign,fx_level_z_252,underwater,1.9500000000000002,-0.005129155082395289,-0.01999352955259384,0.010442133873002541
foreign,fx_level_z_252,underwater,2.0,-0.0055025157848528124,-0.020792721956968317,0.010509853390976725
foreign,kospi_return_1d,herd,-2.0,-0.043295280546105076,-0.06247438229620448,-0.023651007562875796
foreign,kospi_return_1d,herd,-1.95,-0.043217555163331096,-0.06208775081671766,-0.024223716184496927
foreign,kospi_return_1d,herd,-1.9,-0.04313982978055712,-0.06170111933723084,-0.024796424806118055
foreign,kospi_return_1d,herd,-1.85,-0.04306210439778313,-0.061314487857744016,-0.025369133427739183
foreign,kospi_return_1d,herd,-1.8,-0.04298437901500916,-0.06092785637825719,-0.025941842049360314
foreign,kospi_return_1d,herd,-1.75,-0.04290665363223518,-0.06054122489877037,-0.026514550670981442
foreign,kospi_return_1d,herd,-1.7,-0.04282892824946119,-0.06015459341928355,-0.026989817774156148
foreign,kospi_return_1d,herd,-1.65,-0.04275120286668721,-0.05976796193979673,-0.027290439475036718
foreign,kospi_return_1d,herd,-1.6,-0.04267347748391323,-0.059381330460309904,-0.027538033267483136
foreign,kospi_return_1d,herd,-1.55,-0.04259575210113924,-0.05899469898082308,-0.027785627059929558
foreign,kospi_return_1d,herd,-1.5,-0.042518026718365264,-0.05856771087273945,-0.027872216692776338
foreign,kospi_return_1d,herd,-1.45,-0.042440301335591284,-0.05813077026046803,-0.02811769776046263
foreign,kospi_return_1d,herd,-1.4,-0.042362575952817304,-0.0576938296481966,-0.028396409153938165
foreign,kospi_return_1d,herd,-1.35,-0.042284850570043324,-0.05725688903592518,-0.02851932149846092
foreign,kospi_return_1d,herd,-1.2999999999999998,-0.042207125187269344,-0.05681994842365375,-0.02863073407672331
foreign,kospi_return_1d,herd,-1.25,-0.042129399804495364,-0.05638300781138232,-0.028742146654985697
foreign,kospi_return_1d,herd,-1.2,-0.04205167442172138,-0.055946067199110903,-0.0288534925878047
foreign,kospi_return_1d,herd,-1.15,-0.0419739490389474,-0.05550912658683947,-0.02891976004000759
foreign,kospi_return_1d,herd,-1.1,-0.04189622365617342,-0.055072185974568054,-0.02928908973000949
foreign,kospi_return_1d,herd,-1.0499999999999998,-0.04181849827339944,-0.05463524536229662,-0.029658419420011396
foreign,kospi_return_1d,herd,-1.0,-0.04174077289062546,-0.054198304750025204,-0.030027749110013296
foreign,kospi_return_1d,herd,-0.95,-0.04166304750785148,-0.053780063176527504,-0.0303970788000152
foreign,kospi_return_1d,herd,-0.8999999999999999,-0.04158532212507749,-0.05337062856182445,-0.030766408490017102
foreign,kospi_return_1d,herd,-0.8499999999999999,-0.04150759674230351,-0.0529611939471214,-0.031135738180019006
foreign,kospi_return_1d,herd,-0.7999999999999998,-0.04142987135952953,-0.052555711269378545,-0.03160988278687
foreign,kospi_return_1d,herd,-0.75,-0.04135214597675555,-0.052177013969048745,-0.03220462414901703
foreign,kospi_return_1d,herd,-0.7,-0.041274420593981564,-0.05179831666871894,-0.032503829405177355
foreign,kospi_return_1d,herd,-0.6499999999999999,-0.041196695211207585,-0.051391600649803776,-0.03261305694002662
foreign,kospi_return_1d,herd,-0.5999999999999999,-0.041118969828433605,-0.05088297210633745,-0.032879660958424185
foreign,kospi_return_1d,herd,-0.5499999999999998,-0.041041244445659625,-0.050376440454274335,-0.03285480501130219
foreign,kospi_return_1d,herd,-0.5,-0.040963519062885645,-0.04990869220346206,-0.032800303585827306
foreign,kospi_return_1d,herd,-0.44999999999999996,-0.040885793680111665,-0.0494641916453838,-0.03278355684538832
foreign,kospi_return_1d,herd,-0.3999999999999999,-0.04080806829733768,-0.04904423534870144,-0.032826997819356545
foreign,kospi_return_1d,herd,-0.34999999999999987,-0.0407303429145637,-0.04862427905201908,-0.03273661839833941
foreign,kospi_return_1d,herd,-0.2999999999999998,-0.04065261753178972,-0.04825311521999532,-0.03264623897732229
foreign,kospi_return_1d,herd,-0.25,-0.04057489214901574,-0.04794433771166944,-0.032754052337259004
foreign,kospi_return_1d,herd,-0.19999999999999996,-0.04049716676624176,-0.04763556020334357,-0.03297083098441358
foreign,kospi_return_1d,herd,-0.1499999999999999,-0.04041944138346778,-0.047343807586003026,-0.032735909884795515
foreign,kospi_return_1d,herd,-0.09999999999999987,-0.0403417160006938,-0.04716195288579904,-0.032439608768327105
foreign,kospi_return_1d,herd,-0.04999999999999982,-0.04026399061791981,-0.04685555357253171,-0.03223828496062193
foreign,kospi_return_1d,herd,0.0,-0.04018626523514583,-0.04706958308815948,-0.0320333063602447
foreign,kospi_return_1d,herd,0.050000000000000266,-0.04010853985237185,-0.0469449011469259,-0.03190781639306801
foreign,kospi_return_1d,herd,0.10000000000000009,-0.04003081446959787,-0.046825211858376806,-0.0317416145652532
foreign,kospi_return_1d,herd,0.1499999999999999,-0.03995308908682389,-0.04713464696425939,-0.031532369442284054
foreign,kospi_return_1d,herd,0.20000000000000018,-0.03987536370404991,-0.04757566448301072,-0.0313231243193149
foreign,kospi_return_1d,herd,0.25,-0.039797638321275926,-0.048020504927262606,-0.031008109776303146
foreign,kospi_return_1d,herd,0.30000000000000027,-0.039719912938501946,-0.0484653453715145,-0.030672914087772344
foreign,kospi_return_1d,herd,0.3500000000000001,-0.039642187555727966,-0.0489101858157664,-0.030290382951498006
foreign,kospi_return_1d,herd,0.40000000000000036,-0.039564462172953986,-0.04920114558190098,-0.029884173721075023
foreign,kospi_return_1d,herd,0.4500000000000002,-0.03948673679018,-0.049448664835654105,-0.02942901616916057
foreign,kospi_return_1d,herd,0.5,-0.03940901140740602,-0.04969618408940723,-0.028973858617246117
foreign,kospi_return_1d,herd,0.5500000000000003,-0.03933128602463204,-0.04994370334316035,-0.028653087629936604
foreign,kospi_return_1d,herd,0.6000000000000001,-0.03925356064185806,-0.05019122259691348,-0.028381212335079876
foreign,kospi_return_1d,herd,0.6500000000000004,-0.03917583525908408,-0.0504387418506666,-0.028109337040223153
foreign,kospi_return_1d,herd,0.7000000000000002,-0.0390981098763101,-0.050707958964630845,-0.027874292493215665
foreign,kospi_return_1d,herd,0.75,-0.03902038449353611,-0.051049295160919314,-0.027696305423160004
foreign,kospi_return_1d,herd,0.8000000000000003,-0.03894265911076213,-0.051429478824138564,-0.027512768357992195
foreign,kospi_return_1d,herd,0.8500000000000001,-0.03886493372798815,-0.05183964911848298,-0.02720211370382461
foreign,kospi_return_1d,herd,0.9000000000000004,-0.03878720834521417,-0.05224981941282741,-0.026877001263201278
foreign,kospi_return_1d,herd,0.9500000000000002,-0.03870948296244019,-0.05265998970717183,-0.02651182299479847
foreign,kospi_return_1d,herd,1.0,-0.038631757579666214,-0.05307016000151626,-0.0261309608817101
foreign,kospi_return_1d,herd,1.0500000000000003,-0.038554032196892234,-0.05348033029586068,-0.025712511651217986
foreign,kospi_return_1d,herd,1.1,-0.03847630681411825,-0.05389050059020511,-0.025314490851014827
foreign,kospi_return_1d,herd,1.1500000000000004,-0.03839858143134427,-0.05430067088454953,-0.02495421065948901
foreign,kospi_return_1d,herd,1.2000000000000002,-0.03832085604857029,-0.05486773796379555,-0.024593930467963196
foreign,kospi_return_1d,herd,1.25,-0.03824313066579631,-0.055448397574946164,-0.024233650276437386
foreign,kospi_return_1d,herd,1.3000000000000003,-0.03816540528302232,-0.056029057186096784,-0.023873370084911565
foreign,kospi_return_1d,herd,1.35,-0.03808767990024835,-0.056609716797247404,-0.023513089893385755
foreign,kospi_return_1d,herd,1.4000000000000004,-0.03800995451747436,-0.05719037640839803,-0.023152809701859935
foreign,kospi_return_1d,herd,1.4500000000000002,-0.03793222913470038,-0.05777505213394747,-0.02279252951033412
foreign,kospi_return_1d,herd,1.5,-0.0378545037519264,-0.05840830262750373,-0.022432249318808307
foreign,kospi_return_1d,herd,1.5500000000000003,-0.03777677836915242,-0.05904155312105999,-0.022071969127282494
foreign,kospi_return_1d,herd,1.6,-0.037699052986378434,-0.059674803614616245,-0.021711688935756677
foreign,kospi_return_1d,herd,1.6500000000000004,-0.037621327603604454,-0.06030805410817251,-0.021351408744230863
foreign,kospi_return_1d,herd,1.7000000000000002,-0.03754360222083048,-0.060941304601728766,-0.020991128552705046
foreign,kospi_return_1d,herd,1.75,-0.037465876838056494,-0.06157455509528502,-0.020630848361179233
foreign,kospi_return_1d,herd,1.8000000000000003,-0.037388151455282514,-0.062207805588841286,-0.020270568169653416
foreign,kospi_return_1d,herd,1.85,-0.037310426072508535,-0.06284105608239755,-0.019910287978127602
foreign,kospi_return_1d,herd,1.9000000000000004,-0.03723270068973455,-0.0634743065759538,-0.019550007786601785
foreign,kospi_return_1d,herd,1.9500000000000002,-0.03715497530696057,-0.06410755706951006,-0.01918972759507597
foreign,kospi_return_1d,herd,2.0,-0.03707724992418659,-0.06474080756306631,-0.018829447403550158
foreign,kospi_return_1d,momentum,-2.0,0.07730047858656475,0.06340127586154254,0.08878746032714827
foreign,kospi_return_1d,momentum,-1.95,0.07660683753340776,0.06329211831820418,0.08788501551374775
foreign,kospi_return_1d,momentum,-1.9,0.07591319648025079,0.0631829607748658,0.08698257070034726
foreign,kospi_return_1d,momentum,-1.85,0.07521955542709381,0.06307380323152743,0.08608012588694676
foreign,kospi_return_1d,momentum,-1.8,0.07452591437393684,0.06293199118226757,0.08517768107354624
foreign,kospi_return_1d,momentum,-1.75,0.07383227332077986,0.06239995788782824,0.08427523626014574
foreign,kospi_return_1d,momentum,-1.7,0.07313863226762288,0.06180245064198961,0.08337279144674523
foreign,kospi_return_1d,momentum,-1.65,0.0724449912144659,0.06120276298373928,0.08247034663334474
foreign,kospi_return_1d,momentum,-1.6,0.07175135016130893,0.06065153956413254,0.08156790181994424
foreign,kospi_return_1d,momentum,-1.55,0.07105770910815196,0.0600533176772295,0.08066545700654373
foreign,kospi_return_1d,momentum,-1.5,0.07036406805499498,0.0593729475513099,0.07976301219314322
foreign,kospi_return_1d,momentum,-1.45,0.069670427001838,0.05863579684868439,0.07886056737974272
foreign,kospi_return_1d,momentum,-1.4,0.06897678594868102,0.05789864614605888,0.07795812256634221
foreign,kospi_return_1d,momentum,-1.35,0.06828314489552405,0.05716149544343337,0.0770556777529417
foreign,kospi_return_1d,momentum,-1.2999999999999998,0.06758950384236706,0.056499507836997455,0.0761532329395412
foreign,kospi_return_1d,momentum,-1.25,0.06689586278921009,0.056113129388540926,0.0752507881261407
foreign,kospi_return_1d,momentum,-1.2,0.06620222173605311,0.055726750940084405,0.0743483433127402
foreign,kospi_return_1d,momentum,-1.15,0.06550858068289614,0.055340372491627876,0.07344589849933969
foreign,kospi_return_1d,momentum,-1.1,0.06481493962973917,0.05494898457080123,0.07254345368593919
foreign,kospi_return_1d,momentum,-1.0499999999999998,0.06412129857658218,0.05430433904752132,0.07164100887253867
foreign,kospi_return_1d,momentum,-1.0,0.0634276575234252,0.05365969352424142,0.07073856405913817
foreign,kospi_return_1d,momentum,-0.95,0.06273401647026823,0.05301504800096151,0.06983611924573768
foreign,kospi_return_1d,momentum,-0.8999999999999999,0.06204037541711125,0.05237040247768161,0.06893367443233717
foreign,kospi_return_1d,momentum,-0.8499999999999999,0.061346734363954276,0.0517257569544017,0.06803122961893666
foreign,kospi_return_1d,momentum,-0.7999999999999998,0.060653093310797296,0.051081111431121796,0.06712878480553616
foreign,kospi_return_1d,momentum,-0.75,0.05995945225764032,0.050384887587279055,0.06650737135205412
foreign,kospi_return_1d,momentum,-0.7,0.05926581120448335,0.049463356770575014,0.06610920794308175
foreign,kospi_return_1d,momentum,-0.6499999999999999,0.05857217015132637,0.04849312243983146,0.06532793458551159
foreign,kospi_return_1d,momentum,-0.5999999999999999,0.057878529098169394,0.047522888109087905,0.06454666122794142
foreign,kospi_return_1d,momentum,-0.5499999999999998,0.05718488804501242,0.046552653778344354,0.06387030280195166
foreign,kospi_return_1d,momentum,-0.5,0.05649124699185544,0.04558241944760081,0.06318259499967092
foreign,kospi_return_1d,momentum,-0.44999999999999996,0.055797605938698466,0.04461218511685726,0.062442583346855755
foreign,kospi_return_1d,momentum,-0.3999999999999999,0.05510396488554148,0.04364195078611371,0.0620293622463941
foreign,kospi_return_1d,momentum,-0.34999999999999987,0.054410323832384505,0.04267171645537016,0.061585303754545684
foreign,kospi_return_1d,momentum,-0.2999999999999998,0.05371668277922754,0.0417014821246266,0.06118816123343999
foreign,kospi_return_1d,momentum,-0.25,0.05302304172607055,0.040731247793883055,0.06082007575314487
foreign,kospi_return_1d,momentum,-0.19999999999999996,0.05232940067291358,0.039761013463139504,0.06039695151150222
foreign,kospi_return_1d,momentum,-0.1499999999999999,0.051635759619756604,0.03879077913239595,0.059674269184470136
foreign,kospi_return_1d,momentum,-0.09999999999999987,0.05094211856659962,0.0378205448016524,0.059093104824423766
foreign,kospi_return_1d,momentum,-0.04999999999999982,0.05024847751344265,0.03685031047090885,0.0586275043711066
foreign,kospi_return_1d,momentum,0.0,0.049554836460285676,0.0358800761401653,0.05816190391778944
foreign,kospi_return_1d,momentum,0.050000000000000266,0.048861195407128695,0.03490984180942174,0.05769630346447228
foreign,kospi_return_1d,momentum,0.10000000000000009,0.04816755435397172,0.03393960747867819,0.05723070301115511
foreign,kospi_return_1d,momentum,0.1499999999999999,0.04747391330081475,0.03296937314793465,0.056765102557837954
foreign,kospi_return_1d,momentum,0.20000000000000018,0.04678027224765777,0.03199913881719109,0.05629950210452078
foreign,kospi_return_1d,momentum,0.25,0.04608663119450079,0.031170026771724205,0.05583390165120362
foreign,kospi_return_1d,momentum,0.30000000000000027,0.045392990141343806,0.030333371832966784,0.05536830119788645
foreign,kospi_return_1d,momentum,0.3500000000000001,0.04469934908818684,0.029542829263955322,0.054902700744569294
foreign,kospi_return_1d,momentum,0.40000000000000036,0.04400570803502985,0.02882103428244587,0.05443710029125212
foreign,kospi_return_1d,momentum,0.4500000000000002,0.04331206698187288,0.027986721415072618,0.05399323981255292
foreign,kospi_return_1d,momentum,0.5,0.042618425928715904,0.02712433356791729,0.05361817441880703
foreign,kospi_return_1d,momentum,0.5500000000000003,0.041924784875558924,0.026261945720761955,0.053243109025061124
foreign,kospi_return_1d,momentum,0.6000000000000001,0.04123114382240195,0.025399557873606628,0.05288042940199372
foreign,kospi_return_1d,momentum,0.6500000000000004,0.04053750276924497,0.024533868394792026,0.05254777630791065
foreign,kospi_return_1d,momentum,0.7000000000000002,0.039843861716087996,0.02363283894956107,0.05221512321382758
foreign,kospi_return_1d,momentum,0.75,0.03915022066293102,0.02264285292476413,0.05188247011974451
foreign,kospi_return_1d,momentum,0.8000000000000003,0.03845657960977404,0.0216419546306133,0.05154981702566144
foreign,kospi_return_1d,momentum,0.8500000000000001,0.03776293855661707,0.020641056336462477,0.05121716393157837
foreign,kospi_return_1d,momentum,0.9000000000000004,0.03706929750346009,0.019640158042311645,0.0508845108374953
foreign,kospi_return_1d,momentum,0.9500000000000002,0.036375656450303114,0.01863019498065113,0.05055185774341223
foreign,kospi_return_1d,momentum,1.0,0.03568201539714614,0.017618003860116,0.05021920464932916
foreign,kospi_return_1d,momentum,1.0500000000000003,0.03498837434398916,0.01660581273958086,0.049886551555246086
foreign,kospi_return_1d,momentum,1.1,0.03429473329083218,0.015593621619045732,0.04955389846116302
foreign,kospi_return_1d,momentum,1.1500000000000004,0.033601092237675205,0.014581430498510592,0.04922124536707995
foreign,kospi_return_1d,momentum,1.2000000000000002,0.03290745118451823,0.013569239377975464,0.048888592272996884
foreign,kospi_return_1d,momentum,1.25,0.03221381013136125,0.012557048257440334,0.048555939178913814
foreign,kospi_return_1d,momentum,1.3000000000000003,0.03152016907820428,0.011544857136905196,0.04822328608483074
foreign,kospi_return_1d,momentum,1.35,0.0308265280250473,0.010532666016370066,0.04789063299074767
foreign,kospi_return_1d,momentum,1.4000000000000004,0.03013288697189032,0.009520474895834928,0.0475579798966646
foreign,kospi_return_1d,momentum,1.4500000000000002,0.029439245918733346,0.008508283775299797,0.04723183820955453
foreign,kospi_return_1d,momentum,1.5,0.028745604865576372,0.007496092654764671,0.04692979948595164
foreign,kospi_return_1d,momentum,1.5500000000000003,0.028051963812419388,0.006483901534229529,0.04662776076234875
foreign,kospi_return_1d,momentum,1.6,0.027358322759262418,0.0054717104136944045,0.04632572203874586
foreign,kospi_return_1d,momentum,1.6500000000000004,0.026664681706105434,0.004459519293159263,0.04602368331514297
foreign,kospi_return_1d,momentum,1.7000000000000002,0.02597104065294846,0.003447328172624133,0.04572164459154009
foreign,kospi_return_1d,momentum,1.75,0.025277399599791486,0.002435137052089003,0.045419605867937196
foreign,kospi_return_1d,momentum,1.8000000000000003,0.024583758546634506,0.0014229459315538654,0.0451175671443343
foreign,kospi_return_1d,momentum,1.85,0.023890117493477532,0.0004479466564953325,0.04481552842073141
foreign,kospi_return_1d,momentum,1.9000000000000004,0.023196476440320548,-0.0005229975655674981,0.04451348969712852
foreign,kospi_return_1d,momentum,1.9500000000000002,0.022502835387163574,-0.0014939417876303149,0.044211450973525634
foreign,kospi_return_1d,momentum,2.0,0.0218091943340066,-0.0024648860096931386,0.043909412249922744
foreign,kospi_return_1d,underwater,-2.0,0.021877248477216466,0.0155719358474015,0.0322602707892656
foreign,kospi_return_1d,underwater,-1.95,0.02156611507312226,0.015318387374281737,0.031835666587576236
foreign,kospi_return_1d,underwater,-1.9,0.021254981669028054,0.015050485916435576,0.031411062385886875
foreign,kospi_return_1d,underwater,-1.85,0.020943848264933847,0.014781705178320207,0.030986458184197513
foreign,kospi_return_1d,underwater,-1.8,0.020632714860839643,0.014493056796490949,0.030561853982508155
foreign,kospi_return_1d,underwater,-1.75,0.020321581456745435,0.01420440841466169,0.030057939095422474
foreign,kospi_return_1d,underwater,-1.7,0.02001044805265123,0.013913306724279956,0.029526565540581796
foreign,kospi_return_1d,underwater,-1.65,0.019699314648557023,0.01356109178625031,0.028995191985741114
foreign,kospi_return_1d,underwater,-1.6,0.019388181244462815,0.013379771001636986,0.028463818430900435
foreign,kospi_return_1d,underwater,-1.55,0.01907704784036861,0.0133459685696289,0.02793244487605975
foreign,kospi_return_1d,underwater,-1.5,0.018765914436274404,0.013312166137620809,0.02741905460134138
foreign,kospi_return_1d,underwater,-1.45,0.018454781032180196,0.013218799056485252,0.026929439799860014
foreign,kospi_return_1d,underwater,-1.4,0.018143647628085992,0.012900142038706547,0.02643982499837865
foreign,kospi_return_1d,underwater,-1.35,0.017832514223991788,0.012524759753141412,0.026061751730739983
foreign,kospi_return_1d,underwater,-1.2999999999999998,0.017521380819897577,0.012149377467576274,0.025716622658073816
foreign,kospi_return_1d,underwater,-1.25,0.017210247415803372,0.01175558133400031,0.02537149358540765
foreign,kospi_return_1d,underwater,-1.2,0.016899114011709168,0.011353613765677294,0.025005246736109224
foreign,kospi_return_1d,underwater,-1.15,0.01658798060761496,0.01095164619735428,0.02454418272711333
foreign,kospi_return_1d,underwater,-1.1,0.016276847203520756,0.010549678629031268,0.02408311871811744
foreign,kospi_return_1d,underwater,-1.0499999999999998,0.01596571379942655,0.010147711060708253,0.02362205470912155
foreign,kospi_return_1d,underwater,-1.0,0.015654580395332345,0.00974574349238524,0.02316099070012566
foreign,kospi_return_1d,underwater,-0.95,0.015343446991238135,0.009469179945299338,0.02269992669112977
foreign,kospi_return_1d,underwater,-0.8999999999999999,0.01503231358714393,0.009394197834189918,0.022238862682133882
foreign,kospi_return_1d,underwater,-0.8499999999999999,0.014721180183049722,0.009113253876566835,0.02177779867313799
foreign,kospi_return_1d,underwater,-0.7999999999999998,0.014410046778955516,0.008592740185558747,0.021342819370329325
foreign,kospi_return_1d,underwater,-0.75,0.01409891337486131,0.008072226494550661,0.02098306068219239
foreign,kospi_return_1d,underwater,-0.7,0.013787779970767106,0.007551712803542573,0.020623301994055456
foreign,kospi_return_1d,underwater,-0.6499999999999999,0.013476646566672896,0.0070311991125344845,0.02026354330591852
foreign,kospi_return_1d,underwater,-0.5999999999999999,0.013165513162578692,0.0065300029458011275,0.019903784617781587
foreign,kospi_return_1d,underwater,-0.5499999999999998,0.012854379758484486,0.006128035377478113,0.019544025929644653
foreign,kospi_return_1d,underwater,-0.5,0.01254324635439028,0.005726067809155101,0.01918426724150772
foreign,kospi_return_1d,underwater,-0.44999999999999996,0.012232112950296073,0.005324100240832086,0.018824508553370787
foreign,kospi_return_1d,underwater,-0.3999999999999999,0.011920979546201867,0.004922132672509072,0.0184104031696915
foreign,kospi_return_1d,underwater,-0.34999999999999987,0.011609846142107659,0.004520165104186058,0.01805811794940375
foreign,kospi_return_1d,underwater,-0.2999999999999998,0.011298712738013453,0.004076410786947139,0.017763505689799734
foreign,kospi_return_1d,underwater,-0.25,0.010987579333919249,0.0036279699241275913,0.017419087886810267
foreign,kospi_return_1d,underwater,-0.19999999999999996,0.010676445929825043,0.0032121252454816603,0.01716085176914924
foreign,kospi_return_1d,underwater,-0.1499999999999999,0.010365312525730835,0.0028134370129554802,0.016823254814371396
foreign,kospi_return_1d,underwater,-0.09999999999999987,0.01005417912163663,0.0024147487804292997,0.016461727870628173
foreign,kospi_return_1d,underwater,-0.04999999999999982,0.009743045717542422,0.0020160605479031196,0.016110249846242305
foreign,kospi_return_1d,underwater,0.0,0.009431912313448218,0.0016173723153769409,0.015758771821856442
foreign,kospi_return_1d,underwater,0.050000000000000266,0.00912077890935401,0.0013354313495801068,0.015407293797470573
foreign,kospi_return_1d,underwater,0.10000000000000009,0.008809645505259804,0.0011329132469835943,0.015055815773084708
foreign,kospi_return_1d,underwater,0.1499999999999999,0.0084985121011656,0.0009303951443870818,0.014767776709049892
foreign,kospi_return_1d,underwater,0.20000000000000018,0.008187378697071392,0.0007278770417905676,0.0145561888813972
foreign,kospi_return_1d,underwater,0.25,0.007876245292977186,0.0005132808961206552,0.014344601053744509
foreign,kospi_return_1d,underwater,0.30000000000000027,0.00756511188888298,0.00024343805620442643,0.014133013226091819
foreign,kospi_return_1d,underwater,0.3500000000000001,0.007253978484788774,-0.0002559916116297607,0.01392142539843913
foreign,kospi_return_1d,underwater,0.40000000000000036,0.006942845080694566,-0.0007559232879430435,0.013709837570786438
foreign,kospi_return_1d,underwater,0.4500000000000002,0.00663171167660036,-0.0012558549642563215,0.01344247876666484
foreign,kospi_return_1d,underwater,0.5,0.006320578272506156,-0.0017557866405695996,0.01315665529109536
foreign,kospi_return_1d,underwater,0.5500000000000003,0.006009444868411948,-0.0022557183168828822,0.012872737641446278
foreign,kospi_return_1d,underwater,0.6000000000000001,0.005698311464317742,-0.00275564999319616,0.012588819991797198
foreign,kospi_return_1d,underwater,0.6500000000000004,0.005387178060223535,-0.003255581669509443,0.012304902342148118
foreign,kospi_return_1d,underwater,0.7000000000000002,0.00507604465612933,-0.0037555133458227214,0.012112257347907829
foreign,kospi_return_1d,underwater,0.75,0.004764911252035125,-0.004255445022136,0.012054281699238306
foreign,kospi_return_1d,underwater,0.8000000000000003,0.004453777847940917,-0.0047553766984492814,0.01199630605056878
foreign,kospi_return_1d,underwater,0.8500000000000001,0.004142644443846711,-0.00516032763756812,0.011938330401899256
foreign,kospi_return_1d,underwater,0.9000000000000004,0.0038315110397525035,-0.005559015870094303,0.011880354753229731
foreign,kospi_return_1d,underwater,0.9500000000000002,0.003520377635658299,-0.005957704102620481,0.011753654375206656
foreign,kospi_return_1d,underwater,1.0,0.0032092442315640934,-0.006356392335146659,0.011603210074827041
foreign,kospi_return_1d,underwater,1.0500000000000003,0.0028981108274698858,-0.006762368967756585,0.011486635950859605
foreign,kospi_return_1d,underwater,1.1,0.0025869774233756803,-0.007206875067204188,0.011370061826892168
foreign,kospi_return_1d,underwater,1.1500000000000004,0.002275844019281472,-0.007651381166651795,0.01125348770292473
foreign,kospi_return_1d,underwater,1.2000000000000002,0.001964710615187267,-0.007891738303005644,0.011136913578957294
foreign,kospi_return_1d,underwater,1.25,0.0016535772110930623,-0.00829175012186166,0.011020339454989859
foreign,kospi_return_1d,underwater,1.3000000000000003,0.0013424438069988543,-0.008748521730303743,0.01090376533102242
foreign,kospi_return_1d,underwater,1.35,0.0010313104029046492,-0.009147209962829922,0.010787191207054982
foreign,kospi_return_1d,underwater,1.4000000000000004,0.0007201769988104415,-0.009545898195356103,0.010670617083087546
foreign,kospi_return_1d,underwater,1.4500000000000002,0.00040904359471623627,-0.009980881894007311,0.01055404295912011
foreign,kospi_return_1d,underwater,1.5,9.791019062203098e-05,-0.010422829445451481,0.010437468835152673
foreign,kospi_return_1d,underwater,1.5500000000000003,-0.00021322321347217664,-0.01089095643721522,0.010262652114033793
foreign,kospi_return_1d,underwater,1.6,-0.0005243566175663817,-0.011367769222706561,0.010059527680277925
foreign,kospi_return_1d,underwater,1.6500000000000004,-0.0008354900216605897,-0.011844582008197907,0.009856403246522052
foreign,kospi_return_1d,underwater,1.7000000000000002,-0.001146623425754795,-0.012344936318695543,0.009653278812766182
foreign,kospi_return_1d,underwater,1.75,-0.0014577568298490002,-0.012918818695470685,0.009450154379010313
foreign,kospi_return_1d,underwater,1.8000000000000003,-0.0017688902339432079,-0.01349270107224583,0.009247029945254441
foreign,kospi_return_1d,underwater,1.85,-0.002080023638037413,-0.014066583449020972,0.009043905511498572
foreign,kospi_return_1d,underwater,1.9000000000000004,-0.0023911570421316208,-0.014640465825796119,0.0088407810777427
foreign,kospi_return_1d,underwater,1.9500000000000002,-0.002702290446225826,-0.015214348202571257,0.008637656643986831
foreign,kospi_return_1d,underwater,2.0,-0.003013423850320031,-0.0157882305793464,0.008434532210230963
institution,fx_level_z_252,herd,-2.0,-0.006778822447328379,-0.01084976494312274,-0.00433256955293454
institution,fx_level_z_252,herd,-1.95,-0.006718849234457457,-0.010695225184317555,-0.004324246591277056
institution,fx_level_z_252,herd,-1.9,-0.006658876021586534,-0.010540685425512371,-0.004322017648519154
institution,fx_level_z_252,herd,-1.85,-0.006598902808715612,-0.010386145666707189,-0.004320969510808841
institution,fx_level_z_252,herd,-1.8,-0.006538929595844689,-0.010231605907902003,-0.004319921373098528
institution,fx_level_z_252,herd,-1.75,-0.006478956382973767,-0.01007706614909682,-0.004318873235388215
institution,fx_level_z_252,herd,-1.7,-0.006418983170102845,-0.009922526390291635,-0.004317825097677902
institution,fx_level_z_252,herd,-1.65,-0.006359009957231923,-0.009767986631486451,-0.0043167769599675885
institution,fx_level_z_252,herd,-1.6,-0.006299036744361,-0.009613446872681269,-0.004315728822257276
institution,fx_level_z_252,herd,-1.55,-0.006239063531490078,-0.009458907113876083,-0.004314680684546963
institution,fx_level_z_252,herd,-1.5,-0.006179090318619155,-0.009304367355070899,-0.00431363254683665
institution,fx_level_z_252,herd,-1.45,-0.006119117105748233,-0.009149827596265715,-0.0043125844091263365
institution,fx_level_z_252,herd,-1.4,-0.006059143892877311,-0.00899528783746053,-0.00430692936206456
institution,fx_level_z_252,herd,-1.35,-0.005999170680006389,-0.008840748078655349,-0.004300004559990935
institution,fx_level_z_252,herd,-1.2999999999999998,-0.005939197467135466,-0.008686208319850165,-0.00429307975791731
institution,fx_level_z_252,herd,-1.25,-0.005879224254264544,-0.00853166856104498,-0.004286154955843685
institution,fx_level_z_252,herd,-1.2,-0.005819251041393621,-0.008377128802239795,-0.004279230153770059
institution,fx_level_z_252,herd,-1.15,-0.005759277828522699,-0.008222589043434612,-0.004272305351696435
institution,fx_level_z_252,herd,-1.1,-0.0056993046156517775,-0.008068049284629428,-0.00426538054962281
institution,fx_level_z_252,herd,-1.0499999999999998,-0.005639331402780855,-0.007913509525824243,-0.004258455747549184
institution,fx_level_z_252,herd,-1.0,-0.005579358189909932,-0.0077589697670190595,-0.00425153094547556
institution,fx_level_z_252,herd,-0.95,-0.00551938497703901,-0.0076044300082138755,-0.004243030813595301
institution,fx_level_z_252,herd,-0.8999999999999999,-0.005459411764168088,-0.007449890249408691,-0.004235992738394931
institution,fx_level_z_252,herd,-0.8499999999999999,-0.005399438551297165,-0.007295350490603507,-0.004231332179333485
institution,fx_level_z_252,herd,-0.7999999999999998,-0.0053394653384262435,-0.007140810731798323,-0.004226671620272036
institution,fx_level_z_252,herd,-0.75,-0.005279492125555321,-0.006986270972993139,-0.004220960306702118
institution,fx_level_z_252,herd,-0.7,-0.005219518912684399,-0.006831731214187956,-0.004212537088897018
institution,fx_level_z_252,herd,-0.6499999999999999,-0.005159545699813476,-0.006677191455382772,-0.004204113871091918
institution,fx_level_z_252,herd,-0.5999999999999999,-0.005099572486942554,-0.006522651696577588,-0.0041961325288865595
institution,fx_level_z_252,herd,-0.5499999999999998,-0.005039599274071631,-0.006368111937772403,-0.004189207726812935
institution,fx_level_z_252,herd,-0.5,-0.0049796260612007094,-0.00621357217896722,-0.00417038992381995
institution,fx_level_z_252,herd,-0.44999999999999996,-0.004919652848329787,-0.006059032420162036,-0.004142187198303784
institution,fx_level_z_252,herd,-0.3999999999999999,-0.004859679635458865,-0.005898415278643271,-0.004127663631224948
institution,fx_level_z_252,herd,-0.34999999999999987,-0.004799706422587942,-0.005736367527861052,-0.004111248840927107
institution,fx_level_z_252,herd,-0.2999999999999998,-0.004739733209717021,-0.005574319777078833,-0.004087712106993386
institution,fx_level_z_252,herd,-0.25,-0.004679759996846098,-0.005412272026296615,-0.004064175373059665
institution,fx_level_z_252,herd,-0.19999999999999996,-0.004619786783975176,-0.0052505917008965316,-0.004039245503954556
institution,fx_level_z_252,herd,-0.1499999999999999,-0.0045598135711042535,-0.005090383004862729,-0.004011914670700177
institution,fx_level_z_252,herd,-0.09999999999999987,-0.004499840358233332,-0.004937317189760442,-0.0039845838374457975
institution,fx_level_z_252,herd,-0.04999999999999982,-0.004439867145362409,-0.00479610672453412,-0.0039577306847058775
institution,fx_level_z_252,herd,0.0,-0.004379893932491487,-0.00471940655261276,-0.00394794913008808
institution,fx_level_z_252,herd,0.050000000000000266,-0.004319920719620563,-0.004699489719932876,-0.003938167575470282
institution,fx_level_z_252,herd,0.10000000000000009,-0.004259947506749642,-0.004681367918383312,-0.003928386020852484
institution,fx_level_z_252,herd,0.1499999999999999,-0.0041999742938787195,-0.004663246116833748,-0.003912894018794725
institution,fx_level_z_252,herd,0.20000000000000018,-0.004140001081007798,-0.004649331699474668,-0.0038351153675465995
institution,fx_level_z_252,herd,0.25,-0.004080027868136875,-0.004641326306591465,-0.00368996467441313
institution,fx_level_z_252,herd,0.30000000000000027,-0.004020054655265953,-0.004633320913708262,-0.0035556739335879006
institution,fx_level_z_252,herd,0.3500000000000001,-0.00396008144239503,-0.004627540307337714,-0.00341751501196988
institution,fx_level_z_252,herd,0.40000000000000036,-0.003900108229524108,-0.004622186183114484,-0.0032915122620760864
institution,fx_level_z_252,herd,0.4500000000000002,-0.0038401350166531855,-0.004616832058891254,-0.0031392127298749484
institution,fx_level_z_252,herd,0.5,-0.003780161803782263,-0.004613035632792065,-0.00297663386445487
institution,fx_level_z_252,herd,0.5500000000000003,-0.003720188590911341,-0.00461513575537528,-0.002810122261289452
institution,fx_level_z_252,herd,0.6000000000000001,-0.003660215378040419,-0.004613235652213868,-0.0026436106581240355
institution,fx_level_z_252,herd,0.6500000000000004,-0.0036002421651694966,-0.004610025690926657,-0.002477099054958618
institution,fx_level_z_252,herd,0.7000000000000002,-0.0035402689522985747,-0.004606815729639446,-0.002310587451793201
institution,fx_level_z_252,herd,0.75,-0.0034802957394276524,-0.00460622879108989,-0.002144075848627785
institution,fx_level_z_252,herd,0.8000000000000003,-0.0034203225265567296,-0.004605864712502736,-0.001977564245462367
institution,fx_level_z_252,herd,0.8500000000000001,-0.0033603493136858077,-0.004601210612163392,-0.0018110526422969505
institution,fx_level_z_252,herd,0.9000000000000004,-0.003300376100814885,-0.004594326750957388,-0.0016445410391315327
institution,fx_level_z_252,herd,0.9500000000000002,-0.003240402887943963,-0.004587442889751383,-0.0014780294359661161
institution,fx_level_z_252,herd,1.0,-0.0031804296750730407,-0.00458055902854538,-0.0013115178328006998
institution,fx_level_z_252,herd,1.0500000000000003,-0.0031204564622021183,-0.004573675167339376,-0.001145006229635282
institution,fx_level_z_252,herd,1.1,-0.003060483249331196,-0.004566791306133372,-0.0010370023187715037
institution,fx_level_z_252,herd,1.1500000000000004,-0.0030005100364602732,-0.004560071169107644,-0.0009641699475468557
institution,fx_level_z_252,herd,1.2000000000000002,-0.0029405368235893513,-0.004556474860291887,-0.0008631133381276917
institution,fx_level_z_252,herd,1.25,-0.002880563610718429,-0.00455287855147613,-0.0007606961240525896
institution,fx_level_z_252,herd,1.3000000000000003,-0.0028205903978475067,-0.004549282242660373,-0.0006501408619805945
institution,fx_level_z_252,herd,1.35,-0.0027606171849765843,-0.004545685933844615,-0.0004956011031754114
institution,fx_level_z_252,herd,1.4000000000000004,-0.002700643972105662,-0.0045420896250288586,-0.00034106134437022627
institution,fx_level_z_252,herd,1.4500000000000002,-0.0026406707592347397,-0.004538493316213101,-0.00018652158556504292
institution,fx_level_z_252,herd,1.5,-0.0025806975463638178,-0.0045348970073973436,-3.1981826759859376e-05
institution,fx_level_z_252,herd,1.5500000000000003,-0.002520724333492895,-0.004531300698581586,0.00012255793204532536
institution,fx_level_z_252,herd,1.6,-0.002460751120621973,-0.004527704389765829,0.00027709769085050925
institution,fx_level_z_252,herd,1.6500000000000004,-0.0024007779077510503,-0.004524108080950072,0.000431637449655694
institution,fx_level_z_252,herd,1.7000000000000002,-0.0023408046948801284,-0.0045205117721343144,0.000586177208460877
institution,fx_level_z_252,herd,1.75,-0.0022808314820092065,-0.004517730665975211,0.0007407169672660609
institution,fx_level_z_252,herd,1.8000000000000003,-0.0022208582691382833,-0.00451510551152747,0.0008952567260712456
institution,fx_level_z_252,herd,1.85,-0.0021608850562673614,-0.004512480357079729,0.0010497964848764291
institution,fx_level_z_252,herd,1.9000000000000004,-0.002100911843396439,-0.0045098552026319886,0.0012043362436816138
institution,fx_level_z_252,herd,1.9500000000000002,-0.0020409386305255167,-0.0045072300481842475,0.0013588760024867974
institution,fx_level_z_252,herd,2.0,-0.001980965417654595,-0.004504604893736506,0.0015134157612919808
institution,fx_level_z_252,momentum,-2.0,-0.0012643448013274967,-0.0040381744620389595,0.00014673540135839657
institution,fx_level_z_252,momentum,-1.95,-0.001247563946845779,-0.0039762695346871185,0.0001483603216183249
institution,fx_level_z_252,momentum,-1.9,-0.0012307830923640611,-0.003934380218488424,0.00014998524187825323
institution,fx_level_z_252,momentum,-1.85,-0.0012140022378823432,-0.003924117347814811,0.0001516101621381816
institution,fx_level_z_252,momentum,-1.8,-0.0011972213834006255,-0.003913854477141198,0.00015323508239810992
institution,fx_level_z_252,momentum,-1.75,-0.0011804405289189079,-0.003903591606467584,0.00015486000265803828
institution,fx_level_z_252,momentum,-1.7,-0.00116365967443719,-0.003893328735793971,0.00015648492291796663
institution,fx_level_z_252,momentum,-1.65,-0.001146878819955472,-0.0038830658651203575,0.00015810984317789494
institution,fx_level_z_252,momentum,-1.6,-0.0011300979654737544,-0.0038728029944467444,0.0001597347634378233
institution,fx_level_z_252,momentum,-1.55,-0.0011133171109920367,-0.003814342871191805,0.00016135968369775165
institution,fx_level_z_252,momentum,-1.5,-0.0010965362565103188,-0.0037335997883927896,0.00016298460395767998
institution,fx_level_z_252,momentum,-1.45,-0.001079755402028601,-0.0036598205857443548,0.0001561391199356528
institution,fx_level_z_252,momentum,-1.4,-0.0010629745475468832,-0.0035973075137006997,0.00014903937611958373
institution,fx_level_z_252,momentum,-1.35,-0.0010461936930651655,-0.0035347944416570447,0.00014193963230351472
institution,fx_level_z_252,momentum,-1.2999999999999998,-0.0010294128385834476,-0.003482367141696085,0.0001348398884874456
institution,fx_level_z_252,momentum,-1.25,-0.00101263198410173,-0.0034065372419717563,0.00012774014467137654
institution,fx_level_z_252,momentum,-1.2,-0.000995851129620012,-0.003324070461385357,0.00012064040085530748
institution,fx_level_z_252,momentum,-1.15,-0.0009790702751382944,-0.0032690797982649566,0.00011525706286190105
institution,fx_level_z_252,momentum,-1.1,-0.0009622894206565767,-0.0032153794968325577,0.00010991971939799527
institution,fx_level_z_252,momentum,-1.0499999999999998,-0.0009455085661748587,-0.003163171651467475,0.00010458237593408942
institution,fx_level_z_252,momentum,-1.0,-0.000928727711693141,-0.003161403005651576,9.984110220100068e-05
institution,fx_level_z_252,momentum,-0.95,-0.0009119468572114232,-0.0031596343598356775,9.800152663953866e-05
institution,fx_level_z_252,momentum,-0.8999999999999999,-0.0008951660027297053,-0.0031578657140197783,9.616195107807661e-05
institution,fx_level_z_252,momentum,-0.8499999999999999,-0.0008783851482479876,-0.0031560970682038797,9.432237551661458e-05
institution,fx_level_z_252,momentum,-0.7999999999999998,-0.0008616042937662699,-0.003144847257062696,9.248279995515256e-05
institution,fx_level_z_252,momentum,-0.75,-0.0008448234392845521,-0.003125147186801675,9.064322439369052e-05
institution,fx_level_z_252,momentum,-0.7,-0.0008280425848028344,-0.0031054471165406538,9.172265738013572e-05
institution,fx_level_z_252,momentum,-0.6499999999999999,-0.0008112617303211166,-0.0030857470462796327,0.00010283807452650506
institution,fx_level_z_252,momentum,-0.5999999999999999,-0.0007944808758393987,-0.0030660469760186116,0.00011746646603568005
institution,fx_level_z_252,momentum,-0.5499999999999998,-0.0007777000213576809,-0.0030463469057575906,0.0001336585244280201
institution,fx_level_z_252,momentum,-0.5,-0.0007609191668759632,-0.00302664683549657,0.00014679470186817068
institution,fx_level_z_252,momentum,-0.44999999999999996,-0.0007441383123942454,-0.003006946765235549,0.00014413596247321087
institution,fx_level_z_252,momentum,-0.3999999999999999,-0.0007273574579125275,-0.002987246694974528,0.00013137880509019186
institution,fx_level_z_252,momentum,-0.34999999999999987,-0.0007105766034308098,-0.0029675466247135068,0.00011862164770717288
institution,fx_level_z_252,momentum,-0.2999999999999998,-0.000693795748949092,-0.0029478465544524857,0.00012398974329693048
institution,fx_level_z_252,momentum,-0.25,-0.0006770148944673743,-0.0029281464841914647,0.00013638380623882547
institution,fx_level_z_252,momentum,-0.19999999999999996,-0.0006602340399856564,-0.002908446413930444,0.0001509118580724481
institution,fx_level_z_252,momentum,-0.1499999999999999,-0.0006434531855039387,-0.002888746343669423,0.00017553159617813112
institution,fx_level_z_252,momentum,-0.09999999999999987,-0.0006266723310222209,-0.0028690462734084015,0.00019864942907584215
institution,fx_level_z_252,momentum,-0.04999999999999982,-0.0006098914765405031,-0.002849346203147381,0.00021434037058493113
institution,fx_level_z_252,momentum,0.0,-0.0005931106220587853,-0.00282964613288636,0.00023003131209402007
institution,fx_level_z_252,momentum,0.050000000000000266,-0.0005763297675770675,-0.0028099460626253387,0.00024572225360310914
institution,fx_level_z_252,momentum,0.10000000000000009,-0.0005595489130953498,-0.0027902459923643177,0.0002940307641983645
institution,fx_level_z_252,momentum,0.1499999999999999,-0.0005427680586136321,-0.002770545922103297,0.00032325002481222906
institution,fx_level_z_252,momentum,0.20000000000000018,-0.0005259872041319142,-0.002750845851842276,0.00034786976291791217
institution,fx_level_z_252,momentum,0.25,-0.0005092063496501965,-0.002731145781581255,0.00037876304850209693
institution,fx_level_z_252,momentum,0.30000000000000027,-0.0004924254951684786,-0.002711445711320234,0.00041914269095277563
institution,fx_level_z_252,momentum,0.3500000000000001,-0.00047564464068676086,-0.002691745641059213,0.0004719761491287161
institution,fx_level_z_252,momentum,0.40000000000000036,-0.00045886378620504296,-0.0026720455707981918,0.00048448248533524807
institution,fx_level_z_252,momentum,0.4500000000000002,-0.00044208293172332523,-0.0026523455005371707,0.0004955242585855711
institution,fx_level_z_252,momentum,0.5,-0.00042530207724160755,-0.0026326454302761496,0.0005083288531749701
institution,fx_level_z_252,momentum,0.5500000000000003,-0.00040852122275988965,-0.002612945360015129,0.0005211334477643692
institution,fx_level_z_252,momentum,0.6000000000000001,-0.0003917403682781719,-0.002593245289754108,0.0005448276677633762
institution,fx_level_z_252,momentum,0.6500000000000004,-0.00037495951379645407,-0.002573545219493087,0.0005694474058690593
institution,fx_level_z_252,momentum,0.7000000000000002,-0.00035817865931473634,-0.002554034137283444,0.0005940671439747423
institution,fx_level_z_252,momentum,0.75,-0.00034139780483301866,-0.00253751055715838,0.0006186868820804252
institution,fx_level_z_252,momentum,0.8000000000000003,-0.00032461695035130076,-0.002520986977033316,0.0006433066201861083
institution,fx_level_z_252,momentum,0.8500000000000001,-0.000307836095869583,-0.002504463396908252,0.0006679263582917912
institution,fx_level_z_252,momentum,0.9000000000000004,-0.0002910552413878652,-0.0024879398167831877,0.0006925460963974744
institution,fx_level_z_252,momentum,0.9500000000000002,-0.0002742743869061474,-0.0024714162366581242,0.0007171658345031572
institution,fx_level_z_252,momentum,1.0,-0.0002574935324244297,-0.00245489265653306,0.0007417855726088402
institution,fx_level_z_252,momentum,1.0500000000000003,-0.00024071267794271187,-0.002438369076407996,0.0007638852880335844
institution,fx_level_z_252,momentum,1.1,-0.00022393182346099413,-0.002421845496282932,0.0007858153921551481
institution,fx_level_z_252,momentum,1.1500000000000004,-0.00020715096897927623,-0.002405321916157868,0.0008077454962767123
institution,fx_level_z_252,momentum,1.2000000000000002,-0.00019037011449755847,-0.0023887983360328037,0.0008296756003982762
institution,fx_level_z_252,momentum,1.25,-0.0001735892600158408,-0.00237227475590774,0.0008516057045198402
institution,fx_level_z_252,momentum,1.3000000000000003,-0.00015680840553412295,-0.002355751175782676,0.0008735358086414042
institution,fx_level_z_252,momentum,1.35,-0.00014002755105240518,-0.002339227595657612,0.0008954659127629681
institution,fx_level_z_252,momentum,1.4000000000000004,-0.0001232466965706873,-0.002322704015532548,0.0009173960168845323
institution,fx_level_z_252,momentum,1.4500000000000002,-0.00010646584208896958,-0.002306180435407484,0.0009393261210060962
institution,fx_level_z_252,momentum,1.5,-8.968498760725188e-05,-0.00228965685528242,0.0009612562251276601
institution,fx_level_z_252,momentum,1.5500000000000003,-7.2904133125534e-05,-0.0022547391511033967,0.000983186329249224
institution,fx_level_z_252,momentum,1.6,-5.61232786438163e-05,-0.0022154332324862236,0.0010051164333707882
institution,fx_level_z_252,momentum,1.6500000000000004,-3.93424241620984e-05,-0.0021761273138690505,0.0010270465374923523
institution,fx_level_z_252,momentum,1.7000000000000002,-2.2561569680380668e-05,-0.002136821395251878,0.0010489766416139162
institution,fx_level_z_252,momentum,1.75,-5.7807151986629395e-06,-0.002097515476634705,0.00107090674573548
institution,fx_level_z_252,momentum,1.8000000000000003,1.1000139283054885e-05,-0.0020582095580175316,0.0010928368498570441
institution,fx_level_z_252,momentum,1.85,2.7780993764772683e-05,-0.002018903639400359,0.0011147669539786082
institution,fx_level_z_252,momentum,1.9000000000000004,4.4561848246490506e-05,-0.0019795977207831858,0.0011366970581001723
institution,fx_level_z_252,momentum,1.9500000000000002,6.134270272820826e-05,-0.0019402918021660127,0.001158627162221736
institution,fx_level_z_252,momentum,2.0,7.812355720992596e-05,-0.00190098588354884,0.0011805572663433001
institution,fx_level_z_252,underwater,-2.0,-0.002241500800219898,-0.00499428266193704,-0.00032173072395376504
institution,fx_level_z_252,underwater,-1.95,-0.0022066240887922096,-0.004894528128206594,-0.00031295398803191007
institution,fx_level_z_252,underwater,-1.9,-0.0021717473773645215,-0.004794773594476149,-0.00030417725211005504
institution,fx_level_z_252,underwater,-1.85,-0.002136870665936833,-0.004695019060745705,-0.00029540051618820006
institution,fx_level_z_252,underwater,-1.8,-0.002101993954509145,-0.0045952645270152595,-0.0002866237802663451
institution,fx_level_z_252,underwater,-1.75,-0.0020671172430814567,-0.004495509993284815,-0.00027784704434449006
institution,fx_level_z_252,underwater,-1.7,-0.002032240531653768,-0.00439575545955437,-0.0002690703084226351
institution,fx_level_z_252,underwater,-1.65,-0.0019973638202260796,-0.004296000925823925,-0.00026029357250078006
institution,fx_level_z_252,underwater,-1.6,-0.001962487108798392,-0.00419624639209348,-0.0002515168365789251
institution,fx_level_z_252,underwater,-1.55,-0.0019276103973707034,-0.004096491858363034,-0.0002427401006570701
institution,fx_level_z_252,underwater,-1.5,-0.0018927336859430152,-0.00399673732463259,-0.0002339633647352151
institution,fx_level_z_252,underwater,-1.45,-0.0018578569745153267,-0.0038969827909021448,-0.0002251866288133601
institution,fx_level_z_252,underwater,-1.4,-0.0018229802630876383,-0.0037972282571716994,-0.00021640989289150507
institution,fx_level_z_252,underwater,-1.35,-0.0017881035516599502,-0.003725608946988251,-0.0002076331569696501
institution,fx_level_z_252,underwater,-1.2999999999999998,-0.001753226840232262,-0.0036592579749411777,-0.00020085742755320625
institution,fx_level_z_252,underwater,-1.25,-0.0017183501288045738,-0.003549635002855075,-0.00019949266716132722
institution,fx_level_z_252,underwater,-1.2,-0.0016834734173768854,-0.0034324432234278477,-0.0001981279067694482
institution,fx_level_z_252,underwater,-1.15,-0.0016485967059491969,-0.0033152514440006205,-0.00019676314637756916
institution,fx_level_z_252,underwater,-1.1,-0.0016137199945215088,-0.00319870105478903,-0.00019539838598569016
institution,fx_level_z_252,underwater,-1.0499999999999998,-0.0015788432830938204,-0.0030989465210585843,-0.00019403362559381113
institution,fx_level_z_252,underwater,-1.0,-0.0015439665716661323,-0.00302451599854966,-0.00019207405275659738
institution,fx_level_z_252,underwater,-0.95,-0.001509089860238444,-0.0029633170145097107,-0.00018786870961770634
institution,fx_level_z_252,underwater,-0.8999999999999999,-0.0014742131488107554,-0.002907721239607682,-0.0001836633664788153
institution,fx_level_z_252,underwater,-0.8499999999999999,-0.001439336437383067,-0.0028704704029950366,-0.00017945802333992422
institution,fx_level_z_252,underwater,-0.7999999999999998,-0.001404459725955379,-0.002849573325365696,-0.00017525268020103318
institution,fx_level_z_252,underwater,-0.75,-0.0013695830145276909,-0.0028087129816412397,-0.0001623207397642099
institution,fx_level_z_252,underwater,-0.7,-0.0013347063031000025,-0.002744225421920368,-0.0001492703350958929
institution,fx_level_z_252,underwater,-0.6499999999999999,-0.0012998295916723142,-0.0026845295552629486,-0.0001362199304275759
institution,fx_level_z_252,underwater,-0.5999999999999999,-0.0012649528802446256,-0.0026142957783303494,-0.0001231695257592589
institution,fx_level_z_252,underwater,-0.5499999999999998,-0.0012300761688169375,-0.002585767658310874,-0.00011011912109094191
institution,fx_level_z_252,underwater,-0.5,-0.0011951994573892494,-0.002580239907911073,-9.706871642262496e-05
institution,fx_level_z_252,underwater,-0.44999999999999996,-0.0011603227459615608,-0.00257815618027953,-8.401831175430796e-05
institution,fx_level_z_252,underwater,-0.3999999999999999,-0.0011254460345338727,-0.0025678168787271116,-7.032869849351244e-05
institution,fx_level_z_252,underwater,-0.34999999999999987,-0.0010905693231061842,-0.002557143895355635,-5.569634580749441e-05
institution,fx_level_z_252,underwater,-0.2999999999999998,-0.001055692611678496,-0.002507675398555803,-4.1063993121476396e-05
institution,fx_level_z_252,underwater,-0.25,-0.0010208159002508077,-0.002453528838577696,-2.6431640435458428e-05
institution,fx_level_z_252,underwater,-0.19999999999999996,-0.0009859391888231196,-0.002421277115863541,-1.472264761104862e-05
institution,fx_level_z_252,underwater,-0.1499999999999999,-0.0009510624773954313,-0.0024113297794246587,-9.47743144933827e-06
institution,fx_level_z_252,underwater,-0.09999999999999987,-0.0009161857659677428,-0.0023932756611611257,8.925986330721203e-06
institution,fx_level_z_252,underwater,-0.04999999999999982,-0.0008813090545400546,-0.0023752215428975926,6.275747073231093e-06
institution,fx_level_z_252,underwater,0.0,-0.0008464323431123664,-0.0023571674246340595,1.8665249808691448e-05
institution,fx_level_z_252,underwater,0.050000000000000266,-0.0008115556316846779,-0.0023391133063705265,5.93459908850474e-05
institution,fx_level_z_252,underwater,0.10000000000000009,-0.0007766789202569897,-0.002321059188106994,0.00010828802362083851
institution,fx_level_z_252,underwater,0.1499999999999999,-0.0007418022088293016,-0.0023030050698434608,0.00012051972560583737
institution,fx_level_z_252,underwater,0.20000000000000018,-0.000706925497401613,-0.0022849509515799277,0.000135568021796631
institution,fx_level_z_252,underwater,0.25,-0.0006720487859739249,-0.0022668968333163946,0.0001946452452102869
institution,fx_level_z_252,underwater,0.30000000000000027,-0.0006371720745462365,-0.0022488427150528616,0.00025367733032906977
institution,fx_level_z_252,underwater,0.3500000000000001,-0.0006022953631185482,-0.0022307885967893285,0.0002944248000858197
institution,fx_level_z_252,underwater,0.40000000000000036,-0.0005674186516908598,-0.0022127344785257954,0.0003351722698425699
institution,fx_level_z_252,underwater,0.4500000000000002,-0.0005325419402631716,-0.0021946803602622624,0.0003759197395993198
institution,fx_level_z_252,underwater,0.5,-0.0004976652288354834,-0.0021766262419987297,0.00041666720935606966
institution,fx_level_z_252,underwater,0.5500000000000003,-0.000462788517407795,-0.0021585721237351967,0.00045741467911281986
institution,fx_level_z_252,underwater,0.6000000000000001,-0.0004279118059801068,-0.0021405180054716636,0.0005116102710598777
institution,fx_level_z_252,underwater,0.6500000000000004,-0.0003930350945524184,-0.0021224638872081305,0.0005897782900137498
institution,fx_level_z_252,underwater,0.7000000000000002,-0.00035815838312473015,-0.0021044097689445975,0.0006679463089676214
institution,fx_level_z_252,underwater,0.75,-0.000323281671697042,-0.002086355650681065,0.0007569307170342289
institution,fx_level_z_252,underwater,0.8000000000000003,-0.00028840496026935353,-0.0020683015324175318,0.0008505939773749175
institution,fx_level_z_252,underwater,0.8500000000000001,-0.00025352824884166536,-0.0020502474141539987,0.0009552893578074583
institution,fx_level_z_252,underwater,0.9000000000000004,-0.0002186515374139769,-0.0020321932958904656,0.001072050677612393
institution,fx_level_z_252,underwater,0.9500000000000002,-0.00018377482598628872,-0.0020141391776269326,0.0011888119974173268
institution,fx_level_z_252,underwater,1.0,-0.00014889811455860054,-0.0019960850593633995,0.0013055733172222602
institution,fx_level_z_252,underwater,1.0500000000000003,-0.00011402140313091209,-0.001978030941099867,0.0014223346370271948
institution,fx_level_z_252,underwater,1.1,-7.914469170322391e-05,-0.0019575062149669417,0.0015390959568321284
institution,fx_level_z_252,underwater,1.1500000000000004,-4.426798027553541e-05,-0.0019367309607332029,0.001655857276637063
institution,fx_level_z_252,underwater,1.2000000000000002,-9.39126884784722e-06,-0.0019159557064994638,0.0017769690370186848
institution,fx_level_z_252,underwater,1.25,2.5485442579840947e-05,-0.001895180452265725,0.0019062567153013902
institution,fx_level_z_252,underwater,1.3000000000000003,6.036215400752939e-05,-0.0018744051980319858,0.002035544393584097
institution,fx_level_z_252,underwater,1.35,9.523886543521755e-05,-0.0018536299437982469,0.0021648320718668027
institution,fx_level_z_252,underwater,1.4000000000000004,0.00013011557686290606,-0.0018328546895645078,0.0022941197501495088
institution,fx_level_z_252,underwater,1.4500000000000002,0.0001649922882905942,-0.001812079435330769,0.002423407428432215
institution,fx_level_z_252,underwater,1.5,0.00019986899971828238,-0.0017913041810970298,0.0025526951067149205
institution,fx_level_z_252,underwater,1.5500000000000003,0.00023474571114597088,-0.001770528926863291,0.002679781878832718
institution,fx_level_z_252,underwater,1.6,0.000269622422573659,-0.0017497536726295518,0.0027931960904970647
institution,fx_level_z_252,underwater,1.6500000000000004,0.0003044991340013475,-0.0017289784183958127,0.0029066103021614122
institution,fx_level_z_252,underwater,1.7000000000000002,0.0003393758454290357,-0.0017082031641620738,0.003020024513825759
institution,fx_level_z_252,underwater,1.75,0.00037425255685672387,-0.001695280629792175,0.003133438725490105
institution,fx_level_z_252,underwater,1.8000000000000003,0.0004091292682844123,-0.0016858781944028278,0.0032468529371544527
institution,fx_level_z_252,underwater,1.85,0.0004440059797121005,-0.0016764757590134812,0.003361129222903381
institution,fx_level_z_252,underwater,1.9000000000000004,0.000478882691139789,-0.001667073323624134,0.003482151557691375
institution,fx_level_z_252,underwater,1.9500000000000002,0.0005137594025674771,-0.0016576708882347871,0.0035965313494669806
institution,fx_level_z_252,underwater,2.0,0.0005486361139951652,-0.00164988454198456,0.00368838176946142
institution,kospi_return_1d,herd,-2.0,-0.0035440468829215917,-0.004481698854942821,-0.0012578100664541194
institution,kospi_return_1d,herd,-1.95,-0.0035649430591608387,-0.004487612289885887,-0.0013090610184008306
institution,kospi_return_1d,herd,-1.9,-0.0035858392354000865,-0.004493525724828953,-0.0013603119703475416
institution,kospi_return_1d,herd,-1.85,-0.0036067354116393335,-0.004499278696748707,-0.0014115629222942526
institution,kospi_return_1d,herd,-1.8,-0.0036276315878785805,-0.0045037309644977075,-0.0014628138742409638
institution,kospi_return_1d,herd,-1.75,-0.0036485277641178284,-0.004508183232246708,-0.0015093424575751998
institution,kospi_return_1d,herd,-1.7,-0.0036694239403570754,-0.004512635499995708,-0.001541374452062824
institution,kospi_return_1d,herd,-1.65,-0.003690320116596323,-0.0045170877677447084,-0.0015734064465504477
institution,kospi_return_1d,herd,-1.6,-0.0037112162928355707,-0.004521540035493709,-0.0016220110282303155
institution,kospi_return_1d,herd,-1.55,-0.0037321124690748177,-0.004525992303242709,-0.0017153501475696724
institution,kospi_return_1d,herd,-1.5,-0.0037530086453140656,-0.0045304445709917094,-0.0018086892669090294
institution,kospi_return_1d,herd,-1.45,-0.0037739048215533126,-0.00453489683874071,-0.0019020283862483866
institution,kospi_return_1d,herd,-1.4,-0.0037948009977925605,-0.00453934910648971,-0.0019953675055877436
institution,kospi_return_1d,herd,-1.35,-0.0038156971740318075,-0.00454380137423871,-0.0020887066249271
institution,kospi_return_1d,herd,-1.2999999999999998,-0.0038365933502710545,-0.004548253641987711,-0.002182045744266458
institution,kospi_return_1d,herd,-1.25,-0.0038574895265103023,-0.004552705909736711,-0.0022753848636058146
institution,kospi_return_1d,herd,-1.2,-0.0038783857027495493,-0.004557158177485711,-0.0023687239829451715
institution,kospi_return_1d,herd,-1.15,-0.0038992818789887968,-0.004561610445234712,-0.0024620631022845285
institution,kospi_return_1d,herd,-1.1,-0.003920178055228044,-0.004566078477655574,-0.002555402221623885
institution,kospi_return_1d,herd,-1.0499999999999998,-0.003941074231467292,-0.004567785319231865,-0.002648741340963243
institution,kospi_return_1d,herd,-1.0,-0.003961970407706539,-0.004568551835836791,-0.0027420804603025995
institution,kospi_return_1d,herd,-0.95,-0.0039828665839457865,-0.0045693183524417175,-0.0028354195796419564
institution,kospi_return_1d,herd,-0.8999999999999999,-0.004003762760185034,-0.004570084869046644,-0.0029287586989813134
institution,kospi_return_1d,herd,-0.8499999999999999,-0.0040246589364242805,-0.00457278759786277,-0.003022097818320671
institution,kospi_return_1d,herd,-0.7999999999999998,-0.004045555112663529,-0.004578024649526923,-0.003115436937660028
institution,kospi_return_1d,herd,-0.75,-0.004066451288902775,-0.004583487660420366,-0.0031960870896000646
institution,kospi_return_1d,herd,-0.7,-0.004087347465142024,-0.004590144766552845,-0.0032755002961494216
institution,kospi_return_1d,herd,-0.6499999999999999,-0.00410824364138127,-0.004596801872685323,-0.003354913502698779
institution,kospi_return_1d,herd,-0.5999999999999999,-0.004129139817620519,-0.004603458978817801,-0.00342688664328308
institution,kospi_return_1d,herd,-0.5499999999999998,-0.004150035993859765,-0.0046101160849502795,-0.0034756808646488383
institution,kospi_return_1d,herd,-0.5,-0.004170932170099013,-0.0046167731910827575,-0.0035611096303909497
institution,kospi_return_1d,herd,-0.44999999999999996,-0.00419182834633826,-0.0046234302972152355,-0.0036507892236113267
institution,kospi_return_1d,herd,-0.3999999999999999,-0.0042127245225775075,-0.004633069118717684,-0.0037398990453220396
institution,kospi_return_1d,herd,-0.34999999999999987,-0.004233620698816756,-0.004645857844006966,-0.003810634773690217
institution,kospi_return_1d,herd,-0.2999999999999998,-0.004254516875056002,-0.004652629277843496,-0.0038704682080424064
institution,kospi_return_1d,herd,-0.25,-0.00427541305129525,-0.004655376436130589,-0.0038803319126600186
institution,kospi_return_1d,herd,-0.19999999999999996,-0.004296309227534497,-0.004667459791526176,-0.0039004889101487954
institution,kospi_return_1d,herd,-0.1499999999999999,-0.004317205403773745,-0.004688394172335332,-0.00392949952416525
institution,kospi_return_1d,herd,-0.09999999999999987,-0.004338101580012992,-0.004703581676294509,-0.0039478921318368415
institution,kospi_return_1d,herd,-0.04999999999999982,-0.0043589977562522395,-0.004711470130132454,-0.003947920630962461
institution,kospi_return_1d,herd,0.0,-0.004379893932491487,-0.00471940655261276,-0.00394794913008808
institution,kospi_return_1d,herd,0.050000000000000266,-0.004400790108730734,-0.004739372093463262,-0.0039479776292136995
institution,kospi_return_1d,herd,0.10000000000000009,-0.004421686284969982,-0.00476648152514825,-0.003948006128339319
institution,kospi_return_1d,herd,0.1499999999999999,-0.004442582461209228,-0.004829408617224495,-0.003948034627464938
institution,kospi_return_1d,herd,0.20000000000000018,-0.004463478637448477,-0.004892191812396,-0.003948063126590557
institution,kospi_return_1d,herd,0.25,-0.004484374813687723,-0.004961671074852295,-0.003948091625716177
institution,kospi_return_1d,herd,0.30000000000000027,-0.004505270989926972,-0.005031150337308591,-0.003950193835189538
institution,kospi_return_1d,herd,0.3500000000000001,-0.004526167166166218,-0.005100629599764885,-0.003953572445898288
institution,kospi_return_1d,herd,0.40000000000000036,-0.004547063342405466,-0.00517010886222118,-0.0039553260680986356
institution,kospi_return_1d,herd,0.4500000000000002,-0.004567959518644713,-0.005239588124677475,-0.0039564303636870825
institution,kospi_return_1d,herd,0.5,-0.0045888556948839605,-0.005309067387133769,-0.00397287519008378
institution,kospi_return_1d,herd,0.5500000000000003,-0.004609751871123208,-0.0053785466495900654,-0.003988494704972175
institution,kospi_return_1d,herd,0.6000000000000001,-0.004630648047362455,-0.00544802591204636,-0.00400305411138098
institution,kospi_return_1d,herd,0.6500000000000004,-0.004651544223601703,-0.005517505174502654,-0.004017613517789785
institution,kospi_return_1d,herd,0.7000000000000002,-0.00467244039984095,-0.0055869844369589505,-0.00403217292419859
institution,kospi_return_1d,herd,0.75,-0.004693336576080198,-0.005656463699415245,-0.004039825235668032
institution,kospi_return_1d,herd,0.8000000000000003,-0.004714232752319445,-0.00572594296187154,-0.004045003508217559
institution,kospi_return_1d,herd,0.8500000000000001,-0.0047351289285586925,-0.005795422224327835,-0.004050181780767087
institution,kospi_return_1d,herd,0.9000000000000004,-0.00475602510479794,-0.00586490148678413,-0.004055360053316614
institution,kospi_return_1d,herd,0.9500000000000002,-0.0047769212810371865,-0.0059318390139377185,-0.004060538325866142
institution,kospi_return_1d,herd,1.0,-0.004797817457276435,-0.00599657068960354,-0.004065223567886206
institution,kospi_return_1d,herd,1.0500000000000003,-0.004818713633515681,-0.006061302365269361,-0.004069262433040347
institution,kospi_return_1d,herd,1.1,-0.004839609809754929,-0.006126034040935181,-0.00407330129819449
institution,kospi_return_1d,herd,1.1500000000000004,-0.004860505985994176,-0.006190765716601003,-0.004076455421090866
institution,kospi_return_1d,herd,1.2000000000000002,-0.004881402162233424,-0.00625935314223152,-0.004077942898147661
institution,kospi_return_1d,herd,1.25,-0.004902298338472671,-0.006335116096306405,-0.00407728860700437
institution,kospi_return_1d,herd,1.3000000000000003,-0.004923194514711919,-0.00641087905038129,-0.004076634315861078
institution,kospi_return_1d,herd,1.35,-0.004944090690951166,-0.006486642004456175,-0.004075980024717786
institution,kospi_return_1d,herd,1.4000000000000004,-0.0049649868671904135,-0.00656240495853106,-0.004075325733574494
institution,kospi_return_1d,herd,1.4500000000000002,-0.004985883043429661,-0.006638167912605944,-0.004074671442431202
institution,kospi_return_1d,herd,1.5,-0.0050067792196689075,-0.006713930866680829,-0.004074017151287911
institution,kospi_return_1d,herd,1.5500000000000003,-0.005027675395908156,-0.0067896938207557146,-0.00407336286014462
institution,kospi_return_1d,herd,1.6,-0.005048571572147402,-0.0068654567748306,-0.004072708569001328
institution,kospi_return_1d,herd,1.6500000000000004,-0.005069467748386651,-0.006941219728905485,-0.004072054277858036
institution,kospi_return_1d,herd,1.7000000000000002,-0.005090363924625898,-0.00701698268298037,-0.0040713999867147445
institution,kospi_return_1d,herd,1.75,-0.005111260100865145,-0.007092745637055254,-0.004070745695571453
institution,kospi_return_1d,herd,1.8000000000000003,-0.005132156277104393,-0.00716850859113014,-0.004070091404428162
institution,kospi_return_1d,herd,1.85,-0.0051530524533436395,-0.007244271545205024,-0.00406943711328487
institution,kospi_return_1d,herd,1.9000000000000004,-0.005173948629582888,-0.00732003449927991,-0.004068782822141578
institution,kospi_return_1d,herd,1.9500000000000002,-0.005194844805822134,-0.007395797453354795,-0.004068128530998286
institution,kospi_return_1d,herd,2.0,-0.005215740982061382,-0.00747156040742968,-0.004067474239854995
institution,kospi_return_1d,momentum,-2.0,-0.0004629047281115412,-0.0026549740519840347,0.0006446182145735935
institution,kospi_return_1d,momentum,-1.95,-0.00046615987546022234,-0.002665332513133769,0.0006277220821356186
institution,kospi_return_1d,momentum,-1.9,-0.0004694150228089034,-0.0026756909742835034,0.0006108259496976435
institution,kospi_return_1d,momentum,-1.85,-0.0004726701701575845,-0.0026860494354332375,0.0005911082722013447
institution,kospi_return_1d,momentum,-1.8,-0.0004759253175062656,-0.0026964078965829716,0.0005714800598797967
institution,kospi_return_1d,momentum,-1.75,-0.0004791804648549468,-0.0027067663577327056,0.0005575090457567894
institution,kospi_return_1d,momentum,-1.7,-0.0004824356122036279,-0.0027171248188824397,0.0005433914816238984
institution,kospi_return_1d,momentum,-1.65,-0.00048569075955230895,-0.002727483280032174,0.0005265887966378683
institution,kospi_return_1d,momentum,-1.6,-0.00048894590690099,-0.002737841741181908,0.0005097861116518383
institution,kospi_return_1d,momentum,-1.55,-0.0004922010542496712,-0.002748200202331642,0.0004929834266658083
institution,kospi_return_1d,momentum,-1.5,-0.0004954562015983523,-0.002758558663481376,0.00047618074167977834
institution,kospi_return_1d,momentum,-1.45,-0.0004987113489470334,-0.00276891712463111,0.0004593780566937483
institution,kospi_return_1d,momentum,-1.4,-0.0005019664962957144,-0.0027792755857808443,0.00044257537170771827
institution,kospi_return_1d,momentum,-1.35,-0.0005052216436443955,-0.0027896340469305784,0.00042577268672168835
institution,kospi_return_1d,momentum,-1.2999999999999998,-0.0005084767909930767,-0.002799992508080313,0.00040897000173565826
institution,kospi_return_1d,momentum,-1.25,-0.0005117319383417578,-0.002810350969230047,0.00039216731674962833
institution,kospi_return_1d,momentum,-1.2,-0.000514987085690439,-0.002821210788097234,0.0003753646317635983
institution,kospi_return_1d,momentum,-1.15,-0.00051824223303912,-0.0028346963305375533,0.0003585619467775683
institution,kospi_return_1d,momentum,-1.1,-0.000521497380387801,-0.0028481818729778727,0.0003417592617915384
institution,kospi_return_1d,momentum,-1.0499999999999998,-0.0005247525277364822,-0.0028616674154181925,0.00033017574998661154
institution,kospi_return_1d,momentum,-1.0,-0.0005280076750851634,-0.002875152957858512,0.0003210234513971424
institution,kospi_return_1d,momentum,-0.95,-0.0005312628224338445,-0.0028886385002988312,0.0003118711528076733
institution,kospi_return_1d,momentum,-0.8999999999999999,-0.0005345179697825255,-0.0029021240427391506,0.000302946216834177
institution,kospi_return_1d,momentum,-0.8499999999999999,-0.0005377731171312066,-0.00291560958517947,0.00030616717194782386
institution,kospi_return_1d,momentum,-0.7999999999999998,-0.0005410282644798877,-0.0029290951276197894,0.0003093881270614706
institution,kospi_return_1d,momentum,-0.75,-0.0005442834118285689,-0.0029425806700601087,0.00031552585569436165
institution,kospi_return_1d,momentum,-0.7,-0.0005475385591772499,-0.002905031280242764,0.00032244560716200956
institution,kospi_return_1d,momentum,-0.6499999999999999,-0.000550793706525931,-0.0028409665638172844,0.0003293653586296575
institution,kospi_return_1d,momentum,-0.5999999999999999,-0.0005540488538746121,-0.002791662373929222,0.00033628511009730543
institution,kospi_return_1d,momentum,-0.5499999999999998,-0.0005573040012232932,-0.00274235818404116,0.0003171141378697832
institution,kospi_return_1d,momentum,-0.5,-0.0005605591485719744,-0.0027263792246230386,0.00028329913475315166
institution,kospi_return_1d,momentum,-0.44999999999999996,-0.0005638142959206554,-0.0027367059154493707,0.00027911096782186454
institution,kospi_return_1d,momentum,-0.3999999999999999,-0.0005670694432693365,-0.0027470326062757028,0.00026808131253341764
institution,kospi_return_1d,momentum,-0.34999999999999987,-0.0005703245906180177,-0.002757359297102035,0.00025446837578778857
institution,kospi_return_1d,momentum,-0.2999999999999998,-0.0005735797379666988,-0.0027676859879283673,0.0002408554390421594
institution,kospi_return_1d,momentum,-0.25,-0.0005768348853153798,-0.0027780126787546994,0.0002272425022965303
institution,kospi_return_1d,momentum,-0.19999999999999996,-0.0005800900326640609,-0.0027883393695810315,0.00021362956555090118
institution,kospi_return_1d,momentum,-0.1499999999999999,-0.0005833451800127421,-0.0027986660604073636,0.00020001662880527203
institution,kospi_return_1d,momentum,-0.09999999999999987,-0.0005866003273614232,-0.0028089927512336956,0.00020361603441410657
institution,kospi_return_1d,momentum,-0.04999999999999982,-0.0005898554747101043,-0.0028193194420600277,0.00021682367325406333
institution,kospi_return_1d,momentum,0.0,-0.0005931106220587853,-0.00282964613288636,0.00023003131209402007
institution,kospi_return_1d,momentum,0.050000000000000266,-0.0005963657694074664,-0.002839972823712692,0.0002431719077866698
institution,kospi_return_1d,momentum,0.10000000000000009,-0.0005996209167561476,-0.0028502995145390244,0.00022716312931144968
institution,kospi_return_1d,momentum,0.1499999999999999,-0.0006028760641048287,-0.002860626205365356,0.00021222854222280462
institution,kospi_return_1d,momentum,0.20000000000000018,-0.0006061312114535099,-0.0028709528961916885,0.00021547762211407613
institution,kospi_return_1d,momentum,0.25,-0.0006093863588021908,-0.0028812795870180206,0.00022287442625379088
institution,kospi_return_1d,momentum,0.30000000000000027,-0.000612641506150872,-0.0028916062778443527,0.00023587377276267448
institution,kospi_return_1d,momentum,0.3500000000000001,-0.0006158966534995531,-0.0029019329686706848,0.0002490572977694244
institution,kospi_return_1d,momentum,0.40000000000000036,-0.0006191518008482343,-0.002912259659497017,0.0002636862557846736
institution,kospi_return_1d,momentum,0.4500000000000002,-0.0006224069481969153,-0.002922586350323349,0.0002882414427585834
institution,kospi_return_1d,momentum,0.5,-0.0006256620955455964,-0.0029329130411496814,0.00029665648762601635
institution,kospi_return_1d,momentum,0.5500000000000003,-0.0006289172428942775,-0.0029432397319760135,0.0003050715324934493
institution,kospi_return_1d,momentum,0.6000000000000001,-0.0006321723902429586,-0.0029535664228023456,0.0003696139331440894
institution,kospi_return_1d,momentum,0.6500000000000004,-0.0006354275375916398,-0.0029638931136286776,0.0003960958524839436
institution,kospi_return_1d,momentum,0.7000000000000002,-0.0006386826849403208,-0.0029742198044550097,0.00042257777182379746
institution,kospi_return_1d,momentum,0.75,-0.0006419378322890019,-0.0029869325633625865,0.0004490596911636514
institution,kospi_return_1d,momentum,0.8000000000000003,-0.000645192979637683,-0.0030003704503178026,0.0004755416105035055
institution,kospi_return_1d,momentum,0.8500000000000001,-0.0006484481269863641,-0.003013808337273019,0.0005020235298433595
institution,kospi_return_1d,momentum,0.9000000000000004,-0.0006517032743350452,-0.0030272462242282357,0.0005285054491832135
institution,kospi_return_1d,momentum,0.9500000000000002,-0.0006549584216837263,-0.003040684111183452,0.0005549873685230675
institution,kospi_return_1d,momentum,1.0,-0.0006582135690324074,-0.0030541219981386684,0.0005814692878629214
institution,kospi_return_1d,momentum,1.0500000000000003,-0.0006614687163810886,-0.0030675598850938846,0.0006077760114565914
institution,kospi_return_1d,momentum,1.1,-0.0006647238637297697,-0.003080997772049101,0.0006262608914401764
institution,kospi_return_1d,momentum,1.1500000000000004,-0.0006679790110784507,-0.0030944356590043177,0.0006466194064704345
institution,kospi_return_1d,momentum,1.2000000000000002,-0.0006712341584271318,-0.0031078735459595342,0.0006686324425389595
institution,kospi_return_1d,momentum,1.25,-0.000674489305775813,-0.0031213114329147504,0.0006906454786074845
institution,kospi_return_1d,momentum,1.3000000000000003,-0.0006777444531244941,-0.003134749319869967,0.0007126585146760095
institution,kospi_return_1d,momentum,1.35,-0.0006809996004731751,-0.003148187206825183,0.0007346715507445346
institution,kospi_return_1d,momentum,1.4000000000000004,-0.0006842547478218562,-0.0031616250937803996,0.0007542958116390073
institution,kospi_return_1d,momentum,1.4500000000000002,-0.0006875098951705373,-0.0031750629807356157,0.0007737214188089812
institution,kospi_return_1d,momentum,1.5,-0.0006907650425192185,-0.0031885008676908323,0.0007931470259789552
institution,kospi_return_1d,momentum,1.5500000000000003,-0.0006940201898678997,-0.003201938754646049,0.0008125726331489292
institution,kospi_return_1d,momentum,1.6,-0.0006972753372165807,-0.0032153766416012654,0.0008319982403189033
institution,kospi_return_1d,momentum,1.6500000000000004,-0.0007005304845652618,-0.003228814528556482,0.0008514238474888774
institution,kospi_return_1d,momentum,1.7000000000000002,-0.0007037856319139429,-0.003242252415511698,0.0008708494546588513
institution,kospi_return_1d,momentum,1.75,-0.000707040779262624,-0.0032448466856294118,0.0008902750618288253
institution,kospi_return_1d,momentum,1.8000000000000003,-0.0007102959266113052,-0.0032457110527320337,0.0009097006689987994
institution,kospi_return_1d,momentum,1.85,-0.0007135510739599862,-0.0032465754198346556,0.0009291262761687734
institution,kospi_return_1d,momentum,1.9000000000000004,-0.0007168062213086673,-0.003247439786937278,0.0009485518833387475
institution,kospi_return_1d,momentum,1.9500000000000002,-0.0007200613686573484,-0.0032483041540399,0.0009679774905087214
institution,kospi_return_1d,momentum,2.0,-0.0007233165160060295,-0.003249168521142522,0.0009874030976786954
institution,kospi_return_1d,underwater,-2.0,-0.006514858509763014,-0.00995735651813434,-0.002946695164427996
institution,kospi_return_1d,underwater,-1.95,-0.006373147855596748,-0.009766093562356996,-0.0028761442465473877
institution,kospi_return_1d,underwater,-1.9,-0.006231437201430481,-0.009574830606579649,-0.00280559332866678
institution,kospi_return_1d,underwater,-1.85,-0.006089726547264216,-0.009383567650802305,-0.002735042410786172
institution,kospi_return_1d,underwater,-1.8,-0.005948015893097949,-0.00919230469502496,-0.0026644914929055638
institution,kospi_return_1d,underwater,-1.75,-0.005806305238931684,-0.009001041739247614,-0.002593940575024956
institution,kospi_return_1d,underwater,-1.7,-0.005664594584765417,-0.00880977878347027,-0.0025233896571443476
institution,kospi_return_1d,underwater,-1.65,-0.00552288393059915,-0.008618515827692925,-0.00245283873926374
institution,kospi_return_1d,underwater,-1.6,-0.005381173276432885,-0.008427252871915581,-0.002382287821383132
institution,kospi_return_1d,underwater,-1.55,-0.005239462622266618,-0.008235989916138234,-0.0023117369035025237
institution,kospi_return_1d,underwater,-1.5,-0.005097751968100352,-0.00804472696036089,-0.002241185985621916
institution,kospi_return_1d,underwater,-1.45,-0.004956041313934086,-0.007853464004583545,-0.0021706350677413075
institution,kospi_return_1d,underwater,-1.4,-0.00481433065976782,-0.00766281836666158,-0.0021000841498606997
institution,kospi_return_1d,underwater,-1.35,-0.004672620005601554,-0.007460223198868182,-0.002029533231980092
institution,kospi_return_1d,underwater,-1.2999999999999998,-0.004530909351435287,-0.007257803734391777,-0.0019589823140994836
institution,kospi_return_1d,underwater,-1.25,-0.004389198697269022,-0.007055384269915374,-0.0018884313962188757
institution,kospi_return_1d,underwater,-1.2,-0.004247488043102755,-0.006852964805438972,-0.0018178804783382677
institution,kospi_return_1d,underwater,-1.15,-0.004105777388936489,-0.006650545340962569,-0.0017473295604576596
institution,kospi_return_1d,underwater,-1.1,-0.003964066734770223,-0.0064481258764861665,-0.001676778642577052
institution,kospi_return_1d,underwater,-1.0499999999999998,-0.0038223560806039556,-0.0062457064120097616,-0.0016062277246964435
institution,kospi_return_1d,underwater,-1.0,-0.0036806454264376905,-0.006043286947533359,-0.0015356768068158359
institution,kospi_return_1d,underwater,-0.95,-0.0035389347722714235,-0.005840867483056957,-0.0014651258889352278
institution,kospi_return_1d,underwater,-0.8999999999999999,-0.0033972241181051575,-0.005638448018580554,-0.0013945749710546195
institution,kospi_return_1d,underwater,-0.8499999999999999,-0.003255513463938891,-0.0054360285541041505,-0.0013240240531740117
institution,kospi_return_1d,underwater,-0.7999999999999998,-0.003113802809772625,-0.005233609089627747,-0.0012534731352934034
institution,kospi_return_1d,underwater,-0.75,-0.0029720921556063594,-0.005031189625151345,-0.0011829222174127958
institution,kospi_return_1d,underwater,-0.7,-0.002830381501440093,-0.004828770160674942,-0.0011123712995321877
institution,kospi_return_1d,underwater,-0.6499999999999999,-0.0026886708472738264,-0.0046263506961985385,-0.0010399837320437418
institution,kospi_return_1d,underwater,-0.5999999999999999,-0.0025469601931075603,-0.004423931231722135,-0.0009574582293862257
institution,kospi_return_1d,underwater,-0.5499999999999998,-0.0024052495389412943,-0.004221511767245732,-0.0008749327267287097
institution,kospi_return_1d,underwater,-0.5,-0.0022635388847750283,-0.00401909230276933,-0.000792407224071194
institution,kospi_return_1d,underwater,-0.44999999999999996,-0.002121828230608762,-0.0038413921464233486,-0.000709881721413678
institution,kospi_return_1d,underwater,-0.3999999999999999,-0.0019801175764424957,-0.0036736203078179476,-0.0006431368016637754
institution,kospi_return_1d,underwater,-0.34999999999999987,-0.0018384069222762292,-0.003505848469212546,-0.0006032721151132022
institution,kospi_return_1d,underwater,-0.2999999999999998,-0.001696696268109963,-0.003338076630607145,-0.0005453588068485156
institution,kospi_return_1d,underwater,-0.25,-0.0015549856139436971,-0.0031703047920017447,-0.00046268953010438407
institution,kospi_return_1d,underwater,-0.19999999999999996,-0.001413274959777431,-0.003011081824079056,-0.0003454908030107611
institution,kospi_return_1d,underwater,-0.1499999999999999,-0.0012715643056111646,-0.002856830966193132,-0.00022740720305592003
institution,kospi_return_1d,underwater,-0.09999999999999987,-0.0011298536514448983,-0.0027025801083072074,-0.00013824484078208394
institution,kospi_return_1d,underwater,-0.04999999999999982,-0.000988142997278632,-0.002546654958277899,-6.541050272062056e-05
institution,kospi_return_1d,underwater,0.0,-0.0008464323431123664,-0.0023571674246340595,1.8665249808691448e-05
institution,kospi_return_1d,underwater,0.050000000000000266,-0.0007047216889460993,-0.0021676798909902187,0.00017283958441112042
institution,kospi_return_1d,underwater,0.10000000000000009,-0.0005630110347798337,-0.001978192357346379,0.0003062294604023854
institution,kospi_return_1d,underwater,0.1499999999999999,-0.00042130038061356806,-0.001791992001235474,0.0004537063714815315
institution,kospi_return_1d,underwater,0.20000000000000018,-0.0002795897264473011,-0.001614606501534571,0.0006175328127574506
institution,kospi_return_1d,underwater,0.25,-0.00013787907228103542,-0.0014372210018336697,0.0007835125492420331
institution,kospi_return_1d,underwater,0.30000000000000027,3.8315818852315425e-06,-0.001259835502132767,0.0009551340295002118
institution,kospi_return_1d,underwater,0.3500000000000001,0.00014554223605149725,-0.0010824500024318657,0.0011275716219097582
institution,kospi_return_1d,underwater,0.40000000000000036,0.00028725289021776414,-0.0009021529927849427,0.0013000092143193062
institution,kospi_return_1d,underwater,0.4500000000000002,0.00042896354438402986,-0.0007172292564063964,0.0014665883244014818
institution,kospi_return_1d,underwater,0.5,0.0005706741985502955,-0.0005864668171852599,0.0016185596759896604
institution,kospi_return_1d,underwater,0.5500000000000003,0.0007123848527165624,-0.00039550463668999904,0.0017789791466202452
institution,kospi_return_1d,underwater,0.6000000000000001,0.0008540955068828283,-0.0002433856215792959,0.0019393986172508287
institution,kospi_return_1d,underwater,0.6500000000000004,0.0009958061610490952,-7.260302547363063e-05,0.0020998180878814133
institution,kospi_return_1d,underwater,0.7000000000000002,0.0011375168152153608,9.803088847547851e-05,0.002260237558511997
institution,kospi_return_1d,underwater,0.75,0.0012792274693816266,0.0001789531743270152,0.0024206570291425804
institution,kospi_return_1d,underwater,0.8000000000000003,0.0014209381235478935,0.0002795649133622974,0.0025810764997731654
institution,kospi_return_1d,underwater,0.8500000000000001,0.0015626487777141592,0.0004617385519668694,0.0027414959704037487
institution,kospi_return_1d,underwater,0.9000000000000004,0.0017043594318804263,0.0006324960431084275,0.0029019154410343333
institution,kospi_return_1d,underwater,0.9500000000000002,0.001846070086046692,0.0007872033724561443,0.0030623349116649166
institution,kospi_return_1d,underwater,1.0,0.0019877807402129575,0.0008700054720975599,0.0032233563135378
institution,kospi_return_1d,underwater,1.0500000000000003,0.0021294913943792244,0.0009517532808240644,0.003388624992221587
institution,kospi_return_1d,underwater,1.1,0.00227120204854549,0.001033501089550568,0.0035621134005487083
institution,kospi_return_1d,underwater,1.1500000000000004,0.002412912702711757,0.0011152488982770726,0.0037526704510673797
institution,kospi_return_1d,underwater,1.2000000000000002,0.002554623356878023,0.0011969967070035762,0.003949417984113085
institution,kospi_return_1d,underwater,1.25,0.0026963340110442886,0.0012787445157300798,0.00414616551715879
institution,kospi_return_1d,underwater,1.3000000000000003,0.002838044665210555,0.0013517390517518203,0.004346921285614309
institution,kospi_return_1d,underwater,1.35,0.002979755319376821,0.00142333084135319,0.004556383918970757
institution,kospi_return_1d,underwater,1.4000000000000004,0.003121465973543088,0.0014949226309545606,0.0047658465523272055
institution,kospi_return_1d,underwater,1.4500000000000002,0.003263176627709354,0.0015665144205559301,0.004975309185683653
institution,kospi_return_1d,underwater,1.5,0.0034048872818756193,0.0016381062101573,0.0051847718190401
institution,kospi_return_1d,underwater,1.5500000000000003,0.0035465979360418867,0.0017096979997586704,0.005394234452396549
institution,kospi_return_1d,underwater,1.6,0.0036883085902081523,0.0017812897893600401,0.005603697085752996
institution,kospi_return_1d,underwater,1.6500000000000004,0.0038300192443744187,0.0018528815789614103,0.005813159719109446
institution,kospi_return_1d,underwater,1.7000000000000002,0.003971729898540685,0.00192447336856278,0.006007735790335483
institution,kospi_return_1d,underwater,1.75,0.00411344055270695,0.0019960651581641497,0.006196920937509183
institution,kospi_return_1d,underwater,1.8000000000000003,0.004255151206873218,0.0020676569477655203,0.006386106084682884
institution,kospi_return_1d,underwater,1.85,0.004396861861039483,0.0021598264237400206,0.006575291231856583
institution,kospi_return_1d,underwater,1.9000000000000004,0.00453857251520575,0.002255746237933641,0.006764798079384393
institution,kospi_return_1d,underwater,1.9500000000000002,0.004680283169372016,0.00235166605212726,0.0069598397926892075
institution,kospi_return_1d,underwater,2.0,0.004821993823538281,0.00244758586632088,0.007154881505994022
retail,fx_level_z_252,herd,-2.0,-0.05060797174098997,-0.07244132757186873,-0.03108303822809844
retail,fx_level_z_252,herd,-1.95,-0.050147435501696355,-0.07144387243315563,-0.031103286955913197
retail,fx_level_z_252,herd,-1.9,-0.04968689926240274,-0.0704464172944425,-0.031123535683727954
retail,fx_level_z_252,herd,-1.85,-0.049226363023109135,-0.06944896215572938,-0.031143784411542707
retail,fx_level_z_252,herd,-1.8,-0.04876582678381553,-0.06845150701701626,-0.031164033139357464
retail,fx_level_z_252,herd,-1.75,-0.048305290544521914,-0.06745405187830314,-0.03118428186717222
retail,fx_level_z_252,herd,-1.7,-0.04784475430522831,-0.06645659673959002,-0.031204530594986978
retail,fx_level_z_252,herd,-1.65,-0.047384218065934694,-0.0654591416008769,-0.03122477932280173
retail,fx_level_z_252,herd,-1.6,-0.04692368182664109,-0.06446168646216378,-0.031245028050616488
retail,fx_level_z_252,herd,-1.55,-0.046463145587347474,-0.06346423132345066,-0.031265276778431245
retail,fx_level_z_252,herd,-1.5,-0.04600260934805387,-0.062466776184737546,-0.031285525506246
retail,fx_level_z_252,herd,-1.45,-0.04554207310876025,-0.06146932104602442,-0.03130577423406076
retail,fx_level_z_252,herd,-1.4,-0.04508153686946664,-0.06047186590731131,-0.03132602296187551
retail,fx_level_z_252,herd,-1.35,-0.04462100063017304,-0.05947441076859819,-0.03134627168969027
retail,fx_level_z_252,herd,-1.2999999999999998,-0.04416046439087943,-0.058476955629885065,-0.031366520417505026
retail,fx_level_z_252,herd,-1.25,-0.04369992815158582,-0.05747950049117195,-0.03138676914531978
retail,fx_level_z_252,herd,-1.2,-0.04323939191229221,-0.05648204535245883,-0.03140701787313453
retail,fx_level_z_252,herd,-1.15,-0.0427788556729986,-0.055484590213745716,-0.03142726660094929
retail,fx_level_z_252,herd,-1.1,-0.04231831943370499,-0.0544871350750326,-0.031447515328764046
retail,fx_level_z_252,herd,-1.0499999999999998,-0.04185778319441138,-0.05348967993631947,-0.0314677640565788
retail,fx_level_z_252,herd,-1.0,-0.04139724695511777,-0.05249222479760636,-0.03148801278439356
retail,fx_level_z_252,herd,-0.95,-0.04093671071582416,-0.051494769658893234,-0.03150826151220831
retail,fx_level_z_252,herd,-0.8999999999999999,-0.04047617447653055,-0.050497314520180116,-0.031528510240023074
retail,fx_level_z_252,herd,-0.8499999999999999,-0.04001563823723694,-0.049499859381467,-0.03154875896783783
retail,fx_level_z_252,herd,-0.7999999999999998,-0.03955510199794333,-0.04850240424275388,-0.03156900769565258
retail,fx_level_z_252,herd,-0.75,-0.03909456575864972,-0.04750494910404076,-0.03158925642346734
retail,fx_level_z_252,herd,-0.7,-0.03863402951935611,-0.04650749396532764,-0.031609505151282094
retail,fx_level_z_252,herd,-0.6499999999999999,-0.0381734932800625,-0.04551003882661452,-0.03162975387909685
retail,fx_level_z_252,herd,-0.5999999999999999,-0.03771295704076889,-0.044512583687901404,-0.03165000260691161
retail,fx_level_z_252,herd,-0.5499999999999998,-0.037252420801475276,-0.043515128549188285,-0.03167025133472636
retail,fx_level_z_252,herd,-0.5,-0.036791884562181666,-0.042517673410475174,-0.031661139990319505
retail,fx_level_z_252,herd,-0.44999999999999996,-0.036331348322888056,-0.04152021827176205,-0.03161464808770688
retail,fx_level_z_252,herd,-0.3999999999999999,-0.035870812083594446,-0.04052276313304893,-0.031568156185094266
retail,fx_level_z_252,herd,-0.34999999999999987,-0.035410275844300836,-0.039446619413793044,-0.03152166428248165
retail,fx_level_z_252,herd,-0.2999999999999998,-0.03494973960500723,-0.03832541514188046,-0.031492128241807194
retail,fx_level_z_252,herd,-0.25,-0.03448920336571362,-0.03735848190262905,-0.03159800758585331
retail,fx_level_z_252,herd,-0.19999999999999996,-0.03402866712642001,-0.036463852599263116,-0.0314980992686469
retail,fx_level_z_252,herd,-0.1499999999999999,-0.0335681308871264,-0.035446736533194745,-0.031360071553499416
retail,fx_level_z_252,herd,-0.09999999999999987,-0.03310759464783279,-0.03458889024332161,-0.03104239592328664
retail,fx_level_z_252,herd,-0.04999999999999982,-0.03264705840853918,-0.03400653040036555,-0.030985075235366786
retail,fx_level_z_252,herd,0.0,-0.03218652216924557,-0.03353062048554416,-0.03055255785584446
retail,fx_level_z_252,herd,0.050000000000000266,-0.03172598592995196,-0.033365941676311135,-0.030162230600835737
retail,fx_level_z_252,herd,0.10000000000000009,-0.03126544969065835,-0.03319705093686931,-0.02940105702728028
retail,fx_level_z_252,herd,0.1499999999999999,-0.03080491345136474,-0.033040031832642806,-0.028214801568537905
retail,fx_level_z_252,herd,0.20000000000000018,-0.03034437721207113,-0.03287394227460026,-0.02702854610979552
retail,fx_level_z_252,herd,0.25,-0.02988384097277752,-0.03285761135630308,-0.025842290651053146
retail,fx_level_z_252,herd,0.30000000000000027,-0.02942330473348391,-0.03303024282446127,-0.02478594815358512
retail,fx_level_z_252,herd,0.3500000000000001,-0.0289627684941903,-0.03307553622755215,-0.023836615905165608
retail,fx_level_z_252,herd,0.40000000000000036,-0.02850223225489669,-0.03307468795217567,-0.02285690575838086
retail,fx_level_z_252,herd,0.4500000000000002,-0.02804169601560308,-0.03307383967679919,-0.02186748435720799
retail,fx_level_z_252,herd,0.5,-0.02758115977630947,-0.0331016421783715,-0.020864073745906327
retail,fx_level_z_252,herd,0.5500000000000003,-0.027120623537015862,-0.03314309520181263,-0.01983958812430498
retail,fx_level_z_252,herd,0.6000000000000001,-0.026660087297722252,-0.033215277977287724,-0.018815102502703643
retail,fx_level_z_252,herd,0.6500000000000004,-0.026199551058428642,-0.033218618816172156,-0.017790616881102297
retail,fx_level_z_252,herd,0.7000000000000002,-0.02573901481913503,-0.033213519836426626,-0.016841485910117627
retail,fx_level_z_252,herd,0.75,-0.02527847857984142,-0.03322841434419378,-0.015944852586835628
retail,fx_level_z_252,herd,0.8000000000000003,-0.02481794234054781,-0.03324724448379118,-0.015048219263553621
retail,fx_level_z_252,herd,0.8500000000000001,-0.0243574061012542,-0.0332660746233886,-0.014151585940271624
retail,fx_level_z_252,herd,0.9000000000000004,-0.02389686986196059,-0.033284904762986005,-0.013254952616989616
retail,fx_level_z_252,herd,0.9500000000000002,-0.02343633362266698,-0.033303734902583405,-0.012358319293707619
retail,fx_level_z_252,herd,1.0,-0.02297579738337337,-0.03332256504218082,-0.01141579486429694
retail,fx_level_z_252,herd,1.0500000000000003,-0.02251526114407976,-0.03334139518177823,-0.010457996744662548
retail,fx_level_z_252,herd,1.1,-0.022054724904786153,-0.033360225321375635,-0.009484790451824703
retail,fx_level_z_252,herd,1.1500000000000004,-0.02159418866549254,-0.033379071468952914,-0.008488856721669472
retail,fx_level_z_252,herd,1.2000000000000002,-0.021133652426198933,-0.03340330669656383,-0.0074929229915142465
retail,fx_level_z_252,herd,1.25,-0.020673116186905323,-0.03342754192417474,-0.006496989261359025
retail,fx_level_z_252,herd,1.3000000000000003,-0.020212579947611713,-0.03345177715178565,-0.0055010555312037905
retail,fx_level_z_252,herd,1.35,-0.019752043708318102,-0.03347601237939656,-0.004505121801048568
retail,fx_level_z_252,herd,1.4000000000000004,-0.01929150746902449,-0.033500247607007476,-0.003509188070893336
retail,fx_level_z_252,herd,1.4500000000000002,-0.018830971229730882,-0.03352448283461839,-0.002513254340738111
retail,fx_level_z_252,herd,1.5,-0.018370434990437275,-0.033548718062229296,-0.0015173206105828859
retail,fx_level_z_252,herd,1.5500000000000003,-0.01790989875114366,-0.03357295328984021,-0.0005213868804276561
retail,fx_level_z_252,herd,1.6,-0.01744936251185005,-0.033597188517451124,0.00048820674419395443
retail,fx_level_z_252,herd,1.6500000000000004,-0.01698882627255644,-0.03362142374506203,0.001499246899038477
retail,fx_level_z_252,herd,1.7000000000000002,-0.016528290033262834,-0.033645658972672944,0.0025102870538829944
retail,fx_level_z_252,herd,1.75,-0.016067753793969224,-0.03366989420028386,0.00352132720872751
retail,fx_level_z_252,herd,1.8000000000000003,-0.015607217554675614,-0.03369412942789477,0.004532367363572037
retail,fx_level_z_252,herd,1.85,-0.015146681315382004,-0.03371508189709841,0.0055434075184165495
retail,fx_level_z_252,herd,1.9000000000000004,-0.014686145076088394,-0.033722904562018645,0.0065544476732610725
retail,fx_level_z_252,herd,1.9500000000000002,-0.014225608836794783,-0.033730727226938886,0.007565487828105589
retail,fx_level_z_252,herd,2.0,-0.013765072597501177,-0.03373854989185912,0.008576527982950105
retail,fx_level_z_252,momentum,-2.0,-0.05910393389769714,-0.0678940970450638,-0.04249485321342936
retail,fx_level_z_252,momentum,-1.95,-0.05838517326318336,-0.0669529555179177,-0.042140119662508274
retail,fx_level_z_252,momentum,-1.9,-0.05766641262866958,-0.0660118139907716,-0.04178538611158719
retail,fx_level_z_252,momentum,-1.85,-0.056947651994155815,-0.06507067246362551,-0.041430652560666116
retail,fx_level_z_252,momentum,-1.8,-0.056228891359642034,-0.06412953093647941,-0.041075919009745034
retail,fx_level_z_252,momentum,-1.75,-0.05551013072512826,-0.06318838940933331,-0.04072118545882395
retail,fx_level_z_252,momentum,-1.7,-0.05479137009061448,-0.062247247882187225,-0.04036645190790286
retail,fx_level_z_252,momentum,-1.65,-0.0540726094561007,-0.061306106355041114,-0.040011718356981786
retail,fx_level_z_252,momentum,-1.6,-0.053353848821586926,-0.060364964827895023,-0.039656984806060704
retail,fx_level_z_252,momentum,-1.55,-0.052635088187073145,-0.059423823300748926,-0.03930225125513962
retail,fx_level_z_252,momentum,-1.5,-0.05191632755255938,-0.05848268177360283,-0.03894751770421854
retail,fx_level_z_252,momentum,-1.45,-0.0511975669180456,-0.05754846276715388,-0.0386423066165297
retail,fx_level_z_252,momentum,-1.4,-0.05047880628353182,-0.05663094729185097,-0.038352341093122834
retail,fx_level_z_252,momentum,-1.35,-0.04976004564901804,-0.05571800420060746,-0.03806237556971597
retail,fx_level_z_252,momentum,-1.2999999999999998,-0.04904128501450426,-0.05480506110936396,-0.03777241004630911
retail,fx_level_z_252,momentum,-1.25,-0.04832252437999049,-0.05389211801812045,-0.03746162042953063
retail,fx_level_z_252,momentum,-1.2,-0.04760376374547671,-0.052979174926876954,-0.037150564938783534
retail,fx_level_z_252,momentum,-1.15,-0.04688500311096293,-0.05206623183563345,-0.036839509448036434
retail,fx_level_z_252,momentum,-1.1,-0.04616624247644916,-0.051153288744389944,-0.03652845395728935
retail,fx_level_z_252,momentum,-1.0499999999999998,-0.04544748184193538,-0.05024034565314644,-0.03621739846654225
retail,fx_level_z_252,momentum,-1.0,-0.04472872120742161,-0.04932740256190294,-0.03590634297579516
retail,fx_level_z_252,momentum,-0.95,-0.044009960572907826,-0.048414459470659435,-0.03559528748504806
retail,fx_level_z_252,momentum,-0.8999999999999999,-0.04329119993839405,-0.04750151637941594,-0.03525502158328882
retail,fx_level_z_252,momentum,-0.8499999999999999,-0.04257243930388027,-0.04658857328817243,-0.03487783732824019
retail,fx_level_z_252,momentum,-0.7999999999999998,-0.0418536786693665,-0.04567563019692892,-0.034500653073191556
retail,fx_level_z_252,momentum,-0.75,-0.04113491803485272,-0.0447665347717702,-0.034123468818142925
retail,fx_level_z_252,momentum,-0.7,-0.040416157400338944,-0.04386246901005503,-0.033746284563094295
retail,fx_level_z_252,momentum,-0.6499999999999999,-0.03969739676582516,-0.04289473503828044,-0.033369100308045664
retail,fx_level_z_252,momentum,-0.5999999999999999,-0.03897863613131139,-0.04190815217792983,-0.03299191605299703
retail,fx_level_z_252,momentum,-0.5499999999999998,-0.03825987549679761,-0.041030250992625895,-0.0326147317979484
retail,fx_level_z_252,momentum,-0.5,-0.037541114862283835,-0.04015464894473545,-0.03223754754289977
retail,fx_level_z_252,momentum,-0.44999999999999996,-0.03682235422777006,-0.039325954243540684,-0.03186036328785114
retail,fx_level_z_252,momentum,-0.3999999999999999,-0.03610359359325628,-0.038520281314849775,-0.03148317903280251
retail,fx_level_z_252,momentum,-0.34999999999999987,-0.0353848329587425,-0.03769307726994152,-0.03094544397667042
retail,fx_level_z_252,momentum,-0.2999999999999998,-0.034666072324228726,-0.036776051931083166,-0.030681396163999956
retail,fx_level_z_252,momentum,-0.25,-0.03394731168971495,-0.035867297928780274,-0.030349807534366786
retail,fx_level_z_252,momentum,-0.19999999999999996,-0.03322855105520117,-0.034990231767296764,-0.029960648864507614
retail,fx_level_z_252,momentum,-0.1499999999999999,-0.03250979042068739,-0.03415014707483349,-0.029571490194648446
retail,fx_level_z_252,momentum,-0.09999999999999987,-0.03179102978617362,-0.033522408865392164,-0.029182331524789277
retail,fx_level_z_252,momentum,-0.04999999999999982,-0.03107226915165984,-0.03290572745725508,-0.028793172854930108
retail,fx_level_z_252,momentum,0.0,-0.030353508517146067,-0.03216116130352014,-0.02840401418507094
retail,fx_level_z_252,momentum,0.050000000000000266,-0.029634747882632286,-0.031356588117778236,-0.028074760721065052
retail,fx_level_z_252,momentum,0.10000000000000009,-0.028915987248118516,-0.030785658564418488,-0.027437609173357445
retail,fx_level_z_252,momentum,0.1499999999999999,-0.02819722661360474,-0.03014239910989996,-0.026581328455358724
retail,fx_level_z_252,momentum,0.20000000000000018,-0.027478465979090958,-0.029458155855536426,-0.025771918371319733
retail,fx_level_z_252,momentum,0.25,-0.02675970534457718,-0.028788165654987066,-0.024835536349564754
retail,fx_level_z_252,momentum,0.30000000000000027,-0.0260409447100634,-0.028206218779087057,-0.023890820890665024
retail,fx_level_z_252,momentum,0.3500000000000001,-0.025322184075549627,-0.027592331971973173,-0.022893751785159084
retail,fx_level_z_252,momentum,0.40000000000000036,-0.02460342344103585,-0.02699536833912132,-0.021955184787511805
retail,fx_level_z_252,momentum,0.4500000000000002,-0.023884662806522072,-0.026485553393140394,-0.021047082711011158
retail,fx_level_z_252,momentum,0.5,-0.0231659021720083,-0.02600521305575963,-0.020138980634510507
retail,fx_level_z_252,momentum,0.5500000000000003,-0.022447141537494518,-0.025505550559610096,-0.019230878558009853
retail,fx_level_z_252,momentum,0.6000000000000001,-0.021728380902980744,-0.02489675343036648,-0.018322776481509206
retail,fx_level_z_252,momentum,0.6500000000000004,-0.021009620268466964,-0.02430431829765433,-0.01741467440500855
retail,fx_level_z_252,momentum,0.7000000000000002,-0.020290859633953186,-0.023802373073995055,-0.0165065723285079
retail,fx_level_z_252,momentum,0.75,-0.019572098999439413,-0.023300427850335783,-0.015598470252007253
retail,fx_level_z_252,momentum,0.8000000000000003,-0.018853338364925632,-0.022844761684536873,-0.014690368175506596
retail,fx_level_z_252,momentum,0.8500000000000001,-0.01813457773041186,-0.022392386393621507,-0.013782266099005949
retail,fx_level_z_252,momentum,0.9000000000000004,-0.017415817095898078,-0.022023821156471904,-0.012850616760551969
retail,fx_level_z_252,momentum,0.9500000000000002,-0.016697056461384304,-0.021669586980715333,-0.011894405763596343
retail,fx_level_z_252,momentum,1.0,-0.01597829582687053,-0.02131535280495876,-0.010938194766640716
retail,fx_level_z_252,momentum,1.0500000000000003,-0.015259535192356748,-0.020961118629202184,-0.009981983769685083
retail,fx_level_z_252,momentum,1.1,-0.014540774557842974,-0.020606884453445613,-0.009025772772729456
retail,fx_level_z_252,momentum,1.1500000000000004,-0.013822013923329194,-0.02025265027768904,-0.008069561775773823
retail,fx_level_z_252,momentum,1.2000000000000002,-0.013103253288815418,-0.019898416101932465,-0.007113350778818197
retail,fx_level_z_252,momentum,1.25,-0.012384492654301645,-0.019544181926175894,-0.006157139781862571
retail,fx_level_z_252,momentum,1.3000000000000003,-0.011665732019787864,-0.01918994775041932,-0.005200928784906937
retail,fx_level_z_252,momentum,1.35,-0.01094697138527409,-0.01883571357466275,-0.004244717787951311
retail,fx_level_z_252,momentum,1.4000000000000004,-0.01022821075076031,-0.018481479398906174,-0.003288506790995677
retail,fx_level_z_252,momentum,1.4500000000000002,-0.009509450116246534,-0.018127245223149603,-0.002332295794040052
retail,fx_level_z_252,momentum,1.5,-0.00879068948173276,-0.01777301104739303,-0.0014333734288812772
retail,fx_level_z_252,momentum,1.5500000000000003,-0.00807192884721898,-0.017418776871636454,-0.0005644211731852173
retail,fx_level_z_252,momentum,1.6,-0.007353168212705205,-0.017064542695879883,0.00030453108251083283
retail,fx_level_z_252,momentum,1.6500000000000004,-0.006634407578191425,-0.01671030852012331,0.0011734833382068893
retail,fx_level_z_252,momentum,1.7000000000000002,-0.00591564694367765,-0.016356074344366735,0.0020424355939029407
retail,fx_level_z_252,momentum,1.75,-0.005196886309163876,-0.016001840168610164,0.0029113878495989924
retail,fx_level_z_252,momentum,1.8000000000000003,-0.004478125674650095,-0.01564760599285359,0.003780340105295051
retail,fx_level_z_252,momentum,1.85,-0.003759365040136321,-0.015293371817097017,0.004649292360991103
retail,fx_level_z_252,momentum,1.9000000000000004,-0.0030406044056225396,-0.014939137641340442,0.005518244616687159
retail,fx_level_z_252,momentum,1.9500000000000002,-0.002321843771108766,-0.01458490346558387,0.006387196872383212
retail,fx_level_z_252,momentum,2.0,-0.0016030831365949913,-0.014230669289827299,0.0072561491280792615
retail,fx_level_z_252,underwater,-2.0,0.0664556620849502,0.05291712172329418,0.08086740709841246
retail,fx_level_z_252,underwater,-1.95,0.06552643573429008,0.05223524500615887,0.07961073134094472
retail,fx_level_z_252,underwater,-1.9,0.06459720938362995,0.05155336828902356,0.07835405558347697
retail,fx_level_z_252,underwater,-1.85,0.06366798303296983,0.05087149157188825,0.07708154076710336
retail,fx_level_z_252,underwater,-1.8,0.06273875668230972,0.050189614854752936,0.07580871716141693
retail,fx_level_z_252,underwater,-1.75,0.061809530331649584,0.04950773813761763,0.07453589355573051
retail,fx_level_z_252,underwater,-1.7,0.06088030398098946,0.04882586142048232,0.07326306995004407
retail,fx_level_z_252,underwater,-1.65,0.059951077630329336,0.048143984703347006,0.07199024634435765
retail,fx_level_z_252,underwater,-1.6,0.05902185127966922,0.0474621079862117,0.07071742273867122
retail,fx_level_z_252,underwater,-1.55,0.058092624929009094,0.04678023126907639,0.0694445991329848
retail,fx_level_z_252,underwater,-1.5,0.05716339857834897,0.046098354551941084,0.06817207802087057
retail,fx_level_z_252,underwater,-1.45,0.056234172227688846,0.04541647783480577,0.0669147534854709
retail,fx_level_z_252,underwater,-1.4,0.05530494587702872,0.04473460111767046,0.06565742895007122
retail,fx_level_z_252,underwater,-1.35,0.05437571952636861,0.04405272440053515,0.06440010441467155
retail,fx_level_z_252,underwater,-1.2999999999999998,0.05344649317570847,0.043370847683399834,0.06314277987927187
retail,fx_level_z_252,underwater,-1.25,0.05251726682504835,0.04268897096626453,0.06188545534387221
retail,fx_level_z_252,underwater,-1.2,0.051588040474388225,0.04200709424912922,0.06062813080847253
retail,fx_level_z_252,underwater,-1.15,0.05065881412372811,0.04132521753199391,0.059370806273072854
retail,fx_level_z_252,underwater,-1.1,0.04972958777306799,0.0406433408148586,0.05811348173767319
retail,fx_level_z_252,underwater,-1.0499999999999998,0.04880036142240786,0.03996146409772328,0.05685615720227351
retail,fx_level_z_252,underwater,-1.0,0.04787113507174774,0.03927958738058798,0.05559883266687384
retail,fx_level_z_252,underwater,-0.95,0.04694190872108762,0.03859771066345267,0.054349154084920796
retail,fx_level_z_252,underwater,-0.8999999999999999,0.0460126823704275,0.03791583394631736,0.053106296509504235
retail,fx_level_z_252,underwater,-0.8499999999999999,0.04508345601976736,0.037233957229182046,0.05188504341989749
retail,fx_level_z_252,underwater,-0.7999999999999998,0.044154229669107245,0.03655208051204674,0.05068247288465494
retail,fx_level_z_252,underwater,-0.75,0.04322500331844713,0.03587020379491143,0.04947990234941239
retail,fx_level_z_252,underwater,-0.7,0.042295776967787,0.03518832707777612,0.04826135221868749
retail,fx_level_z_252,underwater,-0.6499999999999999,0.04136655061712687,0.03450645036064081,0.04702109310775991
retail,fx_level_z_252,underwater,-0.5999999999999999,0.04043732426646675,0.033824573643505496,0.04577643990516658
retail,fx_level_z_252,underwater,-0.5499999999999998,0.03950809791580663,0.03314269692637019,0.044522572532296134
retail,fx_level_z_252,underwater,-0.5,0.03857887156514651,0.03246082020923488,0.0432687051594257
retail,fx_level_z_252,underwater,-0.44999999999999996,0.03764964521448639,0.031761666433885595,0.04203019466251129
retail,fx_level_z_252,underwater,-0.3999999999999999,0.036720418863826265,0.030988750606775188,0.04088047288358205
retail,fx_level_z_252,underwater,-0.34999999999999987,0.03579119251316614,0.030345296142622737,0.039719718955457145
retail,fx_level_z_252,underwater,-0.2999999999999998,0.03486196616250602,0.029726865012198594,0.038536287173628773
retail,fx_level_z_252,underwater,-0.25,0.03393273981184589,0.02905143662355833,0.037304194830357996
retail,fx_level_z_252,underwater,-0.19999999999999996,0.03300351346118577,0.02836955990642302,0.036055575534701303
retail,fx_level_z_252,underwater,-0.1499999999999999,0.032074287110525644,0.027687683189287708,0.034869470465928275
retail,fx_level_z_252,underwater,-0.09999999999999987,0.031145060759865523,0.02707324950024481,0.03377665787935255
retail,fx_level_z_252,underwater,-0.04999999999999982,0.0302158344092054,0.026457235729321793,0.032830652557313426
retail,fx_level_z_252,underwater,0.0,0.029286608058545275,0.02566937282681462,0.031953161954879704
retail,fx_level_z_252,underwater,0.050000000000000266,0.02835738170788515,0.024960176320746465,0.031221361244097294
retail,fx_level_z_252,underwater,0.10000000000000009,0.02742815535722503,0.02427829960361116,0.030422616153955397
retail,fx_level_z_252,underwater,0.1499999999999999,0.02649892900656491,0.0235884156636893,0.029508006423711722
retail,fx_level_z_252,underwater,0.20000000000000018,0.02556970265590478,0.022790801227092688,0.02860489271581168
retail,fx_level_z_252,underwater,0.25,0.024640476305244664,0.021990105323493436,0.027739411499351222
retail,fx_level_z_252,underwater,0.30000000000000027,0.023711249954584533,0.02106690376996989,0.026972378864884353
retail,fx_level_z_252,underwater,0.3500000000000001,0.022782023603924416,0.020143702216446357,0.02620423290878533
retail,fx_level_z_252,underwater,0.40000000000000036,0.021852797253264285,0.019220500662922815,0.02538598865270613
retail,fx_level_z_252,underwater,0.4500000000000002,0.020923570902604167,0.018127413224428884,0.024567744396626942
retail,fx_level_z_252,underwater,0.5,0.019994344551944047,0.01706380527466531,0.02374950014054775
retail,fx_level_z_252,underwater,0.5500000000000003,0.01906511820128392,0.015844321977347083,0.022945695957168933
retail,fx_level_z_252,underwater,0.6000000000000001,0.0181358918506238,0.01462483868002887,0.022145785354077817
retail,fx_level_z_252,underwater,0.6500000000000004,0.01720666549996367,0.013405355382710643,0.021384556824341382
retail,fx_level_z_252,underwater,0.7000000000000002,0.016277439149303553,0.01260408218950031,0.020643179770559045
retail,fx_level_z_252,underwater,0.75,0.015348212798643431,0.011465040501207108,0.019901802716776707
retail,fx_level_z_252,underwater,0.8000000000000003,0.014418986447983303,0.010415845364332176,0.01916145868599411
retail,fx_level_z_252,underwater,0.8500000000000001,0.013489760097323184,0.009209031760692574,0.018431014753878087
retail,fx_level_z_252,underwater,0.9000000000000004,0.012560533746663056,0.00798844747245312,0.017700570821762053
retail,fx_level_z_252,underwater,0.9500000000000002,0.011631307396002934,0.006865261364728256,0.01697012688964603
retail,fx_level_z_252,underwater,1.0,0.010702081045342815,0.005606755986809759,0.016239682957529998
retail,fx_level_z_252,underwater,1.0500000000000003,0.009772854694682687,0.004323346223682189,0.015501745585352215
retail,fx_level_z_252,underwater,1.1,0.008843628344022568,0.0030399364605546305,0.014846310056746042
retail,fx_level_z_252,underwater,1.1500000000000004,0.007914401993362439,0.0017565266974270606,0.01414233861491083
retail,fx_level_z_252,underwater,1.2000000000000002,0.00698517564270232,0.0004731169342995023,0.013410302326083177
retail,fx_level_z_252,underwater,1.25,0.0060559492920422,-0.000810292828828056,0.012678266037255526
retail,fx_level_z_252,underwater,1.3000000000000003,0.0051267229413820715,-0.0020937025919556245,0.01195311084389685
retail,fx_level_z_252,underwater,1.35,0.0041974965907219525,-0.0033771123550831823,0.011303102485835543
retail,fx_level_z_252,underwater,1.4000000000000004,0.0032682702400618244,-0.004660522118210751,0.010653094127774227
retail,fx_level_z_252,underwater,1.4500000000000002,0.0023390438894017045,-0.005943931881338313,0.009943007063120582
retail,fx_level_z_252,underwater,1.5,0.0014098175387415844,-0.0072144072502851415,0.00921010803431271
retail,fx_level_z_252,underwater,1.5500000000000003,0.0004805911880814564,-0.008469748198986049,0.008477209005504829
retail,fx_level_z_252,underwater,1.6,-0.00044863516257866344,-0.009725089147686949,0.007744309976696955
retail,fx_level_z_252,underwater,1.6500000000000004,-0.0013778615132387913,-0.01098043009638786,0.007011410947889074
retail,fx_level_z_252,underwater,1.7000000000000002,-0.002307087863898911,-0.01223577104508876,0.0062785119190812005
retail,fx_level_z_252,underwater,1.75,-0.0032363142145590312,-0.013491111993789658,0.005545612890273325
retail,fx_level_z_252,underwater,1.8000000000000003,-0.004165540565219159,-0.014746452942490568,0.004812713861465444
retail,fx_level_z_252,underwater,1.85,-0.005094766915879279,-0.016001793891191468,0.004079814832657571
retail,fx_level_z_252,underwater,1.9000000000000004,-0.006023993266539407,-0.01725713483989238,0.003346915803849688
retail,fx_level_z_252,underwater,1.9500000000000002,-0.006953219617199527,-0.018512475788593278,0.0026140167750418157
retail,fx_level_z_252,underwater,2.0,-0.007882445967859647,-0.019767816737294178,0.0018811177462339404
retail,kospi_return_1d,herd,-2.0,-0.0161366760743679,-0.02713044490665202,-0.0022855971008540125
retail,kospi_return_1d,herd,-1.95,-0.016537922226739842,-0.02722706869710241,-0.0030322077404708572
retail,kospi_return_1d,herd,-1.9,-0.016939168379111785,-0.027323692487552804,-0.003778818380087702
retail,kospi_return_1d,herd,-1.85,-0.017340414531483724,-0.027420316278003194,-0.004525429019704543
retail,kospi_return_1d,herd,-1.8,-0.017741660683855666,-0.027527000084519415,-0.005273646861314768
retail,kospi_return_1d,herd,-1.75,-0.01814290683622761,-0.027646816987544325,-0.006042716279625883
retail,kospi_return_1d,herd,-1.7,-0.01854415298859955,-0.027766633890569235,-0.006811785697937002
retail,kospi_return_1d,herd,-1.65,-0.018945399140971493,-0.027886450793594142,-0.007580855116248121
retail,kospi_return_1d,herd,-1.6,-0.019346645293343432,-0.028006267696619052,-0.008349924534559237
retail,kospi_return_1d,herd,-1.55,-0.019747891445715374,-0.028126084599643962,-0.009118993952870356
retail,kospi_return_1d,herd,-1.5,-0.020149137598087317,-0.02824590150266887,-0.009888063371181475
retail,kospi_return_1d,herd,-1.45,-0.02055038375045926,-0.028365718405693782,-0.010657132789492594
retail,kospi_return_1d,herd,-1.4,-0.0209516299028312,-0.02848553530871869,-0.0114340069890022
retail,kospi_return_1d,herd,-1.35,-0.02135287605520314,-0.028605352211743595,-0.012216009460389582
retail,kospi_return_1d,herd,-1.2999999999999998,-0.021754122207575086,-0.028725169114768506,-0.012998011931776972
retail,kospi_return_1d,herd,-1.25,-0.02215536835994703,-0.028844986017793416,-0.013780014403164353
retail,kospi_return_1d,herd,-1.2,-0.022556614512318968,-0.02897892072796822,-0.014562016874551739
retail,kospi_return_1d,herd,-1.15,-0.02295786066469091,-0.029166984399780622,-0.015344019345939125
retail,kospi_return_1d,herd,-1.1,-0.02335910681706285,-0.029359378125518545,-0.016126021817326506
retail,kospi_return_1d,herd,-1.0499999999999998,-0.023760352969434795,-0.029551771851256473,-0.016908024288713897
retail,kospi_return_1d,herd,-1.0,-0.024161599121806734,-0.029744165576994403,-0.017690026760101278
retail,kospi_return_1d,herd,-0.95,-0.02456284527417868,-0.029927966573741284,-0.018472029231488662
retail,kospi_return_1d,herd,-0.8999999999999999,-0.02496409142655062,-0.030065606334246688,-0.01925403170287605
retail,kospi_return_1d,herd,-0.8499999999999999,-0.02536533757892256,-0.03020324609475209,-0.020036034174263435
retail,kospi_return_1d,herd,-0.7999999999999998,-0.025766583731294507,-0.030340885855257498,-0.020818036645650823
retail,kospi_return_1d,herd,-0.75,-0.026167829883666446,-0.030478525615762902,-0.021581505518406565
retail,kospi_return_1d,herd,-0.7,-0.026569076036038385,-0.03061616537626831,-0.022321247272193364
retail,kospi_return_1d,herd,-0.6499999999999999,-0.02697032218841033,-0.030753805136773713,-0.02306098902598017
retail,kospi_return_1d,herd,-0.5999999999999999,-0.02737156834078227,-0.030895728487521378,-0.02380073077976697
retail,kospi_return_1d,herd,-0.5499999999999998,-0.027772814493154212,-0.031064714868552952,-0.02454047253355377
retail,kospi_return_1d,herd,-0.5,-0.02817406064552615,-0.031223070001578885,-0.02528021428734057
retail,kospi_return_1d,herd,-0.44999999999999996,-0.028575306797898097,-0.03126343067822745,-0.025968668572604617
retail,kospi_return_1d,herd,-0.3999999999999999,-0.028976552950270035,-0.031393751692958174,-0.026487853601574893
retail,kospi_return_1d,herd,-0.34999999999999987,-0.02937779910264198,-0.0316003747092327,-0.02707144579850135
retail,kospi_return_1d,herd,-0.2999999999999998,-0.02977904525501392,-0.031806997725507234,-0.02767321189865466
retail,kospi_return_1d,herd,-0.25,-0.030180291407385863,-0.032018528855405716,-0.028171031409874536
retail,kospi_return_1d,herd,-0.19999999999999996,-0.0305815375597578,-0.032193646086379875,-0.02864733669906852
retail,kospi_return_1d,herd,-0.1499999999999999,-0.030982783712129747,-0.03245957661652936,-0.029146810695528953
retail,kospi_return_1d,herd,-0.09999999999999987,-0.031384029864501686,-0.032725507146678844,-0.029735557725653023
retail,kospi_return_1d,herd,-0.04999999999999982,-0.03178527601687363,-0.033051244216039756,-0.030076252566650478
retail,kospi_return_1d,herd,0.0,-0.03218652216924557,-0.03353062048554416,-0.03055255785584446
retail,kospi_return_1d,herd,0.050000000000000266,-0.03258776832161751,-0.034017244679853294,-0.03102886314503845
retail,kospi_return_1d,herd,0.10000000000000009,-0.032989014473989456,-0.034554911889135814,-0.03141668849508275
retail,kospi_return_1d,herd,0.1499999999999999,-0.0333902606263614,-0.035161381680518335,-0.031665219221904385
retail,kospi_return_1d,herd,0.20000000000000018,-0.03379150677873334,-0.03575535960495469,-0.03200314845889805
retail,kospi_return_1d,herd,0.25,-0.03419275293110528,-0.03636665111407633,-0.03219316884642461
retail,kospi_return_1d,herd,0.30000000000000027,-0.034593999083477225,-0.037058016285300234,-0.03231133070308709
retail,kospi_return_1d,herd,0.3500000000000001,-0.03499524523584917,-0.03780811112374064,-0.03242949255974957
retail,kospi_return_1d,herd,0.40000000000000036,-0.03539649138822111,-0.03855820596218106,-0.03254765441641205
retail,kospi_return_1d,herd,0.4500000000000002,-0.035797737540593046,-0.039308300800621476,-0.03266581627307453
retail,kospi_return_1d,herd,0.5,-0.03619898369296499,-0.04005839563906188,-0.032783978129737004
retail,kospi_return_1d,herd,0.5500000000000003,-0.03660022984533693,-0.04083808232098815,-0.032922290801070564
retail,kospi_return_1d,herd,0.6000000000000001,-0.03700147599770887,-0.041606315411627244,-0.03313409900292748
retail,kospi_return_1d,herd,0.6500000000000004,-0.037402722150080815,-0.04230696982704098,-0.033345907204784385
retail,kospi_return_1d,herd,0.7000000000000002,-0.03780396830245276,-0.04300762424245471,-0.03355771540664129
retail,kospi_return_1d,herd,0.75,-0.0382052144548247,-0.04370827865786844,-0.0337695236084982
retail,kospi_return_1d,herd,0.8000000000000003,-0.03860646060719664,-0.044408933073282184,-0.03397357352077953
retail,kospi_return_1d,herd,0.8500000000000001,-0.039007706759568585,-0.04510958748869592,-0.03417324719484888
retail,kospi_return_1d,herd,0.9000000000000004,-0.03940895291194053,-0.04581024190410966,-0.034372920868918216
retail,kospi_return_1d,herd,0.9500000000000002,-0.03981019906431246,-0.04651089631952338,-0.034572594542987556
retail,kospi_return_1d,herd,1.0,-0.040211445216684405,-0.047211550734937116,-0.034772268217056895
retail,kospi_return_1d,herd,1.0500000000000003,-0.04061269136905635,-0.047924145804718064,-0.03497194189112624
retail,kospi_return_1d,herd,1.1,-0.0410139375214283,-0.04865871449932448,-0.03516667648218563
retail,kospi_return_1d,herd,1.1500000000000004,-0.04141518367380023,-0.04939328319393091,-0.03542252107057711
retail,kospi_return_1d,herd,1.2000000000000002,-0.041816429826172175,-0.05012785188853733,-0.0356744034960865
retail,kospi_return_1d,herd,1.25,-0.04221767597854412,-0.05086242058314374,-0.035887605627067276
retail,kospi_return_1d,herd,1.3000000000000003,-0.04261892213091606,-0.05159698927775017,-0.03609632635489096
retail,kospi_return_1d,herd,1.35,-0.043020168283288,-0.052331557972356585,-0.03629852677695443
retail,kospi_return_1d,herd,1.4000000000000004,-0.043421414435659944,-0.05306612666696302,-0.036500727199017896
retail,kospi_return_1d,herd,1.4500000000000002,-0.043822660588031886,-0.053801731234416256,-0.036693994919769365
retail,kospi_return_1d,herd,1.5,-0.04422390674040382,-0.054548341874033096,-0.036855287151411065
retail,kospi_return_1d,herd,1.5500000000000003,-0.044625152892775764,-0.05529495251364995,-0.03701657938305278
retail,kospi_return_1d,herd,1.6,-0.045026399045147714,-0.05604156315326679,-0.037172777131199715
retail,kospi_return_1d,herd,1.6500000000000004,-0.045427645197519656,-0.05678817379288364,-0.037323223047423984
retail,kospi_return_1d,herd,1.7000000000000002,-0.04582889134989159,-0.05753478443250048,-0.03747366896364825
retail,kospi_return_1d,herd,1.75,-0.046230137502263534,-0.05828139507211732,-0.037624114879872515
retail,kospi_return_1d,herd,1.8000000000000003,-0.046631383654635476,-0.059028005711734166,-0.037774560796096784
retail,kospi_return_1d,herd,1.85,-0.04703262980700741,-0.059774616351351006,-0.037925006712321054
retail,kospi_return_1d,herd,1.9000000000000004,-0.047433875959379354,-0.06052122699096786,-0.03807545262854532
retail,kospi_return_1d,herd,1.9500000000000002,-0.0478351221117513,-0.0612678376305847,-0.03822589854476959
retail,kospi_return_1d,herd,2.0,-0.048236368264123246,-0.06201444827020154,-0.038376344460993854
retail,kospi_return_1d,momentum,-2.0,-0.03459466715834817,-0.042699351720511765,-0.02289012502878908
retail,kospi_return_1d,momentum,-1.95,-0.034488638192318115,-0.04240508931223288,-0.023089962503872845
retail,kospi_return_1d,momentum,-1.9,-0.034382609226288066,-0.042110826903954,-0.023289799978956614
retail,kospi_return_1d,momentum,-1.85,-0.03427658026025801,-0.04181656449567512,-0.02348963745404038
retail,kospi_return_1d,momentum,-1.8,-0.03417055129422796,-0.04152230208739624,-0.023689474929124144
retail,kospi_return_1d,momentum,-1.75,-0.034064522328197906,-0.04122803967911736,-0.023889312404207913
retail,kospi_return_1d,momentum,-1.7,-0.03395849336216785,-0.04093377727083848,-0.024089149879291682
retail,kospi_return_1d,momentum,-1.65,-0.0338524643961378,-0.0406395148625596,-0.024288987354375447
retail,kospi_return_1d,momentum,-1.6,-0.033746435430107746,-0.04034525245428072,-0.024488824829459216
retail,kospi_return_1d,momentum,-1.55,-0.0336404064640777,-0.040050990046001836,-0.02468866230454298
retail,kospi_return_1d,momentum,-1.5,-0.03353437749804764,-0.03975672763772296,-0.02488849977962675
retail,kospi_return_1d,momentum,-1.45,-0.03342834853201759,-0.039462465229444084,-0.02508833725471052
retail,kospi_return_1d,momentum,-1.4,-0.03332231956598754,-0.0391682028211652,-0.025288174729794284
retail,kospi_return_1d,momentum,-1.35,-0.03321629059995749,-0.03887394041288632,-0.02548801220487805
retail,kospi_return_1d,momentum,-1.2999999999999998,-0.03311026163392743,-0.03857967800460744,-0.025687849679961818
retail,kospi_return_1d,momentum,-1.25,-0.033004232667897385,-0.03828541559632856,-0.025887687155045584
retail,kospi_return_1d,momentum,-1.2,-0.03289820370186733,-0.03799115318804968,-0.02611188042908912
retail,kospi_return_1d,momentum,-1.15,-0.03279217473583728,-0.0376968907797708,-0.0263586792768911
retail,kospi_return_1d,momentum,-1.1,-0.032686145769807225,-0.03740262837149192,-0.026605478124693077
retail,kospi_return_1d,momentum,-1.0499999999999998,-0.032580116803777176,-0.03710836596321304,-0.02685227697249506
retail,kospi_return_1d,momentum,-1.0,-0.03247408783774712,-0.03681410355493416,-0.02709907582029704
retail,kospi_return_1d,momentum,-0.95,-0.032368058871717065,-0.0364788061706348,-0.02734587466809902
retail,kospi_return_1d,momentum,-0.8999999999999999,-0.03226202990568701,-0.036135323019698136,-0.027592673515901
retail,kospi_return_1d,momentum,-0.8499999999999999,-0.03215600093965696,-0.03579183986876148,-0.02783947236370298
retail,kospi_return_1d,momentum,-0.7999999999999998,-0.032049971973626905,-0.03544835671782482,-0.02808627121150496
retail,kospi_return_1d,momentum,-0.75,-0.031943943007596856,-0.03511421710718414,-0.02833307005930694
retail,kospi_return_1d,momentum,-0.7,-0.0318379140415668,-0.034788162121549164,-0.02857986890710892
retail,kospi_return_1d,momentum,-0.6499999999999999,-0.03173188507553675,-0.034462107135914175,-0.02872281379997729
retail,kospi_return_1d,momentum,-0.5999999999999999,-0.031625856109506696,-0.03416519874706856,-0.028687165761366422
retail,kospi_return_1d,momentum,-0.5499999999999998,-0.03151982714347665,-0.03392838526982806,-0.02849609682569274
retail,kospi_return_1d,momentum,-0.5,-0.03141379817744659,-0.03369890223257234,-0.02868016569409515
retail,kospi_return_1d,momentum,-0.44999999999999996,-0.03130776921141654,-0.03353488516993811,-0.028771456233225703
retail,kospi_return_1d,momentum,-0.3999999999999999,-0.031201740245386488,-0.03338565327227107,-0.02884051293134686
retail,kospi_return_1d,momentum,-0.34999999999999987,-0.031095711279356435,-0.03317470119800413,-0.0289067330770194
retail,kospi_return_1d,momentum,-0.2999999999999998,-0.03098968231332638,-0.03284859708510334,-0.02893090825527901
retail,kospi_return_1d,momentum,-0.25,-0.03088365334729633,-0.03255320317111906,-0.028903730912133975
retail,kospi_return_1d,momentum,-0.19999999999999996,-0.030777624381266275,-0.03222242737188929,-0.028784086965024394
retail,kospi_return_1d,momentum,-0.1499999999999999,-0.030671595415236223,-0.03200443700188768,-0.02866118171368721
retail,kospi_return_1d,momentum,-0.09999999999999987,-0.03056556644920617,-0.031945614498108586,-0.028596332464367116
retail,kospi_return_1d,momentum,-0.04999999999999982,-0.03045953748317612,-0.032044724380830274,-0.028611465860158152
retail,kospi_return_1d,momentum,0.0,-0.030353508517146067,-0.03216116130352014,-0.02840401418507094
retail,kospi_return_1d,momentum,0.050000000000000266,-0.030247479551116015,-0.03206086414167654,-0.028285964360693416
retail,kospi_return_1d,momentum,0.10000000000000009,-0.030141450585085963,-0.03192501528654247,-0.028190447327215176
retail,kospi_return_1d,momentum,0.1499999999999999,-0.03003542161905591,-0.03196387855568899,-0.028094930293736935
retail,kospi_return_1d,momentum,0.20000000000000018,-0.029929392653025858,-0.032093720138072906,-0.027935578431934043
retail,kospi_return_1d,momentum,0.25,-0.029823363686995806,-0.03236844330094749,-0.027707291441038184
retail,kospi_return_1d,momentum,0.30000000000000027,-0.029717334720965754,-0.032558935966808325,-0.027530405875295358
retail,kospi_return_1d,momentum,0.3500000000000001,-0.029611305754935695,-0.03269058029633013,-0.027309402297250894
retail,kospi_return_1d,momentum,0.40000000000000036,-0.02950527678890565,-0.032828350700438,-0.027081579007208315
retail,kospi_return_1d,momentum,0.4500000000000002,-0.029399247822875597,-0.03298448527930301,-0.026804670081473858
retail,kospi_return_1d,momentum,0.5,-0.02929321885684554,-0.03315458639990535,-0.026510179275646778
retail,kospi_return_1d,momentum,0.5500000000000003,-0.029187189890815486,-0.033324687520507684,-0.026233269462827603
retail,kospi_return_1d,momentum,0.6000000000000001,-0.029081160924785434,-0.033494788641110024,-0.026044107908383022
retail,kospi_return_1d,momentum,0.6500000000000004,-0.028975131958755382,-0.03366488976171236,-0.025854946353938445
retail,kospi_return_1d,momentum,0.7000000000000002,-0.02886910299272533,-0.033834990882314696,-0.025665784799493867
retail,kospi_return_1d,momentum,0.75,-0.028763074026695278,-0.034005092002917035,-0.02547662324504929
retail,kospi_return_1d,momentum,0.8000000000000003,-0.028657045060665225,-0.034181039519607985,-0.025207015872001658
retail,kospi_return_1d,momentum,0.8500000000000001,-0.028551016094635173,-0.034375614954624295,-0.024870238797739204
retail,kospi_return_1d,momentum,0.9000000000000004,-0.02844498712860512,-0.0345701903896406,-0.024521013144403754
retail,kospi_return_1d,momentum,0.9500000000000002,-0.02833895816257507,-0.0347647658246569,-0.024171787491068308
retail,kospi_return_1d,momentum,1.0,-0.028232929196545017,-0.0349593412596732,-0.02382256183773286
retail,kospi_return_1d,momentum,1.0500000000000003,-0.028126900230514965,-0.03515391669468951,-0.02347333618439741
retail,kospi_return_1d,momentum,1.1,-0.028020871264484912,-0.03534849212970581,-0.023124110531061965
retail,kospi_return_1d,momentum,1.1500000000000004,-0.02791484229845486,-0.035543067564722114,-0.022772465944290207
retail,kospi_return_1d,momentum,1.2000000000000002,-0.0278088133324248,-0.03573764299973841,-0.022419351488351873
retail,kospi_return_1d,momentum,1.25,-0.027702784366394756,-0.03593221843475471,-0.02212116695009173
retail,kospi_return_1d,momentum,1.3000000000000003,-0.027596755400364697,-0.03612679386977102,-0.021778171062469525
retail,kospi_return_1d,momentum,1.35,-0.027490726434334645,-0.03632136930478732,-0.021426367610693026
retail,kospi_return_1d,momentum,1.4000000000000004,-0.027384697468304593,-0.03651594473980363,-0.02107456415891652
retail,kospi_return_1d,momentum,1.4500000000000002,-0.02727866850227454,-0.036710520174819926,-0.02072276070714002
retail,kospi_return_1d,momentum,1.5,-0.027172639536244488,-0.036905095609836236,-0.02037095725536352
retail,kospi_return_1d,momentum,1.5500000000000003,-0.027066610570214436,-0.03709967104485253,-0.020019153803587014
retail,kospi_return_1d,momentum,1.6,-0.026960581604184384,-0.037294246479868835,-0.019667350351810515
retail,kospi_return_1d,momentum,1.6500000000000004,-0.026854552638154332,-0.037488821914885145,-0.019315546900034012
retail,kospi_return_1d,momentum,1.7000000000000002,-0.02674852367212428,-0.03768339734990145,-0.018963743448257513
retail,kospi_return_1d,momentum,1.75,-0.026642494706094227,-0.037877972784917745,-0.01861193999648101
retail,kospi_return_1d,momentum,1.8000000000000003,-0.026536465740064175,-0.038077773135155375,-0.018260136544704507
retail,kospi_return_1d,momentum,1.85,-0.026430436774034123,-0.03827761061023914,-0.017908333092928004
retail,kospi_return_1d,momentum,1.9000000000000004,-0.02632440780800407,-0.03847744808532291,-0.017578584300354194
retail,kospi_return_1d,momentum,1.9500000000000002,-0.02621837884197402,-0.03867728556040668,-0.01725235254038133
retail,kospi_return_1d,momentum,2.0,-0.026112349875943967,-0.03887712303549044,-0.01692612078040846
retail,kospi_return_1d,underwater,-2.0,0.03367576601837444,0.02211437961086626,0.0443700075149535
retail,kospi_return_1d,underwater,-1.95,0.033566037069378704,0.022303142605815035,0.04404263110831368
retail,kospi_return_1d,underwater,-1.9,0.03345630812038298,0.022491905600763806,0.043715254701673874
retail,kospi_return_1d,underwater,-1.85,0.033346579171387246,0.02268066859571258,0.043387878295034064
retail,kospi_return_1d,underwater,-1.8,0.03323685022239152,0.022869431590661356,0.04306050188839425
retail,kospi_return_1d,underwater,-1.75,0.03312712127339579,0.02305819458561013,0.04273312548175444
retail,kospi_return_1d,underwater,-1.7,0.03301739232440006,0.023229039036668796,0.04240574907511463
retail,kospi_return_1d,underwater,-1.65,0.03290766337540433,0.023341687817592133,0.04207837266847481
retail,kospi_return_1d,underwater,-1.6,0.032797934426408604,0.023454336598515466,0.041750996261835004
retail,kospi_return_1d,underwater,-1.55,0.03268820547741288,0.023566985379438802,0.04142361985519519
retail,kospi_return_1d,underwater,-1.5,0.032578476528417145,0.023679634160362138,0.04109624344855538
retail,kospi_return_1d,underwater,-1.45,0.03246874757942142,0.023792282941285475,0.04076886704191557
retail,kospi_return_1d,underwater,-1.4,0.03235901863042569,0.02390493172220881,0.04044149063527575
retail,kospi_return_1d,underwater,-1.35,0.03224928968142996,0.024017580503132147,0.04011411422863594
retail,kospi_return_1d,underwater,-1.2999999999999998,0.03213956073243423,0.024130229284055484,0.03974555736407621
retail,kospi_return_1d,underwater,-1.25,0.0320298317834385,0.02424287806497882,0.0393543801736085
retail,kospi_return_1d,underwater,-1.2,0.03192010283444278,0.024355526845902156,0.03896600693464264
retail,kospi_return_1d,underwater,-1.15,0.031810373885447045,0.024449343674350497,0.03858870211988676
retail,kospi_return_1d,underwater,-1.1,0.03170064493645132,0.024484358624322314,0.038166050985455405
retail,kospi_return_1d,underwater,-1.0499999999999998,0.03159091598745559,0.024505404261581095,0.03774339985102404
retail,kospi_return_1d,underwater,-1.0,0.03148118703845986,0.02451718171942044,0.03732074871659268
retail,kospi_return_1d,underwater,-0.95,0.03137145808946413,0.024528959177259783,0.03689809758216132
retail,kospi_return_1d,underwater,-0.8999999999999999,0.0312617291404684,0.024540736635099123,0.03647544644772996
retail,kospi_return_1d,underwater,-0.8499999999999999,0.03115200019147267,0.02455251409293847,0.03607210161164396
retail,kospi_return_1d,underwater,-0.7999999999999998,0.03104227124247694,0.02456429155077781,0.035720064640045096
retail,kospi_return_1d,underwater,-0.75,0.030932542293481212,0.024576069008617155,0.03538880730047816
retail,kospi_return_1d,underwater,-0.7,0.030822813344485483,0.0245878464664565,0.03507378499954934
retail,kospi_return_1d,underwater,-0.6499999999999999,0.030713084395489754,0.02459962392429584,0.03476667838171119
retail,kospi_return_1d,underwater,-0.5999999999999999,0.030603355446494025,0.024611401382135183,0.034459571763873056
retail,kospi_return_1d,underwater,-0.5499999999999998,0.030493626497498295,0.024623178839974526,0.03415246514603491
retail,kospi_return_1d,underwater,-0.5,0.030383897548502566,0.02463495629781387,0.03384535852819677
retail,kospi_return_1d,underwater,-0.44999999999999996,0.03027416859950684,0.024646733755653214,0.03353825191035863
retail,kospi_return_1d,underwater,-0.3999999999999999,0.030164439650511108,0.024658511213492555,0.033242776468396136
retail,kospi_return_1d,underwater,-0.34999999999999987,0.030054710701515382,0.0246702886713319,0.032976647205650744
retail,kospi_return_1d,underwater,-0.2999999999999998,0.02994498175251965,0.02460353174770711,0.032722847359254896
retail,kospi_return_1d,underwater,-0.25,0.029835252803523924,0.02457767957821483,0.032473107031546475
retail,kospi_return_1d,underwater,-0.19999999999999996,0.02972552385452819,0.02466881392523639,0.032223366703838054
retail,kospi_return_1d,underwater,-0.1499999999999999,0.029615794905532466,0.024994003968313295,0.03206386713311073
retail,kospi_return_1d,underwater,-0.09999999999999987,0.029506065956536733,0.025385956550016967,0.031930265589617146
retail,kospi_return_1d,underwater,-0.04999999999999982,0.029396337007541008,0.025640708527062052,0.031860846579074814
retail,kospi_return_1d,underwater,0.0,0.029286608058545275,0.02566937282681462,0.031953161954879704
retail,kospi_return_1d,underwater,0.050000000000000266,0.02917687910954955,0.02578488069353619,0.03208659681724378
retail,kospi_return_1d,underwater,0.10000000000000009,0.02906715016055382,0.02584740336518729,0.03217888738960025
retail,kospi_return_1d,underwater,0.1499999999999999,0.02895742121155809,0.025831499185878726,0.03222972402349111
retail,kospi_return_1d,underwater,0.20000000000000018,0.028847692262562362,0.025786628928035436,0.03228056065738198
retail,kospi_return_1d,underwater,0.25,0.028737963313566633,0.025560063635930393,0.032331397291272844
retail,kospi_return_1d,underwater,0.30000000000000027,0.028628234364570904,0.02529268519952891,0.03238488048547875
retail,kospi_return_1d,underwater,0.3500000000000001,0.028518505415575175,0.025025306763127423,0.03244985250406895
retail,kospi_return_1d,underwater,0.40000000000000036,0.028408776466579445,0.024618355408310873,0.03251482452265914
retail,kospi_return_1d,underwater,0.4500000000000002,0.028299047517583716,0.02414979475550352,0.03257979654124934
retail,kospi_return_1d,underwater,0.5,0.028189318568587987,0.023816132539650408,0.03264476855983953
retail,kospi_return_1d,underwater,0.5500000000000003,0.028079589619592258,0.02359055741981136,0.03272665365249841
retail,kospi_return_1d,underwater,0.6000000000000001,0.02796986067059653,0.02320368949323893,0.032827218607999295
retail,kospi_return_1d,underwater,0.6500000000000004,0.027860131721600796,0.022813495127484203,0.03292778356350018
retail,kospi_return_1d,underwater,0.7000000000000002,0.02775040277260507,0.022423300761729485,0.03302834851900106
retail,kospi_return_1d,underwater,0.75,0.027640673823609345,0.022033106395974764,0.03312891347450195
retail,kospi_return_1d,underwater,0.8000000000000003,0.027530944874613612,0.021642912030220042,0.033229478430002825
retail,kospi_return_1d,underwater,0.8500000000000001,0.027421215925617887,0.02125271766446532,0.033353029087884276
retail,kospi_return_1d,underwater,0.9000000000000004,0.027311486976622154,0.0208625232987106,0.03361096051055929
retail,kospi_return_1d,underwater,0.9500000000000002,0.02720175802762643,0.020512889591045667,0.033853128673508676
retail,kospi_return_1d,underwater,1.0,0.027092029078630696,0.02015993632376194,0.03412161637097588
retail,kospi_return_1d,underwater,1.0500000000000003,0.02698230012963497,0.020008553238585507,0.03439010406844309
retail,kospi_return_1d,underwater,1.1,0.026872571180639238,0.01970676717348394,0.03465859176591029
retail,kospi_return_1d,underwater,1.1500000000000004,0.026762842231643512,0.01936678730882701,0.034927079463377496
retail,kospi_return_1d,underwater,1.2000000000000002,0.02665311328264778,0.01900582931935784,0.03519556716084471
retail,kospi_return_1d,underwater,1.25,0.026543384333652054,0.018644871329888672,0.03534270613454266
retail,kospi_return_1d,underwater,1.3000000000000003,0.02643365538465632,0.018246034942567352,0.03547067692503317
retail,kospi_return_1d,underwater,1.35,0.026323926435660595,0.01784319484606386,0.03559864771552367
retail,kospi_return_1d,underwater,1.4000000000000004,0.026214197486664866,0.017440354749560363,0.03572661850601418
retail,kospi_return_1d,underwater,1.4500000000000002,0.026104468537669137,0.017037514653056873,0.03585458929650468
retail,kospi_return_1d,underwater,1.5,0.025994739588673408,0.01663467455655338,0.035982560086995186
retail,kospi_return_1d,underwater,1.5500000000000003,0.02588501063967768,0.016256290143355792,0.03611053087748569
retail,kospi_return_1d,underwater,1.6,0.02577528169068195,0.015885906815528938,0.03624710917472816
retail,kospi_return_1d,underwater,1.6500000000000004,0.025665552741686217,0.015515523487702082,0.03638786620460427
retail,kospi_return_1d,underwater,1.7000000000000002,0.02555582379269049,0.015145140159875229,0.036528623234480376
retail,kospi_return_1d,underwater,1.75,0.02544609484369476,0.014774756832048375,0.03666938026435648
retail,kospi_return_1d,underwater,1.8000000000000003,0.025336365894699033,0.014404373504221519,0.03681013729423259
retail,kospi_return_1d,underwater,1.85,0.0252266369457033,0.014033990176394664,0.0369508943241087
retail,kospi_return_1d,underwater,1.9000000000000004,0.025116907996707575,0.013663606848567806,0.037131172586232206
retail,kospi_return_1d,underwater,1.9500000000000002,0.02500717904771185,0.013293223520740954,0.03733268444426335
retail,kospi_return_1d,underwater,2.0,0.024897450098716117,0.0129228401929141,0.03753419630229451
