epoch,parameter,feature,context,weight
0,beta,momentum,,0.0
0,beta,persist,,0.0
0,beta,underwater,,0.0
0,B,momentum,kospi_return_1d,0.0
0,B,momentum,fx_level_z_252,0.0
0,B,persist,kospi_return_1d,0.0
0,B,persist,fx_level_z_252,0.0
0,B,underwater,kospi_return_1d,0.0
0,B,underwater,fx_level_z_252,0.0
0,alpha,,kospi_return_1d,0.0
0,alpha,,fx_level_z_252,0.0
1,beta,momentum,,-0.001994688529521227
1,beta,persist,,0.0019970161374658346
1,beta,underwater,,0.001999648753553629
1,B,momentum,kospi_return_1d,0.0006799832917749882
1,B,momentum,fx_level_z_252,0.001957773696631193
1,B,persist,kospi_return_1d,-0.0005209038499742746
1,B,persist,fx_level_z_252,-0.001973292324692011
1,B,underwater,kospi_return_1d,-0.0018046614713966846
1,B,underwater,fx_level_z_252,-0.0019355786498636007
1,alpha,,kospi_return_1d,-0.00200080219656229
1,alpha,,fx_level_z_252,0.0019455335568636656
2,beta,momentum,,-0.003927718847990036
2,beta,persist,,0.003987559583038092
2,beta,underwater,,0.003949511330574751
2,B,momentum,kospi_return_1d,0.00025079745682887733
2,B,momentum,fx_level_z_252,0.0038956799544394016
2,B,persist,kospi_return_1d,0.00035539065720513463
2,B,persist,fx_level_z_252,-0.003932527266442776
2,B,underwater,kospi_return_1d,-0.0031778712291270494
2,B,underwater,fx_level_z_252,-0.0037993486039340496
2,alpha,,kospi_return_1d,-0.0039798603393137455
2,alpha,,fx_level_z_252,0.0038792507257312536
3,beta,momentum,,-0.005851562134921551
3,beta,persist,,0.005971579812467098
3,beta,underwater,,0.005889429245144129
3,B,momentum,kospi_return_1d,-0.0002263134520035237
3,B,momentum,fx_level_z_252,0.005808930844068527
3,B,persist,kospi_return_1d,0.0011212760582566261
3,B,persist,fx_level_z_252,-0.005727683659642935
3,B,underwater,kospi_return_1d,-0.004131109453737736
3,B,underwater,fx_level_z_252,-0.005571632646024227
3,alpha,,kospi_return_1d,-0.005914061330258846
3,alpha,,fx_level_z_252,0.005799002014100552
4,beta,momentum,,-0.007749450858682394
4,beta,persist,,0.00794263370335102
4,beta,underwater,,0.0078095728531479836
4,B,momentum,kospi_return_1d,-0.00021350618044380099
4,B,momentum,fx_level_z_252,0.0076785399578511715
4,B,persist,kospi_return_1d,0.0015363309066742659
4,B,persist,fx_level_z_252,-0.007505590096116066
4,B,underwater,kospi_return_1d,-0.004519579000771046
4,B,underwater,fx_level_z_252,-0.00729893846437335
4,alpha,,kospi_return_1d,-0.007768054027110338
4,alpha,,fx_level_z_252,0.00768203055486083
5,beta,momentum,,-0.009612232446670532
5,beta,persist,,0.009887035936117172
5,beta,underwater,,0.00969656091183424
5,B,momentum,kospi_return_1d,0.0001375417923554778
5,B,momentum,fx_level_z_252,0.009502865374088287
5,B,persist,kospi_return_1d,0.0016016477020457387
5,B,persist,fx_level_z_252,-0.00920955277979374
5,B,underwater,kospi_return_1d,-0.005219075828790665
5,B,underwater,fx_level_z_252,-0.008998086676001549
5,alpha,,kospi_return_1d,-0.00954746175557375
5,alpha,,fx_level_z_252,0.009553801268339157
6,beta,momentum,,-0.011434689164161682
6,beta,persist,,0.011805333197116852
6,beta,underwater,,0.011551747098565102
6,B,momentum,kospi_return_1d,0.00042258421308360994
6,B,momentum,fx_level_z_252,0.011216678656637669
6,B,persist,kospi_return_1d,0.0014898717636242509
6,B,persist,fx_level_z_252,-0.010893620550632477
6,B,underwater,kospi_return_1d,-0.00562291732057929
6,B,underwater,fx_level_z_252,-0.010580158792436123
6,alpha,,kospi_return_1d,-0.01129173580557108
6,alpha,,fx_level_z_252,0.011404706165194511
7,beta,momentum,,-0.013225548900663853
7,beta,persist,,0.013697195798158646
7,beta,underwater,,0.013372067362070084
7,B,momentum,kospi_return_1d,0.0004988624132238328
7,B,momentum,fx_level_z_252,0.012800794094800949
7,B,persist,kospi_return_1d,0.0012647928670048714
7,B,persist,fx_level_z_252,-0.012503082863986492
7,B,underwater,kospi_return_1d,-0.005613846238702536
7,B,underwater,fx_level_z_252,-0.012034809216856956
7,alpha,,kospi_return_1d,-0.012974970042705536
7,alpha,,fx_level_z_252,0.013197018764913082
8,beta,momentum,,-0.014968287199735641
8,beta,persist,,0.015553313307464123
8,beta,underwater,,0.01515207625925541
8,B,momentum,kospi_return_1d,0.0004452030989341438
8,B,momentum,fx_level_z_252,0.014327188022434711
8,B,persist,kospi_return_1d,0.001056845998391509
8,B,persist,fx_level_z_252,-0.0140683613717556
8,B,underwater,kospi_return_1d,-0.0054178182035684586
8,B,underwater,fx_level_z_252,-0.013338936492800713
8,alpha,,kospi_return_1d,-0.01458035223186016
8,alpha,,fx_level_z_252,0.014946622774004936
9,beta,momentum,,-0.016637088730931282
9,beta,persist,,0.017373761162161827
9,beta,underwater,,0.01687207818031311
9,B,momentum,kospi_return_1d,0.00030889795743860304
9,B,momentum,fx_level_z_252,0.015671364963054657
9,B,persist,kospi_return_1d,0.0007890777196735144
9,B,persist,fx_level_z_252,-0.015530714765191078
9,B,underwater,kospi_return_1d,-0.005211248062551022
9,B,underwater,fx_level_z_252,-0.01450643502175808
9,alpha,,kospi_return_1d,-0.016007935628294945
9,alpha,,fx_level_z_252,0.016663139685988426
10,beta,momentum,,-0.01824450120329857
10,beta,persist,,0.019146407023072243
10,beta,underwater,,0.018546205013990402
10,B,momentum,kospi_return_1d,0.0002777796471491456
10,B,momentum,fx_level_z_252,0.016725080087780952
10,B,persist,kospi_return_1d,0.0003897409769706428
10,B,persist,fx_level_z_252,-0.016823941841721535
10,B,underwater,kospi_return_1d,-0.0049496907740831375
10,B,underwater,fx_level_z_252,-0.015317142941057682
10,alpha,,kospi_return_1d,-0.017160044983029366
10,alpha,,fx_level_z_252,0.01833966188132763
11,beta,momentum,,-0.019782617688179016
11,beta,persist,,0.020905543118715286
11,beta,underwater,,0.020181698724627495
11,B,momentum,kospi_return_1d,0.0004102084203623235
11,B,momentum,fx_level_z_252,0.017694946378469467
11,B,persist,kospi_return_1d,3.523455234244466e-06
11,B,persist,fx_level_z_252,-0.0179523266851902
11,B,underwater,kospi_return_1d,-0.004863460082560778
11,B,underwater,fx_level_z_252,-0.016047241166234016
11,alpha,,kospi_return_1d,-0.018209228292107582
11,alpha,,fx_level_z_252,0.019977793097496033
12,beta,momentum,,-0.021259047091007233
12,beta,persist,,0.022637708112597466
12,beta,underwater,,0.02176920510828495
12,B,momentum,kospi_return_1d,0.0006109755486249924
12,B,momentum,fx_level_z_252,0.018503565341234207
12,B,persist,kospi_return_1d,-0.0003954406129196286
12,B,persist,fx_level_z_252,-0.01903521828353405
12,B,underwater,kospi_return_1d,-0.004630420356988907
12,B,underwater,fx_level_z_252,-0.016559740528464317
12,alpha,,kospi_return_1d,-0.019016563892364502
12,alpha,,fx_level_z_252,0.02154245786368847
13,beta,momentum,,-0.022624608129262924
13,beta,persist,,0.02431480400264263
13,beta,underwater,,0.023259466513991356
13,B,momentum,kospi_return_1d,0.0007642714190296829
13,B,momentum,fx_level_z_252,0.019159262999892235
13,B,persist,kospi_return_1d,-0.0005114317173138261
13,B,persist,fx_level_z_252,-0.019988849759101868
13,B,underwater,kospi_return_1d,-0.004191641695797443
13,B,underwater,fx_level_z_252,-0.01702267676591873
13,alpha,,kospi_return_1d,-0.019553551450371742
13,alpha,,fx_level_z_252,0.022970417514443398
14,beta,momentum,,-0.023900510743260384
14,beta,persist,,0.025938594713807106
14,beta,underwater,,0.024687133729457855
14,B,momentum,kospi_return_1d,0.000872901757247746
14,B,momentum,fx_level_z_252,0.019663820043206215
14,B,persist,kospi_return_1d,-0.00040850311052054167
14,B,persist,fx_level_z_252,-0.020836934447288513
14,B,underwater,kospi_return_1d,-0.003564455546438694
14,B,underwater,fx_level_z_252,-0.017309049144387245
14,alpha,,kospi_return_1d,-0.019817136228084564
14,alpha,,fx_level_z_252,0.024262750521302223
15,beta,momentum,,-0.02510225400328636
15,beta,persist,,0.02752462588250637
15,beta,underwater,,0.026039648801088333
15,B,momentum,kospi_return_1d,0.0010909861885011196
15,B,momentum,fx_level_z_252,0.019991151988506317
15,B,persist,kospi_return_1d,-0.0005037875380367041
15,B,persist,fx_level_z_252,-0.02145175263285637
15,B,underwater,kospi_return_1d,-0.0029542874544858932
15,B,underwater,fx_level_z_252,-0.01733001135289669
15,alpha,,kospi_return_1d,-0.02004690282046795
15,alpha,,fx_level_z_252,0.025479087606072426
16,beta,momentum,,-0.026138899847865105
16,beta,persist,,0.029040757566690445
16,beta,underwater,,0.027293238788843155
16,B,momentum,kospi_return_1d,0.001449731644243002
16,B,momentum,fx_level_z_252,0.02007451094686985
16,B,persist,kospi_return_1d,-0.0007767928182147443
16,B,persist,fx_level_z_252,-0.021870873868465424
16,B,underwater,kospi_return_1d,-0.0022825731430202723
16,B,underwater,fx_level_z_252,-0.01714644767343998
16,alpha,,kospi_return_1d,-0.020119836553931236
16,alpha,,fx_level_z_252,0.02649914287030697
17,beta,momentum,,-0.027042541652917862
17,beta,persist,,0.03051604889333248
17,beta,underwater,,0.02841166779398918
17,B,momentum,kospi_return_1d,0.001825658488087356
17,B,momentum,fx_level_z_252,0.020141175016760826
17,B,persist,kospi_return_1d,-0.0008803131640888751
17,B,persist,fx_level_z_252,-0.02236281707882881
17,B,underwater,kospi_return_1d,-0.0014297306770458817
17,B,underwater,fx_level_z_252,-0.017227454110980034
17,alpha,,kospi_return_1d,-0.019990408793091774
17,alpha,,fx_level_z_252,0.02728726901113987
18,beta,momentum,,-0.027826322242617607
18,beta,persist,,0.03194117918610573
18,beta,underwater,,0.029449528083205223
18,B,momentum,kospi_return_1d,0.0022028994280844927
18,B,momentum,fx_level_z_252,0.020034439861774445
18,B,persist,kospi_return_1d,-0.0010606435826048255
18,B,persist,fx_level_z_252,-0.022707754746079445
18,B,underwater,kospi_return_1d,-0.00045529051567427814
18,B,underwater,fx_level_z_252,-0.01718338578939438
18,alpha,,kospi_return_1d,-0.01969219371676445
18,alpha,,fx_level_z_252,0.02804410271346569
19,beta,momentum,,-0.028549017384648323
19,beta,persist,,0.03331952169537544
19,beta,underwater,,0.030404798686504364
19,B,momentum,kospi_return_1d,0.0025468477979302406
19,B,momentum,fx_level_z_252,0.01983688771724701
19,B,persist,kospi_return_1d,-0.0012352090561762452
19,B,persist,fx_level_z_252,-0.022938232868909836
19,B,underwater,kospi_return_1d,0.000464113982161507
19,B,underwater,fx_level_z_252,-0.017165672034025192
19,alpha,,kospi_return_1d,-0.01924503780901432
19,alpha,,fx_level_z_252,0.028629641979932785
20,beta,momentum,,-0.02918473444879055
20,beta,persist,,0.03465067595243454
20,beta,underwater,,0.03128485754132271
20,B,momentum,kospi_return_1d,0.002886214992031455
20,B,momentum,fx_level_z_252,0.019568512216210365
20,B,persist,kospi_return_1d,-0.0012421971186995506
20,B,persist,fx_level_z_252,-0.023103244602680206
20,B,underwater,kospi_return_1d,0.0013654427602887154
20,B,underwater,fx_level_z_252,-0.01711273193359375
20,alpha,,kospi_return_1d,-0.0186005812138319
20,alpha,,fx_level_z_252,0.029166143387556076
21,beta,momentum,,-0.029764512553811073
21,beta,persist,,0.03594832122325897
21,beta,underwater,,0.032049890607595444
21,B,momentum,kospi_return_1d,0.0030224130023270845
21,B,momentum,fx_level_z_252,0.019336886703968048
21,B,persist,kospi_return_1d,-0.0010377869475632906
21,B,persist,fx_level_z_252,-0.023309048265218735
21,B,underwater,kospi_return_1d,0.0021787278819829226
21,B,underwater,fx_level_z_252,-0.017228586599230766
21,alpha,,kospi_return_1d,-0.017782319337129593
21,alpha,,fx_level_z_252,0.029627539217472076
22,beta,momentum,,-0.030242737382650375
22,beta,persist,,0.0372004434466362
22,beta,underwater,,0.0327448844909668
22,B,momentum,kospi_return_1d,0.003251968417316675
22,B,momentum,fx_level_z_252,0.019036732614040375
22,B,persist,kospi_return_1d,-0.001019726158119738
22,B,persist,fx_level_z_252,-0.023314468562602997
22,B,underwater,kospi_return_1d,0.0026138543616980314
22,B,underwater,fx_level_z_252,-0.017369570210576057
22,alpha,,kospi_return_1d,-0.016914837062358856
22,alpha,,fx_level_z_252,0.029948240146040916
23,beta,momentum,,-0.030617550015449524
23,beta,persist,,0.03840290382504463
23,beta,underwater,,0.03341864049434662
23,B,momentum,kospi_return_1d,0.003531795460730791
23,B,momentum,fx_level_z_252,0.01853812113404274
23,B,persist,kospi_return_1d,-0.0011346086394041777
23,B,persist,fx_level_z_252,-0.023118212819099426
23,B,underwater,kospi_return_1d,0.002911580726504326
23,B,underwater,fx_level_z_252,-0.017407279461622238
23,alpha,,kospi_return_1d,-0.0159748625010252
23,alpha,,fx_level_z_252,0.030247628688812256
24,beta,momentum,,-0.03089647926390171
24,beta,persist,,0.03956958279013634
24,beta,underwater,,0.034018270671367645
24,B,momentum,kospi_return_1d,0.003925691824406385
24,B,momentum,fx_level_z_252,0.017933709546923637
24,B,persist,kospi_return_1d,-0.0014938117237761617
24,B,persist,fx_level_z_252,-0.022801075130701065
24,B,underwater,kospi_return_1d,0.003042010124772787
24,B,underwater,fx_level_z_252,-0.017374513670802116
24,alpha,,kospi_return_1d,-0.015045064501464367
24,alpha,,fx_level_z_252,0.030424635857343674
25,beta,momentum,,-0.03108898364007473
25,beta,persist,,0.04069524258375168
25,beta,underwater,,0.03451180085539818
25,B,momentum,kospi_return_1d,0.004273570142686367
25,B,momentum,fx_level_z_252,0.017338795587420464
25,B,persist,kospi_return_1d,-0.0017206943593919277
25,B,persist,fx_level_z_252,-0.022472048178315163
25,B,underwater,kospi_return_1d,0.0033246539533138275
25,B,underwater,fx_level_z_252,-0.017559785395860672
25,alpha,,kospi_return_1d,-0.014002212323248386
25,alpha,,fx_level_z_252,0.030486570671200752
26,beta,momentum,,-0.03124535270035267
26,beta,persist,,0.041767384856939316
26,beta,underwater,,0.03493649140000343
26,B,momentum,kospi_return_1d,0.004529626574367285
26,B,momentum,fx_level_z_252,0.01682143844664097
26,B,persist,kospi_return_1d,-0.001866753213107586
26,B,persist,fx_level_z_252,-0.022156015038490295
26,B,underwater,kospi_return_1d,0.003597070463001728
26,B,underwater,fx_level_z_252,-0.017841771245002747
26,alpha,,kospi_return_1d,-0.012871047481894493
26,alpha,,fx_level_z_252,0.03051467426121235
27,beta,momentum,,-0.03134440630674362
27,beta,persist,,0.04282476380467415
27,beta,underwater,,0.03526601567864418
27,B,momentum,kospi_return_1d,0.004750735126435757
27,B,momentum,fx_level_z_252,0.016320595517754555
27,B,persist,kospi_return_1d,-0.0021522350143641233
27,B,persist,fx_level_z_252,-0.0218338705599308
27,B,underwater,kospi_return_1d,0.0038044273387640715
27,B,underwater,fx_level_z_252,-0.018119385465979576
27,alpha,,kospi_return_1d,-0.011782066896557808
27,alpha,,fx_level_z_252,0.030377784743905067
28,beta,momentum,,-0.031386636197566986
28,beta,persist,,0.04385058209300041
28,beta,underwater,,0.03552786633372307
28,B,momentum,kospi_return_1d,0.0050130318850278854
28,B,momentum,fx_level_z_252,0.015698688104748726
28,B,persist,kospi_return_1d,-0.0025189840234816074
28,B,persist,fx_level_z_252,-0.021366845816373825
28,B,underwater,kospi_return_1d,0.0038946676068007946
28,B,underwater,fx_level_z_252,-0.01831367425620556
28,alpha,,kospi_return_1d,-0.010710839182138443
28,alpha,,fx_level_z_252,0.03013077937066555
29,beta,momentum,,-0.03140252083539963
29,beta,persist,,0.044876985251903534
29,beta,underwater,,0.035765279084444046
29,B,momentum,kospi_return_1d,0.005143454764038324
29,B,momentum,fx_level_z_252,0.015165582299232483
29,B,persist,kospi_return_1d,-0.002812628634274006
29,B,persist,fx_level_z_252,-0.020815424621105194
29,B,underwater,kospi_return_1d,0.003966879565268755
29,B,underwater,fx_level_z_252,-0.01859484612941742
29,alpha,,kospi_return_1d,-0.009730755351483822
29,alpha,,fx_level_z_252,0.029814206063747406
30,beta,momentum,,-0.03136973828077316
30,beta,persist,,0.045902401208877563
30,beta,underwater,,0.03594347834587097
30,B,momentum,kospi_return_1d,0.005289992783218622
30,B,momentum,fx_level_z_252,0.014663725160062313
30,B,persist,kospi_return_1d,-0.0030465638265013695
30,B,persist,fx_level_z_252,-0.020266197621822357
30,B,underwater,kospi_return_1d,0.004137368407100439
30,B,underwater,fx_level_z_252,-0.01898898370563984
30,alpha,,kospi_return_1d,-0.008907466195523739
30,alpha,,fx_level_z_252,0.029355231672525406
31,beta,momentum,,-0.03132954612374306
31,beta,persist,,0.046952154487371445
31,beta,underwater,,0.036124538630247116
31,B,momentum,kospi_return_1d,0.005446607246994972
31,B,momentum,fx_level_z_252,0.014187945984303951
31,B,persist,kospi_return_1d,-0.0034421852324157953
31,B,persist,fx_level_z_252,-0.019694648683071136
31,B,underwater,kospi_return_1d,0.004246328491717577
31,B,underwater,fx_level_z_252,-0.01952858828008175
31,alpha,,kospi_return_1d,-0.008158290758728981
31,alpha,,fx_level_z_252,0.028856882825493813
32,beta,momentum,,-0.03127841278910637
32,beta,persist,,0.0479818731546402
32,beta,underwater,,0.03627902641892433
32,B,momentum,kospi_return_1d,0.005433332175016403
32,B,momentum,fx_level_z_252,0.013759718276560307
32,B,persist,kospi_return_1d,-0.003697054460644722
32,B,persist,fx_level_z_252,-0.01915017142891884
32,B,underwater,kospi_return_1d,0.004411568399518728
32,B,underwater,fx_level_z_252,-0.020193934440612793
32,alpha,,kospi_return_1d,-0.00736807007342577
32,alpha,,fx_level_z_252,0.02838090993463993
33,beta,momentum,,-0.03117825835943222
33,beta,persist,,0.048970505595207214
33,beta,underwater,,0.03640684112906456
33,B,momentum,kospi_return_1d,0.005396473687142134
33,B,momentum,fx_level_z_252,0.013256348669528961
33,B,persist,kospi_return_1d,-0.0041036177426576614
33,B,persist,fx_level_z_252,-0.018590550869703293
33,B,underwater,kospi_return_1d,0.004556444473564625
33,B,underwater,fx_level_z_252,-0.020830322057008743
33,alpha,,kospi_return_1d,-0.006514502223581076
33,alpha,,fx_level_z_252,0.02792860008776188
34,beta,momentum,,-0.031100332736968994
34,beta,persist,,0.04994402453303337
34,beta,underwater,,0.03651295229792595
34,B,momentum,kospi_return_1d,0.005553381983190775
34,B,momentum,fx_level_z_252,0.012660949490964413
34,B,persist,kospi_return_1d,-0.004596601705998182
34,B,persist,fx_level_z_252,-0.018040329217910767
34,B,underwater,kospi_return_1d,0.004624406807124615
34,B,underwater,fx_level_z_252,-0.021296683698892593
34,alpha,,kospi_return_1d,-0.005610212218016386
34,alpha,,fx_level_z_252,0.02752469666302204
35,beta,momentum,,-0.030965376645326614
35,beta,persist,,0.050901174545288086
35,beta,underwater,,0.036538563668727875
35,B,momentum,kospi_return_1d,0.0056355055421590805
35,B,momentum,fx_level_z_252,0.012283836491405964
35,B,persist,kospi_return_1d,-0.005138667766004801
35,B,persist,fx_level_z_252,-0.01764175295829773
35,B,underwater,kospi_return_1d,0.004817646462470293
35,B,underwater,fx_level_z_252,-0.02202400006353855
35,alpha,,kospi_return_1d,-0.004628424532711506
35,alpha,,fx_level_z_252,0.027030257508158684
36,beta,momentum,,-0.030841704457998276
36,beta,persist,,0.05185924097895622
36,beta,underwater,,0.03656415641307831
36,B,momentum,kospi_return_1d,0.005692062899470329
36,B,momentum,fx_level_z_252,0.011947641149163246
36,B,persist,kospi_return_1d,-0.005538430996239185
36,B,persist,fx_level_z_252,-0.017358241602778435
36,B,underwater,kospi_return_1d,0.005038221832364798
36,B,underwater,fx_level_z_252,-0.022745786234736443
36,alpha,,kospi_return_1d,-0.00371133117005229
36,alpha,,fx_level_z_252,0.0265196543186903
37,beta,momentum,,-0.030743084847927094
37,beta,persist,,0.05280844122171402
37,beta,underwater,,0.03658458590507507
37,B,momentum,kospi_return_1d,0.005674195475876331
37,B,momentum,fx_level_z_252,0.01152897160500288
37,B,persist,kospi_return_1d,-0.0060214451514184475
37,B,persist,fx_level_z_252,-0.01719498820602894
37,B,underwater,kospi_return_1d,0.005074821878224611
37,B,underwater,fx_level_z_252,-0.023440789431333542
37,alpha,,kospi_return_1d,-0.0029368759132921696
37,alpha,,fx_level_z_252,0.02603919990360737
38,beta,momentum,,-0.030640654265880585
38,beta,persist,,0.053750693798065186
38,beta,underwater,,0.036629583686590195
38,B,momentum,kospi_return_1d,0.00555407116189599
38,B,momentum,fx_level_z_252,0.011009159497916698
38,B,persist,kospi_return_1d,-0.006460260134190321
38,B,persist,fx_level_z_252,-0.01697222702205181
38,B,underwater,kospi_return_1d,0.005035216920077801
38,B,underwater,fx_level_z_252,-0.023898685351014137
38,alpha,,kospi_return_1d,-0.0021295896731317043
38,alpha,,fx_level_z_252,0.025609510019421577
39,beta,momentum,,-0.030573852360248566
39,beta,persist,,0.05470851808786392
39,beta,underwater,,0.036721546202898026
39,B,momentum,kospi_return_1d,0.005449922755360603
39,B,momentum,fx_level_z_252,0.01050473190844059
39,B,persist,kospi_return_1d,-0.006908563431352377
39,B,persist,fx_level_z_252,-0.016665171831846237
39,B,underwater,kospi_return_1d,0.004808054771274328
39,B,underwater,fx_level_z_252,-0.02420513890683651
39,alpha,,kospi_return_1d,-0.001478674472309649
39,alpha,,fx_level_z_252,0.02518932893872261
40,beta,momentum,,-0.03045874834060669
40,beta,persist,,0.05568671599030495
40,beta,underwater,,0.036805763840675354
40,B,momentum,kospi_return_1d,0.005373609717935324
40,B,momentum,fx_level_z_252,0.010056262835860252
40,B,persist,kospi_return_1d,-0.007135146297514439
40,B,persist,fx_level_z_252,-0.016352107748389244
40,B,underwater,kospi_return_1d,0.0045881494879722595
40,B,underwater,fx_level_z_252,-0.02466796152293682
40,alpha,,kospi_return_1d,-0.0007194899371825159
40,alpha,,fx_level_z_252,0.024932188913226128
41,beta,momentum,,-0.030312201008200645
41,beta,persist,,0.056685011833906174
41,beta,underwater,,0.03689742460846901
41,B,momentum,kospi_return_1d,0.005268101580440998
41,B,momentum,fx_level_z_252,0.00968107022345066
41,B,persist,kospi_return_1d,-0.007240449544042349
41,B,persist,fx_level_z_252,-0.016096627339720726
41,B,underwater,kospi_return_1d,0.004353649914264679
41,B,underwater,fx_level_z_252,-0.025209354236721992
41,alpha,,kospi_return_1d,1.0007875971496105e-05
41,alpha,,fx_level_z_252,0.0246899351477623
42,beta,momentum,,-0.030127255246043205
42,beta,persist,,0.05764717981219292
42,beta,underwater,,0.037000853568315506
42,B,momentum,kospi_return_1d,0.005119431298226118
42,B,momentum,fx_level_z_252,0.009302899241447449
42,B,persist,kospi_return_1d,-0.007307311985641718
42,B,persist,fx_level_z_252,-0.0158024113625288
42,B,underwater,kospi_return_1d,0.004180593881756067
42,B,underwater,fx_level_z_252,-0.02570500411093235
42,alpha,,kospi_return_1d,0.0005993982194922864
42,alpha,,fx_level_z_252,0.024575598537921906
43,beta,momentum,,-0.029944205656647682
43,beta,persist,,0.05857476219534874
43,beta,underwater,,0.0371047742664814
43,B,momentum,kospi_return_1d,0.004934401251375675
43,B,momentum,fx_level_z_252,0.008833750151097775
43,B,persist,kospi_return_1d,-0.007220027036964893
43,B,persist,fx_level_z_252,-0.015505995601415634
43,B,underwater,kospi_return_1d,0.003971113357692957
43,B,underwater,fx_level_z_252,-0.026035211980342865
43,alpha,,kospi_return_1d,0.001188546186313033
43,alpha,,fx_level_z_252,0.024509867653250694
44,beta,momentum,,-0.029801545664668083
44,beta,persist,,0.059512656182050705
44,beta,underwater,,0.03724631294608116
44,B,momentum,kospi_return_1d,0.00472286669537425
44,B,momentum,fx_level_z_252,0.008494573645293713
44,B,persist,kospi_return_1d,-0.0070215752348303795
44,B,persist,fx_level_z_252,-0.015351166017353535
44,B,underwater,kospi_return_1d,0.0038948021829128265
44,B,underwater,fx_level_z_252,-0.026401156559586525
44,alpha,,kospi_return_1d,0.001703089801594615
44,alpha,,fx_level_z_252,0.02448195405304432
45,beta,momentum,,-0.029630864039063454
45,beta,persist,,0.0604175440967083
45,beta,underwater,,0.03732297942042351
45,B,momentum,kospi_return_1d,0.00454836618155241
45,B,momentum,fx_level_z_252,0.0082097128033638
45,B,persist,kospi_return_1d,-0.006779005751013756
45,B,persist,fx_level_z_252,-0.01518767699599266
45,B,underwater,kospi_return_1d,0.0039890231564641
45,B,underwater,fx_level_z_252,-0.026781858876347542
45,alpha,,kospi_return_1d,0.0021840252447873354
45,alpha,,fx_level_z_252,0.024399586021900177
46,beta,momentum,,-0.029454853385686874
46,beta,persist,,0.06130021810531616
46,beta,underwater,,0.03734485059976578
46,B,momentum,kospi_return_1d,0.004138274118304253
46,B,momentum,fx_level_z_252,0.008020186796784401
46,B,persist,kospi_return_1d,-0.006224945653229952
46,B,persist,fx_level_z_252,-0.014977695420384407
46,B,underwater,kospi_return_1d,0.004367817658931017
46,B,underwater,fx_level_z_252,-0.027319328859448433
46,alpha,,kospi_return_1d,0.00256739417091012
46,alpha,,fx_level_z_252,0.024250904098153114
47,beta,momentum,,-0.029291389510035515
47,beta,persist,,0.0621713250875473
47,beta,underwater,,0.037372104823589325
47,B,momentum,kospi_return_1d,0.003898122813552618
47,B,momentum,fx_level_z_252,0.007823766209185123
47,B,persist,kospi_return_1d,-0.005937776993960142
47,B,persist,fx_level_z_252,-0.014681256376206875
47,B,underwater,kospi_return_1d,0.004527283366769552
47,B,underwater,fx_level_z_252,-0.027683008462190628
47,alpha,,kospi_return_1d,0.002863261615857482
47,alpha,,fx_level_z_252,0.024335486814379692
48,beta,momentum,,-0.029047291725873947
48,beta,persist,,0.0630178153514862
48,beta,underwater,,0.03739771619439125
48,B,momentum,kospi_return_1d,0.003925620578229427
48,B,momentum,fx_level_z_252,0.0075800977647304535
48,B,persist,kospi_return_1d,-0.005733122583478689
48,B,persist,fx_level_z_252,-0.0144478939473629
48,B,underwater,kospi_return_1d,0.004470475949347019
48,B,underwater,fx_level_z_252,-0.02795015648007393
48,alpha,,kospi_return_1d,0.0031244850251823664
48,alpha,,fx_level_z_252,0.024463849142193794
49,beta,momentum,,-0.028889592736959457
49,beta,persist,,0.06387794017791748
49,beta,underwater,,0.0374932661652565
49,B,momentum,kospi_return_1d,0.004077608697116375
49,B,momentum,fx_level_z_252,0.007264274638146162
49,B,persist,kospi_return_1d,-0.005658215843141079
49,B,persist,fx_level_z_252,-0.014225455932319164
49,B,underwater,kospi_return_1d,0.004229165147989988
49,B,underwater,fx_level_z_252,-0.028087619692087173
49,alpha,,kospi_return_1d,0.0032660318538546562
49,alpha,,fx_level_z_252,0.024605166167020798
50,beta,momentum,,-0.02879195474088192
50,beta,persist,,0.06472031027078629
50,beta,underwater,,0.037619367241859436
50,B,momentum,kospi_return_1d,0.0042687454260885715
50,B,momentum,fx_level_z_252,0.0068938639014959335
50,B,persist,kospi_return_1d,-0.005627760197967291
50,B,persist,fx_level_z_252,-0.014095413498580456
50,B,underwater,kospi_return_1d,0.003923195414245129
50,B,underwater,fx_level_z_252,-0.028118817135691643
50,alpha,,kospi_return_1d,0.003396951127797365
50,alpha,,fx_level_z_252,0.024688968434929848
51,beta,momentum,,-0.028740638867020607
51,beta,persist,,0.0655723512172699
51,beta,underwater,,0.037764813750982285
51,B,momentum,kospi_return_1d,0.0042566535994410515
51,B,momentum,fx_level_z_252,0.006473902612924576
51,B,persist,kospi_return_1d,-0.005632331594824791
51,B,persist,fx_level_z_252,-0.01408796850591898
51,B,underwater,kospi_return_1d,0.003743051551282406
51,B,underwater,fx_level_z_252,-0.028061527758836746
51,alpha,,kospi_return_1d,0.0034754013177007437
51,alpha,,fx_level_z_252,0.02481510117650032
52,beta,momentum,,-0.028624102473258972
52,beta,persist,,0.06638050824403763
52,beta,underwater,,0.03787299990653992
52,B,momentum,kospi_return_1d,0.004107445944100618
52,B,momentum,fx_level_z_252,0.006109250243753195
52,B,persist,kospi_return_1d,-0.005575687158852816
52,B,persist,fx_level_z_252,-0.014085479080677032
52,B,underwater,kospi_return_1d,0.0035805474035441875
52,B,underwater,fx_level_z_252,-0.02814314514398575
52,alpha,,kospi_return_1d,0.003557233139872551
52,alpha,,fx_level_z_252,0.024863336235284805
53,beta,momentum,,-0.028544461354613304
53,beta,persist,,0.06718197464942932
53,beta,underwater,,0.03800753131508827
53,B,momentum,kospi_return_1d,0.004006270784884691
53,B,momentum,fx_level_z_252,0.005828378722071648
53,B,persist,kospi_return_1d,-0.005644253920763731
53,B,persist,fx_level_z_252,-0.014041121117770672
53,B,underwater,kospi_return_1d,0.003295785514637828
53,B,underwater,fx_level_z_252,-0.02823168970644474
53,alpha,,kospi_return_1d,0.00360659952275455
53,alpha,,fx_level_z_252,0.024890633299946785
54,beta,momentum,,-0.02846762165427208
54,beta,persist,,0.0679280087351799
54,beta,underwater,,0.03813600167632103
54,B,momentum,kospi_return_1d,0.004079575650393963
54,B,momentum,fx_level_z_252,0.005455183796584606
54,B,persist,kospi_return_1d,-0.0057473815977573395
54,B,persist,fx_level_z_252,-0.013960171490907669
54,B,underwater,kospi_return_1d,0.0029683569446206093
54,B,underwater,fx_level_z_252,-0.028198646381497383
54,alpha,,kospi_return_1d,0.003770284354686737
54,alpha,,fx_level_z_252,0.02489677257835865
55,beta,momentum,,-0.02842051535844803
55,beta,persist,,0.06872867792844772
55,beta,underwater,,0.03828975930809975
55,B,momentum,kospi_return_1d,0.004035624209791422
55,B,momentum,fx_level_z_252,0.005052005872130394
55,B,persist,kospi_return_1d,-0.005706729367375374
55,B,persist,fx_level_z_252,-0.013912543654441833
55,B,underwater,kospi_return_1d,0.0026911336462944746
55,B,underwater,fx_level_z_252,-0.028085848316550255
55,alpha,,kospi_return_1d,0.0037714801728725433
55,alpha,,fx_level_z_252,0.02487681619822979
56,beta,momentum,,-0.0283539779484272
56,beta,persist,,0.06943361461162567
56,beta,underwater,,0.03840426355600357
56,B,momentum,kospi_return_1d,0.004011684563010931
56,B,momentum,fx_level_z_252,0.00468416465446353
56,B,persist,kospi_return_1d,-0.005603121593594551
56,B,persist,fx_level_z_252,-0.013793244026601315
56,B,underwater,kospi_return_1d,0.0024925698526203632
56,B,underwater,fx_level_z_252,-0.028004806488752365
56,alpha,,kospi_return_1d,0.0038774129934608936
56,alpha,,fx_level_z_252,0.02501165121793747
57,beta,momentum,,-0.028255295008420944
57,beta,persist,,0.07014268636703491
57,beta,underwater,,0.03849004581570625
57,B,momentum,kospi_return_1d,0.0038426918908953667
57,B,momentum,fx_level_z_252,0.004272838123142719
57,B,persist,kospi_return_1d,-0.005403377115726471
57,B,persist,fx_level_z_252,-0.013672412373125553
57,B,underwater,kospi_return_1d,0.002417204435914755
57,B,underwater,fx_level_z_252,-0.0279478058218956
57,alpha,,kospi_return_1d,0.004049689043313265
57,alpha,,fx_level_z_252,0.02509201131761074
58,beta,momentum,,-0.028033848851919174
58,beta,persist,,0.07075276970863342
58,beta,underwater,,0.038474004715681076
58,B,momentum,kospi_return_1d,0.003609631909057498
58,B,momentum,fx_level_z_252,0.0039933244697749615
58,B,persist,kospi_return_1d,-0.005159855354577303
58,B,persist,fx_level_z_252,-0.01355497632175684
58,B,underwater,kospi_return_1d,0.0024837711825966835
58,B,underwater,fx_level_z_252,-0.02814091555774212
58,alpha,,kospi_return_1d,0.004391558934003115
58,alpha,,fx_level_z_252,0.02509981393814087
59,beta,momentum,,-0.027701204642653465
59,beta,persist,,0.07135988026857376
59,beta,underwater,,0.03838900476694107
59,B,momentum,kospi_return_1d,0.0033763430546969175
59,B,momentum,fx_level_z_252,0.0038470011204481125
59,B,persist,kospi_return_1d,-0.0049126227386295795
59,B,persist,fx_level_z_252,-0.013502337969839573
59,B,underwater,kospi_return_1d,0.0028020101599395275
59,B,underwater,fx_level_z_252,-0.028552144765853882
59,alpha,,kospi_return_1d,0.004738807678222656
59,alpha,,fx_level_z_252,0.024991784244775772
60,beta,momentum,,-0.027343710884451866
60,beta,persist,,0.07199715077877045
60,beta,underwater,,0.03834407404065132
60,B,momentum,kospi_return_1d,0.003205171087756753
60,B,momentum,fx_level_z_252,0.003771915566176176
60,B,persist,kospi_return_1d,-0.00462488504126668
60,B,persist,fx_level_z_252,-0.013519708067178726
60,B,underwater,kospi_return_1d,0.0032014374155551195
60,B,underwater,fx_level_z_252,-0.029044531285762787
60,alpha,,kospi_return_1d,0.005047683138400316
60,alpha,,fx_level_z_252,0.024817027151584625
61,beta,momentum,,-0.02699374035000801
61,beta,persist,,0.07266536355018616
61,beta,underwater,,0.03833562135696411
61,B,momentum,kospi_return_1d,0.0032965720165520906
61,B,momentum,fx_level_z_252,0.0036227472592145205
61,B,persist,kospi_return_1d,-0.004527174402028322
61,B,persist,fx_level_z_252,-0.013530824333429337
61,B,underwater,kospi_return_1d,0.003470036666840315
61,B,underwater,fx_level_z_252,-0.029416903853416443
61,alpha,,kospi_return_1d,0.0053472057916224
61,alpha,,fx_level_z_252,0.024616386741399765
62,beta,momentum,,-0.026608092710375786
62,beta,persist,,0.07333745807409286
62,beta,underwater,,0.03828037530183792
62,B,momentum,kospi_return_1d,0.0034398003481328487
62,B,momentum,fx_level_z_252,0.0034015977289527655
62,B,persist,kospi_return_1d,-0.004343957640230656
62,B,persist,fx_level_z_252,-0.013612746261060238
62,B,underwater,kospi_return_1d,0.0038510554004460573
62,B,underwater,fx_level_z_252,-0.029805153608322144
62,alpha,,kospi_return_1d,0.005633916240185499
62,alpha,,fx_level_z_252,0.02431340329349041
63,beta,momentum,,-0.02621854841709137
63,beta,persist,,0.07396753132343292
63,beta,underwater,,0.03825528174638748
63,B,momentum,kospi_return_1d,0.003584842197597027
63,B,momentum,fx_level_z_252,0.0031843797769397497
63,B,persist,kospi_return_1d,-0.004114921670407057
63,B,persist,fx_level_z_252,-0.013626876287162304
63,B,underwater,kospi_return_1d,0.00413409573957324
63,B,underwater,fx_level_z_252,-0.03007403574883938
63,alpha,,kospi_return_1d,0.005930893588811159
63,alpha,,fx_level_z_252,0.0239566657692194
64,beta,momentum,,-0.02585758827626705
64,beta,persist,,0.07457403093576431
64,beta,underwater,,0.03824463114142418
64,B,momentum,kospi_return_1d,0.0036743921227753162
64,B,momentum,fx_level_z_252,0.0029600136913359165
64,B,persist,kospi_return_1d,-0.003976814914494753
64,B,persist,fx_level_z_252,-0.013592157512903214
64,B,underwater,kospi_return_1d,0.004319542553275824
64,B,underwater,fx_level_z_252,-0.030212895944714546
64,alpha,,kospi_return_1d,0.006168108433485031
64,alpha,,fx_level_z_252,0.023429177701473236
65,beta,momentum,,-0.025546232238411903
65,beta,persist,,0.0752333477139473
65,beta,underwater,,0.03831144794821739
65,B,momentum,kospi_return_1d,0.003740236395969987
65,B,momentum,fx_level_z_252,0.0027390315663069487
65,B,persist,kospi_return_1d,-0.0038752646651118994
65,B,persist,fx_level_z_252,-0.013668122701346874
65,B,underwater,kospi_return_1d,0.0043601905927062035
65,B,underwater,fx_level_z_252,-0.03039674460887909
65,alpha,,kospi_return_1d,0.006443737540394068
65,alpha,,fx_level_z_252,0.023181313648819923
66,beta,momentum,,-0.025238405913114548
66,beta,persist,,0.07584797590970993
66,beta,underwater,,0.03834569826722145
66,B,momentum,kospi_return_1d,0.0038798886816948652
66,B,momentum,fx_level_z_252,0.0025848231744021177
66,B,persist,kospi_return_1d,-0.0037209943402558565
66,B,persist,fx_level_z_252,-0.013577022589743137
66,B,underwater,kospi_return_1d,0.004346848465502262
66,B,underwater,fx_level_z_252,-0.030694125220179558
66,alpha,,kospi_return_1d,0.006860570516437292
66,alpha,,fx_level_z_252,0.023045746609568596
67,beta,momentum,,-0.024896925315260887
67,beta,persist,,0.07640118896961212
67,beta,underwater,,0.03833375126123428
67,B,momentum,kospi_return_1d,0.004093404859304428
67,B,momentum,fx_level_z_252,0.002375904005020857
67,B,persist,kospi_return_1d,-0.0036779192741960287
67,B,persist,fx_level_z_252,-0.013358172960579395
67,B,underwater,kospi_return_1d,0.0042140893638134
67,B,underwater,fx_level_z_252,-0.030822159722447395
67,alpha,,kospi_return_1d,0.007398760877549648
67,alpha,,fx_level_z_252,0.022735385224223137
68,beta,momentum,,-0.02460578829050064
68,beta,persist,,0.07697519659996033
68,beta,underwater,,0.038362767547369
68,B,momentum,kospi_return_1d,0.00428092060610652
68,B,momentum,fx_level_z_252,0.0020597169641405344
68,B,persist,kospi_return_1d,-0.0036988146603107452
68,B,persist,fx_level_z_252,-0.013080031611025333
68,B,underwater,kospi_return_1d,0.0041638570837676525
68,B,underwater,fx_level_z_252,-0.030826620757579803
68,alpha,,kospi_return_1d,0.0077829970978200436
68,alpha,,fx_level_z_252,0.022609353065490723
69,beta,momentum,,-0.02430383674800396
69,beta,persist,,0.07755930721759796
69,beta,underwater,,0.03833980858325958
69,B,momentum,kospi_return_1d,0.004564213566482067
69,B,momentum,fx_level_z_252,0.0019146972335875034
69,B,persist,kospi_return_1d,-0.0036285333335399628
69,B,persist,fx_level_z_252,-0.012843579053878784
69,B,underwater,kospi_return_1d,0.004197806119918823
69,B,underwater,fx_level_z_252,-0.031061341986060143
69,alpha,,kospi_return_1d,0.008148089051246643
69,alpha,,fx_level_z_252,0.022569425404071808
70,beta,momentum,,-0.024006875231862068
70,beta,persist,,0.07812654227018356
70,beta,underwater,,0.03831830993294716
70,B,momentum,kospi_return_1d,0.0049461377784609795
70,B,momentum,fx_level_z_252,0.0017675623530521989
70,B,persist,kospi_return_1d,-0.0036382467951625586
70,B,persist,fx_level_z_252,-0.012570011429488659
70,B,underwater,kospi_return_1d,0.004054600838571787
70,B,underwater,fx_level_z_252,-0.03120768629014492
70,alpha,,kospi_return_1d,0.008478406816720963
70,alpha,,fx_level_z_252,0.02248862385749817
71,beta,momentum,,-0.023767977952957153
71,beta,persist,,0.0786830484867096
71,beta,underwater,,0.03828337416052818
71,B,momentum,kospi_return_1d,0.005507702939212322
71,B,momentum,fx_level_z_252,0.0016023438656702638
71,B,persist,kospi_return_1d,-0.003793364856392145
71,B,persist,fx_level_z_252,-0.012325629591941833
71,B,underwater,kospi_return_1d,0.0037884197663515806
71,B,underwater,fx_level_z_252,-0.03124917484819889
71,alpha,,kospi_return_1d,0.008849253877997398
71,alpha,,fx_level_z_252,0.022400934249162674
72,beta,momentum,,-0.02352125011384487
72,beta,persist,,0.0791604220867157
72,beta,underwater,,0.03821413964033127
72,B,momentum,kospi_return_1d,0.005919594317674637
72,B,momentum,fx_level_z_252,0.0015474723186343908
72,B,persist,kospi_return_1d,-0.003985727205872536
72,B,persist,fx_level_z_252,-0.012026803568005562
72,B,underwater,kospi_return_1d,0.0035008862614631653
72,B,underwater,fx_level_z_252,-0.0313422717154026
72,alpha,,kospi_return_1d,0.009349464438855648
72,alpha,,fx_level_z_252,0.022351576015353203
73,beta,momentum,,-0.02324114926159382
73,beta,persist,,0.07961809635162354
73,beta,underwater,,0.0381220281124115
73,B,momentum,kospi_return_1d,0.006255377549678087
73,B,momentum,fx_level_z_252,0.0014649188378825784
73,B,persist,kospi_return_1d,-0.004353466909378767
73,B,persist,fx_level_z_252,-0.01164259947836399
73,B,underwater,kospi_return_1d,0.0030689090490341187
73,B,underwater,fx_level_z_252,-0.03144630789756775
73,alpha,,kospi_return_1d,0.009791272692382336
73,alpha,,fx_level_z_252,0.02234560437500477
74,beta,momentum,,-0.02303430624306202
74,beta,persist,,0.08011376112699509
74,beta,underwater,,0.03804149851202965
74,B,momentum,kospi_return_1d,0.00627612229436636
74,B,momentum,fx_level_z_252,0.0013201867695897818
74,B,persist,kospi_return_1d,-0.004670124500989914
74,B,persist,fx_level_z_252,-0.011333310045301914
74,B,underwater,kospi_return_1d,0.0027327940333634615
74,B,underwater,fx_level_z_252,-0.031471800059080124
74,alpha,,kospi_return_1d,0.010149897076189518
74,alpha,,fx_level_z_252,0.022440697997808456
75,beta,momentum,,-0.02283649332821369
75,beta,persist,,0.08059070259332657
75,beta,underwater,,0.03802071139216423
75,B,momentum,kospi_return_1d,0.006235340144485235
75,B,momentum,fx_level_z_252,0.0011849695583805442
75,B,persist,kospi_return_1d,-0.004882941488176584
75,B,persist,fx_level_z_252,-0.011007224209606647
75,B,underwater,kospi_return_1d,0.002451603766530752
75,B,underwater,fx_level_z_252,-0.03131580725312233
75,alpha,,kospi_return_1d,0.010495463386178017
75,alpha,,fx_level_z_252,0.022598832845687866
76,beta,momentum,,-0.022694451734423637
76,beta,persist,,0.08106102049350739
76,beta,underwater,,0.03803006932139397
76,B,momentum,kospi_return_1d,0.006302412133663893
76,B,momentum,fx_level_z_252,0.0011015946511179209
76,B,persist,kospi_return_1d,-0.004904173314571381
76,B,persist,fx_level_z_252,-0.010679489932954311
76,B,underwater,kospi_return_1d,0.002204824471846223
76,B,underwater,fx_level_z_252,-0.031165946274995804
76,alpha,,kospi_return_1d,0.010842077434062958
76,alpha,,fx_level_z_252,0.022810813039541245
77,beta,momentum,,-0.02257046103477478
77,beta,persist,,0.08155084401369095
77,beta,underwater,,0.0379633791744709
77,B,momentum,kospi_return_1d,0.006187837570905685
77,B,momentum,fx_level_z_252,0.001159881940111518
77,B,persist,kospi_return_1d,-0.004982432816177607
77,B,persist,fx_level_z_252,-0.010455761104822159
77,B,underwater,kospi_return_1d,0.002094621304422617
77,B,underwater,fx_level_z_252,-0.031228525564074516
77,alpha,,kospi_return_1d,0.01113736443221569
77,alpha,,fx_level_z_252,0.0229753777384758
78,beta,momentum,,-0.022427326068282127
78,beta,persist,,0.08208287507295609
78,beta,underwater,,0.037793997675180435
78,B,momentum,kospi_return_1d,0.006059012375771999
78,B,momentum,fx_level_z_252,0.0012457220582291484
78,B,persist,kospi_return_1d,-0.005112274084240198
78,B,persist,fx_level_z_252,-0.010376578196883202
78,B,underwater,kospi_return_1d,0.0021163434721529484
78,B,underwater,fx_level_z_252,-0.031459808349609375
78,alpha,,kospi_return_1d,0.011550192721188068
78,alpha,,fx_level_z_252,0.022935036569833755
79,beta,momentum,,-0.022375447675585747
79,beta,persist,,0.08260730654001236
79,beta,underwater,,0.0376126803457737
79,B,momentum,kospi_return_1d,0.005564829800277948
79,B,momentum,fx_level_z_252,0.001384081202559173
79,B,persist,kospi_return_1d,-0.005007402040064335
79,B,persist,fx_level_z_252,-0.010351124219596386
79,B,underwater,kospi_return_1d,0.002425328828394413
79,B,underwater,fx_level_z_252,-0.031657859683036804
79,alpha,,kospi_return_1d,0.011854473501443863
79,alpha,,fx_level_z_252,0.02282506227493286
80,beta,momentum,,-0.022281209006905556
80,beta,persist,,0.08310766518115997
80,beta,underwater,,0.03752722591161728
80,B,momentum,kospi_return_1d,0.0050802938640117645
80,B,momentum,fx_level_z_252,0.0015400090487673879
80,B,persist,kospi_return_1d,-0.004800917115062475
80,B,persist,fx_level_z_252,-0.010271861217916012
80,B,underwater,kospi_return_1d,0.0028053594287484884
80,B,underwater,fx_level_z_252,-0.03193763643503189
80,alpha,,kospi_return_1d,0.012073689140379429
80,alpha,,fx_level_z_252,0.02279869094491005
81,beta,momentum,,-0.022157737985253334
81,beta,persist,,0.08356108516454697
81,beta,underwater,,0.03739162161946297
81,B,momentum,kospi_return_1d,0.004552358761429787
81,B,momentum,fx_level_z_252,0.0017914369236677885
81,B,persist,kospi_return_1d,-0.004605255555361509
81,B,persist,fx_level_z_252,-0.010166024789214134
81,B,underwater,kospi_return_1d,0.0032057545613497496
81,B,underwater,fx_level_z_252,-0.03221668303012848
81,alpha,,kospi_return_1d,0.012316723354160786
81,alpha,,fx_level_z_252,0.022722864523530006
82,beta,momentum,,-0.022086497396230698
82,beta,persist,,0.08402252197265625
82,beta,underwater,,0.03725133836269379
82,B,momentum,kospi_return_1d,0.003889316227287054
82,B,momentum,fx_level_z_252,0.0020393994636833668
82,B,persist,kospi_return_1d,-0.004496649838984013
82,B,persist,fx_level_z_252,-0.010099622420966625
82,B,underwater,kospi_return_1d,0.0035376267042011023
82,B,underwater,fx_level_z_252,-0.03260340541601181
82,alpha,,kospi_return_1d,0.012440959922969341
82,alpha,,fx_level_z_252,0.022648977115750313
83,beta,momentum,,-0.022048477083444595
83,beta,persist,,0.08449675142765045
83,beta,underwater,,0.037276506423950195
83,B,momentum,kospi_return_1d,0.003305465215817094
83,B,momentum,fx_level_z_252,0.0019901723135262728
83,B,persist,kospi_return_1d,-0.0045057302340865135
83,B,persist,fx_level_z_252,-0.009935017675161362
83,B,underwater,kospi_return_1d,0.0036247812677174807
83,B,underwater,fx_level_z_252,-0.03271285071969032
83,alpha,,kospi_return_1d,0.012535955756902695
83,alpha,,fx_level_z_252,0.02261975035071373
84,beta,momentum,,-0.021939052268862724
84,beta,persist,,0.0849541649222374
84,beta,underwater,,0.03728256747126579
84,B,momentum,kospi_return_1d,0.002827256917953491
84,B,momentum,fx_level_z_252,0.0020202770829200745
84,B,persist,kospi_return_1d,-0.004600775893777609
84,B,persist,fx_level_z_252,-0.009902522899210453
84,B,underwater,kospi_return_1d,0.0036518711131066084
84,B,underwater,fx_level_z_252,-0.03289487957954407
84,alpha,,kospi_return_1d,0.012548784725368023
84,alpha,,fx_level_z_252,0.022550681605935097
85,beta,momentum,,-0.021855833008885384
85,beta,persist,,0.08538655936717987
85,beta,underwater,,0.037241533398628235
85,B,momentum,kospi_return_1d,0.0024581197649240494
85,B,momentum,fx_level_z_252,0.002007497940212488
85,B,persist,kospi_return_1d,-0.004632746800780296
85,B,persist,fx_level_z_252,-0.009822450578212738
85,B,underwater,kospi_return_1d,0.003831856418401003
85,B,underwater,fx_level_z_252,-0.033040400594472885
85,alpha,,kospi_return_1d,0.012740973383188248
85,alpha,,fx_level_z_252,0.02247515879571438
86,beta,momentum,,-0.021837366744875908
86,beta,persist,,0.08580221235752106
86,beta,underwater,,0.03730184957385063
86,B,momentum,kospi_return_1d,0.0021366297733038664
86,B,momentum,fx_level_z_252,0.0019560528453439474
86,B,persist,kospi_return_1d,-0.0045664189383387566
86,B,persist,fx_level_z_252,-0.009623248130083084
86,B,underwater,kospi_return_1d,0.0038929334841668606
86,B,underwater,fx_level_z_252,-0.033036042004823685
86,alpha,,kospi_return_1d,0.01301612053066492
86,alpha,,fx_level_z_252,0.022519955411553383
87,beta,momentum,,-0.02183845452964306
87,beta,persist,,0.0862082839012146
87,beta,underwater,,0.03739314526319504
87,B,momentum,kospi_return_1d,0.0019528396660462022
87,B,momentum,fx_level_z_252,0.0018219789490103722
87,B,persist,kospi_return_1d,-0.0046022804453969
87,B,persist,fx_level_z_252,-0.00933633279055357
87,B,underwater,kospi_return_1d,0.00382901169359684
87,B,underwater,fx_level_z_252,-0.03286049887537956
87,alpha,,kospi_return_1d,0.013245683163404465
87,alpha,,fx_level_z_252,0.02245624177157879
88,beta,momentum,,-0.021962683647871017
88,beta,persist,,0.08659792691469193
88,beta,underwater,,0.03751470148563385
88,B,momentum,kospi_return_1d,0.001645197276957333
88,B,momentum,fx_level_z_252,0.001837465912103653
88,B,persist,kospi_return_1d,-0.004566083196550608
88,B,persist,fx_level_z_252,-0.00912957638502121
88,B,underwater,kospi_return_1d,0.0037547394167631865
88,B,underwater,fx_level_z_252,-0.03280792757868767
88,alpha,,kospi_return_1d,0.013433285057544708
88,alpha,,fx_level_z_252,0.022527288645505905
89,beta,momentum,,-0.022060999646782875
89,beta,persist,,0.08699112385511398
89,beta,underwater,,0.037657976150512695
89,B,momentum,kospi_return_1d,0.001411764184013009
89,B,momentum,fx_level_z_252,0.0017165230819955468
89,B,persist,kospi_return_1d,-0.004454823676496744
89,B,persist,fx_level_z_252,-0.008796711452305317
89,B,underwater,kospi_return_1d,0.0035983610432595015
89,B,underwater,fx_level_z_252,-0.03267919272184372
89,alpha,,kospi_return_1d,0.013594633899629116
89,alpha,,fx_level_z_252,0.022684169933199883
90,beta,momentum,,-0.022157955914735794
90,beta,persist,,0.08739744871854782
90,beta,underwater,,0.03782797232270241
90,B,momentum,kospi_return_1d,0.0012222819495946169
90,B,momentum,fx_level_z_252,0.0017094004433602095
90,B,persist,kospi_return_1d,-0.004439543467015028
90,B,persist,fx_level_z_252,-0.00856933556497097
90,B,underwater,kospi_return_1d,0.003371653612703085
90,B,underwater,fx_level_z_252,-0.03269568085670471
90,alpha,,kospi_return_1d,0.013624479994177818
90,alpha,,fx_level_z_252,0.022839723154902458
91,beta,momentum,,-0.022286733612418175
91,beta,persist,,0.08783818036317825
91,beta,underwater,,0.03801514208316803
91,B,momentum,kospi_return_1d,0.0011021899990737438
91,B,momentum,fx_level_z_252,0.0016105066752061248
91,B,persist,kospi_return_1d,-0.004414766561239958
91,B,persist,fx_level_z_252,-0.00832233764231205
91,B,underwater,kospi_return_1d,0.003149431897327304
91,B,underwater,fx_level_z_252,-0.0325586274266243
91,alpha,,kospi_return_1d,0.013408984988927841
91,alpha,,fx_level_z_252,0.023059945553541183
92,beta,momentum,,-0.02237708494067192
92,beta,persist,,0.08820029348134995
92,beta,underwater,,0.038119394332170486
92,B,momentum,kospi_return_1d,0.0010733610251918435
92,B,momentum,fx_level_z_252,0.001380140776745975
92,B,persist,kospi_return_1d,-0.0044745649211108685
92,B,persist,fx_level_z_252,-0.008097687736153603
92,B,underwater,kospi_return_1d,0.0029264590702950954
92,B,underwater,fx_level_z_252,-0.03234521672129631
92,alpha,,kospi_return_1d,0.013270605355501175
92,alpha,,fx_level_z_252,0.023255160078406334
93,beta,momentum,,-0.02241201512515545
93,beta,persist,,0.08849886059761047
93,beta,underwater,,0.038166072219610214
93,B,momentum,kospi_return_1d,0.0010614569764584303
93,B,momentum,fx_level_z_252,0.0010930774733424187
93,B,persist,kospi_return_1d,-0.004468238912522793
93,B,persist,fx_level_z_252,-0.0077321482822299
93,B,underwater,kospi_return_1d,0.0025933238212019205
93,B,underwater,fx_level_z_252,-0.032079488039016724
93,alpha,,kospi_return_1d,0.013246544636785984
93,alpha,,fx_level_z_252,0.02349505014717579
94,beta,momentum,,-0.02243531309068203
94,beta,persist,,0.08880399912595749
94,beta,underwater,,0.03823818638920784
94,B,momentum,kospi_return_1d,0.001258757896721363
94,B,momentum,fx_level_z_252,0.0008464701240882277
94,B,persist,kospi_return_1d,-0.004471065476536751
94,B,persist,fx_level_z_252,-0.007318642921745777
94,B,underwater,kospi_return_1d,0.002170430263504386
94,B,underwater,fx_level_z_252,-0.031617339700460434
94,alpha,,kospi_return_1d,0.013261674903333187
94,alpha,,fx_level_z_252,0.02366972528398037
95,beta,momentum,,-0.02245110087096691
95,beta,persist,,0.08911076933145523
95,beta,underwater,,0.03829308599233627
95,B,momentum,kospi_return_1d,0.0015687390696257353
95,B,momentum,fx_level_z_252,0.0007312959642149508
95,B,persist,kospi_return_1d,-0.0044755879789590836
95,B,persist,fx_level_z_252,-0.007063319906592369
95,B,underwater,kospi_return_1d,0.0017396350158378482
95,B,underwater,fx_level_z_252,-0.031306419521570206
95,alpha,,kospi_return_1d,0.013122237287461758
95,alpha,,fx_level_z_252,0.023722480982542038
96,beta,momentum,,-0.022316601127386093
96,beta,persist,,0.0894298329949379
96,beta,underwater,,0.03819441422820091
96,B,momentum,kospi_return_1d,0.001984754577279091
96,B,momentum,fx_level_z_252,0.0006037510465830564
96,B,persist,kospi_return_1d,-0.004371011629700661
96,B,persist,fx_level_z_252,-0.007037118077278137
96,B,underwater,kospi_return_1d,0.001394529128447175
96,B,underwater,fx_level_z_252,-0.03114016354084015
96,alpha,,kospi_return_1d,0.013172339648008347
96,alpha,,fx_level_z_252,0.023711560294032097
97,beta,momentum,,-0.022099724039435387
97,beta,persist,,0.08972171694040298
97,beta,underwater,,0.03802882507443428
97,B,momentum,kospi_return_1d,0.002346382476389408
97,B,momentum,fx_level_z_252,0.0006665895925834775
97,B,persist,kospi_return_1d,-0.004235276021063328
97,B,persist,fx_level_z_252,-0.00716820964589715
97,B,underwater,kospi_return_1d,0.0012537316652014852
97,B,underwater,fx_level_z_252,-0.031145727261900902
97,alpha,,kospi_return_1d,0.013300071470439434
97,alpha,,fx_level_z_252,0.023667054250836372
98,beta,momentum,,-0.021902255713939667
98,beta,persist,,0.09001434594392776
98,beta,underwater,,0.037887293845415115
98,B,momentum,kospi_return_1d,0.0025882981717586517
98,B,momentum,fx_level_z_252,0.0008795583853498101
98,B,persist,kospi_return_1d,-0.0041263522580266
98,B,persist,fx_level_z_252,-0.007341329008340836
98,B,underwater,kospi_return_1d,0.001284709433093667
98,B,underwater,fx_level_z_252,-0.03131021559238434
98,alpha,,kospi_return_1d,0.013389910571277142
98,alpha,,fx_level_z_252,0.02367459051311016
99,beta,momentum,,-0.021723179146647453
99,beta,persist,,0.09023530781269073
99,beta,underwater,,0.03775229677557945
99,B,momentum,kospi_return_1d,0.0027571043465286493
99,B,momentum,fx_level_z_252,0.000976976123638451
99,B,persist,kospi_return_1d,-0.003951201215386391
99,B,persist,fx_level_z_252,-0.007542766630649567
99,B,underwater,kospi_return_1d,0.0015303308609873056
99,B,underwater,fx_level_z_252,-0.03145882114768028
99,alpha,,kospi_return_1d,0.013677327893674374
99,alpha,,fx_level_z_252,0.02370278909802437
100,beta,momentum,,-0.02141609974205494
100,beta,persist,,0.0904274731874466
100,beta,underwater,,0.03747428208589554
100,B,momentum,kospi_return_1d,0.0027833685744553804
100,B,momentum,fx_level_z_252,0.0011414269683882594
100,B,persist,kospi_return_1d,-0.0037508015520870686
100,B,persist,fx_level_z_252,-0.0076424661092460155
100,B,underwater,kospi_return_1d,0.0019869208335876465
100,B,underwater,fx_level_z_252,-0.031808339059352875
100,alpha,,kospi_return_1d,0.014067864045500755
100,alpha,,fx_level_z_252,0.02369805984199047
101,beta,momentum,,-0.021119849756360054
101,beta,persist,,0.09061557054519653
101,beta,underwater,,0.0371849462389946
101,B,momentum,kospi_return_1d,0.0027886342722922564
101,B,momentum,fx_level_z_252,0.0011871864553540945
101,B,persist,kospi_return_1d,-0.0034832884557545185
101,B,persist,fx_level_z_252,-0.007648799102753401
101,B,underwater,kospi_return_1d,0.002477592322975397
101,B,underwater,fx_level_z_252,-0.03200055658817291
101,alpha,,kospi_return_1d,0.01443971786648035
101,alpha,,fx_level_z_252,0.02344091422855854
102,beta,momentum,,-0.020765509456396103
102,beta,persist,,0.09077507257461548
102,beta,underwater,,0.036858975887298584
102,B,momentum,kospi_return_1d,0.0027504307217895985
102,B,momentum,fx_level_z_252,0.0012148867826908827
102,B,persist,kospi_return_1d,-0.0031503690406680107
102,B,persist,fx_level_z_252,-0.007700935006141663
102,B,underwater,kospi_return_1d,0.0030165393836796284
102,B,underwater,fx_level_z_252,-0.03210199251770973
102,alpha,,kospi_return_1d,0.014765448868274689
102,alpha,,fx_level_z_252,0.023005688562989235
103,beta,momentum,,-0.020489422604441643
103,beta,persist,,0.09088663011789322
103,beta,underwater,,0.036569759249687195
103,B,momentum,kospi_return_1d,0.002783370204269886
103,B,momentum,fx_level_z_252,0.0011186785995960236
103,B,persist,kospi_return_1d,-0.0030927862972021103
103,B,persist,fx_level_z_252,-0.00753326341509819
103,B,underwater,kospi_return_1d,0.0033134096302092075
103,B,underwater,fx_level_z_252,-0.032072607427835464
103,alpha,,kospi_return_1d,0.015122095122933388
103,alpha,,fx_level_z_252,0.022675059735774994
104,beta,momentum,,-0.020334182307124138
104,beta,persist,,0.09106487780809402
104,beta,underwater,,0.03644425421953201
104,B,momentum,kospi_return_1d,0.0027088241185992956
104,B,momentum,fx_level_z_252,0.001046320772729814
104,B,persist,kospi_return_1d,-0.0030988967046141624
104,B,persist,fx_level_z_252,-0.007438515778630972
104,B,underwater,kospi_return_1d,0.003470109775662422
104,B,underwater,fx_level_z_252,-0.03203687071800232
104,alpha,,kospi_return_1d,0.015261968597769737
104,alpha,,fx_level_z_252,0.02252424880862236
105,beta,momentum,,-0.020191578194499016
105,beta,persist,,0.09128890931606293
105,beta,underwater,,0.036339376121759415
105,B,momentum,kospi_return_1d,0.002731009852141142
105,B,momentum,fx_level_z_252,0.0009654640452936292
105,B,persist,kospi_return_1d,-0.00339220417663455
105,B,persist,fx_level_z_252,-0.007356582675129175
105,B,underwater,kospi_return_1d,0.0034067847300320864
105,B,underwater,fx_level_z_252,-0.03199212998151779
105,alpha,,kospi_return_1d,0.015267554670572281
105,alpha,,fx_level_z_252,0.022332575172185898
106,beta,momentum,,-0.020175620913505554
106,beta,persist,,0.09153206646442413
106,beta,underwater,,0.03633228316903114
106,B,momentum,kospi_return_1d,0.002861548447981477
106,B,momentum,fx_level_z_252,0.000861103821080178
106,B,persist,kospi_return_1d,-0.0037040289025753736
106,B,persist,fx_level_z_252,-0.007387881632894278
106,B,underwater,kospi_return_1d,0.003277630778029561
106,B,underwater,fx_level_z_252,-0.03187412768602371
106,alpha,,kospi_return_1d,0.015319440513849258
106,alpha,,fx_level_z_252,0.022182965651154518
107,beta,momentum,,-0.020207958295941353
107,beta,persist,,0.0917712077498436
107,beta,underwater,,0.03633761778473854
107,B,momentum,kospi_return_1d,0.003132181242108345
107,B,momentum,fx_level_z_252,0.000800585257820785
107,B,persist,kospi_return_1d,-0.004135616589337587
107,B,persist,fx_level_z_252,-0.007591968402266502
107,B,underwater,kospi_return_1d,0.0030389507301151752
107,B,underwater,fx_level_z_252,-0.031738970428705215
107,alpha,,kospi_return_1d,0.015399273484945297
107,alpha,,fx_level_z_252,0.02210429683327675
108,beta,momentum,,-0.020222589373588562
108,beta,persist,,0.09206127375364304
108,beta,underwater,,0.0364144891500473
108,B,momentum,kospi_return_1d,0.003403478767722845
108,B,momentum,fx_level_z_252,0.000681911304127425
108,B,persist,kospi_return_1d,-0.0044728051871061325
108,B,persist,fx_level_z_252,-0.007801485247910023
108,B,underwater,kospi_return_1d,0.0028573996387422085
108,B,underwater,fx_level_z_252,-0.03154677897691727
108,alpha,,kospi_return_1d,0.015288195572793484
108,alpha,,fx_level_z_252,0.02202436327934265
109,beta,momentum,,-0.020221658051013947
109,beta,persist,,0.0922953337430954
109,beta,underwater,,0.03646245226264
109,B,momentum,kospi_return_1d,0.00339432037435472
109,B,momentum,fx_level_z_252,0.0005936198867857456
109,B,persist,kospi_return_1d,-0.004465423058718443
109,B,persist,fx_level_z_252,-0.007960334420204163
109,B,underwater,kospi_return_1d,0.0028561067301779985
109,B,underwater,fx_level_z_252,-0.03135417401790619
109,alpha,,kospi_return_1d,0.015280473977327347
109,alpha,,fx_level_z_252,0.021990220993757248
110,beta,momentum,,-0.02014506794512272
110,beta,persist,,0.0924893319606781
110,beta,underwater,,0.036425720900297165
110,B,momentum,kospi_return_1d,0.0034357430413365364
110,B,momentum,fx_level_z_252,0.0005173600511625409
110,B,persist,kospi_return_1d,-0.0044939699582755566
110,B,persist,fx_level_z_252,-0.00805836170911789
110,B,underwater,kospi_return_1d,0.002778632566332817
110,B,underwater,fx_level_z_252,-0.031154273077845573
110,alpha,,kospi_return_1d,0.015434307977557182
110,alpha,,fx_level_z_252,0.021979492157697678
111,beta,momentum,,-0.02007853239774704
111,beta,persist,,0.0927189514040947
111,beta,underwater,,0.03642178326845169
111,B,momentum,kospi_return_1d,0.0033065536990761757
111,B,momentum,fx_level_z_252,0.00035752751864492893
111,B,persist,kospi_return_1d,-0.004501312039792538
111,B,persist,fx_level_z_252,-0.008045550435781479
111,B,underwater,kospi_return_1d,0.0027616997249424458
111,B,underwater,fx_level_z_252,-0.03088456764817238
111,alpha,,kospi_return_1d,0.015515589155256748
111,alpha,,fx_level_z_252,0.022056248039007187
112,beta,momentum,,-0.019912507385015488
112,beta,persist,,0.0929858610033989
112,beta,underwater,,0.03636005148291588
112,B,momentum,kospi_return_1d,0.0032760712783783674
112,B,momentum,fx_level_z_252,0.00029961421387270093
112,B,persist,kospi_return_1d,-0.004649874288588762
112,B,persist,fx_level_z_252,-0.008095143362879753
112,B,underwater,kospi_return_1d,0.0027450432535260916
112,B,underwater,fx_level_z_252,-0.03073975443840027
112,alpha,,kospi_return_1d,0.015611410140991211
112,alpha,,fx_level_z_252,0.02200854755938053
113,beta,momentum,,-0.019749343395233154
113,beta,persist,,0.09321831166744232
113,beta,underwater,,0.03637094795703888
113,B,momentum,kospi_return_1d,0.0032588057219982147
113,B,momentum,fx_level_z_252,0.00026594585506245494
113,B,persist,kospi_return_1d,-0.004757787566632032
113,B,persist,fx_level_z_252,-0.00817868672311306
113,B,underwater,kospi_return_1d,0.0027223052456974983
113,B,underwater,fx_level_z_252,-0.030628178268671036
113,alpha,,kospi_return_1d,0.01576356031000614
113,alpha,,fx_level_z_252,0.021976841613650322
114,beta,momentum,,-0.019535254687070847
114,beta,persist,,0.09340158104896545
114,beta,underwater,,0.0363541878759861
114,B,momentum,kospi_return_1d,0.0032046630512923002
114,B,momentum,fx_level_z_252,0.0003886669874191284
114,B,persist,kospi_return_1d,-0.00496614770963788
114,B,persist,fx_level_z_252,-0.008399643003940582
114,B,underwater,kospi_return_1d,0.00279755936935544
114,B,underwater,fx_level_z_252,-0.03052162565290928
114,alpha,,kospi_return_1d,0.015851682052016258
114,alpha,,fx_level_z_252,0.021941902115941048
115,beta,momentum,,-0.01933741196990013
115,beta,persist,,0.09358212351799011
115,beta,underwater,,0.03632362559437752
115,B,momentum,kospi_return_1d,0.0030211193952709436
115,B,momentum,fx_level_z_252,0.0005940335686318576
115,B,persist,kospi_return_1d,-0.00522850826382637
115,B,persist,fx_level_z_252,-0.008781705982983112
115,B,underwater,kospi_return_1d,0.0028079396579414606
115,B,underwater,fx_level_z_252,-0.030503254383802414
115,alpha,,kospi_return_1d,0.015979953110218048
115,alpha,,fx_level_z_252,0.021722272038459778
116,beta,momentum,,-0.019231973215937614
116,beta,persist,,0.09371930360794067
116,beta,underwater,,0.036300718784332275
116,B,momentum,kospi_return_1d,0.0029119744431227446
116,B,momentum,fx_level_z_252,0.0008914046920835972
116,B,persist,kospi_return_1d,-0.005399265326559544
116,B,persist,fx_level_z_252,-0.009073475375771523
116,B,underwater,kospi_return_1d,0.0028106060344725847
116,B,underwater,fx_level_z_252,-0.030729560181498528
116,alpha,,kospi_return_1d,0.016186216846108437
116,alpha,,fx_level_z_252,0.02157243900001049
117,beta,momentum,,-0.019176816567778587
117,beta,persist,,0.09379372000694275
117,beta,underwater,,0.03636697307229042
117,B,momentum,kospi_return_1d,0.0028537351172417402
117,B,momentum,fx_level_z_252,0.0009751856559887528
117,B,persist,kospi_return_1d,-0.005408850032836199
117,B,persist,fx_level_z_252,-0.009262258186936378
117,B,underwater,kospi_return_1d,0.0027914070524275303
117,B,underwater,fx_level_z_252,-0.03076343983411789
117,alpha,,kospi_return_1d,0.016522008925676346
117,alpha,,fx_level_z_252,0.021512826904654503
118,beta,momentum,,-0.019090469926595688
118,beta,persist,,0.09382344037294388
118,beta,underwater,,0.03637770935893059
118,B,momentum,kospi_return_1d,0.002647592220455408
118,B,momentum,fx_level_z_252,0.0011160149006173015
118,B,persist,kospi_return_1d,-0.005267199128866196
118,B,persist,fx_level_z_252,-0.009351466782391071
118,B,underwater,kospi_return_1d,0.00291218189522624
118,B,underwater,fx_level_z_252,-0.030870549380779266
118,alpha,,kospi_return_1d,0.016965225338935852
118,alpha,,fx_level_z_252,0.02139555662870407
119,beta,momentum,,-0.019069615751504898
119,beta,persist,,0.09392441809177399
119,beta,underwater,,0.03647230565547943
119,B,momentum,kospi_return_1d,0.002646377310156822
119,B,momentum,fx_level_z_252,0.0009921001037582755
119,B,persist,kospi_return_1d,-0.005195144563913345
119,B,persist,fx_level_z_252,-0.00941405538469553
119,B,underwater,kospi_return_1d,0.0028163886163383722
119,B,underwater,fx_level_z_252,-0.030609847977757454
119,alpha,,kospi_return_1d,0.017315436154603958
119,alpha,,fx_level_z_252,0.021420523524284363
120,beta,momentum,,-0.019066819921135902
120,beta,persist,,0.09403529018163681
120,beta,underwater,,0.03658273443579674
120,B,momentum,kospi_return_1d,0.002727606100961566
120,B,momentum,fx_level_z_252,0.0007528235437348485
120,B,persist,kospi_return_1d,-0.005159993655979633
120,B,persist,fx_level_z_252,-0.009325353428721428
120,B,underwater,kospi_return_1d,0.0026736638974398375
120,B,underwater,fx_level_z_252,-0.030323324725031853
120,alpha,,kospi_return_1d,0.01754409819841385
120,alpha,,fx_level_z_252,0.021289322525262833
121,beta,momentum,,-0.01911821961402893
121,beta,persist,,0.09422141313552856
121,beta,underwater,,0.03674731031060219
121,B,momentum,kospi_return_1d,0.0028631091117858887
121,B,momentum,fx_level_z_252,0.0007105637341737747
121,B,persist,kospi_return_1d,-0.005187297239899635
121,B,persist,fx_level_z_252,-0.009272314608097076
121,B,underwater,kospi_return_1d,0.002528997603803873
121,B,underwater,fx_level_z_252,-0.03012963943183422
121,alpha,,kospi_return_1d,0.017598669975996017
121,alpha,,fx_level_z_252,0.02128002420067787
122,beta,momentum,,-0.01913648471236229
122,beta,persist,,0.09442088007926941
122,beta,underwater,,0.036814093589782715
122,B,momentum,kospi_return_1d,0.0029089502058923244
122,B,momentum,fx_level_z_252,0.0006577104795724154
122,B,persist,kospi_return_1d,-0.005202941596508026
122,B,persist,fx_level_z_252,-0.00924934633076191
122,B,underwater,kospi_return_1d,0.0025592450983822346
122,B,underwater,fx_level_z_252,-0.02999301627278328
122,alpha,,kospi_return_1d,0.017703505232930183
122,alpha,,fx_level_z_252,0.021177703514695168
123,beta,momentum,,-0.019161177799105644
123,beta,persist,,0.09463595598936081
123,beta,underwater,,0.03693835437297821
123,B,momentum,kospi_return_1d,0.002688423730432987
123,B,momentum,fx_level_z_252,0.0005789280403405428
123,B,persist,kospi_return_1d,-0.005072868429124355
123,B,persist,fx_level_z_252,-0.00919114425778389
123,B,underwater,kospi_return_1d,0.0028169993311166763
123,B,underwater,fx_level_z_252,-0.029907913878560066
123,alpha,,kospi_return_1d,0.017605196684598923
123,alpha,,fx_level_z_252,0.021094299852848053
124,beta,momentum,,-0.01914215460419655
124,beta,persist,,0.09486410766839981
124,beta,underwater,,0.03697013482451439
124,B,momentum,kospi_return_1d,0.0025298914406448603
124,B,momentum,fx_level_z_252,0.0006157245370559394
124,B,persist,kospi_return_1d,-0.00485980324447155
124,B,persist,fx_level_z_252,-0.009115543216466904
124,B,underwater,kospi_return_1d,0.003220331622287631
124,B,underwater,fx_level_z_252,-0.029975557699799538
124,alpha,,kospi_return_1d,0.017462382093071938
124,alpha,,fx_level_z_252,0.020997432991862297
125,beta,momentum,,-0.019139401614665985
125,beta,persist,,0.09503322094678879
125,beta,underwater,,0.03690401837229729
125,B,momentum,kospi_return_1d,0.0024596485309302807
125,B,momentum,fx_level_z_252,0.0006850346690043807
125,B,persist,kospi_return_1d,-0.004626912996172905
125,B,persist,fx_level_z_252,-0.009022558107972145
125,B,underwater,kospi_return_1d,0.0034997640177607536
125,B,underwater,fx_level_z_252,-0.0300286877900362
125,alpha,,kospi_return_1d,0.01742291823029518
125,alpha,,fx_level_z_252,0.020745931193232536
126,beta,momentum,,-0.018979843705892563
126,beta,persist,,0.09513046592473984
126,beta,underwater,,0.036721132695674896
126,B,momentum,kospi_return_1d,0.0024480512365698814
126,B,momentum,fx_level_z_252,0.0007161765242926776
126,B,persist,kospi_return_1d,-0.004492979496717453
126,B,persist,fx_level_z_252,-0.008870000950992107
126,B,underwater,kospi_return_1d,0.0038029104471206665
126,B,underwater,fx_level_z_252,-0.03020121157169342
126,alpha,,kospi_return_1d,0.017521392554044724
126,alpha,,fx_level_z_252,0.020605726167559624
127,beta,momentum,,-0.018736137077212334
127,beta,persist,,0.09522221982479095
127,beta,underwater,,0.03657219931483269
127,B,momentum,kospi_return_1d,0.002578496001660824
127,B,momentum,fx_level_z_252,0.0008350074640475214
127,B,persist,kospi_return_1d,-0.004570928867906332
127,B,persist,fx_level_z_252,-0.008705089800059795
127,B,underwater,kospi_return_1d,0.003960261587053537
127,B,underwater,fx_level_z_252,-0.030469782650470734
127,alpha,,kospi_return_1d,0.017623798921704292
127,alpha,,fx_level_z_252,0.02050042897462845
128,beta,momentum,,-0.018586715683341026
128,beta,persist,,0.09537884593009949
128,beta,underwater,,0.03658835217356682
128,B,momentum,kospi_return_1d,0.002772449515759945
128,B,momentum,fx_level_z_252,0.0008787977276369929
128,B,persist,kospi_return_1d,-0.004597883205860853
128,B,persist,fx_level_z_252,-0.008459844626486301
128,B,underwater,kospi_return_1d,0.0038850060664117336
128,B,underwater,fx_level_z_252,-0.030507434159517288
128,alpha,,kospi_return_1d,0.017705880105495453
128,alpha,,fx_level_z_252,0.020516887307167053
129,beta,momentum,,-0.018514400348067284
129,beta,persist,,0.09561879932880402
129,beta,underwater,,0.03673059865832329
129,B,momentum,kospi_return_1d,0.0030218278989195824
129,B,momentum,fx_level_z_252,0.0008993452065624297
129,B,persist,kospi_return_1d,-0.0045792232267558575
129,B,persist,fx_level_z_252,-0.008308487944304943
129,B,underwater,kospi_return_1d,0.0038469519931823015
129,B,underwater,fx_level_z_252,-0.030475594103336334
129,alpha,,kospi_return_1d,0.017607679590582848
129,alpha,,fx_level_z_252,0.020673977211117744
130,beta,momentum,,-0.018505826592445374
130,beta,persist,,0.09580517560243607
130,beta,underwater,,0.036915507167577744
130,B,momentum,kospi_return_1d,0.0034079363103955984
130,B,momentum,fx_level_z_252,0.0009445573086850345
130,B,persist,kospi_return_1d,-0.00463766697794199
130,B,persist,fx_level_z_252,-0.008049936965107918
130,B,underwater,kospi_return_1d,0.003520091762766242
130,B,underwater,fx_level_z_252,-0.030386589467525482
130,alpha,,kospi_return_1d,0.017588360235095024
130,alpha,,fx_level_z_252,0.020869500935077667
131,beta,momentum,,-0.01839390955865383
131,beta,persist,,0.0959317684173584
131,beta,underwater,,0.037064533680677414
131,B,momentum,kospi_return_1d,0.0037471773102879524
131,B,momentum,fx_level_z_252,0.0008884861599653959
131,B,persist,kospi_return_1d,-0.004774334374815226
131,B,persist,fx_level_z_252,-0.0077161723747849464
131,B,underwater,kospi_return_1d,0.0031721768900752068
131,B,underwater,fx_level_z_252,-0.0301425252109766
131,alpha,,kospi_return_1d,0.01759672723710537
131,alpha,,fx_level_z_252,0.021059030666947365
132,beta,momentum,,-0.01819050870835781
132,beta,persist,,0.096010223031044
132,beta,underwater,,0.03717053309082985
132,B,momentum,kospi_return_1d,0.004010084550827742
132,B,momentum,fx_level_z_252,0.0009210994467139244
132,B,persist,kospi_return_1d,-0.004794423468410969
132,B,persist,fx_level_z_252,-0.007421545218676329
132,B,underwater,kospi_return_1d,0.002942857798188925
132,B,underwater,fx_level_z_252,-0.030008019879460335
132,alpha,,kospi_return_1d,0.01778341270983219
132,alpha,,fx_level_z_252,0.0213320329785347
133,beta,momentum,,-0.01806056685745716
133,beta,persist,,0.09617577493190765
133,beta,underwater,,0.03732229396700859
133,B,momentum,kospi_return_1d,0.004321314860135317
133,B,momentum,fx_level_z_252,0.0009670534054748714
133,B,persist,kospi_return_1d,-0.004815699998289347
133,B,persist,fx_level_z_252,-0.007180186454206705
133,B,underwater,kospi_return_1d,0.002598085440695286
133,B,underwater,fx_level_z_252,-0.029838699847459793
133,alpha,,kospi_return_1d,0.01778974011540413
133,alpha,,fx_level_z_252,0.021609565243124962
134,beta,momentum,,-0.017919979989528656
134,beta,persist,,0.09633772820234299
134,beta,underwater,,0.037482280284166336
134,B,momentum,kospi_return_1d,0.004554942715913057
134,B,momentum,fx_level_z_252,0.001033215899951756
134,B,persist,kospi_return_1d,-0.0049638329073786736
134,B,persist,fx_level_z_252,-0.006901949644088745
134,B,underwater,kospi_return_1d,0.002319471910595894
134,B,underwater,fx_level_z_252,-0.029682107269763947
134,alpha,,kospi_return_1d,0.01776161603629589
134,alpha,,fx_level_z_252,0.021841537207365036
135,beta,momentum,,-0.017833061516284943
135,beta,persist,,0.0964830219745636
135,beta,underwater,,0.03762701898813248
135,B,momentum,kospi_return_1d,0.004629144445061684
135,B,momentum,fx_level_z_252,0.001111813122406602
135,B,persist,kospi_return_1d,-0.005048136226832867
135,B,persist,fx_level_z_252,-0.0065980516374111176
135,B,underwater,kospi_return_1d,0.002050700131803751
135,B,underwater,fx_level_z_252,-0.029595544561743736
135,alpha,,kospi_return_1d,0.017809050157666206
135,alpha,,fx_level_z_252,0.02220151200890541
136,beta,momentum,,-0.01770331710577011
136,beta,persist,,0.09662029892206192
136,beta,underwater,,0.03770582005381584
136,B,momentum,kospi_return_1d,0.004577296320348978
136,B,momentum,fx_level_z_252,0.0010931267170235515
136,B,persist,kospi_return_1d,-0.005190891679376364
136,B,persist,fx_level_z_252,-0.006331386975944042
136,B,underwater,kospi_return_1d,0.001837424119003117
136,B,underwater,fx_level_z_252,-0.029614796862006187
136,alpha,,kospi_return_1d,0.01781311258673668
136,alpha,,fx_level_z_252,0.02249625138938427
137,beta,momentum,,-0.017521852627396584
137,beta,persist,,0.09666412323713303
137,beta,underwater,,0.037724029272794724
137,B,momentum,kospi_return_1d,0.004537929315119982
137,B,momentum,fx_level_z_252,0.0010838687885552645
137,B,persist,kospi_return_1d,-0.005405287258327007
137,B,persist,fx_level_z_252,-0.006087298039346933
137,B,underwater,kospi_return_1d,0.001603360753506422
137,B,underwater,fx_level_z_252,-0.029749605804681778
137,alpha,,kospi_return_1d,0.017937395721673965
137,alpha,,fx_level_z_252,0.022638624534010887
138,beta,momentum,,-0.017387760803103447
138,beta,persist,,0.09670980274677277
138,beta,underwater,,0.03777310624718666
138,B,momentum,kospi_return_1d,0.0047351098619401455
138,B,momentum,fx_level_z_252,0.00107821193523705
138,B,persist,kospi_return_1d,-0.005748469848185778
138,B,persist,fx_level_z_252,-0.0058040134608745575
138,B,underwater,kospi_return_1d,0.001300597796216607
138,B,underwater,fx_level_z_252,-0.02976282499730587
138,alpha,,kospi_return_1d,0.01810235157608986
138,alpha,,fx_level_z_252,0.022640956565737724
139,beta,momentum,,-0.017320098355412483
139,beta,persist,,0.09682799875736237
139,beta,underwater,,0.03780154883861542
139,B,momentum,kospi_return_1d,0.00460350327193737
139,B,momentum,fx_level_z_252,0.0012949886731803417
139,B,persist,kospi_return_1d,-0.005844469647854567
139,B,persist,fx_level_z_252,-0.005760834086686373
139,B,underwater,kospi_return_1d,0.001305754529312253
139,B,underwater,fx_level_z_252,-0.03007485717535019
139,alpha,,kospi_return_1d,0.01818389631807804
139,alpha,,fx_level_z_252,0.022727428004145622
140,beta,momentum,,-0.01740937866270542
140,beta,persist,,0.09704239666461945
140,beta,underwater,,0.037911638617515564
140,B,momentum,kospi_return_1d,0.004284870345145464
140,B,momentum,fx_level_z_252,0.0015953932888805866
140,B,persist,kospi_return_1d,-0.005836233962327242
140,B,persist,fx_level_z_252,-0.0060039907693862915
140,B,underwater,kospi_return_1d,0.0014333323342725635
140,B,underwater,fx_level_z_252,-0.030362268909811974
140,alpha,,kospi_return_1d,0.018287688493728638
140,alpha,,fx_level_z_252,0.022891255095601082
141,beta,momentum,,-0.017547329887747765
141,beta,persist,,0.09727047383785248
141,beta,underwater,,0.038084570318460464
141,B,momentum,kospi_return_1d,0.003833453869447112
141,B,momentum,fx_level_z_252,0.001698029926046729
141,B,persist,kospi_return_1d,-0.0058732712641358376
141,B,persist,fx_level_z_252,-0.00608746288344264
141,B,underwater,kospi_return_1d,0.0015268983552232385
141,B,underwater,fx_level_z_252,-0.030469093471765518
141,alpha,,kospi_return_1d,0.018273327499628067
141,alpha,,fx_level_z_252,0.02319440431892872
142,beta,momentum,,-0.01760198175907135
142,beta,persist,,0.09745766222476959
142,beta,underwater,,0.03818328306078911
142,B,momentum,kospi_return_1d,0.0033814359921962023
142,B,momentum,fx_level_z_252,0.0018275296315550804
142,B,persist,kospi_return_1d,-0.005987420678138733
142,B,persist,fx_level_z_252,-0.006124008446931839
142,B,underwater,kospi_return_1d,0.0017091991612687707
142,B,underwater,fx_level_z_252,-0.030570680275559425
142,alpha,,kospi_return_1d,0.01842808537185192
142,alpha,,fx_level_z_252,0.023351026698946953
143,beta,momentum,,-0.017641324549913406
143,beta,persist,,0.09766126424074173
143,beta,underwater,,0.03819534182548523
143,B,momentum,kospi_return_1d,0.0027817783411592245
143,B,momentum,fx_level_z_252,0.001962249865755439
143,B,persist,kospi_return_1d,-0.006084356922656298
143,B,persist,fx_level_z_252,-0.006100918166339397
143,B,underwater,kospi_return_1d,0.001924358308315277
143,B,underwater,fx_level_z_252,-0.030645959079265594
143,alpha,,kospi_return_1d,0.018429528921842575
143,alpha,,fx_level_z_252,0.023433644324541092
144,beta,momentum,,-0.017580673098564148
144,beta,persist,,0.09776195138692856
144,beta,underwater,,0.03802280128002167
144,B,momentum,kospi_return_1d,0.002296291058883071
144,B,momentum,fx_level_z_252,0.002041473286226392
144,B,persist,kospi_return_1d,-0.006165983621031046
144,B,persist,fx_level_z_252,-0.006032341159880161
144,B,underwater,kospi_return_1d,0.002146350219845772
144,B,underwater,fx_level_z_252,-0.030770566314458847
144,alpha,,kospi_return_1d,0.0186310987919569
144,alpha,,fx_level_z_252,0.023334937170147896
145,beta,momentum,,-0.017540516331791878
145,beta,persist,,0.09788165241479874
145,beta,underwater,,0.03781535476446152
145,B,momentum,kospi_return_1d,0.0018892500083893538
145,B,momentum,fx_level_z_252,0.002156580798327923
145,B,persist,kospi_return_1d,-0.006188965868204832
145,B,persist,fx_level_z_252,-0.006064312998205423
145,B,underwater,kospi_return_1d,0.002378260251134634
145,B,underwater,fx_level_z_252,-0.03087789937853813
145,alpha,,kospi_return_1d,0.01869973912835121
145,alpha,,fx_level_z_252,0.023249682039022446
146,beta,momentum,,-0.017515115439891815
146,beta,persist,,0.09801476448774338
146,beta,underwater,,0.03752141073346138
146,B,momentum,kospi_return_1d,0.0014414893230423331
146,B,momentum,fx_level_z_252,0.0023650294169783592
146,B,persist,kospi_return_1d,-0.0062059503979980946
146,B,persist,fx_level_z_252,-0.006180923897773027
146,B,underwater,kospi_return_1d,0.0027055356185883284
146,B,underwater,fx_level_z_252,-0.031179912388324738
146,alpha,,kospi_return_1d,0.01870267651975155
146,alpha,,fx_level_z_252,0.023031288757920265
147,beta,momentum,,-0.01756504736840725
147,beta,persist,,0.09813817590475082
147,beta,underwater,,0.037378810346126556
147,B,momentum,kospi_return_1d,0.0010642505949363112
147,B,momentum,fx_level_z_252,0.0024383675772696733
147,B,persist,kospi_return_1d,-0.006216272711753845
147,B,persist,fx_level_z_252,-0.006319839041680098
147,B,underwater,kospi_return_1d,0.0029964903369545937
147,B,underwater,fx_level_z_252,-0.03131049871444702
147,alpha,,kospi_return_1d,0.018672998994588852
147,alpha,,fx_level_z_252,0.022881705313920975
148,beta,momentum,,-0.017552435398101807
148,beta,persist,,0.09822599589824677
148,beta,underwater,,0.037126265466213226
148,B,momentum,kospi_return_1d,0.0006671098526567221
148,B,momentum,fx_level_z_252,0.0024811583571135998
148,B,persist,kospi_return_1d,-0.006257997825741768
148,B,persist,fx_level_z_252,-0.006333120632916689
148,B,underwater,kospi_return_1d,0.0032456633634865284
148,B,underwater,fx_level_z_252,-0.03149697557091713
148,alpha,,kospi_return_1d,0.018700243905186653
148,alpha,,fx_level_z_252,0.02280348911881447
149,beta,momentum,,-0.017394602298736572
149,beta,persist,,0.0982886254787445
149,beta,underwater,,0.036914050579071045
149,B,momentum,kospi_return_1d,0.0005491301417350769
149,B,momentum,fx_level_z_252,0.0022324754390865564
149,B,persist,kospi_return_1d,-0.0062486352398991585
149,B,persist,fx_level_z_252,-0.006295460741966963
149,B,underwater,kospi_return_1d,0.003546263789758086
149,B,underwater,fx_level_z_252,-0.03140266239643097
149,alpha,,kospi_return_1d,0.018747523427009583
149,alpha,,fx_level_z_252,0.022615663707256317
150,beta,momentum,,-0.01718813367187977
150,beta,persist,,0.09832356870174408
150,beta,underwater,,0.0368012897670269
150,B,momentum,kospi_return_1d,0.0005634903791360557
150,B,momentum,fx_level_z_252,0.0018904655007645488
150,B,persist,kospi_return_1d,-0.006179164629429579
150,B,persist,fx_level_z_252,-0.006294518243521452
150,B,underwater,kospi_return_1d,0.0036901941057294607
150,B,underwater,fx_level_z_252,-0.031190212815999985
150,alpha,,kospi_return_1d,0.01883881352841854
150,alpha,,fx_level_z_252,0.022483063861727715
151,beta,momentum,,-0.017005521804094315
151,beta,persist,,0.09839212894439697
151,beta,underwater,,0.036792803555727005
151,B,momentum,kospi_return_1d,0.0007206674199551344
151,B,momentum,fx_level_z_252,0.001524590770713985
151,B,persist,kospi_return_1d,-0.0060997637920081615
151,B,persist,fx_level_z_252,-0.00634104385972023
151,B,underwater,kospi_return_1d,0.0036119981668889523
151,B,underwater,fx_level_z_252,-0.031040431931614876
151,alpha,,kospi_return_1d,0.018907567486166954
151,alpha,,fx_level_z_252,0.022467762231826782
152,beta,momentum,,-0.016844870522618294
152,beta,persist,,0.09849362820386887
152,beta,underwater,,0.036834716796875
152,B,momentum,kospi_return_1d,0.0010684480657801032
152,B,momentum,fx_level_z_252,0.0012940842425450683
152,B,persist,kospi_return_1d,-0.005999082699418068
152,B,persist,fx_level_z_252,-0.006470749154686928
152,B,underwater,kospi_return_1d,0.003453795798122883
152,B,underwater,fx_level_z_252,-0.031042559072375298
152,alpha,,kospi_return_1d,0.018924012780189514
152,alpha,,fx_level_z_252,0.022525299340486526
153,beta,momentum,,-0.016825983300805092
153,beta,persist,,0.09857019782066345
153,beta,underwater,,0.036837268620729446
153,B,momentum,kospi_return_1d,0.001414881320670247
153,B,momentum,fx_level_z_252,0.0012443563900887966
153,B,persist,kospi_return_1d,-0.0060300747863948345
153,B,persist,fx_level_z_252,-0.0066435132175683975
153,B,underwater,kospi_return_1d,0.003228357993066311
153,B,underwater,fx_level_z_252,-0.031091833487153053
153,alpha,,kospi_return_1d,0.01900356262922287
153,alpha,,fx_level_z_252,0.022469406947493553
154,beta,momentum,,-0.016763322055339813
154,beta,persist,,0.09864587336778641
154,beta,underwater,,0.036814313381910324
154,B,momentum,kospi_return_1d,0.001656074426136911
154,B,momentum,fx_level_z_252,0.0013096113689243793
154,B,persist,kospi_return_1d,-0.006109083071351051
154,B,persist,fx_level_z_252,-0.00677153654396534
154,B,underwater,kospi_return_1d,0.003087130142375827
154,B,underwater,fx_level_z_252,-0.031241275370121002
154,alpha,,kospi_return_1d,0.01897694729268551
154,alpha,,fx_level_z_252,0.022562598809599876
155,beta,momentum,,-0.016718480736017227
155,beta,persist,,0.09872522950172424
155,beta,underwater,,0.0368201844394207
155,B,momentum,kospi_return_1d,0.0018253820016980171
155,B,momentum,fx_level_z_252,0.00136689527425915
155,B,persist,kospi_return_1d,-0.006277134176343679
155,B,persist,fx_level_z_252,-0.006831666454672813
155,B,underwater,kospi_return_1d,0.002749743638560176
155,B,underwater,fx_level_z_252,-0.031379230320453644
155,alpha,,kospi_return_1d,0.018855709582567215
155,alpha,,fx_level_z_252,0.022730134427547455
156,beta,momentum,,-0.01669972389936447
156,beta,persist,,0.09882594645023346
156,beta,underwater,,0.03683611378073692
156,B,momentum,kospi_return_1d,0.0020351342391222715
156,B,momentum,fx_level_z_252,0.0016009655082598329
156,B,persist,kospi_return_1d,-0.006235493812710047
156,B,persist,fx_level_z_252,-0.0069496044889092445
156,B,underwater,kospi_return_1d,0.0024476663675159216
156,B,underwater,fx_level_z_252,-0.031595513224601746
156,alpha,,kospi_return_1d,0.018717588856816292
156,alpha,,fx_level_z_252,0.02289041317999363
157,beta,momentum,,-0.01678355596959591
157,beta,persist,,0.09893786907196045
157,beta,underwater,,0.037011805921792984
157,B,momentum,kospi_return_1d,0.002232104539871216
157,B,momentum,fx_level_z_252,0.0017285036155954003
157,B,persist,kospi_return_1d,-0.006146470084786415
157,B,persist,fx_level_z_252,-0.00702316639944911
157,B,underwater,kospi_return_1d,0.002259783446788788
157,B,underwater,fx_level_z_252,-0.031672991812229156
157,alpha,,kospi_return_1d,0.018532156944274902
157,alpha,,fx_level_z_252,0.023085566237568855
158,beta,momentum,,-0.016785699874162674
158,beta,persist,,0.0990731492638588
158,beta,underwater,,0.03708776459097862
158,B,momentum,kospi_return_1d,0.0024731606245040894
158,B,momentum,fx_level_z_252,0.0016955649480223656
158,B,persist,kospi_return_1d,-0.006163212936371565
158,B,persist,fx_level_z_252,-0.007100067101418972
158,B,underwater,kospi_return_1d,0.002102834405377507
158,B,underwater,fx_level_z_252,-0.03167722746729851
158,alpha,,kospi_return_1d,0.018352823331952095
158,alpha,,fx_level_z_252,0.023149067535996437
159,beta,momentum,,-0.016852017492055893
159,beta,persist,,0.09919030219316483
159,beta,underwater,,0.037202466279268265
159,B,momentum,kospi_return_1d,0.002527716336771846
159,B,momentum,fx_level_z_252,0.001616089721210301
159,B,persist,kospi_return_1d,-0.005945465061813593
159,B,persist,fx_level_z_252,-0.007218515500426292
159,B,underwater,kospi_return_1d,0.002062564715743065
159,B,underwater,fx_level_z_252,-0.03161149099469185
159,alpha,,kospi_return_1d,0.018230097368359566
159,alpha,,fx_level_z_252,0.02315542660653591
160,beta,momentum,,-0.01699541136622429
160,beta,persist,,0.09927260130643845
160,beta,underwater,,0.03728218004107475
160,B,momentum,kospi_return_1d,0.0023652296513319016
160,B,momentum,fx_level_z_252,0.001692763064056635
160,B,persist,kospi_return_1d,-0.005698287393897772
160,B,persist,fx_level_z_252,-0.007365729659795761
160,B,underwater,kospi_return_1d,0.0021815034560859203
160,B,underwater,fx_level_z_252,-0.03165649622678757
160,alpha,,kospi_return_1d,0.018109358847141266
160,alpha,,fx_level_z_252,0.023058904334902763
161,beta,momentum,,-0.017154373228549957
161,beta,persist,,0.09933357685804367
161,beta,underwater,,0.03744778409600258
161,B,momentum,kospi_return_1d,0.0023674822878092527
161,B,momentum,fx_level_z_252,0.0019178926013410091
161,B,persist,kospi_return_1d,-0.005574273411184549
161,B,persist,fx_level_z_252,-0.007529609836637974
161,B,underwater,kospi_return_1d,0.0022523771040141582
161,B,underwater,fx_level_z_252,-0.03159448131918907
161,alpha,,kospi_return_1d,0.018011698499321938
161,alpha,,fx_level_z_252,0.02295815199613571
162,beta,momentum,,-0.017403554171323776
162,beta,persist,,0.09940972924232483
162,beta,underwater,,0.037643659859895706
162,B,momentum,kospi_return_1d,0.002321176929399371
162,B,momentum,fx_level_z_252,0.0021875277161598206
162,B,persist,kospi_return_1d,-0.005355107598006725
162,B,persist,fx_level_z_252,-0.007721354719251394
162,B,underwater,kospi_return_1d,0.002278805710375309
162,B,underwater,fx_level_z_252,-0.03152116388082504
162,alpha,,kospi_return_1d,0.01797272078692913
162,alpha,,fx_level_z_252,0.02295217476785183
163,beta,momentum,,-0.017568372189998627
163,beta,persist,,0.0993843525648117
163,beta,underwater,,0.03764181211590767
163,B,momentum,kospi_return_1d,0.0023343167267739773
163,B,momentum,fx_level_z_252,0.002436551731079817
163,B,persist,kospi_return_1d,-0.005294167902320623
163,B,persist,fx_level_z_252,-0.007730350363999605
163,B,underwater,kospi_return_1d,0.0021782023832201958
163,B,underwater,fx_level_z_252,-0.0314021073281765
163,alpha,,kospi_return_1d,0.01794467493891716
163,alpha,,fx_level_z_252,0.022685982286930084
164,beta,momentum,,-0.017650650814175606
164,beta,persist,,0.09938494861125946
164,beta,underwater,,0.03763690963387489
164,B,momentum,kospi_return_1d,0.0022555612958967686
164,B,momentum,fx_level_z_252,0.0023538433015346527
164,B,persist,kospi_return_1d,-0.005403644405305386
164,B,persist,fx_level_z_252,-0.0075310165993869305
164,B,underwater,kospi_return_1d,0.0021807807497680187
164,B,underwater,fx_level_z_252,-0.0310796070843935
164,alpha,,kospi_return_1d,0.01781954988837242
164,alpha,,fx_level_z_252,0.02242787554860115
165,beta,momentum,,-0.017783181741833687
165,beta,persist,,0.09934511035680771
165,beta,underwater,,0.037535473704338074
165,B,momentum,kospi_return_1d,0.002160713542252779
165,B,momentum,fx_level_z_252,0.002382588805630803
165,B,persist,kospi_return_1d,-0.0056744893081486225
165,B,persist,fx_level_z_252,-0.007452388294041157
165,B,underwater,kospi_return_1d,0.0021299549844115973
165,B,underwater,fx_level_z_252,-0.03096192143857479
165,alpha,,kospi_return_1d,0.017736870795488358
165,alpha,,fx_level_z_252,0.02235480397939682
166,beta,momentum,,-0.017800582572817802
166,beta,persist,,0.09931319206953049
166,beta,underwater,,0.037418682128190994
166,B,momentum,kospi_return_1d,0.0020765168592333794
166,B,momentum,fx_level_z_252,0.0023290207609534264
166,B,persist,kospi_return_1d,-0.005764844827353954
166,B,persist,fx_level_z_252,-0.007380456198006868
166,B,underwater,kospi_return_1d,0.0020615088287740946
166,B,underwater,fx_level_z_252,-0.030924145132303238
166,alpha,,kospi_return_1d,0.0178137868642807
166,alpha,,fx_level_z_252,0.022282840684056282
167,beta,momentum,,-0.01773664727807045
167,beta,persist,,0.0992346927523613
167,beta,underwater,,0.0372672863304615
167,B,momentum,kospi_return_1d,0.0021606124937534332
167,B,momentum,fx_level_z_252,0.0023798237089067698
167,B,persist,kospi_return_1d,-0.005934517364948988
167,B,persist,fx_level_z_252,-0.007370492443442345
167,B,underwater,kospi_return_1d,0.0020379761699587107
167,B,underwater,fx_level_z_252,-0.030986372381448746
167,alpha,,kospi_return_1d,0.01804008148610592
167,alpha,,fx_level_z_252,0.02223476767539978
168,beta,momentum,,-0.017689555883407593
168,beta,persist,,0.09917200356721878
168,beta,underwater,,0.037114642560482025
168,B,momentum,kospi_return_1d,0.002322820946574211
168,B,momentum,fx_level_z_252,0.002398368902504444
168,B,persist,kospi_return_1d,-0.006127407308667898
168,B,persist,fx_level_z_252,-0.0072716460563242435
168,B,underwater,kospi_return_1d,0.002055143238976598
168,B,underwater,fx_level_z_252,-0.0311138816177845
168,alpha,,kospi_return_1d,0.018153009936213493
168,alpha,,fx_level_z_252,0.022349216043949127
169,beta,momentum,,-0.017685331404209137
169,beta,persist,,0.09910452365875244
169,beta,underwater,,0.03694802150130272
169,B,momentum,kospi_return_1d,0.002282096538692713
169,B,momentum,fx_level_z_252,0.002344476291909814
169,B,persist,kospi_return_1d,-0.006319829728454351
169,B,persist,fx_level_z_252,-0.00715986080467701
169,B,underwater,kospi_return_1d,0.002228430239483714
169,B,underwater,fx_level_z_252,-0.031103191897273064
169,alpha,,kospi_return_1d,0.018264319747686386
169,alpha,,fx_level_z_252,0.02229943871498108
170,beta,momentum,,-0.017650675028562546
170,beta,persist,,0.09901153296232224
170,beta,underwater,,0.03673791512846947
170,B,momentum,kospi_return_1d,0.0020679181907325983
170,B,momentum,fx_level_z_252,0.0022353208623826504
170,B,persist,kospi_return_1d,-0.006314578931778669
170,B,persist,fx_level_z_252,-0.0070510501973330975
170,B,underwater,kospi_return_1d,0.0024612515699118376
170,B,underwater,fx_level_z_252,-0.031116172671318054
170,alpha,,kospi_return_1d,0.018480803817510605
170,alpha,,fx_level_z_252,0.022210555151104927
171,beta,momentum,,-0.01766357757151127
171,beta,persist,,0.0989559218287468
171,beta,underwater,,0.03657827526330948
171,B,momentum,kospi_return_1d,0.0019522045040503144
171,B,momentum,fx_level_z_252,0.002266381634399295
171,B,persist,kospi_return_1d,-0.00632062740623951
171,B,persist,fx_level_z_252,-0.0069694421254098415
171,B,underwater,kospi_return_1d,0.002640479477122426
171,B,underwater,fx_level_z_252,-0.031129909679293633
171,alpha,,kospi_return_1d,0.01858254335820675
171,alpha,,fx_level_z_252,0.022163935005664825
172,beta,momentum,,-0.017710234969854355
172,beta,persist,,0.09895946830511093
172,beta,underwater,,0.03646766021847725
172,B,momentum,kospi_return_1d,0.001929490128532052
172,B,momentum,fx_level_z_252,0.0020897104404866695
172,B,persist,kospi_return_1d,-0.006505449768155813
172,B,persist,fx_level_z_252,-0.006913031451404095
172,B,underwater,kospi_return_1d,0.002561937551945448
172,B,underwater,fx_level_z_252,-0.030937811359763145
172,alpha,,kospi_return_1d,0.01857885718345642
172,alpha,,fx_level_z_252,0.022246088832616806
173,beta,momentum,,-0.017704853788018227
173,beta,persist,,0.09894157946109772
173,beta,underwater,,0.03646482899785042
173,B,momentum,kospi_return_1d,0.0018725483678281307
173,B,momentum,fx_level_z_252,0.0017952743219211698
173,B,persist,kospi_return_1d,-0.006464311853051186
173,B,persist,fx_level_z_252,-0.0067154401913285255
173,B,underwater,kospi_return_1d,0.0025477013550698757
173,B,underwater,fx_level_z_252,-0.03067709133028984
173,alpha,,kospi_return_1d,0.01865411177277565
173,alpha,,fx_level_z_252,0.022533008828759193
174,beta,momentum,,-0.01769040897488594
174,beta,persist,,0.0988508015871048
174,beta,underwater,,0.036392729729413986
174,B,momentum,kospi_return_1d,0.001864205696620047
174,B,momentum,fx_level_z_252,0.0016690760385245085
174,B,persist,kospi_return_1d,-0.006315439473837614
174,B,persist,fx_level_z_252,-0.006615533959120512
174,B,underwater,kospi_return_1d,0.002657100325450301
174,B,underwater,fx_level_z_252,-0.030654432252049446
174,alpha,,kospi_return_1d,0.018726220354437828
174,alpha,,fx_level_z_252,0.022611822932958603
175,beta,momentum,,-0.0176498182117939
175,beta,persist,,0.0987701565027237
175,beta,underwater,,0.03629307821393013
175,B,momentum,kospi_return_1d,0.0019319970160722733
175,B,momentum,fx_level_z_252,0.0014373394660651684
175,B,persist,kospi_return_1d,-0.006103494204580784
175,B,persist,fx_level_z_252,-0.006579464767128229
175,B,underwater,kospi_return_1d,0.0026376424357295036
175,B,underwater,fx_level_z_252,-0.030657926574349403
175,alpha,,kospi_return_1d,0.018873514607548714
175,alpha,,fx_level_z_252,0.02275574952363968
176,beta,momentum,,-0.017537303268909454
176,beta,persist,,0.09868369251489639
176,beta,underwater,,0.036124397069215775
176,B,momentum,kospi_return_1d,0.0021680432837456465
176,B,momentum,fx_level_z_252,0.00117605016566813
176,B,persist,kospi_return_1d,-0.005918173585087061
176,B,persist,fx_level_z_252,-0.006691856309771538
176,B,underwater,kospi_return_1d,0.002569937612861395
176,B,underwater,fx_level_z_252,-0.03064652904868126
176,alpha,,kospi_return_1d,0.018979348242282867
176,alpha,,fx_level_z_252,0.0227348692715168
177,beta,momentum,,-0.017291825264692307
177,beta,persist,,0.09851259738206863
177,beta,underwater,,0.035889413207769394
177,B,momentum,kospi_return_1d,0.002374257193878293
177,B,momentum,fx_level_z_252,0.0009440249414183199
177,B,persist,kospi_return_1d,-0.0056859878823161125
177,B,persist,fx_level_z_252,-0.0068361796438694
177,B,underwater,kospi_return_1d,0.0025627154391258955
177,B,underwater,fx_level_z_252,-0.030729206278920174
177,alpha,,kospi_return_1d,0.019378775730729103
177,alpha,,fx_level_z_252,0.02273210883140564
178,beta,momentum,,-0.01720026694238186
178,beta,persist,,0.0984351634979248
178,beta,underwater,,0.03568502515554428
178,B,momentum,kospi_return_1d,0.0025966190733015537
178,B,momentum,fx_level_z_252,0.0007961770752444863
178,B,persist,kospi_return_1d,-0.00558234890922904
178,B,persist,fx_level_z_252,-0.007104737684130669
178,B,underwater,kospi_return_1d,0.002570304088294506
178,B,underwater,fx_level_z_252,-0.03075564280152321
178,alpha,,kospi_return_1d,0.019687583670020103
178,alpha,,fx_level_z_252,0.022736364975571632
179,beta,momentum,,-0.01714412122964859
179,beta,persist,,0.09844768047332764
179,beta,underwater,,0.035585932433605194
179,B,momentum,kospi_return_1d,0.002865683753043413
179,B,momentum,fx_level_z_252,0.00047327723586931825
179,B,persist,kospi_return_1d,-0.005609129089862108
179,B,persist,fx_level_z_252,-0.007346324622631073
179,B,underwater,kospi_return_1d,0.002501977374777198
179,B,underwater,fx_level_z_252,-0.030695335939526558
179,alpha,,kospi_return_1d,0.019891180098056793
179,alpha,,fx_level_z_252,0.022733265534043312
180,beta,momentum,,-0.017196638509631157
180,beta,persist,,0.09848036617040634
180,beta,underwater,,0.03551052510738373
180,B,momentum,kospi_return_1d,0.0032281018793582916
180,B,momentum,fx_level_z_252,0.00030519161373376846
180,B,persist,kospi_return_1d,-0.005708483047783375
180,B,persist,fx_level_z_252,-0.007611961103975773
180,B,underwater,kospi_return_1d,0.0024276000913232565
180,B,underwater,fx_level_z_252,-0.03079541213810444
180,alpha,,kospi_return_1d,0.020172130316495895
180,alpha,,fx_level_z_252,0.022618213668465614
181,beta,momentum,,-0.0171491876244545
181,beta,persist,,0.09849103540182114
181,beta,underwater,,0.03538251668214798
181,B,momentum,kospi_return_1d,0.0036051340866833925
181,B,momentum,fx_level_z_252,0.0001112476602429524
181,B,persist,kospi_return_1d,-0.005920725408941507
181,B,persist,fx_level_z_252,-0.007790801580995321
181,B,underwater,kospi_return_1d,0.0023817464243620634
181,B,underwater,fx_level_z_252,-0.030858101323246956
181,alpha,,kospi_return_1d,0.02045266516506672
181,alpha,,fx_level_z_252,0.02255403622984886
182,beta,momentum,,-0.017074039205908775
182,beta,persist,,0.09857688099145889
182,beta,underwater,,0.03536643832921982
182,B,momentum,kospi_return_1d,0.003960581496357918
182,B,momentum,fx_level_z_252,-0.00014220803859643638
182,B,persist,kospi_return_1d,-0.0061943805776536465
182,B,persist,fx_level_z_252,-0.00799927581101656
182,B,underwater,kospi_return_1d,0.002152844099327922
182,B,underwater,fx_level_z_252,-0.030866589397192
182,alpha,,kospi_return_1d,0.020524224266409874
182,alpha,,fx_level_z_252,0.022531164810061455
183,beta,momentum,,-0.016947587952017784
183,beta,persist,,0.09857548028230667
183,beta,underwater,,0.03525691106915474
183,B,momentum,kospi_return_1d,0.004253406077623367
183,B,momentum,fx_level_z_252,-0.00029981808620505035
183,B,persist,kospi_return_1d,-0.006528691854327917
183,B,persist,fx_level_z_252,-0.00809608306735754
183,B,underwater,kospi_return_1d,0.0019289844203740358
183,B,underwater,fx_level_z_252,-0.030898332595825195
183,alpha,,kospi_return_1d,0.020539771765470505
183,alpha,,fx_level_z_252,0.02237006090581417
184,beta,momentum,,-0.016884243115782738
184,beta,persist,,0.09861045330762863
184,beta,underwater,,0.03519390523433685
184,B,momentum,kospi_return_1d,0.004608004353940487
184,B,momentum,fx_level_z_252,-0.00029152503702789545
184,B,persist,kospi_return_1d,-0.006853828672319651
184,B,persist,fx_level_z_252,-0.008192731998860836
184,B,underwater,kospi_return_1d,0.0017477477667853236
184,B,underwater,fx_level_z_252,-0.030877267941832542
184,alpha,,kospi_return_1d,0.020548896864056587
184,alpha,,fx_level_z_252,0.022220565006136894
185,beta,momentum,,-0.016917984932661057
185,beta,persist,,0.09865665435791016
185,beta,underwater,,0.03502798452973366
185,B,momentum,kospi_return_1d,0.004771230276674032
185,B,momentum,fx_level_z_252,-6.940725143067539e-05
185,B,persist,kospi_return_1d,-0.007087635807693005
185,B,persist,fx_level_z_252,-0.00840308889746666
185,B,underwater,kospi_return_1d,0.001768429996445775
185,B,underwater,fx_level_z_252,-0.030993906781077385
185,alpha,,kospi_return_1d,0.02053508162498474
185,alpha,,fx_level_z_252,0.021864833310246468
186,beta,momentum,,-0.016885442659258842
186,beta,persist,,0.09866505116224289
186,beta,underwater,,0.034828804433345795
186,B,momentum,kospi_return_1d,0.0047096735797822475
186,B,momentum,fx_level_z_252,0.00015102539327926934
186,B,persist,kospi_return_1d,-0.007280826568603516
186,B,persist,fx_level_z_252,-0.008598309941589832
186,B,underwater,kospi_return_1d,0.0019454031717032194
186,B,underwater,fx_level_z_252,-0.03116748295724392
186,alpha,,kospi_return_1d,0.02050155960023403
186,alpha,,fx_level_z_252,0.02151196449995041
187,beta,momentum,,-0.016958143562078476
187,beta,persist,,0.09865862131118774
187,beta,underwater,,0.034634917974472046
187,B,momentum,kospi_return_1d,0.004567992407828569
187,B,momentum,fx_level_z_252,0.000363652769010514
187,B,persist,kospi_return_1d,-0.007462151348590851
187,B,persist,fx_level_z_252,-0.008804929442703724
187,B,underwater,kospi_return_1d,0.0020082416012883186
187,B,underwater,fx_level_z_252,-0.03126288577914238
187,alpha,,kospi_return_1d,0.02051146887242794
187,alpha,,fx_level_z_252,0.02113768644630909
188,beta,momentum,,-0.017106525599956512
188,beta,persist,,0.0987279936671257
188,beta,underwater,,0.03440088406205177
188,B,momentum,kospi_return_1d,0.004295653663575649
188,B,momentum,fx_level_z_252,0.0006861591245979071
188,B,persist,kospi_return_1d,-0.007628453429788351
188,B,persist,fx_level_z_252,-0.008984323590993881
188,B,underwater,kospi_return_1d,0.002161990152671933
188,B,underwater,fx_level_z_252,-0.03134385868906975
188,alpha,,kospi_return_1d,0.02040201798081398
188,alpha,,fx_level_z_252,0.020839873701334
189,beta,momentum,,-0.017225390300154686
189,beta,persist,,0.09877756237983704
189,beta,underwater,,0.03425675258040428
189,B,momentum,kospi_return_1d,0.004039878025650978
189,B,momentum,fx_level_z_252,0.0009376928210258484
189,B,persist,kospi_return_1d,-0.007741181179881096
189,B,persist,fx_level_z_252,-0.008986683562397957
189,B,underwater,kospi_return_1d,0.0022551522124558687
189,B,underwater,fx_level_z_252,-0.03131696581840515
189,alpha,,kospi_return_1d,0.020208803936839104
189,alpha,,fx_level_z_252,0.020576318725943565
190,beta,momentum,,-0.01733056642115116
190,beta,persist,,0.09882918745279312
190,beta,underwater,,0.03424760326743126
190,B,momentum,kospi_return_1d,0.003972489386796951
190,B,momentum,fx_level_z_252,0.0008936453959904611
190,B,persist,kospi_return_1d,-0.007888957858085632
190,B,persist,fx_level_z_252,-0.008785626851022243
190,B,underwater,kospi_return_1d,0.002263873117044568
190,B,underwater,fx_level_z_252,-0.031248915940523148
190,alpha,,kospi_return_1d,0.01997733674943447
190,alpha,,fx_level_z_252,0.02044813521206379
191,beta,momentum,,-0.017494861036539078
191,beta,persist,,0.09886041283607483
191,beta,underwater,,0.03422565385699272
191,B,momentum,kospi_return_1d,0.0037002116441726685
191,B,momentum,fx_level_z_252,0.0009760729735717177
191,B,persist,kospi_return_1d,-0.007884789258241653
191,B,persist,fx_level_z_252,-0.00860515981912613
191,B,underwater,kospi_return_1d,0.002229941776022315
191,B,underwater,fx_level_z_252,-0.031231075525283813
191,alpha,,kospi_return_1d,0.019797109067440033
191,alpha,,fx_level_z_252,0.020400110632181168
192,beta,momentum,,-0.017788073047995567
192,beta,persist,,0.09899310767650604
192,beta,underwater,,0.034490689635276794
192,B,momentum,kospi_return_1d,0.003510290989652276
192,B,momentum,fx_level_z_252,0.0008270975085906684
192,B,persist,kospi_return_1d,-0.007705736439675093
192,B,persist,fx_level_z_252,-0.008439169265329838
192,B,underwater,kospi_return_1d,0.002125595463439822
192,B,underwater,fx_level_z_252,-0.03087651915848255
192,alpha,,kospi_return_1d,0.01957097463309765
192,alpha,,fx_level_z_252,0.020570525899529457
193,beta,momentum,,-0.018038222566246986
193,beta,persist,,0.09908203780651093
193,beta,underwater,,0.034682273864746094
193,B,momentum,kospi_return_1d,0.0031888987869024277
193,B,momentum,fx_level_z_252,0.0006885548355057836
193,B,persist,kospi_return_1d,-0.007552622817456722
193,B,persist,fx_level_z_252,-0.008229338563978672
193,B,underwater,kospi_return_1d,0.002096945885568857
193,B,underwater,fx_level_z_252,-0.030598554760217667
193,alpha,,kospi_return_1d,0.01930379681289196
193,alpha,,fx_level_z_252,0.02079872228205204
194,beta,momentum,,-0.018338125199079514
194,beta,persist,,0.09920422732830048
194,beta,underwater,,0.03493330255150795
194,B,momentum,kospi_return_1d,0.002973963273689151
194,B,momentum,fx_level_z_252,0.0005519018741324544
194,B,persist,kospi_return_1d,-0.007389922626316547
194,B,persist,fx_level_z_252,-0.008171457797288895
194,B,underwater,kospi_return_1d,0.0019142694072797894
194,B,underwater,fx_level_z_252,-0.030379267409443855
194,alpha,,kospi_return_1d,0.019111739471554756
194,alpha,,fx_level_z_252,0.02117335982620716
195,beta,momentum,,-0.01861904002726078
195,beta,persist,,0.09934559464454651
195,beta,underwater,,0.03518778085708618
195,B,momentum,kospi_return_1d,0.002950540976598859
195,B,momentum,fx_level_z_252,0.0004937240737490356
195,B,persist,kospi_return_1d,-0.007334965746849775
195,B,persist,fx_level_z_252,-0.008183304220438004
195,B,underwater,kospi_return_1d,0.0016405805945396423
195,B,underwater,fx_level_z_252,-0.030094854533672333
195,alpha,,kospi_return_1d,0.018903352320194244
195,alpha,,fx_level_z_252,0.021458575502038002
196,beta,momentum,,-0.018838731572031975
196,beta,persist,,0.09943126142024994
196,beta,underwater,,0.03540008142590523
196,B,momentum,kospi_return_1d,0.002943407976999879
196,B,momentum,fx_level_z_252,0.00036378329969011247
196,B,persist,kospi_return_1d,-0.0071373991668224335
196,B,persist,fx_level_z_252,-0.008185574784874916
196,B,underwater,kospi_return_1d,0.0014932368649169803
196,B,underwater,fx_level_z_252,-0.029759816825389862
196,alpha,,kospi_return_1d,0.018765795975923538
196,alpha,,fx_level_z_252,0.02153822034597397
197,beta,momentum,,-0.019028877839446068
197,beta,persist,,0.09941799193620682
197,beta,underwater,,0.035653967410326004
197,B,momentum,kospi_return_1d,0.0027828693855553865
197,B,momentum,fx_level_z_252,0.00012153817806392908
197,B,persist,kospi_return_1d,-0.006904589477926493
197,B,persist,fx_level_z_252,-0.008052360266447067
197,B,underwater,kospi_return_1d,0.0014189829817041755
197,B,underwater,fx_level_z_252,-0.02941112034022808
197,alpha,,kospi_return_1d,0.018734490498900414
197,alpha,,fx_level_z_252,0.0217245165258646
198,beta,momentum,,-0.019200406968593597
198,beta,persist,,0.09936156123876572
198,beta,underwater,,0.03588598221540451
198,B,momentum,kospi_return_1d,0.0025968491099774837
198,B,momentum,fx_level_z_252,-5.7441160606686026e-05
198,B,persist,kospi_return_1d,-0.006584284361451864
198,B,persist,fx_level_z_252,-0.007916710339486599
198,B,underwater,kospi_return_1d,0.0013460848713293672
198,B,underwater,fx_level_z_252,-0.029058491811156273
198,alpha,,kospi_return_1d,0.018892383202910423
198,alpha,,fx_level_z_252,0.02183256670832634
199,beta,momentum,,-0.019234057515859604
199,beta,persist,,0.0993352010846138
199,beta,underwater,,0.035932756960392
199,B,momentum,kospi_return_1d,0.0024589765816926956
199,B,momentum,fx_level_z_252,-5.223249900154769e-06
199,B,persist,kospi_return_1d,-0.006123444996774197
199,B,persist,fx_level_z_252,-0.007926925085484982
199,B,underwater,kospi_return_1d,0.0015364469727501273
199,B,underwater,fx_level_z_252,-0.028932170942425728
199,alpha,,kospi_return_1d,0.01904936507344246
199,alpha,,fx_level_z_252,0.021789560094475746
200,beta,momentum,,-0.019373634830117226
200,beta,persist,,0.09941523522138596
200,beta,underwater,,0.03608042001724243
200,B,momentum,kospi_return_1d,0.0023808791302144527
200,B,momentum,fx_level_z_252,0.00025434623239561915
200,B,persist,kospi_return_1d,-0.00558817945420742
200,B,persist,fx_level_z_252,-0.00807275902479887
200,B,underwater,kospi_return_1d,0.0016438995953649282
200,B,underwater,fx_level_z_252,-0.028907302767038345
200,alpha,,kospi_return_1d,0.019090022891759872
200,alpha,,fx_level_z_252,0.021816758438944817
201,beta,momentum,,-0.019328007474541664
201,beta,persist,,0.09942688047885895
201,beta,underwater,,0.03607400134205818
201,B,momentum,kospi_return_1d,0.0024113685358315706
201,B,momentum,fx_level_z_252,0.0004729657666757703
201,B,persist,kospi_return_1d,-0.005186102353036404
201,B,persist,fx_level_z_252,-0.008178754709661007
201,B,underwater,kospi_return_1d,0.0017999164992943406
201,B,underwater,fx_level_z_252,-0.028911354020237923
201,alpha,,kospi_return_1d,0.019218603149056435
201,alpha,,fx_level_z_252,0.021762056276202202
202,beta,momentum,,-0.019302012398838997
202,beta,persist,,0.09937868267297745
202,beta,underwater,,0.036037150770425797
202,B,momentum,kospi_return_1d,0.002574249869212508
202,B,momentum,fx_level_z_252,0.0006799093680456281
202,B,persist,kospi_return_1d,-0.004950903821736574
202,B,persist,fx_level_z_252,-0.00813717395067215
202,B,underwater,kospi_return_1d,0.0017437059432268143
202,B,underwater,fx_level_z_252,-0.02892659604549408
202,alpha,,kospi_return_1d,0.019495218992233276
202,alpha,,fx_level_z_252,0.021747566759586334
203,beta,momentum,,-0.019238028675317764
203,beta,persist,,0.09925517439842224
203,beta,underwater,,0.035905979573726654
203,B,momentum,kospi_return_1d,0.002545134397223592
203,B,momentum,fx_level_z_252,0.001069803023710847
203,B,persist,kospi_return_1d,-0.004860373213887215
203,B,persist,fx_level_z_252,-0.00810172688215971
203,B,underwater,kospi_return_1d,0.0017639786237850785
203,B,underwater,fx_level_z_252,-0.029198329895734787
203,alpha,,kospi_return_1d,0.019821444526314735
203,alpha,,fx_level_z_252,0.021749110892415047
204,beta,momentum,,-0.01921815238893032
204,beta,persist,,0.09915567189455032
204,beta,underwater,,0.03575403243303299
204,B,momentum,kospi_return_1d,0.0022460357286036015
204,B,momentum,fx_level_z_252,0.0013717202236875892
204,B,persist,kospi_return_1d,-0.004611367825418711
204,B,persist,fx_level_z_252,-0.00808223057538271
204,B,underwater,kospi_return_1d,0.001929194899275899
204,B,underwater,fx_level_z_252,-0.02935713715851307
204,alpha,,kospi_return_1d,0.020090416073799133
204,alpha,,fx_level_z_252,0.02177119255065918
205,beta,momentum,,-0.01910557970404625
205,beta,persist,,0.09905432164669037
205,beta,underwater,,0.035590771585702896
205,B,momentum,kospi_return_1d,0.002004157053306699
205,B,momentum,fx_level_z_252,0.0016267439350485802
205,B,persist,kospi_return_1d,-0.004495351109653711
205,B,persist,fx_level_z_252,-0.008039925247430801
205,B,underwater,kospi_return_1d,0.0020284184720367193
205,B,underwater,fx_level_z_252,-0.029509346932172775
205,alpha,,kospi_return_1d,0.020369092002511024
205,alpha,,fx_level_z_252,0.021770987659692764
206,beta,momentum,,-0.018933197483420372
206,beta,persist,,0.0989704579114914
206,beta,underwater,,0.035450927913188934
206,B,momentum,kospi_return_1d,0.0019346754997968674
206,B,momentum,fx_level_z_252,0.0019315738463774323
206,B,persist,kospi_return_1d,-0.004457156173884869
206,B,persist,fx_level_z_252,-0.008046576753258705
206,B,underwater,kospi_return_1d,0.0021765045821666718
206,B,underwater,fx_level_z_252,-0.029650837182998657
206,alpha,,kospi_return_1d,0.020603444427251816
206,alpha,,fx_level_z_252,0.0218475591391325
207,beta,momentum,,-0.01877836510539055
207,beta,persist,,0.09891428798437119
207,beta,underwater,,0.03531995415687561
207,B,momentum,kospi_return_1d,0.0020234943367540836
207,B,momentum,fx_level_z_252,0.0023598135448992252
207,B,persist,kospi_return_1d,-0.004478073213249445
207,B,persist,fx_level_z_252,-0.008190365508198738
207,B,underwater,kospi_return_1d,0.0022860055323690176
207,B,underwater,fx_level_z_252,-0.02986942045390606
207,alpha,,kospi_return_1d,0.020722055807709694
207,alpha,,fx_level_z_252,0.02190403826534748
208,beta,momentum,,-0.01863821968436241
208,beta,persist,,0.09888661652803421
208,beta,underwater,,0.03516966477036476
208,B,momentum,kospi_return_1d,0.001975078834220767
208,B,momentum,fx_level_z_252,0.002741763135418296
208,B,persist,kospi_return_1d,-0.004471676889806986
208,B,persist,fx_level_z_252,-0.008485522121191025
208,B,underwater,kospi_return_1d,0.0023992424830794334
208,B,underwater,fx_level_z_252,-0.03012564592063427
208,alpha,,kospi_return_1d,0.020751971751451492
208,alpha,,fx_level_z_252,0.02184460684657097
209,beta,momentum,,-0.0184559877961874
209,beta,persist,,0.0989108756184578
209,beta,underwater,,0.035021986812353134
209,B,momentum,kospi_return_1d,0.002112501999363303
209,B,momentum,fx_level_z_252,0.003155804006382823
209,B,persist,kospi_return_1d,-0.004593692719936371
209,B,persist,fx_level_z_252,-0.008636876940727234
209,B,underwater,kospi_return_1d,0.0024021489080041647
209,B,underwater,fx_level_z_252,-0.030459413304924965
209,alpha,,kospi_return_1d,0.020629627630114555
209,alpha,,fx_level_z_252,0.021738875657320023
210,beta,momentum,,-0.018360044807195663
210,beta,persist,,0.09895411878824234
210,beta,underwater,,0.03496578708291054
210,B,momentum,kospi_return_1d,0.0023275974672287703
210,B,momentum,fx_level_z_252,0.0033845719881355762
210,B,persist,kospi_return_1d,-0.004754194989800453
210,B,persist,fx_level_z_252,-0.008617844432592392
210,B,underwater,kospi_return_1d,0.002224253723397851
210,B,underwater,fx_level_z_252,-0.030670883134007454
210,alpha,,kospi_return_1d,0.020468149334192276
210,alpha,,fx_level_z_252,0.021811505779623985
211,beta,momentum,,-0.018408793956041336
211,beta,persist,,0.0990370661020279
211,beta,underwater,,0.034976884722709656
211,B,momentum,kospi_return_1d,0.0025128242559731007
211,B,momentum,fx_level_z_252,0.003488565795123577
211,B,persist,kospi_return_1d,-0.005001054145395756
211,B,persist,fx_level_z_252,-0.008293895982205868
211,B,underwater,kospi_return_1d,0.002027960726991296
211,B,underwater,fx_level_z_252,-0.03081749938428402
211,alpha,,kospi_return_1d,0.0201124120503664
211,alpha,,fx_level_z_252,0.022065090015530586
212,beta,momentum,,-0.018533864989876747
212,beta,persist,,0.09910548478364944
212,beta,underwater,,0.03495897352695465
212,B,momentum,kospi_return_1d,0.0027811082545667887
212,B,momentum,fx_level_z_252,0.0035112444311380386
212,B,persist,kospi_return_1d,-0.005240106023848057
212,B,persist,fx_level_z_252,-0.00796049926429987
212,B,underwater,kospi_return_1d,0.0017876909114420414
212,B,underwater,fx_level_z_252,-0.03099994547665119
212,alpha,,kospi_return_1d,0.019980279728770256
212,alpha,,fx_level_z_252,0.022229071706533432
213,beta,momentum,,-0.01861337013542652
213,beta,persist,,0.0991944745182991
213,beta,underwater,,0.03482726961374283
213,B,momentum,kospi_return_1d,0.002838745480403304
213,B,momentum,fx_level_z_252,0.0035793608985841274
213,B,persist,kospi_return_1d,-0.005332640837877989
213,B,persist,fx_level_z_252,-0.0076109617948532104
213,B,underwater,kospi_return_1d,0.0017388503765687346
213,B,underwater,fx_level_z_252,-0.03128655627369881
213,alpha,,kospi_return_1d,0.01986410655081272
213,alpha,,fx_level_z_252,0.022191673517227173
214,beta,momentum,,-0.01865416020154953
214,beta,persist,,0.09915825724601746
214,beta,underwater,,0.03475823998451233
214,B,momentum,kospi_return_1d,0.002847056370228529
214,B,momentum,fx_level_z_252,0.003523820312693715
214,B,persist,kospi_return_1d,-0.005390855483710766
214,B,persist,fx_level_z_252,-0.007379700429737568
214,B,underwater,kospi_return_1d,0.0016552037559449673
214,B,underwater,fx_level_z_252,-0.03144087269902229
214,alpha,,kospi_return_1d,0.01996525377035141
214,alpha,,fx_level_z_252,0.022143591195344925
215,beta,momentum,,-0.018866747617721558
215,beta,persist,,0.09921471029520035
215,beta,underwater,,0.034820664674043655
215,B,momentum,kospi_return_1d,0.00286120199598372
215,B,momentum,fx_level_z_252,0.0033001326955854893
215,B,persist,kospi_return_1d,-0.005309747066348791
215,B,persist,fx_level_z_252,-0.007453225087374449
215,B,underwater,kospi_return_1d,0.0016124389367178082
215,B,underwater,fx_level_z_252,-0.031377967447042465
215,alpha,,kospi_return_1d,0.020045634359121323
215,alpha,,fx_level_z_252,0.022184599190950394
216,beta,momentum,,-0.01904202811419964
216,beta,persist,,0.09931768476963043
216,beta,underwater,,0.03495286777615547
216,B,momentum,kospi_return_1d,0.002746457699686289
216,B,momentum,fx_level_z_252,0.003053483087569475
216,B,persist,kospi_return_1d,-0.00511474534869194
216,B,persist,fx_level_z_252,-0.007558307144790888
216,B,underwater,kospi_return_1d,0.0016721180872991681
216,B,underwater,fx_level_z_252,-0.031227808445692062
216,alpha,,kospi_return_1d,0.01990131102502346
216,alpha,,fx_level_z_252,0.022202111780643463
217,beta,momentum,,-0.0192833561450243
217,beta,persist,,0.09938839077949524
217,beta,underwater,,0.03516758605837822
217,B,momentum,kospi_return_1d,0.0028304695151746273
217,B,momentum,fx_level_z_252,0.0028774775564670563
217,B,persist,kospi_return_1d,-0.005139392334967852
217,B,persist,fx_level_z_252,-0.0074662757106125355
217,B,underwater,kospi_return_1d,0.0015535518759861588
217,B,underwater,fx_level_z_252,-0.03106917068362236
217,alpha,,kospi_return_1d,0.0197441503405571
217,alpha,,fx_level_z_252,0.022194404155015945
218,beta,momentum,,-0.019458606839179993
218,beta,persist,,0.09942136704921722
218,beta,underwater,,0.03543969243764877
218,B,momentum,kospi_return_1d,0.0029990305192768574
218,B,momentum,fx_level_z_252,0.002588840899989009
218,B,persist,kospi_return_1d,-0.005231725517660379
218,B,persist,fx_level_z_252,-0.007329115644097328
218,B,underwater,kospi_return_1d,0.0013952607987448573
218,B,underwater,fx_level_z_252,-0.03067978471517563
218,alpha,,kospi_return_1d,0.019523104652762413
218,alpha,,fx_level_z_252,0.0220074113458395
219,beta,momentum,,-0.019406842067837715
219,beta,persist,,0.09939306229352951
219,beta,underwater,,0.035533372312784195
219,B,momentum,kospi_return_1d,0.0031024678610265255
219,B,momentum,fx_level_z_252,0.002409017877653241
219,B,persist,kospi_return_1d,-0.005274675320833921
219,B,persist,fx_level_z_252,-0.007192984223365784
219,B,underwater,kospi_return_1d,0.001327359932474792
219,B,underwater,fx_level_z_252,-0.030422186478972435
219,alpha,,kospi_return_1d,0.019449569284915924
219,alpha,,fx_level_z_252,0.021689798682928085
220,beta,momentum,,-0.01930231600999832
220,beta,persist,,0.0993797704577446
220,beta,underwater,,0.03565889969468117
220,B,momentum,kospi_return_1d,0.0033382135443389416
220,B,momentum,fx_level_z_252,0.0020888822618871927
220,B,persist,kospi_return_1d,-0.005400530062615871
220,B,persist,fx_level_z_252,-0.006916230544447899
220,B,underwater,kospi_return_1d,0.0011963756987825036
220,B,underwater,fx_level_z_252,-0.030055219307541847
220,alpha,,kospi_return_1d,0.019248928874731064
220,alpha,,fx_level_z_252,0.021515484899282455
221,beta,momentum,,-0.01921837031841278
221,beta,persist,,0.09936317801475525
221,beta,underwater,,0.03576081246137619
221,B,momentum,kospi_return_1d,0.0034374461974948645
221,B,momentum,fx_level_z_252,0.001894687651656568
221,B,persist,kospi_return_1d,-0.005242613609880209
221,B,persist,fx_level_z_252,-0.0066159628331661224
221,B,underwater,kospi_return_1d,0.0010570889571681619
221,B,underwater,fx_level_z_252,-0.02981473319232464
221,alpha,,kospi_return_1d,0.01904452033340931
221,alpha,,fx_level_z_252,0.021507805213332176
222,beta,momentum,,-0.019203389063477516
222,beta,persist,,0.09936556220054626
222,beta,underwater,,0.03582075238227844
222,B,momentum,kospi_return_1d,0.003215816104784608
222,B,momentum,fx_level_z_252,0.0017231008969247341
222,B,persist,kospi_return_1d,-0.004873218014836311
222,B,persist,fx_level_z_252,-0.006340939551591873
222,B,underwater,kospi_return_1d,0.0011641362216323614
222,B,underwater,fx_level_z_252,-0.029581990092992783
222,alpha,,kospi_return_1d,0.01883833482861519
222,alpha,,fx_level_z_252,0.021599071100354195
223,beta,momentum,,-0.0191238671541214
223,beta,persist,,0.09934162348508835
223,beta,underwater,,0.035787370055913925
223,B,momentum,kospi_return_1d,0.0029102338012307882
223,B,momentum,fx_level_z_252,0.0015802131965756416
223,B,persist,kospi_return_1d,-0.004473213106393814
223,B,persist,fx_level_z_252,-0.006101691164076328
223,B,underwater,kospi_return_1d,0.0014614546671509743
223,B,underwater,fx_level_z_252,-0.029501639306545258
223,alpha,,kospi_return_1d,0.01866755075752735
223,alpha,,fx_level_z_252,0.02167857252061367
224,beta,momentum,,-0.019060054793953896
224,beta,persist,,0.09934774786233902
224,beta,underwater,,0.03570878133177757
224,B,momentum,kospi_return_1d,0.0027148358058184385
224,B,momentum,fx_level_z_252,0.0016130506992340088
224,B,persist,kospi_return_1d,-0.004229953978210688
224,B,persist,fx_level_z_252,-0.005893752444535494
224,B,underwater,kospi_return_1d,0.0016200762474909425
224,B,underwater,fx_level_z_252,-0.029565216973423958
224,alpha,,kospi_return_1d,0.018487393856048584
224,alpha,,fx_level_z_252,0.02174154855310917
225,beta,momentum,,-0.018997548148036003
225,beta,persist,,0.09945123642683029
225,beta,underwater,,0.03571362420916557
225,B,momentum,kospi_return_1d,0.0025871768593788147
225,B,momentum,fx_level_z_252,0.0015515654813498259
225,B,persist,kospi_return_1d,-0.0040621068328619
225,B,persist,fx_level_z_252,-0.005743413232266903
225,B,underwater,kospi_return_1d,0.0019215852953493595
225,B,underwater,fx_level_z_252,-0.029474586248397827
225,alpha,,kospi_return_1d,0.01824304461479187
225,alpha,,fx_level_z_252,0.021692443639039993
226,beta,momentum,,-0.018895789980888367
226,beta,persist,,0.09944801777601242
226,beta,underwater,,0.03566329926252365
226,B,momentum,kospi_return_1d,0.0026642947923392057
226,B,momentum,fx_level_z_252,0.001403297414071858
226,B,persist,kospi_return_1d,-0.004167164210230112
226,B,persist,fx_level_z_252,-0.005586015060544014
226,B,underwater,kospi_return_1d,0.0020270661916583776
226,B,underwater,fx_level_z_252,-0.02942655235528946
226,alpha,,kospi_return_1d,0.018010936677455902
226,alpha,,fx_level_z_252,0.02172953262925148
227,beta,momentum,,-0.018690550699830055
227,beta,persist,,0.09939661622047424
227,beta,underwater,,0.03545908257365227
227,B,momentum,kospi_return_1d,0.002763078548014164
227,B,momentum,fx_level_z_252,0.001245346269570291
227,B,persist,kospi_return_1d,-0.004362884908914566
227,B,persist,fx_level_z_252,-0.005550364498049021
227,B,underwater,kospi_return_1d,0.0020777913741767406
227,B,underwater,fx_level_z_252,-0.029511498287320137
227,alpha,,kospi_return_1d,0.017775190994143486
227,alpha,,fx_level_z_252,0.0216793455183506
228,beta,momentum,,-0.018412431702017784
228,beta,persist,,0.09937268495559692
228,beta,underwater,,0.03525866940617561
228,B,momentum,kospi_return_1d,0.0030667881947010756
228,B,momentum,fx_level_z_252,0.0011579185957089067
228,B,persist,kospi_return_1d,-0.004481674637645483
228,B,persist,fx_level_z_252,-0.005560762248933315
228,B,underwater,kospi_return_1d,0.0019229170866310596
228,B,underwater,fx_level_z_252,-0.029688546434044838
228,alpha,,kospi_return_1d,0.01761496253311634
228,alpha,,fx_level_z_252,0.02163069136440754
229,beta,momentum,,-0.01810971088707447
229,beta,persist,,0.09937039017677307
229,beta,underwater,,0.03504086658358574
229,B,momentum,kospi_return_1d,0.0035537276417016983
229,B,momentum,fx_level_z_252,0.0011642727768048644
229,B,persist,kospi_return_1d,-0.004643331281840801
229,B,persist,fx_level_z_252,-0.005675379186868668
229,B,underwater,kospi_return_1d,0.0019109739223495126
229,B,underwater,fx_level_z_252,-0.029874080792069435
229,alpha,,kospi_return_1d,0.01753813959658146
229,alpha,,fx_level_z_252,0.021678369492292404
230,beta,momentum,,-0.017908530309796333
230,beta,persist,,0.09938085079193115
230,beta,underwater,,0.03488556295633316
230,B,momentum,kospi_return_1d,0.003934272564947605
230,B,momentum,fx_level_z_252,0.001268522348254919
230,B,persist,kospi_return_1d,-0.0048990389332175255
230,B,persist,fx_level_z_252,-0.005781932268291712
230,B,underwater,kospi_return_1d,0.0018416334642097354
230,B,underwater,fx_level_z_252,-0.030063437297940254
230,alpha,,kospi_return_1d,0.017639854922890663
230,alpha,,fx_level_z_252,0.021807124838232994
231,beta,momentum,,-0.017781848087906837
231,beta,persist,,0.09938608855009079
231,beta,underwater,,0.034790944308042526
231,B,momentum,kospi_return_1d,0.004148287698626518
231,B,momentum,fx_level_z_252,0.0012776381336152554
231,B,persist,kospi_return_1d,-0.005046675447374582
231,B,persist,fx_level_z_252,-0.0059500811621546745
231,B,underwater,kospi_return_1d,0.001853444497101009
231,B,underwater,fx_level_z_252,-0.03012022376060486
231,alpha,,kospi_return_1d,0.01758955605328083
231,alpha,,fx_level_z_252,0.022129764780402184
232,beta,momentum,,-0.01767568662762642
232,beta,persist,,0.09928610175848007
232,beta,underwater,,0.034790825098752975
232,B,momentum,kospi_return_1d,0.0043257297948002815
232,B,momentum,fx_level_z_252,0.0012131815310567617
232,B,persist,kospi_return_1d,-0.005209625698626041
232,B,persist,fx_level_z_252,-0.005904430989176035
232,B,underwater,kospi_return_1d,0.0018529677763581276
232,B,underwater,fx_level_z_252,-0.030126912519335747
232,alpha,,kospi_return_1d,0.01761513762176037
232,alpha,,fx_level_z_252,0.022445708513259888
233,beta,momentum,,-0.017590733245015144
233,beta,persist,,0.09923136979341507
233,beta,underwater,,0.03486756980419159
233,B,momentum,kospi_return_1d,0.004492573440074921
233,B,momentum,fx_level_z_252,0.001165391644462943
233,B,persist,kospi_return_1d,-0.005442158784717321
233,B,persist,fx_level_z_252,-0.005874974187463522
233,B,underwater,kospi_return_1d,0.0018187047680839896
233,B,underwater,fx_level_z_252,-0.0301170963793993
233,alpha,,kospi_return_1d,0.017743244767189026
233,alpha,,fx_level_z_252,0.022710610181093216
234,beta,momentum,,-0.017645351588726044
234,beta,persist,,0.09932073950767517
234,beta,underwater,,0.03506625071167946
234,B,momentum,kospi_return_1d,0.004511426202952862
234,B,momentum,fx_level_z_252,0.0010706138564273715
234,B,persist,kospi_return_1d,-0.005431225523352623
234,B,persist,fx_level_z_252,-0.005982156377285719
234,B,underwater,kospi_return_1d,0.0018751525785773993
234,B,underwater,fx_level_z_252,-0.02995416335761547
234,alpha,,kospi_return_1d,0.01785048097372055
234,alpha,,fx_level_z_252,0.022869840264320374
235,beta,momentum,,-0.017698774114251137
235,beta,persist,,0.09936405718326569
235,beta,underwater,,0.035234272480010986
235,B,momentum,kospi_return_1d,0.004672779701650143
235,B,momentum,fx_level_z_252,0.001062124385498464
235,B,persist,kospi_return_1d,-0.00547554949298501
235,B,persist,fx_level_z_252,-0.006124111358076334
235,B,underwater,kospi_return_1d,0.001883188378997147
235,B,underwater,fx_level_z_252,-0.029809024184942245
235,alpha,,kospi_return_1d,0.018218668177723885
235,alpha,,fx_level_z_252,0.022885726764798164
236,beta,momentum,,-0.017756808549165726
236,beta,persist,,0.09948473423719406
236,beta,underwater,,0.03533452749252319
236,B,momentum,kospi_return_1d,0.004714414943009615
236,B,momentum,fx_level_z_252,0.0011877886718139052
236,B,persist,kospi_return_1d,-0.005601509474217892
236,B,persist,fx_level_z_252,-0.006252049468457699
236,B,underwater,kospi_return_1d,0.0019985062535852194
236,B,underwater,fx_level_z_252,-0.02987181581556797
236,alpha,,kospi_return_1d,0.018548227846622467
236,alpha,,fx_level_z_252,0.02290055900812149
237,beta,momentum,,-0.0178648941218853
237,beta,persist,,0.09957046061754227
237,beta,underwater,,0.03545650467276573
237,B,momentum,kospi_return_1d,0.004722212441265583
237,B,momentum,fx_level_z_252,0.0012874488020315766
237,B,persist,kospi_return_1d,-0.005616148002445698
237,B,persist,fx_level_z_252,-0.006307689938694239
237,B,underwater,kospi_return_1d,0.0020815434399992228
237,B,underwater,fx_level_z_252,-0.02995351515710354
237,alpha,,kospi_return_1d,0.018803149461746216
237,alpha,,fx_level_z_252,0.022915856912732124
238,beta,momentum,,-0.017905857414007187
238,beta,persist,,0.09968625009059906
238,beta,underwater,,0.03549439460039139
238,B,momentum,kospi_return_1d,0.004549621604382992
238,B,momentum,fx_level_z_252,0.0015320314560085535
238,B,persist,kospi_return_1d,-0.005614246241748333
238,B,persist,fx_level_z_252,-0.0064635127782821655
238,B,underwater,kospi_return_1d,0.002196682384237647
238,B,underwater,fx_level_z_252,-0.030086202546954155
238,alpha,,kospi_return_1d,0.01893814280629158
238,alpha,,fx_level_z_252,0.022959314286708832
239,beta,momentum,,-0.01809599995613098
239,beta,persist,,0.09974634647369385
239,beta,underwater,,0.03554094210267067
239,B,momentum,kospi_return_1d,0.004309187177568674
239,B,momentum,fx_level_z_252,0.001812851638533175
239,B,persist,kospi_return_1d,-0.00557255744934082
239,B,persist,fx_level_z_252,-0.006711128167808056
239,B,underwater,kospi_return_1d,0.0021604744251817465
239,B,underwater,fx_level_z_252,-0.030172087252140045
239,alpha,,kospi_return_1d,0.01913943886756897
239,alpha,,fx_level_z_252,0.023073460906744003
240,beta,momentum,,-0.018231909722089767
240,beta,persist,,0.0997832790017128
240,beta,underwater,,0.03553824871778488
240,B,momentum,kospi_return_1d,0.0037899636663496494
240,B,momentum,fx_level_z_252,0.001976451836526394
240,B,persist,kospi_return_1d,-0.005359278526157141
240,B,persist,fx_level_z_252,-0.006959546823054552
240,B,underwater,kospi_return_1d,0.0022896314039826393
240,B,underwater,fx_level_z_252,-0.030207915231585503
240,alpha,,kospi_return_1d,0.019245050847530365
240,alpha,,fx_level_z_252,0.02300303801894188
241,beta,momentum,,-0.018311580643057823
241,beta,persist,,0.09970733523368835
241,beta,underwater,,0.03548956662416458
241,B,momentum,kospi_return_1d,0.0032613235525786877
241,B,momentum,fx_level_z_252,0.0019915089942514896
241,B,persist,kospi_return_1d,-0.005240096710622311
241,B,persist,fx_level_z_252,-0.007253423798829317
241,B,underwater,kospi_return_1d,0.0023976550437510014
241,B,underwater,fx_level_z_252,-0.030281411483883858
241,alpha,,kospi_return_1d,0.019389089196920395
241,alpha,,fx_level_z_252,0.022945620119571686
242,beta,momentum,,-0.018368685618042946
242,beta,persist,,0.09964156150817871
242,beta,underwater,,0.035354044288396835
242,B,momentum,kospi_return_1d,0.00252993730828166
242,B,momentum,fx_level_z_252,0.002147174207493663
242,B,persist,kospi_return_1d,-0.005069207400083542
242,B,persist,fx_level_z_252,-0.007528163958340883
242,B,underwater,kospi_return_1d,0.00271904026158154
242,B,underwater,fx_level_z_252,-0.03058822825551033
242,alpha,,kospi_return_1d,0.019418098032474518
242,alpha,,fx_level_z_252,0.022862054407596588
243,beta,momentum,,-0.01850796677172184
243,beta,persist,,0.09967388212680817
243,beta,underwater,,0.03532268479466438
243,B,momentum,kospi_return_1d,0.0018354911589995027
243,B,momentum,fx_level_z_252,0.0023570407647639513
243,B,persist,kospi_return_1d,-0.0047057452611625195
243,B,persist,fx_level_z_252,-0.007913359440863132
243,B,underwater,kospi_return_1d,0.003101539332419634
243,B,underwater,fx_level_z_252,-0.030926203355193138
243,alpha,,kospi_return_1d,0.01928010582923889
243,alpha,,fx_level_z_252,0.022960059344768524
244,beta,momentum,,-0.018583782017230988
244,beta,persist,,0.09969331324100494
244,beta,underwater,,0.035231251269578934
244,B,momentum,kospi_return_1d,0.0013692468637600541
244,B,momentum,fx_level_z_252,0.0025220236275345087
244,B,persist,kospi_return_1d,-0.0042807310819625854
244,B,persist,fx_level_z_252,-0.00832331646233797
244,B,underwater,kospi_return_1d,0.003415229031816125
244,B,underwater,fx_level_z_252,-0.0312432199716568
244,alpha,,kospi_return_1d,0.019230220466852188
244,alpha,,fx_level_z_252,0.023108026012778282
245,beta,momentum,,-0.018658695742487907
245,beta,persist,,0.09970475733280182
245,beta,underwater,,0.03519069775938988
245,B,momentum,kospi_return_1d,0.001199179794639349
245,B,momentum,fx_level_z_252,0.0025381133891642094
245,B,persist,kospi_return_1d,-0.0039559924043715
245,B,persist,fx_level_z_252,-0.008673060685396194
245,B,underwater,kospi_return_1d,0.0034343216102570295
245,B,underwater,fx_level_z_252,-0.03137074410915375
245,alpha,,kospi_return_1d,0.019229557365179062
245,alpha,,fx_level_z_252,0.02306048758327961
246,beta,momentum,,-0.018735969439148903
246,beta,persist,,0.09977886080741882
246,beta,underwater,,0.03528088703751564
246,B,momentum,kospi_return_1d,0.0013180323876440525
246,B,momentum,fx_level_z_252,0.002409584354609251
246,B,persist,kospi_return_1d,-0.00387078826315701
246,B,persist,fx_level_z_252,-0.008930901996791363
246,B,underwater,kospi_return_1d,0.003088145749643445
246,B,underwater,fx_level_z_252,-0.03121996484696865
246,alpha,,kospi_return_1d,0.019029706716537476
246,alpha,,fx_level_z_252,0.023013731464743614
247,beta,momentum,,-0.018840955570340157
247,beta,persist,,0.09977950155735016
247,beta,underwater,,0.03550310805439949
247,B,momentum,kospi_return_1d,0.00161750300321728
247,B,momentum,fx_level_z_252,0.0020228016655892134
247,B,persist,kospi_return_1d,-0.0038362988270819187
247,B,persist,fx_level_z_252,-0.008955859579145908
247,B,underwater,kospi_return_1d,0.002600708743557334
247,B,underwater,fx_level_z_252,-0.03066631592810154
247,alpha,,kospi_return_1d,0.0190350953489542
247,alpha,,fx_level_z_252,0.022907769307494164
248,beta,momentum,,-0.018897783011198044
248,beta,persist,,0.09983567148447037
248,beta,underwater,,0.035800088196992874
248,B,momentum,kospi_return_1d,0.0019896889571100473
248,B,momentum,fx_level_z_252,0.001731983618810773
248,B,persist,kospi_return_1d,-0.004095197189599276
248,B,persist,fx_level_z_252,-0.00883975438773632
248,B,underwater,kospi_return_1d,0.001995593775063753
248,B,underwater,fx_level_z_252,-0.030106399208307266
248,alpha,,kospi_return_1d,0.018894612789154053
248,alpha,,fx_level_z_252,0.02281046099960804
249,beta,momentum,,-0.018838468939065933
249,beta,persist,,0.09990028291940689
249,beta,underwater,,0.03602723032236099
249,B,momentum,kospi_return_1d,0.0023137107491493225
249,B,momentum,fx_level_z_252,0.0014055786887183785
249,B,persist,kospi_return_1d,-0.00428268825635314
249,B,persist,fx_level_z_252,-0.008619919419288635
249,B,underwater,kospi_return_1d,0.0014681139728054404
249,B,underwater,fx_level_z_252,-0.02957841008901596
249,alpha,,kospi_return_1d,0.018828576430678368
249,alpha,,fx_level_z_252,0.02266753651201725
250,beta,momentum,,-0.018844127655029297
250,beta,persist,,0.09980285912752151
250,beta,underwater,,0.03627627715468407
250,B,momentum,kospi_return_1d,0.0026428429409861565
250,B,momentum,fx_level_z_252,0.0011728504905477166
250,B,persist,kospi_return_1d,-0.004553079605102539
250,B,persist,fx_level_z_252,-0.008384346961975098
250,B,underwater,kospi_return_1d,0.0010093681048601866
250,B,underwater,fx_level_z_252,-0.029117466881871223
250,alpha,,kospi_return_1d,0.01901133544743061
250,alpha,,fx_level_z_252,0.022645534947514534
251,beta,momentum,,-0.018776902928948402
251,beta,persist,,0.09969388693571091
251,beta,underwater,,0.036505162715911865
251,B,momentum,kospi_return_1d,0.0028973426669836044
251,B,momentum,fx_level_z_252,0.0007731569348834455
251,B,persist,kospi_return_1d,-0.004788986872881651
251,B,persist,fx_level_z_252,-0.008053774014115334
251,B,underwater,kospi_return_1d,0.0005328311235643923
251,B,underwater,fx_level_z_252,-0.028632082045078278
251,alpha,,kospi_return_1d,0.019015254452824593
251,alpha,,fx_level_z_252,0.022531449794769287
252,beta,momentum,,-0.01868979074060917
252,beta,persist,,0.09959586709737778
252,beta,underwater,,0.036591142416000366
252,B,momentum,kospi_return_1d,0.002939866855740547
252,B,momentum,fx_level_z_252,0.0005662280018441379
252,B,persist,kospi_return_1d,-0.00482571916654706
252,B,persist,fx_level_z_252,-0.007732464466243982
252,B,underwater,kospi_return_1d,0.00032423241646029055
252,B,underwater,fx_level_z_252,-0.02838476374745369
252,alpha,,kospi_return_1d,0.019071942195296288
252,alpha,,fx_level_z_252,0.02255501039326191
253,beta,momentum,,-0.01852634735405445
253,beta,persist,,0.09959442168474197
253,beta,underwater,,0.03667863830924034
253,B,momentum,kospi_return_1d,0.003079887479543686
253,B,momentum,fx_level_z_252,0.000480629998492077
253,B,persist,kospi_return_1d,-0.004746980965137482
253,B,persist,fx_level_z_252,-0.00758234690874815
253,B,underwater,kospi_return_1d,0.0004004090733360499
253,B,underwater,fx_level_z_252,-0.028382178395986557
253,alpha,,kospi_return_1d,0.01905829645693302
253,alpha,,fx_level_z_252,0.02273660898208618
254,beta,momentum,,-0.018338222056627274
254,beta,persist,,0.0996156856417656
254,beta,underwater,,0.03659485653042793
254,B,momentum,kospi_return_1d,0.0030948228668421507
254,B,momentum,fx_level_z_252,0.0005167408380657434
254,B,persist,kospi_return_1d,-0.00468090083450079
254,B,persist,fx_level_z_252,-0.007614492438733578
254,B,underwater,kospi_return_1d,0.0007159665692597628
254,B,underwater,fx_level_z_252,-0.028573052957654
254,alpha,,kospi_return_1d,0.019005343317985535
254,alpha,,fx_level_z_252,0.02273661643266678
255,beta,momentum,,-0.01819843053817749
255,beta,persist,,0.09960275143384933
255,beta,underwater,,0.03651370108127594
255,B,momentum,kospi_return_1d,0.0029805812519043684
255,B,momentum,fx_level_z_252,0.0005803625099360943
255,B,persist,kospi_return_1d,-0.0048317695036530495
255,B,persist,fx_level_z_252,-0.007631182204931974
255,B,underwater,kospi_return_1d,0.0009368692990392447
255,B,underwater,fx_level_z_252,-0.02881212905049324
255,alpha,,kospi_return_1d,0.018964536488056183
255,alpha,,fx_level_z_252,0.02285652980208397
256,beta,momentum,,-0.018039492890238762
256,beta,persist,,0.09951113164424896
256,beta,underwater,,0.036346666514873505
256,B,momentum,kospi_return_1d,0.002836155006662011
256,B,momentum,fx_level_z_252,0.0006721455720253289
256,B,persist,kospi_return_1d,-0.004687970969825983
256,B,persist,fx_level_z_252,-0.0076844049617648125
256,B,underwater,kospi_return_1d,0.0012459877179935575
256,B,underwater,fx_level_z_252,-0.029084285721182823
256,alpha,,kospi_return_1d,0.019167587161064148
256,alpha,,fx_level_z_252,0.022847725078463554
257,beta,momentum,,-0.01793312281370163
257,beta,persist,,0.09942902624607086
257,beta,underwater,,0.03618105128407478
257,B,momentum,kospi_return_1d,0.0028841947205364704
257,B,momentum,fx_level_z_252,0.0007305857143364847
257,B,persist,kospi_return_1d,-0.004606914706528187
257,B,persist,fx_level_z_252,-0.007777283433824778
257,B,underwater,kospi_return_1d,0.0014550898922607303
257,B,underwater,fx_level_z_252,-0.029325826093554497
257,alpha,,kospi_return_1d,0.019496623426675797
257,alpha,,fx_level_z_252,0.022880619391798973
258,beta,momentum,,-0.01790308766067028
258,beta,persist,,0.09943868964910507
258,beta,underwater,,0.03597734868526459
258,B,momentum,kospi_return_1d,0.002811211859807372
258,B,momentum,fx_level_z_252,0.0009687868878245354
258,B,persist,kospi_return_1d,-0.00458579882979393
258,B,persist,fx_level_z_252,-0.00794864259660244
258,B,underwater,kospi_return_1d,0.0016571603482589126
258,B,underwater,fx_level_z_252,-0.029686182737350464
258,alpha,,kospi_return_1d,0.019828004762530327
258,alpha,,fx_level_z_252,0.022949233651161194
259,beta,momentum,,-0.017912181094288826
259,beta,persist,,0.09941843152046204
259,beta,underwater,,0.0357915535569191
259,B,momentum,kospi_return_1d,0.0026773056015372276
259,B,momentum,fx_level_z_252,0.0012953709810972214
259,B,persist,kospi_return_1d,-0.004740946926176548
259,B,persist,fx_level_z_252,-0.008047766052186489
259,B,underwater,kospi_return_1d,0.0018034452805295587
259,B,underwater,fx_level_z_252,-0.029949307441711426
259,alpha,,kospi_return_1d,0.020249851047992706
259,alpha,,fx_level_z_252,0.022886428982019424
260,beta,momentum,,-0.017998427152633667
260,beta,persist,,0.09940798580646515
260,beta,underwater,,0.035649172961711884
260,B,momentum,kospi_return_1d,0.002595633966848254
260,B,momentum,fx_level_z_252,0.0015250557335093617
260,B,persist,kospi_return_1d,-0.0049553075805306435
260,B,persist,fx_level_z_252,-0.008103080093860626
260,B,underwater,kospi_return_1d,0.0017933761700987816
260,B,underwater,fx_level_z_252,-0.03013119287788868
260,alpha,,kospi_return_1d,0.02056877128779888
260,alpha,,fx_level_z_252,0.022887123748660088
261,beta,momentum,,-0.01806074194610119
261,beta,persist,,0.0994427502155304
261,beta,underwater,,0.03549664095044136
261,B,momentum,kospi_return_1d,0.002521382411941886
261,B,momentum,fx_level_z_252,0.0018219490302726626
261,B,persist,kospi_return_1d,-0.005241150967776775
261,B,persist,fx_level_z_252,-0.008055188693106174
261,B,underwater,kospi_return_1d,0.001729520270600915
261,B,underwater,fx_level_z_252,-0.03031056560575962
261,alpha,,kospi_return_1d,0.02076445333659649
261,alpha,,fx_level_z_252,0.022833410650491714
262,beta,momentum,,-0.01785905472934246
262,beta,persist,,0.09948491305112839
262,beta,underwater,,0.0352405346930027
262,B,momentum,kospi_return_1d,0.002778260735794902
262,B,momentum,fx_level_z_252,0.0019283636938780546
262,B,persist,kospi_return_1d,-0.005669058300554752
262,B,persist,fx_level_z_252,-0.00786709226667881
262,B,underwater,kospi_return_1d,0.0014397420454770327
262,B,underwater,fx_level_z_252,-0.030411096289753914
262,alpha,,kospi_return_1d,0.020862992852926254
262,alpha,,fx_level_z_252,0.022706886753439903
263,beta,momentum,,-0.017837170511484146
263,beta,persist,,0.0995829626917839
263,beta,underwater,,0.03507349640130997
263,B,momentum,kospi_return_1d,0.002860281616449356
263,B,momentum,fx_level_z_252,0.002020131330937147
263,B,persist,kospi_return_1d,-0.0059739528223872185
263,B,persist,fx_level_z_252,-0.007852735929191113
263,B,underwater,kospi_return_1d,0.0011822404339909554
263,B,underwater,fx_level_z_252,-0.03047332912683487
263,alpha,,kospi_return_1d,0.02099979855120182
263,alpha,,fx_level_z_252,0.022573815658688545
264,beta,momentum,,-0.01786847598850727
264,beta,persist,,0.09978367388248444
264,beta,underwater,,0.034940190613269806
264,B,momentum,kospi_return_1d,0.0028802871238440275
264,B,momentum,fx_level_z_252,0.002130275359377265
264,B,persist,kospi_return_1d,-0.006064299028366804
264,B,persist,fx_level_z_252,-0.007968230172991753
264,B,underwater,kospi_return_1d,0.0011441888054832816
264,B,underwater,fx_level_z_252,-0.030539197847247124
264,alpha,,kospi_return_1d,0.021045083180069923
264,alpha,,fx_level_z_252,0.022464824840426445
265,beta,momentum,,-0.01777576096355915
265,beta,persist,,0.09993789345026016
265,beta,underwater,,0.03480725362896919
265,B,momentum,kospi_return_1d,0.0029703062027692795
265,B,momentum,fx_level_z_252,0.0019388734363019466
265,B,persist,kospi_return_1d,-0.006264368072152138
265,B,persist,fx_level_z_252,-0.007861688733100891
265,B,underwater,kospi_return_1d,0.0010802915785461664
265,B,underwater,fx_level_z_252,-0.03027043491601944
265,alpha,,kospi_return_1d,0.020792853087186813
265,alpha,,fx_level_z_252,0.022453032433986664
266,beta,momentum,,-0.017728883773088455
266,beta,persist,,0.10009261220693588
266,beta,underwater,,0.034832585602998734
266,B,momentum,kospi_return_1d,0.003070026868954301
266,B,momentum,fx_level_z_252,0.001602143864147365
266,B,persist,kospi_return_1d,-0.006340945139527321
266,B,persist,fx_level_z_252,-0.007450628560036421
266,B,underwater,kospi_return_1d,0.0011357479961588979
266,B,underwater,fx_level_z_252,-0.029788998886942863
266,alpha,,kospi_return_1d,0.020463600754737854
266,alpha,,fx_level_z_252,0.02252058871090412
267,beta,momentum,,-0.01767573133111
267,beta,persist,,0.10022670775651932
267,beta,underwater,,0.03485395014286041
267,B,momentum,kospi_return_1d,0.0030717577319592237
267,B,momentum,fx_level_z_252,0.001311353873461485
267,B,persist,kospi_return_1d,-0.006370718125253916
267,B,persist,fx_level_z_252,-0.006982740480452776
267,B,underwater,kospi_return_1d,0.0011769672855734825
267,B,underwater,fx_level_z_252,-0.02938118577003479
267,alpha,,kospi_return_1d,0.02007998153567314
267,alpha,,fx_level_z_252,0.02257879450917244
268,beta,momentum,,-0.017664039507508278
268,beta,persist,,0.10036702454090118
268,beta,underwater,,0.034868448972702026
268,B,momentum,kospi_return_1d,0.002913031494244933
268,B,momentum,fx_level_z_252,0.0010555103654041886
268,B,persist,kospi_return_1d,-0.006430366542190313
268,B,persist,fx_level_z_252,-0.006665714085102081
268,B,underwater,kospi_return_1d,0.0013000359758734703
268,B,underwater,fx_level_z_252,-0.029086314141750336
268,alpha,,kospi_return_1d,0.019747402518987656
268,alpha,,fx_level_z_252,0.02246258780360222
269,beta,momentum,,-0.01759531907737255
269,beta,persist,,0.10044094920158386
269,beta,underwater,,0.03475993126630783
269,B,momentum,kospi_return_1d,0.0028604399412870407
269,B,momentum,fx_level_z_252,0.0008590677171014249
269,B,persist,kospi_return_1d,-0.006509419064968824
269,B,persist,fx_level_z_252,-0.006323331966996193
269,B,underwater,kospi_return_1d,0.0015485839685425162
269,B,underwater,fx_level_z_252,-0.02882610261440277
269,alpha,,kospi_return_1d,0.019617099314928055
269,alpha,,fx_level_z_252,0.02215961180627346
270,beta,momentum,,-0.017476554960012436
270,beta,persist,,0.10042033344507217
270,beta,underwater,,0.03463980183005333
270,B,momentum,kospi_return_1d,0.002862659515812993
270,B,momentum,fx_level_z_252,0.000760813825763762
270,B,persist,kospi_return_1d,-0.0065806154161691666
270,B,persist,fx_level_z_252,-0.0060937898233532906
270,B,underwater,kospi_return_1d,0.0018052716040983796
270,B,underwater,fx_level_z_252,-0.028743909671902657
270,alpha,,kospi_return_1d,0.01963219605386257
270,alpha,,fx_level_z_252,0.021952014416456223
271,beta,momentum,,-0.017332904040813446
271,beta,persist,,0.10040552169084549
271,beta,underwater,,0.03451838344335556
271,B,momentum,kospi_return_1d,0.0029398014303296804
271,B,momentum,fx_level_z_252,0.0007591977482661605
271,B,persist,kospi_return_1d,-0.006881738547235727
271,B,persist,fx_level_z_252,-0.005954023916274309
271,B,underwater,kospi_return_1d,0.001996487146243453
271,B,underwater,fx_level_z_252,-0.02876885049045086
271,alpha,,kospi_return_1d,0.019787602126598358
271,alpha,,fx_level_z_252,0.02187998592853546
272,beta,momentum,,-0.017142251133918762
272,beta,persist,,0.10046523809432983
272,beta,underwater,,0.03444674238562584
272,B,momentum,kospi_return_1d,0.003063679439947009
272,B,momentum,fx_level_z_252,0.0008439178927801549
272,B,persist,kospi_return_1d,-0.007047474384307861
272,B,persist,fx_level_z_252,-0.0061291116289794445
272,B,underwater,kospi_return_1d,0.002135462360456586
272,B,underwater,fx_level_z_252,-0.028897404670715332
272,alpha,,kospi_return_1d,0.019969062879681587
272,alpha,,fx_level_z_252,0.021875621750950813
273,beta,momentum,,-0.017092389985919
273,beta,persist,,0.10049472004175186
273,beta,underwater,,0.03445964306592941
273,B,momentum,kospi_return_1d,0.0030306519474834204
273,B,momentum,fx_level_z_252,0.001105787232518196
273,B,persist,kospi_return_1d,-0.007154020946472883
273,B,persist,fx_level_z_252,-0.006176376715302467
273,B,underwater,kospi_return_1d,0.0022404303308576345
273,B,underwater,fx_level_z_252,-0.029169028624892235
273,alpha,,kospi_return_1d,0.02032581903040409
273,alpha,,fx_level_z_252,0.021880293264985085
274,beta,momentum,,-0.017059996724128723
274,beta,persist,,0.10048648715019226
274,beta,underwater,,0.034493617713451385
274,B,momentum,kospi_return_1d,0.0030595073476433754
274,B,momentum,fx_level_z_252,0.0013610579771921039
274,B,persist,kospi_return_1d,-0.007183862384408712
274,B,persist,fx_level_z_252,-0.0062539177015423775
274,B,underwater,kospi_return_1d,0.0023021853994578123
274,B,underwater,fx_level_z_252,-0.029474889859557152
274,alpha,,kospi_return_1d,0.020747411996126175
274,alpha,,fx_level_z_252,0.021844880655407906
275,beta,momentum,,-0.01709083281457424
275,beta,persist,,0.10052633285522461
275,beta,underwater,,0.03458592668175697
275,B,momentum,kospi_return_1d,0.003160441992804408
275,B,momentum,fx_level_z_252,0.0014662364264950156
275,B,persist,kospi_return_1d,-0.007158316671848297
275,B,persist,fx_level_z_252,-0.006333622615784407
275,B,underwater,kospi_return_1d,0.002229857724159956
275,B,underwater,fx_level_z_252,-0.029594318941235542
275,alpha,,kospi_return_1d,0.021021129563450813
275,alpha,,fx_level_z_252,0.021827885881066322
276,beta,momentum,,-0.01715376414358616
276,beta,persist,,0.10069683194160461
276,beta,underwater,,0.03484179824590683
276,B,momentum,kospi_return_1d,0.0033974740654230118
276,B,momentum,fx_level_z_252,0.001528739812783897
276,B,persist,kospi_return_1d,-0.007097052410244942
276,B,persist,fx_level_z_252,-0.006487679202109575
276,B,underwater,kospi_return_1d,0.002163542667403817
276,B,underwater,fx_level_z_252,-0.029745345935225487
276,alpha,,kospi_return_1d,0.02108127996325493
276,alpha,,fx_level_z_252,0.02200397290289402
277,beta,momentum,,-0.0173181239515543
277,beta,persist,,0.1008882150053978
277,beta,underwater,,0.034996505826711655
277,B,momentum,kospi_return_1d,0.003552159760147333
277,B,momentum,fx_level_z_252,0.0017346941167488694
277,B,persist,kospi_return_1d,-0.007183912675827742
277,B,persist,fx_level_z_252,-0.006668359972536564
277,B,underwater,kospi_return_1d,0.001980580622330308
277,B,underwater,fx_level_z_252,-0.029871001839637756
277,alpha,,kospi_return_1d,0.021049048751592636
277,alpha,,fx_level_z_252,0.02209644392132759
278,beta,momentum,,-0.017558276653289795
278,beta,persist,,0.10109707713127136
278,beta,underwater,,0.03515965864062309
278,B,momentum,kospi_return_1d,0.0036065394524484873
278,B,momentum,fx_level_z_252,0.0020081133116036654
278,B,persist,kospi_return_1d,-0.006957435980439186
278,B,persist,fx_level_z_252,-0.0068591502495110035
278,B,underwater,kospi_return_1d,0.0020474367775022984
278,B,underwater,fx_level_z_252,-0.029989995062351227
278,alpha,,kospi_return_1d,0.020965946838259697
278,alpha,,fx_level_z_252,0.02215767093002796
279,beta,momentum,,-0.017772484570741653
279,beta,persist,,0.10125893354415894
279,beta,underwater,,0.03526832535862923
279,B,momentum,kospi_return_1d,0.0035851558204740286
279,B,momentum,fx_level_z_252,0.002226746641099453
279,B,persist,kospi_return_1d,-0.006579472683370113
279,B,persist,fx_level_z_252,-0.006876206025481224
279,B,underwater,kospi_return_1d,0.0022586460690945387
279,B,underwater,fx_level_z_252,-0.030056964606046677
279,alpha,,kospi_return_1d,0.020890410989522934
279,alpha,,fx_level_z_252,0.022004384547472
280,beta,momentum,,-0.017962109297513962
280,beta,persist,,0.10133875161409378
280,beta,underwater,,0.0352536179125309
280,B,momentum,kospi_return_1d,0.00359171349555254
280,B,momentum,fx_level_z_252,0.0023617753759026527
280,B,persist,kospi_return_1d,-0.00642729178071022
280,B,persist,fx_level_z_252,-0.006720901466906071
280,B,underwater,kospi_return_1d,0.0023575215600430965
280,B,underwater,fx_level_z_252,-0.030064409598708153
280,alpha,,kospi_return_1d,0.020770346745848656
280,alpha,,fx_level_z_252,0.02187151461839676
281,beta,momentum,,-0.01813325844705105
281,beta,persist,,0.10145092010498047
281,beta,underwater,,0.035219475626945496
281,B,momentum,kospi_return_1d,0.003445071168243885
281,B,momentum,fx_level_z_252,0.0024934825487434864
281,B,persist,kospi_return_1d,-0.006223591044545174
281,B,persist,fx_level_z_252,-0.006442606449127197
281,B,underwater,kospi_return_1d,0.002501149894669652
281,B,underwater,fx_level_z_252,-0.030046474188566208
281,alpha,,kospi_return_1d,0.02064780704677105
281,alpha,,fx_level_z_252,0.0216994509100914
282,beta,momentum,,-0.01824044995009899
282,beta,persist,,0.10151900351047516
282,beta,underwater,,0.0353165902197361
282,B,momentum,kospi_return_1d,0.003253948176279664
282,B,momentum,fx_level_z_252,0.0027187648229300976
282,B,persist,kospi_return_1d,-0.005907402373850346
282,B,persist,fx_level_z_252,-0.006299457512795925
282,B,underwater,kospi_return_1d,0.002682360354810953
282,B,underwater,fx_level_z_252,-0.03005399741232395
282,alpha,,kospi_return_1d,0.02051594667136669
282,alpha,,fx_level_z_252,0.021695120260119438
283,beta,momentum,,-0.01829570159316063
283,beta,persist,,0.10156597942113876
283,beta,underwater,,0.0353006049990654
283,B,momentum,kospi_return_1d,0.0029383832588791847
283,B,momentum,fx_level_z_252,0.002976252231746912
283,B,persist,kospi_return_1d,-0.005628179293125868
283,B,persist,fx_level_z_252,-0.006176342256367207
283,B,underwater,kospi_return_1d,0.0029566590674221516
283,B,underwater,fx_level_z_252,-0.03013618104159832
283,alpha,,kospi_return_1d,0.020389040932059288
283,alpha,,fx_level_z_252,0.02175997756421566
284,beta,momentum,,-0.018386077135801315
284,beta,persist,,0.10161180794239044
284,beta,underwater,,0.03541305288672447
284,B,momentum,kospi_return_1d,0.002871778095141053
284,B,momentum,fx_level_z_252,0.00295404065400362
284,B,persist,kospi_return_1d,-0.005474132485687733
284,B,persist,fx_level_z_252,-0.006012476980686188
284,B,underwater,kospi_return_1d,0.0030914759263396263
284,B,underwater,fx_level_z_252,-0.029986433684825897
284,alpha,,kospi_return_1d,0.02016621269285679
284,alpha,,fx_level_z_252,0.02176191844046116
285,beta,momentum,,-0.018479671329259872
285,beta,persist,,0.10175779461860657
285,beta,underwater,,0.03543027490377426
285,B,momentum,kospi_return_1d,0.0026857934426516294
285,B,momentum,fx_level_z_252,0.0031303511932492256
285,B,persist,kospi_return_1d,-0.005332706496119499
285,B,persist,fx_level_z_252,-0.006114110816270113
285,B,underwater,kospi_return_1d,0.0032321419566869736
285,B,underwater,fx_level_z_252,-0.029983406886458397
285,alpha,,kospi_return_1d,0.019707608968019485
285,alpha,,fx_level_z_252,0.021666957065463066
286,beta,momentum,,-0.01866121217608452
286,beta,persist,,0.1018419861793518
286,beta,underwater,,0.03541666269302368
286,B,momentum,kospi_return_1d,0.002565742004662752
286,B,momentum,fx_level_z_252,0.0033988491632044315
286,B,persist,kospi_return_1d,-0.005208788905292749
286,B,persist,fx_level_z_252,-0.006196098402142525
286,B,underwater,kospi_return_1d,0.0033455691300332546
286,B,underwater,fx_level_z_252,-0.03004126064479351
286,alpha,,kospi_return_1d,0.0194714292883873
286,alpha,,fx_level_z_252,0.02161375992000103
287,beta,momentum,,-0.018714433535933495
287,beta,persist,,0.10180987417697906
287,beta,underwater,,0.03531954064965248
287,B,momentum,kospi_return_1d,0.0024735634215176105
287,B,momentum,fx_level_z_252,0.003539628814905882
287,B,persist,kospi_return_1d,-0.005161170847713947
287,B,persist,fx_level_z_252,-0.006208264268934727
287,B,underwater,kospi_return_1d,0.003472222713753581
287,B,underwater,fx_level_z_252,-0.030113423243165016
287,alpha,,kospi_return_1d,0.01938285492360592
287,alpha,,fx_level_z_252,0.021481744945049286
288,beta,momentum,,-0.018754998221993446
288,beta,persist,,0.10179336369037628
288,beta,underwater,,0.0352373905479908
288,B,momentum,kospi_return_1d,0.0022573673631995916
288,B,momentum,fx_level_z_252,0.003555827308446169
288,B,persist,kospi_return_1d,-0.005142144858837128
288,B,persist,fx_level_z_252,-0.0061949496157467365
288,B,underwater,kospi_return_1d,0.003593461588025093
288,B,underwater,fx_level_z_252,-0.03013175167143345
288,alpha,,kospi_return_1d,0.019315406680107117
288,alpha,,fx_level_z_252,0.021393533796072006
289,beta,momentum,,-0.01867702044546604
289,beta,persist,,0.10165531933307648
289,beta,underwater,,0.03511140123009682
289,B,momentum,kospi_return_1d,0.002099810866639018
289,B,momentum,fx_level_z_252,0.00357785914093256
289,B,persist,kospi_return_1d,-0.005189011339098215
289,B,persist,fx_level_z_252,-0.005963084753602743
289,B,underwater,kospi_return_1d,0.003738111350685358
289,B,underwater,fx_level_z_252,-0.030108502134680748
289,alpha,,kospi_return_1d,0.01919638365507126
289,alpha,,fx_level_z_252,0.021201614290475845
290,beta,momentum,,-0.018804168328642845
290,beta,persist,,0.10150221735239029
290,beta,underwater,,0.035135235637426376
290,B,momentum,kospi_return_1d,0.002037716330960393
290,B,momentum,fx_level_z_252,0.0034905977081507444
290,B,persist,kospi_return_1d,-0.00536759477108717
290,B,persist,fx_level_z_252,-0.005587149411439896
290,B,underwater,kospi_return_1d,0.003646108554676175
290,B,underwater,fx_level_z_252,-0.029879825189709663
290,alpha,,kospi_return_1d,0.019084442406892776
290,alpha,,fx_level_z_252,0.021099476143717766
291,beta,momentum,,-0.018893925473093987
291,beta,persist,,0.10127636790275574
291,beta,underwater,,0.03521914407610893
291,B,momentum,kospi_return_1d,0.002005629241466522
291,B,momentum,fx_level_z_252,0.0032364586368203163
291,B,persist,kospi_return_1d,-0.005526227410882711
291,B,persist,fx_level_z_252,-0.005187708884477615
291,B,underwater,kospi_return_1d,0.0035581188276410103
291,B,underwater,fx_level_z_252,-0.02952999621629715
291,alpha,,kospi_return_1d,0.01894562877714634
291,alpha,,fx_level_z_252,0.021191250532865524
292,beta,momentum,,-0.018999723717570305
292,beta,persist,,0.10107202082872391
292,beta,underwater,,0.03529192507266998
292,B,momentum,kospi_return_1d,0.0019399703014642
292,B,momentum,fx_level_z_252,0.0031259050592780113
292,B,persist,kospi_return_1d,-0.005502748768776655
292,B,persist,fx_level_z_252,-0.004898687358945608
292,B,underwater,kospi_return_1d,0.003456148784607649
292,B,underwater,fx_level_z_252,-0.029313890263438225
292,alpha,,kospi_return_1d,0.018881086260080338
292,alpha,,fx_level_z_252,0.021366018801927567
293,beta,momentum,,-0.019002292305231094
293,beta,persist,,0.10087507963180542
293,beta,underwater,,0.03531929850578308
293,B,momentum,kospi_return_1d,0.002047580201178789
293,B,momentum,fx_level_z_252,0.003075048793107271
293,B,persist,kospi_return_1d,-0.005403218790888786
293,B,persist,fx_level_z_252,-0.004646616522222757
293,B,underwater,kospi_return_1d,0.0032988220918923616
293,B,underwater,fx_level_z_252,-0.02918279729783535
293,alpha,,kospi_return_1d,0.018893225118517876
293,alpha,,fx_level_z_252,0.02146279439330101
294,beta,momentum,,-0.018879836425185204
294,beta,persist,,0.10075224190950394
294,beta,underwater,,0.035316284745931625
294,B,momentum,kospi_return_1d,0.002299319487065077
294,B,momentum,fx_level_z_252,0.0029864420648664236
294,B,persist,kospi_return_1d,-0.0051964265294373035
294,B,persist,fx_level_z_252,-0.004532796796411276
294,B,underwater,kospi_return_1d,0.0032603039871901274
294,B,underwater,fx_level_z_252,-0.02910148724913597
294,alpha,,kospi_return_1d,0.018888741731643677
294,alpha,,fx_level_z_252,0.021561773493885994
295,beta,momentum,,-0.01883021369576454
295,beta,persist,,0.10069386661052704
295,beta,underwater,,0.03527768328785896
295,B,momentum,kospi_return_1d,0.0024464589077979326
295,B,momentum,fx_level_z_252,0.0031041144393384457
295,B,persist,kospi_return_1d,-0.005014671944081783
295,B,persist,fx_level_z_252,-0.004625893663614988
295,B,underwater,kospi_return_1d,0.003332936204969883
295,B,underwater,fx_level_z_252,-0.02914641611278057
295,alpha,,kospi_return_1d,0.01889064349234104
295,alpha,,fx_level_z_252,0.02153703197836876
296,beta,momentum,,-0.018866151571273804
296,beta,persist,,0.10072828829288483
296,beta,underwater,,0.03528905659914017
296,B,momentum,kospi_return_1d,0.0025747804902493954
296,B,momentum,fx_level_z_252,0.0030277252662926912
296,B,persist,kospi_return_1d,-0.004992329515516758
296,B,persist,fx_level_z_252,-0.004768641199916601
296,B,underwater,kospi_return_1d,0.0032198785338550806
296,B,underwater,fx_level_z_252,-0.02890932559967041
296,alpha,,kospi_return_1d,0.018819795921444893
296,alpha,,fx_level_z_252,0.021432578563690186
297,beta,momentum,,-0.018924886360764503
297,beta,persist,,0.10076217353343964
297,beta,underwater,,0.03539154678583145
297,B,momentum,kospi_return_1d,0.0027296969201415777
297,B,momentum,fx_level_z_252,0.00305426144041121
297,B,persist,kospi_return_1d,-0.0051624043844640255
297,B,persist,fx_level_z_252,-0.004875974263995886
297,B,underwater,kospi_return_1d,0.0029803027864545584
297,B,underwater,fx_level_z_252,-0.028689078986644745
297,alpha,,kospi_return_1d,0.018708251416683197
297,alpha,,fx_level_z_252,0.02142026089131832
298,beta,momentum,,-0.018892427906394005
298,beta,persist,,0.10080564767122269
298,beta,underwater,,0.03549429029226303
298,B,momentum,kospi_return_1d,0.002900392282754183
298,B,momentum,fx_level_z_252,0.0030357828363776207
298,B,persist,kospi_return_1d,-0.0052064587362110615
298,B,persist,fx_level_z_252,-0.004999283701181412
298,B,underwater,kospi_return_1d,0.0029293096158653498
298,B,underwater,fx_level_z_252,-0.028428826481103897
298,alpha,,kospi_return_1d,0.01870140992105007
298,alpha,,fx_level_z_252,0.021514199674129486
299,beta,momentum,,-0.01880073919892311
299,beta,persist,,0.10088885575532913
299,beta,underwater,,0.035579271614551544
299,B,momentum,kospi_return_1d,0.0030768730212002993
299,B,momentum,fx_level_z_252,0.0029984586872160435
299,B,persist,kospi_return_1d,-0.0051993378438055515
299,B,persist,fx_level_z_252,-0.00529960822314024
299,B,underwater,kospi_return_1d,0.0028700896073132753
299,B,underwater,fx_level_z_252,-0.028220677748322487
299,alpha,,kospi_return_1d,0.018758170306682587
299,alpha,,fx_level_z_252,0.021521154791116714
300,beta,momentum,,-0.018731653690338135
300,beta,persist,,0.10091021656990051
300,beta,underwater,,0.035568349063396454
300,B,momentum,kospi_return_1d,0.003197701182216406
300,B,momentum,fx_level_z_252,0.0030083192978054285
300,B,persist,kospi_return_1d,-0.005325460806488991
300,B,persist,fx_level_z_252,-0.0054055750370025635
300,B,underwater,kospi_return_1d,0.0028704057913273573
300,B,underwater,fx_level_z_252,-0.028210638090968132
300,alpha,,kospi_return_1d,0.01884179562330246
300,alpha,,fx_level_z_252,0.021615589037537575
