split,investor,coefficient,exact_lasso,adam,abs_diff
0,foreign,momentum,0.038842588917707685,0.0398784577846527,0.001035868866945018
0,foreign,persist,0.07314111675920551,0.0663059502840042,0.0068351664752013125
0,foreign,underwater,0.0089817783791527,0.0163235459476709,0.007341767568518199
0,foreign,momentumxkospi_return_1d,-0.005717343044194535,-0.0086960643529891,0.0029787213087945647
0,foreign,momentumxfx_level_z_252,-0.0025707103191062158,-0.0019242000998929,0.0006465102192133158
0,foreign,persistxkospi_return_1d,0.00848846605351525,0.0104847829788923,0.0019963169253770507
0,foreign,persistxfx_level_z_252,-0.007301126392142067,0.0008847170975059,0.008185843489647966
0,foreign,underwaterxkospi_return_1d,0.0,-0.0018584314966574,0.0018584314966574
0,foreign,underwaterxfx_level_z_252,-0.007189367328345503,-0.0067620580084621,0.0004273093198834026
0,foreign,kospi_return_1d,0.001141179440932636,-0.000637758988887,0.0017789384298196361
0,foreign,fx_level_z_252,-0.017962081464839803,-0.0239553805440664,0.005993299079226598
0,institution,momentum,-0.0024085561418954373,-0.0024162025656551,7.646423759662818e-06
0,institution,persist,0.02071601650800618,0.0210726056247949,0.00035658911678872196
0,institution,underwater,-0.0024978419371130805,-0.0026354633737355,0.0001376214366224193
0,institution,momentumxkospi_return_1d,-0.003004239126711634,-0.0029548944439738,4.934468273783393e-05
0,institution,momentumxfx_level_z_252,-0.0,-0.0001660058915149,0.0001660058915149
0,institution,persistxkospi_return_1d,-0.0,-5.202852480579168e-05,5.202852480579168e-05
0,institution,persistxfx_level_z_252,-0.0,-0.0001669521443545,0.0001669521443545
0,institution,underwaterxkospi_return_1d,0.0021822666300270357,0.0023391423746943,0.00015687574466726438
0,institution,underwaterxfx_level_z_252,0.00013345840759613518,0.0001264722086489,6.986198947235182e-06
0,institution,kospi_return_1d,-0.01076663183971072,-0.0109210507944226,0.00015441895471188065
0,institution,fx_level_z_252,0.0,0.0003754514327738,0.0003754514327738
0,retail,momentum,-0.017381162122357036,-0.018264140933752,0.0008829788113949646
0,retail,persist,0.08868156349343484,0.0878257006406784,0.0008558628527564338
0,retail,underwater,0.03488906435638292,0.0341517515480518,0.0007373128083311212
0,retail,momentumxkospi_return_1d,0.0018318343375314501,0.0012225229293107,0.0006093114082207501
0,retail,momentumxfx_level_z_252,0.007201574917895295,0.0051593161188066,0.0020422587990886953
0,retail,persistxkospi_return_1d,0.002880264339521973,0.0043829642236232,0.0015026998841012273
0,retail,persistxfx_level_z_252,-8.55627917592755e-05,-0.0003584238584153,0.0002728610666560245
0,retail,underwaterxkospi_return_1d,-0.0,0.0003236487391404,0.0003236487391404
0,retail,underwaterxfx_level_z_252,-0.026071151307160822,-0.0253631640225648,0.0007079872845960206
0,retail,kospi_return_1d,0.015857832378301476,0.0155960880219936,0.0002617443563078751
0,retail,fx_level_z_252,0.01771852866534236,0.0206481833010911,0.002929654635748742
1,foreign,momentum,0.04176548070912069,0.0417845174670219,1.9036757901207124e-05
1,foreign,persist,0.07102223453060535,0.0709863752126693,3.585931793605168e-05
1,foreign,underwater,0.010384227865563098,0.0103925289586186,8.301093055501294e-06
1,foreign,momentumxkospi_return_1d,-0.009959365635347732,-0.0099619589745998,2.5933392520677973e-06
1,foreign,momentumxfx_level_z_252,-0.005803250103194095,-0.0054499129764735,0.0003533371267205954
1,foreign,persistxkospi_return_1d,0.002523536426450747,0.0023385398089885,0.0001849966174622469
1,foreign,persistxfx_level_z_252,-0.0030398786800317303,-0.003095707623288,5.582894325626949e-05
1,foreign,underwaterxkospi_return_1d,-0.0021030132983516523,-0.0021166107617318,1.3597463380147796e-05
1,foreign,underwaterxfx_level_z_252,-0.011806338923233257,-0.0117294425144791,7.689640875415717e-05
1,foreign,kospi_return_1d,0.0061305101554241185,0.0063728089444339,0.0002422987890097813
1,foreign,fx_level_z_252,-0.014376372827205405,-0.0141321439296007,0.00024422889760470495
1,institution,momentum,-0.0015051893351075102,-0.001455396763049,4.979257205851026e-05
1,institution,persist,0.02457669500094956,0.0240759290754795,0.0005007659254700585
1,institution,underwater,-0.0,-0.0003577414317987,0.0003577414317987
1,institution,momentumxkospi_return_1d,-0.0017986741885142627,-0.0017396833281964,5.899086031786261e-05
1,institution,momentumxfx_level_z_252,-0.0,0.000132351036882,0.000132351036882
1,institution,persistxkospi_return_1d,-0.0,-0.0002558600681368,0.0002558600681368
1,institution,persistxfx_level_z_252,-0.0,-0.0001638906396692,0.0001638906396692
1,institution,underwaterxkospi_return_1d,0.003677725059509685,0.0035539458040148,0.0001237792554948853
1,institution,underwaterxfx_level_z_252,0.0013241122376323592,0.0012622564099729,6.185582765945918e-05
1,institution,kospi_return_1d,-0.01296330518137321,-0.012721324339509,0.00024198084186420957
1,institution,fx_level_z_252,-0.0036272184445777355,-0.0035958257503807,3.139269419703567e-05
1,retail,momentum,-0.018315381053746502,-0.0171881336718797,0.0011272473818668034
1,retail,persist,0.09979962573175696,0.098323568701744,0.0014760570300129672
1,retail,underwater,0.03506475738237789,0.0368012897670269,0.001736532384649013
1,retail,momentumxkospi_return_1d,0.002872983989359316,0.000563490379136,0.0023094936102233156
1,retail,momentumxfx_level_z_252,0.0020950049019696853,0.0018904655007645,0.00020453940120518529
1,retail,persistxkospi_return_1d,-0.005680264050265464,-0.0061791646294295,0.0004989005791640362
1,retail,persistxfx_level_z_252,-0.006835604530611549,-0.0062945182435214,0.000541086287090149
1,retail,underwaterxkospi_return_1d,0.002122871444473825,0.0036901941057294,0.001567322661255575
1,retail,underwaterxfx_level_z_252,-0.029750872601313125,-0.0311902128159999,0.001439340214686776
1,retail,kospi_return_1d,0.0189802730989579,0.0188388135284185,0.00014145957053940048
1,retail,fx_level_z_252,0.02237399000685502,0.0224830638617277,0.00010907385487268079
2,foreign,momentum,0.041903762446529144,0.0416629426181316,0.0002408198283975413
2,foreign,persist,0.06855952018684598,0.0684836953878402,7.582479900578032e-05
2,foreign,underwater,0.009638907256162229,0.0096046002581715,3.430699799072956e-05
2,foreign,momentumxkospi_return_1d,-0.009477153915952285,-0.0091186743229627,0.0003584795929895846
2,foreign,momentumxfx_level_z_252,-0.0,-0.0005587845807895,0.0005587845807895
2,foreign,persistxkospi_return_1d,0.0024285376889839005,0.0025346037000417,0.00010606601105779935
2,foreign,persistxfx_level_z_252,-0.010625793424160184,-0.0102594718337059,0.00036632159045428374
2,foreign,underwaterxkospi_return_1d,-0.0013591687416875929,-0.0014969324693083,0.00013776372762070712
2,foreign,underwaterxfx_level_z_252,-0.01013568645065097,-0.0107627669349312,0.0006270804842802308
2,foreign,kospi_return_1d,0.01055701840109621,0.0104677015915513,8.931680954490928e-05
2,foreign,fx_level_z_252,-0.006878405892032004,-0.0063873915933072,0.0004910142987248033
2,institution,momentum,-0.001127785395341645,-0.0011486533330753,2.0867937733654984e-05
2,institution,persist,0.023374583914034245,0.0233089085668325,6.56753472017442e-05
2,institution,underwater,-0.00044880080768614037,-0.0004960076184943,4.7206810808159594e-05
2,institution,momentumxkospi_return_1d,-0.0015850974798198845,-0.0015084203332662,7.667714655368459e-05
2,institution,momentumxfx_level_z_252,0.0,-6.726414721924812e-05,6.726414721924812e-05
2,institution,persistxkospi_return_1d,-0.0,-0.0003008112835232,0.0003008112835232
2,institution,persistxfx_level_z_252,0.0,0.0001593391934875,0.0001593391934875
2,institution,underwaterxkospi_return_1d,0.004833104883895897,0.0048239030875265,9.20179636939699e-06
2,institution,underwaterxfx_level_z_252,0.0021608543094151222,0.0021859456319361,2.5091322520977895e-05
2,institution,kospi_return_1d,-0.014727340013784741,-0.0147164380177855,1.0901995999240341e-05
2,institution,fx_level_z_252,-0.0026635344522936482,-0.0026790641713887,1.552971909505197e-05
2,retail,momentum,-0.02332271284263108,-0.0236615855246782,0.00033887268204712065
2,retail,persist,0.09093324544353114,0.0907176658511161,0.0002155795924150411
2,retail,underwater,0.0274039895391053,0.0290314108133316,0.0016274212742263018
2,retail,momentumxkospi_return_1d,0.000375373827687553,-0.0004923119558952,0.0008676857835827529
2,retail,momentumxfx_level_z_252,0.005199139616973558,0.0039639226160943,0.0012352170008792587
2,retail,persistxkospi_return_1d,-0.008207619900863258,-0.0103342104703187,0.0021265905694554423
2,retail,persistxfx_level_z_252,-0.00028911581322481886,-0.0003589016851037,6.978587187888116e-05
2,retail,underwaterxkospi_return_1d,0.00024156072197852597,0.0013865113724023,0.001144950650423774
2,retail,underwaterxfx_level_z_252,-0.022419291710029994,-0.024463303387165,0.002044011677135006
2,retail,kospi_return_1d,0.018304029331435906,0.0167040135711431,0.0016000157602928076
2,retail,fx_level_z_252,0.013283707596019273,0.0146190980449318,0.0013353904489125275
3,foreign,momentum,0.04180829159580118,0.0416628569364547,0.00014543465934648003
3,foreign,persist,0.07559004279747966,0.0756190046668052,2.8961869325536127e-05
3,foreign,underwater,0.011344140220862005,0.0114938961341977,0.00014975591333569495
3,foreign,momentumxkospi_return_1d,-0.01114555433377647,-0.0110759539529681,6.960038080837047e-05
3,foreign,momentumxfx_level_z_252,-0.0014292474743227554,-0.001212412607856,0.00021683486646675528
3,foreign,persistxkospi_return_1d,0.0025476871553531404,0.0027953363023698,0.00024764914701665966
3,foreign,persistxfx_level_z_252,-0.010690371835117347,-0.010850197635591,0.00015982580047365323
3,foreign,underwaterxkospi_return_1d,-0.001134769760837721,-0.0014914228813722,0.00035665312053447884
3,foreign,underwaterxfx_level_z_252,-0.012661570079258219,-0.01267552934587,1.395926661178215e-05
3,foreign,kospi_return_1d,0.0010297219805118101,0.0010714263189584,4.170433844658981e-05
3,foreign,fx_level_z_252,-0.014731868516057211,-0.0144960796460509,0.0002357888700063107
3,institution,momentum,-0.0017178767947030426,-0.001679950626567,3.792616813604261e-05
3,institution,persist,0.018907473327577806,0.0194168183952569,0.0005093450676790928
3,institution,underwater,-0.0004734016030811517,-0.0004873370344284,1.3935431347248252e-05
3,institution,momentumxkospi_return_1d,-0.0011012392300055642,-0.0011583872837945,5.714805378893568e-05
3,institution,momentumxfx_level_z_252,0.0008379955187226588,0.0008162736194208,2.172189930185883e-05
3,institution,persistxkospi_return_1d,-0.0,-3.426611510803923e-05,3.426611510803923e-05
3,institution,persistxfx_level_z_252,4.6031284575776464e-05,0.0004307508934289,0.00038471960885312357
3,institution,underwaterxkospi_return_1d,0.004430824566315157,0.0044065583497285,2.4266216586656814e-05
3,institution,underwaterxfx_level_z_252,0.002423107552452217,0.0024647358804941,4.162832804188287e-05
3,institution,kospi_return_1d,-0.012937402541667418,-0.0132661061361432,0.00032870359447578247
3,institution,fx_level_z_252,-0.0009964477491336689,-0.0009650955325923,3.135221654136883e-05
3,retail,momentum,-0.02315743574698987,-0.0225859638303518,0.0005714719166380715
3,retail,persist,0.08780107687899981,0.0873080715537071,0.0004930053252927141
3,retail,underwater,0.03671721313892663,0.037292331457138,0.0005751183182113664
3,retail,momentumxkospi_return_1d,0.002138669455667484,0.0033880167175084,0.0012493472618409162
3,retail,momentumxfx_level_z_252,0.0,0.0004190479230601,0.0004190479230601
3,retail,persistxkospi_return_1d,-0.00539122846443253,-0.0060566151514649,0.0006653866870323698
3,retail,persistxfx_level_z_252,-0.0,9.099092858377844e-05,9.099092858377844e-05
3,retail,underwaterxkospi_return_1d,0.0,0.0009169580880552,0.0009169580880552
3,retail,underwaterxfx_level_z_252,-0.03253586162106615,-0.031214440241456,0.0013214213796101486
3,retail,kospi_return_1d,0.024502690370710272,0.0244385637342929,6.412663641737135e-05
3,retail,fx_level_z_252,0.02003473989800708,0.0206728633493185,0.0006381234513114196
4,foreign,momentum,0.0381005092553868,0.0381731837987899,7.267454340310203e-05
4,foreign,persist,0.06942775920988417,0.0694195181131362,8.241096747976795e-06
4,foreign,underwater,0.0058429563135244484,0.0060903378762304,0.0002473815627059518
4,foreign,momentumxkospi_return_1d,-0.010936966898837433,-0.0108302729204297,0.00010669397840773302
4,foreign,momentumxfx_level_z_252,-0.004778727732308039,-0.0047021410427987,7.658668950933853e-05
4,foreign,persistxkospi_return_1d,0.005439172693514636,0.0054352609440684,3.911749446236512e-06
4,foreign,persistxfx_level_z_252,-0.008612067651613282,-0.00860555190593,6.515745683281088e-06
4,foreign,underwaterxkospi_return_1d,-0.0027524702666184503,-0.0031640320084989,0.0004115617418804498
4,foreign,underwaterxfx_level_z_252,-0.004589625820381182,-0.0045489454641938,4.0680356187382076e-05
4,foreign,kospi_return_1d,0.008924913075133526,0.0088342688977718,9.06441773617251e-05
4,foreign,fx_level_z_252,-0.017648148646557886,-0.0179443731904029,0.00029622454384501534
4,institution,momentum,-0.0,-0.0001298501738347,0.0001298501738347
4,institution,persist,0.0235642255639878,0.0234386622905731,0.00012556327341469928
4,institution,underwater,-0.0,5.352452717488632e-05,5.352452717488632e-05
4,institution,momentumxkospi_return_1d,-0.00214259686234897,-0.0020749163813889,6.768048096007003e-05
4,institution,momentumxfx_level_z_252,0.000669166728695096,0.000638403755147,3.076297354809602e-05
4,institution,persistxkospi_return_1d,-0.0,-0.0001292479719268,0.0001292479719268
4,institution,persistxfx_level_z_252,0.0,0.000148127466673,0.000148127466673
4,institution,underwaterxkospi_return_1d,0.0020576031760702997,0.0020778411999344,2.023802386410048e-05
4,institution,underwaterxfx_level_z_252,0.0,6.243507959879935e-05,6.243507959879935e-05
4,institution,kospi_return_1d,-0.013880964913479206,-0.0138124199584126,6.85449550666059e-05
4,institution,fx_level_z_252,-0.0,-0.000219290915993,0.000219290915993
4,retail,momentum,-0.020610419650043107,-0.0205036252737045,0.00010679437633860644
4,retail,persist,0.09562980918649483,0.0938905701041221,0.0017392390823727233
4,retail,underwater,0.04577193214350775,0.0459290407598018,0.00015710861629405354
4,retail,momentumxkospi_return_1d,0.003062020842547724,0.0030449277255684,1.709311697932394e-05
4,retail,momentumxfx_level_z_252,0.0,-1.6653515558573417e-05,1.6653515558573417e-05
4,retail,persistxkospi_return_1d,0.0,0.0002924984728451,0.0002924984728451
4,retail,persistxfx_level_z_252,0.0,0.001439849846065,0.001439849846065
4,retail,underwaterxkospi_return_1d,0.003045912667569652,0.0048266453668475,0.0017807326992778484
4,retail,underwaterxfx_level_z_252,-0.03413368776753128,-0.033813364803791,0.0003203229637402799
4,retail,kospi_return_1d,0.018725705118008796,0.0167496372014284,0.0019760679165803964
4,retail,fx_level_z_252,0.01804969130385981,0.0169548578560352,0.0010948334478246072
5,foreign,momentum,0.024176081962572808,0.0244713202118873,0.0002952382493144924
5,foreign,persist,0.06178611654094217,0.0620567947626113,0.00027067822166913086
5,foreign,underwater,0.003998714514874606,0.0036183823831379,0.0003803321317367059
5,foreign,momentumxkospi_return_1d,-0.01462153879161019,-0.0147221637889742,0.00010062499736400964
5,foreign,momentumxfx_level_z_252,-0.0,-8.317743777297437e-05,8.317743777297437e-05
5,foreign,persistxkospi_return_1d,0.010390625791389116,0.0104534765705466,6.285077915748304e-05
5,foreign,persistxfx_level_z_252,-0.005590043941268844,-0.0054830843582749,0.00010695958299394414
5,foreign,underwaterxkospi_return_1d,-0.0,-0.0002026219444815,0.0002026219444815
5,foreign,underwaterxfx_level_z_252,-0.0030424211803427867,-0.0032796792220324,0.0002372580416896133
5,foreign,kospi_return_1d,0.009667074812032423,0.0095580285415053,0.00010904627052712307
5,foreign,fx_level_z_252,-0.029500844870418954,-0.0299018919467926,0.0004010470763736451
5,institution,momentum,-0.0,-5.9940924984402955e-05,5.9940924984402955e-05
5,institution,persist,0.02477962050717834,0.0243811421096324,0.00039847839754594133
5,institution,underwater,-0.0,-0.0002513786894269,0.0002513786894269
5,institution,momentumxkospi_return_1d,0.0006572900446034388,0.0006856584222987,2.8368377695261212e-05
5,institution,momentumxfx_level_z_252,0.0,9.894602953863796e-06,9.894602953863796e-06
5,institution,persistxkospi_return_1d,-0.0,-0.0001811932161217,0.0001811932161217
5,institution,persistxfx_level_z_252,0.0015442304807721833,0.0014885588316246,5.567164914758332e-05
5,institution,underwaterxkospi_return_1d,0.0032870058743531966,0.0032413972076028,4.560866675039658e-05
5,institution,underwaterxfx_level_z_252,0.001209110859841451,0.0011805781396105,2.8532720230951e-05
5,institution,kospi_return_1d,-0.016917814291051436,-0.0167455896735191,0.00017222461753233637
5,institution,fx_level_z_252,-0.00010395328096783292,-0.0006096916040405,0.0005057383230726671
5,retail,momentum,-0.013967938550917566,-0.0139277158305048,4.022272041276538e-05
5,retail,persist,0.09023794768004793,0.0882784202694892,0.0019595274105587285
5,retail,underwater,0.02297767278214966,0.0251438152045011,0.0021661424223514414
5,retail,momentumxkospi_return_1d,-0.0,0.000130024869577,0.000130024869577
5,retail,momentumxfx_level_z_252,0.0,0.0015278974315151,0.0015278974315151
5,retail,persistxkospi_return_1d,0.0028023465522910426,0.0023032000754028,0.0004991464768882427
5,retail,persistxfx_level_z_252,-0.0,-8.574184903409332e-05,8.574184903409332e-05
5,retail,underwaterxkospi_return_1d,-0.0,-0.0001933342718984,0.0001933342718984
5,retail,underwaterxfx_level_z_252,-0.022723854722160174,-0.0230512097477912,0.0003273550256310265
5,retail,kospi_return_1d,0.019880430615163425,0.0168051701039075,0.0030752605112559263
5,retail,fx_level_z_252,0.0347244471367767,0.0351862013339996,0.00046175419722289945
6,foreign,momentum,0.03988758857510672,0.0402950830757617,0.0004074945006549771
6,foreign,persist,0.06723165284463657,0.0673366859555244,0.00010503311088783107
6,foreign,underwater,0.002179495389406473,0.0019223861163482,0.00025710927305827276
6,foreign,momentumxkospi_return_1d,-0.012198956209225618,-0.0125786326825618,0.0003796764733361817
6,foreign,momentumxfx_level_z_252,-0.0036553344690422192,-0.0036528513301163,2.4831389259191185e-06
6,foreign,persistxkospi_return_1d,0.009298658524092706,0.0089544923976063,0.00034416612648640633
6,foreign,persistxfx_level_z_252,-0.006550256326482803,-0.0064419144764542,0.00010834185002860357
6,foreign,underwaterxkospi_return_1d,-0.004373044032562725,-0.0040652533061802,0.00030779072638252494
6,foreign,underwaterxfx_level_z_252,-0.009147707097169095,-0.0093445163220167,0.000196809224847605
6,foreign,kospi_return_1d,0.010944725444633775,0.0108976447954773,4.7080649156474794e-05
6,foreign,fx_level_z_252,-0.007767560095192731,-0.0077722147107124,4.654615519668857e-06
6,institution,momentum,-0.0,-2.36707492149435e-05,2.36707492149435e-05
6,institution,persist,0.02343169041670179,0.0233747288584709,5.69615582308898e-05
6,institution,underwater,-0.0,-0.000248768919846,0.000248768919846
6,institution,momentumxkospi_return_1d,-0.0020769630292837935,-0.0020158460829406,6.111694634319343e-05
6,institution,momentumxfx_level_z_252,0.00037860008025358214,0.00039309944259,1.449936233641788e-05
6,institution,persistxkospi_return_1d,-0.0,-9.962390322471038e-06,9.962390322471038e-06
6,institution,persistxfx_level_z_252,0.0,1.2500822776928544e-05,1.2500822776928544e-05
6,institution,underwaterxkospi_return_1d,0.006236468779179616,0.0060286438092589,0.00020782496992071634
6,institution,underwaterxfx_level_z_252,0.0,0.0002137605624739,0.0002137605624739
6,institution,kospi_return_1d,-0.01526737667760732,-0.0152540290728211,1.3347604786219727e-05
6,institution,fx_level_z_252,-0.0032868548078337665,-0.0033711895812302,8.433477339643341e-05
6,retail,momentum,-0.022313969332681437,-0.0220120903104543,0.0003018790222271382
6,retail,persist,0.08952693782362799,0.0871073380112648,0.002419599812363185
6,retail,underwater,0.04005493207187413,0.0402477011084556,0.00019276903658146938
6,retail,momentumxkospi_return_1d,0.0012377148424104689,0.0021883663721382,0.0009506515297277314
6,retail,momentumxfx_level_z_252,0.0,0.0012424193555489,0.0012424193555489
6,retail,persistxkospi_return_1d,0.0,0.0003318816889077,0.0003318816889077
6,retail,persistxfx_level_z_252,-0.0018504490442249964,-0.0043118875473737,0.002461438503148703
6,retail,underwaterxkospi_return_1d,0.001642118293144121,0.002771864645183,0.001129746352038879
6,retail,underwaterxfx_level_z_252,-0.025783632461557897,-0.0240762624889612,0.0017073699725966979
6,retail,kospi_return_1d,0.017116562766312998,0.0161094591021537,0.0010071036641592992
6,retail,fx_level_z_252,0.022651564819309553,0.0203576814383268,0.0022938833809827523
7,foreign,momentum,0.04548904233430722,0.0454947426915168,5.7003572095787325e-06
7,foreign,persist,0.06762674984744359,0.0677704885601997,0.0001437387127561085
7,foreign,underwater,0.008599301387244752,0.0086469408124685,4.76394252237472e-05
7,foreign,momentumxkospi_return_1d,-0.014061688445748255,-0.0141956498846411,0.0001339614388928441
7,foreign,momentumxfx_level_z_252,-0.0051885828169281455,-0.0049446849152445,0.00024389790168364515
7,foreign,persistxkospi_return_1d,0.007418268123613839,0.0074534327723085,3.516464869466121e-05
7,foreign,persistxfx_level_z_252,-0.01046478647693751,-0.0103378901258111,0.00012689635112641054
7,foreign,underwaterxkospi_return_1d,-0.0039939185090482115,-0.0040838876739144,8.996916486618892e-05
7,foreign,underwaterxfx_level_z_252,-0.005647832299549374,-0.0056617185473442,1.3886247794825737e-05
7,foreign,kospi_return_1d,0.008701572862754973,0.0086387721821665,6.280068058847274e-05
7,foreign,fx_level_z_252,-0.01977485794686842,-0.019929900765419,0.00015504281855057908
7,institution,momentum,-0.0,-7.941155490698293e-05,7.941155490698293e-05
7,institution,persist,0.025835485421818148,0.0248867254704237,0.0009487599513944497
7,institution,underwater,-0.0,-4.1853600123431534e-05,4.1853600123431534e-05
7,institution,momentumxkospi_return_1d,-0.0018764981013627187,-0.0018079043366014,6.859376476131876e-05
7,institution,momentumxfx_level_z_252,0.0,6.89015505486168e-05,6.89015505486168e-05
7,institution,persistxkospi_return_1d,-0.00047678832638595815,-0.0004020295746158,7.475875177015813e-05
7,institution,persistxfx_level_z_252,-0.0,-0.0001903017691802,0.0001903017691802
7,institution,underwaterxkospi_return_1d,0.004469505702403333,0.0043610534630715,0.0001084522393318332
7,institution,underwaterxfx_level_z_252,0.001348781651355292,0.0014454390620812,9.665741072590792e-05
7,institution,kospi_return_1d,-0.01495912019714846,-0.0144958887249231,0.00046323147222536096
7,institution,fx_level_z_252,-0.0011587840990818945,-0.0011268806410953,3.190345798659462e-05
7,retail,momentum,-0.02623785606897413,-0.0259772446006536,0.00026061146832052906
7,retail,persist,0.08070876127472246,0.0806869789958,2.1782278922452547e-05
7,retail,underwater,0.04299281435781098,0.0432438105344772,0.0002509961766662197
7,retail,momentumxkospi_return_1d,0.005095409191564984,0.0045075831003487,0.0005878260912162842
7,retail,momentumxfx_level_z_252,0.0,-7.798062870278955e-05,7.798062870278955e-05
7,retail,persistxkospi_return_1d,-0.0,-0.0006509302766062,0.0006509302766062
7,retail,persistxfx_level_z_252,-0.0011471659357715678,-0.0027406795416027,0.0015935136058311322
7,retail,underwaterxkospi_return_1d,0.002763611704586939,0.002075410913676,0.0006882007909109391
7,retail,underwaterxfx_level_z_252,-0.03790329037428774,-0.0386921651661396,0.0007888747918518638
7,retail,kospi_return_1d,0.01567125897203915,0.0162242222577333,0.000552963285694149
7,retail,fx_level_z_252,0.026819382153341582,0.0276186540722847,0.0007992719189431167
8,foreign,momentum,0.04879069305389233,0.0492148958146572,0.0004242027607648663
8,foreign,persist,0.0688296510134054,0.0633282586932182,0.00550139232018719
8,foreign,underwater,0.006368961723364607,0.0090391309931874,0.0026701692698227926
8,foreign,momentumxkospi_return_1d,-0.0005697051723040608,-0.0065540843643248,0.005984379192020739
8,foreign,momentumxfx_level_z_252,-0.007138019606983073,0.0031330832280218,0.010271102835004873
8,foreign,persistxkospi_return_1d,0.001902465148292895,0.0037278640083968,0.0018253988601039052
8,foreign,persistxfx_level_z_252,-0.00244459110679253,-0.0002142452285625,0.00223034587823003
8,foreign,underwaterxkospi_return_1d,-0.0,0.0166023317724466,0.0166023317724466
8,foreign,underwaterxfx_level_z_252,-0.01256669504884571,-0.0110383704304695,0.001528324618376209
8,foreign,kospi_return_1d,0.012253269640439941,0.0173742230981588,0.00512095345771886
8,foreign,fx_level_z_252,-0.016324335055607656,-0.0160504914820194,0.00027384357358825606
8,institution,momentum,-0.006075638650441235,-0.0061748311854898,9.919253504856503e-05
8,institution,persist,0.02095270356847721,0.0212749820202589,0.0003222784517816907
8,institution,underwater,-0.0014539793267445327,-0.0013256146339699,0.00012836469277463275
8,institution,momentumxkospi_return_1d,-0.00041735423453543447,-0.0003957984736189,2.155576091653446e-05
8,institution,momentumxfx_level_z_252,0.0,9.802345448406412e-05,9.802345448406412e-05
8,institution,persistxkospi_return_1d,-0.006164527467990645,-0.0062027988024055,3.8271334414855494e-05
8,institution,persistxfx_level_z_252,-0.0,-5.62745553907007e-05,5.62745553907007e-05
8,institution,underwaterxkospi_return_1d,0.004511923212434095,0.0046306736767292,0.0001187504642951049
8,institution,underwaterxfx_level_z_252,0.0023315417877989688,0.0023381148930639,6.5731052649310555e-06
8,institution,kospi_return_1d,-0.010754244917687807,-0.0108633888885378,0.0001091439708499932
8,institution,fx_level_z_252,-0.002733013691629524,-0.0027159189339727,1.709475765682405e-05
8,retail,momentum,-0.025696171600865875,-0.0258884523063898,0.000192280705523927
8,retail,persist,0.08358039678499475,0.0838902741670608,0.00030987738206604554
8,retail,underwater,0.03765360868279222,0.0365782417356967,0.0010753669470955143
8,retail,momentumxkospi_return_1d,-0.006060524902730803,-0.0055347690358757,0.0005257558668551026
8,retail,momentumxfx_level_z_252,0.0,-0.0004625876317732,0.0004625876317732
8,retail,persistxkospi_return_1d,-0.018576955095873465,-0.0187283474951982,0.00015139239932473667
8,retail,persistxfx_level_z_252,0.003504853634973462,0.0034323721192777,7.248151569576181e-05
8,retail,underwaterxkospi_return_1d,0.0027360798076939974,0.002243002410978,0.0004930773967159975
8,retail,underwaterxfx_level_z_252,-0.03292720196905513,-0.0321352668106555,0.0007919351583996342
8,retail,kospi_return_1d,0.006971771264215679,0.0067122671753168,0.0002595040888988785
8,retail,fx_level_z_252,0.016747461704517658,0.0160889718681573,0.0006584898363603577
9,foreign,momentum,0.04152799755911108,0.046613048762083,0.005085051202971917
9,foreign,persist,0.0824430657601352,0.0961335524916648,0.013690486731529602
9,foreign,underwater,0.016007137919230547,0.0146570848301053,0.0013500530891252475
9,foreign,momentumxkospi_return_1d,-0.0051878684983503315,-0.0027605097275227,0.0024273587708276314
9,foreign,momentumxfx_level_z_252,-1.814694183484682e-05,-0.002152900211513,0.002134753269678153
9,foreign,persistxkospi_return_1d,-0.0,-0.0048385094851255,0.0048385094851255
9,foreign,persistxfx_level_z_252,0.0,0.0049043921753764,0.0049043921753764
9,foreign,underwaterxkospi_return_1d,-0.0,0.000854838755913,0.000854838755913
9,foreign,underwaterxfx_level_z_252,-0.008736869359079713,-0.0107923904433846,0.002055521084304887
9,foreign,kospi_return_1d,0.0,-1.2797287126886658e-05,1.2797287126886658e-05
9,foreign,fx_level_z_252,-0.02228799623428027,-0.020134437829256,0.002153558405024271
9,institution,momentum,-0.0,-1.899226481327787e-05,1.899226481327787e-05
9,institution,persist,0.02398683237920413,0.023679556325078,0.00030727605412612935
9,institution,underwater,-0.0,-0.0002703280479181,0.0002703280479181
9,institution,momentumxkospi_return_1d,-0.0026318264869384274,-0.0025100812781602,0.00012174520877822727
9,institution,momentumxfx_level_z_252,0.0,0.0001409388351021,0.0001409388351021
9,institution,persistxkospi_return_1d,-5.2224703878705335e-05,-0.000154061417561,0.00010183671368229466
9,institution,persistxfx_level_z_252,-0.0015364613548530886,-0.0015814346261322,4.497327127911139e-05
9,institution,underwaterxkospi_return_1d,0.0032870796639986395,0.0030523638706654,0.00023471579333323974
9,institution,underwaterxfx_level_z_252,0.0003835950738944911,0.000532999751158,0.0001494046772635089
9,institution,kospi_return_1d,-0.013022952986783777,-0.0128974448889493,0.0001255080978344765
9,institution,fx_level_z_252,-0.0018323976858711489,-0.0017935878131538,3.88098727173488e-05
9,retail,momentum,-0.02250692977412559,-0.0232311617583036,0.0007242319841780122
9,retail,persist,0.11794478515959363,0.1144762709736824,0.003468514185911223
9,retail,underwater,0.020207434094607873,0.0212610736489295,0.0010536395543216254
9,retail,momentumxkospi_return_1d,0.002719718303973906,0.0026620437856763,5.767451829760597e-05
9,retail,momentumxfx_level_z_252,-0.0,0.0003489680530037,0.0003489680530037
9,retail,persistxkospi_return_1d,-0.004943381054113664,-0.0063005490228533,0.0013571679687396357
9,retail,persistxfx_level_z_252,0.0,-0.0007750253425911,0.0007750253425911
9,retail,underwaterxkospi_return_1d,-0.0015350498858021908,-0.001790776499547,0.00025572661374480905
9,retail,underwaterxfx_level_z_252,-0.029079380221112023,-0.0294460821896791,0.00036670196856707776
9,retail,kospi_return_1d,0.03197428489996001,0.0293921511620283,0.002582133737931709
9,retail,fx_level_z_252,0.027208821097585534,0.0290741585195064,0.0018653374219208645
10,foreign,momentum,0.04069960846637706,0.0406478270888328,5.178137754426049e-05
10,foreign,persist,0.08149348913958611,0.0815868154168129,9.332627722678788e-05
10,foreign,underwater,0.015026268217799852,0.0154412500560283,0.0004149818382284485
10,foreign,momentumxkospi_return_1d,-0.004860100777949599,-0.0045210826210677,0.0003390181568818989
10,foreign,momentumxfx_level_z_252,-0.0,-0.0001141010288847,0.0001141010288847
10,foreign,persistxkospi_return_1d,-0.0,0.0004546564596239,0.0004546564596239
10,foreign,persistxfx_level_z_252,-0.0019655013276595255,-0.0019308497430756,3.465158458392545e-05
10,foreign,underwaterxkospi_return_1d,0.0,-4.728930798592046e-05,4.728930798592046e-05
10,foreign,underwaterxfx_level_z_252,-0.006858100411974668,-0.0067671621218323,9.093829014236807e-05
10,foreign,kospi_return_1d,0.0033471871472848134,0.0030851522460579,0.0002620349012269134
10,foreign,fx_level_z_252,-0.016499875916876967,-0.0166040044277906,0.00010412851091363279
10,institution,momentum,-0.0,-5.152838275535032e-05,5.152838275535032e-05
10,institution,persist,0.022718320148007932,0.0228298883885145,0.00011156824050656891
10,institution,underwater,-0.0001509915016913141,-0.0002034143108176,5.2422809126285904e-05
10,institution,momentumxkospi_return_1d,-0.0026005242366343587,-0.0025957426987588,4.7815378755589055e-06
10,institution,momentumxfx_level_z_252,0.0,0.0001715700491331,0.0001715700491331
10,institution,persistxkospi_return_1d,-0.0,1.6016827430576086e-05,1.6016827430576086e-05
10,institution,persistxfx_level_z_252,-0.0,-0.0002611227100715,0.0002611227100715
10,institution,underwaterxkospi_return_1d,0.004891162780553037,0.0049720825627446,8.091978219156287e-05
10,institution,underwaterxfx_level_z_252,0.001432627630071206,0.0014016747009009,3.0952929170306124e-05
10,institution,kospi_return_1d,-0.014998075321470482,-0.0150026557967066,4.580475236118375e-06
10,institution,fx_level_z_252,-0.0015551990848189172,-0.0015298181679099,2.5380916909017222e-05
10,retail,momentum,-0.02682899540154438,-0.0275049526244401,0.0006759572228957206
10,retail,persist,0.10447046444054324,0.1020714566111564,0.0023990078293868455
10,retail,underwater,0.015569735409904095,0.0168677270412445,0.0012979916313404054
10,retail,momentumxkospi_return_1d,0.0,0.0010112049058079,0.0010112049058079
10,retail,momentumxfx_level_z_252,0.0,0.0003707987489178,0.0003707987489178
10,retail,persistxkospi_return_1d,-0.010719193518117849,-0.0107873994857072,6.820596758935066e-05
10,retail,persistxfx_level_z_252,0.0,9.393465006724e-05,9.393465006724e-05
10,retail,underwaterxkospi_return_1d,-0.002315562219611519,-0.0016720599960535,0.0006435022235580189
10,retail,underwaterxfx_level_z_252,-0.02467929783249637,-0.0247711148113012,9.181697880483036e-05
10,retail,kospi_return_1d,0.028949670836191554,0.0286179091781377,0.0003317616580538543
10,retail,fx_level_z_252,0.022021505226696145,0.0235358513891696,0.0015143461624734546
11,foreign,momentum,0.040858110065263936,0.0408791154623031,2.1005397039162987e-05
11,foreign,persist,0.08650296278638286,0.0867724269628524,0.00026946417646953047
11,foreign,underwater,0.017583217409597014,0.0174822323024272,0.00010098510716981257
11,foreign,momentumxkospi_return_1d,-0.006376656227697531,-0.0063098794780671,6.677674963043081e-05
11,foreign,momentumxfx_level_z_252,-0.0,-0.0001901156792882,0.0001901156792882
11,foreign,persistxkospi_return_1d,-0.0,0.0001315577537752,0.0001315577537752
11,foreign,persistxfx_level_z_252,-0.0025100239149365468,-0.0023833599407225,0.00012666397421404662
11,foreign,underwaterxkospi_return_1d,0.0,-2.920157385233324e-06,2.920157385233324e-06
11,foreign,underwaterxfx_level_z_252,-0.009531889307207938,-0.0095833400264382,5.145071923026191e-05
11,foreign,kospi_return_1d,-4.627277543149275e-05,-5.816006159875542e-05,1.1887286167262667e-05
11,foreign,fx_level_z_252,-0.023834795001433567,-0.0242094937711954,0.00037469876976183383
11,institution,momentum,-0.0,-7.294215174624696e-05,7.294215174624696e-05
11,institution,persist,0.018092789402502075,0.0186080038547515,0.0005152144522494254
11,institution,underwater,-0.0001454065289260235,-0.0002184815821237,7.307505319767649e-05
11,institution,momentumxkospi_return_1d,-0.0022070373108317807,-0.002290450502187,8.34131913552195e-05
11,institution,momentumxfx_level_z_252,0.0009537826254185489,0.0008697669836692,8.401564174934887e-05
11,institution,persistxkospi_return_1d,-0.0,-5.314689042279497e-05,5.314689042279497e-05
11,institution,persistxfx_level_z_252,-0.0,8.097128011286259e-05,8.097128011286259e-05
11,institution,underwaterxkospi_return_1d,0.00431959881451282,0.0043372982181608,1.7699403647979985e-05
11,institution,underwaterxfx_level_z_252,0.0015659939108792226,0.0016242151614278,5.822125054857734e-05
11,institution,kospi_return_1d,-0.013225152702461745,-0.0135029964148998,0.00027784371243805457
11,institution,fx_level_z_252,-1.3329252260556335e-05,-0.0004349508672021,0.00042162161494154366
11,retail,momentum,-0.02642383765213015,-0.0279457625001668,0.0015219248480366487
11,retail,persist,0.10254090507070045,0.10085129737854,0.0016896076921604497
11,retail,underwater,0.021110011146856386,0.0207735784351825,0.0003364327116738876
11,retail,momentumxkospi_return_1d,0.0012403117888794032,0.0002738990588113,0.0009664127300681032
11,retail,momentumxfx_level_z_252,-0.0,-0.0015248782001435,0.0015248782001435
11,retail,persistxkospi_return_1d,-0.007209128296148625,-0.0072410996071994,3.197131105077498e-05
11,retail,persistxfx_level_z_252,0.0010171192416461813,8.478338713757694e-05,0.0009323358545086043
11,retail,underwaterxkospi_return_1d,-0.0036872562323469514,-0.0036092021036893,7.805412865765152e-05
11,retail,underwaterxfx_level_z_252,-0.029016352823883602,-0.0294590033590793,0.0004426505351956961
11,retail,kospi_return_1d,0.03589400518077298,0.0335519723594188,0.00234203282135418
11,retail,fx_level_z_252,0.02894029596234403,0.0299476608633995,0.00100736490105547
12,foreign,momentum,0.036709182615867815,0.036587294191122,0.00012188842474581546
12,foreign,persist,0.08208876192636749,0.0821252018213272,3.643989495970279e-05
12,foreign,underwater,0.009620842388095905,0.0097117088735103,9.086648541439465e-05
12,foreign,momentumxkospi_return_1d,-0.003790077296008308,-0.0040199751965701,0.00022989790056179198
12,foreign,momentumxfx_level_z_252,-0.0013995336689514176,-0.0014473055489361,4.77718799846824e-05
12,foreign,persistxkospi_return_1d,0.0,-8.311702549690381e-05,8.311702549690381e-05
12,foreign,persistxfx_level_z_252,-0.0010202430991339835,-0.0009463659371249,7.387716200908342e-05
12,foreign,underwaterxkospi_return_1d,-0.0001752415977169019,-0.0002932442293968,0.00011800263167989811
12,foreign,underwaterxfx_level_z_252,-0.0,-0.0002062771382043,0.0002062771382043
12,foreign,kospi_return_1d,0.0003073768085052551,0.0007517847116105,0.00044440790310524495
12,foreign,fx_level_z_252,-0.026210866869645837,-0.0262560471892356,4.518031958976321e-05
12,institution,momentum,0.0,8.547353354515508e-05,8.547353354515508e-05
12,institution,persist,0.022590732428538745,0.0227026734501123,0.00011194102157355626
12,institution,underwater,-0.0,-3.9384205592796206e-05,3.9384205592796206e-05
12,institution,momentumxkospi_return_1d,-0.00297940188938624,-0.0029950651805847,1.5663291198459838e-05
12,institution,momentumxfx_level_z_252,0.0012681844964572513,0.0013080266071483,3.984211069104878e-05
12,institution,persistxkospi_return_1d,-0.0,-9.122202754952012e-06,9.122202754952012e-06
12,institution,persistxfx_level_z_252,-0.0002699941075684883,-0.0001393668935634,0.0001306272140050883
12,institution,underwaterxkospi_return_1d,0.0021674502813441385,0.0021598043385893,7.64594275483874e-06
12,institution,underwaterxfx_level_z_252,0.0,0.0002540989371482,0.0002540989371482
12,institution,kospi_return_1d,-0.013951388532979673,-0.0140031203627586,5.1731829778927166e-05
12,institution,fx_level_z_252,-0.0,-0.0002854608173947,0.0002854608173947
12,retail,momentum,-0.025095218643918518,-0.0261985268443822,0.0011033082004636811
12,retail,persist,0.11172120322517243,0.1086144894361496,0.0031067137890228302
12,retail,underwater,0.027103617566490733,0.0261948592960834,0.0009087582704073345
12,retail,momentumxkospi_return_1d,0.0024976848540159357,0.0023104541469365,0.00018723070707943584
12,retail,momentumxfx_level_z_252,-0.0,-0.0002330233692191,0.0002330233692191
12,retail,persistxkospi_return_1d,0.0,0.000162236727192,0.000162236727192
12,retail,persistxfx_level_z_252,0.0060579802037433045,0.0051037343218922,0.0009542458818511046
12,retail,underwaterxkospi_return_1d,-0.0006222622826986724,-0.0002638365258462,0.00035842575685247235
12,retail,underwaterxfx_level_z_252,-0.030819447235420745,-0.0304233152419328,0.00039613199348794564
12,retail,kospi_return_1d,0.030479775811770485,0.0275138299912214,0.0029659458205490846
12,retail,fx_level_z_252,0.02811226151589429,0.0281510930508375,3.8831534943210844e-05
13,foreign,momentum,0.023527778538359283,0.0235240217298269,3.7568085323839984e-06
13,foreign,persist,0.07407130462391645,0.0741310641169548,5.975949303835271e-05
13,foreign,underwater,0.007364742601949948,0.0072911335155367,7.360908641324774e-05
13,foreign,momentumxkospi_return_1d,-0.007773858321394712,-0.0078437887132167,6.993039182198822e-05
13,foreign,momentumxfx_level_z_252,0.00446410471895137,0.0046388311311602,0.00017472641220883049
13,foreign,persistxkospi_return_1d,0.004394463994263185,0.0043704072013497,2.4056792913485468e-05
13,foreign,persistxfx_level_z_252,-0.0,0.0001040599308907,0.0001040599308907
13,foreign,underwaterxkospi_return_1d,-0.0,8.054049976635724e-05,8.054049976635724e-05
13,foreign,underwaterxfx_level_z_252,-0.0,0.0001336571294814,0.0001336571294814
13,foreign,kospi_return_1d,0.0016176391093836319,0.0016975323669612,7.989325757756815e-05
13,foreign,fx_level_z_252,-0.0386316711764515,-0.0386640280485153,3.235687206380039e-05
13,institution,momentum,-0.0,-2.3051434254739434e-05,2.3051434254739434e-05
13,institution,persist,0.024039182607163388,0.0238533727824687,0.0001858098246946896
13,institution,underwater,-0.0,-0.0002911734627559,0.0002911734627559
13,institution,momentumxkospi_return_1d,6.664122512001778e-05,0.0001998875086428,0.00013324628352278221
13,institution,momentumxfx_level_z_252,0.0,-1.2275704648345707e-05,1.2275704648345707e-05
13,institution,persistxkospi_return_1d,-0.0007027688395351829,-0.0007923002704046,8.953143086941708e-05
13,institution,persistxfx_level_z_252,0.0,1.3432916603051126e-05,1.3432916603051126e-05
13,institution,underwaterxkospi_return_1d,0.002942824338929353,0.002960383426398,1.75590874686468e-05
13,institution,underwaterxfx_level_z_252,0.00033014056696964423,0.0002178091235691,0.00011233144340054422
13,institution,kospi_return_1d,-0.017062559936353586,-0.0170664098113775,3.849875023914651e-06
13,institution,fx_level_z_252,-0.0,-0.0001976785133592,0.0001976785133592
13,retail,momentum,-0.017448086442427544,-0.018263878300786,0.000815791858358457
13,retail,persist,0.10847715089196565,0.1062309220433235,0.0022462288486421456
13,retail,underwater,0.0,0.0029358004685491,0.0029358004685491
13,retail,momentumxkospi_return_1d,-0.0035978621652532215,-0.002769683022052,0.0008281791432012213
13,retail,momentumxfx_level_z_252,-0.0,9.518622391624376e-05,9.518622391624376e-05
13,retail,persistxkospi_return_1d,0.0046997549478822445,0.0040892981924116,0.000610456755470644
13,retail,persistxfx_level_z_252,0.002172820681556554,0.0024523898027837,0.00027956912122714585
13,retail,underwaterxkospi_return_1d,-0.009813573082471836,-0.0095529267564415,0.0002606463260303362
13,retail,underwaterxfx_level_z_252,-0.015096930601358596,-0.0156615450978279,0.0005646144964693046
13,retail,kospi_return_1d,0.03404647799596403,0.0316699370741844,0.002376540921779635
13,retail,fx_level_z_252,0.04417442257676999,0.0453842021524906,0.0012097795757206112
14,foreign,momentum,0.03805592832576098,0.0381174869835376,6.155865777661418e-05
14,foreign,persist,0.08453304500715081,0.0845628231763839,2.9778169233093954e-05
14,foreign,underwater,0.008830313305943324,0.0087202508002519,0.00011006250569142381
14,foreign,momentumxkospi_return_1d,-0.005287648741481453,-0.0052353623323142,5.228640916725338e-05
14,foreign,momentumxfx_level_z_252,-0.0,1.9814175175270066e-05,1.9814175175270066e-05
14,foreign,persistxkospi_return_1d,0.0027737924207814897,0.0027051833458244,6.860907495708987e-05
14,foreign,persistxfx_level_z_252,0.0,0.0009841058636084,0.0009841058636084
14,foreign,underwaterxkospi_return_1d,-0.0018247212270956538,-0.001837438554503,1.2717327407346223e-05
14,foreign,underwaterxfx_level_z_252,-0.003033284446753023,-0.002962048863992,7.123558276102282e-05
14,foreign,kospi_return_1d,0.0015013655648146477,0.001501060090959,3.054738556477858e-07
14,foreign,fx_level_z_252,-0.018445218427590383,-0.0185649488121271,0.00011973038453671689
14,institution,momentum,-0.0,6.119467434473336e-05,6.119467434473336e-05
14,institution,persist,0.022481497819784056,0.0226437803357839,0.00016228251599984325
14,institution,underwater,-0.0,-0.0002984486054629,0.0002984486054629
14,institution,momentumxkospi_return_1d,-0.0029351979701157005,-0.0028806456830352,5.455228708050068e-05
14,institution,momentumxfx_level_z_252,0.0013802754371717032,0.0013753290986642,4.946338507503091e-06
14,institution,persistxkospi_return_1d,-0.0,-0.0003052287211176,0.0003052287211176
14,institution,persistxfx_level_z_252,-0.0008208886493688525,-0.0008061802363954,1.4708412973452522e-05
14,institution,underwaterxkospi_return_1d,0.006201355110561296,0.0059814671985805,0.00021988791198079578
14,institution,underwaterxfx_level_z_252,-0.0,9.045075785252266e-06,9.045075785252266e-06
14,institution,kospi_return_1d,-0.01520091088334602,-0.0152879282832145,8.701739986848034e-05
14,institution,fx_level_z_252,-0.003120397465824404,-0.0031637984793633,4.3401013538896336e-05
14,retail,momentum,-0.026137364211001685,-0.0265530534088611,0.0004156891978594167
14,retail,persist,0.10402639941894232,0.1002959981560707,0.0037304012628716215
14,retail,underwater,0.021311748814826375,0.0231690499931573,0.0018573011783309251
14,retail,momentumxkospi_return_1d,0.0006346859726898468,0.0023117309901863,0.001677045017496453
14,retail,momentumxfx_level_z_252,-0.0,3.0654482543468475e-05,3.0654482543468475e-05
14,retail,persistxkospi_return_1d,0.0,0.000105315062683,0.000105315062683
14,retail,persistxfx_level_z_252,-0.0,-0.0020855583716183,0.0020855583716183
14,retail,underwaterxkospi_return_1d,-0.0014439591416060325,-0.0009487003553658,0.0004952587862402326
14,retail,underwaterxfx_level_z_252,-0.01588011639592513,-0.0162724442780017,0.0003923278820765694
14,retail,kospi_return_1d,0.029455665754093904,0.0282335430383682,0.0012221227157257035
14,retail,fx_level_z_252,0.03282048201146024,0.0352915897965431,0.00247110778508286
15,foreign,momentum,0.04510548083714754,0.0451358407735824,3.0359936434860846e-05
15,foreign,persist,0.0812945812746071,0.0812802910804748,1.4290194132307588e-05
15,foreign,underwater,0.013460128794451433,0.0139050902798771,0.00044496148542566734
15,foreign,momentumxkospi_return_1d,-0.007593028246678055,-0.0075463447719812,4.668347469685436e-05
15,foreign,momentumxfx_level_z_252,-0.0008927582834086497,-0.0009767897427082,8.403145929955036e-05
15,foreign,persistxkospi_return_1d,0.0011795794220083482,0.0011533237993717,2.625562263664817e-05
15,foreign,persistxfx_level_z_252,-0.0033924308174467462,-0.0034777172841131,8.528646666635395e-05
15,foreign,underwaterxkospi_return_1d,-0.0017747455096335952,-0.0022408850491046,0.0004661395394710047
15,foreign,underwaterxfx_level_z_252,-0.0009846475641501933,-0.0006306902505457,0.0003539573136044933
15,foreign,kospi_return_1d,0.0004636665167993616,0.0006282086251303,0.00016454210833093835
15,foreign,fx_level_z_252,-0.028249169298331954,-0.0281825382262468,6.663107208515484e-05
15,institution,momentum,0.0,-1.7940627003554255e-05,1.7940627003554255e-05
15,institution,persist,0.025278504605508286,0.0245578754693269,0.000720629136181386
15,institution,underwater,-0.0,-6.927725917194039e-05,6.927725917194039e-05
15,institution,momentumxkospi_return_1d,-0.002586721828363733,-0.0025293428916484,5.737893671533276e-05
15,institution,momentumxfx_level_z_252,0.0,8.76291305758059e-05,8.76291305758059e-05
15,institution,persistxkospi_return_1d,-0.001052563434543801,-0.0010406104847788,1.195294976500099e-05
15,institution,persistxfx_level_z_252,-0.0013311675783845784,-0.0012742843246087,5.688325377587833e-05
15,institution,underwaterxkospi_return_1d,0.0043252223421669485,0.0042114495299756,0.00011377281219134873
15,institution,underwaterxfx_level_z_252,0.0005614184509007387,0.0005891724140383,2.7753963137561286e-05
15,institution,kospi_return_1d,-0.015270143672770386,-0.0149280652403831,0.00034207843238728657
15,institution,fx_level_z_252,-0.0001745808544429525,-0.0002189255901612,4.434473571824748e-05
15,retail,momentum,-0.029738447625666874,-0.0304283257573843,0.0006898781317174266
15,retail,persist,0.09698555709961908,0.095133788883686,0.0018517682159330806
15,retail,underwater,0.025108855709781844,0.0256553366780281,0.000546480968246256
15,retail,momentumxkospi_return_1d,0.004784125336816605,0.0041536409407854,0.000630484396031205
15,retail,momentumxfx_level_z_252,-0.0,-2.2936270397622135e-05,2.2936270397622135e-05
15,retail,persistxkospi_return_1d,-0.0,-0.0007125803385861,0.0007125803385861
15,retail,persistxfx_level_z_252,0.0,0.0003836018731817,0.0003836018731817
15,retail,underwaterxkospi_return_1d,-0.0012705453810036103,-0.0023986857850104,0.0011281404040067895
15,retail,underwaterxfx_level_z_252,-0.032239349741673376,-0.0314587727189064,0.0007805770227669734
15,retail,kospi_return_1d,0.02840451038541088,0.0266557876020669,0.0017487227833439811
15,retail,fx_level_z_252,0.03575181956411833,0.0370244346559047,0.001272615091786368
16,foreign,momentum,0.0469665591029219,0.0470633842051029,9.682510218100154e-05
16,foreign,persist,0.08166520996996667,0.0816237553954124,4.14545745542616e-05
16,foreign,underwater,0.012419197071081403,0.0123112797737121,0.00010791729736930357
16,foreign,momentumxkospi_return_1d,0.0008142208784344247,0.0009806150337681,0.00016639415533367533
16,foreign,momentumxfx_level_z_252,-0.0011827965067755018,-0.0013600839301943,0.00017728742341879822
16,foreign,persistxkospi_return_1d,-0.0,-1.4681692846352234e-05,1.4681692846352234e-05
16,foreign,persistxfx_level_z_252,0.0,0.0002561291330493,0.0002561291330493
16,foreign,underwaterxkospi_return_1d,0.0007799713571613806,0.0007081759395077,7.179541765368067e-05
16,foreign,underwaterxfx_level_z_252,-0.008965900002133551,-0.0088017797097563,0.00016412029237725112
16,foreign,kospi_return_1d,0.005443111537772361,0.0055174776352941,7.436609752173914e-05
16,foreign,fx_level_z_252,-0.025688670433214097,-0.0255792047828435,0.00010946565037059722
16,institution,momentum,-0.004609271308833143,-0.0045150509104132,9.422039841994276e-05
16,institution,persist,0.02023449963587675,0.0206607542932033,0.00042625465732654827
16,institution,underwater,-0.0014390577393148202,-0.0013338731369003,0.0001051846024145201
16,institution,momentumxkospi_return_1d,-0.0016481326140941248,-0.0016818157164379,3.368310234377523e-05
16,institution,momentumxfx_level_z_252,0.0,-7.55610890337266e-05,7.55610890337266e-05
16,institution,persistxkospi_return_1d,-0.0068706201738945715,-0.0068999482318758,2.9328057981228665e-05
16,institution,persistxfx_level_z_252,-0.0009402973981077733,-0.0010607668664306,0.00012046946832282681
16,institution,underwaterxkospi_return_1d,0.004280640324453639,0.0043256776407361,4.503731628246067e-05
16,institution,underwaterxfx_level_z_252,0.0013877994915588883,0.0013819279847666,5.8715067922882145e-06
16,institution,kospi_return_1d,-0.011564832269560043,-0.0117133548483252,0.00014852257876515722
16,institution,fx_level_z_252,-0.0015636810912678847,-0.0015637433389201,6.224765221525021e-08
16,retail,momentum,-0.027075400391936774,-0.0277333650738,0.0006579646818632261
16,retail,persist,0.09885109931419793,0.0952077358961105,0.0036433634180874225
16,retail,underwater,0.0235975902345233,0.0251174196600914,0.0015198294255680984
16,retail,momentumxkospi_return_1d,-0.005333410972145953,-0.0051746708340942,0.00015874013805175329
16,retail,momentumxfx_level_z_252,-0.0,-0.0004862654022872,0.0004862654022872
16,retail,persistxkospi_return_1d,-0.018771512236913594,-0.0179380849003791,0.0008334273365344924
16,retail,persistxfx_level_z_252,0.009811549702617805,0.0094909602776169,0.0003205894250009056
16,retail,underwaterxkospi_return_1d,-0.00045378752077022836,-0.001585882040672,0.0011320945199017717
16,retail,underwaterxfx_level_z_252,-0.03026670846302579,-0.0294736437499523,0.0007930647130734922
16,retail,kospi_return_1d,0.019045376585760682,0.0172754079103469,0.0017699686754137807
16,retail,fx_level_z_252,0.02599737573087973,0.0260973833501338,0.00010000761925406734
17,foreign,momentum,0.041884545589012424,0.0409676320850849,0.0009169135039275231
17,foreign,persist,0.07958936073840767,0.0805787816643714,0.000989420925963727
17,foreign,underwater,0.016723217550268035,0.016780162230134,5.694467986596535e-05
17,foreign,momentumxkospi_return_1d,-0.006500592934981617,-0.0093650817871093,0.0028644888521276836
17,foreign,momentumxfx_level_z_252,-0.0,-0.0033477765973657,0.0033477765973657
17,foreign,persistxkospi_return_1d,-0.006130395034501698,-0.0071956124156713,0.0010652173811696022
17,foreign,persistxfx_level_z_252,0.0,0.0008071312331594,0.0008071312331594
17,foreign,underwaterxkospi_return_1d,-0.00041132062243663897,-9.12664836505428e-05,0.0003200541387860962
17,foreign,underwaterxfx_level_z_252,-0.012161022173241423,-0.0043387599289417,0.007822262244299723
17,foreign,kospi_return_1d,0.007797269459094329,0.0136131634935736,0.00581589403447927
17,foreign,fx_level_z_252,-0.008576523257051862,-0.0108719747513532,0.002295451494301338
17,institution,momentum,-0.0,5.3859217587159947e-05,5.3859217587159947e-05
17,institution,persist,0.02541150641100368,0.0247403513640165,0.0006711550469871777
17,institution,underwater,-0.0,-0.0001917304034577,0.0001917304034577
17,institution,momentumxkospi_return_1d,-0.0013982348463764842,-0.0012794937938451,0.0001187410525313843
17,institution,momentumxfx_level_z_252,0.0,6.332567863864824e-05,6.332567863864824e-05
17,institution,persistxkospi_return_1d,-0.0007083435685008172,-0.0006657246267423,4.2618941758517217e-05
17,institution,persistxfx_level_z_252,-0.0,-0.0001440747582819,0.0001440747582819
17,institution,underwaterxkospi_return_1d,0.004988694921275467,0.0049644745886325,2.4220332642966268e-05
17,institution,underwaterxfx_level_z_252,0.002905105049053888,0.0029703967738896,6.529172483571216e-05
17,institution,kospi_return_1d,-0.018168769932838905,-0.0176526550203561,0.0005161149124828061
17,institution,fx_level_z_252,-0.007607961207678733,-0.0077518317848443,0.000143870577165567
17,retail,momentum,-0.029022442071209437,-0.0281230881810188,0.000899353890190635
17,retail,persist,0.11612602690335741,0.115571804344654,0.00055422255870341
17,retail,underwater,0.006796296749084799,0.0071155778132379,0.0003192810641531015
17,retail,momentumxkospi_return_1d,0.0,4.2445310100447387e-05,4.2445310100447387e-05
17,retail,momentumxfx_level_z_252,-0.0,0.000569958356209,0.000569958356209
17,retail,persistxkospi_return_1d,-0.023809533028462712,-0.0230452474206686,0.0007642856077941136
17,retail,persistxfx_level_z_252,-0.006703411511734346,-0.0068055386655032,0.00010212715376885402
17,retail,underwaterxkospi_return_1d,-0.0,-9.972062252927572e-05,9.972062252927572e-05
17,retail,underwaterxfx_level_z_252,-0.019201074160980606,-0.0203460566699504,0.0011449825089697926
17,retail,kospi_return_1d,0.03381670429932528,0.0324670448899269,0.0013496594093983794
17,retail,fx_level_z_252,0.020911081152120817,0.0206836108118295,0.0002274703402913164
18,foreign,momentum,0.04147672680016165,0.0415406860411167,6.39592409550499e-05
18,foreign,persist,0.08862168553461423,0.0886497646570205,2.8079122406265977e-05
18,foreign,underwater,0.019992178284472376,0.0201529748737812,0.0001607965893088252
18,foreign,momentumxkospi_return_1d,-0.009400608913442127,-0.0095739960670471,0.00017338715360497303
18,foreign,momentumxfx_level_z_252,-0.000868986873234773,-0.000777881941758,9.110493147677294e-05
18,foreign,persistxkospi_return_1d,-0.005503262377993562,-0.0056556710042059,0.00015240862621233777
18,foreign,persistxfx_level_z_252,-0.0,-0.0003109017270617,0.0003109017270617
18,foreign,underwaterxkospi_return_1d,-0.0002703757374550298,-0.0005928396712988,0.0003224639338437702
18,foreign,underwaterxfx_level_z_252,-0.017947537786558918,-0.017872305586934,7.523219962491876e-05
18,foreign,kospi_return_1d,0.0,0.0001588481245562,0.0001588481245562
18,foreign,fx_level_z_252,-0.018221659627289596,-0.0182062238454818,1.5435781807796728e-05
18,institution,momentum,-0.0,-2.322995715076104e-05,2.322995715076104e-05
18,institution,persist,0.021012418495181023,0.0214151032269001,0.00040268473171907807
18,institution,underwater,-0.0,-0.000101490644738,0.000101490644738
18,institution,momentumxkospi_return_1d,-0.0009457463648147157,-0.0010034249862655,5.7678621450784305e-05
18,institution,momentumxfx_level_z_252,0.0006641207332872372,0.0005968910991214,6.722963416583717e-05
18,institution,persistxkospi_return_1d,-0.000946637499574238,-0.0009779658867046,3.132838713036201e-05
18,institution,persistxfx_level_z_252,-0.0,7.622278644703329e-06,7.622278644703329e-06
18,institution,underwaterxkospi_return_1d,0.004125360707509974,0.0040790787898004,4.628191770957371e-05
18,institution,underwaterxfx_level_z_252,0.002718068987572674,0.0026237166021019,9.435238547077403e-05
18,institution,kospi_return_1d,-0.016208148664671698,-0.0164923202246427,0.0002841715599710033
18,institution,fx_level_z_252,-0.005258857048561578,-0.0052757305093109,1.687346074932209e-05
18,retail,momentum,-0.0290357378483345,-0.0293813738971948,0.0003456360488603011
18,retail,persist,0.11585238945242778,0.1124614253640174,0.0033909640884103726
18,retail,underwater,0.013107592705588996,0.0148074217140674,0.0016998290084784037
18,retail,momentumxkospi_return_1d,0.0018736300860112398,0.0013194172643125,0.0005542128216987398
18,retail,momentumxfx_level_z_252,-0.0,-0.001104466500692,0.001104466500692
18,retail,persistxkospi_return_1d,-0.02094849045586132,-0.0191528182476758,0.0017956722081855225
18,retail,persistxfx_level_z_252,-0.0034121723475871264,-0.0032575693912804,0.0001546029563067263
18,retail,underwaterxkospi_return_1d,-0.0,-0.0002869958698283,0.0002869958698283
18,retail,underwaterxfx_level_z_252,-0.02602109440899178,-0.0278057157993316,0.0017846213903398196
18,retail,kospi_return_1d,0.03990943166325693,0.0373534858226776,0.0025559458405793323
18,retail,fx_level_z_252,0.027910164890340722,0.0283894930034875,0.00047932811314677776
19,foreign,momentum,0.036918383282151156,0.0369809605181217,6.257723597054288e-05
19,foreign,persist,0.08233632425610964,0.0824417248368263,0.00010540058071666081
19,foreign,underwater,0.01117764954919732,0.0113668655976653,0.00018921604846798036
19,foreign,momentumxkospi_return_1d,-0.008875215417116729,-0.0089638587087392,8.864329162247032e-05
19,foreign,momentumxfx_level_z_252,-0.0024084241564152945,-0.0023583667352795,5.005742113579469e-05
19,foreign,persistxkospi_return_1d,-0.002377668316813443,-0.0022464506328105,0.00013121768400294314
19,foreign,persistxfx_level_z_252,0.0,0.0003604833327699,0.0003604833327699
19,foreign,underwaterxkospi_return_1d,-0.0018421279378501298,-0.0021632020361721,0.0003210740983219701
19,foreign,underwaterxfx_level_z_252,-0.0009484324239728666,-0.0010064800735563,5.8047649583433465e-05
19,foreign,kospi_return_1d,0.006098141302842976,0.0063309497199952,0.00023280841715222437
19,foreign,fx_level_z_252,-0.02003960222520419,-0.0200468860566616,7.283831457410156e-06
19,institution,momentum,0.0,3.637145346147008e-05,3.637145346147008e-05
19,institution,persist,0.025847555618505623,0.0249904301017522,0.0008571255167534216
19,institution,underwater,0.0,5.914333451073617e-05,5.914333451073617e-05
19,institution,momentumxkospi_return_1d,-0.0018059245339499192,-0.0018010969506576,4.827583292319176e-06
19,institution,momentumxfx_level_z_252,0.0,0.000286603171844,0.000286603171844
19,institution,persistxkospi_return_1d,-0.0005134983402959683,-0.0004221071721985,9.139116809746831e-05
19,institution,persistxfx_level_z_252,-0.0006095910769918447,-0.0004972232272848,0.00011236784970704468
19,institution,underwaterxkospi_return_1d,0.0013212327680827177,0.0014110236661508,8.979089806808232e-05
19,institution,underwaterxfx_level_z_252,0.0,0.0002914796641562,0.0002914796641562
19,institution,kospi_return_1d,-0.017119046548257376,-0.016753826290369,0.00036522025788837675
19,institution,fx_level_z_252,-0.005262188907056215,-0.0052815647795796,1.9375872523385435e-05
19,retail,momentum,-0.028493364395672464,-0.0284370593726634,5.6305023009062954e-05
19,retail,persist,0.12501402475222378,0.1214171424508094,0.003596882301414389
19,retail,underwater,0.017039933389556557,0.0180220231413841,0.0009820897518275432
19,retail,momentumxkospi_return_1d,0.003618636899262121,0.0035471159499138,7.152094934832114e-05
19,retail,momentumxfx_level_z_252,-0.00023186389598778075,-0.0014476215001195,0.001215757604131719
19,retail,persistxkospi_return_1d,-0.009264235817806492,-0.0081759579479694,0.0010882778698370916
19,retail,persistxfx_level_z_252,-0.0,-0.001045390497893,0.001045390497893
19,retail,underwaterxkospi_return_1d,0.0,-0.0006562188500538,0.0006562188500538
19,retail,underwaterxfx_level_z_252,-0.02899198159406599,-0.0317174345254898,0.0027254529314238093
19,retail,kospi_return_1d,0.03402455830439044,0.0326418168842792,0.0013827414201112373
19,retail,fx_level_z_252,0.029334492838128497,0.0289360266178846,0.00039846622024389614
20,foreign,momentum,0.024405474170986156,0.0241871830075979,0.00021829116338825671
20,foreign,persist,0.07674777464271568,0.0765221640467643,0.00022561059595137267
20,foreign,underwater,0.011466036108611185,0.0117138065397739,0.0002477704311627145
20,foreign,momentumxkospi_return_1d,-0.013525306237315158,-0.0134579539299011,6.735230741405744e-05
20,foreign,momentumxfx_level_z_252,0.0,0.00040192346205,0.00040192346205
20,foreign,persistxkospi_return_1d,-0.0,0.0001761656021699,0.0001761656021699
20,foreign,persistxfx_level_z_252,0.0012826379948747964,0.0009949275990948,0.0002877103957799963
20,foreign,underwaterxkospi_return_1d,-0.0,0.0002141072181984,0.0002141072181984
20,foreign,underwaterxfx_level_z_252,-0.00404954520018404,-0.0039372784085571,0.00011226679162693997
20,foreign,kospi_return_1d,0.0068059872599734676,0.0064221327193081,0.0003838545406653678
20,foreign,fx_level_z_252,-0.03423484441106201,-0.0340655818581581,0.0001692625529039135
20,institution,momentum,-0.0,2.2376443666871637e-06,2.2376443666871637e-06
20,institution,persist,0.027192654380166992,0.0259407646954059,0.0012518896847610907
20,institution,underwater,-0.0,1.7871076124720275e-05,1.7871076124720275e-05
20,institution,momentumxkospi_return_1d,0.0017332828225035248,0.0017715153517201,3.8232529216575316e-05
20,institution,momentumxfx_level_z_252,0.0,0.000161338597536,0.000161338597536
20,institution,persistxkospi_return_1d,-0.0015295743508969058,-0.0014673618134111,6.221253748580594e-05
20,institution,persistxfx_level_z_252,0.0,0.0001378083252348,0.0001378083252348
20,institution,underwaterxkospi_return_1d,0.0018242860894806508,0.0018145886715501,9.697417930550761e-06
20,institution,underwaterxfx_level_z_252,0.00044142342803228104,0.0005182459717616,7.682254372931894e-05
20,institution,kospi_return_1d,-0.020464075237945804,-0.0196823701262474,0.0007817051116984046
20,institution,fx_level_z_252,-0.0054682487722575055,-0.0054285638034343,3.968496882320559e-05
20,retail,momentum,-0.016882326394954232,-0.0176395885646343,0.0007572621696800667
20,retail,persist,0.11794168838065071,0.1166920885443687,0.001249599836282006
20,retail,underwater,-0.0,0.0002180132578359,0.0002180132578359
20,retail,momentumxkospi_return_1d,-0.0,6.446589395636693e-07,6.446589395636693e-07
20,retail,momentumxfx_level_z_252,-0.0006270317137926342,-0.0024620352778583,0.0018350035640656661
20,retail,persistxkospi_return_1d,-0.005187007665642356,-0.0050769941881299,0.00011001347751245574
20,retail,persistxfx_level_z_252,-0.0,-0.0013276465469971,0.0013276465469971
20,retail,underwaterxkospi_return_1d,-0.0014530550372137793,-0.0017110429471358,0.00025798790992202065
20,retail,underwaterxfx_level_z_252,-0.013315682866319699,-0.0154408402740955,0.0021251574077758018
20,retail,kospi_return_1d,0.034911857838554966,0.0329719111323356,0.0019399467062193657
20,retail,fx_level_z_252,0.04797183192459921,0.0467701405286788,0.0012016913959204123
21,foreign,momentum,0.04024991341903138,0.0402474850416183,2.4283774130787195e-06
21,foreign,persist,0.08490900436856111,0.0848659053444862,4.3099024074913506e-05
21,foreign,underwater,0.012393766805937872,0.0124715324491262,7.776564318832772e-05
21,foreign,momentumxkospi_return_1d,-0.01007021531226057,-0.0100108552724123,5.936003984827014e-05
21,foreign,momentumxfx_level_z_252,-0.003207079964885735,-0.0030879515688866,0.00011912839599913499
21,foreign,persistxkospi_return_1d,-0.0,-0.0002973078517243,0.0002973078517243
21,foreign,persistxfx_level_z_252,0.002928876340446742,0.0028092633001506,0.00011961304029614204
21,foreign,underwaterxkospi_return_1d,-0.0036634511744700724,-0.0038116148207336,0.0001481636462635277
21,foreign,underwaterxfx_level_z_252,-0.009596219817130158,-0.0098093943670392,0.00021317454990904192
21,foreign,kospi_return_1d,0.007364846178613862,0.0075288997031748,0.00016405352456093803
21,foreign,fx_level_z_252,-0.01602833090570359,-0.0162209477275609,0.000192616821857311
21,institution,momentum,-0.0,3.6630888644140214e-05,3.6630888644140214e-05
21,institution,persist,0.025431598633481874,0.0247635245323181,0.0006680741011637729
21,institution,underwater,-0.0,-0.0001640806876821,0.0001640806876821
21,institution,momentumxkospi_return_1d,-0.0018263768537105892,-0.0017248943913727,0.00010148246233788929
21,institution,momentumxfx_level_z_252,0.0,5.3160591050982475e-05,5.3160591050982475e-05
21,institution,persistxkospi_return_1d,-0.0012910729227918283,-0.0012428077170625,4.826520572932835e-05
21,institution,persistxfx_level_z_252,-0.001035672057382149,-0.0009566864464432,7.898561093894901e-05
21,institution,underwaterxkospi_return_1d,0.006585252721920014,0.0064708343707025,0.00011441835121751408
21,institution,underwaterxfx_level_z_252,0.0,5.519003025256097e-06,5.519003025256097e-06
21,institution,kospi_return_1d,-0.01846389732862632,-0.0180293880403041,0.00043450928832221986
21,institution,fx_level_z_252,-0.008824836339806092,-0.0087129296734929,0.00011190666631319228
21,retail,momentum,-0.02680315067727872,-0.027877377346158,0.0010742266688792794
21,retail,persist,0.11779918498785114,0.1132822707295417,0.00451691425830944
21,retail,underwater,0.02088474870052206,0.0224836356937885,0.001598886993266442
21,retail,momentumxkospi_return_1d,0.0009725265569726905,0.0014613959938287,0.0004888694368560094
21,retail,momentumxfx_level_z_252,-0.0,-7.204717257991433e-05,7.204717257991433e-05
21,retail,persistxkospi_return_1d,-0.012274997600516995,-0.0118193132802844,0.00045568432023259525
21,retail,persistxfx_level_z_252,-0.0027174935499475455,-0.0022130324505269,0.0005044610994206456
21,retail,underwaterxkospi_return_1d,0.0,6.66150008328259e-05,6.66150008328259e-05
21,retail,underwaterxfx_level_z_252,-0.02425103032706807,-0.0246208366006612,0.0003698062735931311
21,retail,kospi_return_1d,0.033437995244885034,0.0342478156089782,0.0008098203640931681
21,retail,fx_level_z_252,0.0355956885712274,0.0350172482430934,0.0005784403281339986
22,foreign,momentum,0.0433935407547426,0.0434248484671115,3.130771236889429e-05
22,foreign,persist,0.0823639181414629,0.0824449956417083,8.10775002453995e-05
22,foreign,underwater,0.015188419154247908,0.0152768678963184,8.844874207049151e-05
22,foreign,momentumxkospi_return_1d,-0.012442340782035852,-0.0121405376121401,0.0003018031698957518
22,foreign,momentumxfx_level_z_252,-0.006781240356401957,-0.0065983654931187,0.00018287486328325692
22,foreign,persistxkospi_return_1d,-0.000912870101051386,-0.0003595085872802,0.000553361513771186
22,foreign,persistxfx_level_z_252,0.0,-8.626958151580766e-05,8.626958151580766e-05
22,foreign,underwaterxkospi_return_1d,-0.0033617000780196485,-0.0040716999210417,0.0007099998430220517
22,foreign,underwaterxfx_level_z_252,-0.005872196313240435,-0.0056609353050589,0.00021126100818153522
22,foreign,kospi_return_1d,0.005923385879482533,0.0059158043004572,7.5815790253324494e-06
22,foreign,fx_level_z_252,-0.0232477474912562,-0.0232641622424125,1.6414751156299673e-05
22,institution,momentum,-0.0,-4.211103805573657e-05,4.211103805573657e-05
22,institution,persist,0.028112343830848062,0.026212565600872,0.0018997782299760603
22,institution,underwater,-0.0,-3.2998883398249745e-05,3.2998883398249745e-05
22,institution,momentumxkospi_return_1d,-0.0014955966113672694,-0.0013699334813281,0.00012566313003916935
22,institution,momentumxfx_level_z_252,-0.0,1.910724677145481e-06,1.910724677145481e-06
22,institution,persistxkospi_return_1d,-0.0023574188377530622,-0.0022511547431349,0.00010626409461816227
22,institution,persistxfx_level_z_252,-0.002309874318363088,-0.0021979571320116,0.00011191718635148807
22,institution,underwaterxkospi_return_1d,0.004277351472671369,0.004227234981954,5.011649071736887e-05
22,institution,underwaterxfx_level_z_252,0.001765876890733978,0.001892342348583,0.0001264654578490218
22,institution,kospi_return_1d,-0.018296575804014257,-0.0173335708677768,0.0009630049362374556
22,institution,fx_level_z_252,-0.005691329102652036,-0.005947524216026,0.0002561951133739637
22,retail,momentum,-0.030938065989444527,-0.031132174655795,0.0001941086663504732
22,retail,persist,0.11248420841857543,0.1086086183786392,0.003875590039936233
22,retail,underwater,0.017777870046676615,0.0176946055144071,8.326453226951622e-05
22,retail,momentumxkospi_return_1d,0.004382425059410157,0.0044438289478421,6.140388843194327e-05
22,retail,momentumxfx_level_z_252,0.0,-0.0004350952222011,0.0004350952222011
22,retail,persistxkospi_return_1d,-0.014476483844322062,-0.013898130506277,0.0005783533380450626
22,retail,persistxfx_level_z_252,-0.004251224352184536,-0.004426980856806,0.00017575650462146354
22,retail,underwaterxkospi_return_1d,-0.0,-0.0001925246615428,0.0001925246615428
22,retail,underwaterxfx_level_z_252,-0.032849169742144926,-0.0341608971357345,0.0013117273935895762
22,retail,kospi_return_1d,0.033860465537736646,0.0310726091265678,0.0027878564111688472
22,retail,fx_level_z_252,0.035755351472938984,0.0356162004172802,0.00013915105565878716
23,foreign,momentum,0.04481344693180783,0.0448614656925201,4.801876071226785e-05
23,foreign,persist,0.08323412774699998,0.0832959562540054,6.182850700542364e-05
23,foreign,underwater,0.012244244760524466,0.012063461355865,0.000180783404659466
23,foreign,momentumxkospi_return_1d,0.0,-0.0005434856866486,0.0005434856866486
23,foreign,momentumxfx_level_z_252,-0.0066668819619578445,-0.0065380474552512,0.00012883450670664407
23,foreign,persistxkospi_return_1d,-0.0056440223911916965,-0.0056892777793109,4.5255388119203564e-05
23,foreign,persistxfx_level_z_252,0.004786987736307896,0.004922030493617,0.0001350427573091036
23,foreign,underwaterxkospi_return_1d,0.0,0.0004186084261164,0.0004186084261164
23,foreign,underwaterxfx_level_z_252,-0.012599313862274133,-0.0124620022252202,0.00013731163705393325
23,foreign,kospi_return_1d,0.009753508278701013,0.0098031321540474,4.9623875346387764e-05
23,foreign,fx_level_z_252,-0.019388203578193545,-0.0193898975849151,1.6940067215538701e-06
23,institution,momentum,-0.0053357895126034645,-0.0053733810782432,3.7591565639735584e-05
23,institution,persist,0.022321831240600012,0.02243073284626,0.00010890160565998896
23,institution,underwater,-0.0,-0.0002658441080711,0.0002658441080711
23,institution,momentumxkospi_return_1d,-0.0004159378362534332,-0.0004231292987242,7.191462470766794e-06
23,institution,momentumxfx_level_z_252,0.0,5.803360545542091e-05,5.803360545542091e-05
23,institution,persistxkospi_return_1d,-0.007538914954298167,-0.0076358849182724,9.69699639742326e-05
23,institution,persistxfx_level_z_252,-0.0016603286698181592,-0.0016519170021638,8.411667654359151e-06
23,institution,underwaterxkospi_return_1d,0.005782286105903725,0.0055833240039646,0.00019896210193912512
23,institution,underwaterxfx_level_z_252,0.003133917451424704,0.0032138573005795,7.993984915479618e-05
23,institution,kospi_return_1d,-0.01359558185855297,-0.0136481774970889,5.259563853592976e-05
23,institution,fx_level_z_252,-0.006629466826289441,-0.0067903315648436,0.00016086473855415895
23,retail,momentum,-0.02804372938229554,-0.0285444241017103,0.0005006947194147598
23,retail,persist,0.11214499357480534,0.1097414195537567,0.0024035740210486406
23,retail,underwater,0.013350983132445392,0.0136249391362071,0.0002739560037617085
23,retail,momentumxkospi_return_1d,-0.007374205127927663,-0.0061114961281418,0.001262708999785863
23,retail,momentumxfx_level_z_252,-0.0,-0.0002468632010277,0.0002468632010277
23,retail,persistxkospi_return_1d,-0.033311547223604014,-0.0341308116912841,0.0008192644676800892
23,retail,persistxfx_level_z_252,0.0,0.0011130939237773,0.0011130939237773
23,retail,underwaterxkospi_return_1d,0.0,-0.001107768039219,0.001107768039219
23,retail,underwaterxfx_level_z_252,-0.02651468302634925,-0.0275137647986412,0.0009990817722919515
23,retail,kospi_return_1d,0.021644840056827864,0.0203444007784128,0.0013004392784150623
23,retail,fx_level_z_252,0.02465337411522072,0.0246737711131572,2.0396997936478894e-05
24,foreign,momentum,0.04205226847133332,0.0511181727051734,0.009065904233840079
24,foreign,persist,0.08404664689002982,0.0924216359853744,0.008374989095344579
24,foreign,underwater,0.017673911837664886,0.0189770720899105,0.0013031602522456144
24,foreign,momentumxkospi_return_1d,-0.009049747798938718,-1.7098584066843614e-05,0.009032649214871874
24,foreign,momentumxfx_level_z_252,0.0,0.00079944555182,0.00079944555182
24,foreign,persistxkospi_return_1d,-0.005938121596241435,-0.010094235651195,0.004156114054953566
24,foreign,persistxfx_level_z_252,-0.0038475518351263594,-0.0016248621977865,0.0022226896373398596
24,foreign,underwaterxkospi_return_1d,-0.0,0.0062229786999523,0.0062229786999523
24,foreign,underwaterxfx_level_z_252,-0.012468771018167006,-0.0180433895438909,0.005574618525723895
24,foreign,kospi_return_1d,0.003621137353209571,0.0036351575981825,1.40202449729291e-05
24,foreign,fx_level_z_252,-0.008663998085854137,-0.0047147260047495,0.003949272081104637
24,institution,momentum,-0.0,-4.929894566885196e-05,4.929894566885196e-05
24,institution,persist,0.02068497713220012,0.0211628340184688,0.00047785688626868217
24,institution,underwater,-0.0,2.238236993434839e-05,2.238236993434839e-05
24,institution,momentumxkospi_return_1d,-0.0005283396740902081,-0.0005770248826593,4.868520856909193e-05
24,institution,momentumxfx_level_z_252,0.0019519345269406005,0.0019213280174881,3.060650945250045e-05
24,institution,persistxkospi_return_1d,-0.0014380642994953029,-0.0014375412138178,5.23085677502956e-07
24,institution,persistxfx_level_z_252,0.0,-4.212885687593371e-05,4.212885687593371e-05
24,institution,underwaterxkospi_return_1d,0.005357073321064292,0.0052638798952102,9.319342585409167e-05
24,institution,underwaterxfx_level_z_252,0.003603996452072264,0.00358228222467,2.1714227402264055e-05
24,institution,kospi_return_1d,-0.01766243234658108,-0.0179759487509727,0.0003135164043916207
24,institution,fx_level_z_252,-0.0029704417468332024,-0.0029676056001335,2.8361466997022834e-06
24,retail,momentum,-0.03873476302355242,-0.0396891273558139,0.0009543643322614745
24,retail,persist,0.10359633607679591,0.1017919853329658,0.0018043507438301187
24,retail,underwater,0.004268875793288675,0.0051975818350911,0.0009287060418024249
24,retail,momentumxkospi_return_1d,0.0,-0.0007929921266622,0.0007929921266622
24,retail,momentumxfx_level_z_252,0.0,0.0001833867572713,0.0001833867572713
24,retail,persistxkospi_return_1d,-0.025130809822022787,-0.0255907587707042,0.0004599489486814129
24,retail,persistxfx_level_z_252,0.0,0.0003298061783425,0.0003298061783425
24,retail,underwaterxkospi_return_1d,-0.0010131336921649684,-0.0010334148537367,2.0281161571731503e-05
24,retail,underwaterxfx_level_z_252,-0.017342030133164713,-0.0167541652917861,0.0005878648413786131
24,retail,kospi_return_1d,0.03698979908411061,0.0359604656696319,0.0010293334144787086
24,retail,fx_level_z_252,0.01617317776855602,0.0171133875846862,0.0009402098161301782
25,foreign,momentum,0.03776196630451254,0.0375846214592456,0.00017734484526694266
25,foreign,persist,0.07940882676586054,0.0792697817087173,0.0001390450571432389
25,foreign,underwater,0.0130082483228772,0.0130962384864687,8.799016359149932e-05
25,foreign,momentumxkospi_return_1d,-0.00873077246192885,-0.0086330128833651,9.775957856375007e-05
25,foreign,momentumxfx_level_z_252,-0.0,-0.0002151183434762,0.0002151183434762
25,foreign,persistxkospi_return_1d,-0.0013431830633067127,-0.0014114594087004,6.827634539368732e-05
25,foreign,persistxfx_level_z_252,-0.002549020519846863,-0.0020774789154529,0.00047154160439396306
25,foreign,underwaterxkospi_return_1d,-0.000525589441936283,-0.0007734963437542,0.000247906901817917
25,foreign,underwaterxfx_level_z_252,0.0,7.711118087172508e-06,7.711118087172508e-06
25,foreign,kospi_return_1d,0.010549782312779999,0.0101630333811044,0.0003867489316755988
25,foreign,fx_level_z_252,-0.011384215274631689,-0.0109962224960327,0.0003879927785989893
25,institution,momentum,0.0,7.208280294435099e-06,7.208280294435099e-06
25,institution,persist,0.02475715057809,0.0244132075458765,0.00034394303221350203
25,institution,underwater,0.0,-6.358930841088295e-05,6.358930841088295e-05
25,institution,momentumxkospi_return_1d,-0.001534895442859203,-0.0014398177154362,9.507772742300296e-05
25,institution,momentumxfx_level_z_252,0.001473122114892786,0.0014742797939106,1.1576790178140922e-06
25,institution,persistxkospi_return_1d,-0.00011853661385073196,-0.0001042010699165,1.4335543934231956e-05
25,institution,persistxfx_level_z_252,-0.0,-0.0001264197198906,0.0001264197198906
25,institution,underwaterxkospi_return_1d,0.0034515013245157507,0.0033479891717433,0.00010351215277245055
25,institution,underwaterxfx_level_z_252,0.0010160683925190686,0.0009745381539687,4.1530238550368604e-05
25,institution,kospi_return_1d,-0.018612280091502287,-0.0183822456747293,0.00023003441677298814
25,institution,fx_level_z_252,-0.004277307661401277,-0.0042129522189497,6.435544245157656e-05
25,retail,momentum,-0.03398320936494755,-0.0348960421979427,0.0009128328329951474
25,retail,persist,0.11596938613863769,0.1132832765579223,0.0026861095807153984
25,retail,underwater,0.010888581657063495,0.0098397014662623,0.0010488801908011946
25,retail,momentumxkospi_return_1d,0.0013053680029301508,0.0011121160350739,0.00019325196785625084
25,retail,momentumxfx_level_z_252,-0.0,-0.0015129324747249,0.0015129324747249
25,retail,persistxkospi_return_1d,-0.014435010625292465,-0.0151856271550059,0.0007506165297134354
25,retail,persistxfx_level_z_252,0.00080204432880991,0.0002432850451441,0.00055875928366581
25,retail,underwaterxkospi_return_1d,-0.0,-0.0002294817968504,0.0002294817968504
25,retail,underwaterxfx_level_z_252,-0.021462960643102415,-0.0237969011068344,0.0023339404637319865
25,retail,kospi_return_1d,0.03436873208350026,0.0335829891264438,0.0007857429570564609
25,retail,fx_level_z_252,0.02129893620435935,0.0217078439891338,0.0004089077847744503
26,foreign,momentum,0.026874681012884954,0.0271316524595022,0.00025697144661724486
26,foreign,persist,0.07529487749382528,0.0757089331746101,0.0004140556807848139
26,foreign,underwater,0.010245850909165573,0.0101479226723313,9.792823683427328e-05
26,foreign,momentumxkospi_return_1d,-0.014557391981030373,-0.0145575627684593,1.7078742892660814e-07
26,foreign,momentumxfx_level_z_252,0.0022457055700780184,0.0026935457717627,0.00044784020168468167
26,foreign,persistxkospi_return_1d,-0.0,-0.0003071469254791,0.0003071469254791
26,foreign,persistxfx_level_z_252,-0.0,-0.0003125318617094,0.0003125318617094
26,foreign,underwaterxkospi_return_1d,0.0002554020118081142,0.0005661327159032,0.0003107307040950858
26,foreign,underwaterxfx_level_z_252,-0.0002915771415306668,-0.0003433494130149,5.177227148423321e-05
26,foreign,kospi_return_1d,0.011111563683946031,0.0112369237467646,0.00012536006281856776
26,foreign,fx_level_z_252,-0.02467879814227731,-0.0245407633483409,0.00013803479393640836
26,institution,momentum,0.0,-5.720198532799259e-05,5.720198532799259e-05
26,institution,persist,0.02629932064011994,0.0254333168268203,0.00086600381329964
26,institution,underwater,-0.0,7.009106047917157e-05,7.009106047917157e-05
26,institution,momentumxkospi_return_1d,0.0024495633549200787,0.0024132446851581,3.6318669761978544e-05
26,institution,momentumxfx_level_z_252,0.0012779754400980444,0.0012102171313017,6.775830879634441e-05
26,institution,persistxkospi_return_1d,-0.0009779492408264374,-0.0009443160379305,3.363320289593739e-05
26,institution,persistxfx_level_z_252,0.0003632830870426089,0.0003535486175678,9.734469474808921e-06
26,institution,underwaterxkospi_return_1d,0.004777964820226978,0.0046599577181041,0.00011800710212287856
26,institution,underwaterxfx_level_z_252,0.0030021371104112086,0.0030378906521946,3.57535417833915e-05
26,institution,kospi_return_1d,-0.022320974329788915,-0.0216595623642206,0.0006614119655683169
26,institution,fx_level_z_252,-0.0045018806038340485,-0.0044437535107135,5.812709312054843e-05
26,retail,momentum,-0.02260120961577567,-0.0236511789262294,0.00104996931045373
26,retail,persist,0.11071618064973235,0.1092396900057792,0.0014764906439531517
26,retail,underwater,-0.013042727421128383,-0.0091630956158041,0.0038796318053242827
26,retail,momentumxkospi_return_1d,-0.0016925923070119128,-0.0008638324216008,0.0008287598854111128
26,retail,momentumxfx_level_z_252,-0.0005133501637936707,-0.0016004060162231,0.0010870558524294295
26,retail,persistxkospi_return_1d,-0.007971548205248433,-0.0082192458212375,0.0002476976159890669
26,retail,persistxfx_level_z_252,0.0016705400637238577,0.0015480630099773,0.00012247705374655773
26,retail,underwaterxkospi_return_1d,-0.0018710677007088374,-0.0020992564968764,0.0002281887961675627
26,retail,underwaterxfx_level_z_252,-0.0,-0.0023949039168655,0.0023949039168655
26,retail,kospi_return_1d,0.034922724968477245,0.0331805348396301,0.0017421901288471459
26,retail,fx_level_z_252,0.04132864723110879,0.0406570732593536,0.000671573971755185
27,foreign,momentum,0.04048696753541792,0.0404169894754886,6.997805992931677e-05
27,foreign,persist,0.08339063529115298,0.0834779292345047,8.729394335171836e-05
27,foreign,underwater,0.012293313566042399,0.0121447602286934,0.00014855333734899862
27,foreign,momentumxkospi_return_1d,-0.009468924435129764,-0.009670247323811,0.00020132288868123654
27,foreign,momentumxfx_level_z_252,-0.0,-0.0004353796539362,0.0004353796539362
27,foreign,persistxkospi_return_1d,-0.0,7.014750735834241e-07,7.014750735834241e-07
27,foreign,persistxfx_level_z_252,-0.0,-0.0001841093035181,0.0001841093035181
27,foreign,underwaterxkospi_return_1d,-0.0026738704896237305,-0.0023202172014862,0.00035365328813753054
27,foreign,underwaterxfx_level_z_252,-0.007670416326605774,-0.0078749004751443,0.00020448414853852567
27,foreign,kospi_return_1d,0.011226289946910759,0.0114379804581403,0.00021169051122954183
27,foreign,fx_level_z_252,-0.00891125515767964,-0.0088633755221962,4.787963548344085e-05
27,institution,momentum,0.0,-8.282081398647279e-05,8.282081398647279e-05
27,institution,persist,0.024447893660313604,0.0242176763713359,0.0002302172889777042
27,institution,underwater,-0.0,-6.568625394720584e-05,6.568625394720584e-05
27,institution,momentumxkospi_return_1d,-0.0013947317852258344,-0.001328999758698,6.573202652783439e-05
27,institution,momentumxfx_level_z_252,0.0016493881257194983,0.001694627222605,4.523909688550166e-05
27,institution,persistxkospi_return_1d,-0.0008184635186303757,-0.0007259873091243,9.247620950607566e-05
27,institution,persistxfx_level_z_252,-0.0,5.188778231968172e-05,5.188778231968172e-05
27,institution,underwaterxkospi_return_1d,0.007807359989785325,0.0077895345166325,1.782547315282504e-05
27,institution,underwaterxfx_level_z_252,0.0,7.214419019874185e-05,7.214419019874185e-05
27,institution,kospi_return_1d,-0.01996734188628061,-0.0197076480835676,0.00025969380271301246
27,institution,fx_level_z_252,-0.007778188795181128,-0.0078030587173998,2.4869922218672368e-05
27,retail,momentum,-0.03270497668851794,-0.0325502939522266,0.0001546827362913436
27,retail,persist,0.10911373518412563,0.1075165495276451,0.0015971856564805376
27,retail,underwater,0.0143365592563027,0.0163578037172555,0.0020212444609527987
27,retail,momentumxkospi_return_1d,0.0,2.1164945792406797e-05,2.1164945792406797e-05
27,retail,momentumxfx_level_z_252,-0.0,-0.0006835989188402,0.0006835989188402
27,retail,persistxkospi_return_1d,-0.016064122662328116,-0.017380055040121,0.0013159323777928826
27,retail,persistxfx_level_z_252,0.0,0.0002427628933219,0.0002427628933219
27,retail,underwaterxkospi_return_1d,-0.0,0.000268773001153,0.000268773001153
27,retail,underwaterxfx_level_z_252,-0.018687750714823013,-0.0188977979123592,0.00021004719753618672
27,retail,kospi_return_1d,0.03283819449263179,0.0307609941810369,0.00207720031159489
27,retail,fx_level_z_252,0.02656491619230497,0.0268173702061176,0.0002524540138126273
28,foreign,momentum,0.04309225363801871,0.0432197749614715,0.00012752132345279082
28,foreign,persist,0.08125063161593409,0.0813829228281974,0.00013229121226331075
28,foreign,underwater,0.015408811660428033,0.0154209183529019,1.2106692473866018e-05
28,foreign,momentumxkospi_return_1d,-0.011283943642083698,-0.0112598473206162,2.4096321467497947e-05
28,foreign,momentumxfx_level_z_252,-0.0009432926618430267,-0.0011866401182487,0.00024334745640567333
28,foreign,persistxkospi_return_1d,-0.001077413135024008,-0.0009985801298171,7.883300520690798e-05
28,foreign,persistxfx_level_z_252,-0.005634337449687676,-0.0058014667592942,0.00016712930960652468
28,foreign,underwaterxkospi_return_1d,-0.002291908818069757,-0.0022748969495296,1.7011868540156832e-05
28,foreign,underwaterxfx_level_z_252,-0.0014704621748083345,-0.0018521770834922,0.00038171490868386536
28,foreign,kospi_return_1d,0.009370351758951187,0.0093857441097497,1.539235079851299e-05
28,foreign,fx_level_z_252,-0.012975565230946538,-0.0133167468011379,0.0003411815701913623
28,institution,momentum,0.0,5.320089258020744e-05,5.320089258020744e-05
28,institution,persist,0.0270050191705367,0.0257536843419075,0.0012513348286291998
28,institution,underwater,-0.0,-0.0003011882654391,0.0003011882654391
28,institution,momentumxkospi_return_1d,-0.0013431088479972716,-0.0012682998785749,7.480896942237158e-05
28,institution,momentumxfx_level_z_252,0.0,0.0002970726054627,0.0002970726054627
28,institution,persistxkospi_return_1d,-0.001651630379244203,-0.0015841402346268,6.749014461740303e-05
28,institution,persistxfx_level_z_252,-0.0,-8.064088615356013e-05,8.064088615356013e-05
28,institution,underwaterxkospi_return_1d,0.005647145591738217,0.0056548090651631,7.663473424883264e-06
28,institution,underwaterxfx_level_z_252,0.0029160482636224018,0.0030535198748111,0.0001374716111886983
28,institution,kospi_return_1d,-0.019906474789139657,-0.0191544760018587,0.000751998787280956
28,institution,fx_level_z_252,-0.005073599752402468,-0.0051713557913899,9.77560389874314e-05
28,retail,momentum,-0.03547844726945527,-0.0360962823033332,0.0006178350338779323
28,retail,persist,0.10497860785710096,0.101911723613739,0.0030668842433619614
28,retail,underwater,0.012915826517949302,0.0144156971946358,0.0014998706766864989
28,retail,momentumxkospi_return_1d,0.001898379471626878,0.0018491368973627,4.9242574264178e-05
28,retail,momentumxfx_level_z_252,-0.0,-0.0007191796903498,0.0007191796903498
28,retail,persistxkospi_return_1d,-0.019240019257172596,-0.0188275892287492,0.0004124300284233974
28,retail,persistxfx_level_z_252,0.0,0.0003003163728863,0.0003003163728863
28,retail,underwaterxkospi_return_1d,-0.0,6.21102808509022e-05,6.21102808509022e-05
28,retail,underwaterxfx_level_z_252,-0.027141302572454035,-0.0275070071220397,0.0003657045495856666
28,retail,kospi_return_1d,0.03379093483612615,0.0337355248630046,5.540997312154794e-05
28,retail,fx_level_z_252,0.02723023679550784,0.0275160372257232,0.0002858004302153591
29,foreign,momentum,0.04189032256500069,0.0418758951127529,1.4427452247792183e-05
29,foreign,persist,0.08180829314152617,0.0819508209824562,0.00014252784093002346
29,foreign,underwater,0.010992544492952557,0.011424989439547,0.0004324449465944423
29,foreign,momentumxkospi_return_1d,0.0,0.000184976728633,0.000184976728633
29,foreign,momentumxfx_level_z_252,-0.003878296444492801,-0.0037603178061544,0.00011797863833840072
29,foreign,persistxkospi_return_1d,-0.006104633471209557,-0.0057461974211037,0.00035843605010585713
29,foreign,persistxfx_level_z_252,-0.0,2.7969123038928956e-05,2.7969123038928956e-05
29,foreign,underwaterxkospi_return_1d,0.0,8.732999413041398e-05,8.732999413041398e-05
29,foreign,underwaterxfx_level_z_252,-0.007795435070510783,-0.0076800626702606,0.0001153724002501827
29,foreign,kospi_return_1d,0.013656463887647654,0.0133845442906022,0.0002719195970454537
29,foreign,fx_level_z_252,-0.012035274097949345,-0.0121691254898905,0.00013385139194115568
29,institution,momentum,-0.0042277650987295095,-0.0042646853253245,3.692022659499035e-05
29,institution,persist,0.02147224086049531,0.0217897295951843,0.0003174887346889879
29,institution,underwater,-0.0,-9.971648978535086e-05,9.971648978535086e-05
29,institution,momentumxkospi_return_1d,-0.000477448924866796,-0.0005192684475332,4.1819522666403986e-05
29,institution,momentumxfx_level_z_252,0.0013181411761000526,0.0013743829913437,5.624181524364739e-05
29,institution,persistxkospi_return_1d,-0.006868875313565896,-0.0069526876322925,8.381231872660409e-05
29,institution,persistxfx_level_z_252,-0.0,-7.80244154157117e-05,7.80244154157117e-05
29,institution,underwaterxkospi_return_1d,0.006687410052877767,0.0067262831144034,3.887306152563358e-05
29,institution,underwaterxfx_level_z_252,0.003858119043578336,0.0039502889849245,9.216994134616423e-05
29,institution,kospi_return_1d,-0.015760607676370043,-0.0159941688179969,0.00023356114162685626
29,institution,fx_level_z_252,-0.005497052616308233,-0.0055595780722796,6.252545597136647e-05
29,retail,momentum,-0.03244209587220929,-0.033613421022892,0.0011713251506827102
29,retail,persist,0.10127928102483603,0.0998720005154609,0.0014072805093751362
29,retail,underwater,0.009677620753915265,0.0118756340816617,0.0021980133277464346
29,retail,momentumxkospi_return_1d,-0.009685740621141872,-0.0104502709582448,0.0007645303371029283
29,retail,momentumxfx_level_z_252,0.0,0.0005238017765805,0.0005238017765805
29,retail,persistxkospi_return_1d,-0.03640415100924286,-0.03636259958148,4.155142776286064e-05
29,retail,persistxfx_level_z_252,0.006836994506646826,0.0083896946161985,0.001552700109551674
29,retail,underwaterxkospi_return_1d,-0.0,0.0003939853340853,0.0003939853340853
29,retail,underwaterxfx_level_z_252,-0.022325563819389407,-0.0229473728686571,0.000621809049267695
29,retail,kospi_return_1d,0.019704817518263737,0.0182125065475702,0.0014923109706935361
29,retail,fx_level_z_252,0.01715768017363199,0.0192912630736827,0.0021335829000507095
30,foreign,momentum,0.038073299975315854,0.0446594320237636,0.006586132048447747
30,foreign,persist,0.0861630736154096,0.0862838476896286,0.00012077407421899611
30,foreign,underwater,0.010777844351165659,0.0043699387460947,0.006407905605070959
30,foreign,momentumxkospi_return_1d,-0.010417368258136089,-0.0120883584022521,0.0016709901441160115
30,foreign,momentumxfx_level_z_252,-0.0012275798859577279,-0.0069539807736873,0.0057264008877295726
30,foreign,persistxkospi_return_1d,-0.0018565948751832276,-0.0015803875867277,0.0002762072884555276
30,foreign,persistxfx_level_z_252,-0.0014540943691086733,-0.0051228227093815,0.0036687283402728264
30,foreign,underwaterxkospi_return_1d,-0.001257581513252987,-0.0002295478334417,0.001028033679811287
30,foreign,underwaterxfx_level_z_252,-0.00017098855057872948,-0.0053930794820189,0.00522209093144017
30,foreign,kospi_return_1d,0.000839963892525308,-0.0142769301310181,0.015116894023543407
30,foreign,fx_level_z_252,-0.020311097870258935,-0.0114640165120363,0.008847081358222635
30,institution,momentum,0.0,-7.010795525275171e-05,7.010795525275171e-05
30,institution,persist,0.020434190826531064,0.0209189131855964,0.0004847223590653364
30,institution,underwater,-0.0,-9.211659198626876e-05,9.211659198626876e-05
30,institution,momentumxkospi_return_1d,-0.0005022515682835238,-0.0005780505598522,7.57989915686762e-05
30,institution,momentumxfx_level_z_252,0.003633022457583994,0.0035560394171625,7.698304042149436e-05
30,institution,persistxkospi_return_1d,-0.001152907110663325,-0.0011599650606513,7.057949987974987e-06
30,institution,persistxfx_level_z_252,0.0,-0.0001424015354132,0.0001424015354132
30,institution,underwaterxkospi_return_1d,0.002871660544154263,0.0028299104887992,4.17500553550631e-05
30,institution,underwaterxfx_level_z_252,0.0014850404695063034,0.0014456058852374,3.943458426890331e-05
30,institution,kospi_return_1d,-0.0162605488640915,-0.0166055280715227,0.0003449792074311994
30,institution,fx_level_z_252,-0.0025435367295041744,-0.0025529435370117,9.406807507525688e-06
30,retail,momentum,-0.03449227550728526,-0.0366404242813587,0.00214814877407344
30,retail,persist,0.1143361478386042,0.110794611275196,0.003541536563408193
30,retail,underwater,0.019590376999685848,0.0195662397891283,2.4137210557547556e-05
30,retail,momentumxkospi_return_1d,0.0025896723339804716,0.0026017799973487,1.210766336822832e-05
30,retail,momentumxfx_level_z_252,-0.008112680130252025,-0.0096191801130771,0.0015064999828250745
30,retail,persistxkospi_return_1d,-0.011883733149086735,-0.0127993440255522,0.0009156108764654652
30,retail,persistxfx_level_z_252,0.0022031823925053235,0.0038108208682388,0.0016076384757334763
30,retail,underwaterxkospi_return_1d,-4.502925038472238e-05,-0.0001289125793846,8.388332899987762e-05
30,retail,underwaterxfx_level_z_252,-0.03347134501435945,-0.0339523665606975,0.00048102154633804933
30,retail,kospi_return_1d,0.0403865219048797,0.0384070314466953,0.0019794904581844006
30,retail,fx_level_z_252,0.027503537714091943,0.0270811952650547,0.00042234244903724405
31,foreign,momentum,0.026159214503970508,0.0261955019086599,3.628740468939254e-05
31,foreign,persist,0.08164184188286953,0.0815611109137535,8.07309691160385e-05
31,foreign,underwater,0.01223535439692342,0.012455316260457,0.00021996186353358087
31,foreign,momentumxkospi_return_1d,-0.015387625145221642,-0.0153720835223793,1.5541622842342798e-05
31,foreign,momentumxfx_level_z_252,0.0,0.0001570808963151,0.0001570808963151
31,foreign,persistxkospi_return_1d,-0.0,-0.0002463941927999,0.0002463941927999
31,foreign,persistxfx_level_z_252,-0.0,-0.0004872223944403,0.0004872223944403
31,foreign,underwaterxkospi_return_1d,0.0,0.0003956293221563,0.0003956293221563
31,foreign,underwaterxfx_level_z_252,-0.0050650603426573276,-0.0050287777557969,3.628258686042777e-05
31,foreign,kospi_return_1d,0.0019161000587698742,0.0016791676171123,0.00023693244165757426
31,foreign,fx_level_z_252,-0.033239265709598675,-0.0331142358481884,0.00012502986141027517
31,institution,momentum,0.0,1.2621925634448417e-05,1.2621925634448417e-05
31,institution,persist,0.021553284294752627,0.0218956284224987,0.00034234412774607204
31,institution,underwater,-0.0,2.3228780264616944e-05,2.3228780264616944e-05
31,institution,momentumxkospi_return_1d,0.0031101896923776823,0.0031282934360206,1.810374364291786e-05
31,institution,momentumxfx_level_z_252,0.003205740795420575,0.0031740788836032,3.1661911817374745e-05
31,institution,persistxkospi_return_1d,-0.000988661933875936,-0.0010040750494226,1.5413115546663962e-05
31,institution,persistxfx_level_z_252,0.0017952899695325157,0.0017666148487478,2.8675120784715704e-05
31,institution,underwaterxkospi_return_1d,0.0041949514988364476,0.0041563273407518,3.8624158084647926e-05
31,institution,underwaterxfx_level_z_252,0.0032935080857595177,0.0032687745988368,2.473348692271773e-05
31,institution,kospi_return_1d,-0.020395207430051403,-0.0206718314439058,0.0002766240138543964
31,institution,fx_level_z_252,-0.0026669244326266092,-0.0026650296058505,1.8948267761090612e-06
31,retail,momentum,-0.022139909703348167,-0.0237975697964429,0.0016576600930947316
31,retail,persist,0.10873465848969868,0.1069013625383377,0.0018332959513609887
31,retail,underwater,-0.0,-0.0002312914875801,0.0002312914875801
31,retail,momentumxkospi_return_1d,-0.003063904895245069,-0.0033550539519637,0.00029114905671863076
31,retail,momentumxfx_level_z_252,-0.006877237380888165,-0.0076792635954916,0.0008020262146034348
31,retail,persistxkospi_return_1d,-0.005299365542057283,-0.0055113057605922,0.0002119402185349166
31,retail,persistxfx_level_z_252,0.003863299317105576,0.0028265644796192,0.001036734837486376
31,retail,underwaterxkospi_return_1d,-0.0055931182693773115,-0.0062094312161207,0.0006163129467433885
31,retail,underwaterxfx_level_z_252,-0.01581972644313703,-0.0140432594344019,0.0017764670087351293
31,retail,kospi_return_1d,0.04289604333273526,0.041955180466175,0.0009408628665602548
31,retail,fx_level_z_252,0.04614456553407396,0.0479317530989646,0.0017871875648906438
32,foreign,momentum,0.040203034010876756,0.0400385744869709,0.00016445952390585494
32,foreign,persist,0.0898016494438694,0.089776761829853,2.48876140163945e-05
32,foreign,underwater,0.012808887552908533,0.0130074648186564,0.00019857726574786655
32,foreign,momentumxkospi_return_1d,-0.011303936869941966,-0.0114867780357599,0.0001828411658179336
32,foreign,momentumxfx_level_z_252,-0.0013509468612249115,-0.0012801203411072,7.082652011771145e-05
32,foreign,persistxkospi_return_1d,-0.0,-0.0001113590988097,0.0001113590988097
32,foreign,persistxfx_level_z_252,-0.0,-0.0001809721870813,0.0001809721870813
32,foreign,underwaterxkospi_return_1d,-0.0025949016152965933,-0.0025194503832608,7.545123203579317e-05
32,foreign,underwaterxfx_level_z_252,-0.00962048102392598,-0.0095528624951839,6.761852874207983e-05
32,foreign,kospi_return_1d,0.0016460510082145804,0.0014149609487503,0.0002310900594642805
32,foreign,fx_level_z_252,-0.01674331303230018,-0.0165411848574876,0.0002021281748125804
32,institution,momentum,-0.0,8.180543954949826e-05,8.180543954949826e-05
32,institution,persist,0.019626647868255076,0.0201435890048742,0.0005169411366191257
32,institution,underwater,-0.0,-0.0001514397445134,0.0001514397445134
32,institution,momentumxkospi_return_1d,-0.0006707282719890075,-0.0007506660185754,7.993774658639251e-05
32,institution,momentumxfx_level_z_252,0.0036992506717787362,0.0036332553718239,6.599529995483626e-05
32,institution,persistxkospi_return_1d,-0.0011206983083042275,-0.001107872929424,1.2825378880227485e-05
32,institution,persistxfx_level_z_252,0.0,1.7944908904610202e-05,1.7944908904610202e-05
32,institution,underwaterxkospi_return_1d,0.005858826092484202,0.0058774156495928,1.8589557108598248e-05
32,institution,underwaterxfx_level_z_252,0.0016814261192362883,0.0015754834748804,0.00010594264435588845
32,institution,kospi_return_1d,-0.018233382933718456,-0.0186528041958808,0.0004194212621623436
32,institution,fx_level_z_252,-0.005773278936532366,-0.005739520303905,3.375863262736634e-05
32,retail,momentum,-0.03260701908475228,-0.0329834930598735,0.0003764739751212151
32,retail,persist,0.1066773388674051,0.1053547635674476,0.0013225752999574958
32,retail,underwater,0.022097239829006212,0.0224984046071767,0.00040116477817048884
32,retail,momentumxkospi_return_1d,0.0007860275040785941,0.0007859048782847,1.2262579389410444e-07
32,retail,momentumxfx_level_z_252,-0.004948433164198824,-0.006404812913388,0.0014563797491891758
32,retail,persistxkospi_return_1d,-0.013411850710287982,-0.0122149474918842,0.001196903218403782
32,retail,persistxfx_level_z_252,0.0,-0.0001931056031025,0.0001931056031025
32,retail,underwaterxkospi_return_1d,-0.0,-0.000178604532266,0.000178604532266
32,retail,underwaterxfx_level_z_252,-0.02643903041453892,-0.0281285643577575,0.0016895339432185796
32,retail,kospi_return_1d,0.03971931480235494,0.0371149145066738,0.002604400295681139
32,retail,fx_level_z_252,0.03395730587771881,0.0343974567949771,0.0004401509172582904
33,foreign,momentum,0.04437741344591374,0.0446499660611152,0.0002725526152014615
33,foreign,persist,0.0873976064120827,0.0873542726039886,4.333380809409815e-05
33,foreign,underwater,0.015782559255266372,0.0156448651105165,0.00013769414474987252
33,foreign,momentumxkospi_return_1d,-0.01376162836932175,-0.0135387443006038,0.00022288406871794932
33,foreign,momentumxfx_level_z_252,-0.003261296068558126,-0.0034822379238903,0.00022094185533217412
33,foreign,persistxkospi_return_1d,-0.0011938890457523497,-0.0010381488827988,0.00015574016295354966
33,foreign,persistxfx_level_z_252,-0.004669148349859484,-0.0049483287148177,0.00027918036495821596
33,foreign,underwaterxkospi_return_1d,-0.0023254512916271396,-0.0023976888041943,7.223751256716033e-05
33,foreign,underwaterxfx_level_z_252,-0.0064629592620588225,-0.0062622614204883,0.00020069784157052215
33,foreign,kospi_return_1d,0.0,0.0005312969442456,0.0005312969442456
33,foreign,fx_level_z_252,-0.02288220458840493,-0.0230377167463302,0.0001555121579252701
33,institution,momentum,0.0,9.967935329768808e-05,9.967935329768808e-05
33,institution,persist,0.02257948023048798,0.0227687433362007,0.00018926310571272184
33,institution,underwater,-0.0,-0.0001160620813607,0.0001160620813607
33,institution,momentumxkospi_return_1d,-0.0008351867407302769,-0.0008170249057002,1.8161835030076922e-05
33,institution,momentumxfx_level_z_252,0.0013827449218759636,0.0013209445169195,6.180040495646364e-05
33,institution,persistxkospi_return_1d,-0.001951349710986478,-0.0020406083203852,8.925860939872185e-05
33,institution,persistxfx_level_z_252,0.0,-5.31130499439314e-05,5.31130499439314e-05
33,institution,underwaterxkospi_return_1d,0.005025502352112277,0.0048539191484451,0.0001715832036671772
33,institution,underwaterxfx_level_z_252,0.0030974788566218176,0.0030846849549561,1.2793901665717443e-05
33,institution,kospi_return_1d,-0.018185924775669254,-0.0183318052440881,0.0001458804684188464
33,institution,fx_level_z_252,-0.0028271841501942424,-0.0028589961584657,3.1812008271457724e-05
33,retail,momentum,-0.03655797947544266,-0.0371099859476089,0.0005520064721662374
33,retail,persist,0.10211089574944196,0.0997654125094413,0.0023454832400006537
33,retail,underwater,0.019273410145395877,0.0202273949980735,0.0009539848526776244
33,retail,momentumxkospi_return_1d,0.004469370465121309,0.0024348611477762,0.002034509317345109
33,retail,momentumxfx_level_z_252,-0.001314802820333552,-0.00261295074597,0.0012981479256364478
33,retail,persistxkospi_return_1d,-0.015526209257741426,-0.0149521101266145,0.0005740991311269268
33,retail,persistxfx_level_z_252,0.0009325326852476539,0.0008786965627223,5.3836122525353935e-05
33,retail,underwaterxkospi_return_1d,-0.0009758902875328412,-0.0006072844262234,0.0003686058613094411
33,retail,underwaterxfx_level_z_252,-0.034130591793124755,-0.0365495793521404,0.0024189875590156437
33,retail,kospi_return_1d,0.040954380392135205,0.039984043687582,0.0009703367045532027
33,retail,fx_level_z_252,0.03466573613453485,0.0350169651210308,0.00035122898649594947
34,foreign,momentum,0.04399345721845709,0.0440533347427845,5.987752432740773e-05
34,foreign,persist,0.08837659971491817,0.088500365614891,0.00012376589997283027
34,foreign,underwater,0.012192991532250843,0.0125036966055631,0.00031070507331225697
34,foreign,momentumxkospi_return_1d,-0.0020632064459135736,-0.0020478756632655,1.533078264807355e-05
34,foreign,momentumxfx_level_z_252,-0.004396901974744638,-0.0043761096894741,2.0792285270538474e-05
34,foreign,persistxkospi_return_1d,-0.0069452621718001165,-0.0070107313804328,6.546920863268347e-05
34,foreign,persistxfx_level_z_252,-0.0,-9.02550673345104e-05,9.02550673345104e-05
34,foreign,underwaterxkospi_return_1d,0.0,0.0005575931863859,0.0005575931863859
34,foreign,underwaterxfx_level_z_252,-0.012646530529241168,-0.0127787645906209,0.00013223406137973133
34,foreign,kospi_return_1d,0.003558566491762489,0.0033686957322061,0.00018987075955638867
34,foreign,fx_level_z_252,-0.02060732212097843,-0.0203511230647563,0.00025619905622212974
34,institution,momentum,-0.00551491280187767,-0.0055875745601952,7.26617583175302e-05
34,institution,persist,0.016258175695612772,0.0165784079581499,0.0003202322625371276
34,institution,underwater,-0.0006808914144206813,-0.00076228112448,8.13897100593187e-05
34,institution,momentumxkospi_return_1d,-0.0,4.488767444854602e-06,4.488767444854602e-06
34,institution,momentumxfx_level_z_252,0.003204496225306652,0.0032072376925498,2.7414672431479332e-06
34,institution,persistxkospi_return_1d,-0.007725369849914477,-0.0077269193716347,1.5495217202234415e-06
34,institution,persistxfx_level_z_252,0.0,6.580602348549291e-05,6.580602348549291e-05
34,institution,underwaterxkospi_return_1d,0.0059023983941001645,0.0057534435763955,0.00014895481770466415
34,institution,underwaterxfx_level_z_252,0.004556326343478543,0.0046260212548077,6.969491132915746e-05
34,institution,kospi_return_1d,-0.013586873565557845,-0.014048496261239,0.0004616226956811551
34,institution,fx_level_z_252,-0.003955384487429905,-0.0040038116276264,4.842714019649523e-05
34,retail,momentum,-0.032993074937908165,-0.0336369425058364,0.0006438675679282316
34,retail,persist,0.10159438613822538,0.0986508578062057,0.0029435283320196903
34,retail,underwater,0.016336849560903793,0.0159767214208841,0.0003601281400196915
34,retail,momentumxkospi_return_1d,-0.003922024632501919,-0.0044959378428757,0.0005739132103737806
34,retail,momentumxfx_level_z_252,-0.002196932762486619,-0.0031564303208142,0.0009594975583275809
34,retail,persistxkospi_return_1d,-0.03238052692434054,-0.0332979075610637,0.0009173806367231557
34,retail,persistxfx_level_z_252,0.00870904359569682,0.0077140922658145,0.0009949513298823194
34,retail,underwaterxkospi_return_1d,-0.0,-0.0006789992912672,0.0006789992912672
34,retail,underwaterxfx_level_z_252,-0.03080918623381512,-0.0315733775496482,0.0007641913158330828
34,retail,kospi_return_1d,0.03004150932559792,0.0292496886104345,0.0007918207151634202
34,retail,fx_level_z_252,0.02523698451678677,0.0244002360850572,0.0008367484317295705
35,foreign,momentum,0.018646255181216542,0.0145547399297356,0.004091515251480942
35,foreign,persist,0.07469974717385733,0.0814578607678413,0.006758113593983969
35,foreign,underwater,0.005673883174025011,0.0053038881160318,0.0003699950579932106
35,foreign,momentumxkospi_return_1d,-0.012492868053767758,-0.0120216328650712,0.0004712351886965588
35,foreign,momentumxfx_level_z_252,0.0,-0.0005658708978444,0.0005658708978444
35,foreign,persistxkospi_return_1d,0.0,0.0035241453442722,0.0035241453442722
35,foreign,persistxfx_level_z_252,-0.0,-0.0074894144199788,0.0074894144199788
35,foreign,underwaterxkospi_return_1d,-0.00035752283458798985,-0.0105688627809286,0.01021133994634061
35,foreign,underwaterxfx_level_z_252,0.0,0.0041288286447525,0.0041288286447525
35,foreign,kospi_return_1d,0.009743185981323383,0.0082529159262776,0.001490270055045784
35,foreign,fx_level_z_252,-0.039100828038042365,-0.0441681928932666,0.0050673648552242365
35,institution,momentum,0.0009938762543180836,0.0008868721779435,0.00010700407637458359
35,institution,persist,0.026068778405126176,0.025301394984126,0.0007673834210001756
35,institution,underwater,0.0,4.037336111650802e-06,4.037336111650802e-06
35,institution,momentumxkospi_return_1d,0.0017355964806273958,0.0017386669060215,3.070425394104256e-06
35,institution,momentumxfx_level_z_252,0.002844007302557318,0.0027965186163783,4.7488686179018164e-05
35,institution,persistxkospi_return_1d,-0.0004292840824925291,-0.000390888453694,3.8395628798529075e-05
35,institution,persistxfx_level_z_252,0.0,0.0001920948125189,0.0001920948125189
35,institution,underwaterxkospi_return_1d,0.0011848309015693014,0.001345002441667,0.00016017154009769852
35,institution,underwaterxfx_level_z_252,0.0,1.525310563010862e-05,1.525310563010862e-05
35,institution,kospi_return_1d,-0.02105317252426146,-0.0204716809093952,0.0005814916148662586
35,institution,fx_level_z_252,-0.002164188590227381,-0.002214013133198,4.982454297061895e-05
35,retail,momentum,-0.024860226957138066,-0.0274735726416111,0.0026133456844730334
35,retail,persist,0.11550610611077777,0.1127131208777427,0.002792985233035075
35,retail,underwater,0.0,0.000747357844375,0.000747357844375
35,retail,momentumxkospi_return_1d,-0.0,-0.0009138534078374,0.0009138534078374
35,retail,momentumxfx_level_z_252,-0.006628969987690085,-0.0068238172680139,0.0001948472803238151
35,retail,persistxkospi_return_1d,0.0,0.0002811882877722,0.0002811882877722
35,retail,persistxfx_level_z_252,0.006635708994914984,0.0043080952018499,0.002327613793065084
35,retail,underwaterxkospi_return_1d,-0.0011748878696069248,-0.0025617212522774,0.001386833382670475
35,retail,underwaterxfx_level_z_252,-0.019726285069127988,-0.0208208635449409,0.0010945784758129122
35,retail,kospi_return_1d,0.034239186387219844,0.0337080955505371,0.0005310908366827419
35,retail,fx_level_z_252,0.047689963468637735,0.0474402420222759,0.00024972144636183774
36,foreign,momentum,0.03598372458478145,0.0359850078821182,1.2832973367501999e-06
36,foreign,persist,0.08412593903842479,0.0841833502054214,5.741116699661819e-05
36,foreign,underwater,0.006757975970176772,0.0070507577620446,0.000292781791867828
36,foreign,momentumxkospi_return_1d,-0.010186323907129325,-0.0101254433393478,6.0880567781525924e-05
36,foreign,momentumxfx_level_z_252,-0.0034569386173949495,-0.0036660791374742,0.00020914052007925052
36,foreign,persistxkospi_return_1d,0.0,-2.9144455766072497e-05,2.9144455766072497e-05
36,foreign,persistxfx_level_z_252,0.0,-5.671077815350145e-06,5.671077815350145e-06
36,foreign,underwaterxkospi_return_1d,-0.00474484984572908,-0.0050708265043795,0.0003259766586504193
36,foreign,underwaterxfx_level_z_252,-0.0013007465376186364,-0.000899848062545,0.00040089847507363647
36,foreign,kospi_return_1d,0.008975465809471634,0.0090470043942332,7.153858476156676e-05
36,foreign,fx_level_z_252,-0.018550078471133404,-0.018460227176547,8.985129458640578e-05
36,institution,momentum,0.0007226847622965307,0.0006979551399126,2.472962238393077e-05
36,institution,persist,0.02443347465920472,0.0241837184876203,0.0002497561715844171
36,institution,underwater,0.0,7.787192589603364e-05,7.787192589603364e-05
36,institution,momentumxkospi_return_1d,-0.0016046644080653211,-0.0015816715313121,2.299287675322113e-05
36,institution,momentumxfx_level_z_252,0.003936135345763824,0.0038605572190135,7.557812675032397e-05
36,institution,persistxkospi_return_1d,-0.0004216497787580636,-0.0003969432727899,2.470650596816357e-05
36,institution,persistxfx_level_z_252,-0.0,-5.013593181502074e-06,5.013593181502074e-06
36,institution,underwaterxkospi_return_1d,0.00461124578495462,0.0045798835344612,3.1362250493420334e-05
36,institution,underwaterxfx_level_z_252,0.0,1.2901946320198476e-06,1.2901946320198476e-06
36,institution,kospi_return_1d,-0.019104519403674143,-0.0188873335719108,0.0002171858317633439
36,institution,fx_level_z_252,-0.0049021199234428004,-0.0048445295542478,5.7590369195000685e-05
36,retail,momentum,-0.03220769093030495,-0.032403890043497,0.00019619911319205402
36,retail,persist,0.11443758656602447,0.1117787808179855,0.0026588057480389643
36,retail,underwater,0.026878505497294047,0.029972106218338,0.003093600721043952
36,retail,momentumxkospi_return_1d,0.0025223122182989797,0.0012723758118227,0.0012499364064762796
36,retail,momentumxfx_level_z_252,-0.006049686674457662,-0.0061048129573464,5.5126282888738436e-05
36,retail,persistxkospi_return_1d,-0.0020616596578059707,-0.0011748285032808,0.0008868311545251707
36,retail,persistxfx_level_z_252,0.0035066488392889086,0.0032495667692273,0.0002570820700616085
36,retail,underwaterxkospi_return_1d,-0.0,0.0001018691691569,0.0001018691691569
36,retail,underwaterxfx_level_z_252,-0.029307840680766847,-0.0317289903759956,0.002421149695228754
36,retail,kospi_return_1d,0.033696212261934096,0.0311365164816379,0.0025596957802961964
36,retail,fx_level_z_252,0.033634722981848414,0.0326523669064044,0.0009823560754440158
37,foreign,momentum,0.040197784484004774,0.0402156896889209,1.790520491612435e-05
37,foreign,persist,0.08088796430967513,0.0809438452124595,5.58809027843693e-05
37,foreign,underwater,0.012145687990234175,0.0119486348703503,0.00019705311988387451
37,foreign,momentumxkospi_return_1d,-0.012671402284611423,-0.0127150099724531,4.360768784167704e-05
37,foreign,momentumxfx_level_z_252,-0.00737094369879936,-0.0074251522310078,5.420853220843968e-05
37,foreign,persistxkospi_return_1d,-0.0,0.0001322226889897,0.0001322226889897
37,foreign,persistxfx_level_z_252,-0.0017182445370005897,-0.0014937006635591,0.00022454387344148972
37,foreign,underwaterxkospi_return_1d,-0.004123266353014821,-0.0040209395810961,0.00010232677191872059
37,foreign,underwaterxfx_level_z_252,0.0,0.0001003905053948,0.0001003905053948
37,foreign,kospi_return_1d,0.008552632301036752,0.0085861077532172,3.3475452180447424e-05
37,foreign,fx_level_z_252,-0.025450772409969815,-0.0253611635416746,8.960886829521494e-05
37,institution,momentum,0.001314250973333459,0.0012512173270806,6.303364625285905e-05
37,institution,persist,0.027429413892567582,0.0259799938648939,0.0014494200276736827
37,institution,underwater,0.0,-0.0001150210518972,0.0001150210518972
37,institution,momentumxkospi_return_1d,-0.0018054754333736332,-0.0016943562077358,0.00011111922563783309
37,institution,momentumxfx_level_z_252,0.0009029281593622587,0.0009856243850663,8.269622570404134e-05
37,institution,persistxkospi_return_1d,-0.001449260766592792,-0.0013551326701417,9.412809645109209e-05
37,institution,persistxfx_level_z_252,-7.50140558730469e-05,-0.0002895121579058,0.0002144981020327531
37,institution,underwaterxkospi_return_1d,0.0027906267771013508,0.0029048565775156,0.00011422980041424918
37,institution,underwaterxfx_level_z_252,7.905794467270975e-05,0.0001182255800813,3.9167635408590245e-05
37,institution,kospi_return_1d,-0.019358631493095926,-0.0184974744915962,0.0008611570014997252
37,institution,fx_level_z_252,-0.0025478558947011,-0.0026227757334709,7.491983876979982e-05
37,retail,momentum,-0.03723379871706728,-0.0377893932163715,0.0005555944993042225
37,retail,persist,0.1095566946283698,0.1056733280420303,0.00388336658633949
37,retail,underwater,0.023429481086049767,0.0236879307776689,0.00025844969161913436
37,retail,momentumxkospi_return_1d,0.0064311381294596135,0.006471674889326,4.05367598663867e-05
37,retail,momentumxfx_level_z_252,-0.0019267612405250228,-0.0011642491444945,0.0007625120960305229
37,retail,persistxkospi_return_1d,-0.003987109967853616,-0.0050886659882962,0.0011015560204425843
37,retail,persistxfx_level_z_252,0.003816730829435108,0.0024028795305639,0.001413851298871208
37,retail,underwaterxkospi_return_1d,-0.0,-0.0004452175926417,0.0004452175926417
37,retail,underwaterxfx_level_z_252,-0.03658025438262503,-0.0379596725106239,0.0013794181279988688
37,retail,kospi_return_1d,0.03463184319733379,0.0326080098748207,0.0020238333225130883
37,retail,fx_level_z_252,0.03442655472396366,0.0355177707970142,0.0010912160730505438
38,foreign,momentum,0.040177528830873104,0.0401334725320339,4.405629883920403e-05
38,foreign,persist,0.0824032262778739,0.0823071375489234,9.608872895050524e-05
38,foreign,underwater,0.007764039154564851,0.0076191844418644,0.00014485471270045056
38,foreign,momentumxkospi_return_1d,-0.0,-0.0001732629025354,0.0001732629025354
38,foreign,momentumxfx_level_z_252,-0.005156834426428141,-0.004837738815695,0.0003190956107331413
38,foreign,persistxkospi_return_1d,-0.002588182298723575,-0.0025954546872526,7.272388529024933e-06
38,foreign,persistxfx_level_z_252,0.000892429446942856,0.0009553380077704,6.290856082754399e-05
38,foreign,underwaterxkospi_return_1d,-0.0,-0.0002004886628128,0.0002004886628128
38,foreign,underwaterxfx_level_z_252,-0.0025079787115023086,-0.002600073814392,9.20951028896915e-05
38,foreign,kospi_return_1d,0.011256370333120965,0.0112160835415124,4.028679160856391e-05
38,foreign,fx_level_z_252,-0.022422624994138537,-0.0225192494690418,9.662447490326256e-05
38,institution,momentum,-0.0005561400808451155,-0.0004977082135155,5.843186732961553e-05
38,institution,persist,0.02198440494815612,0.0222232099622488,0.00023880501409268007
38,institution,underwater,-0.0,-0.0001858901523519,0.0001858901523519
38,institution,momentumxkospi_return_1d,-0.0006459105255958148,-0.0006647715345025,1.8861008906685185e-05
38,institution,momentumxfx_level_z_252,0.0026330644554896808,0.0026672454550862,3.418099959651925e-05
38,institution,persistxkospi_return_1d,-0.006857621565836967,-0.0068663759157061,8.754349869132504e-06
38,institution,persistxfx_level_z_252,-0.0,9.457646228838712e-06,9.457646228838712e-06
38,institution,underwaterxkospi_return_1d,0.0034830256076418967,0.0033329031430184,0.00015012246462349672
38,institution,underwaterxfx_level_z_252,0.0010546728206722287,0.0009234713506884,0.00013120146998382872
38,institution,kospi_return_1d,-0.01554599334749681,-0.0157631617039442,0.0002171683564473892
38,institution,fx_level_z_252,-0.003437871079454896,-0.0033752976451069,6.257343434799617e-05
38,retail,momentum,-0.03633076790653974,-0.0369626246392726,0.0006318567327328606
38,retail,persist,0.10973519175382687,0.1073619872331619,0.0023732045206649732
38,retail,underwater,0.018170867506683896,0.0183822885155677,0.00021142100888380325
38,retail,momentumxkospi_return_1d,-0.004519933407448117,-0.0041757370345294,0.00034419637291871735
38,retail,momentumxfx_level_z_252,-0.004150251253664405,-0.0043750135228037,0.00022476226913929493
38,retail,persistxkospi_return_1d,-0.02186263545566279,-0.0216863211244344,0.00017631433122839227
38,retail,persistxfx_level_z_252,0.01188343699261874,0.0116267353296279,0.0002567016629908391
38,retail,underwaterxkospi_return_1d,0.0,-2.5947378162527457e-05,2.5947378162527457e-05
38,retail,underwaterxfx_level_z_252,-0.0338412744393757,-0.0356834679841995,0.001842193544823803
38,retail,kospi_return_1d,0.02389327019117907,0.0220241360366344,0.0018691341545446702
38,retail,fx_level_z_252,0.02600563495230383,0.0257146805524826,0.00029095439982122773
39,foreign,momentum,0.023641378172608047,0.0191998090595006,0.004441569113107446
39,foreign,persist,0.07754200975525462,0.0789343491196632,0.001392339364408579
39,foreign,underwater,0.005709687869724737,0.0107511729001998,0.005041485030475063
39,foreign,momentumxkospi_return_1d,-0.013177153492076467,-0.009090257808566,0.004086895683510467
39,foreign,momentumxfx_level_z_252,0.0,-0.0160750988870859,0.0160750988870859
39,foreign,persistxkospi_return_1d,0.0027101980179746643,0.004797950387001,0.002087752369026336
39,foreign,persistxfx_level_z_252,0.0014243309542318562,0.0017972292844206,0.00037289833018874373
39,foreign,underwaterxkospi_return_1d,-0.0023772864233653056,0.0002752337604761,0.002652520183841406
39,foreign,underwaterxfx_level_z_252,-0.0,0.0027110227383673,0.0027110227383673
39,foreign,kospi_return_1d,0.00827013253680471,0.0127567611634731,0.00448662862666839
39,foreign,fx_level_z_252,-0.030027891554685982,-0.0207053180783987,0.009322573476287281
39,institution,momentum,0.0,1.4618621207773684e-05,1.4618621207773684e-05
39,institution,persist,0.02622912001975147,0.0253708511590957,0.0008582688606557677
39,institution,underwater,-0.0,3.5720917367143556e-05,3.5720917367143556e-05
39,institution,momentumxkospi_return_1d,0.0029554010482081734,0.0029005052056163,5.489584259187356e-05
39,institution,momentumxfx_level_z_252,0.0026080640379049186,0.002570170443505,3.789359439991839e-05
39,institution,persistxkospi_return_1d,-0.0015719938835971482,-0.0014924594433978,7.953444019934814e-05
39,institution,persistxfx_level_z_252,0.0,1.221119600813836e-05,1.221119600813836e-05
39,institution,underwaterxkospi_return_1d,0.004513665245715863,0.0045202570036053,6.591757889437208e-06
39,institution,underwaterxfx_level_z_252,0.001156620692909489,0.0011385381221771,1.8082570732389077e-05
39,institution,kospi_return_1d,-0.02304606980556185,-0.0223786178976297,0.0006674519079321491
39,institution,fx_level_z_252,-0.005588369023083955,-0.0054753650911152,0.00011300393196875518
39,retail,momentum,-0.022940820078070242,-0.023412138223648,0.00047131814557775653
39,retail,persist,0.11072473063467779,0.1077452152967453,0.0029795153379324896
39,retail,underwater,0.0,5.626250640489161e-06,5.626250640489161e-06
39,retail,momentumxkospi_return_1d,-0.002516915891949146,-0.0014134686207398,0.0011034472712093458
39,retail,momentumxfx_level_z_252,-0.003499507263680641,-0.0059929494746029,0.0024934422109222595
39,retail,persistxkospi_return_1d,-0.0,0.0006949648377485,0.0006949648377485
39,retail,persistxfx_level_z_252,0.0021231223762764742,0.0015624334337189,0.0005606889425575742
39,retail,underwaterxkospi_return_1d,-0.0,0.0001647162134759,0.0001647162134759
39,retail,underwaterxfx_level_z_252,-0.01033313275418068,-0.0116581888869404,0.0013250561327597197
39,retail,kospi_return_1d,0.03722234070333148,0.0362753644585609,0.000946976244770581
39,retail,fx_level_z_252,0.05060598824507974,0.0512891747057437,0.0006831864606639607
40,foreign,momentum,0.02771949813303777,0.0275955870747566,0.00012391105828116894
40,foreign,persist,0.07316797558890943,0.073245108127594,7.713253868456282e-05
40,foreign,underwater,0.008675216347854996,0.0088706463575363,0.00019543000968130428
40,foreign,momentumxkospi_return_1d,-0.015488283941230632,-0.015639578923583,0.0001512949823523676
40,foreign,momentumxfx_level_z_252,-0.0,-1.1725751392077657e-06,1.1725751392077657e-06
40,foreign,persistxkospi_return_1d,0.0011976296406994657,0.0013181361136958,0.00012050647299633442
40,foreign,persistxfx_level_z_252,-0.0003790172757292121,7.285687752300873e-05,0.0004518741532522208
40,foreign,underwaterxkospi_return_1d,-0.0029079547933318793,-0.0033954926766455,0.0004875378833136207
40,foreign,underwaterxfx_level_z_252,0.0,2.7582660550251603e-05,2.7582660550251603e-05
40,foreign,kospi_return_1d,0.009325948090903521,0.0092464201152324,7.95279756711214e-05
40,foreign,fx_level_z_252,-0.03921834905449319,-0.0393106304109096,9.228135641640989e-05
40,institution,momentum,3.810224656107018e-05,0.0002886481815949,0.0002505459350338298
40,institution,persist,0.029152555936362068,0.0270280428230762,0.0021245131132858683
40,institution,underwater,-0.0,3.104946517851204e-05,3.104946517851204e-05
40,institution,momentumxkospi_return_1d,0.002163410853417252,0.0022047855891287,4.13747357114482e-05
40,institution,momentumxfx_level_z_252,0.0,0.000546196301002,0.000546196301002
40,institution,persistxkospi_return_1d,-0.00257746414971428,-0.0025003219489008,7.714220081347966e-05
40,institution,persistxfx_level_z_252,0.0,9.76674782577902e-05,9.76674782577902e-05
40,institution,underwaterxkospi_return_1d,0.004015672725214079,0.0039794743061065,3.619841910757968e-05
40,institution,underwaterxfx_level_z_252,0.0019320407447567412,0.0019961628131568,6.412206840005863e-05
40,institution,kospi_return_1d,-0.02276427070066128,-0.0213587339967489,0.0014055367039123787
40,institution,fx_level_z_252,-0.002903725528348784,-0.0029609869234263,5.726139507751613e-05
40,retail,momentum,-0.027870203696431065,-0.0293242614716291,0.0014540577751980359
40,retail,persist,0.10342290088866671,0.1003452837467193,0.003077617141947403
40,retail,underwater,0.0,0.0004030733834952,0.0004030733834952
40,retail,momentumxkospi_return_1d,0.0,0.0001104756156564,0.0001104756156564
40,retail,momentumxfx_level_z_252,-0.0018865820460480449,-0.0023019975051283,0.00041541545908025507
40,retail,persistxkospi_return_1d,-0.00020394129853759833,-0.000170349056134,3.3592242403598346e-05
40,retail,persistxfx_level_z_252,0.0033954021629060195,0.0033985946793109,3.1925164048806146e-06
40,retail,underwaterxkospi_return_1d,-0.00395650372188623,-0.0035451110452413,0.00041139267664492976
40,retail,underwaterxfx_level_z_252,-0.019459168355667272,-0.0213280618190765,0.0018688934634092276
40,retail,kospi_return_1d,0.034886068646974605,0.0343101732432842,0.0005758954036904074
40,retail,fx_level_z_252,0.05279417618544753,0.0518462136387825,0.0009479625466650293
41,foreign,momentum,0.029122042510893946,0.028965163975954,0.0001568785349399457
41,foreign,persist,0.07838780204074432,0.0783358737826347,5.192825810962365e-05
41,foreign,underwater,0.008381396357186516,0.0084920637309551,0.00011066737376858385
41,foreign,momentumxkospi_return_1d,-0.01022686470280608,-0.0102633312344551,3.646653164902057e-05
41,foreign,momentumxfx_level_z_252,-0.0,-0.0003559819015208,0.0003559819015208
41,foreign,persistxkospi_return_1d,-0.0,-3.308938175905496e-06,3.308938175905496e-06
41,foreign,persistxfx_level_z_252,0.0,0.0005542715662159,0.0005542715662159
41,foreign,underwaterxkospi_return_1d,0.00352027274340724,0.0036016115918755,8.133884846825987e-05
41,foreign,underwaterxfx_level_z_252,-0.005439234369129712,-0.0053498134948313,8.942087429841209e-05
41,foreign,kospi_return_1d,0.009988629236863176,0.0100452583283185,5.6629091455324965e-05
41,foreign,fx_level_z_252,-0.033514088037847854,-0.0334223248064518,9.176323139605674e-05
41,institution,momentum,-0.0024713268822998623,-0.0024111331440508,6.0193738249062195e-05
41,institution,persist,0.022942280824821384,0.0229941289871931,5.184816237171694e-05
41,institution,underwater,-0.0,-7.40697723813355e-05,7.40697723813355e-05
41,institution,momentumxkospi_return_1d,0.005045154298755041,0.0050799753516912,3.482105293615891e-05
41,institution,momentumxfx_level_z_252,0.002076663691204146,0.0021118801087141,3.521641750995393e-05
41,institution,persistxkospi_return_1d,-0.007982108532972503,-0.0079139526933431,6.815583962940276e-05
41,institution,persistxfx_level_z_252,0.0,0.0001101313682738,0.0001101313682738
41,institution,underwaterxkospi_return_1d,0.004869508521899102,0.0049967975355684,0.00012728901366929838
41,institution,underwaterxfx_level_z_252,0.0031159391643081316,0.0032014097087085,8.547054440036835e-05
41,institution,kospi_return_1d,-0.017161025523846584,-0.0172933172434568,0.00013229171961021483
41,institution,fx_level_z_252,-0.0042697029175989675,-0.0042583192698657,1.1383647733267423e-05
41,retail,momentum,-0.024377344029050466,-0.0239765960723161,0.00040074795673436525
41,retail,persist,0.10583142331578643,0.1049174293875694,0.0009139939282170328
41,retail,underwater,0.0,-0.00087080092635,0.00087080092635
41,retail,momentumxkospi_return_1d,-0.013807199604181534,-0.0135108586400747,0.0002963409641068334
41,retail,momentumxfx_level_z_252,-0.006154936610651404,-0.0075211119838058,0.0013661753731543961
41,retail,persistxkospi_return_1d,-0.017941430240141797,-0.0200597792863845,0.0021183490462427026
41,retail,persistxfx_level_z_252,0.011116370163856372,0.0092456610873341,0.001870709076522271
41,retail,underwaterxkospi_return_1d,-0.005790938315877622,-0.0054071648046374,0.0003837735112402216
41,retail,underwaterxfx_level_z_252,-0.01952981919466266,-0.0205023065209388,0.0009724873262761391
41,retail,kospi_return_1d,0.025776033787437078,0.0243254881352186,0.0014505456522184781
41,retail,fx_level_z_252,0.04270562795758869,0.0423172786831855,0.0003883492744031908
42,foreign,momentum,0.04293161996147515,0.0429762378334999,4.461787202475476e-05
42,foreign,persist,0.08269595639246369,0.0880477726459503,0.005351816253486616
42,foreign,underwater,0.00842431255386904,0.0147376898676157,0.006313377313746659
42,foreign,momentumxkospi_return_1d,-0.01265029739295503,-0.0056969164870679,0.0069533809058871295
42,foreign,momentumxfx_level_z_252,-0.005214311389548487,-0.0129586141556501,0.007744302766101613
42,foreign,persistxkospi_return_1d,0.0,0.00287497905083,0.00287497905083
42,foreign,persistxfx_level_z_252,-0.0,0.0030031169299036,0.0030031169299036
42,foreign,underwaterxkospi_return_1d,-0.006769552922743086,0.0002762787044048,0.0070458316271478855
42,foreign,underwaterxfx_level_z_252,-0.0026359508146331827,-0.0019875615835189,0.0006483892311142827
42,foreign,kospi_return_1d,0.008493808578623533,-0.0022358389105647,0.010729647489188233
42,foreign,fx_level_z_252,-0.019931378356037824,-0.0246044788509607,0.0046731004949228765
42,institution,momentum,0.0,3.4724653232842684e-05,3.4724653232842684e-05
42,institution,persist,0.02718996193853099,0.0259093828499317,0.0012805790885992915
42,institution,underwater,-0.0,-5.811067239847034e-06,5.811067239847034e-06
42,institution,momentumxkospi_return_1d,-0.0015647257302940122,-0.0015293763717636,3.534935853041223e-05
42,institution,momentumxfx_level_z_252,0.0005587789469883392,0.000649171473924,9.03925269356608e-05
42,institution,persistxkospi_return_1d,-0.002101049746463065,-0.0021182894706726,1.7239724209534846e-05
42,institution,persistxfx_level_z_252,-2.3035897426033082e-05,-0.0002416926145087,0.00021865671708266692
42,institution,underwaterxkospi_return_1d,0.006907828113185605,0.0068667130544781,4.1115058707505425e-05
42,institution,underwaterxfx_level_z_252,0.0,0.0001372699916828,0.0001372699916828
42,institution,kospi_return_1d,-0.020263687420513904,-0.0194840058684349,0.0007796815520790049
42,institution,fx_level_z_252,-0.005849176231897984,-0.0059816064313054,0.00013243019940741615
42,retail,momentum,-0.03462645269602823,-0.0353830456733703,0.0007565929773420688
42,retail,persist,0.1034023430740502,0.1005200520157814,0.0028822910582688016
42,retail,underwater,0.02574294402190052,0.0273378174751997,0.0015948734532991796
42,retail,momentumxkospi_return_1d,0.0038451981806357804,0.0054086437448859,0.0015634455642501194
42,retail,momentumxfx_level_z_252,-0.0008929410228997478,-0.0020663496106863,0.0011734085877865522
42,retail,persistxkospi_return_1d,-0.00529734040345685,-0.005975245963782,0.0006779055603251503
42,retail,persistxfx_level_z_252,0.0,7.869814726291224e-05,7.869814726291224e-05
42,retail,underwaterxkospi_return_1d,0.0,-0.0002002716646529,0.0002002716646529
42,retail,underwaterxfx_level_z_252,-0.02881060492714834,-0.0282863769680261,0.0005242279591222421
42,retail,kospi_return_1d,0.0335492257193857,0.0317206196486949,0.001828606070690797
42,retail,fx_level_z_252,0.03918204578297196,0.0385037288069725,0.0006783169759994601
43,foreign,momentum,0.046434784767300494,0.046470645815134,3.586104783350613e-05
43,foreign,persist,0.0830920650568814,0.083001047372818,9.101768406340194e-05
43,foreign,underwater,0.009880369082046156,0.0097891176119446,9.125147010155543e-05
43,foreign,momentumxkospi_return_1d,-0.0,-0.000526403717231,0.000526403717231
43,foreign,momentumxfx_level_z_252,-0.004450626067133716,-0.0041184523142874,0.0003321737528463164
43,foreign,persistxkospi_return_1d,-0.0,-0.000834883598145,0.000834883598145
43,foreign,persistxfx_level_z_252,0.003760603147492898,0.0037844339385628,2.383079106990215e-05
43,foreign,underwaterxkospi_return_1d,-0.0005380010069753176,-0.0005790166906081,4.101568363278237e-05
43,foreign,underwaterxfx_level_z_252,-0.010071971789944796,-0.0101020904257893,3.0118635844504638e-05
43,foreign,kospi_return_1d,0.01383643172807905,0.0138221932575106,1.4238470568450276e-05
43,foreign,fx_level_z_252,-0.017355220210899053,-0.0174237620085477,6.854179764864687e-05
43,institution,momentum,-0.003639734108319573,-0.0036566576454788,1.6923537159227106e-05
43,institution,persist,0.020785718728600387,0.0212226528674364,0.00043693413883601206
43,institution,underwater,-0.0,-0.0002217879809904,0.0002217879809904
43,institution,momentumxkospi_return_1d,-0.0005451776425955518,-0.0005594879621639,1.4310319568348146e-05
43,institution,momentumxfx_level_z_252,0.002236183472587129,0.0021903850138187,4.5798458768428734e-05
43,institution,persistxkospi_return_1d,-0.007339711199240713,-0.0074039846658706,6.427346662988675e-05
43,institution,persistxfx_level_z_252,-0.0,-0.0002785355318337,0.0002785355318337
43,institution,underwaterxkospi_return_1d,0.010125974157544898,0.0101412441581487,1.527000060380125e-05
43,institution,underwaterxfx_level_z_252,-0.0,-1.868675826699473e-05,1.868675826699473e-05
43,institution,kospi_return_1d,-0.016082590010116873,-0.0163742639124393,0.0002916739023224278
43,institution,fx_level_z_252,-0.008585117125842217,-0.0084610478952527,0.0001240692305895172
43,retail,momentum,-0.03346835173682759,-0.0343598499894142,0.0008914982525866089
43,retail,persist,0.10188385687739625,0.100835271179676,0.0010485856977202473
43,retail,underwater,0.022923941240690585,0.0241900626569986,0.0012661214163080144
43,retail,momentumxkospi_return_1d,-0.006887844721369746,-0.0072830393910408,0.0003951946696710545
43,retail,momentumxfx_level_z_252,-0.004128955576112336,-0.0056890849955379,0.001560129419425564
43,retail,persistxkospi_return_1d,-0.02457010648319778,-0.0244600474834442,0.00011005899975358169
43,retail,persistxfx_level_z_252,0.007779922943448251,0.0069480310194194,0.0008318919240288512
43,retail,underwaterxkospi_return_1d,-0.0,-0.0002539184060879,0.0002539184060879
43,retail,underwaterxfx_level_z_252,-0.028246913332828406,-0.0304744094610214,0.0022274961281929934
43,retail,kospi_return_1d,0.021421428003094725,0.0198248941451311,0.0015965338579636244
43,retail,fx_level_z_252,0.03151623530889653,0.0317450389266014,0.000228803617704873
44,foreign,momentum,0.04774997268976571,0.0453119575977325,0.002438015092033209
44,foreign,persist,0.08032887551662747,0.0789324566721916,0.001396418844435865
44,foreign,underwater,0.012293882632282642,0.0039257179014384,0.008368164730844242
44,foreign,momentumxkospi_return_1d,-0.0,-0.0019627648871392,0.0019627648871392
44,foreign,momentumxfx_level_z_252,-0.008526166731426489,-0.0096468301489949,0.0011206634175684113
44,foreign,persistxkospi_return_1d,-0.0017627711346463297,-0.0008632633835077,0.0008995077511386297
44,foreign,persistxfx_level_z_252,0.0,-0.0012929189251735,0.0012929189251735
44,foreign,underwaterxkospi_return_1d,-0.0001767347258102739,-0.0013430394465103,0.001166304720700026
44,foreign,underwaterxfx_level_z_252,-0.004303452187096031,0.0030077372211962,0.007311189408292231
44,foreign,kospi_return_1d,0.013179598116051383,0.0157879535108804,0.002608355394829018
44,foreign,fx_level_z_252,-0.024997544949179103,-0.0290111359208822,0.004013590971703097
44,institution,momentum,-0.003082075829187619,-0.0030656582675874,1.6417561600218927e-05
44,institution,persist,0.02417029128978829,0.0239096041768789,0.0002606871129093892
44,institution,underwater,-0.0,-0.0001133805781137,0.0001133805781137
44,institution,momentumxkospi_return_1d,-0.00019495916299874468,-0.000175316381501,1.964278149774469e-05
44,institution,momentumxfx_level_z_252,0.001009680011025959,0.0010205388534814,1.0858842455441003e-05
44,institution,persistxkospi_return_1d,-0.008843895156166392,-0.0088080372661352,3.585789003119136e-05
44,institution,persistxfx_level_z_252,-0.0008574796181748727,-0.0008321987115778,2.5280906597072725e-05
44,institution,underwaterxkospi_return_1d,0.005517371580960929,0.0056399819441139,0.00012261036315297166
44,institution,underwaterxfx_level_z_252,0.0026666053581273956,0.0026646344922482,1.970865879195611e-06
44,institution,kospi_return_1d,-0.01588419664650412,-0.0157740600407123,0.00011013660579181975
44,institution,fx_level_z_252,-0.0035118466655425923,-0.0034583962988108,5.3450366731792095e-05
44,retail,momentum,-0.03700262624239453,-0.0374599359929561,0.00045730975056156725
44,retail,persist,0.09499202279880374,0.0937655344605445,0.0012264883382592379
44,retail,underwater,0.019595181574773024,0.0200739298015832,0.00047874822681017587
44,retail,momentumxkospi_return_1d,-0.006859909463725754,-0.0072488952428102,0.00038898577908444594
44,retail,momentumxfx_level_z_252,-0.0,-0.000229478435358,0.000229478435358
44,retail,persistxkospi_return_1d,-0.02892821764005736,-0.0287436619400978,0.00018455569995956198
44,retail,persistxfx_level_z_252,0.009573783801814098,0.0092280441895127,0.00034573961230139824
44,retail,underwaterxkospi_return_1d,0.0,-0.0002426609862595,0.0002426609862595
44,retail,underwaterxfx_level_z_252,-0.03592158326215133,-0.0355044156312942,0.0004171676308571265
44,retail,kospi_return_1d,0.01796951465372676,0.0162699352949857,0.0016995793587410608
44,retail,fx_level_z_252,0.03323001321238972,0.0340602472424507,0.0008302340300609806
