epoch,parameter,feature,context,weight
0,beta,momentum,,0.0
0,beta,persist,,0.0
0,beta,underwater,,0.0
0,B,momentum,kospi_return_1d,0.0
0,B,momentum,fx_level_z_252,0.0
0,B,persist,kospi_return_1d,0.0
0,B,persist,fx_level_z_252,0.0
0,B,underwater,kospi_return_1d,0.0
0,B,underwater,fx_level_z_252,0.0
0,alpha,,kospi_return_1d,0.0
0,alpha,,fx_level_z_252,0.0
1,beta,momentum,,-0.0019938694313168526
1,beta,persist,,0.0019986608531326056
1,beta,underwater,,0.001999635249376297
1,B,momentum,kospi_return_1d,0.0007882109493948519
1,B,momentum,fx_level_z_252,0.001974292565137148
1,B,persist,kospi_return_1d,0.00027606351068243384
1,B,persist,fx_level_z_252,-0.001993519254028797
1,B,underwater,kospi_return_1d,-0.001987356459721923
1,B,underwater,fx_level_z_252,-0.0019141489174216986
1,alpha,,kospi_return_1d,-0.001865145517513156
1,alpha,,fx_level_z_252,0.0019596030469983816
2,beta,momentum,,-0.003959912806749344
2,beta,persist,,0.003982968628406525
2,beta,underwater,,0.003964627627283335
2,B,momentum,kospi_return_1d,0.000514355837367475
2,B,momentum,fx_level_z_252,0.0038397288881242275
2,B,persist,kospi_return_1d,-0.0005927475867792964
2,B,persist,fx_level_z_252,-0.003958618268370628
2,B,underwater,kospi_return_1d,-0.003642016090452671
2,B,underwater,fx_level_z_252,-0.0038077370263636112
2,alpha,,kospi_return_1d,-0.003651150967925787
2,alpha,,fx_level_z_252,0.003859044751152396
3,beta,momentum,,-0.0059035709127783775
3,beta,persist,,0.005954730790108442
3,beta,underwater,,0.005889899097383022
3,B,momentum,kospi_return_1d,0.00060319434851408
3,B,momentum,fx_level_z_252,0.00558945257216692
3,B,persist,kospi_return_1d,-0.0014023776166141033
3,B,persist,fx_level_z_252,-0.005878448020666838
3,B,underwater,kospi_return_1d,-0.005034819710999727
3,B,underwater,fx_level_z_252,-0.005713833030313253
3,alpha,,kospi_return_1d,-0.005462273024022579
3,alpha,,fx_level_z_252,0.005764585454016924
4,beta,momentum,,-0.00783773884177208
4,beta,persist,,0.007905676029622555
4,beta,underwater,,0.007802479434758425
4,B,momentum,kospi_return_1d,0.0006347992457449436
4,B,momentum,fx_level_z_252,0.007363726384937763
4,B,persist,kospi_return_1d,-0.0022334905806928873
4,B,persist,fx_level_z_252,-0.007723850663751364
4,B,underwater,kospi_return_1d,-0.006093158852308989
4,B,underwater,fx_level_z_252,-0.007594292052090168
4,alpha,,kospi_return_1d,-0.007201992906630039
4,alpha,,fx_level_z_252,0.00765572115778923
5,beta,momentum,,-0.00974000059068203
5,beta,persist,,0.009839452803134918
5,beta,underwater,,0.00966393668204546
5,B,momentum,kospi_return_1d,0.0003631698782555759
5,B,momentum,fx_level_z_252,0.009091422893106937
5,B,persist,kospi_return_1d,-0.0027208307292312384
5,B,persist,fx_level_z_252,-0.00950494036078453
5,B,underwater,kospi_return_1d,-0.006474228575825691
5,B,underwater,fx_level_z_252,-0.009435662999749184
5,alpha,,kospi_return_1d,-0.008832041174173355
5,alpha,,fx_level_z_252,0.009509003721177578
6,beta,momentum,,-0.011626719497144222
6,beta,persist,,0.011738447472453117
6,beta,underwater,,0.011510227806866169
6,B,momentum,kospi_return_1d,0.00033304531825706363
6,B,momentum,fx_level_z_252,0.010687243193387985
6,B,persist,kospi_return_1d,-0.0031691500917077065
6,B,persist,fx_level_z_252,-0.011024000123143196
6,B,underwater,kospi_return_1d,-0.006994093302637339
6,B,underwater,fx_level_z_252,-0.011073029600083828
6,alpha,,kospi_return_1d,-0.01020871289074421
6,alpha,,fx_level_z_252,0.01130681298673153
7,beta,momentum,,-0.013479754328727722
7,beta,persist,,0.013599948957562447
7,beta,underwater,,0.013331383466720581
7,B,momentum,kospi_return_1d,0.0003146438975818455
7,B,momentum,fx_level_z_252,0.012053385376930237
7,B,persist,kospi_return_1d,-0.0036025000736117363
7,B,persist,fx_level_z_252,-0.012154867872595787
7,B,underwater,kospi_return_1d,-0.007481380365788937
7,B,underwater,fx_level_z_252,-0.012449374422430992
7,alpha,,kospi_return_1d,-0.011356149800121784
7,alpha,,fx_level_z_252,0.013093599118292332
8,beta,momentum,,-0.01529340073466301
8,beta,persist,,0.01543410774320364
8,beta,underwater,,0.015107549726963043
8,B,momentum,kospi_return_1d,0.000294577912427485
8,B,momentum,fx_level_z_252,0.013210028409957886
8,B,persist,kospi_return_1d,-0.0041973586194217205
8,B,persist,fx_level_z_252,-0.013006086461246014
8,B,underwater,kospi_return_1d,-0.007961593568325043
8,B,underwater,fx_level_z_252,-0.013673818670213223
8,alpha,,kospi_return_1d,-0.012365664355456829
8,alpha,,fx_level_z_252,0.014846022240817547
9,beta,momentum,,-0.01705695316195488
9,beta,persist,,0.01725381799042225
9,beta,underwater,,0.016832754015922546
9,B,momentum,kospi_return_1d,0.0002854359336197376
9,B,momentum,fx_level_z_252,0.01426854357123375
9,B,persist,kospi_return_1d,-0.004638988059014082
9,B,persist,fx_level_z_252,-0.013697358779609203
9,B,underwater,kospi_return_1d,-0.008330884389579296
9,B,underwater,fx_level_z_252,-0.014906812459230423
9,alpha,,kospi_return_1d,-0.013082128949463367
9,alpha,,fx_level_z_252,0.016582123935222626
10,beta,momentum,,-0.018762903288006783
10,beta,persist,,0.01903483271598816
10,beta,underwater,,0.01846790872514248
10,B,momentum,kospi_return_1d,6.157049938337877e-05
10,B,momentum,fx_level_z_252,0.015193958766758442
10,B,persist,kospi_return_1d,-0.004799881484359503
10,B,persist,fx_level_z_252,-0.014393861405551434
10,B,underwater,kospi_return_1d,-0.008497299626469612
10,B,underwater,fx_level_z_252,-0.01611568033695221
10,alpha,,kospi_return_1d,-0.013297953642904758
10,alpha,,fx_level_z_252,0.0182751826941967
11,beta,momentum,,-0.020340463146567345
11,beta,persist,,0.020754121243953705
11,beta,underwater,,0.020004551857709885
11,B,momentum,kospi_return_1d,-8.295329462271184e-05
11,B,momentum,fx_level_z_252,0.015772588551044464
11,B,persist,kospi_return_1d,-0.005161779001355171
11,B,persist,fx_level_z_252,-0.014805094338953495
11,B,underwater,kospi_return_1d,-0.008624613285064697
11,B,underwater,fx_level_z_252,-0.01714296266436577
11,alpha,,kospi_return_1d,-0.013290226459503174
11,alpha,,fx_level_z_252,0.01988118141889572
12,beta,momentum,,-0.02185015380382538
12,beta,persist,,0.022421415895223618
12,beta,underwater,,0.02149265818297863
12,B,momentum,kospi_return_1d,-7.402782648568973e-05
12,B,momentum,fx_level_z_252,0.016064921393990517
12,B,persist,kospi_return_1d,-0.0055558281019330025
12,B,persist,fx_level_z_252,-0.014967959374189377
12,B,underwater,kospi_return_1d,-0.008701126091182232
12,B,underwater,fx_level_z_252,-0.017940999940037727
12,alpha,,kospi_return_1d,-0.01313832774758339
12,alpha,,fx_level_z_252,0.021402526646852493
13,beta,momentum,,-0.02326164022088051
13,beta,persist,,0.0240329522639513
13,beta,underwater,,0.022891612723469734
13,B,momentum,kospi_return_1d,0.0001742256135912612
13,B,momentum,fx_level_z_252,0.016191089525818825
13,B,persist,kospi_return_1d,-0.005838136188685894
13,B,persist,fx_level_z_252,-0.014884447678923607
13,B,underwater,kospi_return_1d,-0.008671755902469158
13,B,underwater,fx_level_z_252,-0.01864880882203579
13,alpha,,kospi_return_1d,-0.01279296725988388
13,alpha,,fx_level_z_252,0.022881697863340378
14,beta,momentum,,-0.024593383073806763
14,beta,persist,,0.025572502985596657
14,beta,underwater,,0.024198926985263824
14,B,momentum,kospi_return_1d,0.00023535819491371512
14,B,momentum,fx_level_z_252,0.01618308015167713
14,B,persist,kospi_return_1d,-0.006051998119801283
14,B,persist,fx_level_z_252,-0.014544514007866383
14,B,underwater,kospi_return_1d,-0.008412260562181473
14,B,underwater,fx_level_z_252,-0.019343489781022072
14,alpha,,kospi_return_1d,-0.01221588347107172
14,alpha,,fx_level_z_252,0.024315882474184036
15,beta,momentum,,-0.02585388347506523
15,beta,persist,,0.027078969404101372
15,beta,underwater,,0.025409922003746033
15,B,momentum,kospi_return_1d,0.00021660124184563756
15,B,momentum,fx_level_z_252,0.016070103272795677
15,B,persist,kospi_return_1d,-0.006113517098128796
15,B,persist,fx_level_z_252,-0.014169156551361084
15,B,underwater,kospi_return_1d,-0.007879000157117844
15,B,underwater,fx_level_z_252,-0.020028622820973396
15,alpha,,kospi_return_1d,-0.011428347788751125
15,alpha,,fx_level_z_252,0.025645999237895012
16,beta,momentum,,-0.027028370648622513
16,beta,persist,,0.02855413407087326
16,beta,underwater,,0.026517024263739586
16,B,momentum,kospi_return_1d,9.882402082439512e-05
16,B,momentum,fx_level_z_252,0.015825243666768074
16,B,persist,kospi_return_1d,-0.006252473685890436
16,B,persist,fx_level_z_252,-0.013711031526327133
16,B,underwater,kospi_return_1d,-0.0072511909529566765
16,B,underwater,fx_level_z_252,-0.02073514088988304
16,alpha,,kospi_return_1d,-0.010455521754920483
16,alpha,,fx_level_z_252,0.026955073699355125
17,beta,momentum,,-0.028128469362854958
17,beta,persist,,0.029998471960425377
17,beta,underwater,,0.027544749900698662
17,B,momentum,kospi_return_1d,2.302975917700678e-05
17,B,momentum,fx_level_z_252,0.01539720967411995
17,B,persist,kospi_return_1d,-0.006387908011674881
17,B,persist,fx_level_z_252,-0.01317519973963499
17,B,underwater,kospi_return_1d,-0.006647222209721804
17,B,underwater,fx_level_z_252,-0.021400127559900284
17,alpha,,kospi_return_1d,-0.009282155893743038
17,alpha,,fx_level_z_252,0.028264792636036873
18,beta,momentum,,-0.02913656271994114
18,beta,persist,,0.0314115509390831
18,beta,underwater,,0.02850334346294403
18,B,momentum,kospi_return_1d,0.00017213955288752913
18,B,momentum,fx_level_z_252,0.01487670186907053
18,B,persist,kospi_return_1d,-0.006682141218334436
18,B,persist,fx_level_z_252,-0.012500395998358727
18,B,underwater,kospi_return_1d,-0.006011394318193197
18,B,underwater,fx_level_z_252,-0.022014552727341652
18,alpha,,kospi_return_1d,-0.008082209154963493
18,alpha,,fx_level_z_252,0.029500283300876617
19,beta,momentum,,-0.029992448166012764
19,beta,persist,,0.03275291249155998
19,beta,underwater,,0.0292819831520319
19,B,momentum,kospi_return_1d,0.00040411154623143375
19,B,momentum,fx_level_z_252,0.014277581125497818
19,B,persist,kospi_return_1d,-0.006998179014772177
19,B,persist,fx_level_z_252,-0.011706813238561153
19,B,underwater,kospi_return_1d,-0.005230060312896967
19,B,underwater,fx_level_z_252,-0.022710347548127174
19,alpha,,kospi_return_1d,-0.006755501497536898
19,alpha,,fx_level_z_252,0.030590610578656197
20,beta,momentum,,-0.030807293951511383
20,beta,persist,,0.03402756154537201
20,beta,underwater,,0.02996273711323738
20,B,momentum,kospi_return_1d,0.0006147815729491413
20,B,momentum,fx_level_z_252,0.013714542612433434
20,B,persist,kospi_return_1d,-0.007398912217468023
20,B,persist,fx_level_z_252,-0.01100185513496399
20,B,underwater,kospi_return_1d,-0.004525331314653158
20,B,underwater,fx_level_z_252,-0.023512504994869232
20,alpha,,kospi_return_1d,-0.005335172638297081
20,alpha,,fx_level_z_252,0.03160245716571808
21,beta,momentum,,-0.03156674653291702
21,beta,persist,,0.035293594002723694
21,beta,underwater,,0.03061012551188469
21,B,momentum,kospi_return_1d,0.0008877729997038841
21,B,momentum,fx_level_z_252,0.013133656233549118
21,B,persist,kospi_return_1d,-0.00792123842984438
21,B,persist,fx_level_z_252,-0.010352264158427715
21,B,underwater,kospi_return_1d,-0.0037689378950744867
21,B,underwater,fx_level_z_252,-0.024274427443742752
21,alpha,,kospi_return_1d,-0.003977424465119839
21,alpha,,fx_level_z_252,0.03256868198513985
22,beta,momentum,,-0.03222096338868141
22,beta,persist,,0.036501575261354446
22,beta,underwater,,0.031170999631285667
22,B,momentum,kospi_return_1d,0.0012968217488378286
22,B,momentum,fx_level_z_252,0.012449344620108604
22,B,persist,kospi_return_1d,-0.008563589304685593
22,B,persist,fx_level_z_252,-0.009788308292627335
22,B,underwater,kospi_return_1d,-0.0030221317429095507
22,B,underwater,fx_level_z_252,-0.02516147308051586
22,alpha,,kospi_return_1d,-0.002484868047758937
22,alpha,,fx_level_z_252,0.03350289911031723
23,beta,momentum,,-0.032859861850738525
23,beta,persist,,0.03772634267807007
23,beta,underwater,,0.03172995150089264
23,B,momentum,kospi_return_1d,0.0018432455835863948
23,B,momentum,fx_level_z_252,0.011671465821564198
23,B,persist,kospi_return_1d,-0.009206670336425304
23,B,persist,fx_level_z_252,-0.00927230715751648
23,B,underwater,kospi_return_1d,-0.002275420119985938
23,B,underwater,fx_level_z_252,-0.02587304450571537
23,alpha,,kospi_return_1d,-0.0010055128950625658
23,alpha,,fx_level_z_252,0.03436668962240219
24,beta,momentum,,-0.033458828926086426
24,beta,persist,,0.03892595320940018
24,beta,underwater,,0.032225351780653
24,B,momentum,kospi_return_1d,0.002225638832896948
24,B,momentum,fx_level_z_252,0.010804989375174046
24,B,persist,kospi_return_1d,-0.00979814026504755
24,B,persist,fx_level_z_252,-0.008678991347551346
24,B,underwater,kospi_return_1d,-0.0016168009024113417
24,B,underwater,fx_level_z_252,-0.026520250365138054
24,alpha,,kospi_return_1d,0.0004906441317871213
24,alpha,,fx_level_z_252,0.035180240869522095
25,beta,momentum,,-0.03404942899942398
25,beta,persist,,0.04011281207203865
25,beta,underwater,,0.03263992443680763
25,B,momentum,kospi_return_1d,0.002693743212148547
25,B,momentum,fx_level_z_252,0.009916011244058609
25,B,persist,kospi_return_1d,-0.010375830344855785
25,B,persist,fx_level_z_252,-0.007978841662406921
25,B,underwater,kospi_return_1d,-0.0009905408369377255
25,B,underwater,fx_level_z_252,-0.027108874171972275
25,alpha,,kospi_return_1d,0.001956109656020999
25,alpha,,fx_level_z_252,0.03587479144334793
26,beta,momentum,,-0.03461750969290733
26,beta,persist,,0.0412798672914505
26,beta,underwater,,0.03301062434911728
26,B,momentum,kospi_return_1d,0.002958409022539854
26,B,momentum,fx_level_z_252,0.009093389846384525
26,B,persist,kospi_return_1d,-0.010664097033441067
26,B,persist,fx_level_z_252,-0.007348394487053156
26,B,underwater,kospi_return_1d,-0.00033923087175935507
26,B,underwater,fx_level_z_252,-0.027695413678884506
26,alpha,,kospi_return_1d,0.0034162411466240883
26,alpha,,fx_level_z_252,0.03645984083414078
27,beta,momentum,,-0.035157039761543274
27,beta,persist,,0.0424482636153698
27,beta,underwater,,0.03332725167274475
27,B,momentum,kospi_return_1d,0.003031419590115547
27,B,momentum,fx_level_z_252,0.008190473541617393
27,B,persist,kospi_return_1d,-0.01109560951590538
27,B,persist,fx_level_z_252,-0.006701983045786619
27,B,underwater,kospi_return_1d,0.0002699564502108842
27,B,underwater,fx_level_z_252,-0.028112003579735756
27,alpha,,kospi_return_1d,0.0047524189576506615
27,alpha,,fx_level_z_252,0.03703819587826729
28,beta,momentum,,-0.03563394397497177
28,beta,persist,,0.043568067252635956
28,beta,underwater,,0.03351408988237381
28,B,momentum,kospi_return_1d,0.003090109210461378
28,B,momentum,fx_level_z_252,0.007373817730695009
28,B,persist,kospi_return_1d,-0.011497851461172104
28,B,persist,fx_level_z_252,-0.005996362306177616
28,B,underwater,kospi_return_1d,0.0008652635151520371
28,B,underwater,fx_level_z_252,-0.0286935456097126
28,alpha,,kospi_return_1d,0.006059641949832439
28,alpha,,fx_level_z_252,0.03758866339921951
29,beta,momentum,,-0.0360589399933815
29,beta,persist,,0.044670023024082184
29,beta,underwater,,0.03366565704345703
29,B,momentum,kospi_return_1d,0.003228850895538926
29,B,momentum,fx_level_z_252,0.006577384192496538
29,B,persist,kospi_return_1d,-0.012000823393464088
29,B,persist,fx_level_z_252,-0.005278391297906637
29,B,underwater,kospi_return_1d,0.0013912587892264128
29,B,underwater,fx_level_z_252,-0.02933899499475956
29,alpha,,kospi_return_1d,0.007220769301056862
29,alpha,,fx_level_z_252,0.03803206607699394
30,beta,momentum,,-0.03641278296709061
30,beta,persist,,0.04574771970510483
30,beta,underwater,,0.03371986746788025
30,B,momentum,kospi_return_1d,0.0032424970995634794
30,B,momentum,fx_level_z_252,0.005810766015201807
30,B,persist,kospi_return_1d,-0.012433148920536041
30,B,persist,fx_level_z_252,-0.004574967082589865
30,B,underwater,kospi_return_1d,0.0017243355978280306
30,B,underwater,fx_level_z_252,-0.030091721564531326
30,alpha,,kospi_return_1d,0.008375328034162521
30,alpha,,fx_level_z_252,0.038422081619501114
31,beta,momentum,,-0.036725327372550964
31,beta,persist,,0.046834416687488556
31,beta,underwater,,0.033678725361824036
31,B,momentum,kospi_return_1d,0.003041929332539439
31,B,momentum,fx_level_z_252,0.0050684865564107895
31,B,persist,kospi_return_1d,-0.0127226822078228
31,B,persist,fx_level_z_252,-0.003937290515750647
31,B,underwater,kospi_return_1d,0.0020898357033729553
31,B,underwater,fx_level_z_252,-0.030894260853528976
31,alpha,,kospi_return_1d,0.009273529052734375
31,alpha,,fx_level_z_252,0.03875512257218361
32,beta,momentum,,-0.03702579811215401
32,beta,persist,,0.04788842424750328
32,beta,underwater,,0.03362905606627464
32,B,momentum,kospi_return_1d,0.002868008567020297
32,B,momentum,fx_level_z_252,0.004388825967907906
32,B,persist,kospi_return_1d,-0.013144442811608315
32,B,persist,fx_level_z_252,-0.003313512308523059
32,B,underwater,kospi_return_1d,0.0022676449734717607
32,B,underwater,fx_level_z_252,-0.03169615566730499
32,alpha,,kospi_return_1d,0.010042613372206688
32,alpha,,fx_level_z_252,0.039001382887363434
33,beta,momentum,,-0.03736529499292374
33,beta,persist,,0.04891379550099373
33,beta,underwater,,0.033595118671655655
33,B,momentum,kospi_return_1d,0.0025665860157459974
33,B,momentum,fx_level_z_252,0.0037938710302114487
33,B,persist,kospi_return_1d,-0.01346894446760416
33,B,persist,fx_level_z_252,-0.0025926013477146626
33,B,underwater,kospi_return_1d,0.0023374026641249657
33,B,underwater,fx_level_z_252,-0.03253430500626564
33,alpha,,kospi_return_1d,0.010724097490310669
33,alpha,,fx_level_z_252,0.039189018309116364
34,beta,momentum,,-0.037641752511262894
34,beta,persist,,0.049895837903022766
34,beta,underwater,,0.03346654027700424
34,B,momentum,kospi_return_1d,0.002315254881978035
34,B,momentum,fx_level_z_252,0.003218283411115408
34,B,persist,kospi_return_1d,-0.013806535862386227
34,B,persist,fx_level_z_252,-0.001854337053373456
34,B,underwater,kospi_return_1d,0.0022015932481735945
34,B,underwater,fx_level_z_252,-0.033463649451732635
34,alpha,,kospi_return_1d,0.01145963091403246
34,alpha,,fx_level_z_252,0.03932325541973114
35,beta,momentum,,-0.037879619747400284
35,beta,persist,,0.050897084176540375
35,beta,underwater,,0.033332303166389465
35,B,momentum,kospi_return_1d,0.002278883708640933
35,B,momentum,fx_level_z_252,0.002706146566197276
35,B,persist,kospi_return_1d,-0.014142991974949837
35,B,persist,fx_level_z_252,-0.0012570967664942145
35,B,underwater,kospi_return_1d,0.0020631062798202038
35,B,underwater,fx_level_z_252,-0.034290678799152374
35,alpha,,kospi_return_1d,0.01210823655128479
35,alpha,,fx_level_z_252,0.03932029753923416
36,beta,momentum,,-0.038036901503801346
36,beta,persist,,0.051875438541173935
36,beta,underwater,,0.03314303979277611
36,B,momentum,kospi_return_1d,0.0022946030367165804
36,B,momentum,fx_level_z_252,0.002234548097476363
36,B,persist,kospi_return_1d,-0.014261888340115547
36,B,persist,fx_level_z_252,-0.0008102941210381687
36,B,underwater,kospi_return_1d,0.001979976426810026
36,B,underwater,fx_level_z_252,-0.03511572256684303
36,alpha,,kospi_return_1d,0.0128452954813838
36,alpha,,fx_level_z_252,0.03936229646205902
37,beta,momentum,,-0.0382281132042408
37,beta,persist,,0.05288984626531601
37,beta,underwater,,0.03296905755996704
37,B,momentum,kospi_return_1d,0.0022870730608701706
37,B,momentum,fx_level_z_252,0.0017730006948113441
37,B,persist,kospi_return_1d,-0.014368784613907337
37,B,persist,fx_level_z_252,-0.0004039991181343794
37,B,underwater,kospi_return_1d,0.0019137630006298423
37,B,underwater,fx_level_z_252,-0.035845015197992325
37,alpha,,kospi_return_1d,0.013508418574929237
37,alpha,,fx_level_z_252,0.03942915424704552
38,beta,momentum,,-0.03836707025766373
38,beta,persist,,0.053899217396974564
38,beta,underwater,,0.032730285078287125
38,B,momentum,kospi_return_1d,0.002268073381856084
38,B,momentum,fx_level_z_252,0.0013283881125971675
38,B,persist,kospi_return_1d,-0.014378240332007408
38,B,persist,fx_level_z_252,-0.0001109306322177872
38,B,underwater,kospi_return_1d,0.0018216832540929317
38,B,underwater,fx_level_z_252,-0.036587201058864594
38,alpha,,kospi_return_1d,0.014123944565653801
38,alpha,,fx_level_z_252,0.03941887989640236
39,beta,momentum,,-0.038508735597133636
39,beta,persist,,0.05493539199233055
39,beta,underwater,,0.032542962580919266
39,B,momentum,kospi_return_1d,0.002569920849055052
39,B,momentum,fx_level_z_252,0.0010081988293677568
39,B,persist,kospi_return_1d,-0.014368202537298203
39,B,persist,fx_level_z_252,0.00010785821359604597
39,B,underwater,kospi_return_1d,0.0016495607560500503
39,B,underwater,fx_level_z_252,-0.03727186471223831
39,alpha,,kospi_return_1d,0.01473078690469265
39,alpha,,fx_level_z_252,0.03944847360253334
40,beta,momentum,,-0.03868009150028229
40,beta,persist,,0.05597628653049469
40,beta,underwater,,0.03238893672823906
40,B,momentum,kospi_return_1d,0.0030473233200609684
40,B,momentum,fx_level_z_252,0.0007266097818501294
40,B,persist,kospi_return_1d,-0.014328287914395332
40,B,persist,fx_level_z_252,0.0001230371999554336
40,B,underwater,kospi_return_1d,0.0012179049663245678
40,B,underwater,fx_level_z_252,-0.03792128339409828
40,alpha,,kospi_return_1d,0.015328671783208847
40,alpha,,fx_level_z_252,0.039511751383543015
41,beta,momentum,,-0.03888629749417305
41,beta,persist,,0.05701857805252075
41,beta,underwater,,0.032283347100019455
41,B,momentum,kospi_return_1d,0.0033585247583687305
41,B,momentum,fx_level_z_252,0.00040716040530242026
41,B,persist,kospi_return_1d,-0.014238687232136726
41,B,persist,fx_level_z_252,-4.284573515178636e-05
41,B,underwater,kospi_return_1d,0.0009634000598452985
41,B,underwater,fx_level_z_252,-0.03841869533061981
41,alpha,,kospi_return_1d,0.01580715738236904
41,alpha,,fx_level_z_252,0.03957127034664154
42,beta,momentum,,-0.03909291699528694
42,beta,persist,,0.05806201696395874
42,beta,underwater,,0.03220370411872864
42,B,momentum,kospi_return_1d,0.00357821979559958
42,B,momentum,fx_level_z_252,0.00020356540335342288
42,B,persist,kospi_return_1d,-0.014125232584774494
42,B,persist,fx_level_z_252,-0.0002439059317111969
42,B,underwater,kospi_return_1d,0.0007107253186404705
42,B,underwater,fx_level_z_252,-0.03885927423834801
42,alpha,,kospi_return_1d,0.016180040314793587
42,alpha,,fx_level_z_252,0.039666548371315
43,beta,momentum,,-0.039301078766584396
43,beta,persist,,0.05913148820400238
43,beta,underwater,,0.03216470032930374
43,B,momentum,kospi_return_1d,0.0038975027855485678
43,B,momentum,fx_level_z_252,-0.00015784862625878304
43,B,persist,kospi_return_1d,-0.014102144166827202
43,B,persist,fx_level_z_252,-0.0004108358407393098
43,B,underwater,kospi_return_1d,0.00044806007645092905
43,B,underwater,fx_level_z_252,-0.03907559812068939
43,alpha,,kospi_return_1d,0.01648542657494545
43,alpha,,fx_level_z_252,0.039734918624162674
44,beta,momentum,,-0.03948304429650307
44,beta,persist,,0.06015322729945183
44,beta,underwater,,0.03207922726869583
44,B,momentum,kospi_return_1d,0.004208293277770281
44,B,momentum,fx_level_z_252,-0.0003280866367276758
44,B,persist,kospi_return_1d,-0.0140962740406394
44,B,persist,fx_level_z_252,-0.0005202870815992355
44,B,underwater,kospi_return_1d,0.00020650119404308498
44,B,underwater,fx_level_z_252,-0.03929118067026138
44,alpha,,kospi_return_1d,0.016746269538998604
44,alpha,,fx_level_z_252,0.03970404714345932
45,beta,momentum,,-0.03966454043984413
45,beta,persist,,0.06114411726593971
45,beta,underwater,,0.03198596090078354
45,B,momentum,kospi_return_1d,0.004458629991859198
45,B,momentum,fx_level_z_252,-0.0004940644721500576
45,B,persist,kospi_return_1d,-0.014115678146481514
45,B,persist,fx_level_z_252,-0.0004640727420337498
45,B,underwater,kospi_return_1d,-4.7379340685438365e-05
45,B,underwater,fx_level_z_252,-0.03946150094270706
45,alpha,,kospi_return_1d,0.017069483175873756
45,alpha,,fx_level_z_252,0.039690058678388596
46,beta,momentum,,-0.0398375540971756
46,beta,persist,,0.062136318534612656
46,beta,underwater,,0.03188400715589523
46,B,momentum,kospi_return_1d,0.004479696042835712
46,B,momentum,fx_level_z_252,-0.0006461624871008098
46,B,persist,kospi_return_1d,-0.014020486734807491
46,B,persist,fx_level_z_252,-0.00047154861385934055
46,B,underwater,kospi_return_1d,-9.12024624994956e-05
46,B,underwater,fx_level_z_252,-0.03970802202820778
46,alpha,,kospi_return_1d,0.017416134476661682
46,alpha,,fx_level_z_252,0.03973449021577835
47,beta,momentum,,-0.039932262152433395
47,beta,persist,,0.06309828907251358
47,beta,underwater,,0.031748950481414795
47,B,momentum,kospi_return_1d,0.004443231970071793
47,B,momentum,fx_level_z_252,-0.0008836952038109303
47,B,persist,kospi_return_1d,-0.01381431519985199
47,B,persist,fx_level_z_252,-0.00044414159492589533
47,B,underwater,kospi_return_1d,8.64192406879738e-05
47,B,underwater,fx_level_z_252,-0.03991075977683067
47,alpha,,kospi_return_1d,0.017663251608610153
47,alpha,,fx_level_z_252,0.03981713578104973
48,beta,momentum,,-0.03995650261640549
48,beta,persist,,0.06398491561412811
48,beta,underwater,,0.03157702833414078
48,B,momentum,kospi_return_1d,0.004537875764071941
48,B,momentum,fx_level_z_252,-0.001171140931546688
48,B,persist,kospi_return_1d,-0.013623885810375214
48,B,persist,fx_level_z_252,-0.0001656778622418642
48,B,underwater,kospi_return_1d,0.00028014054987579584
48,B,underwater,fx_level_z_252,-0.03996410593390465
48,alpha,,kospi_return_1d,0.018093569204211235
48,alpha,,fx_level_z_252,0.039813604205846786
49,beta,momentum,,-0.03988918289542198
49,beta,persist,,0.06483631581068039
49,beta,underwater,,0.03128170222043991
49,B,momentum,kospi_return_1d,0.004624506458640099
49,B,momentum,fx_level_z_252,-0.0015148785896599293
49,B,persist,kospi_return_1d,-0.013573309406638145
49,B,persist,fx_level_z_252,0.00011815642938017845
49,B,underwater,kospi_return_1d,0.00033415702637284994
49,B,underwater,fx_level_z_252,-0.03996137157082558
49,alpha,,kospi_return_1d,0.01854068785905838
49,alpha,,fx_level_z_252,0.03974740207195282
50,beta,momentum,,-0.03974224254488945
50,beta,persist,,0.06563735008239746
50,beta,underwater,,0.030967606231570244
50,B,momentum,kospi_return_1d,0.0047299121506512165
50,B,momentum,fx_level_z_252,-0.0018686633557081223
50,B,persist,kospi_return_1d,-0.01361925806850195
50,B,persist,fx_level_z_252,0.0005567950429394841
50,B,underwater,kospi_return_1d,0.0003833258815575391
50,B,underwater,fx_level_z_252,-0.04000440984964371
50,alpha,,kospi_return_1d,0.01913309283554554
50,alpha,,fx_level_z_252,0.03956778720021248
51,beta,momentum,,-0.03961379826068878
51,beta,persist,,0.0664491355419159
51,beta,underwater,,0.0306632611900568
51,B,momentum,kospi_return_1d,0.004770337138324976
51,B,momentum,fx_level_z_252,-0.0019934680312871933
51,B,persist,kospi_return_1d,-0.013523721136152744
51,B,persist,fx_level_z_252,0.0007183806737884879
51,B,underwater,kospi_return_1d,0.0004218399990350008
51,B,underwater,fx_level_z_252,-0.040164846926927567
51,alpha,,kospi_return_1d,0.019799605011940002
51,alpha,,fx_level_z_252,0.0394270196557045
52,beta,momentum,,-0.03946063295006752
52,beta,persist,,0.06720741838216782
52,beta,underwater,,0.030298538506031036
52,B,momentum,kospi_return_1d,0.004738820716738701
52,B,momentum,fx_level_z_252,-0.001952013117261231
52,B,persist,kospi_return_1d,-0.013446295633912086
52,B,persist,fx_level_z_252,0.000848263967782259
52,B,underwater,kospi_return_1d,0.0005097540561109781
52,B,underwater,fx_level_z_252,-0.04044531658291817
52,alpha,,kospi_return_1d,0.020510749891400337
52,alpha,,fx_level_z_252,0.03924106806516647
53,beta,momentum,,-0.039344072341918945
53,beta,persist,,0.06793807446956635
53,beta,underwater,,0.02993328869342804
53,B,momentum,kospi_return_1d,0.004339824430644512
53,B,momentum,fx_level_z_252,-0.0017184445168823004
53,B,persist,kospi_return_1d,-0.013302191160619259
53,B,persist,fx_level_z_252,0.0007983878022059798
53,B,underwater,kospi_return_1d,0.0006310158059932292
53,B,underwater,fx_level_z_252,-0.0408170185983181
53,alpha,,kospi_return_1d,0.021074440330266953
53,alpha,,fx_level_z_252,0.03909376636147499
54,beta,momentum,,-0.03933113068342209
54,beta,persist,,0.06874225288629532
54,beta,underwater,,0.02965322509407997
54,B,momentum,kospi_return_1d,0.0040228888392448425
54,B,momentum,fx_level_z_252,-0.0013575688935816288
54,B,persist,kospi_return_1d,-0.013117736205458641
54,B,persist,fx_level_z_252,0.0005850858869962394
54,B,underwater,kospi_return_1d,0.0005790554569102824
54,B,underwater,fx_level_z_252,-0.041113369166851044
54,alpha,,kospi_return_1d,0.021433604881167412
54,alpha,,fx_level_z_252,0.0390099361538887
55,beta,momentum,,-0.0393199697136879
55,beta,persist,,0.0695037767291069
55,beta,underwater,,0.029378972947597504
55,B,momentum,kospi_return_1d,0.0038572002667933702
55,B,momentum,fx_level_z_252,-0.0010171560570597649
55,B,persist,kospi_return_1d,-0.01328772958368063
55,B,persist,fx_level_z_252,0.0004482940712478012
55,B,underwater,kospi_return_1d,0.0002613468677736819
55,B,underwater,fx_level_z_252,-0.041371140629053116
55,alpha,,kospi_return_1d,0.021765844896435738
55,alpha,,fx_level_z_252,0.0389612652361393
56,beta,momentum,,-0.0393049381673336
56,beta,persist,,0.0702698826789856
56,beta,underwater,,0.029146714136004448
56,B,momentum,kospi_return_1d,0.0037960715126246214
56,B,momentum,fx_level_z_252,-0.0008043004781939089
56,B,persist,kospi_return_1d,-0.013630077242851257
56,B,persist,fx_level_z_252,0.00033697945764288306
56,B,underwater,kospi_return_1d,-0.00020331422274466604
56,B,underwater,fx_level_z_252,-0.041612476110458374
56,alpha,,kospi_return_1d,0.022083736956119537
56,alpha,,fx_level_z_252,0.03905407339334488
57,beta,momentum,,-0.039334651082754135
57,beta,persist,,0.07099968940019608
57,beta,underwater,,0.028935886919498444
57,B,momentum,kospi_return_1d,0.003722035326063633
57,B,momentum,fx_level_z_252,-0.0007289687055163085
57,B,persist,kospi_return_1d,-0.0139531921595335
57,B,persist,fx_level_z_252,0.0002907955495174974
57,B,underwater,kospi_return_1d,-0.000524520524777472
57,B,underwater,fx_level_z_252,-0.04161642864346504
57,alpha,,kospi_return_1d,0.022344598546624184
57,alpha,,fx_level_z_252,0.03914270177483559
58,beta,momentum,,-0.03937072679400444
58,beta,persist,,0.07174978405237198
58,beta,underwater,,0.028732065111398697
58,B,momentum,kospi_return_1d,0.00355263683013618
58,B,momentum,fx_level_z_252,-0.0007768507348373532
58,B,persist,kospi_return_1d,-0.01409535575658083
58,B,persist,fx_level_z_252,0.00024621255579404533
58,B,underwater,kospi_return_1d,-0.0007460289634764194
58,B,underwater,fx_level_z_252,-0.04141184315085411
58,alpha,,kospi_return_1d,0.022593306377530098
58,alpha,,fx_level_z_252,0.03921263664960861
59,beta,momentum,,-0.039407990872859955
59,beta,persist,,0.07244408875703812
59,beta,underwater,,0.02853120118379593
59,B,momentum,kospi_return_1d,0.003277983283624053
59,B,momentum,fx_level_z_252,-0.0007960608345456421
59,B,persist,kospi_return_1d,-0.014199617318809032
59,B,persist,fx_level_z_252,0.00024252694856841117
59,B,underwater,kospi_return_1d,-0.0006985186482779682
59,B,underwater,fx_level_z_252,-0.041161518543958664
59,alpha,,kospi_return_1d,0.022900013253092766
59,alpha,,fx_level_z_252,0.039207786321640015
60,beta,momentum,,-0.0393955372273922
60,beta,persist,,0.07311540096998215
60,beta,underwater,,0.02828264981508255
60,B,momentum,kospi_return_1d,0.003099775407463312
60,B,momentum,fx_level_z_252,-0.0008870440651662648
60,B,persist,kospi_return_1d,-0.0143614262342453
60,B,persist,fx_level_z_252,0.0004218456451781094
60,B,underwater,kospi_return_1d,-0.0005823749233968556
60,B,underwater,fx_level_z_252,-0.04090847820043564
60,alpha,,kospi_return_1d,0.023219427093863487
60,alpha,,fx_level_z_252,0.03909366950392723
61,beta,momentum,,-0.03946251422166824
61,beta,persist,,0.07380063831806183
61,beta,underwater,,0.028128834441304207
61,B,momentum,kospi_return_1d,0.0030119367875158787
61,B,momentum,fx_level_z_252,-0.0009937561117112637
61,B,persist,kospi_return_1d,-0.014572285115718842
61,B,persist,fx_level_z_252,0.0006432328373193741
61,B,underwater,kospi_return_1d,-0.0003954165440518409
61,B,underwater,fx_level_z_252,-0.04058753326535225
61,alpha,,kospi_return_1d,0.02342851273715496
61,alpha,,fx_level_z_252,0.03899029642343521
62,beta,momentum,,-0.03951948508620262
62,beta,persist,,0.07447635382413864
62,beta,underwater,,0.02793756313621998
62,B,momentum,kospi_return_1d,0.002720952732488513
62,B,momentum,fx_level_z_252,-0.0011677435832098126
62,B,persist,kospi_return_1d,-0.014684699475765228
62,B,persist,fx_level_z_252,0.0007672461215406656
62,B,underwater,kospi_return_1d,-2.4183958885259926e-05
62,B,underwater,fx_level_z_252,-0.040405623614788055
62,alpha,,kospi_return_1d,0.023686278611421585
62,alpha,,fx_level_z_252,0.038860712200403214
63,beta,momentum,,-0.03957755118608475
63,beta,persist,,0.07517123222351074
63,beta,underwater,,0.02775467187166214
63,B,momentum,kospi_return_1d,0.002647553337737918
63,B,momentum,fx_level_z_252,-0.0014434682670980692
63,B,persist,kospi_return_1d,-0.014798924326896667
63,B,persist,fx_level_z_252,0.0006642623338848352
63,B,underwater,kospi_return_1d,0.0002769739367067814
63,B,underwater,fx_level_z_252,-0.040261827409267426
63,alpha,,kospi_return_1d,0.023804450407624245
63,alpha,,fx_level_z_252,0.038809843361377716
64,beta,momentum,,-0.03951907902956009
64,beta,persist,,0.07579631358385086
64,beta,underwater,,0.027501657605171204
64,B,momentum,kospi_return_1d,0.0028593987226486206
64,B,momentum,fx_level_z_252,-0.0017216233536601067
64,B,persist,kospi_return_1d,-0.015081810764968395
64,B,persist,fx_level_z_252,0.0008150727953761816
64,B,underwater,kospi_return_1d,0.0004102517559658736
64,B,underwater,fx_level_z_252,-0.04009857773780823
64,alpha,,kospi_return_1d,0.024090077728033066
64,alpha,,fx_level_z_252,0.038755130022764206
65,beta,momentum,,-0.03950867801904678
65,beta,persist,,0.0764445886015892
65,beta,underwater,,0.02737019956111908
65,B,momentum,kospi_return_1d,0.0031074280850589275
65,B,momentum,fx_level_z_252,-0.0019350610673427582
65,B,persist,kospi_return_1d,-0.01544349454343319
65,B,persist,fx_level_z_252,0.0008984606247395277
65,B,underwater,kospi_return_1d,0.00017690806998871267
65,B,underwater,fx_level_z_252,-0.03993657976388931
65,alpha,,kospi_return_1d,0.02440769225358963
65,alpha,,fx_level_z_252,0.03878914937376976
66,beta,momentum,,-0.03957236558198929
66,beta,persist,,0.07709347456693649
66,beta,underwater,,0.027285492047667503
66,B,momentum,kospi_return_1d,0.003257238306105137
66,B,momentum,fx_level_z_252,-0.002094828523695469
66,B,persist,kospi_return_1d,-0.015643533319234848
66,B,persist,fx_level_z_252,0.0008869545417837799
66,B,underwater,kospi_return_1d,-0.0003252848982810974
66,B,underwater,fx_level_z_252,-0.039777129888534546
66,alpha,,kospi_return_1d,0.02476155385375023
66,alpha,,fx_level_z_252,0.03877604007720947
67,beta,momentum,,-0.03961686044931412
67,beta,persist,,0.0777561217546463
67,beta,underwater,,0.02723517082631588
67,B,momentum,kospi_return_1d,0.0034488060045987368
67,B,momentum,fx_level_z_252,-0.0022964775562286377
67,B,persist,kospi_return_1d,-0.015607046894729137
67,B,persist,fx_level_z_252,0.0007790345698595047
67,B,underwater,kospi_return_1d,-0.0005668385419994593
67,B,underwater,fx_level_z_252,-0.039667822420597076
67,alpha,,kospi_return_1d,0.02521260641515255
67,alpha,,fx_level_z_252,0.0387728326022625
68,beta,momentum,,-0.03955390676856041
68,beta,persist,,0.07841333746910095
68,beta,underwater,,0.02704487554728985
68,B,momentum,kospi_return_1d,0.0037326763849705458
68,B,momentum,fx_level_z_252,-0.0025166876148432493
68,B,persist,kospi_return_1d,-0.015438766218721867
68,B,persist,fx_level_z_252,0.0006937948637641966
68,B,underwater,kospi_return_1d,-0.0006334899226203561
68,B,underwater,fx_level_z_252,-0.03959868475794792
68,alpha,,kospi_return_1d,0.02566814050078392
68,alpha,,fx_level_z_252,0.03865982964634895
69,beta,momentum,,-0.039456695318222046
69,beta,persist,,0.07904309779405594
69,beta,underwater,,0.026838412508368492
69,B,momentum,kospi_return_1d,0.004123650956898928
69,B,momentum,fx_level_z_252,-0.0028715445660054684
69,B,persist,kospi_return_1d,-0.015347308479249477
69,B,persist,fx_level_z_252,0.000739330134820193
69,B,underwater,kospi_return_1d,-0.0008372503798455
69,B,underwater,fx_level_z_252,-0.039368271827697754
69,alpha,,kospi_return_1d,0.026142863556742668
69,alpha,,fx_level_z_252,0.03850854933261871
70,beta,momentum,,-0.03941703587770462
70,beta,persist,,0.07964620739221573
70,beta,underwater,,0.02665771171450615
70,B,momentum,kospi_return_1d,0.004486780613660812
70,B,momentum,fx_level_z_252,-0.0030845352448523045
70,B,persist,kospi_return_1d,-0.015232411213219166
70,B,persist,fx_level_z_252,0.000605326727963984
70,B,underwater,kospi_return_1d,-0.0009660728392191231
70,B,underwater,fx_level_z_252,-0.03927316144108772
70,alpha,,kospi_return_1d,0.026653500273823738
70,alpha,,fx_level_z_252,0.0384211540222168
71,beta,momentum,,-0.03929043561220169
71,beta,persist,,0.08021971583366394
71,beta,underwater,,0.02641846239566803
71,B,momentum,kospi_return_1d,0.004556381609290838
71,B,momentum,fx_level_z_252,-0.0033300381619483232
71,B,persist,kospi_return_1d,-0.015149020589888096
71,B,persist,fx_level_z_252,0.000532090722117573
71,B,underwater,kospi_return_1d,-0.0009917881106957793
71,B,underwater,fx_level_z_252,-0.0391094908118248
71,alpha,,kospi_return_1d,0.02697240747511387
71,alpha,,fx_level_z_252,0.038162510842084885
72,beta,momentum,,-0.039129965007305145
72,beta,persist,,0.0807889923453331
72,beta,underwater,,0.02613232657313347
72,B,momentum,kospi_return_1d,0.004404519218951464
72,B,momentum,fx_level_z_252,-0.0033248416148126125
72,B,persist,kospi_return_1d,-0.015015273354947567
72,B,persist,fx_level_z_252,0.00032384341466240585
72,B,underwater,kospi_return_1d,-0.0006845539319328964
72,B,underwater,fx_level_z_252,-0.039096564054489136
72,alpha,,kospi_return_1d,0.02722981758415699
72,alpha,,fx_level_z_252,0.03788711875677109
73,beta,momentum,,-0.03900129348039627
73,beta,persist,,0.08131115138530731
73,beta,underwater,,0.02583351731300354
73,B,momentum,kospi_return_1d,0.004192167893052101
73,B,momentum,fx_level_z_252,-0.003272221889346838
73,B,persist,kospi_return_1d,-0.014686772599816322
73,B,persist,fx_level_z_252,8.635150152258575e-05
73,B,underwater,kospi_return_1d,-0.0002629684458952397
73,B,underwater,fx_level_z_252,-0.03917107358574867
73,alpha,,kospi_return_1d,0.027572298422455788
73,alpha,,fx_level_z_252,0.03766879811882973
74,beta,momentum,,-0.03888865187764168
74,beta,persist,,0.08185531198978424
74,beta,underwater,,0.025524089112877846
74,B,momentum,kospi_return_1d,0.0038996527437120676
74,B,momentum,fx_level_z_252,-0.0030021776910871267
74,B,persist,kospi_return_1d,-0.01445141714066267
74,B,persist,fx_level_z_252,-0.00021786338766105473
74,B,underwater,kospi_return_1d,0.00026580895064398646
74,B,underwater,fx_level_z_252,-0.0393342524766922
74,alpha,,kospi_return_1d,0.02779998816549778
74,alpha,,fx_level_z_252,0.037508975714445114
75,beta,momentum,,-0.03880635276436806
75,beta,persist,,0.08238872140645981
75,beta,underwater,,0.0253280159085989
75,B,momentum,kospi_return_1d,0.00378628633916378
75,B,momentum,fx_level_z_252,-0.002919284626841545
75,B,persist,kospi_return_1d,-0.014216497540473938
75,B,persist,fx_level_z_252,-0.0002355192555114627
75,B,underwater,kospi_return_1d,0.0005867399158887565
75,B,underwater,fx_level_z_252,-0.039365384727716446
75,alpha,,kospi_return_1d,0.028020501136779785
75,alpha,,fx_level_z_252,0.037461452186107635
76,beta,momentum,,-0.0386858806014061
76,beta,persist,,0.0828602984547615
76,beta,underwater,,0.0250740684568882
76,B,momentum,kospi_return_1d,0.0037550812121480703
76,B,momentum,fx_level_z_252,-0.0028890434186905622
76,B,persist,kospi_return_1d,-0.01412982027977705
76,B,persist,fx_level_z_252,3.29054455505684e-06
76,B,underwater,kospi_return_1d,0.0006505243945866823
76,B,underwater,fx_level_z_252,-0.03932887688279152
76,alpha,,kospi_return_1d,0.028363248333334923
76,alpha,,fx_level_z_252,0.03730718418955803
77,beta,momentum,,-0.038587067276239395
77,beta,persist,,0.08335848152637482
77,beta,underwater,,0.024916598573327065
77,B,momentum,kospi_return_1d,0.0036647715605795383
77,B,momentum,fx_level_z_252,-0.0028157460037618876
77,B,persist,kospi_return_1d,-0.01397339254617691
77,B,persist,fx_level_z_252,0.00010695357923395932
77,B,underwater,kospi_return_1d,0.0006396703538484871
77,B,underwater,fx_level_z_252,-0.039278145879507065
77,alpha,,kospi_return_1d,0.028628062456846237
77,alpha,,fx_level_z_252,0.03711691126227379
78,beta,momentum,,-0.03855861723423004
78,beta,persist,,0.0838540643453598
78,beta,underwater,,0.024858690798282623
78,B,momentum,kospi_return_1d,0.0034864337649196386
78,B,momentum,fx_level_z_252,-0.0027930187061429024
78,B,persist,kospi_return_1d,-0.013759844936430454
78,B,persist,fx_level_z_252,0.00025922825443558395
78,B,underwater,kospi_return_1d,0.0004251943319104612
78,B,underwater,fx_level_z_252,-0.03919760510325432
78,alpha,,kospi_return_1d,0.028958426788449287
78,alpha,,fx_level_z_252,0.037003856152296066
79,beta,momentum,,-0.038573313504457474
79,beta,persist,,0.08435073494911194
79,beta,underwater,,0.024879226461052895
79,B,momentum,kospi_return_1d,0.0032822750508785248
79,B,momentum,fx_level_z_252,-0.0028326623141765594
79,B,persist,kospi_return_1d,-0.013566837646067142
79,B,persist,fx_level_z_252,0.0003942671755794436
79,B,underwater,kospi_return_1d,9.00384911801666e-05
79,B,underwater,fx_level_z_252,-0.0389200858771801
79,alpha,,kospi_return_1d,0.029195722192525864
79,alpha,,fx_level_z_252,0.03696112334728241
80,beta,momentum,,-0.03854332119226456
80,beta,persist,,0.08481517434120178
80,beta,underwater,,0.024745531380176544
80,B,momentum,kospi_return_1d,0.003128611482679844
80,B,momentum,fx_level_z_252,-0.0029245910700410604
80,B,persist,kospi_return_1d,-0.013361496850848198
80,B,persist,fx_level_z_252,0.0004632604541257024
80,B,underwater,kospi_return_1d,-0.00012018328561680391
80,B,underwater,fx_level_z_252,-0.038720447570085526
80,alpha,,kospi_return_1d,0.029596250504255295
80,alpha,,fx_level_z_252,0.03692929819226265
81,beta,momentum,,-0.03849546238780022
81,beta,persist,,0.08524171262979507
81,beta,underwater,,0.024548744782805443
81,B,momentum,kospi_return_1d,0.0029363203793764114
81,B,momentum,fx_level_z_252,-0.0031069207470864058
81,B,persist,kospi_return_1d,-0.013342984952032566
81,B,persist,fx_level_z_252,0.000662943406496197
81,B,underwater,kospi_return_1d,-0.0002670800022315234
81,B,underwater,fx_level_z_252,-0.0384676456451416
81,alpha,,kospi_return_1d,0.029952261596918106
81,alpha,,fx_level_z_252,0.0368855819106102
82,beta,momentum,,-0.03840845823287964
82,beta,persist,,0.08560008555650711
82,beta,underwater,,0.024243749678134918
82,B,momentum,kospi_return_1d,0.002670569345355034
82,B,momentum,fx_level_z_252,-0.003286216640844941
82,B,persist,kospi_return_1d,-0.013358577154576778
82,B,persist,fx_level_z_252,0.0008611555094830692
82,B,underwater,kospi_return_1d,-0.0003162731882184744
82,B,underwater,fx_level_z_252,-0.038368456065654755
82,alpha,,kospi_return_1d,0.030477888882160187
82,alpha,,fx_level_z_252,0.036813750863075256
83,beta,momentum,,-0.038210608065128326
83,beta,persist,,0.08594701439142227
83,beta,underwater,,0.02387811802327633
83,B,momentum,kospi_return_1d,0.0025570045690983534
83,B,momentum,fx_level_z_252,-0.0034946263767778873
83,B,persist,kospi_return_1d,-0.013119486160576344
83,B,persist,fx_level_z_252,0.000994421192444861
83,B,underwater,kospi_return_1d,-0.0002560890861786902
83,B,underwater,fx_level_z_252,-0.03842787817120552
83,alpha,,kospi_return_1d,0.031115103513002396
83,alpha,,fx_level_z_252,0.03678936883807182
84,beta,momentum,,-0.03806699439883232
84,beta,persist,,0.08625468611717224
84,beta,underwater,,0.0235594492405653
84,B,momentum,kospi_return_1d,0.002420121105387807
84,B,momentum,fx_level_z_252,-0.0034951677080243826
84,B,persist,kospi_return_1d,-0.012863934971392155
84,B,persist,fx_level_z_252,0.0009297833312302828
84,B,underwater,kospi_return_1d,-0.0001797761069610715
84,B,underwater,fx_level_z_252,-0.0385713130235672
84,alpha,,kospi_return_1d,0.03181108832359314
84,alpha,,fx_level_z_252,0.03684498369693756
85,beta,momentum,,-0.037949882447719574
85,beta,persist,,0.08652402460575104
85,beta,underwater,,0.02336069755256176
85,B,momentum,kospi_return_1d,0.0025439495220780373
85,B,momentum,fx_level_z_252,-0.0035768074449151754
85,B,persist,kospi_return_1d,-0.012682273983955383
85,B,persist,fx_level_z_252,0.0009346632286906242
85,B,underwater,kospi_return_1d,-0.00016416578728239983
85,B,underwater,fx_level_z_252,-0.0385102704167366
85,alpha,,kospi_return_1d,0.03252873942255974
85,alpha,,fx_level_z_252,0.036890752613544464
86,beta,momentum,,-0.03781978040933609
86,beta,persist,,0.08679132163524628
86,beta,underwater,,0.023220401257276535
86,B,momentum,kospi_return_1d,0.002827805234119296
86,B,momentum,fx_level_z_252,-0.003659052774310112
86,B,persist,kospi_return_1d,-0.01252949982881546
86,B,persist,fx_level_z_252,0.0010176858631893992
86,B,underwater,kospi_return_1d,-0.00013038580073043704
86,B,underwater,fx_level_z_252,-0.03842051699757576
86,alpha,,kospi_return_1d,0.03332865238189697
86,alpha,,fx_level_z_252,0.03698401153087616
87,beta,momentum,,-0.03771652281284332
87,beta,persist,,0.08713683485984802
87,beta,underwater,,0.023109499365091324
87,B,momentum,kospi_return_1d,0.00309380772523582
87,B,momentum,fx_level_z_252,-0.0035732563119381666
87,B,persist,kospi_return_1d,-0.012656547129154205
87,B,persist,fx_level_z_252,0.0010178600205108523
87,B,underwater,kospi_return_1d,-4.5433866034727544e-05
87,B,underwater,fx_level_z_252,-0.038483597338199615
87,alpha,,kospi_return_1d,0.03394070640206337
87,alpha,,fx_level_z_252,0.037114255130290985
88,beta,momentum,,-0.03771534562110901
88,beta,persist,,0.08750169724225998
88,beta,underwater,,0.023038659244775772
88,B,momentum,kospi_return_1d,0.0033491034992039204
88,B,momentum,fx_level_z_252,-0.003316110000014305
88,B,persist,kospi_return_1d,-0.012945164926350117
88,B,persist,fx_level_z_252,0.000916004937607795
88,B,underwater,kospi_return_1d,-2.4194931029342115e-05
88,B,underwater,fx_level_z_252,-0.03866955637931824
88,alpha,,kospi_return_1d,0.03443382307887077
88,alpha,,fx_level_z_252,0.03720008209347725
89,beta,momentum,,-0.03775240480899811
89,beta,persist,,0.0878235325217247
89,beta,underwater,,0.023015081882476807
89,B,momentum,kospi_return_1d,0.0037718734238296747
89,B,momentum,fx_level_z_252,-0.0031322496943175793
89,B,persist,kospi_return_1d,-0.01330875139683485
89,B,persist,fx_level_z_252,0.000886584515683353
89,B,underwater,kospi_return_1d,-0.0001891676220111549
89,B,underwater,fx_level_z_252,-0.03868238627910614
89,alpha,,kospi_return_1d,0.03480016067624092
89,alpha,,fx_level_z_252,0.037186335772275925
90,beta,momentum,,-0.037778839468955994
90,beta,persist,,0.08813469111919403
90,beta,underwater,,0.023010270670056343
90,B,momentum,kospi_return_1d,0.004063694272190332
90,B,momentum,fx_level_z_252,-0.003029260551556945
90,B,persist,kospi_return_1d,-0.013637322001159191
90,B,persist,fx_level_z_252,0.0008399095386266708
90,B,underwater,kospi_return_1d,-0.00022237921075429767
90,B,underwater,fx_level_z_252,-0.038646358996629715
90,alpha,,kospi_return_1d,0.035051874816417694
90,alpha,,fx_level_z_252,0.03701893612742424
91,beta,momentum,,-0.037839822471141815
91,beta,persist,,0.08846035599708557
91,beta,underwater,,0.02303524874150753
91,B,momentum,kospi_return_1d,0.004160040058195591
91,B,momentum,fx_level_z_252,-0.003031034953892231
91,B,persist,kospi_return_1d,-0.013825755566358566
91,B,persist,fx_level_z_252,0.0008971606148406863
91,B,underwater,kospi_return_1d,-0.00022288996842689812
91,B,underwater,fx_level_z_252,-0.038486529141664505
91,alpha,,kospi_return_1d,0.035315319895744324
91,alpha,,fx_level_z_252,0.03686216101050377
92,beta,momentum,,-0.03788125887513161
92,beta,persist,,0.08880268037319183
92,beta,underwater,,0.022966556251049042
92,B,momentum,kospi_return_1d,0.0043939040042459965
92,B,momentum,fx_level_z_252,-0.002924402942880988
92,B,persist,kospi_return_1d,-0.014053267426788807
92,B,persist,fx_level_z_252,0.0009554324205964804
92,B,underwater,kospi_return_1d,-0.00025104533415287733
92,B,underwater,fx_level_z_252,-0.038370531052351
92,alpha,,kospi_return_1d,0.03550879284739494
92,alpha,,fx_level_z_252,0.03665895760059357
93,beta,momentum,,-0.03792155534029007
93,beta,persist,,0.08918288350105286
93,beta,underwater,,0.022943876683712006
93,B,momentum,kospi_return_1d,0.004598864354193211
93,B,momentum,fx_level_z_252,-0.002755039371550083
93,B,persist,kospi_return_1d,-0.014171835035085678
93,B,persist,fx_level_z_252,0.0009013608214445412
93,B,underwater,kospi_return_1d,-9.253538155462593e-05
93,B,underwater,fx_level_z_252,-0.03828487545251846
93,alpha,,kospi_return_1d,0.035586923360824585
93,alpha,,fx_level_z_252,0.03644285351037979
94,beta,momentum,,-0.03792037069797516
94,beta,persist,,0.08954786509275436
94,beta,underwater,,0.022948099300265312
94,B,momentum,kospi_return_1d,0.004872922785580158
94,B,momentum,fx_level_z_252,-0.0027474104426801205
94,B,persist,kospi_return_1d,-0.014222763478755951
94,B,persist,fx_level_z_252,0.0009536130237393081
94,B,underwater,kospi_return_1d,-4.696420728578232e-05
94,B,underwater,fx_level_z_252,-0.03807690739631653
94,alpha,,kospi_return_1d,0.03572534769773483
94,alpha,,fx_level_z_252,0.036186583340168
95,beta,momentum,,-0.03789878264069557
95,beta,persist,,0.08987626433372498
95,beta,underwater,,0.02292933315038681
95,B,momentum,kospi_return_1d,0.00521676754578948
95,B,momentum,fx_level_z_252,-0.002754834247753024
95,B,persist,kospi_return_1d,-0.014464400708675385
95,B,persist,fx_level_z_252,0.001099295448511839
95,B,underwater,kospi_return_1d,-0.00010038107575383037
95,B,underwater,fx_level_z_252,-0.03779460862278938
95,alpha,,kospi_return_1d,0.03565763682126999
95,alpha,,fx_level_z_252,0.03579600900411606
96,beta,momentum,,-0.03788793832063675
96,beta,persist,,0.09019055962562561
96,beta,underwater,,0.022871937602758408
96,B,momentum,kospi_return_1d,0.005304400343447924
96,B,momentum,fx_level_z_252,-0.0027653060387820005
96,B,persist,kospi_return_1d,-0.014518823474645615
96,B,persist,fx_level_z_252,0.0012071097735315561
96,B,underwater,kospi_return_1d,-0.00011398021888453513
96,B,underwater,fx_level_z_252,-0.037605170160532
96,alpha,,kospi_return_1d,0.035604435950517654
96,alpha,,fx_level_z_252,0.03542593494057655
97,beta,momentum,,-0.037878360599279404
97,beta,persist,,0.09055092185735703
97,beta,underwater,,0.02285073697566986
97,B,momentum,kospi_return_1d,0.00513991666957736
97,B,momentum,fx_level_z_252,-0.0025431301910430193
97,B,persist,kospi_return_1d,-0.014166872948408127
97,B,persist,fx_level_z_252,0.0011149902129545808
97,B,underwater,kospi_return_1d,0.00014037376968190074
97,B,underwater,fx_level_z_252,-0.03753485530614853
97,alpha,,kospi_return_1d,0.03565678000450134
97,alpha,,fx_level_z_252,0.03521908447146416
98,beta,momentum,,-0.03788389265537262
98,beta,persist,,0.09091751277446747
98,beta,underwater,,0.02282671257853508
98,B,momentum,kospi_return_1d,0.005023050121963024
98,B,momentum,fx_level_z_252,-0.002219297457486391
98,B,persist,kospi_return_1d,-0.013748872093856335
98,B,persist,fx_level_z_252,0.00093295075930655
98,B,underwater,kospi_return_1d,0.00031500126351602376
98,B,underwater,fx_level_z_252,-0.0375075489282608
98,alpha,,kospi_return_1d,0.03562183678150177
98,alpha,,fx_level_z_252,0.035012297332286835
99,beta,momentum,,-0.037909604609012604
99,beta,persist,,0.09120137244462967
99,beta,underwater,,0.022759689018130302
99,B,momentum,kospi_return_1d,0.004868305753916502
99,B,momentum,fx_level_z_252,-0.0018908838974311948
99,B,persist,kospi_return_1d,-0.013339909724891186
99,B,persist,fx_level_z_252,0.0007612716872245073
99,B,underwater,kospi_return_1d,0.0003373228246346116
99,B,underwater,fx_level_z_252,-0.03743800148367882
99,alpha,,kospi_return_1d,0.03569073975086212
99,alpha,,fx_level_z_252,0.034803278744220734
100,beta,momentum,,-0.03791368007659912
100,beta,persist,,0.09151910990476608
100,beta,underwater,,0.02276424691081047
100,B,momentum,kospi_return_1d,0.004615596029907465
100,B,momentum,fx_level_z_252,-0.0018192999996244907
100,B,persist,kospi_return_1d,-0.013060248456895351
100,B,persist,fx_level_z_252,0.0006491827662102878
100,B,underwater,kospi_return_1d,0.0002466215519234538
100,B,underwater,fx_level_z_252,-0.03717472031712532
100,alpha,,kospi_return_1d,0.03571656346321106
100,alpha,,fx_level_z_252,0.03469574451446533
101,beta,momentum,,-0.03796818107366562
101,beta,persist,,0.09182082861661911
101,beta,underwater,,0.022846095263957977
101,B,momentum,kospi_return_1d,0.004341859836131334
101,B,momentum,fx_level_z_252,-0.0017916407668963075
101,B,persist,kospi_return_1d,-0.012724606320261955
101,B,persist,fx_level_z_252,0.00045904930448159575
101,B,underwater,kospi_return_1d,-9.104270429816097e-05
101,B,underwater,fx_level_z_252,-0.03699732944369316
101,alpha,,kospi_return_1d,0.03581753373146057
101,alpha,,fx_level_z_252,0.03466825559735298
102,beta,momentum,,-0.038047801703214645
102,beta,persist,,0.0921136811375618
102,beta,underwater,,0.022918878123164177
102,B,momentum,kospi_return_1d,0.004206690937280655
102,B,momentum,fx_level_z_252,-0.0017141182906925678
102,B,persist,kospi_return_1d,-0.012526579201221466
102,B,persist,fx_level_z_252,0.00032251575612463057
102,B,underwater,kospi_return_1d,-0.0004736754926852882
102,B,underwater,fx_level_z_252,-0.03684587404131889
102,alpha,,kospi_return_1d,0.035965774208307266
102,alpha,,fx_level_z_252,0.034667856991291046
103,beta,momentum,,-0.03812615945935249
103,beta,persist,,0.09237926453351974
103,beta,underwater,,0.023004397749900818
103,B,momentum,kospi_return_1d,0.004341043997555971
103,B,momentum,fx_level_z_252,-0.001567790168337524
103,B,persist,kospi_return_1d,-0.012632062658667564
103,B,persist,fx_level_z_252,0.00020682640024460852
103,B,underwater,kospi_return_1d,-0.0009158390457741916
103,B,underwater,fx_level_z_252,-0.03675639629364014
103,alpha,,kospi_return_1d,0.03622745722532272
103,alpha,,fx_level_z_252,0.03480531647801399
104,beta,momentum,,-0.038206517696380615
104,beta,persist,,0.09265458583831787
104,beta,underwater,,0.023038409650325775
104,B,momentum,kospi_return_1d,0.004587974864989519
104,B,momentum,fx_level_z_252,-0.001457638805732131
104,B,persist,kospi_return_1d,-0.012840132229030132
104,B,persist,fx_level_z_252,0.00010623832349665463
104,B,underwater,kospi_return_1d,-0.0013160788221284747
104,B,underwater,fx_level_z_252,-0.03668556734919548
104,alpha,,kospi_return_1d,0.03645240515470505
104,alpha,,fx_level_z_252,0.034839045256376266
105,beta,momentum,,-0.03822581470012665
105,beta,persist,,0.09287036955356598
105,beta,underwater,,0.023042432963848114
105,B,momentum,kospi_return_1d,0.0047500948421657085
105,B,momentum,fx_level_z_252,-0.0014150474453344941
105,B,persist,kospi_return_1d,-0.013128229416906834
105,B,persist,fx_level_z_252,0.00013225468865130097
105,B,underwater,kospi_return_1d,-0.0017102089477702975
105,B,underwater,fx_level_z_252,-0.03648751229047775
105,alpha,,kospi_return_1d,0.03676865994930267
105,alpha,,fx_level_z_252,0.03492593392729759
106,beta,momentum,,-0.03819003328680992
106,beta,persist,,0.09308390319347382
106,beta,underwater,,0.02307228185236454
106,B,momentum,kospi_return_1d,0.00483158603310585
106,B,momentum,fx_level_z_252,-0.0013284677406772971
106,B,persist,kospi_return_1d,-0.013456789776682854
106,B,persist,fx_level_z_252,0.00021033060329500586
106,B,underwater,kospi_return_1d,-0.001808767206966877
106,B,underwater,fx_level_z_252,-0.036396902054548264
106,alpha,,kospi_return_1d,0.03688910976052284
106,alpha,,fx_level_z_252,0.035026948899030685
107,beta,momentum,,-0.03817586600780487
107,beta,persist,,0.09333709627389908
107,beta,underwater,,0.02306549809873104
107,B,momentum,kospi_return_1d,0.004895925521850586
107,B,momentum,fx_level_z_252,-0.001329999533481896
107,B,persist,kospi_return_1d,-0.013879477977752686
107,B,persist,fx_level_z_252,0.0002372804592596367
107,B,underwater,kospi_return_1d,-0.0018748864531517029
107,B,underwater,fx_level_z_252,-0.03636932745575905
107,alpha,,kospi_return_1d,0.03688189014792442
107,alpha,,fx_level_z_252,0.03512067347764969
108,beta,momentum,,-0.03816509619355202
108,beta,persist,,0.09367714077234268
108,beta,underwater,,0.023122170940041542
108,B,momentum,kospi_return_1d,0.004929909948259592
108,B,momentum,fx_level_z_252,-0.0014340906636789441
108,B,persist,kospi_return_1d,-0.0141608826816082
108,B,persist,fx_level_z_252,0.00022032848210074008
108,B,underwater,kospi_return_1d,-0.0018480452708899975
108,B,underwater,fx_level_z_252,-0.03626606985926628
108,alpha,,kospi_return_1d,0.036770958453416824
108,alpha,,fx_level_z_252,0.03541090339422226
109,beta,momentum,,-0.038166556507349014
109,beta,persist,,0.09399423748254776
109,beta,underwater,,0.023126503452658653
109,B,momentum,kospi_return_1d,0.00492836581543088
109,B,momentum,fx_level_z_252,-0.001526177511550486
109,B,persist,kospi_return_1d,-0.01438014768064022
109,B,persist,fx_level_z_252,0.00021181079500820488
109,B,underwater,kospi_return_1d,-0.0018142862245440483
109,B,underwater,fx_level_z_252,-0.036188263446092606
109,alpha,,kospi_return_1d,0.036609817296266556
109,alpha,,fx_level_z_252,0.03567295894026756
110,beta,momentum,,-0.03812968730926514
110,beta,persist,,0.09423032402992249
110,beta,underwater,,0.02308199554681778
110,B,momentum,kospi_return_1d,0.004841754212975502
110,B,momentum,fx_level_z_252,-0.0015326660359278321
110,B,persist,kospi_return_1d,-0.014472694136202335
110,B,persist,fx_level_z_252,8.536134555470198e-05
110,B,underwater,kospi_return_1d,-0.0017051338218152523
110,B,underwater,fx_level_z_252,-0.036057330667972565
110,alpha,,kospi_return_1d,0.03658793494105339
110,alpha,,fx_level_z_252,0.035928692668676376
111,beta,momentum,,-0.03810791298747063
111,beta,persist,,0.09449884295463562
111,beta,underwater,,0.023083742707967758
111,B,momentum,kospi_return_1d,0.004802131559699774
111,B,momentum,fx_level_z_252,-0.0015628389082849026
111,B,persist,kospi_return_1d,-0.014402319677174091
111,B,persist,fx_level_z_252,-9.306627907790244e-05
111,B,underwater,kospi_return_1d,-0.0015391160268336535
111,B,underwater,fx_level_z_252,-0.035959988832473755
111,alpha,,kospi_return_1d,0.03646819666028023
111,alpha,,fx_level_z_252,0.03629327192902565
112,beta,momentum,,-0.03795609250664711
112,beta,persist,,0.09468819946050644
112,beta,underwater,,0.02286834828555584
112,B,momentum,kospi_return_1d,0.004683365114033222
112,B,momentum,fx_level_z_252,-0.0016027443343773484
112,B,persist,kospi_return_1d,-0.01442924328148365
112,B,persist,fx_level_z_252,-4.5337932533584535e-05
112,B,underwater,kospi_return_1d,-0.0014010139275342226
112,B,underwater,fx_level_z_252,-0.03596506640315056
112,alpha,,kospi_return_1d,0.03653661534190178
112,alpha,,fx_level_z_252,0.036565884947776794
113,beta,momentum,,-0.037955764681100845
113,beta,persist,,0.09495193511247635
113,beta,underwater,,0.02275412157177925
113,B,momentum,kospi_return_1d,0.004498479887843132
113,B,momentum,fx_level_z_252,-0.0016460136976093054
113,B,persist,kospi_return_1d,-0.01434357650578022
113,B,persist,fx_level_z_252,8.022459951462224e-05
113,B,underwater,kospi_return_1d,-0.0013701324351131916
113,B,underwater,fx_level_z_252,-0.03595148026943207
113,alpha,,kospi_return_1d,0.03667536750435829
113,alpha,,fx_level_z_252,0.03684783726930618
114,beta,momentum,,-0.03789165988564491
114,beta,persist,,0.09519791603088379
114,beta,underwater,,0.02264006994664669
114,B,momentum,kospi_return_1d,0.0042896089144051075
114,B,momentum,fx_level_z_252,-0.0017571615753695369
114,B,persist,kospi_return_1d,-0.014327159151434898
114,B,persist,fx_level_z_252,0.000254052720265463
114,B,underwater,kospi_return_1d,-0.0014812295557931066
114,B,underwater,fx_level_z_252,-0.035959936678409576
114,alpha,,kospi_return_1d,0.0369061678647995
114,alpha,,fx_level_z_252,0.03708577901124954
115,beta,momentum,,-0.037862379103899
115,beta,persist,,0.09543582797050476
115,beta,underwater,,0.02247489057481289
115,B,momentum,kospi_return_1d,0.004185900092124939
115,B,momentum,fx_level_z_252,-0.0018004158046096563
115,B,persist,kospi_return_1d,-0.014420970343053341
115,B,persist,fx_level_z_252,0.0004202165291644633
115,B,underwater,kospi_return_1d,-0.001641143811866641
115,B,underwater,fx_level_z_252,-0.03600666671991348
115,alpha,,kospi_return_1d,0.03718167170882225
115,alpha,,fx_level_z_252,0.03713630139827728
116,beta,momentum,,-0.037756260484457016
116,beta,persist,,0.09565556794404984
116,beta,underwater,,0.022245466709136963
116,B,momentum,kospi_return_1d,0.004087853245437145
116,B,momentum,fx_level_z_252,-0.001884179306216538
116,B,persist,kospi_return_1d,-0.014614338986575603
116,B,persist,fx_level_z_252,0.0006637148326262832
116,B,underwater,kospi_return_1d,-0.0016678422689437866
116,B,underwater,fx_level_z_252,-0.03597615286707878
116,alpha,,kospi_return_1d,0.037275053560733795
116,alpha,,fx_level_z_252,0.03702877461910248
117,beta,momentum,,-0.03761415183544159
117,beta,persist,,0.09589292854070663
117,beta,underwater,,0.021887054666876793
117,B,momentum,kospi_return_1d,0.0038197471294552088
117,B,momentum,fx_level_z_252,-0.0017233073012903333
117,B,persist,kospi_return_1d,-0.014451992698013783
117,B,persist,fx_level_z_252,0.0005162626621313393
117,B,underwater,kospi_return_1d,-0.0014288133243098855
117,B,underwater,fx_level_z_252,-0.0361284576356411
117,alpha,,kospi_return_1d,0.03732265159487724
117,alpha,,fx_level_z_252,0.0367095060646534
118,beta,momentum,,-0.037504635751247406
118,beta,persist,,0.09610565751791
118,beta,underwater,,0.02162044867873192
118,B,momentum,kospi_return_1d,0.0038046911358833313
118,B,momentum,fx_level_z_252,-0.0016372657846659422
118,B,persist,kospi_return_1d,-0.014504427090287209
118,B,persist,fx_level_z_252,0.00038290212978608906
118,B,underwater,kospi_return_1d,-0.0014699213206768036
118,B,underwater,fx_level_z_252,-0.036218881607055664
118,alpha,,kospi_return_1d,0.03734223544597626
118,alpha,,fx_level_z_252,0.03645068034529686
119,beta,momentum,,-0.03744224086403847
119,beta,persist,,0.09630968421697617
119,beta,underwater,,0.021364374086260796
119,B,momentum,kospi_return_1d,0.0040990086272358894
119,B,momentum,fx_level_z_252,-0.0016508043045178056
119,B,persist,kospi_return_1d,-0.014743290841579437
119,B,persist,fx_level_z_252,0.0004165887366980314
119,B,underwater,kospi_return_1d,-0.0017404929967597127
119,B,underwater,fx_level_z_252,-0.03603162616491318
119,alpha,,kospi_return_1d,0.03741295263171196
119,alpha,,fx_level_z_252,0.03620683029294014
120,beta,momentum,,-0.03724445402622223
120,beta,persist,,0.09643884748220444
120,beta,underwater,,0.021066077053546906
120,B,momentum,kospi_return_1d,0.004438987001776695
120,B,momentum,fx_level_z_252,-0.0017427445854991674
120,B,persist,kospi_return_1d,-0.015086304396390915
120,B,persist,fx_level_z_252,0.0005448980955407023
120,B,underwater,kospi_return_1d,-0.001905541168525815
120,B,underwater,fx_level_z_252,-0.03589683398604393
120,alpha,,kospi_return_1d,0.037587352097034454
120,alpha,,fx_level_z_252,0.035939108580350876
121,beta,momentum,,-0.03706628084182739
121,beta,persist,,0.09658996760845184
121,beta,underwater,,0.02077912911772728
121,B,momentum,kospi_return_1d,0.004919478204101324
121,B,momentum,fx_level_z_252,-0.0018442730652168393
121,B,persist,kospi_return_1d,-0.0154850659891963
121,B,persist,fx_level_z_252,0.0006932716351002455
121,B,underwater,kospi_return_1d,-0.0020009269937872887
121,B,underwater,fx_level_z_252,-0.03575294464826584
121,alpha,,kospi_return_1d,0.037758536636829376
121,alpha,,fx_level_z_252,0.03562864661216736
122,beta,momentum,,-0.03688892722129822
122,beta,persist,,0.09680085629224777
122,beta,underwater,,0.020522234961390495
122,B,momentum,kospi_return_1d,0.005212126299738884
122,B,momentum,fx_level_z_252,-0.002096389187499881
122,B,persist,kospi_return_1d,-0.015886126086115837
122,B,persist,fx_level_z_252,0.0008572895894758403
122,B,underwater,kospi_return_1d,-0.001853623311035335
122,B,underwater,fx_level_z_252,-0.035601526498794556
122,alpha,,kospi_return_1d,0.03785565868020058
122,alpha,,fx_level_z_252,0.03532855585217476
123,beta,momentum,,-0.03675141930580139
123,beta,persist,,0.09704077988862991
123,beta,underwater,,0.020310522988438606
123,B,momentum,kospi_return_1d,0.005544100422412157
123,B,momentum,fx_level_z_252,-0.002221752656623721
123,B,persist,kospi_return_1d,-0.016286907717585564
123,B,persist,fx_level_z_252,0.0009130966500379145
123,B,underwater,kospi_return_1d,-0.001634755521081388
123,B,underwater,fx_level_z_252,-0.03551444783806801
123,alpha,,kospi_return_1d,0.037975624203681946
123,alpha,,fx_level_z_252,0.03511979058384895
124,beta,momentum,,-0.03661366179585457
124,beta,persist,,0.09733790159225464
124,beta,underwater,,0.02010677382349968
124,B,momentum,kospi_return_1d,0.00582454027608037
124,B,momentum,fx_level_z_252,-0.0022356261033564806
124,B,persist,kospi_return_1d,-0.01654508151113987
124,B,persist,fx_level_z_252,0.0008231683750636876
124,B,underwater,kospi_return_1d,-0.0013219621032476425
124,B,underwater,fx_level_z_252,-0.035478897392749786
124,alpha,,kospi_return_1d,0.038028351962566376
124,alpha,,fx_level_z_252,0.03488456457853317
125,beta,momentum,,-0.03648974373936653
125,beta,persist,,0.09768778830766678
125,beta,underwater,,0.01998309977352619
125,B,momentum,kospi_return_1d,0.005716252140700817
125,B,momentum,fx_level_z_252,-0.0022197479847818613
125,B,persist,kospi_return_1d,-0.016452191397547722
125,B,persist,fx_level_z_252,0.0007130007725208998
125,B,underwater,kospi_return_1d,-0.0007709147175773978
125,B,underwater,fx_level_z_252,-0.03544843569397926
125,alpha,,kospi_return_1d,0.037986937910318375
125,alpha,,fx_level_z_252,0.03479473665356636
126,beta,momentum,,-0.036432765424251556
126,beta,persist,,0.09803657233715057
126,beta,underwater,,0.01991155929863453
126,B,momentum,kospi_return_1d,0.005738401785492897
126,B,momentum,fx_level_z_252,-0.002146974205970764
126,B,persist,kospi_return_1d,-0.016239842399954796
126,B,persist,fx_level_z_252,0.0006287959404289722
126,B,underwater,kospi_return_1d,-0.0003936291323043406
126,B,underwater,fx_level_z_252,-0.03546293079853058
126,alpha,,kospi_return_1d,0.03794877231121063
126,alpha,,fx_level_z_252,0.034780353307724
127,beta,momentum,,-0.03647090867161751
127,beta,persist,,0.09836452454328537
127,beta,underwater,,0.019892657175660133
127,B,momentum,kospi_return_1d,0.005594505928456783
127,B,momentum,fx_level_z_252,-0.0020088576711714268
127,B,persist,kospi_return_1d,-0.016059432178735733
127,B,persist,fx_level_z_252,0.0005882925470359623
127,B,underwater,kospi_return_1d,-1.8822625861503184e-05
127,B,underwater,fx_level_z_252,-0.0355236642062664
127,alpha,,kospi_return_1d,0.03797527402639389
127,alpha,,fx_level_z_252,0.034883759915828705
128,beta,momentum,,-0.03654899820685387
128,beta,persist,,0.09864971041679382
128,beta,underwater,,0.0198759026825428
128,B,momentum,kospi_return_1d,0.005401918664574623
128,B,momentum,fx_level_z_252,-0.0018358355155214667
128,B,persist,kospi_return_1d,-0.015867052599787712
128,B,persist,fx_level_z_252,0.000522170215845108
128,B,underwater,kospi_return_1d,0.00027058160048909485
128,B,underwater,fx_level_z_252,-0.03553730621933937
128,alpha,,kospi_return_1d,0.03809420391917229
128,alpha,,fx_level_z_252,0.03499872609972954
129,beta,momentum,,-0.036646779626607895
129,beta,persist,,0.09888367354869843
129,beta,underwater,,0.01994510553777218
129,B,momentum,kospi_return_1d,0.005114050582051277
129,B,momentum,fx_level_z_252,-0.0016249323962256312
129,B,persist,kospi_return_1d,-0.015551988035440445
129,B,persist,fx_level_z_252,0.0003779327671509236
129,B,underwater,kospi_return_1d,0.00031274676439352334
129,B,underwater,fx_level_z_252,-0.03569546341896057
129,alpha,,kospi_return_1d,0.038289301097393036
129,alpha,,fx_level_z_252,0.03519049286842346
130,beta,momentum,,-0.03672102466225624
130,beta,persist,,0.09911651909351349
130,beta,underwater,,0.020032713189721107
130,B,momentum,kospi_return_1d,0.004883830901235342
130,B,momentum,fx_level_z_252,-0.001452244003303349
130,B,persist,kospi_return_1d,-0.015100821852684021
130,B,persist,fx_level_z_252,7.548103894805536e-05
130,B,underwater,kospi_return_1d,0.0002678883611224592
130,B,underwater,fx_level_z_252,-0.03578582778573036
130,alpha,,kospi_return_1d,0.03845573961734772
130,alpha,,fx_level_z_252,0.035203177481889725
131,beta,momentum,,-0.03676971420645714
131,beta,persist,,0.09927790611982346
131,beta,underwater,,0.02008509263396263
131,B,momentum,kospi_return_1d,0.00477738818153739
131,B,momentum,fx_level_z_252,-0.001519539044238627
131,B,persist,kospi_return_1d,-0.014948898926377296
131,B,persist,fx_level_z_252,0.00013786234194412827
131,B,underwater,kospi_return_1d,-3.3798845834098756e-05
131,B,underwater,fx_level_z_252,-0.03559860214591026
131,alpha,,kospi_return_1d,0.03862600028514862
131,alpha,,fx_level_z_252,0.035195741802453995
132,beta,momentum,,-0.03676655516028404
132,beta,persist,,0.09936433285474777
132,beta,underwater,,0.02019074372947216
132,B,momentum,kospi_return_1d,0.004808799363672733
132,B,momentum,fx_level_z_252,-0.0016558129573240876
132,B,persist,kospi_return_1d,-0.014898569323122501
132,B,persist,fx_level_z_252,0.0002601602172944695
132,B,underwater,kospi_return_1d,-0.00032116725924424827
132,B,underwater,fx_level_z_252,-0.03540274128317833
132,alpha,,kospi_return_1d,0.03882099315524101
132,alpha,,fx_level_z_252,0.035188671201467514
133,beta,momentum,,-0.03674047812819481
133,beta,persist,,0.09946651756763458
133,beta,underwater,,0.020203588530421257
133,B,momentum,kospi_return_1d,0.004741584416478872
133,B,momentum,fx_level_z_252,-0.0017421754309907556
133,B,persist,kospi_return_1d,-0.01486954651772976
133,B,persist,fx_level_z_252,0.00023591575154569
133,B,underwater,kospi_return_1d,-0.0003754279459826648
133,B,underwater,fx_level_z_252,-0.035328224301338196
133,alpha,,kospi_return_1d,0.03880874067544937
133,alpha,,fx_level_z_252,0.035211335867643356
134,beta,momentum,,-0.036834605038166046
134,beta,persist,,0.09948726743459702
134,beta,underwater,,0.020229192450642586
134,B,momentum,kospi_return_1d,0.004698807839304209
134,B,momentum,fx_level_z_252,-0.0019002738408744335
134,B,persist,kospi_return_1d,-0.014992213808000088
134,B,persist,fx_level_z_252,0.0003129832912236452
134,B,underwater,kospi_return_1d,-0.0006165067898109555
134,B,underwater,fx_level_z_252,-0.03520086780190468
134,alpha,,kospi_return_1d,0.038973256945610046
134,alpha,,fx_level_z_252,0.035228945314884186
135,beta,momentum,,-0.036980245262384415
135,beta,persist,,0.0995694175362587
135,beta,underwater,,0.020314989611506462
135,B,momentum,kospi_return_1d,0.00455059576779604
135,B,momentum,fx_level_z_252,-0.001955170650035143
135,B,persist,kospi_return_1d,-0.015091528184711933
135,B,persist,fx_level_z_252,0.0002969372144434601
135,B,underwater,kospi_return_1d,-0.0009371544001623988
135,B,underwater,fx_level_z_252,-0.03526131063699722
135,alpha,,kospi_return_1d,0.039077937602996826
135,alpha,,fx_level_z_252,0.03532828390598297
136,beta,momentum,,-0.03707516938447952
136,beta,persist,,0.09965969622135162
136,beta,underwater,,0.020436100661754608
136,B,momentum,kospi_return_1d,0.004406951833516359
136,B,momentum,fx_level_z_252,-0.002131185494363308
136,B,persist,kospi_return_1d,-0.015278968028724194
136,B,persist,fx_level_z_252,0.00036772084422409534
136,B,underwater,kospi_return_1d,-0.0013587870635092258
136,B,underwater,fx_level_z_252,-0.035225559026002884
136,alpha,,kospi_return_1d,0.03891326114535332
136,alpha,,fx_level_z_252,0.03535738214850426
137,beta,momentum,,-0.03712008148431778
137,beta,persist,,0.09976597875356674
137,beta,underwater,,0.020630471408367157
137,B,momentum,kospi_return_1d,0.0043889726512134075
137,B,momentum,fx_level_z_252,-0.002113045658916235
137,B,persist,kospi_return_1d,-0.015576889738440514
137,B,persist,fx_level_z_252,0.00023558556858915836
137,B,underwater,kospi_return_1d,-0.0017543307039886713
137,B,underwater,fx_level_z_252,-0.03536872938275337
137,alpha,,kospi_return_1d,0.038838937878608704
137,alpha,,fx_level_z_252,0.0353667177259922
138,beta,momentum,,-0.03703775629401207
138,beta,persist,,0.09987852722406387
138,beta,underwater,,0.02072579599916935
138,B,momentum,kospi_return_1d,0.004375454969704151
138,B,momentum,fx_level_z_252,-0.002114824252203107
138,B,persist,kospi_return_1d,-0.015774421393871307
138,B,persist,fx_level_z_252,-1.4515258953906596e-05
138,B,underwater,kospi_return_1d,-0.001978655345737934
138,B,underwater,fx_level_z_252,-0.035564642399549484
138,alpha,,kospi_return_1d,0.03863980248570442
138,alpha,,fx_level_z_252,0.03536475822329521
139,beta,momentum,,-0.03705583140254021
139,beta,persist,,0.09994666278362274
139,beta,underwater,,0.02071732096374035
139,B,momentum,kospi_return_1d,0.004318990744650364
139,B,momentum,fx_level_z_252,-0.002089141169562936
139,B,persist,kospi_return_1d,-0.01610177382826805
139,B,persist,fx_level_z_252,1.2367975614324678e-05
139,B,underwater,kospi_return_1d,-0.00225648726336658
139,B,underwater,fx_level_z_252,-0.03576640412211418
139,alpha,,kospi_return_1d,0.038664814084768295
139,alpha,,fx_level_z_252,0.035300109535455704
140,beta,momentum,,-0.03702166676521301
140,beta,persist,,0.1000068411231041
140,beta,underwater,,0.020687608048319817
140,B,momentum,kospi_return_1d,0.0042516435496509075
140,B,momentum,fx_level_z_252,-0.002122991718351841
140,B,persist,kospi_return_1d,-0.01629641465842724
140,B,persist,fx_level_z_252,6.85075792716816e-05
140,B,underwater,kospi_return_1d,-0.0024744481779634953
140,B,underwater,fx_level_z_252,-0.036011952906847
140,alpha,,kospi_return_1d,0.03867145627737045
140,alpha,,fx_level_z_252,0.035301271826028824
141,beta,momentum,,-0.03706612437963486
141,beta,persist,,0.1000642254948616
141,beta,underwater,,0.020686952397227287
141,B,momentum,kospi_return_1d,0.004155602306127548
141,B,momentum,fx_level_z_252,-0.0022179714869707823
141,B,persist,kospi_return_1d,-0.01638595387339592
141,B,persist,fx_level_z_252,3.363689029356465e-05
141,B,underwater,kospi_return_1d,-0.0025427716318517923
141,B,underwater,fx_level_z_252,-0.03611334413290024
141,alpha,,kospi_return_1d,0.03868860751390457
141,alpha,,fx_level_z_252,0.035312872380018234
142,beta,momentum,,-0.037088725715875626
142,beta,persist,,0.10012634098529816
142,beta,underwater,,0.020615745335817337
142,B,momentum,kospi_return_1d,0.003902321681380272
142,B,momentum,fx_level_z_252,-0.00216683023609221
142,B,persist,kospi_return_1d,-0.016375713050365448
142,B,persist,fx_level_z_252,-9.011382644530386e-05
142,B,underwater,kospi_return_1d,-0.0023954149801284075
142,B,underwater,fx_level_z_252,-0.03634083271026611
142,alpha,,kospi_return_1d,0.03860229253768921
142,alpha,,fx_level_z_252,0.035282790660858154
143,beta,momentum,,-0.03705362603068352
143,beta,persist,,0.1000896617770195
143,beta,underwater,,0.020531833171844482
143,B,momentum,kospi_return_1d,0.0035114523489028215
143,B,momentum,fx_level_z_252,-0.0022926353849470615
143,B,persist,kospi_return_1d,-0.016195546835660934
143,B,persist,fx_level_z_252,1.0110150469699875e-05
143,B,underwater,kospi_return_1d,-0.0021159029565751553
143,B,underwater,fx_level_z_252,-0.036435503512620926
143,alpha,,kospi_return_1d,0.03877124935388565
143,alpha,,fx_level_z_252,0.035257890820503235
144,beta,momentum,,-0.036953750997781754
144,beta,persist,,0.10005021840333939
144,beta,underwater,,0.02042483538389206
144,B,momentum,kospi_return_1d,0.002987186424434185
144,B,momentum,fx_level_z_252,-0.002342944499105215
144,B,persist,kospi_return_1d,-0.015907548367977142
144,B,persist,fx_level_z_252,0.00012614717707037926
144,B,underwater,kospi_return_1d,-0.001763022388331592
144,B,underwater,fx_level_z_252,-0.03661324828863144
144,alpha,,kospi_return_1d,0.038824912160634995
144,alpha,,fx_level_z_252,0.03525838628411293
145,beta,momentum,,-0.036910247057676315
145,beta,persist,,0.10001005977392197
145,beta,underwater,,0.020382720977067947
145,B,momentum,kospi_return_1d,0.0027026012539863586
145,B,momentum,fx_level_z_252,-0.002389646368101239
145,B,persist,kospi_return_1d,-0.01571681909263134
145,B,persist,fx_level_z_252,0.0003924777847714722
145,B,underwater,kospi_return_1d,-0.0015419552801176906
145,B,underwater,fx_level_z_252,-0.03687369450926781
145,alpha,,kospi_return_1d,0.03890212997794151
145,alpha,,fx_level_z_252,0.03524971753358841
146,beta,momentum,,-0.036870263516902924
146,beta,persist,,0.09992190450429916
146,beta,underwater,,0.020196745172142982
146,B,momentum,kospi_return_1d,0.0024920145515352488
146,B,momentum,fx_level_z_252,-0.002353167161345482
146,B,persist,kospi_return_1d,-0.015605000779032707
146,B,persist,fx_level_z_252,0.0006581837660633028
146,B,underwater,kospi_return_1d,-0.0013372714165598154
146,B,underwater,fx_level_z_252,-0.037083789706230164
146,alpha,,kospi_return_1d,0.03906262665987015
146,alpha,,fx_level_z_252,0.0351191870868206
147,beta,momentum,,-0.036838699132204056
147,beta,persist,,0.09988527745008469
147,beta,underwater,,0.02010328695178032
147,B,momentum,kospi_return_1d,0.0023725952487438917
147,B,momentum,fx_level_z_252,-0.0023126702290028334
147,B,persist,kospi_return_1d,-0.015460891649127007
147,B,persist,fx_level_z_252,0.0007799069862812757
147,B,underwater,kospi_return_1d,-0.0010986893903464079
147,B,underwater,fx_level_z_252,-0.037096090614795685
147,alpha,,kospi_return_1d,0.03918159008026123
147,alpha,,fx_level_z_252,0.035036247223615646
148,beta,momentum,,-0.03688691928982735
148,beta,persist,,0.09987465292215347
148,beta,underwater,,0.02013546973466873
148,B,momentum,kospi_return_1d,0.0023678787983953953
148,B,momentum,fx_level_z_252,-0.0023552319034934044
148,B,persist,kospi_return_1d,-0.015251988545060158
148,B,persist,fx_level_z_252,0.000780927250161767
148,B,underwater,kospi_return_1d,-0.0009149962570518255
148,B,underwater,fx_level_z_252,-0.036928512156009674
148,alpha,,kospi_return_1d,0.03940051048994064
148,alpha,,fx_level_z_252,0.03503131866455078
149,beta,momentum,,-0.036983612924814224
149,beta,persist,,0.09979549050331116
149,beta,underwater,,0.020182106643915176
149,B,momentum,kospi_return_1d,0.002392921131104231
149,B,momentum,fx_level_z_252,-0.002506149234250188
149,B,persist,kospi_return_1d,-0.015113011933863163
149,B,persist,fx_level_z_252,0.0008947417954914272
149,B,underwater,kospi_return_1d,-0.0006747620645910501
149,B,underwater,fx_level_z_252,-0.03667905181646347
149,alpha,,kospi_return_1d,0.039710551500320435
149,alpha,,fx_level_z_252,0.03496571257710457
150,beta,momentum,,-0.03710998594760895
150,beta,persist,,0.09976541250944138
150,beta,underwater,,0.020227394998073578
150,B,momentum,kospi_return_1d,0.002434861147776246
150,B,momentum,fx_level_z_252,-0.0026129507459700108
150,B,persist,kospi_return_1d,-0.01495211012661457
150,B,persist,fx_level_z_252,0.0008786965627223253
150,B,underwater,kospi_return_1d,-0.0006072844262234867
150,B,underwater,fx_level_z_252,-0.03654957935214043
150,alpha,,kospi_return_1d,0.039984043687582016
150,alpha,,fx_level_z_252,0.03501696512103081
151,beta,momentum,,-0.037183333188295364
151,beta,persist,,0.09980306029319763
151,beta,underwater,,0.02035166136920452
151,B,momentum,kospi_return_1d,0.0024923852179199457
151,B,momentum,fx_level_z_252,-0.0026299634482711554
151,B,persist,kospi_return_1d,-0.0147646339610219
151,B,persist,fx_level_z_252,0.0008157747215591371
151,B,underwater,kospi_return_1d,-0.0006582861533388495
151,B,underwater,fx_level_z_252,-0.03642994910478592
151,alpha,,kospi_return_1d,0.04016241431236267
151,alpha,,fx_level_z_252,0.03519260138273239
152,beta,momentum,,-0.03725682199001312
152,beta,persist,,0.09977544099092484
152,beta,underwater,,0.02047775872051716
152,B,momentum,kospi_return_1d,0.0028906005900353193
152,B,momentum,fx_level_z_252,-0.0025778200943022966
152,B,persist,kospi_return_1d,-0.01486273854970932
152,B,persist,fx_level_z_252,0.0006532559636980295
152,B,underwater,kospi_return_1d,-0.0008454412454739213
152,B,underwater,fx_level_z_252,-0.03629501536488533
152,alpha,,kospi_return_1d,0.04040494188666344
152,alpha,,fx_level_z_252,0.035252731293439865
153,beta,momentum,,-0.03722060099244118
153,beta,persist,,0.09979661554098129
153,beta,underwater,,0.020577214658260345
153,B,momentum,kospi_return_1d,0.003280794946476817
153,B,momentum,fx_level_z_252,-0.0026208963245153427
153,B,persist,kospi_return_1d,-0.015028310939669609
153,B,persist,fx_level_z_252,0.0005234097479842603
153,B,underwater,kospi_return_1d,-0.0010652199853211641
153,B,underwater,fx_level_z_252,-0.03610396757721901
153,alpha,,kospi_return_1d,0.04042857512831688
153,alpha,,fx_level_z_252,0.035236604511737823
154,beta,momentum,,-0.0371997207403183
154,beta,persist,,0.09982065111398697
154,beta,underwater,,0.020668068900704384
154,B,momentum,kospi_return_1d,0.0035678197164088488
154,B,momentum,fx_level_z_252,-0.0027329963631927967
154,B,persist,kospi_return_1d,-0.015085685066878796
154,B,persist,fx_level_z_252,0.00047253529191948473
154,B,underwater,kospi_return_1d,-0.0012407873291522264
154,B,underwater,fx_level_z_252,-0.03576289489865303
154,alpha,,kospi_return_1d,0.04048125445842743
154,alpha,,fx_level_z_252,0.03523476794362068
155,beta,momentum,,-0.03715876117348671
155,beta,persist,,0.09977510571479797
155,beta,underwater,,0.020766999572515488
155,B,momentum,kospi_return_1d,0.003883947152644396
155,B,momentum,fx_level_z_252,-0.0028012539260089397
155,B,persist,kospi_return_1d,-0.015403497032821178
155,B,persist,fx_level_z_252,0.0005352512816898525
155,B,underwater,kospi_return_1d,-0.0015762648545205593
155,B,underwater,fx_level_z_252,-0.03543395549058914
155,alpha,,kospi_return_1d,0.040628064423799515
155,alpha,,fx_level_z_252,0.03532839193940163
156,beta,momentum,,-0.03722323849797249
156,beta,persist,,0.09982973337173462
156,beta,underwater,,0.020914848893880844
156,B,momentum,kospi_return_1d,0.003984896000474691
156,B,momentum,fx_level_z_252,-0.002776772016659379
156,B,persist,kospi_return_1d,-0.015583939850330353
156,B,persist,fx_level_z_252,0.0005715497536584735
156,B,underwater,kospi_return_1d,-0.0018363260896876454
156,B,underwater,fx_level_z_252,-0.03509014472365379
156,alpha,,kospi_return_1d,0.040542297065258026
156,alpha,,fx_level_z_252,0.03532205894589424
157,beta,momentum,,-0.0373324379324913
157,beta,persist,,0.0999271348118782
157,beta,underwater,,0.021038904786109924
157,B,momentum,kospi_return_1d,0.003971961792558432
157,B,momentum,fx_level_z_252,-0.0025793907698243856
157,B,persist,kospi_return_1d,-0.015516482293605804
157,B,persist,fx_level_z_252,0.0006004837923683226
157,B,underwater,kospi_return_1d,-0.0019103563390672207
157,B,underwater,fx_level_z_252,-0.0348656065762043
157,alpha,,kospi_return_1d,0.04065117985010147
157,alpha,,fx_level_z_252,0.03529118001461029
158,beta,momentum,,-0.03741050511598587
158,beta,persist,,0.09997469931840897
158,beta,underwater,,0.021164890378713608
158,B,momentum,kospi_return_1d,0.0040112873539328575
158,B,momentum,fx_level_z_252,-0.002534973667934537
158,B,persist,kospi_return_1d,-0.015325501561164856
158,B,persist,fx_level_z_252,0.0006323594134300947
158,B,underwater,kospi_return_1d,-0.0018121094908565283
158,B,underwater,fx_level_z_252,-0.03452908992767334
158,alpha,,kospi_return_1d,0.04065703600645065
158,alpha,,fx_level_z_252,0.03529870882630348
159,beta,momentum,,-0.03744063153862953
159,beta,persist,,0.10000476241111755
159,beta,underwater,,0.021199854090809822
159,B,momentum,kospi_return_1d,0.003960940986871719
159,B,momentum,fx_level_z_252,-0.002335689263418317
159,B,persist,kospi_return_1d,-0.015198002569377422
159,B,persist,fx_level_z_252,0.0006667417474091053
159,B,underwater,kospi_return_1d,-0.0017563924193382263
159,B,underwater,fx_level_z_252,-0.034381698817014694
159,alpha,,kospi_return_1d,0.04067717492580414
159,alpha,,fx_level_z_252,0.03536425530910492
160,beta,momentum,,-0.0374268963932991
160,beta,persist,,0.100008524954319
160,beta,underwater,,0.02122289501130581
160,B,momentum,kospi_return_1d,0.004024546593427658
160,B,momentum,fx_level_z_252,-0.0021640562918037176
160,B,persist,kospi_return_1d,-0.015230894088745117
160,B,persist,fx_level_z_252,0.0006287529249675572
160,B,underwater,kospi_return_1d,-0.0018720683874562383
160,B,underwater,fx_level_z_252,-0.03420082479715347
160,alpha,,kospi_return_1d,0.04072549194097519
160,alpha,,fx_level_z_252,0.035369135439395905
161,beta,momentum,,-0.03742416203022003
161,beta,persist,,0.10001030564308167
161,beta,underwater,,0.021183114498853683
161,B,momentum,kospi_return_1d,0.00418798578903079
161,B,momentum,fx_level_z_252,-0.0018731238087639213
161,B,persist,kospi_return_1d,-0.015301049686968327
161,B,persist,fx_level_z_252,0.0006003712769597769
161,B,underwater,kospi_return_1d,-0.0019536956679075956
161,B,underwater,fx_level_z_252,-0.0341653898358345
161,alpha,,kospi_return_1d,0.040760792791843414
161,alpha,,fx_level_z_252,0.03530857339501381
162,beta,momentum,,-0.037326887249946594
162,beta,persist,,0.10001850128173828
162,beta,underwater,,0.02109612710773945
162,B,momentum,kospi_return_1d,0.004397398326545954
162,B,momentum,fx_level_z_252,-0.0018031097715720534
162,B,persist,kospi_return_1d,-0.015478996559977531
162,B,persist,fx_level_z_252,0.0005077858222648501
162,B,underwater,kospi_return_1d,-0.002070716116577387
162,B,underwater,fx_level_z_252,-0.03407350927591324
162,alpha,,kospi_return_1d,0.04073452576994896
162,alpha,,fx_level_z_252,0.03538569435477257
163,beta,momentum,,-0.03739979490637779
163,beta,persist,,0.10009811073541641
163,beta,underwater,,0.021078109741210938
163,B,momentum,kospi_return_1d,0.00450181495398283
163,B,momentum,fx_level_z_252,-0.0015832508215680718
163,B,persist,kospi_return_1d,-0.0154626639559865
163,B,persist,fx_level_z_252,0.0004538559296634048
163,B,underwater,kospi_return_1d,-0.0019899059552699327
163,B,underwater,fx_level_z_252,-0.03411927819252014
163,alpha,,kospi_return_1d,0.04058843478560448
163,alpha,,fx_level_z_252,0.03546087443828583
164,beta,momentum,,-0.037425313144922256
164,beta,persist,,0.10012322664260864
164,beta,underwater,,0.021043715998530388
164,B,momentum,kospi_return_1d,0.004513975232839584
164,B,momentum,fx_level_z_252,-0.0013999942457303405
164,B,persist,kospi_return_1d,-0.015421193093061447
164,B,persist,fx_level_z_252,0.0005290044937282801
164,B,underwater,kospi_return_1d,-0.0018236208707094193
164,B,underwater,fx_level_z_252,-0.034328643232584
164,alpha,,kospi_return_1d,0.04044478386640549
164,alpha,,fx_level_z_252,0.035641465336084366
165,beta,momentum,,-0.03741941228508949
165,beta,persist,,0.10017335414886475
165,beta,underwater,,0.020961051806807518
165,B,momentum,kospi_return_1d,0.004371692892163992
165,B,momentum,fx_level_z_252,-0.0012216101167723536
165,B,persist,kospi_return_1d,-0.015357882715761662
165,B,persist,fx_level_z_252,0.0006358296377584338
165,B,underwater,kospi_return_1d,-0.001487969420850277
165,B,underwater,fx_level_z_252,-0.034485116600990295
165,alpha,,kospi_return_1d,0.040383387356996536
165,alpha,,fx_level_z_252,0.035660844296216965
166,beta,momentum,,-0.037410296499729156
166,beta,persist,,0.10024137794971466
166,beta,underwater,,0.02086755447089672
166,B,momentum,kospi_return_1d,0.004415861796587706
166,B,momentum,fx_level_z_252,-0.0010175964562222362
166,B,persist,kospi_return_1d,-0.015289138071238995
166,B,persist,fx_level_z_252,0.0006374926888383925
166,B,underwater,kospi_return_1d,-0.001220144098624587
166,B,underwater,fx_level_z_252,-0.034605659544467926
166,alpha,,kospi_return_1d,0.04044341668486595
166,alpha,,fx_level_z_252,0.035544995218515396
167,beta,momentum,,-0.037316352128982544
167,beta,persist,,0.10034424066543579
167,beta,underwater,,0.020810652524232864
167,B,momentum,kospi_return_1d,0.004682581871747971
167,B,momentum,fx_level_z_252,-0.0008963690488599241
167,B,persist,kospi_return_1d,-0.015332839451730251
167,B,persist,fx_level_z_252,0.0006664994289167225
167,B,underwater,kospi_return_1d,-0.0010189649183303118
167,B,underwater,fx_level_z_252,-0.03467591106891632
167,alpha,,kospi_return_1d,0.04055497795343399
167,alpha,,fx_level_z_252,0.03543693944811821
168,beta,momentum,,-0.03717491775751114
168,beta,persist,,0.10054217278957367
168,beta,underwater,,0.020762573927640915
168,B,momentum,kospi_return_1d,0.0046059079468250275
168,B,momentum,fx_level_z_252,-0.0007210209732875228
168,B,persist,kospi_return_1d,-0.01503034122288227
168,B,persist,fx_level_z_252,0.00047697639092803
168,B,underwater,kospi_return_1d,-0.0006363466964103281
168,B,underwater,fx_level_z_252,-0.0349431075155735
168,alpha,,kospi_return_1d,0.040565475821495056
168,alpha,,fx_level_z_252,0.03537466749548912
169,beta,momentum,,-0.037028681486845016
169,beta,persist,,0.10066799074411392
169,beta,underwater,,0.020786555483937263
169,B,momentum,kospi_return_1d,0.004532327875494957
169,B,momentum,fx_level_z_252,-0.0005907505983486772
169,B,persist,kospi_return_1d,-0.014844526536762714
169,B,persist,fx_level_z_252,0.0003486099885776639
169,B,underwater,kospi_return_1d,-0.0003060642338823527
169,B,underwater,fx_level_z_252,-0.03508937731385231
169,alpha,,kospi_return_1d,0.04053853452205658
169,alpha,,fx_level_z_252,0.03533618897199631
170,beta,momentum,,-0.037005916237831116
170,beta,persist,,0.10089997202157974
170,beta,underwater,,0.02087334357202053
170,B,momentum,kospi_return_1d,0.0044681234285235405
170,B,momentum,fx_level_z_252,-0.0003908822836820036
170,B,persist,kospi_return_1d,-0.014661206863820553
170,B,persist,fx_level_z_252,0.0001565044658491388
170,B,underwater,kospi_return_1d,2.694425347726792e-05
170,B,underwater,fx_level_z_252,-0.035279158502817154
170,alpha,,kospi_return_1d,0.040261100977659225
170,alpha,,fx_level_z_252,0.035239074379205704
171,beta,momentum,,-0.03692270442843437
171,beta,persist,,0.10112237930297852
171,beta,underwater,,0.02091994695365429
171,B,momentum,kospi_return_1d,0.004298900719732046
171,B,momentum,fx_level_z_252,-0.00034594969474710524
171,B,persist,kospi_return_1d,-0.014612485654652119
171,B,persist,fx_level_z_252,-5.5267846619244665e-05
171,B,underwater,kospi_return_1d,0.0002499799884390086
171,B,underwater,fx_level_z_252,-0.035368725657463074
171,alpha,,kospi_return_1d,0.040015898644924164
171,alpha,,fx_level_z_252,0.035086460411548615
172,beta,momentum,,-0.03679494187235832
172,beta,persist,,0.10136131197214127
172,beta,underwater,,0.02089119143784046
172,B,momentum,kospi_return_1d,0.0038927369751036167
172,B,momentum,fx_level_z_252,-0.00043714791536331177
172,B,persist,kospi_return_1d,-0.01458089891821146
172,B,persist,fx_level_z_252,-0.00013516491162590683
172,B,underwater,kospi_return_1d,0.00042893446516245604
172,B,underwater,fx_level_z_252,-0.035420287400484085
172,alpha,,kospi_return_1d,0.039946358650922775
172,alpha,,fx_level_z_252,0.03494011238217354
173,beta,momentum,,-0.036717165261507034
173,beta,persist,,0.10145971924066544
173,beta,underwater,,0.02083192765712738
173,B,momentum,kospi_return_1d,0.003708752105012536
173,B,momentum,fx_level_z_252,-0.0007883970974944532
173,B,persist,kospi_return_1d,-0.014564174227416515
173,B,persist,fx_level_z_252,3.0373441404663026e-05
173,B,underwater,kospi_return_1d,0.00017883582040667534
173,B,underwater,fx_level_z_252,-0.035251684486866
173,alpha,,kospi_return_1d,0.03998735919594765
173,alpha,,fx_level_z_252,0.03473613038659096
174,beta,momentum,,-0.036560747772455215
174,beta,persist,,0.10159595310688019
174,beta,underwater,,0.020759912207722664
174,B,momentum,kospi_return_1d,0.003564539598301053
174,B,momentum,fx_level_z_252,-0.0012251146836206317
174,B,persist,kospi_return_1d,-0.01456655003130436
174,B,persist,fx_level_z_252,0.00029184360755607486
174,B,underwater,kospi_return_1d,-0.00019639398669824004
174,B,underwater,fx_level_z_252,-0.03510170802474022
174,alpha,,kospi_return_1d,0.039892375469207764
174,alpha,,fx_level_z_252,0.034577205777168274
175,beta,momentum,,-0.03649246692657471
175,beta,persist,,0.10175371170043945
175,beta,underwater,,0.02065815031528473
175,B,momentum,kospi_return_1d,0.003451107069849968
175,B,momentum,fx_level_z_252,-0.0017019882798194885
175,B,persist,kospi_return_1d,-0.014667516574263573
175,B,persist,fx_level_z_252,0.000429003091994673
175,B,underwater,kospi_return_1d,-0.000720252632163465
175,B,underwater,fx_level_z_252,-0.03479662537574768
175,alpha,,kospi_return_1d,0.039785996079444885
175,alpha,,fx_level_z_252,0.03434951230883598
176,beta,momentum,,-0.03650163859128952
176,beta,persist,,0.10186680406332016
176,beta,underwater,,0.020518258213996887
176,B,momentum,kospi_return_1d,0.0033946295734494925
176,B,momentum,fx_level_z_252,-0.001910356804728508
176,B,persist,kospi_return_1d,-0.014782767742872238
176,B,persist,fx_level_z_252,0.00040905943023972213
176,B,underwater,kospi_return_1d,-0.00114489218685776
176,B,underwater,fx_level_z_252,-0.034667424857616425
176,alpha,,kospi_return_1d,0.03981072083115578
176,alpha,,fx_level_z_252,0.03412288799881935
177,beta,momentum,,-0.03654753416776657
177,beta,persist,,0.1019599512219429
177,beta,underwater,,0.02043963596224785
177,B,momentum,kospi_return_1d,0.0032697429414838552
177,B,momentum,fx_level_z_252,-0.0021694316528737545
177,B,persist,kospi_return_1d,-0.014889647252857685
177,B,persist,fx_level_z_252,0.0006211549043655396
177,B,underwater,kospi_return_1d,-0.0015128888189792633
177,B,underwater,fx_level_z_252,-0.034439872950315475
177,alpha,,kospi_return_1d,0.03978056460618973
177,alpha,,fx_level_z_252,0.03400682657957077
178,beta,momentum,,-0.03648794814944267
178,beta,persist,,0.1020742803812027
178,beta,underwater,,0.020333867520093918
178,B,momentum,kospi_return_1d,0.003238217206671834
178,B,momentum,fx_level_z_252,-0.0023688802029937506
178,B,persist,kospi_return_1d,-0.014943193644285202
178,B,persist,fx_level_z_252,0.0008089444017969072
178,B,underwater,kospi_return_1d,-0.001729446928948164
178,B,underwater,fx_level_z_252,-0.034291837364435196
178,alpha,,kospi_return_1d,0.03967910259962082
178,alpha,,fx_level_z_252,0.0338190533220768
179,beta,momentum,,-0.03642738610506058
179,beta,persist,,0.1020767018198967
179,beta,underwater,,0.020131630823016167
179,B,momentum,kospi_return_1d,0.0032016877084970474
179,B,momentum,fx_level_z_252,-0.002426848514005542
179,B,persist,kospi_return_1d,-0.015083672478795052
179,B,persist,fx_level_z_252,0.0008827173733152449
179,B,underwater,kospi_return_1d,-0.0019234197679907084
179,B,underwater,fx_level_z_252,-0.03436192125082016
179,alpha,,kospi_return_1d,0.03971680998802185
179,alpha,,fx_level_z_252,0.03372424095869064
180,beta,momentum,,-0.03641923889517784
180,beta,persist,,0.10209240019321442
180,beta,underwater,,0.020031578838825226
180,B,momentum,kospi_return_1d,0.0030749053694307804
180,B,momentum,fx_level_z_252,-0.0023806928656995296
180,B,persist,kospi_return_1d,-0.015260211192071438
180,B,persist,fx_level_z_252,0.0009316949872300029
180,B,underwater,kospi_return_1d,-0.0021732463501393795
180,B,underwater,fx_level_z_252,-0.03455991670489311
180,alpha,,kospi_return_1d,0.03962409496307373
180,alpha,,fx_level_z_252,0.03372761234641075
181,beta,momentum,,-0.03634919226169586
181,beta,persist,,0.10209149867296219
181,beta,underwater,,0.019963592290878296
181,B,momentum,kospi_return_1d,0.00295295100659132
181,B,momentum,fx_level_z_252,-0.0023654941469430923
181,B,persist,kospi_return_1d,-0.015345626510679722
181,B,persist,fx_level_z_252,0.001002707052975893
181,B,underwater,kospi_return_1d,-0.0022821531165391207
181,B,underwater,fx_level_z_252,-0.034763775765895844
181,alpha,,kospi_return_1d,0.03964808210730553
181,alpha,,fx_level_z_252,0.033895887434482574
182,beta,momentum,,-0.03618612512946129
182,beta,persist,,0.10206229239702225
182,beta,underwater,,0.019914301112294197
182,B,momentum,kospi_return_1d,0.0029376212041825056
182,B,momentum,fx_level_z_252,-0.0023950585164129734
182,B,persist,kospi_return_1d,-0.015533293597400188
182,B,persist,fx_level_z_252,0.0009927545906975865
182,B,underwater,kospi_return_1d,-0.0025330022908747196
182,B,underwater,fx_level_z_252,-0.0350150503218174
182,alpha,,kospi_return_1d,0.039747461676597595
182,alpha,,fx_level_z_252,0.03411294147372246
183,beta,momentum,,-0.036043472588062286
183,beta,persist,,0.10205352306365967
183,beta,underwater,,0.019989315420389175
183,B,momentum,kospi_return_1d,0.0031008648220449686
183,B,momentum,fx_level_z_252,-0.0026215598918497562
183,B,persist,kospi_return_1d,-0.015653321519494057
183,B,persist,fx_level_z_252,0.0011073509231209755
183,B,underwater,kospi_return_1d,-0.002773178042843938
183,B,underwater,fx_level_z_252,-0.035084038972854614
183,alpha,,kospi_return_1d,0.03983469679951668
183,alpha,,fx_level_z_252,0.03430863097310066
184,beta,momentum,,-0.03586411476135254
184,beta,persist,,0.10201095044612885
184,beta,underwater,,0.01997666247189045
184,B,momentum,kospi_return_1d,0.0035381328780204058
184,B,momentum,fx_level_z_252,-0.0028150328435003757
184,B,persist,kospi_return_1d,-0.01583239808678627
184,B,persist,fx_level_z_252,0.0012378584360703826
184,B,underwater,kospi_return_1d,-0.0029710703529417515
184,B,underwater,fx_level_z_252,-0.0352950245141983
184,alpha,,kospi_return_1d,0.04003020003437996
184,alpha,,fx_level_z_252,0.034298788756132126
185,beta,momentum,,-0.03571993112564087
185,beta,persist,,0.10197539627552032
185,beta,underwater,,0.01997518353164196
185,B,momentum,kospi_return_1d,0.003909303806722164
185,B,momentum,fx_level_z_252,-0.002941408660262823
185,B,persist,kospi_return_1d,-0.0160341989248991
185,B,persist,fx_level_z_252,0.0014075938379392028
185,B,underwater,kospi_return_1d,-0.003102098358795047
185,B,underwater,fx_level_z_252,-0.035416167229413986
185,alpha,,kospi_return_1d,0.040274668484926224
185,alpha,,fx_level_z_252,0.034247368574142456
186,beta,momentum,,-0.03560479357838631
186,beta,persist,,0.10199476778507233
186,beta,underwater,,0.020009826868772507
186,B,momentum,kospi_return_1d,0.00431833928450942
186,B,momentum,fx_level_z_252,-0.0028669529128819704
186,B,persist,kospi_return_1d,-0.016234369948506355
186,B,persist,fx_level_z_252,0.0014615519903600216
186,B,underwater,kospi_return_1d,-0.0031569884158670902
186,B,underwater,fx_level_z_252,-0.035659171640872955
186,alpha,,kospi_return_1d,0.04024763032793999
186,alpha,,fx_level_z_252,0.03429239243268967
187,beta,momentum,,-0.0354355089366436
187,beta,persist,,0.10197561979293823
187,beta,underwater,,0.01995815336704254
187,B,momentum,kospi_return_1d,0.004831879865378141
187,B,momentum,fx_level_z_252,-0.002854446182027459
187,B,persist,kospi_return_1d,-0.0165339857339859
187,B,persist,fx_level_z_252,0.0015645993407815695
187,B,underwater,kospi_return_1d,-0.003286950057372451
187,B,underwater,fx_level_z_252,-0.035797540098428726
187,alpha,,kospi_return_1d,0.04023575037717819
187,alpha,,fx_level_z_252,0.034394461661577225
188,beta,momentum,,-0.03535786271095276
188,beta,persist,,0.10196205973625183
188,beta,underwater,,0.019940601661801338
188,B,momentum,kospi_return_1d,0.005278825759887695
188,B,momentum,fx_level_z_252,-0.0027281702496111393
188,B,persist,kospi_return_1d,-0.016759797930717468
188,B,persist,fx_level_z_252,0.001561179757118225
188,B,underwater,kospi_return_1d,-0.0033749849535524845
188,B,underwater,fx_level_z_252,-0.03600305691361427
188,alpha,,kospi_return_1d,0.040286675095558167
188,alpha,,fx_level_z_252,0.034528255462646484
189,beta,momentum,,-0.0353165939450264
189,beta,persist,,0.10198422521352768
189,beta,underwater,,0.020067783072590828
189,B,momentum,kospi_return_1d,0.005654167849570513
189,B,momentum,fx_level_z_252,-0.002622400177642703
189,B,persist,kospi_return_1d,-0.01687709055840969
189,B,persist,fx_level_z_252,0.0015207774704322219
189,B,underwater,kospi_return_1d,-0.003428066149353981
189,B,underwater,fx_level_z_252,-0.03618231788277626
189,alpha,,kospi_return_1d,0.040340639650821686
189,alpha,,fx_level_z_252,0.03475652262568474
190,beta,momentum,,-0.035307757556438446
190,beta,persist,,0.1019558385014534
190,beta,underwater,,0.020160725340247154
190,B,momentum,kospi_return_1d,0.005831828340888023
190,B,momentum,fx_level_z_252,-0.0024554661940783262
190,B,persist,kospi_return_1d,-0.01684698648750782
190,B,persist,fx_level_z_252,0.0013658386887982488
190,B,underwater,kospi_return_1d,-0.00344094424508512
190,B,underwater,fx_level_z_252,-0.036273013800382614
190,alpha,,kospi_return_1d,0.04060843214392662
190,alpha,,fx_level_z_252,0.03499114140868187
191,beta,momentum,,-0.03541424125432968
191,beta,persist,,0.10192640125751495
191,beta,underwater,,0.02030903846025467
191,B,momentum,kospi_return_1d,0.005722075700759888
191,B,momentum,fx_level_z_252,-0.0021336774807423353
191,B,persist,kospi_return_1d,-0.016681106761097908
191,B,persist,fx_level_z_252,0.001181566622108221
191,B,underwater,kospi_return_1d,-0.0031835613772273064
191,B,underwater,fx_level_z_252,-0.036221858114004135
191,alpha,,kospi_return_1d,0.04076604172587395
191,alpha,,fx_level_z_252,0.03511688858270645
192,beta,momentum,,-0.03546145185828209
192,beta,persist,,0.10187797248363495
192,beta,underwater,,0.020519671961665154
192,B,momentum,kospi_return_1d,0.005724633112549782
192,B,momentum,fx_level_z_252,-0.0018732377793639898
192,B,persist,kospi_return_1d,-0.0166110098361969
192,B,persist,fx_level_z_252,0.0009953894186764956
192,B,underwater,kospi_return_1d,-0.002917919075116515
192,B,underwater,fx_level_z_252,-0.03608979284763336
192,alpha,,kospi_return_1d,0.04103904962539673
192,alpha,,fx_level_z_252,0.03512068837881088
193,beta,momentum,,-0.035607583820819855
193,beta,persist,,0.10180030018091202
193,beta,underwater,,0.020691469311714172
193,B,momentum,kospi_return_1d,0.0057581509463489056
193,B,momentum,fx_level_z_252,-0.0017794503364712
193,B,persist,kospi_return_1d,-0.01658032462000847
193,B,persist,fx_level_z_252,0.0009456317638978362
193,B,underwater,kospi_return_1d,-0.002575165592133999
193,B,underwater,fx_level_z_252,-0.03584948554635048
193,alpha,,kospi_return_1d,0.04132445901632309
193,alpha,,fx_level_z_252,0.035095155239105225
194,beta,momentum,,-0.035707972943782806
194,beta,persist,,0.10171212255954742
194,beta,underwater,,0.020809104666113853
194,B,momentum,kospi_return_1d,0.005543405655771494
194,B,momentum,fx_level_z_252,-0.001728004775941372
194,B,persist,kospi_return_1d,-0.0165419839322567
194,B,persist,fx_level_z_252,0.000786455231718719
194,B,underwater,kospi_return_1d,-0.002303514862433076
194,B,underwater,fx_level_z_252,-0.035579536110162735
194,alpha,,kospi_return_1d,0.041496265679597855
194,alpha,,fx_level_z_252,0.03511133790016174
195,beta,momentum,,-0.03574446588754654
195,beta,persist,,0.10161694139242172
195,beta,underwater,,0.020889751613140106
195,B,momentum,kospi_return_1d,0.005090125370770693
195,B,momentum,fx_level_z_252,-0.0016190202441066504
195,B,persist,kospi_return_1d,-0.016339994966983795
195,B,persist,fx_level_z_252,0.00045564339961856604
195,B,underwater,kospi_return_1d,-0.0019425894133746624
195,B,underwater,fx_level_z_252,-0.035499054938554764
195,alpha,,kospi_return_1d,0.04162769019603729
195,alpha,,fx_level_z_252,0.03522847965359688
196,beta,momentum,,-0.035735227167606354
196,beta,persist,,0.10161007940769196
196,beta,underwater,,0.020892374217510223
196,B,momentum,kospi_return_1d,0.004563104826956987
196,B,momentum,fx_level_z_252,-0.0016474580625072122
196,B,persist,kospi_return_1d,-0.016113802790641785
196,B,persist,fx_level_z_252,0.0002335525641683489
196,B,underwater,kospi_return_1d,-0.0016416726866737008
196,B,underwater,fx_level_z_252,-0.035463087260723114
196,alpha,,kospi_return_1d,0.04164731502532959
196,alpha,,fx_level_z_252,0.03532187640666962
197,beta,momentum,,-0.035693176090717316
197,beta,persist,,0.10160015523433685
197,beta,underwater,,0.020872583612799644
197,B,momentum,kospi_return_1d,0.004069698508828878
197,B,momentum,fx_level_z_252,-0.0015337172662839293
197,B,persist,kospi_return_1d,-0.015816062688827515
197,B,persist,fx_level_z_252,-6.166697130538523e-05
197,B,underwater,kospi_return_1d,-0.001459398539736867
197,B,underwater,fx_level_z_252,-0.035485364496707916
197,alpha,,kospi_return_1d,0.041633352637290955
197,alpha,,fx_level_z_252,0.03542979061603546
198,beta,momentum,,-0.03570921719074249
198,beta,persist,,0.10164880752563477
198,beta,underwater,,0.020940326154232025
198,B,momentum,kospi_return_1d,0.0036404056008905172
198,B,momentum,fx_level_z_252,-0.0014296318404376507
198,B,persist,kospi_return_1d,-0.015609893947839737
198,B,persist,fx_level_z_252,-0.0003539727767929435
198,B,underwater,kospi_return_1d,-0.0013610125752165914
198,B,underwater,fx_level_z_252,-0.035510554909706116
198,alpha,,kospi_return_1d,0.041619058698415756
198,alpha,,fx_level_z_252,0.03568262606859207
199,beta,momentum,,-0.03575439006090164
199,beta,persist,,0.10168319940567017
199,beta,underwater,,0.021038426086306572
199,B,momentum,kospi_return_1d,0.003348912810906768
199,B,momentum,fx_level_z_252,-0.001298576476983726
199,B,persist,kospi_return_1d,-0.015486147254705429
199,B,persist,fx_level_z_252,-0.00040132339927367866
199,B,underwater,kospi_return_1d,-0.0014905738644301891
199,B,underwater,fx_level_z_252,-0.03543950244784355
199,alpha,,kospi_return_1d,0.04162281006574631
199,alpha,,fx_level_z_252,0.03591105714440346
200,beta,momentum,,-0.03574860468506813
200,beta,persist,,0.10178419202566147
200,beta,underwater,,0.021094046533107758
200,B,momentum,kospi_return_1d,0.0030948761850595474
200,B,momentum,fx_level_z_252,-0.0012616091407835484
200,B,persist,kospi_return_1d,-0.0153882447630167
200,B,persist,fx_level_z_252,-0.00042491077329032123
200,B,underwater,kospi_return_1d,-0.0014740098267793655
200,B,underwater,fx_level_z_252,-0.035465043038129807
200,alpha,,kospi_return_1d,0.04156186804175377
200,alpha,,fx_level_z_252,0.03614719957113266
201,beta,momentum,,-0.0358036607503891
201,beta,persist,,0.10190799087285995
201,beta,underwater,,0.02103102207183838
201,B,momentum,kospi_return_1d,0.002869617659598589
201,B,momentum,fx_level_z_252,-0.001174554810859263
201,B,persist,kospi_return_1d,-0.015329672023653984
201,B,persist,fx_level_z_252,-0.00047034272574819624
201,B,underwater,kospi_return_1d,-0.0013550282455980778
201,B,underwater,fx_level_z_252,-0.03556350991129875
201,alpha,,kospi_return_1d,0.0414939783513546
201,alpha,,fx_level_z_252,0.03629700839519501
202,beta,momentum,,-0.03592076525092125
202,beta,persist,,0.1018829345703125
202,beta,underwater,,0.02098042331635952
202,B,momentum,kospi_return_1d,0.0028881325852125883
202,B,momentum,fx_level_z_252,-0.0011504841968417168
202,B,persist,kospi_return_1d,-0.015426677651703358
202,B,persist,fx_level_z_252,-0.0002926398301497102
202,B,underwater,kospi_return_1d,-0.0015030259964987636
202,B,underwater,fx_level_z_252,-0.03547890484333038
202,alpha,,kospi_return_1d,0.041556216776371
202,alpha,,fx_level_z_252,0.03632667288184166
203,beta,momentum,,-0.036060839891433716
203,beta,persist,,0.10187624394893646
203,beta,underwater,,0.020889561623334885
203,B,momentum,kospi_return_1d,0.002976882504299283
203,B,momentum,fx_level_z_252,-0.0009803844150155783
203,B,persist,kospi_return_1d,-0.015539217740297318
203,B,persist,fx_level_z_252,4.1922248783521354e-05
203,B,underwater,kospi_return_1d,-0.0016423385823145509
203,B,underwater,fx_level_z_252,-0.03551246225833893
203,alpha,,kospi_return_1d,0.04151426628232002
203,alpha,,fx_level_z_252,0.03634059801697731
204,beta,momentum,,-0.0362759605050087
204,beta,persist,,0.10189338773488998
204,beta,underwater,,0.02064346708357334
204,B,momentum,kospi_return_1d,0.003109982702881098
204,B,momentum,fx_level_z_252,-0.0007084938697516918
204,B,persist,kospi_return_1d,-0.015569831244647503
204,B,persist,fx_level_z_252,0.000299030973110348
204,B,underwater,kospi_return_1d,-0.001693457248620689
204,B,underwater,fx_level_z_252,-0.03560228273272514
204,alpha,,kospi_return_1d,0.041410647332668304
204,alpha,,fx_level_z_252,0.03625181317329407
205,beta,momentum,,-0.0363626591861248
205,beta,persist,,0.1018490344285965
205,beta,underwater,,0.02030210755765438
205,B,momentum,kospi_return_1d,0.003453330835327506
205,B,momentum,fx_level_z_252,-0.0004822031478397548
205,B,persist,kospi_return_1d,-0.015807239338755608
205,B,persist,fx_level_z_252,0.0004373443662188947
205,B,underwater,kospi_return_1d,-0.0017920609097927809
205,B,underwater,fx_level_z_252,-0.035746827721595764
205,alpha,,kospi_return_1d,0.041452255100011826
205,alpha,,fx_level_z_252,0.03616805374622345
206,beta,momentum,,-0.036345019936561584
206,beta,persist,,0.1017734706401825
206,beta,underwater,,0.0199348796159029
206,B,momentum,kospi_return_1d,0.003732300829142332
206,B,momentum,fx_level_z_252,-0.00040630812873132527
206,B,persist,kospi_return_1d,-0.016152398660779
206,B,persist,fx_level_z_252,0.0007740089204162359
206,B,underwater,kospi_return_1d,-0.0018737093778327107
206,B,underwater,fx_level_z_252,-0.03581327199935913
206,alpha,,kospi_return_1d,0.04163616895675659
206,alpha,,fx_level_z_252,0.03611791878938675
207,beta,momentum,,-0.03639776632189751
207,beta,persist,,0.1017485186457634
207,beta,underwater,,0.019694821909070015
207,B,momentum,kospi_return_1d,0.004029958508908749
207,B,momentum,fx_level_z_252,-0.0003475812845863402
207,B,persist,kospi_return_1d,-0.01631821319460869
207,B,persist,fx_level_z_252,0.001055008266121149
207,B,underwater,kospi_return_1d,-0.0019175742054358125
207,B,underwater,fx_level_z_252,-0.03583990037441254
207,alpha,,kospi_return_1d,0.04178205132484436
207,alpha,,fx_level_z_252,0.035982873290777206
208,beta,momentum,,-0.036335501819849014
208,beta,persist,,0.10166753083467484
208,beta,underwater,,0.019416185095906258
208,B,momentum,kospi_return_1d,0.004271726123988628
208,B,momentum,fx_level_z_252,-0.00024958697031252086
208,B,persist,kospi_return_1d,-0.016266437247395515
208,B,persist,fx_level_z_252,0.0011763785732910037
208,B,underwater,kospi_return_1d,-0.0017886098939925432
208,B,underwater,fx_level_z_252,-0.03591682016849518
208,alpha,,kospi_return_1d,0.041886646300554276
208,alpha,,fx_level_z_252,0.035847488790750504
209,beta,momentum,,-0.03613768890500069
209,beta,persist,,0.1016150638461113
209,beta,underwater,,0.019077537581324577
209,B,momentum,kospi_return_1d,0.00441655283793807
209,B,momentum,fx_level_z_252,-0.00025047705275937915
209,B,persist,kospi_return_1d,-0.0161120742559433
209,B,persist,fx_level_z_252,0.001208722940646112
209,B,underwater,kospi_return_1d,-0.0016832114197313786
209,B,underwater,fx_level_z_252,-0.03607121482491493
209,alpha,,kospi_return_1d,0.04184853658080101
209,alpha,,fx_level_z_252,0.03568084537982941
210,beta,momentum,,-0.03593609854578972
210,beta,persist,,0.1016288548707962
210,beta,underwater,,0.01868029311299324
210,B,momentum,kospi_return_1d,0.004530607722699642
210,B,momentum,fx_level_z_252,-0.0003128637617919594
210,B,persist,kospi_return_1d,-0.015951771289110184
210,B,persist,fx_level_z_252,0.001184368273243308
210,B,underwater,kospi_return_1d,-0.0013647612649947405
210,B,underwater,fx_level_z_252,-0.03622479736804962
210,alpha,,kospi_return_1d,0.04177513346076012
210,alpha,,fx_level_z_252,0.03551160544157028
211,beta,momentum,,-0.035748571157455444
211,beta,persist,,0.10174938291311264
211,beta,underwater,,0.01843077503144741
211,B,momentum,kospi_return_1d,0.004518718924373388
211,B,momentum,fx_level_z_252,-0.00037282059201970696
211,B,persist,kospi_return_1d,-0.01573454774916172
211,B,persist,fx_level_z_252,0.001147122704423964
211,B,underwater,kospi_return_1d,-0.000873243494424969
211,B,underwater,fx_level_z_252,-0.0362558513879776
211,alpha,,kospi_return_1d,0.041464343667030334
211,alpha,,fx_level_z_252,0.035386476665735245
212,beta,momentum,,-0.03557223081588745
212,beta,persist,,0.10178755968809128
212,beta,underwater,,0.018203767016530037
212,B,momentum,kospi_return_1d,0.004463798366487026
212,B,momentum,fx_level_z_252,-0.0004823053313884884
212,B,persist,kospi_return_1d,-0.015458702109754086
212,B,persist,fx_level_z_252,0.0010799012379720807
212,B,underwater,kospi_return_1d,-0.0004887554096058011
212,B,underwater,fx_level_z_252,-0.03607286512851715
212,alpha,,kospi_return_1d,0.04116728901863098
212,alpha,,fx_level_z_252,0.03513602539896965
213,beta,momentum,,-0.03553792089223862
213,beta,persist,,0.10191094130277634
213,beta,underwater,,0.018066303804516792
213,B,momentum,kospi_return_1d,0.004457969218492508
213,B,momentum,fx_level_z_252,-0.0005193015094846487
213,B,persist,kospi_return_1d,-0.015258756466209888
213,B,persist,fx_level_z_252,0.0011380206560716033
213,B,underwater,kospi_return_1d,-7.160021050367504e-05
213,B,underwater,fx_level_z_252,-0.03586998209357262
213,alpha,,kospi_return_1d,0.040772922337055206
213,alpha,,fx_level_z_252,0.035008057951927185
214,beta,momentum,,-0.035604462027549744
214,beta,persist,,0.10210472345352173
214,beta,underwater,,0.018212808296084404
214,B,momentum,kospi_return_1d,0.0042859939858317375
214,B,momentum,fx_level_z_252,-0.0007730029756203294
214,B,persist,kospi_return_1d,-0.01489165984094143
214,B,persist,fx_level_z_252,0.001118244486860931
214,B,underwater,kospi_return_1d,0.00021324340195860714
214,B,underwater,fx_level_z_252,-0.03563155606389046
214,alpha,,kospi_return_1d,0.04040569067001343
214,alpha,,fx_level_z_252,0.03495197370648384
215,beta,momentum,,-0.0357268750667572
215,beta,persist,,0.10231228172779083
215,beta,underwater,,0.018493589013814926
215,B,momentum,kospi_return_1d,0.0040588462725281715
215,B,momentum,fx_level_z_252,-0.0012232031440362334
215,B,persist,kospi_return_1d,-0.014647283591330051
215,B,persist,fx_level_z_252,0.0012192619033157825
215,B,underwater,kospi_return_1d,4.445841477718204e-05
215,B,underwater,fx_level_z_252,-0.035185813903808594
215,alpha,,kospi_return_1d,0.04009130969643593
215,alpha,,fx_level_z_252,0.03492334857583046
216,beta,momentum,,-0.03592376783490181
216,beta,persist,,0.10251221060752869
216,beta,underwater,,0.018885616213083267
216,B,momentum,kospi_return_1d,0.0038645437452942133
216,B,momentum,fx_level_z_252,-0.0015855636447668076
216,B,persist,kospi_return_1d,-0.01451864279806614
216,B,persist,fx_level_z_252,0.0013828570954501629
216,B,underwater,kospi_return_1d,-0.00048125325702130795
216,B,underwater,fx_level_z_252,-0.03464239463210106
216,alpha,,kospi_return_1d,0.039721351116895676
216,alpha,,fx_level_z_252,0.034886132925748825
217,beta,momentum,,-0.03618396818637848
217,beta,persist,,0.10265316814184189
217,beta,underwater,,0.01926916092634201
217,B,momentum,kospi_return_1d,0.0038155498914420605
217,B,momentum,fx_level_z_252,-0.0019433778943493962
217,B,persist,kospi_return_1d,-0.014650514349341393
217,B,persist,fx_level_z_252,0.0016814193222671747
217,B,underwater,kospi_return_1d,-0.0011337234172970057
217,B,underwater,fx_level_z_252,-0.03395882993936539
217,alpha,,kospi_return_1d,0.03924711048603058
217,alpha,,fx_level_z_252,0.034773021936416626
218,beta,momentum,,-0.036347925662994385
218,beta,persist,,0.10270565003156662
218,beta,underwater,,0.019489826634526253
218,B,momentum,kospi_return_1d,0.003884468926116824
218,B,momentum,fx_level_z_252,-0.0021493486128747463
218,B,persist,kospi_return_1d,-0.014752095565199852
218,B,persist,fx_level_z_252,0.0018665482057258487
218,B,underwater,kospi_return_1d,-0.0016503233928233385
218,B,underwater,fx_level_z_252,-0.03350737318396568
218,alpha,,kospi_return_1d,0.03905915096402168
218,alpha,,fx_level_z_252,0.03472435846924782
219,beta,momentum,,-0.036507487297058105
219,beta,persist,,0.10281939059495926
219,beta,underwater,,0.0196531992405653
219,B,momentum,kospi_return_1d,0.0038891753647476435
219,B,momentum,fx_level_z_252,-0.0021815956570208073
219,B,persist,kospi_return_1d,-0.014900566078722477
219,B,persist,fx_level_z_252,0.0019070940325036645
219,B,underwater,kospi_return_1d,-0.002005954971536994
219,B,underwater,fx_level_z_252,-0.03312532603740692
219,alpha,,kospi_return_1d,0.038779132068157196
219,alpha,,fx_level_z_252,0.034706756472587585
220,beta,momentum,,-0.03679738938808441
220,beta,persist,,0.10291443020105362
220,beta,underwater,,0.01975095272064209
220,B,momentum,kospi_return_1d,0.003853736212477088
220,B,momentum,fx_level_z_252,-0.0021627056412398815
220,B,persist,kospi_return_1d,-0.014997369609773159
220,B,persist,fx_level_z_252,0.001977836713194847
220,B,underwater,kospi_return_1d,-0.0022487901151180267
220,B,underwater,fx_level_z_252,-0.032787881791591644
220,alpha,,kospi_return_1d,0.03851625695824623
220,alpha,,fx_level_z_252,0.0346575528383255
221,beta,momentum,,-0.037073686718940735
221,beta,persist,,0.1030484214425087
221,beta,underwater,,0.01991109363734722
221,B,momentum,kospi_return_1d,0.003671785816550255
221,B,momentum,fx_level_z_252,-0.002174858469516039
221,B,persist,kospi_return_1d,-0.014923698268830776
221,B,persist,fx_level_z_252,0.0021101541351526976
221,B,underwater,kospi_return_1d,-0.0022929052356630564
221,B,underwater,fx_level_z_252,-0.03246045112609863
221,alpha,,kospi_return_1d,0.03829803690314293
221,alpha,,fx_level_z_252,0.034609850496053696
222,beta,momentum,,-0.0371379517018795
222,beta,persist,,0.10301196575164795
222,beta,underwater,,0.01998491771519184
222,B,momentum,kospi_return_1d,0.003502164501696825
222,B,momentum,fx_level_z_252,-0.0022916316520422697
222,B,persist,kospi_return_1d,-0.014786383137106895
222,B,persist,fx_level_z_252,0.0023883346002548933
222,B,underwater,kospi_return_1d,-0.0023193766828626394
222,B,underwater,fx_level_z_252,-0.0322146937251091
222,alpha,,kospi_return_1d,0.03821105509996414
222,alpha,,fx_level_z_252,0.03448422998189926
223,beta,momentum,,-0.037341758608818054
223,beta,persist,,0.10292916744947433
223,beta,underwater,,0.020047198981046677
223,B,momentum,kospi_return_1d,0.003205491229891777
223,B,momentum,fx_level_z_252,-0.002306795446202159
223,B,persist,kospi_return_1d,-0.014623520895838737
223,B,persist,fx_level_z_252,0.002597363665699959
223,B,underwater,kospi_return_1d,-0.0021382072009146214
223,B,underwater,fx_level_z_252,-0.032045457512140274
223,alpha,,kospi_return_1d,0.03817526623606682
223,alpha,,fx_level_z_252,0.034270696341991425
224,beta,momentum,,-0.03744852915406227
224,beta,persist,,0.10277193784713745
224,beta,underwater,,0.0198147464543581
224,B,momentum,kospi_return_1d,0.0030334964394569397
224,B,momentum,fx_level_z_252,-0.0022556695621460676
224,B,persist,kospi_return_1d,-0.014552963897585869
224,B,persist,fx_level_z_252,0.0027312024030834436
224,B,underwater,kospi_return_1d,-0.0019094161689281464
224,B,underwater,fx_level_z_252,-0.032076120376586914
224,alpha,,kospi_return_1d,0.038248997181653976
224,alpha,,fx_level_z_252,0.03382713347673416
225,beta,momentum,,-0.0375346913933754
225,beta,persist,,0.10260568559169769
225,beta,underwater,,0.019509145990014076
225,B,momentum,kospi_return_1d,0.0029951271135360003
225,B,momentum,fx_level_z_252,-0.002151819411665201
225,B,persist,kospi_return_1d,-0.01457067672163248
225,B,persist,fx_level_z_252,0.0028112756554037333
225,B,underwater,kospi_return_1d,-0.001593646127730608
225,B,underwater,fx_level_z_252,-0.03223312646150589
225,alpha,,kospi_return_1d,0.03841762617230415
225,alpha,,fx_level_z_252,0.033361226320266724
226,beta,momentum,,-0.0375591479241848
226,beta,persist,,0.10248508304357529
226,beta,underwater,,0.019216589629650116
226,B,momentum,kospi_return_1d,0.003101424314081669
226,B,momentum,fx_level_z_252,-0.002008953597396612
226,B,persist,kospi_return_1d,-0.01469868328422308
226,B,persist,fx_level_z_252,0.0026631937362253666
226,B,underwater,kospi_return_1d,-0.0013213782804086804
226,B,underwater,fx_level_z_252,-0.03258754685521126
226,alpha,,kospi_return_1d,0.038613345474004745
226,alpha,,fx_level_z_252,0.03309585154056549
227,beta,momentum,,-0.03735608980059624
227,beta,persist,,0.10221349447965622
227,beta,underwater,,0.018779395148158073
227,B,momentum,kospi_return_1d,0.003088800935074687
227,B,momentum,fx_level_z_252,-0.0018696713959798217
227,B,persist,kospi_return_1d,-0.014804022386670113
227,B,persist,fx_level_z_252,0.0026340035255998373
227,B,underwater,kospi_return_1d,-0.0009089747909456491
227,B,underwater,fx_level_z_252,-0.03304571285843849
227,alpha,,kospi_return_1d,0.03892941400408745
227,alpha,,fx_level_z_252,0.03287564590573311
228,beta,momentum,,-0.037102099508047104
228,beta,persist,,0.10192614048719406
228,beta,underwater,,0.018315112218260765
228,B,momentum,kospi_return_1d,0.003178836777806282
228,B,momentum,fx_level_z_252,-0.0017735760193318129
228,B,persist,kospi_return_1d,-0.014859611168503761
228,B,persist,fx_level_z_252,0.0025040353648364544
228,B,underwater,kospi_return_1d,-0.0006253909086808562
228,B,underwater,fx_level_z_252,-0.0334957130253315
228,alpha,,kospi_return_1d,0.039537928998470306
228,alpha,,fx_level_z_252,0.03286216780543327
229,beta,momentum,,-0.036908671259880066
229,beta,persist,,0.10165458917617798
229,beta,underwater,,0.01798079162836075
229,B,momentum,kospi_return_1d,0.003231993643566966
229,B,momentum,fx_level_z_252,-0.0016009227838367224
229,B,persist,kospi_return_1d,-0.014854023233056068
229,B,persist,fx_level_z_252,0.0021886166650801897
229,B,underwater,kospi_return_1d,-0.00046802186989225447
229,B,underwater,fx_level_z_252,-0.034071967005729675
229,alpha,,kospi_return_1d,0.04019083082675934
229,alpha,,fx_level_z_252,0.03301417455077171
230,beta,momentum,,-0.03666563332080841
230,beta,persist,,0.10142488032579422
230,beta,underwater,,0.017808375880122185
230,B,momentum,kospi_return_1d,0.003372662700712681
230,B,momentum,fx_level_z_252,-0.0017657963326200843
230,B,persist,kospi_return_1d,-0.015122535638511181
230,B,persist,fx_level_z_252,0.0019191867904737592
230,B,underwater,kospi_return_1d,-0.0005060007679276168
230,B,underwater,fx_level_z_252,-0.034312501549720764
230,alpha,,kospi_return_1d,0.04074905440211296
230,alpha,,fx_level_z_252,0.03318055719137192
231,beta,momentum,,-0.036481745541095734
231,beta,persist,,0.10134043544530869
231,beta,underwater,,0.017756260931491852
231,B,momentum,kospi_return_1d,0.003488324349746108
231,B,momentum,fx_level_z_252,-0.0018943442264571786
231,B,persist,kospi_return_1d,-0.015438489615917206
231,B,persist,fx_level_z_252,0.0017368217231705785
231,B,underwater,kospi_return_1d,-0.0006599147454835474
231,B,underwater,fx_level_z_252,-0.03448525816202164
231,alpha,,kospi_return_1d,0.0410311184823513
231,alpha,,fx_level_z_252,0.03338298946619034
232,beta,momentum,,-0.036420632153749466
232,beta,persist,,0.10127948969602585
232,beta,underwater,,0.01787235401570797
232,B,momentum,kospi_return_1d,0.0036128219217061996
232,B,momentum,fx_level_z_252,-0.0019856581930071115
232,B,persist,kospi_return_1d,-0.01569281332194805
232,B,persist,fx_level_z_252,0.0015278388746082783
232,B,underwater,kospi_return_1d,-0.0008941178675740957
232,B,underwater,fx_level_z_252,-0.034580718725919724
232,alpha,,kospi_return_1d,0.04127446189522743
232,alpha,,fx_level_z_252,0.03374522551894188
233,beta,momentum,,-0.03638115152716637
233,beta,persist,,0.10126613825559616
233,beta,underwater,,0.017970506101846695
233,B,momentum,kospi_return_1d,0.003926370292901993
233,B,momentum,fx_level_z_252,-0.001963970949873328
233,B,persist,kospi_return_1d,-0.01576109230518341
233,B,persist,fx_level_z_252,0.001231563393957913
233,B,underwater,kospi_return_1d,-0.001015922287479043
233,B,underwater,fx_level_z_252,-0.03472770377993584
233,alpha,,kospi_return_1d,0.04149295762181282
233,alpha,,fx_level_z_252,0.03409510478377342
234,beta,momentum,,-0.036565981805324554
234,beta,persist,,0.10131505131721497
234,beta,underwater,,0.01815750263631344
234,B,momentum,kospi_return_1d,0.004105580039322376
234,B,momentum,fx_level_z_252,-0.0018746813293546438
234,B,persist,kospi_return_1d,-0.015879422426223755
234,B,persist,fx_level_z_252,0.0010186834260821342
234,B,underwater,kospi_return_1d,-0.0011382035445421934
234,B,underwater,fx_level_z_252,-0.034668922424316406
234,alpha,,kospi_return_1d,0.04142160713672638
234,alpha,,fx_level_z_252,0.034384485334157944
235,beta,momentum,,-0.03684483841061592
235,beta,persist,,0.10139448195695877
235,beta,underwater,,0.01836838386952877
235,B,momentum,kospi_return_1d,0.004167176317423582
235,B,momentum,fx_level_z_252,-0.001744742738083005
235,B,persist,kospi_return_1d,-0.016063062474131584
235,B,persist,fx_level_z_252,0.0009563748026266694
235,B,underwater,kospi_return_1d,-0.0012082272442057729
235,B,underwater,fx_level_z_252,-0.034548912197351456
235,alpha,,kospi_return_1d,0.04122113063931465
235,alpha,,fx_level_z_252,0.03456318378448486
236,beta,momentum,,-0.036964595317840576
236,beta,persist,,0.10138442367315292
236,beta,underwater,,0.018441393971443176
236,B,momentum,kospi_return_1d,0.004373279400169849
236,B,momentum,fx_level_z_252,-0.001537507981993258
236,B,persist,kospi_return_1d,-0.016205038875341415
236,B,persist,fx_level_z_252,0.0008424108964391053
236,B,underwater,kospi_return_1d,-0.0011823400855064392
236,B,underwater,fx_level_z_252,-0.03445696085691452
236,alpha,,kospi_return_1d,0.04122191295027733
236,alpha,,fx_level_z_252,0.03460219129920006
237,beta,momentum,,-0.03717375546693802
237,beta,persist,,0.10147177428007126
237,beta,underwater,,0.018659543246030807
237,B,momentum,kospi_return_1d,0.004458175506442785
237,B,momentum,fx_level_z_252,-0.001384509727358818
237,B,persist,kospi_return_1d,-0.016175583004951477
237,B,persist,fx_level_z_252,0.0005176526610739529
237,B,underwater,kospi_return_1d,-0.0010995500488206744
237,B,underwater,fx_level_z_252,-0.034329064190387726
237,alpha,,kospi_return_1d,0.041291460394859314
237,alpha,,fx_level_z_252,0.034737709909677505
238,beta,momentum,,-0.03733893483877182
238,beta,persist,,0.10153194516897202
238,beta,underwater,,0.018796084448695183
238,B,momentum,kospi_return_1d,0.004625734407454729
238,B,momentum,fx_level_z_252,-0.0012894673272967339
238,B,persist,kospi_return_1d,-0.016176383942365646
238,B,persist,fx_level_z_252,0.0003659501962829381
238,B,underwater,kospi_return_1d,-0.0009646971011534333
238,B,underwater,fx_level_z_252,-0.03428095579147339
238,alpha,,kospi_return_1d,0.04145186394453049
238,alpha,,fx_level_z_252,0.034797050058841705
239,beta,momentum,,-0.03737129271030426
239,beta,persist,,0.10153008997440338
239,beta,underwater,,0.01891789585351944
239,B,momentum,kospi_return_1d,0.004520175512880087
239,B,momentum,fx_level_z_252,-0.0012270911829546094
239,B,persist,kospi_return_1d,-0.016019435599446297
239,B,persist,fx_level_z_252,0.000360223843017593
239,B,underwater,kospi_return_1d,-0.0007186300354078412
239,B,underwater,fx_level_z_252,-0.03427298367023468
239,alpha,,kospi_return_1d,0.04158008098602295
239,alpha,,fx_level_z_252,0.03476845845580101
240,beta,momentum,,-0.03746781870722771
240,beta,persist,,0.10156646370887756
240,beta,underwater,,0.019051318988204002
240,B,momentum,kospi_return_1d,0.004433991387486458
240,B,momentum,fx_level_z_252,-0.0010972378076985478
240,B,persist,kospi_return_1d,-0.015822403132915497
240,B,persist,fx_level_z_252,0.0002453044871799648
240,B,underwater,kospi_return_1d,-0.000622020335868001
240,B,underwater,fx_level_z_252,-0.03430406004190445
240,alpha,,kospi_return_1d,0.04164225608110428
240,alpha,,fx_level_z_252,0.034743811935186386
241,beta,momentum,,-0.03761099651455879
241,beta,persist,,0.10162292420864105
241,beta,underwater,,0.01920931227505207
241,B,momentum,kospi_return_1d,0.004349091090261936
241,B,momentum,fx_level_z_252,-0.0009950759122148156
241,B,persist,kospi_return_1d,-0.01555350050330162
241,B,persist,fx_level_z_252,0.0002542728907428682
241,B,underwater,kospi_return_1d,-0.0006166966632008553
241,B,underwater,fx_level_z_252,-0.03424672409892082
241,alpha,,kospi_return_1d,0.04160825163125992
241,alpha,,fx_level_z_252,0.03469005599617958
242,beta,momentum,,-0.03778607025742531
242,beta,persist,,0.10176827758550644
242,beta,underwater,,0.01940096542239189
242,B,momentum,kospi_return_1d,0.0042589642107486725
242,B,momentum,fx_level_z_252,-0.0008022320689633489
242,B,persist,kospi_return_1d,-0.015263531357049942
242,B,persist,fx_level_z_252,-1.687512849457562e-05
242,B,underwater,kospi_return_1d,-0.0005546545144170523
242,B,underwater,fx_level_z_252,-0.034393083304166794
242,alpha,,kospi_return_1d,0.04152814671397209
242,alpha,,fx_level_z_252,0.03469545394182205
243,beta,momentum,,-0.037839293479919434
243,beta,persist,,0.1019163504242897
243,beta,underwater,,0.019575530663132668
243,B,momentum,kospi_return_1d,0.004386839922517538
243,B,momentum,fx_level_z_252,-0.0008261289331130683
243,B,persist,kospi_return_1d,-0.015015562996268272
243,B,persist,fx_level_z_252,-0.00010906279931077734
243,B,underwater,kospi_return_1d,-0.0005684698699042201
243,B,underwater,fx_level_z_252,-0.03441528230905533
243,alpha,,kospi_return_1d,0.04161447659134865
243,alpha,,fx_level_z_252,0.034599386155605316
244,beta,momentum,,-0.037841785699129105
244,beta,persist,,0.10208505392074585
244,beta,underwater,,0.01970146968960762
244,B,momentum,kospi_return_1d,0.0045341504737734795
244,B,momentum,fx_level_z_252,-0.0008516873349435627
244,B,persist,kospi_return_1d,-0.014867333695292473
244,B,persist,fx_level_z_252,1.5201807400444523e-05
244,B,underwater,kospi_return_1d,-0.0006976242875680327
244,B,underwater,fx_level_z_252,-0.034309789538383484
244,alpha,,kospi_return_1d,0.04159344732761383
244,alpha,,fx_level_z_252,0.03455694392323494
245,beta,momentum,,-0.03782762587070465
245,beta,persist,,0.10229907929897308
245,beta,underwater,,0.019809981808066368
245,B,momentum,kospi_return_1d,0.0047036632895469666
245,B,momentum,fx_level_z_252,-0.0008422024548053741
245,B,persist,kospi_return_1d,-0.01478012464940548
245,B,persist,fx_level_z_252,1.8509272194933146e-05
245,B,underwater,kospi_return_1d,-0.000763756048399955
245,B,underwater,fx_level_z_252,-0.03417011350393295
245,alpha,,kospi_return_1d,0.04137660935521126
245,alpha,,fx_level_z_252,0.03446216508746147
246,beta,momentum,,-0.037789151072502136
246,beta,persist,,0.10239874571561813
246,beta,underwater,,0.01979750394821167
246,B,momentum,kospi_return_1d,0.004710948094725609
246,B,momentum,fx_level_z_252,-0.000980105367489159
246,B,persist,kospi_return_1d,-0.014590582810342312
246,B,persist,fx_level_z_252,0.00021675732568837702
246,B,underwater,kospi_return_1d,-0.0008379096398130059
246,B,underwater,fx_level_z_252,-0.03403529152274132
246,alpha,,kospi_return_1d,0.04124055802822113
246,alpha,,fx_level_z_252,0.03430183231830597
247,beta,momentum,,-0.037596531212329865
247,beta,persist,,0.10249044746160507
247,beta,underwater,,0.01974407397210598
247,B,momentum,kospi_return_1d,0.004678897559642792
247,B,momentum,fx_level_z_252,-0.0012413251679390669
247,B,persist,kospi_return_1d,-0.014360164292156696
247,B,persist,fx_level_z_252,0.000508174067363143
247,B,underwater,kospi_return_1d,-0.0009872689843177795
247,B,underwater,fx_level_z_252,-0.03384193405508995
247,alpha,,kospi_return_1d,0.04112093150615692
247,alpha,,fx_level_z_252,0.03411691635847092
248,beta,momentum,,-0.03722882270812988
248,beta,persist,,0.10250037163496017
248,beta,underwater,,0.01951456256210804
248,B,momentum,kospi_return_1d,0.00469197565689683
248,B,momentum,fx_level_z_252,-0.0015129862586036325
248,B,persist,kospi_return_1d,-0.014237350784242153
248,B,persist,fx_level_z_252,0.0009115643333643675
248,B,underwater,kospi_return_1d,-0.0009492291137576103
248,B,underwater,fx_level_z_252,-0.03373038396239281
248,alpha,,kospi_return_1d,0.04116491973400116
248,alpha,,fx_level_z_252,0.03387942165136337
249,beta,momentum,,-0.03677721694111824
249,beta,persist,,0.10241478681564331
249,beta,underwater,,0.01918717473745346
249,B,momentum,kospi_return_1d,0.00474169384688139
249,B,momentum,fx_level_z_252,-0.001697668107226491
249,B,persist,kospi_return_1d,-0.014318643137812614
249,B,persist,fx_level_z_252,0.0013807830400764942
249,B,underwater,kospi_return_1d,-0.0007929786806926131
249,B,underwater,fx_level_z_252,-0.03378216549754143
249,alpha,,kospi_return_1d,0.04121018201112747
249,alpha,,fx_level_z_252,0.03374011814594269
250,beta,momentum,,-0.03625800460577011
250,beta,persist,,0.10228540003299713
250,beta,underwater,,0.01880149357020855
250,B,momentum,kospi_return_1d,0.004865191876888275
250,B,momentum,fx_level_z_252,-0.0018866349710151553
250,B,persist,kospi_return_1d,-0.014444508589804173
250,B,persist,fx_level_z_252,0.0018237585900351405
250,B,underwater,kospi_return_1d,-0.0006513709085993469
250,B,underwater,fx_level_z_252,-0.0338156633079052
250,alpha,,kospi_return_1d,0.04143007472157478
250,alpha,,fx_level_z_252,0.03355054184794426
251,beta,momentum,,-0.03577813506126404
251,beta,persist,,0.10213278234004974
251,beta,underwater,,0.018484899774193764
251,B,momentum,kospi_return_1d,0.005046212114393711
251,B,momentum,fx_level_z_252,-0.0019244636641815305
251,B,persist,kospi_return_1d,-0.014487761072814465
251,B,persist,fx_level_z_252,0.0020500682294368744
251,B,underwater,kospi_return_1d,-0.0005715974257327616
251,B,underwater,fx_level_z_252,-0.0340106375515461
251,alpha,,kospi_return_1d,0.041736751794815063
251,alpha,,fx_level_z_252,0.03335704281926155
252,beta,momentum,,-0.03537565842270851
252,beta,persist,,0.10199009627103806
252,beta,underwater,,0.018129631876945496
252,B,momentum,kospi_return_1d,0.005346234422177076
252,B,momentum,fx_level_z_252,-0.001981953624635935
252,B,persist,kospi_return_1d,-0.014735274948179722
252,B,persist,fx_level_z_252,0.0024190377444028854
252,B,underwater,kospi_return_1d,-0.0005418530781753361
252,B,underwater,fx_level_z_252,-0.034175120294094086
252,alpha,,kospi_return_1d,0.04197187349200249
252,alpha,,fx_level_z_252,0.03330361843109131
253,beta,momentum,,-0.035287294536828995
253,beta,persist,,0.1019941121339798
253,beta,underwater,,0.018015114590525627
253,B,momentum,kospi_return_1d,0.005492448806762695
253,B,momentum,fx_level_z_252,-0.0019447342492640018
253,B,persist,kospi_return_1d,-0.014935772866010666
253,B,persist,fx_level_z_252,0.002500023925676942
253,B,underwater,kospi_return_1d,-0.0006165129598230124
253,B,underwater,fx_level_z_252,-0.03433132916688919
253,alpha,,kospi_return_1d,0.04209938645362854
253,alpha,,fx_level_z_252,0.033414579927921295
254,beta,momentum,,-0.03523188456892967
254,beta,persist,,0.10201926529407501
254,beta,underwater,,0.01796785183250904
254,B,momentum,kospi_return_1d,0.005728098563849926
254,B,momentum,fx_level_z_252,-0.0018045976758003235
254,B,persist,kospi_return_1d,-0.015058333985507488
254,B,persist,fx_level_z_252,0.002657798118889332
254,B,underwater,kospi_return_1d,-0.0007408817182295024
254,B,underwater,fx_level_z_252,-0.03455013781785965
254,alpha,,kospi_return_1d,0.04233533889055252
254,alpha,,fx_level_z_252,0.03355168178677559
255,beta,momentum,,-0.035382647067308426
255,beta,persist,,0.10208936035633087
255,beta,underwater,,0.017997490242123604
255,B,momentum,kospi_return_1d,0.005868872627615929
255,B,momentum,fx_level_z_252,-0.0015228092670440674
255,B,persist,kospi_return_1d,-0.015152030624449253
255,B,persist,fx_level_z_252,0.002707262523472309
255,B,underwater,kospi_return_1d,-0.000860782980453223
255,B,underwater,fx_level_z_252,-0.03471410274505615
255,alpha,,kospi_return_1d,0.04236550256609917
255,alpha,,fx_level_z_252,0.03362812101840973
256,beta,momentum,,-0.035643842071294785
256,beta,persist,,0.10225939750671387
256,beta,underwater,,0.018112335354089737
256,B,momentum,kospi_return_1d,0.005941474344581366
256,B,momentum,fx_level_z_252,-0.0011113393120467663
256,B,persist,kospi_return_1d,-0.015193821862339973
256,B,persist,fx_level_z_252,0.0025196224451065063
256,B,underwater,kospi_return_1d,-0.0008743918151594698
256,B,underwater,fx_level_z_252,-0.03490493819117546
256,alpha,,kospi_return_1d,0.042160097509622574
256,alpha,,fx_level_z_252,0.03376377746462822
257,beta,momentum,,-0.03607127070426941
257,beta,persist,,0.10256177932024002
257,beta,underwater,,0.018413573503494263
257,B,momentum,kospi_return_1d,0.005818797275424004
257,B,momentum,fx_level_z_252,-0.0006641090149059892
257,B,persist,kospi_return_1d,-0.015183554030954838
257,B,persist,fx_level_z_252,0.0024308967404067516
257,B,underwater,kospi_return_1d,-0.0008893083431757987
257,B,underwater,fx_level_z_252,-0.03490430489182472
257,alpha,,kospi_return_1d,0.0417095310986042
257,alpha,,fx_level_z_252,0.033981047570705414
258,beta,momentum,,-0.03650254011154175
258,beta,persist,,0.10289890319108963
258,beta,underwater,,0.01873890869319439
258,B,momentum,kospi_return_1d,0.005469923373311758
258,B,momentum,fx_level_z_252,-0.0002873690100386739
258,B,persist,kospi_return_1d,-0.014941527508199215
258,B,persist,fx_level_z_252,0.0023567916359752417
258,B,underwater,kospi_return_1d,-0.0007254324737004936
258,B,underwater,fx_level_z_252,-0.03477243334054947
258,alpha,,kospi_return_1d,0.041219040751457214
258,alpha,,fx_level_z_252,0.03434916213154793
259,beta,momentum,,-0.03671230748295784
259,beta,persist,,0.10311616957187653
259,beta,underwater,,0.01898614875972271
259,B,momentum,kospi_return_1d,0.005112295038998127
259,B,momentum,fx_level_z_252,-5.212625546846539e-05
259,B,persist,kospi_return_1d,-0.01467203814536333
259,B,persist,fx_level_z_252,0.002260765992105007
259,B,underwater,kospi_return_1d,-0.000592588447034359
259,B,underwater,fx_level_z_252,-0.03454805910587311
259,alpha,,kospi_return_1d,0.04085506126284599
259,alpha,,fx_level_z_252,0.03451845422387123
260,beta,momentum,,-0.03692644461989403
260,beta,persist,,0.10324093699455261
260,beta,underwater,,0.01917794533073902
260,B,momentum,kospi_return_1d,0.004694795701652765
260,B,momentum,fx_level_z_252,2.800335641950369e-05
260,B,persist,kospi_return_1d,-0.014423204585909843
260,B,persist,fx_level_z_252,0.002382756909355521
260,B,underwater,kospi_return_1d,-0.00046657840721309185
260,B,underwater,fx_level_z_252,-0.03431525453925133
260,alpha,,kospi_return_1d,0.04063734412193298
260,alpha,,fx_level_z_252,0.034705616533756256
261,beta,momentum,,-0.0369197316467762
261,beta,persist,,0.10337883234024048
261,beta,underwater,,0.019240114837884903
261,B,momentum,kospi_return_1d,0.004484514240175486
261,B,momentum,fx_level_z_252,-0.0002705620718188584
261,B,persist,kospi_return_1d,-0.01435866765677929
261,B,persist,fx_level_z_252,0.002563450252637267
261,B,underwater,kospi_return_1d,-0.0002367842389503494
261,B,underwater,fx_level_z_252,-0.03407733514904976
261,alpha,,kospi_return_1d,0.040371160954236984
261,alpha,,fx_level_z_252,0.034730926156044006
262,beta,momentum,,-0.03696504607796669
262,beta,persist,,0.10354194045066833
262,beta,underwater,,0.019256727769970894
262,B,momentum,kospi_return_1d,0.004333417396992445
262,B,momentum,fx_level_z_252,-0.0005261900369077921
262,B,persist,kospi_return_1d,-0.014380577020347118
262,B,persist,fx_level_z_252,0.002699710661545396
262,B,underwater,kospi_return_1d,-9.676047920947894e-05
262,B,underwater,fx_level_z_252,-0.03391142934560776
262,alpha,,kospi_return_1d,0.040311601012945175
262,alpha,,fx_level_z_252,0.03480769321322441
263,beta,momentum,,-0.037053681910037994
263,beta,persist,,0.10364045947790146
263,beta,underwater,,0.019261475652456284
263,B,momentum,kospi_return_1d,0.004289164207875729
263,B,momentum,fx_level_z_252,-0.0006286168936640024
263,B,persist,kospi_return_1d,-0.014518179930746555
263,B,persist,fx_level_z_252,0.0028951705899089575
263,B,underwater,kospi_return_1d,-9.715203486848623e-05
263,B,underwater,fx_level_z_252,-0.033835217356681824
263,alpha,,kospi_return_1d,0.04043056443333626
263,alpha,,fx_level_z_252,0.03490035608410835
264,beta,momentum,,-0.03710060566663742
264,beta,persist,,0.10379054397344589
264,beta,underwater,,0.019254347309470177
264,B,momentum,kospi_return_1d,0.004266916308552027
264,B,momentum,fx_level_z_252,-0.0007707494660280645
264,B,persist,kospi_return_1d,-0.0145680271089077
264,B,persist,fx_level_z_252,0.0028723340947180986
264,B,underwater,kospi_return_1d,-3.301318793091923e-05
264,B,underwater,fx_level_z_252,-0.03378172218799591
264,alpha,,kospi_return_1d,0.04055135324597359
264,alpha,,fx_level_z_252,0.034898560494184494
265,beta,momentum,,-0.03718382865190506
265,beta,persist,,0.10374843329191208
265,beta,underwater,,0.01922081969678402
265,B,momentum,kospi_return_1d,0.004346325993537903
265,B,momentum,fx_level_z_252,-0.0008616644190624356
265,B,persist,kospi_return_1d,-0.014693794772028923
265,B,persist,fx_level_z_252,0.0028574764728546143
265,B,underwater,kospi_return_1d,-0.00016143554239533842
265,B,underwater,fx_level_z_252,-0.03373365104198456
265,alpha,,kospi_return_1d,0.040855031460523605
265,alpha,,fx_level_z_252,0.03480415791273117
266,beta,momentum,,-0.03723501041531563
266,beta,persist,,0.10376433283090591
266,beta,underwater,,0.01921566016972065
266,B,momentum,kospi_return_1d,0.004617819096893072
266,B,momentum,fx_level_z_252,-0.0010565763805061579
266,B,persist,kospi_return_1d,-0.014796745963394642
266,B,persist,fx_level_z_252,0.002866941737011075
266,B,underwater,kospi_return_1d,-0.00024136266438290477
266,B,underwater,fx_level_z_252,-0.03358771651983261
266,alpha,,kospi_return_1d,0.04099761322140694
266,alpha,,fx_level_z_252,0.03473800793290138
267,beta,momentum,,-0.03715784102678299
267,beta,persist,,0.10375533998012543
267,beta,underwater,,0.019191371276974678
267,B,momentum,kospi_return_1d,0.004985738079994917
267,B,momentum,fx_level_z_252,-0.001329039572738111
267,B,persist,kospi_return_1d,-0.01501245517283678
267,B,persist,fx_level_z_252,0.0027414674405008554
267,B,underwater,kospi_return_1d,-0.0003979596367571503
267,B,underwater,fx_level_z_252,-0.033437639474868774
267,alpha,,kospi_return_1d,0.04110552370548248
267,alpha,,fx_level_z_252,0.034624211490154266
268,beta,momentum,,-0.03704953193664551
268,beta,persist,,0.10370022803544998
268,beta,underwater,,0.019077299162745476
268,B,momentum,kospi_return_1d,0.005133260507136583
268,B,momentum,fx_level_z_252,-0.0014483052073046565
268,B,persist,kospi_return_1d,-0.015086188912391663
268,B,persist,fx_level_z_252,0.0025089958216995
268,B,underwater,kospi_return_1d,-0.0003128450480289757
268,B,underwater,fx_level_z_252,-0.03342544287443161
268,alpha,,kospi_return_1d,0.041337620466947556
268,alpha,,fx_level_z_252,0.034553613513708115
269,beta,momentum,,-0.03698921576142311
269,beta,persist,,0.10372629016637802
269,beta,underwater,,0.01906483620405197
269,B,momentum,kospi_return_1d,0.00519898347556591
269,B,momentum,fx_level_z_252,-0.0015457664849236608
269,B,persist,kospi_return_1d,-0.01525228563696146
269,B,persist,fx_level_z_252,0.0023320976179093122
269,B,underwater,kospi_return_1d,-0.00037051027175039053
269,B,underwater,fx_level_z_252,-0.033411070704460144
269,alpha,,kospi_return_1d,0.041484180837869644
269,alpha,,fx_level_z_252,0.03439272940158844
270,beta,momentum,,-0.03675922751426697
270,beta,persist,,0.10373900085687637
270,beta,underwater,,0.019011681899428368
270,B,momentum,kospi_return_1d,0.005238361191004515
270,B,momentum,fx_level_z_252,-0.001746665919199586
270,B,persist,kospi_return_1d,-0.015295877121388912
270,B,persist,fx_level_z_252,0.0021374232601374388
270,B,underwater,kospi_return_1d,-0.0003229986468795687
270,B,underwater,fx_level_z_252,-0.03331757336854935
270,alpha,,kospi_return_1d,0.041624024510383606
270,alpha,,fx_level_z_252,0.03419118374586105
271,beta,momentum,,-0.03651902824640274
271,beta,persist,,0.10368265211582184
271,beta,underwater,,0.018880825489759445
271,B,momentum,kospi_return_1d,0.005343209952116013
271,B,momentum,fx_level_z_252,-0.0019128521671518683
271,B,persist,kospi_return_1d,-0.015439649112522602
271,B,persist,fx_level_z_252,0.001959540881216526
271,B,underwater,kospi_return_1d,-0.0003940474707633257
271,B,underwater,fx_level_z_252,-0.03325021266937256
271,alpha,,kospi_return_1d,0.041762009263038635
271,alpha,,fx_level_z_252,0.03403865918517113
272,beta,momentum,,-0.03655581548810005
272,beta,persist,,0.10370353609323502
272,beta,underwater,,0.018896836787462234
272,B,momentum,kospi_return_1d,0.005308053456246853
272,B,momentum,fx_level_z_252,-0.0018691372824832797
272,B,persist,kospi_return_1d,-0.01536486018449068
272,B,persist,fx_level_z_252,0.0016233454225584865
272,B,underwater,kospi_return_1d,-0.0003756357473321259
272,B,underwater,fx_level_z_252,-0.03322581946849823
272,alpha,,kospi_return_1d,0.04189341515302658
272,alpha,,fx_level_z_252,0.03400502726435661
273,beta,momentum,,-0.03652886301279068
273,beta,persist,,0.1036263033747673
273,beta,underwater,,0.018812386319041252
273,B,momentum,kospi_return_1d,0.005433238111436367
273,B,momentum,fx_level_z_252,-0.001929990015923977
273,B,persist,kospi_return_1d,-0.01542599592357874
273,B,persist,fx_level_z_252,0.0014771431451663375
273,B,underwater,kospi_return_1d,-0.0005357620539143682
273,B,underwater,fx_level_z_252,-0.03318079188466072
273,alpha,,kospi_return_1d,0.04218617081642151
273,alpha,,fx_level_z_252,0.03406733274459839
274,beta,momentum,,-0.03653031215071678
274,beta,persist,,0.10357323288917542
274,beta,underwater,,0.018784845247864723
274,B,momentum,kospi_return_1d,0.0055153220891952515
274,B,momentum,fx_level_z_252,-0.001966510433703661
274,B,persist,kospi_return_1d,-0.015525948256254196
274,B,persist,fx_level_z_252,0.001342729665338993
274,B,underwater,kospi_return_1d,-0.0008274890715256333
274,B,underwater,fx_level_z_252,-0.03311263769865036
274,alpha,,kospi_return_1d,0.04237201809883118
274,alpha,,fx_level_z_252,0.03429191932082176
275,beta,momentum,,-0.03657330200076103
275,beta,persist,,0.10348853468894958
275,beta,underwater,,0.018772879615426064
275,B,momentum,kospi_return_1d,0.005739875137805939
275,B,momentum,fx_level_z_252,-0.0019515474559739232
275,B,persist,kospi_return_1d,-0.015811003744602203
275,B,persist,fx_level_z_252,0.0012214651796966791
275,B,underwater,kospi_return_1d,-0.0011809980496764183
275,B,underwater,fx_level_z_252,-0.03309249505400658
275,alpha,,kospi_return_1d,0.04245615378022194
275,alpha,,fx_level_z_252,0.03442911431193352
276,beta,momentum,,-0.03663269802927971
276,beta,persist,,0.10338149219751358
276,beta,underwater,,0.018763093277812004
276,B,momentum,kospi_return_1d,0.005585093516856432
276,B,momentum,fx_level_z_252,-0.0019529236014932394
276,B,persist,kospi_return_1d,-0.015882905572652817
276,B,persist,fx_level_z_252,0.001051047700457275
276,B,underwater,kospi_return_1d,-0.001257491996511817
276,B,underwater,fx_level_z_252,-0.033004820346832275
276,alpha,,kospi_return_1d,0.042508117854595184
276,alpha,,fx_level_z_252,0.03437228873372078
277,beta,momentum,,-0.03673922270536423
277,beta,persist,,0.10331729799509048
277,beta,underwater,,0.018794864416122437
277,B,momentum,kospi_return_1d,0.005259502679109573
277,B,momentum,fx_level_z_252,-0.0016969096614047885
277,B,persist,kospi_return_1d,-0.01595475897192955
277,B,persist,fx_level_z_252,0.0007254849188029766
277,B,underwater,kospi_return_1d,-0.0011733586434274912
277,B,underwater,fx_level_z_252,-0.033148158341646194
277,alpha,,kospi_return_1d,0.04265080392360687
277,alpha,,fx_level_z_252,0.03439432755112648
278,beta,momentum,,-0.03679712861776352
278,beta,persist,,0.10326258838176727
278,beta,underwater,,0.018874207511544228
278,B,momentum,kospi_return_1d,0.004956526216119528
278,B,momentum,fx_level_z_252,-0.001501054153777659
278,B,persist,kospi_return_1d,-0.01592675969004631
278,B,persist,fx_level_z_252,0.0004476254398468882
278,B,underwater,kospi_return_1d,-0.0009436821565032005
278,B,underwater,fx_level_z_252,-0.033279579132795334
278,alpha,,kospi_return_1d,0.04276721179485321
278,alpha,,fx_level_z_252,0.034295447170734406
279,beta,momentum,,-0.03675425052642822
279,beta,persist,,0.10313194245100021
279,beta,underwater,,0.0188213549554348
279,B,momentum,kospi_return_1d,0.0045571643859148026
279,B,momentum,fx_level_z_252,-0.0014412244781851768
279,B,persist,kospi_return_1d,-0.015998944640159607
279,B,persist,fx_level_z_252,0.000351226597558707
279,B,underwater,kospi_return_1d,-0.0007564564002677798
279,B,underwater,fx_level_z_252,-0.03339114785194397
279,alpha,,kospi_return_1d,0.04297860711812973
279,alpha,,fx_level_z_252,0.03411494940519333
280,beta,momentum,,-0.03668692335486412
280,beta,persist,,0.10310837626457214
280,beta,underwater,,0.018893809989094734
280,B,momentum,kospi_return_1d,0.004065233748406172
280,B,momentum,fx_level_z_252,-0.0013309931382536888
280,B,persist,kospi_return_1d,-0.015988510102033615
280,B,persist,fx_level_z_252,3.196126635884866e-05
280,B,underwater,kospi_return_1d,-0.0006126461084932089
280,B,underwater,fx_level_z_252,-0.03354944288730621
280,alpha,,kospi_return_1d,0.042917173355817795
280,alpha,,fx_level_z_252,0.03408144786953926
281,beta,momentum,,-0.036717940121889114
281,beta,persist,,0.10314759612083435
281,beta,underwater,,0.019031278789043427
281,B,momentum,kospi_return_1d,0.0035943540278822184
281,B,momentum,fx_level_z_252,-0.0011854821350425482
281,B,persist,kospi_return_1d,-0.015841254964470863
281,B,persist,fx_level_z_252,-0.0001304947363678366
281,B,underwater,kospi_return_1d,-0.0005149379721842706
281,B,underwater,fx_level_z_252,-0.03364575281739235
281,alpha,,kospi_return_1d,0.04272418096661568
281,alpha,,fx_level_z_252,0.03400324657559395
282,beta,momentum,,-0.03667634353041649
282,beta,persist,,0.1031407043337822
282,beta,underwater,,0.01914081908762455
282,B,momentum,kospi_return_1d,0.0031914059072732925
282,B,momentum,fx_level_z_252,-0.0009986485820263624
282,B,persist,kospi_return_1d,-0.015613592229783535
282,B,persist,fx_level_z_252,-0.00030148288351483643
282,B,underwater,kospi_return_1d,-0.0003074502164963633
282,B,underwater,fx_level_z_252,-0.03379323333501816
282,alpha,,kospi_return_1d,0.042510271072387695
282,alpha,,fx_level_z_252,0.03387933969497681
283,beta,momentum,,-0.03667880594730377
283,beta,persist,,0.10310133546590805
283,beta,underwater,,0.019281908869743347
283,B,momentum,kospi_return_1d,0.0030684524681419134
283,B,momentum,fx_level_z_252,-0.0010819307062774897
283,B,persist,kospi_return_1d,-0.015652960166335106
283,B,persist,fx_level_z_252,-0.00019801119924522936
283,B,underwater,kospi_return_1d,-0.00045091245556250215
283,B,underwater,fx_level_z_252,-0.03372067213058472
283,alpha,,kospi_return_1d,0.042208995670080185
283,alpha,,fx_level_z_252,0.03388630598783493
284,beta,momentum,,-0.03669837489724159
284,beta,persist,,0.10311353951692581
284,beta,underwater,,0.01953761838376522
284,B,momentum,kospi_return_1d,0.0032246923074126244
284,B,momentum,fx_level_z_252,-0.0013668620958924294
284,B,persist,kospi_return_1d,-0.0156764667481184
284,B,persist,fx_level_z_252,0.0001210450500366278
284,B,underwater,kospi_return_1d,-0.0007381511386483908
284,B,underwater,fx_level_z_252,-0.033620063215494156
284,alpha,,kospi_return_1d,0.04183325543999672
284,alpha,,fx_level_z_252,0.03408380225300789
285,beta,momentum,,-0.03656744211912155
285,beta,persist,,0.10312109440565109
285,beta,underwater,,0.019600393250584602
285,B,momentum,kospi_return_1d,0.0035974420607089996
285,B,momentum,fx_level_z_252,-0.0018407925963401794
285,B,persist,kospi_return_1d,-0.015586539171636105
285,B,persist,fx_level_z_252,0.0004895594902336597
285,B,underwater,kospi_return_1d,-0.0010482999496161938
285,B,underwater,fx_level_z_252,-0.033463988453149796
285,alpha,,kospi_return_1d,0.04161030799150467
285,alpha,,fx_level_z_252,0.03417404368519783
286,beta,momentum,,-0.03639960661530495
286,beta,persist,,0.10309919714927673
286,beta,underwater,,0.01951565034687519
286,B,momentum,kospi_return_1d,0.003950063604861498
286,B,momentum,fx_level_z_252,-0.0020679880399256945
286,B,persist,kospi_return_1d,-0.015487065538764
286,B,persist,fx_level_z_252,0.0006710477755405009
286,B,underwater,kospi_return_1d,-0.001190883107483387
286,B,underwater,fx_level_z_252,-0.03353453055024147
286,alpha,,kospi_return_1d,0.04146460071206093
286,alpha,,fx_level_z_252,0.03417636454105377
287,beta,momentum,,-0.03637820854783058
287,beta,persist,,0.10319430381059647
287,beta,underwater,,0.01947353594005108
287,B,momentum,kospi_return_1d,0.004145550541579723
287,B,momentum,fx_level_z_252,-0.0021508708596229553
287,B,persist,kospi_return_1d,-0.015154977329075336
287,B,persist,fx_level_z_252,0.000629698159173131
287,B,underwater,kospi_return_1d,-0.0011520443949848413
287,B,underwater,fx_level_z_252,-0.03370727598667145
287,alpha,,kospi_return_1d,0.04119391739368439
287,alpha,,fx_level_z_252,0.03421970084309578
288,beta,momentum,,-0.03639400750398636
288,beta,persist,,0.10337793081998825
288,beta,underwater,,0.01941361092031002
288,B,momentum,kospi_return_1d,0.004226766061037779
288,B,momentum,fx_level_z_252,-0.0020998273976147175
288,B,persist,kospi_return_1d,-0.0150348711758852
288,B,persist,fx_level_z_252,0.0006764311110600829
288,B,underwater,kospi_return_1d,-0.0010764768812805414
288,B,underwater,fx_level_z_252,-0.03385297209024429
288,alpha,,kospi_return_1d,0.04086839407682419
288,alpha,,fx_level_z_252,0.03433407098054886
289,beta,momentum,,-0.0363662987947464
289,beta,persist,,0.1034669429063797
289,beta,underwater,,0.019303936511278152
289,B,momentum,kospi_return_1d,0.004307301249355078
289,B,momentum,fx_level_z_252,-0.0021341643296182156
289,B,persist,kospi_return_1d,-0.01485391054302454
289,B,persist,fx_level_z_252,0.0006672538002021611
289,B,underwater,kospi_return_1d,-0.0009222477674484253
289,B,underwater,fx_level_z_252,-0.0338035523891449
289,alpha,,kospi_return_1d,0.04072850942611694
289,alpha,,fx_level_z_252,0.03419813513755798
290,beta,momentum,,-0.03635510429739952
290,beta,persist,,0.10357808321714401
290,beta,underwater,,0.01923925057053566
290,B,momentum,kospi_return_1d,0.004538563080132008
290,B,momentum,fx_level_z_252,-0.002186284866183996
290,B,persist,kospi_return_1d,-0.014780725352466106
290,B,persist,fx_level_z_252,0.0005625769845210016
290,B,underwater,kospi_return_1d,-0.0008344224188476801
290,B,underwater,fx_level_z_252,-0.0338020995259285
290,alpha,,kospi_return_1d,0.04040443152189255
290,alpha,,fx_level_z_252,0.03406313434243202
291,beta,momentum,,-0.036321092396974564
291,beta,persist,,0.10374056547880173
291,beta,underwater,,0.019213682040572166
291,B,momentum,kospi_return_1d,0.004750097636133432
291,B,momentum,fx_level_z_252,-0.002112212823703885
291,B,persist,kospi_return_1d,-0.014695495367050171
291,B,persist,fx_level_z_252,0.00044778993469662964
291,B,underwater,kospi_return_1d,-0.0006511176470667124
291,B,underwater,fx_level_z_252,-0.033901702612638474
291,alpha,,kospi_return_1d,0.04005195200443268
291,alpha,,fx_level_z_252,0.034092482179403305
292,beta,momentum,,-0.03634953126311302
292,beta,persist,,0.10397414118051529
292,beta,underwater,,0.019275126978754997
292,B,momentum,kospi_return_1d,0.004911008756607771
292,B,momentum,fx_level_z_252,-0.0019964389503002167
292,B,persist,kospi_return_1d,-0.014697481878101826
292,B,persist,fx_level_z_252,0.00028510476113297045
292,B,underwater,kospi_return_1d,-0.00042941852007061243
292,B,underwater,fx_level_z_252,-0.03401540219783783
292,alpha,,kospi_return_1d,0.039737410843372345
292,alpha,,fx_level_z_252,0.03430729731917381
293,beta,momentum,,-0.03639626502990723
293,beta,persist,,0.1040896624326706
293,beta,underwater,,0.019129237160086632
293,B,momentum,kospi_return_1d,0.004901167470961809
293,B,momentum,fx_level_z_252,-0.001775130396708846
293,B,persist,kospi_return_1d,-0.014667820185422897
293,B,persist,fx_level_z_252,0.0001833926362451166
293,B,underwater,kospi_return_1d,-0.0002740139898378402
293,B,underwater,fx_level_z_252,-0.03425489738583565
293,alpha,,kospi_return_1d,0.03972795978188515
293,alpha,,fx_level_z_252,0.03450442850589752
294,beta,momentum,,-0.03652966395020485
294,beta,persist,,0.10400751978158951
294,beta,underwater,,0.018944768235087395
294,B,momentum,kospi_return_1d,0.004790965002030134
294,B,momentum,fx_level_z_252,-0.0016675268998369575
294,B,persist,kospi_return_1d,-0.014824731275439262
294,B,persist,fx_level_z_252,0.00029562777490355074
294,B,underwater,kospi_return_1d,-0.000333206495270133
294,B,underwater,fx_level_z_252,-0.034329965710639954
294,alpha,,kospi_return_1d,0.03984266147017479
294,alpha,,fx_level_z_252,0.03451704978942871
295,beta,momentum,,-0.036648962646722794
295,beta,persist,,0.10388869047164917
295,beta,underwater,,0.018861837685108185
295,B,momentum,kospi_return_1d,0.004627857357263565
295,B,momentum,fx_level_z_252,-0.0015426583122462034
295,B,persist,kospi_return_1d,-0.0149143747985363
295,B,persist,fx_level_z_252,0.0003086575015913695
295,B,underwater,kospi_return_1d,-0.00040751014603301883
295,B,underwater,fx_level_z_252,-0.03435807675123215
295,alpha,,kospi_return_1d,0.04003868252038956
295,alpha,,fx_level_z_252,0.0345410592854023
296,beta,momentum,,-0.03669314831495285
296,beta,persist,,0.10376741737127304
296,beta,underwater,,0.018850501626729965
296,B,momentum,kospi_return_1d,0.004489882383495569
296,B,momentum,fx_level_z_252,-0.0014439078513532877
296,B,persist,kospi_return_1d,-0.015044120140373707
296,B,persist,fx_level_z_252,0.0004317904240451753
296,B,underwater,kospi_return_1d,-0.0006213623564690351
296,B,underwater,fx_level_z_252,-0.03422511741518974
296,alpha,,kospi_return_1d,0.040164146572351456
296,alpha,,fx_level_z_252,0.03460245952010155
297,beta,momentum,,-0.0366947166621685
297,beta,persist,,0.10366090387105942
297,beta,underwater,,0.018824201077222824
297,B,momentum,kospi_return_1d,0.00456485990434885
297,B,momentum,fx_level_z_252,-0.0013564587570726871
297,B,persist,kospi_return_1d,-0.015282698906958103
297,B,persist,fx_level_z_252,0.0005803256062790751
297,B,underwater,kospi_return_1d,-0.0007967057172209024
297,B,underwater,fx_level_z_252,-0.034130215644836426
297,alpha,,kospi_return_1d,0.04038264974951744
297,alpha,,fx_level_z_252,0.03463306277990341
298,beta,momentum,,-0.03652569651603699
298,beta,persist,,0.10347788035869598
298,beta,underwater,,0.01865570619702339
298,B,momentum,kospi_return_1d,0.004769599996507168
298,B,momentum,fx_level_z_252,-0.001320266048423946
298,B,persist,kospi_return_1d,-0.015562321059405804
298,B,persist,fx_level_z_252,0.0008129015332087874
298,B,underwater,kospi_return_1d,-0.0010338672436773777
298,B,underwater,fx_level_z_252,-0.03410631790757179
298,alpha,,kospi_return_1d,0.04055256396532059
298,alpha,,fx_level_z_252,0.034614335745573044
299,beta,momentum,,-0.036154501140117645
299,beta,persist,,0.10320399701595306
299,beta,underwater,,0.018449202179908752
299,B,momentum,kospi_return_1d,0.005125923547893763
299,B,momentum,fx_level_z_252,-0.0016094469465315342
299,B,persist,kospi_return_1d,-0.01565929315984249
299,B,persist,fx_level_z_252,0.0011130764614790678
299,B,underwater,kospi_return_1d,-0.0013231110060587525
299,B,underwater,fx_level_z_252,-0.03390476480126381
299,alpha,,kospi_return_1d,0.04084455221891403
299,alpha,,fx_level_z_252,0.03447434678673744
300,beta,momentum,,-0.03595252335071564
300,beta,persist,,0.10304556787014008
300,beta,underwater,,0.01842113956809044
300,B,momentum,kospi_return_1d,0.005547784268856049
300,B,momentum,fx_level_z_252,-0.0017090871697291732
300,B,persist,kospi_return_1d,-0.015708081424236298
300,B,persist,fx_level_z_252,0.0013198208762332797
300,B,underwater,kospi_return_1d,-0.0015066261403262615
300,B,underwater,fx_level_z_252,-0.03374961391091347
300,alpha,,kospi_return_1d,0.040989238768815994
300,alpha,,fx_level_z_252,0.034371741116046906
