epoch,parameter,feature,context,weight
0,beta,momentum,,0.0
0,beta,persist,,0.0
0,beta,underwater,,0.0
0,B,momentum,kospi_return_1d,0.0
0,B,momentum,fx_level_z_252,0.0
0,B,persist,kospi_return_1d,0.0
0,B,persist,fx_level_z_252,0.0
0,B,underwater,kospi_return_1d,0.0
0,B,underwater,fx_level_z_252,0.0
0,alpha,,kospi_return_1d,0.0
0,alpha,,fx_level_z_252,0.0
1,beta,momentum,,-0.002001103013753891
1,beta,persist,,0.001997560728341341
1,beta,underwater,,0.002001351211220026
1,B,momentum,kospi_return_1d,0.0005404152907431126
1,B,momentum,fx_level_z_252,0.0019882749766111374
1,B,persist,kospi_return_1d,-0.001283796038478613
1,B,persist,fx_level_z_252,-0.001744255656376481
1,B,underwater,kospi_return_1d,-0.0009884452447295189
1,B,underwater,fx_level_z_252,-0.001938233501277864
1,alpha,,kospi_return_1d,-0.0019987639971077442
1,alpha,,fx_level_z_252,0.001994289690628648
2,beta,momentum,,-0.003989547025412321
2,beta,persist,,0.003979683853685856
2,beta,underwater,,0.003985652234405279
2,B,momentum,kospi_return_1d,-0.0005343938246369362
2,B,momentum,fx_level_z_252,0.0038798698224127293
2,B,persist,kospi_return_1d,-0.0018937906716018915
2,B,persist,fx_level_z_252,-0.003368702717125416
2,B,underwater,kospi_return_1d,-0.0011524255387485027
2,B,underwater,fx_level_z_252,-0.003657663706690073
2,alpha,,kospi_return_1d,-0.003958924673497677
2,alpha,,fx_level_z_252,0.003959080204367638
3,beta,momentum,,-0.005959212779998779
3,beta,persist,,0.0059471954591572285
3,beta,underwater,,0.005951462313532829
3,B,momentum,kospi_return_1d,-0.0011891353642567992
3,B,momentum,fx_level_z_252,0.005604033824056387
3,B,persist,kospi_return_1d,-0.002894945675507188
3,B,persist,fx_level_z_252,-0.005044580902904272
3,B,underwater,kospi_return_1d,-0.0017460754606872797
3,B,underwater,fx_level_z_252,-0.00481480173766613
3,alpha,,kospi_return_1d,-0.005882323253899813
3,alpha,,fx_level_z_252,0.005891571287065744
4,beta,momentum,,-0.007893888279795647
4,beta,persist,,0.007894939742982388
4,beta,underwater,,0.007901735603809357
4,B,momentum,kospi_return_1d,-0.0018462527077645063
4,B,momentum,fx_level_z_252,0.007208691909909248
4,B,persist,kospi_return_1d,-0.0037171547301113605
4,B,persist,fx_level_z_252,-0.0066190860234200954
4,B,underwater,kospi_return_1d,-0.002171006053686142
4,B,underwater,fx_level_z_252,-0.005482940003275871
4,alpha,,kospi_return_1d,-0.007787369657307863
4,alpha,,fx_level_z_252,0.0077991485595703125
5,beta,momentum,,-0.00978939514607191
5,beta,persist,,0.009821716696023941
5,beta,underwater,,0.009823733940720558
5,B,momentum,kospi_return_1d,-0.002252723788842559
5,B,momentum,fx_level_z_252,0.008786600083112717
5,B,persist,kospi_return_1d,-0.004605522379279137
5,B,persist,fx_level_z_252,-0.008159678429365158
5,B,underwater,kospi_return_1d,-0.002550428966060281
5,B,underwater,fx_level_z_252,-0.006099586840718985
5,alpha,,kospi_return_1d,-0.009660843759775162
5,alpha,,fx_level_z_252,0.009666758589446545
6,beta,momentum,,-0.011641029268503189
6,beta,persist,,0.011725829914212227
6,beta,underwater,,0.011721649207174778
6,B,momentum,kospi_return_1d,-0.002072350587695837
6,B,momentum,fx_level_z_252,0.010204507037997246
6,B,persist,kospi_return_1d,-0.005622691009193659
6,B,persist,fx_level_z_252,-0.009563774801790714
6,B,underwater,kospi_return_1d,-0.0030133617110550404
6,B,underwater,fx_level_z_252,-0.006584823131561279
6,alpha,,kospi_return_1d,-0.011473273858428001
6,alpha,,fx_level_z_252,0.011414614506065845
7,beta,momentum,,-0.013446004129946232
7,beta,persist,,0.013575070537626743
7,beta,underwater,,0.013562280684709549
7,B,momentum,kospi_return_1d,-0.002119527431204915
7,B,momentum,fx_level_z_252,0.01142766885459423
7,B,persist,kospi_return_1d,-0.006436939351260662
7,B,persist,fx_level_z_252,-0.010664941743016243
7,B,underwater,kospi_return_1d,-0.003349841805174947
7,B,underwater,fx_level_z_252,-0.0070335534401237965
7,alpha,,kospi_return_1d,-0.013118008151650429
7,alpha,,fx_level_z_252,0.012943504378199577
8,beta,momentum,,-0.015230300836265087
8,beta,persist,,0.015415942296385765
8,beta,underwater,,0.01538292970508337
8,B,momentum,kospi_return_1d,-0.0021408656612038612
8,B,momentum,fx_level_z_252,0.012561221607029438
8,B,persist,kospi_return_1d,-0.007010063622146845
8,B,persist,fx_level_z_252,-0.011653108522295952
8,B,underwater,kospi_return_1d,-0.003384139621630311
8,B,underwater,fx_level_z_252,-0.007550744339823723
8,alpha,,kospi_return_1d,-0.014736435376107693
8,alpha,,fx_level_z_252,0.014453141018748283
9,beta,momentum,,-0.016927167773246765
9,beta,persist,,0.017211806029081345
9,beta,underwater,,0.017147231847047806
9,B,momentum,kospi_return_1d,-0.002319393213838339
9,B,momentum,fx_level_z_252,0.013488801196217537
9,B,persist,kospi_return_1d,-0.007623060140758753
9,B,persist,fx_level_z_252,-0.012429635040462017
9,B,underwater,kospi_return_1d,-0.0032117872033268213
9,B,underwater,fx_level_z_252,-0.008163990452885628
9,alpha,,kospi_return_1d,-0.01621278002858162
9,alpha,,fx_level_z_252,0.015819871798157692
10,beta,momentum,,-0.018538178876042366
10,beta,persist,,0.01896258443593979
10,beta,underwater,,0.018808836117386818
10,B,momentum,kospi_return_1d,-0.0025051000993698835
10,B,momentum,fx_level_z_252,0.014229069463908672
10,B,persist,kospi_return_1d,-0.008285308256745338
10,B,persist,fx_level_z_252,-0.012998733669519424
10,B,underwater,kospi_return_1d,-0.0028620942030102015
10,B,underwater,fx_level_z_252,-0.008731907233595848
10,alpha,,kospi_return_1d,-0.017533089965581894
10,alpha,,fx_level_z_252,0.017090242356061935
11,beta,momentum,,-0.02010101079940796
11,beta,persist,,0.02068193443119526
11,beta,underwater,,0.020424067974090576
11,B,momentum,kospi_return_1d,-0.0026795717421919107
11,B,momentum,fx_level_z_252,0.014818087220191956
11,B,persist,kospi_return_1d,-0.009053858928382397
11,B,persist,fx_level_z_252,-0.013152253814041615
11,B,underwater,kospi_return_1d,-0.002544132759794593
11,B,underwater,fx_level_z_252,-0.009158648550510406
11,alpha,,kospi_return_1d,-0.0187836904078722
11,alpha,,fx_level_z_252,0.018212268128991127
12,beta,momentum,,-0.021613940596580505
12,beta,persist,,0.02237578295171261
12,beta,underwater,,0.021945929154753685
12,B,momentum,kospi_return_1d,-0.002901189960539341
12,B,momentum,fx_level_z_252,0.01539679430425167
12,B,persist,kospi_return_1d,-0.009721695445477962
12,B,persist,fx_level_z_252,-0.013131540268659592
12,B,underwater,kospi_return_1d,-0.002074897987768054
12,B,underwater,fx_level_z_252,-0.009853208437561989
12,alpha,,kospi_return_1d,-0.01987450383603573
12,alpha,,fx_level_z_252,0.019253429025411606
13,beta,momentum,,-0.0230453759431839
13,beta,persist,,0.024004559963941574
13,beta,underwater,,0.02336014248430729
13,B,momentum,kospi_return_1d,-0.0033083788584917784
13,B,momentum,fx_level_z_252,0.015820208936929703
13,B,persist,kospi_return_1d,-0.01039116270840168
13,B,persist,fx_level_z_252,-0.01278311014175415
13,B,underwater,kospi_return_1d,-0.0014483422273769975
13,B,underwater,fx_level_z_252,-0.010589526034891605
13,alpha,,kospi_return_1d,-0.02082391269505024
13,alpha,,fx_level_z_252,0.02015824057161808
14,beta,momentum,,-0.024400949478149414
14,beta,persist,,0.025566697120666504
14,beta,underwater,,0.024676121771335602
14,B,momentum,kospi_return_1d,-0.003910255152732134
14,B,momentum,fx_level_z_252,0.016309671103954315
14,B,persist,kospi_return_1d,-0.010876425541937351
14,B,persist,fx_level_z_252,-0.012572414241731167
14,B,underwater,kospi_return_1d,-0.0005279605975374579
14,B,underwater,fx_level_z_252,-0.0115314070135355
14,alpha,,kospi_return_1d,-0.02157176472246647
14,alpha,,fx_level_z_252,0.020963702350854874
15,beta,momentum,,-0.025716328993439674
15,beta,persist,,0.027077149599790573
15,beta,underwater,,0.025922736153006554
15,B,momentum,kospi_return_1d,-0.0045444960705935955
15,B,momentum,fx_level_z_252,0.016764897853136063
15,B,persist,kospi_return_1d,-0.01145324856042862
15,B,persist,fx_level_z_252,-0.012202250771224499
15,B,underwater,kospi_return_1d,0.00032867531990632415
15,B,underwater,fx_level_z_252,-0.012425596825778484
15,alpha,,kospi_return_1d,-0.022100603207945824
15,alpha,,fx_level_z_252,0.02160194329917431
16,beta,momentum,,-0.026985980570316315
16,beta,persist,,0.028533464297652245
16,beta,underwater,,0.027102254331111908
16,B,momentum,kospi_return_1d,-0.005203100852668285
16,B,momentum,fx_level_z_252,0.01713811606168747
16,B,persist,kospi_return_1d,-0.012029958888888359
16,B,persist,fx_level_z_252,-0.011820374988019466
16,B,underwater,kospi_return_1d,0.0009386970777995884
16,B,underwater,fx_level_z_252,-0.01336386427283287
16,alpha,,kospi_return_1d,-0.02242642641067505
16,alpha,,fx_level_z_252,0.02215290628373623
17,beta,momentum,,-0.02815033495426178
17,beta,persist,,0.02990061044692993
17,beta,underwater,,0.028185095638036728
17,B,momentum,kospi_return_1d,-0.005890415050089359
17,B,momentum,fx_level_z_252,0.017465516924858093
17,B,persist,kospi_return_1d,-0.01261764857918024
17,B,persist,fx_level_z_252,-0.011216629296541214
17,B,underwater,kospi_return_1d,0.0014484717976301908
17,B,underwater,fx_level_z_252,-0.014300915412604809
17,alpha,,kospi_return_1d,-0.02247830480337143
17,alpha,,fx_level_z_252,0.02270117588341236
18,beta,momentum,,-0.029243966564536095
18,beta,persist,,0.031223274767398834
18,beta,underwater,,0.029209190979599953
18,B,momentum,kospi_return_1d,-0.00647836783900857
18,B,momentum,fx_level_z_252,0.017602913081645966
18,B,persist,kospi_return_1d,-0.013273612596094608
18,B,persist,fx_level_z_252,-0.01049711462110281
18,B,underwater,kospi_return_1d,0.0018086115596815944
18,B,underwater,fx_level_z_252,-0.014971374534070492
18,alpha,,kospi_return_1d,-0.022325050085783005
18,alpha,,fx_level_z_252,0.02313748374581337
19,beta,momentum,,-0.03027397207915783
19,beta,persist,,0.032505638897418976
19,beta,underwater,,0.030198216438293457
19,B,momentum,kospi_return_1d,-0.006951292976737022
19,B,momentum,fx_level_z_252,0.01746509224176407
19,B,persist,kospi_return_1d,-0.013919259421527386
19,B,persist,fx_level_z_252,-0.009682878851890564
19,B,underwater,kospi_return_1d,0.002091014292091131
19,B,underwater,fx_level_z_252,-0.015376647934317589
19,alpha,,kospi_return_1d,-0.02208944782614708
19,alpha,,fx_level_z_252,0.02343556098639965
20,beta,momentum,,-0.031223731115460396
20,beta,persist,,0.03373562917113304
20,beta,underwater,,0.031111208721995354
20,B,momentum,kospi_return_1d,-0.007314709480851889
20,B,momentum,fx_level_z_252,0.01708982326090336
20,B,persist,kospi_return_1d,-0.014636630192399025
20,B,persist,fx_level_z_252,-0.008739315904676914
20,B,underwater,kospi_return_1d,0.002117908326908946
20,B,underwater,fx_level_z_252,-0.015577685087919235
20,alpha,,kospi_return_1d,-0.021718662232160568
20,alpha,,fx_level_z_252,0.02362462691962719
21,beta,momentum,,-0.03207745403051376
21,beta,persist,,0.03494863957166672
21,beta,underwater,,0.03196345269680023
21,B,momentum,kospi_return_1d,-0.007654068060219288
21,B,momentum,fx_level_z_252,0.01661296933889389
21,B,persist,kospi_return_1d,-0.015228022821247578
21,B,persist,fx_level_z_252,-0.007903408259153366
21,B,underwater,kospi_return_1d,0.0021403771825134754
21,B,underwater,fx_level_z_252,-0.01585434377193451
21,alpha,,kospi_return_1d,-0.021295098587870598
21,alpha,,fx_level_z_252,0.02373858541250229
22,beta,momentum,,-0.03280700370669365
22,beta,persist,,0.036089152097702026
22,beta,underwater,,0.032737310975790024
22,B,momentum,kospi_return_1d,-0.008036226965487003
22,B,momentum,fx_level_z_252,0.016085220500826836
22,B,persist,kospi_return_1d,-0.015537720173597336
22,B,persist,fx_level_z_252,-0.007127385586500168
22,B,underwater,kospi_return_1d,0.002244069240987301
22,B,underwater,fx_level_z_252,-0.016131803393363953
22,alpha,,kospi_return_1d,-0.020843585953116417
22,alpha,,fx_level_z_252,0.023726049810647964
23,beta,momentum,,-0.033444296568632126
23,beta,persist,,0.037189751863479614
23,beta,underwater,,0.03336876258254051
23,B,momentum,kospi_return_1d,-0.008533346466720104
23,B,momentum,fx_level_z_252,0.015719948336482048
23,B,persist,kospi_return_1d,-0.01570321060717106
23,B,persist,fx_level_z_252,-0.006457486655563116
23,B,underwater,kospi_return_1d,0.002445599064230919
23,B,underwater,fx_level_z_252,-0.01673472300171852
23,alpha,,kospi_return_1d,-0.0202474407851696
23,alpha,,fx_level_z_252,0.023676004260778427
24,beta,momentum,,-0.033962927758693695
24,beta,persist,,0.038252297788858414
24,beta,underwater,,0.03387819230556488
24,B,momentum,kospi_return_1d,-0.008863076567649841
24,B,momentum,fx_level_z_252,0.015327122062444687
24,B,persist,kospi_return_1d,-0.015825599431991577
24,B,persist,fx_level_z_252,-0.0058082700707018375
24,B,underwater,kospi_return_1d,0.002745796460658312
24,B,underwater,fx_level_z_252,-0.017460085451602936
24,alpha,,kospi_return_1d,-0.019635135307908058
24,alpha,,fx_level_z_252,0.023589307442307472
25,beta,momentum,,-0.034400537610054016
25,beta,persist,,0.03928912431001663
25,beta,underwater,,0.0343143567442894
25,B,momentum,kospi_return_1d,-0.00908405240625143
25,B,momentum,fx_level_z_252,0.01499601174145937
25,B,persist,kospi_return_1d,-0.015944642946124077
25,B,persist,fx_level_z_252,-0.005137531086802483
25,B,underwater,kospi_return_1d,0.003150142263621092
25,B,underwater,fx_level_z_252,-0.018354421481490135
25,alpha,,kospi_return_1d,-0.018916279077529907
25,alpha,,fx_level_z_252,0.02339339815080166
26,beta,momentum,,-0.03480027988553047
26,beta,persist,,0.040313128381967545
26,beta,underwater,,0.03470700606703758
26,B,momentum,kospi_return_1d,-0.009353989735245705
26,B,momentum,fx_level_z_252,0.014507354237139225
26,B,persist,kospi_return_1d,-0.016114450991153717
26,B,persist,fx_level_z_252,-0.004444999620318413
26,B,underwater,kospi_return_1d,0.0035994774661958218
26,B,underwater,fx_level_z_252,-0.019190380349755287
26,alpha,,kospi_return_1d,-0.01818694919347763
26,alpha,,fx_level_z_252,0.023119578137993813
27,beta,momentum,,-0.035111576318740845
27,beta,persist,,0.0412842258810997
27,beta,underwater,,0.03507415950298309
27,B,momentum,kospi_return_1d,-0.009444192983210087
27,B,momentum,fx_level_z_252,0.013925742357969284
27,B,persist,kospi_return_1d,-0.01628894731402397
27,B,persist,fx_level_z_252,-0.003608402796089649
27,B,underwater,kospi_return_1d,0.003858395153656602
27,B,underwater,fx_level_z_252,-0.019807837903499603
27,alpha,,kospi_return_1d,-0.017397990450263023
27,alpha,,fx_level_z_252,0.02283080853521824
28,beta,momentum,,-0.03538389876484871
28,beta,persist,,0.042206671088933945
28,beta,underwater,,0.0353853814303875
28,B,momentum,kospi_return_1d,-0.009369132108986378
28,B,momentum,fx_level_z_252,0.01327507570385933
28,B,persist,kospi_return_1d,-0.01655329205095768
28,B,persist,fx_level_z_252,-0.002650467911735177
28,B,underwater,kospi_return_1d,0.004067246336489916
28,B,underwater,fx_level_z_252,-0.020313406363129616
28,alpha,,kospi_return_1d,-0.016657797619700432
28,alpha,,fx_level_z_252,0.022565962746739388
29,beta,momentum,,-0.035629089921712875
29,beta,persist,,0.04313310235738754
29,beta,underwater,,0.035644371062517166
29,B,momentum,kospi_return_1d,-0.009291712194681168
29,B,momentum,fx_level_z_252,0.012562544085085392
29,B,persist,kospi_return_1d,-0.016817376017570496
29,B,persist,fx_level_z_252,-0.0017046043649315834
29,B,underwater,kospi_return_1d,0.004211778286844492
29,B,underwater,fx_level_z_252,-0.020801175385713577
29,alpha,,kospi_return_1d,-0.015962369740009308
29,alpha,,fx_level_z_252,0.022270504385232925
30,beta,momentum,,-0.03587550297379494
30,beta,persist,,0.044050123542547226
30,beta,underwater,,0.03588360920548439
30,B,momentum,kospi_return_1d,-0.009186242707073689
30,B,momentum,fx_level_z_252,0.011805885471403599
30,B,persist,kospi_return_1d,-0.017155803740024567
30,B,persist,fx_level_z_252,-0.0007531057926826179
30,B,underwater,kospi_return_1d,0.0042703538201749325
30,B,underwater,fx_level_z_252,-0.02122977189719677
30,alpha,,kospi_return_1d,-0.015340219251811504
30,alpha,,fx_level_z_252,0.02188866399228573
31,beta,momentum,,-0.036049555987119675
31,beta,persist,,0.044946394860744476
31,beta,underwater,,0.036138564348220825
31,B,momentum,kospi_return_1d,-0.009008992463350296
31,B,momentum,fx_level_z_252,0.011007641442120075
31,B,persist,kospi_return_1d,-0.0174743440002203
31,B,persist,fx_level_z_252,0.00015743135008960962
31,B,underwater,kospi_return_1d,0.004326137714087963
31,B,underwater,fx_level_z_252,-0.02163839340209961
31,alpha,,kospi_return_1d,-0.014763041399419308
31,alpha,,fx_level_z_252,0.02150360681116581
32,beta,momentum,,-0.03617474436759949
32,beta,persist,,0.04584920406341553
32,beta,underwater,,0.03634046018123627
32,B,momentum,kospi_return_1d,-0.008947255089879036
32,B,momentum,fx_level_z_252,0.010281816124916077
32,B,persist,kospi_return_1d,-0.017556816339492798
32,B,persist,fx_level_z_252,0.0007014022557996213
32,B,underwater,kospi_return_1d,0.004476605914533138
32,B,underwater,fx_level_z_252,-0.022179855033755302
32,alpha,,kospi_return_1d,-0.014180781319737434
32,alpha,,fx_level_z_252,0.02092970907688141
33,beta,momentum,,-0.0362822562456131
33,beta,persist,,0.04673319682478905
33,beta,underwater,,0.036500606685876846
33,B,momentum,kospi_return_1d,-0.008786655962467194
33,B,momentum,fx_level_z_252,0.009570988826453686
33,B,persist,kospi_return_1d,-0.017624428495764732
33,B,persist,fx_level_z_252,0.0010489743435755372
33,B,underwater,kospi_return_1d,0.004527720622718334
33,B,underwater,fx_level_z_252,-0.022665467113256454
33,alpha,,kospi_return_1d,-0.013551388867199421
33,alpha,,fx_level_z_252,0.02035875990986824
34,beta,momentum,,-0.036323875188827515
34,beta,persist,,0.04762600362300873
34,beta,underwater,,0.036650221794843674
34,B,momentum,kospi_return_1d,-0.00859446544200182
34,B,momentum,fx_level_z_252,0.008924304507672787
34,B,persist,kospi_return_1d,-0.017785673961043358
34,B,persist,fx_level_z_252,0.0010999256046488881
34,B,underwater,kospi_return_1d,0.00464256014674902
34,B,underwater,fx_level_z_252,-0.023164182901382446
34,alpha,,kospi_return_1d,-0.012942714616656303
34,alpha,,fx_level_z_252,0.019827235490083694
35,beta,momentum,,-0.036363665014505386
35,beta,persist,,0.048456426709890366
35,beta,underwater,,0.036787278950214386
35,B,momentum,kospi_return_1d,-0.00830588024109602
35,B,momentum,fx_level_z_252,0.008308249525725842
35,B,persist,kospi_return_1d,-0.01804497465491295
35,B,persist,fx_level_z_252,0.0011463705450296402
35,B,underwater,kospi_return_1d,0.00463426997885108
35,B,underwater,fx_level_z_252,-0.02359279990196228
35,alpha,,kospi_return_1d,-0.012146306224167347
35,alpha,,fx_level_z_252,0.019342299550771713
36,beta,momentum,,-0.03636160120368004
36,beta,persist,,0.049279697239398956
36,beta,underwater,,0.036856506019830704
36,B,momentum,kospi_return_1d,-0.008278757333755493
36,B,momentum,fx_level_z_252,0.007829159498214722
36,B,persist,kospi_return_1d,-0.018066689372062683
36,B,persist,fx_level_z_252,0.0011048109736293554
36,B,underwater,kospi_return_1d,0.004799486603587866
36,B,underwater,fx_level_z_252,-0.02424401044845581
36,alpha,,kospi_return_1d,-0.011366519145667553
36,alpha,,fx_level_z_252,0.018814677372574806
37,beta,momentum,,-0.03629283234477043
37,beta,persist,,0.050095103681087494
37,beta,underwater,,0.03690724819898605
37,B,momentum,kospi_return_1d,-0.008321846835315228
37,B,momentum,fx_level_z_252,0.007361631374806166
37,B,persist,kospi_return_1d,-0.018157530575990677
37,B,persist,fx_level_z_252,0.001137058949097991
37,B,underwater,kospi_return_1d,0.005095302127301693
37,B,underwater,fx_level_z_252,-0.02477652207016945
37,alpha,,kospi_return_1d,-0.010646107606589794
37,alpha,,fx_level_z_252,0.0182791855186224
38,beta,momentum,,-0.03618476539850235
38,beta,persist,,0.05093513801693916
38,beta,underwater,,0.03694528713822365
38,B,momentum,kospi_return_1d,-0.008404113352298737
38,B,momentum,fx_level_z_252,0.007004124578088522
38,B,persist,kospi_return_1d,-0.018132377415895462
38,B,persist,fx_level_z_252,0.0009702040115371346
38,B,underwater,kospi_return_1d,0.0052932994440197945
38,B,underwater,fx_level_z_252,-0.025370627641677856
38,alpha,,kospi_return_1d,-0.010023367591202259
38,alpha,,fx_level_z_252,0.017798541113734245
39,beta,momentum,,-0.03603444620966911
39,beta,persist,,0.05175824090838432
39,beta,underwater,,0.03696729615330696
39,B,momentum,kospi_return_1d,-0.008489093743264675
39,B,momentum,fx_level_z_252,0.006722860503941774
39,B,persist,kospi_return_1d,-0.01802486553788185
39,B,persist,fx_level_z_252,0.0006098265876062214
39,B,underwater,kospi_return_1d,0.005405869334936142
39,B,underwater,fx_level_z_252,-0.02596338652074337
39,alpha,,kospi_return_1d,-0.009380114264786243
39,alpha,,fx_level_z_252,0.017383048310875893
40,beta,momentum,,-0.03589988872408867
40,beta,persist,,0.05257314443588257
40,beta,underwater,,0.03704587742686272
40,B,momentum,kospi_return_1d,-0.008663848973810673
40,B,momentum,fx_level_z_252,0.006364129949361086
40,B,persist,kospi_return_1d,-0.017917711287736893
40,B,persist,fx_level_z_252,0.00037533952854573727
40,B,underwater,kospi_return_1d,0.005477932747453451
40,B,underwater,fx_level_z_252,-0.026414938271045685
40,alpha,,kospi_return_1d,-0.008799826726317406
40,alpha,,fx_level_z_252,0.01712605357170105
41,beta,momentum,,-0.035790905356407166
41,beta,persist,,0.05340981483459473
41,beta,underwater,,0.03713195398449898
41,B,momentum,kospi_return_1d,-0.008724709041416645
41,B,momentum,fx_level_z_252,0.005957553628832102
41,B,persist,kospi_return_1d,-0.01785224862396717
41,B,persist,fx_level_z_252,6.477069109678268e-05
41,B,underwater,kospi_return_1d,0.005467440467327833
41,B,underwater,fx_level_z_252,-0.026832088828086853
41,alpha,,kospi_return_1d,-0.008221695199608803
41,alpha,,fx_level_z_252,0.01694151572883129
42,beta,momentum,,-0.03567180410027504
42,beta,persist,,0.05424589663743973
42,beta,underwater,,0.037259768694639206
42,B,momentum,kospi_return_1d,-0.008728712797164917
42,B,momentum,fx_level_z_252,0.005477068014442921
42,B,persist,kospi_return_1d,-0.017702747136354446
42,B,persist,fx_level_z_252,-0.00015447675832547247
42,B,underwater,kospi_return_1d,0.005417990498244762
42,B,underwater,fx_level_z_252,-0.027155913412570953
42,alpha,,kospi_return_1d,-0.007769694086164236
42,alpha,,fx_level_z_252,0.01674206368625164
43,beta,momentum,,-0.035578712821006775
43,beta,persist,,0.05508717522025108
43,beta,underwater,,0.03741806745529175
43,B,momentum,kospi_return_1d,-0.008514124900102615
43,B,momentum,fx_level_z_252,0.0049785105511546135
43,B,persist,kospi_return_1d,-0.017659403383731842
43,B,persist,fx_level_z_252,-0.00022920813353266567
43,B,underwater,kospi_return_1d,0.005146291106939316
43,B,underwater,fx_level_z_252,-0.027434216812253
43,alpha,,kospi_return_1d,-0.00718385586515069
43,alpha,,fx_level_z_252,0.01665932685136795
44,beta,momentum,,-0.03545133396983147
44,beta,persist,,0.05592837929725647
44,beta,underwater,,0.037577494978904724
44,B,momentum,kospi_return_1d,-0.008104972541332245
44,B,momentum,fx_level_z_252,0.0044183325953781605
44,B,persist,kospi_return_1d,-0.01779167540371418
44,B,persist,fx_level_z_252,-0.00016674853395670652
44,B,underwater,kospi_return_1d,0.004784019663929939
44,B,underwater,fx_level_z_252,-0.02774147316813469
44,alpha,,kospi_return_1d,-0.0065975794568657875
44,alpha,,fx_level_z_252,0.016598431393504143
45,beta,momentum,,-0.03536144644021988
45,beta,persist,,0.05672292038798332
45,beta,underwater,,0.03776383772492409
45,B,momentum,kospi_return_1d,-0.007708140183240175
45,B,momentum,fx_level_z_252,0.0038596782833337784
45,B,persist,kospi_return_1d,-0.017970161512494087
45,B,persist,fx_level_z_252,6.664559623459354e-05
45,B,underwater,kospi_return_1d,0.004349302966147661
45,B,underwater,fx_level_z_252,-0.027942100539803505
45,alpha,,kospi_return_1d,-0.006063392385840416
45,alpha,,fx_level_z_252,0.016668347641825676
46,beta,momentum,,-0.035319097340106964
46,beta,persist,,0.057466983795166016
46,beta,underwater,,0.03792669624090195
46,B,momentum,kospi_return_1d,-0.007492368575185537
46,B,momentum,fx_level_z_252,0.0032986511941999197
46,B,persist,kospi_return_1d,-0.018015556037425995
46,B,persist,fx_level_z_252,0.00031674050842411816
46,B,underwater,kospi_return_1d,0.004116075113415718
46,B,underwater,fx_level_z_252,-0.02812492474913597
46,alpha,,kospi_return_1d,-0.005569000728428364
46,alpha,,fx_level_z_252,0.016824249178171158
47,beta,momentum,,-0.035231251269578934
47,beta,persist,,0.058178819715976715
47,beta,underwater,,0.038021672517061234
47,B,momentum,kospi_return_1d,-0.007319959346204996
47,B,momentum,fx_level_z_252,0.0028216068167239428
47,B,persist,kospi_return_1d,-0.017943819984793663
47,B,persist,fx_level_z_252,0.00040940154576674104
47,B,underwater,kospi_return_1d,0.004063658881932497
47,B,underwater,fx_level_z_252,-0.028471149504184723
47,alpha,,kospi_return_1d,-0.005025757011026144
47,alpha,,fx_level_z_252,0.016910163685679436
48,beta,momentum,,-0.03503049910068512
48,beta,persist,,0.058812301605939865
48,beta,underwater,,0.03797496110200882
48,B,momentum,kospi_return_1d,-0.00718012684956193
48,B,momentum,fx_level_z_252,0.002260783454403281
48,B,persist,kospi_return_1d,-0.017940683290362358
48,B,persist,fx_level_z_252,0.0005548983463086188
48,B,underwater,kospi_return_1d,0.004105239175260067
48,B,underwater,fx_level_z_252,-0.028752533718943596
48,alpha,,kospi_return_1d,-0.00438618753105402
48,alpha,,fx_level_z_252,0.01681007258594036
49,beta,momentum,,-0.0348484180867672
49,beta,persist,,0.05945548042654991
49,beta,underwater,,0.037992145866155624
49,B,momentum,kospi_return_1d,-0.007105536758899689
49,B,momentum,fx_level_z_252,0.00181383709423244
49,B,persist,kospi_return_1d,-0.017743287608027458
49,B,persist,fx_level_z_252,0.0006867471383884549
49,B,underwater,kospi_return_1d,0.004134924151003361
49,B,underwater,fx_level_z_252,-0.029172811657190323
49,alpha,,kospi_return_1d,-0.003751172684133053
49,alpha,,fx_level_z_252,0.016886413097381592
50,beta,momentum,,-0.034670643508434296
50,beta,persist,,0.06003286689519882
50,beta,underwater,,0.03800354525446892
50,B,momentum,kospi_return_1d,-0.006949613336473703
50,B,momentum,fx_level_z_252,0.0013903238577768207
50,B,persist,kospi_return_1d,-0.017706681042909622
50,B,persist,fx_level_z_252,0.0009313257760368288
50,B,underwater,kospi_return_1d,0.003951440565288067
50,B,underwater,fx_level_z_252,-0.029569774866104126
50,alpha,,kospi_return_1d,-0.002937879879027605
50,alpha,,fx_level_z_252,0.01690365932881832
51,beta,momentum,,-0.03452908247709274
51,beta,persist,,0.06067144498229027
51,beta,underwater,,0.037993788719177246
51,B,momentum,kospi_return_1d,-0.0067102937027812
51,B,momentum,fx_level_z_252,0.0011858325451612473
51,B,persist,kospi_return_1d,-0.017750127241015434
51,B,persist,fx_level_z_252,0.0010019951732829213
51,B,underwater,kospi_return_1d,0.0038022170774638653
51,B,underwater,fx_level_z_252,-0.030004626139998436
51,alpha,,kospi_return_1d,-0.0023189489729702473
51,alpha,,fx_level_z_252,0.01694720797240734
52,beta,momentum,,-0.03443710133433342
52,beta,persist,,0.06127185747027397
52,beta,underwater,,0.03803679347038269
52,B,momentum,kospi_return_1d,-0.006467905826866627
52,B,momentum,fx_level_z_252,0.0010129781439900398
52,B,persist,kospi_return_1d,-0.01783054880797863
52,B,persist,fx_level_z_252,0.0009328134474344552
52,B,underwater,kospi_return_1d,0.003632635809481144
52,B,underwater,fx_level_z_252,-0.030399100854992867
52,alpha,,kospi_return_1d,-0.0016405910719186068
52,alpha,,fx_level_z_252,0.0169561505317688
53,beta,momentum,,-0.034416135400533676
53,beta,persist,,0.06184730306267738
53,beta,underwater,,0.038138750940561295
53,B,momentum,kospi_return_1d,-0.006358294282108545
53,B,momentum,fx_level_z_252,0.0009357886738143861
53,B,persist,kospi_return_1d,-0.017846964299678802
53,B,persist,fx_level_z_252,0.0009841274004429579
53,B,underwater,kospi_return_1d,0.003418956184759736
53,B,underwater,fx_level_z_252,-0.030765675008296967
53,alpha,,kospi_return_1d,-0.0008537635440006852
53,alpha,,fx_level_z_252,0.016960350796580315
54,beta,momentum,,-0.034359365701675415
54,beta,persist,,0.062407106161117554
54,beta,underwater,,0.03819635510444641
54,B,momentum,kospi_return_1d,-0.006379048805683851
54,B,momentum,fx_level_z_252,0.000906040018890053
54,B,persist,kospi_return_1d,-0.017814451828598976
54,B,persist,fx_level_z_252,0.0009976160945370793
54,B,underwater,kospi_return_1d,0.0032678390853106976
54,B,underwater,fx_level_z_252,-0.03115665353834629
54,alpha,,kospi_return_1d,-0.00020220072474330664
54,alpha,,fx_level_z_252,0.016988098621368408
55,beta,momentum,,-0.03433045744895935
55,beta,persist,,0.06302845478057861
55,beta,underwater,,0.03830788657069206
55,B,momentum,kospi_return_1d,-0.006582772824913263
55,B,momentum,fx_level_z_252,0.0008209216757677495
55,B,persist,kospi_return_1d,-0.017732443287968636
55,B,persist,fx_level_z_252,0.0009580246405676007
55,B,underwater,kospi_return_1d,0.0032757071312516928
55,B,underwater,fx_level_z_252,-0.03144347667694092
55,alpha,,kospi_return_1d,0.00028712162747979164
55,alpha,,fx_level_z_252,0.017170850187540054
56,beta,momentum,,-0.03423110023140907
56,beta,persist,,0.06363669782876968
56,beta,underwater,,0.038364507257938385
56,B,momentum,kospi_return_1d,-0.006735185626894236
56,B,momentum,fx_level_z_252,0.0007326302002184093
56,B,persist,kospi_return_1d,-0.01772928796708584
56,B,persist,fx_level_z_252,0.0008734621806070209
56,B,underwater,kospi_return_1d,0.0033953918609768152
56,B,underwater,fx_level_z_252,-0.031795211136341095
56,alpha,,kospi_return_1d,0.0007273758528754115
56,alpha,,fx_level_z_252,0.01723688468337059
57,beta,momentum,,-0.03411354124546051
57,beta,persist,,0.06423153728246689
57,beta,underwater,,0.03840729221701622
57,B,momentum,kospi_return_1d,-0.00686801690608263
57,B,momentum,fx_level_z_252,0.000483455543871969
57,B,persist,kospi_return_1d,-0.01771612837910652
57,B,persist,fx_level_z_252,0.0008913520141504705
57,B,underwater,kospi_return_1d,0.003447568276897073
57,B,underwater,fx_level_z_252,-0.03202317655086517
57,alpha,,kospi_return_1d,0.0010465201921761036
57,alpha,,fx_level_z_252,0.017257122322916985
58,beta,momentum,,-0.03397779166698456
58,beta,persist,,0.06484974920749664
58,beta,underwater,,0.03844941779971123
58,B,momentum,kospi_return_1d,-0.007146994583308697
58,B,momentum,fx_level_z_252,0.00021631356503348798
58,B,persist,kospi_return_1d,-0.017610734328627586
58,B,persist,fx_level_z_252,0.0008885841234587133
58,B,underwater,kospi_return_1d,0.003656388958916068
58,B,underwater,fx_level_z_252,-0.03225008025765419
58,alpha,,kospi_return_1d,0.0012357312953099608
58,alpha,,fx_level_z_252,0.017317965626716614
59,beta,momentum,,-0.03376862779259682
59,beta,persist,,0.06544279307126999
59,beta,underwater,,0.03846272453665733
59,B,momentum,kospi_return_1d,-0.0074653709307312965
59,B,momentum,fx_level_z_252,-8.875735511537641e-05
59,B,persist,kospi_return_1d,-0.017598435282707214
59,B,persist,fx_level_z_252,0.0009880552534013987
59,B,underwater,kospi_return_1d,0.003814108669757843
59,B,underwater,fx_level_z_252,-0.03238331899046898
59,alpha,,kospi_return_1d,0.001221928047016263
59,alpha,,fx_level_z_252,0.017496472224593163
60,beta,momentum,,-0.03355509415268898
60,beta,persist,,0.06604038178920746
60,beta,underwater,,0.03846670314669609
60,B,momentum,kospi_return_1d,-0.00777794374153018
60,B,momentum,fx_level_z_252,-0.0002382474922342226
60,B,persist,kospi_return_1d,-0.017662644386291504
60,B,persist,fx_level_z_252,0.0010349986841902137
60,B,underwater,kospi_return_1d,0.003936659079045057
60,B,underwater,fx_level_z_252,-0.032523442059755325
60,alpha,,kospi_return_1d,0.0010969472350552678
60,alpha,,fx_level_z_252,0.017653964459896088
61,beta,momentum,,-0.033353809267282486
61,beta,persist,,0.06657880544662476
61,beta,underwater,,0.03843013569712639
61,B,momentum,kospi_return_1d,-0.008040033280849457
61,B,momentum,fx_level_z_252,-8.872606849763542e-05
61,B,persist,kospi_return_1d,-0.01774882897734642
61,B,persist,fx_level_z_252,0.0010736974654719234
61,B,underwater,kospi_return_1d,0.004062864929437637
61,B,underwater,fx_level_z_252,-0.03282986581325531
61,alpha,,kospi_return_1d,0.0009104302152991295
61,alpha,,fx_level_z_252,0.017740871757268906
62,beta,momentum,,-0.03323518484830856
62,beta,persist,,0.06714407354593277
62,beta,underwater,,0.03842165321111679
62,B,momentum,kospi_return_1d,-0.008257956244051456
62,B,momentum,fx_level_z_252,0.00022599971271120012
62,B,persist,kospi_return_1d,-0.017702924087643623
62,B,persist,fx_level_z_252,0.0011749145342037082
62,B,underwater,kospi_return_1d,0.0041692000813782215
62,B,underwater,fx_level_z_252,-0.03312268480658531
62,alpha,,kospi_return_1d,0.0006307774456217885
62,alpha,,fx_level_z_252,0.017911620438098907
63,beta,momentum,,-0.03310135379433632
63,beta,persist,,0.06769093871116638
63,beta,underwater,,0.0384247824549675
63,B,momentum,kospi_return_1d,-0.008118413388729095
63,B,momentum,fx_level_z_252,0.0004701607394963503
63,B,persist,kospi_return_1d,-0.017750564962625504
63,B,persist,fx_level_z_252,0.0013968320563435555
63,B,underwater,kospi_return_1d,0.004188701044768095
63,B,underwater,fx_level_z_252,-0.03339239954948425
63,alpha,,kospi_return_1d,0.00039437515079043806
63,alpha,,fx_level_z_252,0.018166610971093178
64,beta,momentum,,-0.03300954028964043
64,beta,persist,,0.06819748878479004
64,beta,underwater,,0.03844838589429855
64,B,momentum,kospi_return_1d,-0.008013652637600899
64,B,momentum,fx_level_z_252,0.0006790210609324276
64,B,persist,kospi_return_1d,-0.017897622659802437
64,B,persist,fx_level_z_252,0.0016167948488146067
64,B,underwater,kospi_return_1d,0.0042252312414348125
64,B,underwater,fx_level_z_252,-0.03365581855177879
64,alpha,,kospi_return_1d,0.0001866545935627073
64,alpha,,fx_level_z_252,0.01836339756846428
65,beta,momentum,,-0.032882094383239746
65,beta,persist,,0.0687030479311943
65,beta,underwater,,0.038447458297014236
65,B,momentum,kospi_return_1d,-0.008028187789022923
65,B,momentum,fx_level_z_252,0.0007570526795461774
65,B,persist,kospi_return_1d,-0.017977485433220863
65,B,persist,fx_level_z_252,0.0016659358516335487
65,B,underwater,kospi_return_1d,0.004237683955579996
65,B,underwater,fx_level_z_252,-0.03392811492085457
65,alpha,,kospi_return_1d,2.349514761590399e-05
65,alpha,,fx_level_z_252,0.018605953082442284
66,beta,momentum,,-0.032627254724502563
66,beta,persist,,0.0691583976149559
66,beta,underwater,,0.038446467369794846
66,B,momentum,kospi_return_1d,-0.00797424465417862
66,B,momentum,fx_level_z_252,0.0007399278692901134
66,B,persist,kospi_return_1d,-0.018062112852931023
66,B,persist,fx_level_z_252,0.00181686005089432
66,B,underwater,kospi_return_1d,0.003963847644627094
66,B,underwater,fx_level_z_252,-0.034229833632707596
66,alpha,,kospi_return_1d,-2.5329029085696675e-05
66,alpha,,fx_level_z_252,0.018844814971089363
67,beta,momentum,,-0.03239155933260918
67,beta,persist,,0.0696130245923996
67,beta,underwater,,0.03851638734340668
67,B,momentum,kospi_return_1d,-0.00782385841012001
67,B,momentum,fx_level_z_252,0.0006166924140416086
67,B,persist,kospi_return_1d,-0.018169036135077477
67,B,persist,fx_level_z_252,0.0019132014131173491
67,B,underwater,kospi_return_1d,0.0035873937886208296
67,B,underwater,fx_level_z_252,-0.03443593531847
67,alpha,,kospi_return_1d,-1.4246737919165753e-05
67,alpha,,fx_level_z_252,0.01924203895032406
68,beta,momentum,,-0.03215865045785904
68,beta,persist,,0.0700279250741005
68,beta,underwater,,0.03846105560660362
68,B,momentum,kospi_return_1d,-0.007545496337115765
68,B,momentum,fx_level_z_252,0.00036377267679199576
68,B,persist,kospi_return_1d,-0.018396861851215363
68,B,persist,fx_level_z_252,0.002156456932425499
68,B,underwater,kospi_return_1d,0.00320102134719491
68,B,underwater,fx_level_z_252,-0.03463658317923546
68,alpha,,kospi_return_1d,9.011801012093201e-05
68,alpha,,fx_level_z_252,0.01956821419298649
69,beta,momentum,,-0.03200606256723404
69,beta,persist,,0.07042212784290314
69,beta,underwater,,0.03837444260716438
69,B,momentum,kospi_return_1d,-0.007251563481986523
69,B,momentum,fx_level_z_252,6.835401291027665e-05
69,B,persist,kospi_return_1d,-0.018717093393206596
69,B,persist,fx_level_z_252,0.0025055587757378817
69,B,underwater,kospi_return_1d,0.002841549925506115
69,B,underwater,fx_level_z_252,-0.03474254906177521
69,alpha,,kospi_return_1d,0.0001632964558666572
69,alpha,,fx_level_z_252,0.019602475687861443
70,beta,momentum,,-0.031816814094781876
70,beta,persist,,0.07080690562725067
70,beta,underwater,,0.0382060669362545
70,B,momentum,kospi_return_1d,-0.007230194751173258
70,B,momentum,fx_level_z_252,-0.0003468366921879351
70,B,persist,kospi_return_1d,-0.01891649328172207
70,B,persist,fx_level_z_252,0.002600139705464244
70,B,underwater,kospi_return_1d,0.0027069596108049154
70,B,underwater,fx_level_z_252,-0.03471725434064865
70,alpha,,kospi_return_1d,0.000185479992069304
70,alpha,,fx_level_z_252,0.019429318606853485
71,beta,momentum,,-0.03151664510369301
71,beta,persist,,0.07115653902292252
71,beta,underwater,,0.03799065947532654
71,B,momentum,kospi_return_1d,-0.007193147670477629
71,B,momentum,fx_level_z_252,-0.0006250116275623441
71,B,persist,kospi_return_1d,-0.019078493118286133
71,B,persist,fx_level_z_252,0.002600732957944274
71,B,underwater,kospi_return_1d,0.0025980742648243904
71,B,underwater,fx_level_z_252,-0.03468126058578491
71,alpha,,kospi_return_1d,0.00021718534117098898
71,alpha,,fx_level_z_252,0.019221311435103416
72,beta,momentum,,-0.031222553923726082
72,beta,persist,,0.0715092197060585
72,beta,underwater,,0.03784762695431709
72,B,momentum,kospi_return_1d,-0.006985390558838844
72,B,momentum,fx_level_z_252,-0.0009490025113336742
72,B,persist,kospi_return_1d,-0.01927480846643448
72,B,persist,fx_level_z_252,0.0026069683954119682
72,B,underwater,kospi_return_1d,0.002421407727524638
72,B,underwater,fx_level_z_252,-0.03448369726538658
72,alpha,,kospi_return_1d,0.0002955524832941592
72,alpha,,fx_level_z_252,0.01889130286872387
73,beta,momentum,,-0.03091476857662201
73,beta,persist,,0.07180540263652802
73,beta,underwater,,0.0376591682434082
73,B,momentum,kospi_return_1d,-0.006966000888496637
73,B,momentum,fx_level_z_252,-0.0010487169492989779
73,B,persist,kospi_return_1d,-0.019471919164061546
73,B,persist,fx_level_z_252,0.0027693931479007006
73,B,underwater,kospi_return_1d,0.0023428560234606266
73,B,underwater,fx_level_z_252,-0.03429987654089928
73,alpha,,kospi_return_1d,0.00045496143866330385
73,alpha,,fx_level_z_252,0.01852567493915558
74,beta,momentum,,-0.03066191077232361
74,beta,persist,,0.07210887968540192
74,beta,underwater,,0.03744286298751831
74,B,momentum,kospi_return_1d,-0.007080479990690947
74,B,momentum,fx_level_z_252,-0.0010864351643249393
74,B,persist,kospi_return_1d,-0.019506458193063736
74,B,persist,fx_level_z_252,0.0028503653593361378
74,B,underwater,kospi_return_1d,0.002518575405701995
74,B,underwater,fx_level_z_252,-0.03432155400514603
74,alpha,,kospi_return_1d,0.0006753772031515837
74,alpha,,fx_level_z_252,0.01803690381348133
75,beta,momentum,,-0.03041897527873516
75,beta,persist,,0.07242420315742493
75,beta,underwater,,0.03726828098297119
75,B,momentum,kospi_return_1d,-0.007152254693210125
75,B,momentum,fx_level_z_252,-0.000877818965818733
75,B,persist,kospi_return_1d,-0.019342904910445213
75,B,persist,fx_level_z_252,0.002743348479270935
75,B,underwater,kospi_return_1d,0.0027847294695675373
75,B,underwater,fx_level_z_252,-0.03449711203575134
75,alpha,,kospi_return_1d,0.0008063357090577483
75,alpha,,fx_level_z_252,0.01765877567231655
76,beta,momentum,,-0.030165143311023712
76,beta,persist,,0.07276586443185806
76,beta,underwater,,0.03713281825184822
76,B,momentum,kospi_return_1d,-0.007253800984472036
76,B,momentum,fx_level_z_252,-0.0005340788629837334
76,B,persist,kospi_return_1d,-0.018957829102873802
76,B,persist,fx_level_z_252,0.002423482248559594
76,B,underwater,kospi_return_1d,0.0030671677086502314
76,B,underwater,fx_level_z_252,-0.03465444967150688
76,alpha,,kospi_return_1d,0.0010133774485439062
76,alpha,,fx_level_z_252,0.017332836985588074
77,beta,momentum,,-0.029960792511701584
77,beta,persist,,0.07308056205511093
77,beta,underwater,,0.037003133445978165
77,B,momentum,kospi_return_1d,-0.007362531963735819
77,B,momentum,fx_level_z_252,-0.0002976791874971241
77,B,persist,kospi_return_1d,-0.018557239323854446
77,B,persist,fx_level_z_252,0.002395469695329666
77,B,underwater,kospi_return_1d,0.0032641245052218437
77,B,underwater,fx_level_z_252,-0.034657277166843414
77,alpha,,kospi_return_1d,0.0012146600056439638
77,alpha,,fx_level_z_252,0.016937008127570152
78,beta,momentum,,-0.029747813940048218
78,beta,persist,,0.07336574047803879
78,beta,underwater,,0.03688935935497284
78,B,momentum,kospi_return_1d,-0.00744226947426796
78,B,momentum,fx_level_z_252,-0.00019030757539439946
78,B,persist,kospi_return_1d,-0.018225476145744324
78,B,persist,fx_level_z_252,0.0023647502530366182
78,B,underwater,kospi_return_1d,0.0034020959865301847
78,B,underwater,fx_level_z_252,-0.03455750644207001
78,alpha,,kospi_return_1d,0.001554171903990209
78,alpha,,fx_level_z_252,0.016542011871933937
79,beta,momentum,,-0.02953631617128849
79,beta,persist,,0.07366016507148743
79,beta,underwater,,0.03675590828061104
79,B,momentum,kospi_return_1d,-0.007540427148342133
79,B,momentum,fx_level_z_252,-4.959205398336053e-05
79,B,persist,kospi_return_1d,-0.018063537776470184
79,B,persist,fx_level_z_252,0.002318277023732662
79,B,underwater,kospi_return_1d,0.0035147026646882296
79,B,underwater,fx_level_z_252,-0.03440127521753311
79,alpha,,kospi_return_1d,0.00181136978790164
79,alpha,,fx_level_z_252,0.016360435634851456
80,beta,momentum,,-0.029371626675128937
80,beta,persist,,0.07394402474164963
80,beta,underwater,,0.036700498312711716
80,B,momentum,kospi_return_1d,-0.007404495496302843
80,B,momentum,fx_level_z_252,8.980064012575895e-05
80,B,persist,kospi_return_1d,-0.018157051876187325
80,B,persist,fx_level_z_252,0.002420450560748577
80,B,underwater,kospi_return_1d,0.0034814479295164347
80,B,underwater,fx_level_z_252,-0.03417437896132469
80,alpha,,kospi_return_1d,0.001920633134432137
80,alpha,,fx_level_z_252,0.01634354703128338
81,beta,momentum,,-0.029212897643446922
81,beta,persist,,0.07423926889896393
81,beta,underwater,,0.03666749596595764
81,B,momentum,kospi_return_1d,-0.007256929762661457
81,B,momentum,fx_level_z_252,-7.271875801961869e-05
81,B,persist,kospi_return_1d,-0.01833624392747879
81,B,persist,fx_level_z_252,0.0026479146908968687
81,B,underwater,kospi_return_1d,0.0033072158694267273
81,B,underwater,fx_level_z_252,-0.03378748148679733
81,alpha,,kospi_return_1d,0.002032994059845805
81,alpha,,fx_level_z_252,0.016250239685177803
82,beta,momentum,,-0.029085734859108925
82,beta,persist,,0.0744987353682518
82,beta,underwater,,0.03671084716916084
82,B,momentum,kospi_return_1d,-0.007101546041667461
82,B,momentum,fx_level_z_252,-0.0003696128260344267
82,B,persist,kospi_return_1d,-0.0185678880661726
82,B,persist,fx_level_z_252,0.0031623137183487415
82,B,underwater,kospi_return_1d,0.003029434010386467
82,B,underwater,fx_level_z_252,-0.03331306576728821
82,alpha,,kospi_return_1d,0.0020869721192866564
82,alpha,,fx_level_z_252,0.016266874969005585
83,beta,momentum,,-0.028978589922189713
83,beta,persist,,0.07476062327623367
83,beta,underwater,,0.03678607940673828
83,B,momentum,kospi_return_1d,-0.007010582368820906
83,B,momentum,fx_level_z_252,-0.0006851334474049509
83,B,persist,kospi_return_1d,-0.01867045648396015
83,B,persist,fx_level_z_252,0.003608896629884839
83,B,underwater,kospi_return_1d,0.0027666431851685047
83,B,underwater,fx_level_z_252,-0.03285148739814758
83,alpha,,kospi_return_1d,0.0019961390644311905
83,alpha,,fx_level_z_252,0.016194449737668037
84,beta,momentum,,-0.028877902776002884
84,beta,persist,,0.07496926188468933
84,beta,underwater,,0.036858681589365005
84,B,momentum,kospi_return_1d,-0.006886523216962814
84,B,momentum,fx_level_z_252,-0.0008685612119734287
84,B,persist,kospi_return_1d,-0.018849115818738937
84,B,persist,fx_level_z_252,0.003871344728395343
84,B,underwater,kospi_return_1d,0.002504135947674513
84,B,underwater,fx_level_z_252,-0.032469362020492554
84,alpha,,kospi_return_1d,0.0019048128742724657
84,alpha,,fx_level_z_252,0.01606515236198902
85,beta,momentum,,-0.02884937822818756
85,beta,persist,,0.07520528137683868
85,beta,underwater,,0.03693258762359619
85,B,momentum,kospi_return_1d,-0.006947013549506664
85,B,momentum,fx_level_z_252,-0.000617611687630415
85,B,persist,kospi_return_1d,-0.018931014463305473
85,B,persist,fx_level_z_252,0.0038586261216551065
85,B,underwater,kospi_return_1d,0.0024983491748571396
85,B,underwater,fx_level_z_252,-0.0323961041867733
85,alpha,,kospi_return_1d,0.001847935956902802
85,alpha,,fx_level_z_252,0.016049904748797417
86,beta,momentum,,-0.028902405872941017
86,beta,persist,,0.07548211514949799
86,beta,underwater,,0.03697372227907181
86,B,momentum,kospi_return_1d,-0.006944107357412577
86,B,momentum,fx_level_z_252,-0.00018359284149482846
86,B,persist,kospi_return_1d,-0.01889747567474842
86,B,persist,fx_level_z_252,0.0036774687469005585
86,B,underwater,kospi_return_1d,0.0026022896636277437
86,B,underwater,fx_level_z_252,-0.03246019408106804
86,alpha,,kospi_return_1d,0.0017717749578878284
86,alpha,,fx_level_z_252,0.015929706394672394
87,beta,momentum,,-0.028918208554387093
87,beta,persist,,0.0757329910993576
87,beta,underwater,,0.03696427121758461
87,B,momentum,kospi_return_1d,-0.006962648127228022
87,B,momentum,fx_level_z_252,0.00030660349875688553
87,B,persist,kospi_return_1d,-0.018874092027544975
87,B,persist,fx_level_z_252,0.003457174403592944
87,B,underwater,kospi_return_1d,0.0026377099566161633
87,B,underwater,fx_level_z_252,-0.03267868235707283
87,alpha,,kospi_return_1d,0.0019004904897883534
87,alpha,,fx_level_z_252,0.015790801495313644
88,beta,momentum,,-0.028847215697169304
88,beta,persist,,0.07601898163557053
88,beta,underwater,,0.03697232902050018
88,B,momentum,kospi_return_1d,-0.006943844724446535
88,B,momentum,fx_level_z_252,0.0005734515725634992
88,B,persist,kospi_return_1d,-0.01877635531127453
88,B,persist,fx_level_z_252,0.003264531958848238
88,B,underwater,kospi_return_1d,0.002583688823506236
88,B,underwater,fx_level_z_252,-0.0328560546040535
88,alpha,,kospi_return_1d,0.002012232318520546
88,alpha,,fx_level_z_252,0.015632130205631256
89,beta,momentum,,-0.02885405533015728
89,beta,persist,,0.07639500498771667
89,beta,underwater,,0.03705628961324692
89,B,momentum,kospi_return_1d,-0.006807572674006224
89,B,momentum,fx_level_z_252,0.0007185211288742721
89,B,persist,kospi_return_1d,-0.018801933154463768
89,B,persist,fx_level_z_252,0.003111031372100115
89,B,underwater,kospi_return_1d,0.002403658116236329
89,B,underwater,fx_level_z_252,-0.03298813849687576
89,alpha,,kospi_return_1d,0.0020659861620515585
89,alpha,,fx_level_z_252,0.015673965215682983
90,beta,momentum,,-0.0288406815379858
90,beta,persist,,0.07670971006155014
90,beta,underwater,,0.03712129965424538
90,B,momentum,kospi_return_1d,-0.006688176188617945
90,B,momentum,fx_level_z_252,0.0007811195100657642
90,B,persist,kospi_return_1d,-0.01882726326584816
90,B,persist,fx_level_z_252,0.002996607916429639
90,B,underwater,kospi_return_1d,0.002270660363137722
90,B,underwater,fx_level_z_252,-0.033085934817790985
90,alpha,,kospi_return_1d,0.0021746945567429066
90,alpha,,fx_level_z_252,0.015635991469025612
91,beta,momentum,,-0.028885874897241592
91,beta,persist,,0.07701767235994339
91,beta,underwater,,0.03721127286553383
91,B,momentum,kospi_return_1d,-0.00646289112046361
91,B,momentum,fx_level_z_252,0.0007507709669880569
91,B,persist,kospi_return_1d,-0.018884461373090744
91,B,persist,fx_level_z_252,0.0028334734961390495
91,B,underwater,kospi_return_1d,0.0020550962071865797
91,B,underwater,fx_level_z_252,-0.033135786652565
91,alpha,,kospi_return_1d,0.0023164325393736362
91,alpha,,fx_level_z_252,0.01575230062007904
92,beta,momentum,,-0.029040463268756866
92,beta,persist,,0.07737898826599121
92,beta,underwater,,0.03746776282787323
92,B,momentum,kospi_return_1d,-0.006253872998058796
92,B,momentum,fx_level_z_252,0.0007304273894988
92,B,persist,kospi_return_1d,-0.018918130546808243
92,B,persist,fx_level_z_252,0.0026500087697058916
92,B,underwater,kospi_return_1d,0.0018985135247930884
92,B,underwater,fx_level_z_252,-0.033130235970020294
92,alpha,,kospi_return_1d,0.002405907027423382
92,alpha,,fx_level_z_252,0.015959078446030617
93,beta,momentum,,-0.029116936028003693
93,beta,persist,,0.07773604989051819
93,beta,underwater,,0.03772091865539551
93,B,momentum,kospi_return_1d,-0.006127460394054651
93,B,momentum,fx_level_z_252,0.0004918277845717967
93,B,persist,kospi_return_1d,-0.01896016113460064
93,B,persist,fx_level_z_252,0.0025528501719236374
93,B,underwater,kospi_return_1d,0.0018277425551787019
93,B,underwater,fx_level_z_252,-0.03312858194112778
93,alpha,,kospi_return_1d,0.0025141481310129166
93,alpha,,fx_level_z_252,0.01608707569539547
94,beta,momentum,,-0.029137177392840385
94,beta,persist,,0.07801401615142822
94,beta,underwater,,0.037964459508657455
94,B,momentum,kospi_return_1d,-0.006112440023571253
94,B,momentum,fx_level_z_252,0.00018838343385141343
94,B,persist,kospi_return_1d,-0.019038446247577667
94,B,persist,fx_level_z_252,0.0026006342377513647
94,B,underwater,kospi_return_1d,0.001803713501431048
94,B,underwater,fx_level_z_252,-0.03289236128330231
94,alpha,,kospi_return_1d,0.0026788306422531605
94,alpha,,fx_level_z_252,0.016311943531036377
95,beta,momentum,,-0.029111985117197037
95,beta,persist,,0.07822418212890625
95,beta,underwater,,0.0380796380341053
95,B,momentum,kospi_return_1d,-0.00609908252954483
95,B,momentum,fx_level_z_252,-8.789999992586672e-05
95,B,persist,kospi_return_1d,-0.01909796893596649
95,B,persist,fx_level_z_252,0.0026326789520680904
95,B,underwater,kospi_return_1d,0.0017245546914637089
95,B,underwater,fx_level_z_252,-0.032888758927583694
95,alpha,,kospi_return_1d,0.0028650558087974787
95,alpha,,fx_level_z_252,0.016459112986922264
96,beta,momentum,,-0.02898659184575081
96,beta,persist,,0.07844385504722595
96,beta,underwater,,0.038085225969552994
96,B,momentum,kospi_return_1d,-0.006106137298047543
96,B,momentum,fx_level_z_252,-0.0002329808776266873
96,B,persist,kospi_return_1d,-0.018921494483947754
96,B,persist,fx_level_z_252,0.002717317081987858
96,B,underwater,kospi_return_1d,0.0019433698616921902
96,B,underwater,fx_level_z_252,-0.03305864706635475
96,alpha,,kospi_return_1d,0.00313781900331378
96,alpha,,fx_level_z_252,0.016590142622590065
97,beta,momentum,,-0.028737185522913933
97,beta,persist,,0.07855840027332306
97,beta,underwater,,0.03801240399479866
97,B,momentum,kospi_return_1d,-0.006126582156866789
97,B,momentum,fx_level_z_252,-0.0003748056769836694
97,B,persist,kospi_return_1d,-0.01881514862179756
97,B,persist,fx_level_z_252,0.0028448719531297684
97,B,underwater,kospi_return_1d,0.0021554306149482727
97,B,underwater,fx_level_z_252,-0.033193737268447876
97,alpha,,kospi_return_1d,0.003517218865454197
97,alpha,,fx_level_z_252,0.016709860414266586
98,beta,momentum,,-0.028528034687042236
98,beta,persist,,0.07866664975881577
98,beta,underwater,,0.037936512380838394
98,B,momentum,kospi_return_1d,-0.006280845031142235
98,B,momentum,fx_level_z_252,-0.0004247050383128226
98,B,persist,kospi_return_1d,-0.018814407289028168
98,B,persist,fx_level_z_252,0.0030002614948898554
98,B,underwater,kospi_return_1d,0.002481587463989854
98,B,underwater,fx_level_z_252,-0.03325458988547325
98,alpha,,kospi_return_1d,0.003762183478102088
98,alpha,,fx_level_z_252,0.017000090330839157
99,beta,momentum,,-0.02839093655347824
99,beta,persist,,0.07880553603172302
99,beta,underwater,,0.037962593138217926
99,B,momentum,kospi_return_1d,-0.006333271507173777
99,B,momentum,fx_level_z_252,-0.0004686577303800732
99,B,persist,kospi_return_1d,-0.01887785643339157
99,B,persist,fx_level_z_252,0.0032140829134732485
99,B,underwater,kospi_return_1d,0.0026193400844931602
99,B,underwater,fx_level_z_252,-0.03330359235405922
99,alpha,,kospi_return_1d,0.0039038648828864098
99,alpha,,fx_level_z_252,0.017266925424337387
100,beta,momentum,,-0.02823621779680252
100,beta,persist,,0.07897443324327469
100,beta,underwater,,0.03794076666235924
100,B,momentum,kospi_return_1d,-0.006251124199479818
100,B,momentum,fx_level_z_252,-0.00043547755922190845
100,B,persist,kospi_return_1d,-0.01891719177365303
100,B,persist,fx_level_z_252,0.0034111212007701397
100,B,underwater,kospi_return_1d,0.0027333025354892015
100,B,underwater,fx_level_z_252,-0.03338170051574707
100,alpha,,kospi_return_1d,0.004003532230854034
100,alpha,,fx_level_z_252,0.017361627891659737
101,beta,momentum,,-0.028047407045960426
101,beta,persist,,0.07918747514486313
101,beta,underwater,,0.03789767250418663
101,B,momentum,kospi_return_1d,-0.006269045639783144
101,B,momentum,fx_level_z_252,-0.0004225679440423846
101,B,persist,kospi_return_1d,-0.018953761085867882
101,B,persist,fx_level_z_252,0.0036109681241214275
101,B,underwater,kospi_return_1d,0.003083396004512906
101,B,underwater,fx_level_z_252,-0.033359602093696594
101,alpha,,kospi_return_1d,0.004068576265126467
101,alpha,,fx_level_z_252,0.017243990674614906
102,beta,momentum,,-0.02790304273366928
102,beta,persist,,0.07936985045671463
102,beta,underwater,,0.03783440962433815
102,B,momentum,kospi_return_1d,-0.006328519433736801
102,B,momentum,fx_level_z_252,-0.00025560532230883837
102,B,persist,kospi_return_1d,-0.01895940490067005
102,B,persist,fx_level_z_252,0.0037309941835701466
102,B,underwater,kospi_return_1d,0.003230608766898513
102,B,underwater,fx_level_z_252,-0.03341486304998398
102,alpha,,kospi_return_1d,0.0042221155017614365
102,alpha,,fx_level_z_252,0.01714656502008438
103,beta,momentum,,-0.027814647182822227
103,beta,persist,,0.07957061380147934
103,beta,underwater,,0.03779046982526779
103,B,momentum,kospi_return_1d,-0.006248689256608486
103,B,momentum,fx_level_z_252,2.260626934003085e-05
103,B,persist,kospi_return_1d,-0.019127242267131805
103,B,persist,fx_level_z_252,0.003720254870131612
103,B,underwater,kospi_return_1d,0.003187301103025675
103,B,underwater,fx_level_z_252,-0.033422719687223434
103,alpha,,kospi_return_1d,0.004459736868739128
103,alpha,,fx_level_z_252,0.017152467742562294
104,beta,momentum,,-0.02773873507976532
104,beta,persist,,0.07975044846534729
104,beta,underwater,,0.03780272975564003
104,B,momentum,kospi_return_1d,-0.00628990214318037
104,B,momentum,fx_level_z_252,0.00023397611221298575
104,B,persist,kospi_return_1d,-0.019389837980270386
104,B,persist,fx_level_z_252,0.0037314777728170156
104,B,underwater,kospi_return_1d,0.0031997913029044867
104,B,underwater,fx_level_z_252,-0.03334662690758705
104,alpha,,kospi_return_1d,0.0046875630505383015
104,alpha,,fx_level_z_252,0.017107630148530006
105,beta,momentum,,-0.02761479839682579
105,beta,persist,,0.07996390759944916
105,beta,underwater,,0.03783072158694267
105,B,momentum,kospi_return_1d,-0.0064594559371471405
105,B,momentum,fx_level_z_252,0.00020409291028045118
105,B,persist,kospi_return_1d,-0.01950625516474247
105,B,persist,fx_level_z_252,0.0037110429257154465
105,B,underwater,kospi_return_1d,0.003352457657456398
105,B,underwater,fx_level_z_252,-0.03329264000058174
105,alpha,,kospi_return_1d,0.004788537975400686
105,alpha,,fx_level_z_252,0.01719524897634983
106,beta,momentum,,-0.02754630334675312
106,beta,persist,,0.0802147164940834
106,beta,underwater,,0.037845298647880554
106,B,momentum,kospi_return_1d,-0.006712833419442177
106,B,momentum,fx_level_z_252,0.00013132454478181899
106,B,persist,kospi_return_1d,-0.01967434212565422
106,B,persist,fx_level_z_252,0.0036436335649341345
106,B,underwater,kospi_return_1d,0.0034119905903935432
106,B,underwater,fx_level_z_252,-0.03306913375854492
106,alpha,,kospi_return_1d,0.004886756185442209
106,alpha,,fx_level_z_252,0.017399875447154045
107,beta,momentum,,-0.02748161181807518
107,beta,persist,,0.08039277046918869
107,beta,underwater,,0.03781430050730705
107,B,momentum,kospi_return_1d,-0.006982522550970316
107,B,momentum,fx_level_z_252,1.9722810975508764e-05
107,B,persist,kospi_return_1d,-0.019613347947597504
107,B,persist,fx_level_z_252,0.0036086440086364746
107,B,underwater,kospi_return_1d,0.003467264585196972
107,B,underwater,fx_level_z_252,-0.032773420214653015
107,alpha,,kospi_return_1d,0.005032725632190704
107,alpha,,fx_level_z_252,0.017589781433343887
108,beta,momentum,,-0.027507605031132698
108,beta,persist,,0.08058202266693115
108,beta,underwater,,0.03780992701649666
108,B,momentum,kospi_return_1d,-0.007065009791404009
108,B,momentum,fx_level_z_252,7.497081242036074e-06
108,B,persist,kospi_return_1d,-0.01968330703675747
108,B,persist,fx_level_z_252,0.0035951610188931227
108,B,underwater,kospi_return_1d,0.0034887120127677917
108,B,underwater,fx_level_z_252,-0.03265390545129776
108,alpha,,kospi_return_1d,0.005107399076223373
108,alpha,,fx_level_z_252,0.017580872401595116
109,beta,momentum,,-0.027501104399561882
109,beta,persist,,0.0806967243552208
109,beta,underwater,,0.03770584240555763
109,B,momentum,kospi_return_1d,-0.00726440642029047
109,B,momentum,fx_level_z_252,0.00010794780246214941
109,B,persist,kospi_return_1d,-0.019627904519438744
109,B,persist,fx_level_z_252,0.0035600143019109964
109,B,underwater,kospi_return_1d,0.003599048824980855
109,B,underwater,fx_level_z_252,-0.03275987133383751
109,alpha,,kospi_return_1d,0.005356486886739731
109,alpha,,fx_level_z_252,0.017400754615664482
110,beta,momentum,,-0.02749478816986084
110,beta,persist,,0.08081160485744476
110,beta,underwater,,0.03765656799077988
110,B,momentum,kospi_return_1d,-0.007443109527230263
110,B,momentum,fx_level_z_252,0.0001252161164302379
110,B,persist,kospi_return_1d,-0.019471241161227226
110,B,persist,fx_level_z_252,0.0035033561289310455
110,B,underwater,kospi_return_1d,0.0037945976946502924
110,B,underwater,fx_level_z_252,-0.032832756638526917
110,alpha,,kospi_return_1d,0.0055977171286940575
110,alpha,,fx_level_z_252,0.01731202006340027
111,beta,momentum,,-0.027385985478758812
111,beta,persist,,0.08093132823705673
111,beta,underwater,,0.03754730150103569
111,B,momentum,kospi_return_1d,-0.00736598577350378
111,B,momentum,fx_level_z_252,0.00015777579392306507
111,B,persist,kospi_return_1d,-0.01933683268725872
111,B,persist,fx_level_z_252,0.003218276659026742
111,B,underwater,kospi_return_1d,0.004088075365871191
111,B,underwater,fx_level_z_252,-0.033086832612752914
111,alpha,,kospi_return_1d,0.005754228215664625
111,alpha,,fx_level_z_252,0.017367610707879066
112,beta,momentum,,-0.02732471190392971
112,beta,persist,,0.08107957243919373
112,beta,underwater,,0.03749377280473709
112,B,momentum,kospi_return_1d,-0.007209702394902706
112,B,momentum,fx_level_z_252,7.093143358360976e-05
112,B,persist,kospi_return_1d,-0.01940823346376419
112,B,persist,fx_level_z_252,0.0029319191817194223
112,B,underwater,kospi_return_1d,0.004183396231383085
112,B,underwater,fx_level_z_252,-0.03312225267291069
112,alpha,,kospi_return_1d,0.0058525134809315205
112,alpha,,fx_level_z_252,0.017447546124458313
113,beta,momentum,,-0.027243729680776596
113,beta,persist,,0.08130531013011932
113,beta,underwater,,0.037449780851602554
113,B,momentum,kospi_return_1d,-0.007221502717584372
113,B,momentum,fx_level_z_252,-1.7729558749124408e-05
113,B,persist,kospi_return_1d,-0.019415447488427162
113,B,persist,fx_level_z_252,0.0026572535280138254
113,B,underwater,kospi_return_1d,0.004411724861711264
113,B,underwater,fx_level_z_252,-0.033058393746614456
113,alpha,,kospi_return_1d,0.0058875358663499355
113,alpha,,fx_level_z_252,0.017502620816230774
114,beta,momentum,,-0.027228208258748055
114,beta,persist,,0.081544890999794
114,beta,underwater,,0.03746699169278145
114,B,momentum,kospi_return_1d,-0.007082344964146614
114,B,momentum,fx_level_z_252,0.00011828930291812867
114,B,persist,kospi_return_1d,-0.01951754093170166
114,B,persist,fx_level_z_252,0.0022966850083321333
114,B,underwater,kospi_return_1d,0.004403640516102314
114,B,underwater,fx_level_z_252,-0.03302985802292824
114,alpha,,kospi_return_1d,0.005903949961066246
114,alpha,,fx_level_z_252,0.017571110278367996
115,beta,momentum,,-0.027270857244729996
115,beta,persist,,0.08167657256126404
115,beta,underwater,,0.0374806709587574
115,B,momentum,kospi_return_1d,-0.006998442113399506
115,B,momentum,fx_level_z_252,0.00023344726650975645
115,B,persist,kospi_return_1d,-0.019813938066363335
115,B,persist,fx_level_z_252,0.0020462414249777794
115,B,underwater,kospi_return_1d,0.004352224990725517
115,B,underwater,fx_level_z_252,-0.032912321388721466
115,alpha,,kospi_return_1d,0.005984726827591658
115,alpha,,fx_level_z_252,0.017644841223955154
116,beta,momentum,,-0.02727424167096615
116,beta,persist,,0.08183633536100388
116,beta,underwater,,0.03741864114999771
116,B,momentum,kospi_return_1d,-0.006611206103116274
116,B,momentum,fx_level_z_252,0.0003869951469823718
116,B,persist,kospi_return_1d,-0.020030001178383827
116,B,persist,fx_level_z_252,0.0017177541740238667
116,B,underwater,kospi_return_1d,0.004100695718079805
116,B,underwater,fx_level_z_252,-0.032991327345371246
116,alpha,,kospi_return_1d,0.006119180005043745
116,alpha,,fx_level_z_252,0.017656197771430016
117,beta,momentum,,-0.027202360332012177
117,beta,persist,,0.08193449676036835
117,beta,underwater,,0.03729276731610298
117,B,momentum,kospi_return_1d,-0.006102025508880615
117,B,momentum,fx_level_z_252,0.0005834187031723559
117,B,persist,kospi_return_1d,-0.020176822319626808
117,B,persist,fx_level_z_252,0.0014831030275672674
117,B,underwater,kospi_return_1d,0.0038251203950494528
117,B,underwater,fx_level_z_252,-0.03307134658098221
117,alpha,,kospi_return_1d,0.006201121024787426
117,alpha,,fx_level_z_252,0.017568491399288177
118,beta,momentum,,-0.027142725884914398
118,beta,persist,,0.08200519531965256
118,beta,underwater,,0.03710158169269562
118,B,momentum,kospi_return_1d,-0.005615124478936195
118,B,momentum,fx_level_z_252,0.0005961456918157637
118,B,persist,kospi_return_1d,-0.020332366228103638
118,B,persist,fx_level_z_252,0.0014011793537065387
118,B,underwater,kospi_return_1d,0.003478387836366892
118,B,underwater,fx_level_z_252,-0.0330587662756443
118,alpha,,kospi_return_1d,0.0062693217769265175
118,alpha,,fx_level_z_252,0.017369739711284637
119,beta,momentum,,-0.027144065126776695
119,beta,persist,,0.08206358551979065
119,beta,underwater,,0.03705207258462906
119,B,momentum,kospi_return_1d,-0.0053681000135838985
119,B,momentum,fx_level_z_252,0.00041912440792657435
119,B,persist,kospi_return_1d,-0.020388470962643623
119,B,persist,fx_level_z_252,0.0013243533903732896
119,B,underwater,kospi_return_1d,0.003219006350263953
119,B,underwater,fx_level_z_252,-0.03305763751268387
119,alpha,,kospi_return_1d,0.006301300600171089
119,alpha,,fx_level_z_252,0.01715240068733692
120,beta,momentum,,-0.027044622227549553
120,beta,persist,,0.08198301494121552
120,beta,underwater,,0.036862339824438095
120,B,momentum,kospi_return_1d,-0.005297988653182983
120,B,momentum,fx_level_z_252,0.00023034901823848486
120,B,persist,kospi_return_1d,-0.02045866847038269
120,B,persist,fx_level_z_252,0.0014098569517955184
120,B,underwater,kospi_return_1d,0.00311778555624187
120,B,underwater,fx_level_z_252,-0.03322631120681763
120,alpha,,kospi_return_1d,0.006567212287336588
120,alpha,,fx_level_z_252,0.01682952605187893
121,beta,momentum,,-0.02696167677640915
121,beta,persist,,0.08189117163419724
121,beta,underwater,,0.03666388615965843
121,B,momentum,kospi_return_1d,-0.00541826942935586
121,B,momentum,fx_level_z_252,0.00011055663344450295
121,B,persist,kospi_return_1d,-0.020447345450520515
121,B,persist,fx_level_z_252,0.001448346534743905
121,B,underwater,kospi_return_1d,0.0030933450907468796
121,B,underwater,fx_level_z_252,-0.033415019512176514
121,alpha,,kospi_return_1d,0.006939923390746117
121,alpha,,fx_level_z_252,0.016588792204856873
122,beta,momentum,,-0.026914887130260468
122,beta,persist,,0.08180642127990723
122,beta,underwater,,0.0364023856818676
122,B,momentum,kospi_return_1d,-0.005566104780882597
122,B,momentum,fx_level_z_252,1.2458443961804733e-05
122,B,persist,kospi_return_1d,-0.020370405167341232
122,B,persist,fx_level_z_252,0.0013801440363749862
122,B,underwater,kospi_return_1d,0.0032538187224417925
122,B,underwater,fx_level_z_252,-0.033523984253406525
122,alpha,,kospi_return_1d,0.007348843850195408
122,alpha,,fx_level_z_252,0.01629742607474327
123,beta,momentum,,-0.026850923895835876
123,beta,persist,,0.08176245540380478
123,beta,underwater,,0.03620624914765358
123,B,momentum,kospi_return_1d,-0.006002529989928007
123,B,momentum,fx_level_z_252,5.813132884213701e-05
123,B,persist,kospi_return_1d,-0.020060734823346138
123,B,persist,fx_level_z_252,0.0012371964985504746
123,B,underwater,kospi_return_1d,0.0036650525871664286
123,B,underwater,fx_level_z_252,-0.0337839350104332
123,alpha,,kospi_return_1d,0.007688889745622873
123,alpha,,fx_level_z_252,0.016171513125300407
124,beta,momentum,,-0.02687009982764721
124,beta,persist,,0.08175995200872421
124,beta,underwater,,0.03609098121523857
124,B,momentum,kospi_return_1d,-0.006352459546178579
124,B,momentum,fx_level_z_252,0.00017288810340687633
124,B,persist,kospi_return_1d,-0.01976599730551243
124,B,persist,fx_level_z_252,0.0011768279364332557
124,B,underwater,kospi_return_1d,0.003980438224971294
124,B,underwater,fx_level_z_252,-0.033875949680805206
124,alpha,,kospi_return_1d,0.007961755618453026
124,alpha,,fx_level_z_252,0.01632661744952202
125,beta,momentum,,-0.02689192071557045
125,beta,persist,,0.08177673816680908
125,beta,underwater,,0.03598542883992195
125,B,momentum,kospi_return_1d,-0.006513617001473904
125,B,momentum,fx_level_z_252,0.00011745646042982116
125,B,persist,kospi_return_1d,-0.019489824771881104
125,B,persist,fx_level_z_252,0.0012644934467971325
125,B,underwater,kospi_return_1d,0.004200655035674572
125,B,underwater,fx_level_z_252,-0.033799320459365845
125,alpha,,kospi_return_1d,0.008107991889119148
125,alpha,,fx_level_z_252,0.016486287117004395
126,beta,momentum,,-0.026836387813091278
126,beta,persist,,0.0817711129784584
126,beta,underwater,,0.0359162874519825
126,B,momentum,kospi_return_1d,-0.00653960183262825
126,B,momentum,fx_level_z_252,1.9783001334872097e-06
126,B,persist,kospi_return_1d,-0.019361821934580803
126,B,persist,fx_level_z_252,0.0015108255902305245
126,B,underwater,kospi_return_1d,0.004283518996089697
126,B,underwater,fx_level_z_252,-0.03366927430033684
126,alpha,,kospi_return_1d,0.00800073891878128
126,alpha,,fx_level_z_252,0.01676848530769348
127,beta,momentum,,-0.026846542954444885
127,beta,persist,,0.08183418214321136
127,beta,underwater,,0.03595244884490967
127,B,momentum,kospi_return_1d,-0.006667358335107565
127,B,momentum,fx_level_z_252,-0.0001237177784787491
127,B,persist,kospi_return_1d,-0.019158566370606422
127,B,persist,fx_level_z_252,0.001742889522574842
127,B,underwater,kospi_return_1d,0.004397609271109104
127,B,underwater,fx_level_z_252,-0.03354811295866966
127,alpha,,kospi_return_1d,0.007781434804201126
127,alpha,,fx_level_z_252,0.01719486154615879
128,beta,momentum,,-0.026820078492164612
128,beta,persist,,0.08189207315444946
128,beta,underwater,,0.03604717180132866
128,B,momentum,kospi_return_1d,-0.00663962634280324
128,B,momentum,fx_level_z_252,-0.00021265260875225067
128,B,persist,kospi_return_1d,-0.019125550985336304
128,B,persist,fx_level_z_252,0.0018967910436913371
128,B,underwater,kospi_return_1d,0.00430555222555995
128,B,underwater,fx_level_z_252,-0.033367935568094254
128,alpha,,kospi_return_1d,0.007503113243728876
128,alpha,,fx_level_z_252,0.01766960881650448
129,beta,momentum,,-0.026777643710374832
129,beta,persist,,0.08189166337251663
129,beta,underwater,,0.03608962520956993
129,B,momentum,kospi_return_1d,-0.0065183439292013645
129,B,momentum,fx_level_z_252,-0.00035860794014297426
129,B,persist,kospi_return_1d,-0.01918525993824005
129,B,persist,fx_level_z_252,0.0020630222279578447
129,B,underwater,kospi_return_1d,0.0041574290953576565
129,B,underwater,fx_level_z_252,-0.03314559906721115
129,alpha,,kospi_return_1d,0.0072937048971652985
129,alpha,,fx_level_z_252,0.017970338463783264
130,beta,momentum,,-0.026867087930440903
130,beta,persist,,0.08192336559295654
130,beta,underwater,,0.03615989908576012
130,B,momentum,kospi_return_1d,-0.006385659798979759
130,B,momentum,fx_level_z_252,-0.00026380387134850025
130,B,persist,kospi_return_1d,-0.01921946369111538
130,B,persist,fx_level_z_252,0.002205684781074524
130,B,underwater,kospi_return_1d,0.004079901147633791
130,B,underwater,fx_level_z_252,-0.03305160254240036
130,alpha,,kospi_return_1d,0.007121895905584097
130,alpha,,fx_level_z_252,0.018238162621855736
131,beta,momentum,,-0.02701040916144848
131,beta,persist,,0.08195585012435913
131,beta,underwater,,0.03628705441951752
131,B,momentum,kospi_return_1d,-0.0060241324827075005
131,B,momentum,fx_level_z_252,-0.00024187083181459457
131,B,persist,kospi_return_1d,-0.019413653761148453
131,B,persist,fx_level_z_252,0.0025302416179329157
131,B,underwater,kospi_return_1d,0.0037625273689627647
131,B,underwater,fx_level_z_252,-0.032740358263254166
131,alpha,,kospi_return_1d,0.006916186772286892
131,alpha,,fx_level_z_252,0.018511444330215454
132,beta,momentum,,-0.02712426893413067
132,beta,persist,,0.08204062283039093
132,beta,underwater,,0.0363527275621891
132,B,momentum,kospi_return_1d,-0.005637593567371368
132,B,momentum,fx_level_z_252,-0.00018668141274247319
132,B,persist,kospi_return_1d,-0.019610077142715454
132,B,persist,fx_level_z_252,0.002909082919359207
132,B,underwater,kospi_return_1d,0.0033499766141176224
132,B,underwater,fx_level_z_252,-0.032482415437698364
132,alpha,,kospi_return_1d,0.006700743921101093
132,alpha,,fx_level_z_252,0.018574465066194534
133,beta,momentum,,-0.027148263528943062
133,beta,persist,,0.08205761015415192
133,beta,underwater,,0.036395035684108734
133,B,momentum,kospi_return_1d,-0.00538264587521553
133,B,momentum,fx_level_z_252,-0.0001148955780081451
133,B,persist,kospi_return_1d,-0.019661638885736465
133,B,persist,fx_level_z_252,0.0033840222749859095
133,B,underwater,kospi_return_1d,0.003061034018173814
133,B,underwater,fx_level_z_252,-0.03211324289441109
133,alpha,,kospi_return_1d,0.006557680666446686
133,alpha,,fx_level_z_252,0.01854299195110798
134,beta,momentum,,-0.027137117460370064
134,beta,persist,,0.08208207041025162
134,beta,underwater,,0.036406781524419785
134,B,momentum,kospi_return_1d,-0.005294687580317259
134,B,momentum,fx_level_z_252,0.00013940880307927728
134,B,persist,kospi_return_1d,-0.019603384658694267
134,B,persist,fx_level_z_252,0.003654417349025607
134,B,underwater,kospi_return_1d,0.0029979406390339136
134,B,underwater,fx_level_z_252,-0.03188725933432579
134,alpha,,kospi_return_1d,0.006441174540668726
134,alpha,,fx_level_z_252,0.01832924410700798
135,beta,momentum,,-0.02711091935634613
135,beta,persist,,0.08222219347953796
135,beta,underwater,,0.036293283104896545
135,B,momentum,kospi_return_1d,-0.005320143885910511
135,B,momentum,fx_level_z_252,0.0005783844389952719
135,B,persist,kospi_return_1d,-0.019460851326584816
135,B,persist,fx_level_z_252,0.003816253039985895
135,B,underwater,kospi_return_1d,0.0030101442243903875
135,B,underwater,fx_level_z_252,-0.031959567219018936
135,alpha,,kospi_return_1d,0.006160855293273926
135,alpha,,fx_level_z_252,0.0178933534771204
136,beta,momentum,,-0.027133354917168617
136,beta,persist,,0.08239677548408508
136,beta,underwater,,0.03622642904520035
136,B,momentum,kospi_return_1d,-0.005532710812985897
136,B,momentum,fx_level_z_252,0.0009434482781216502
136,B,persist,kospi_return_1d,-0.019413668662309647
136,B,persist,fx_level_z_252,0.00393372867256403
136,B,underwater,kospi_return_1d,0.0029555363580584526
136,B,underwater,fx_level_z_252,-0.03202470391988754
136,alpha,,kospi_return_1d,0.0059188432060182095
136,alpha,,fx_level_z_252,0.017375176772475243
137,beta,momentum,,-0.02717544697225094
137,beta,persist,,0.08259894698858261
137,beta,underwater,,0.03624492883682251
137,B,momentum,kospi_return_1d,-0.005881978664547205
137,B,momentum,fx_level_z_252,0.0012258014176040888
137,B,persist,kospi_return_1d,-0.01931610517203808
137,B,persist,fx_level_z_252,0.0038452530279755592
137,B,underwater,kospi_return_1d,0.002971846843138337
137,B,underwater,fx_level_z_252,-0.03210519254207611
137,alpha,,kospi_return_1d,0.005624251905828714
137,alpha,,fx_level_z_252,0.016882769763469696
138,beta,momentum,,-0.0271600354462862
138,beta,persist,,0.08278898149728775
138,beta,underwater,,0.03629586845636368
138,B,momentum,kospi_return_1d,-0.006212044041603804
138,B,momentum,fx_level_z_252,0.0013843809720128775
138,B,persist,kospi_return_1d,-0.019127191975712776
138,B,persist,fx_level_z_252,0.003726943861693144
138,B,underwater,kospi_return_1d,0.0029548530001193285
138,B,underwater,fx_level_z_252,-0.032210737466812134
138,alpha,,kospi_return_1d,0.005397824104875326
138,alpha,,fx_level_z_252,0.016677241772413254
139,beta,momentum,,-0.027045059949159622
139,beta,persist,,0.08293750882148743
139,beta,underwater,,0.03637021407485008
139,B,momentum,kospi_return_1d,-0.006378683727234602
139,B,momentum,fx_level_z_252,0.0013027715031057596
139,B,persist,kospi_return_1d,-0.01903550885617733
139,B,persist,fx_level_z_252,0.0036582218017429113
139,B,underwater,kospi_return_1d,0.0029163877479732037
139,B,underwater,fx_level_z_252,-0.03220365568995476
139,alpha,,kospi_return_1d,0.005284561775624752
139,alpha,,fx_level_z_252,0.016719013452529907
140,beta,momentum,,-0.0269104465842247
140,beta,persist,,0.08306988328695297
140,beta,underwater,,0.03638698533177376
140,B,momentum,kospi_return_1d,-0.006440222263336182
140,B,momentum,fx_level_z_252,0.0011353977024555206
140,B,persist,kospi_return_1d,-0.01897251047194004
140,B,persist,fx_level_z_252,0.0036535323597490788
140,B,underwater,kospi_return_1d,0.003074988257139921
140,B,underwater,fx_level_z_252,-0.03223090246319771
140,alpha,,kospi_return_1d,0.005179902072995901
140,alpha,,fx_level_z_252,0.0167742557823658
141,beta,momentum,,-0.026765279471874237
141,beta,persist,,0.08319424837827682
141,beta,underwater,,0.036424670368433
141,B,momentum,kospi_return_1d,-0.006258987821638584
141,B,momentum,fx_level_z_252,0.0008025267743505538
141,B,persist,kospi_return_1d,-0.01916307397186756
141,B,persist,fx_level_z_252,0.0037360419519245625
141,B,underwater,kospi_return_1d,0.003033917397260666
141,B,underwater,fx_level_z_252,-0.032070666551589966
141,alpha,,kospi_return_1d,0.005169660784304142
141,alpha,,fx_level_z_252,0.01666238158941269
142,beta,momentum,,-0.02651674672961235
142,beta,persist,,0.08326388895511627
142,beta,underwater,,0.03632943704724312
142,B,momentum,kospi_return_1d,-0.006315184291452169
142,B,momentum,fx_level_z_252,0.0004701665893662721
142,B,persist,kospi_return_1d,-0.019122373312711716
142,B,persist,fx_level_z_252,0.0037121125496923923
142,B,underwater,kospi_return_1d,0.0031109172850847244
142,B,underwater,fx_level_z_252,-0.0320851132273674
142,alpha,,kospi_return_1d,0.00525520509108901
142,alpha,,fx_level_z_252,0.01646716520190239
143,beta,momentum,,-0.026267364621162415
143,beta,persist,,0.08335677534341812
143,beta,underwater,,0.03614167124032974
143,B,momentum,kospi_return_1d,-0.0063849263824522495
143,B,momentum,fx_level_z_252,0.0001399693574057892
143,B,persist,kospi_return_1d,-0.01903095841407776
143,B,persist,fx_level_z_252,0.003619413124397397
143,B,underwater,kospi_return_1d,0.0032102924305945635
143,B,underwater,fx_level_z_252,-0.03233860433101654
143,alpha,,kospi_return_1d,0.005315199960023165
143,alpha,,fx_level_z_252,0.01627650298178196
144,beta,momentum,,-0.026057017967104912
144,beta,persist,,0.08345077931880951
144,beta,underwater,,0.036034245043992996
144,B,momentum,kospi_return_1d,-0.006535165943205357
144,B,momentum,fx_level_z_252,-0.00022979805362410843
144,B,persist,kospi_return_1d,-0.01884474605321884
144,B,persist,fx_level_z_252,0.003648316953331232
144,B,underwater,kospi_return_1d,0.003275227965787053
144,B,underwater,fx_level_z_252,-0.032450444996356964
144,alpha,,kospi_return_1d,0.005452676210552454
144,alpha,,fx_level_z_252,0.016189945861697197
145,beta,momentum,,-0.025975646451115608
145,beta,persist,,0.08359280973672867
145,beta,underwater,,0.03609710931777954
145,B,momentum,kospi_return_1d,-0.006572194863110781
145,B,momentum,fx_level_z_252,-0.0006085964269004762
145,B,persist,kospi_return_1d,-0.018757175654172897
145,B,persist,fx_level_z_252,0.003604954108595848
145,B,underwater,kospi_return_1d,0.003188904607668519
145,B,underwater,fx_level_z_252,-0.032397687435150146
145,alpha,,kospi_return_1d,0.005454138852655888
145,alpha,,fx_level_z_252,0.016224661841988564
146,beta,momentum,,-0.025937771424651146
146,beta,persist,,0.08369875699281693
146,beta,underwater,,0.036242567002773285
146,B,momentum,kospi_return_1d,-0.0064859273843467236
146,B,momentum,fx_level_z_252,-0.0007681781426072121
146,B,persist,kospi_return_1d,-0.0187450610101223
146,B,persist,fx_level_z_252,0.0035623954609036446
146,B,underwater,kospi_return_1d,0.0029621454887092113
146,B,underwater,fx_level_z_252,-0.03226544335484505
146,alpha,,kospi_return_1d,0.005531524773687124
146,alpha,,fx_level_z_252,0.0162605382502079
147,beta,momentum,,-0.025925979018211365
147,beta,persist,,0.08378860354423523
147,beta,underwater,,0.036385420709848404
147,B,momentum,kospi_return_1d,-0.006298072170466185
147,B,momentum,fx_level_z_252,-0.0008363276720046997
147,B,persist,kospi_return_1d,-0.01855008862912655
147,B,persist,fx_level_z_252,0.0035875611938536167
147,B,underwater,kospi_return_1d,0.002839202992618084
147,B,underwater,fx_level_z_252,-0.03217530623078346
147,alpha,,kospi_return_1d,0.0057097310200333595
147,alpha,,fx_level_z_252,0.016445636749267578
148,beta,momentum,,-0.025964101776480675
148,beta,persist,,0.08387324213981628
148,beta,underwater,,0.03656725585460663
148,B,momentum,kospi_return_1d,-0.00605426263064146
148,B,momentum,fx_level_z_252,-0.0008554287487640977
148,B,persist,kospi_return_1d,-0.018469369038939476
148,B,persist,fx_level_z_252,0.0035009244456887245
148,B,underwater,kospi_return_1d,0.002659768098965287
148,B,underwater,fx_level_z_252,-0.03210476413369179
148,alpha,,kospi_return_1d,0.005930702202022076
148,alpha,,fx_level_z_252,0.016468042507767677
149,beta,momentum,,-0.025907758623361588
149,beta,persist,,0.08384843915700912
149,beta,underwater,,0.036547716706991196
149,B,momentum,kospi_return_1d,-0.005785222165286541
149,B,momentum,fx_level_z_252,-0.0007581909303553402
149,B,persist,kospi_return_1d,-0.018616676330566406
149,B,persist,fx_level_z_252,0.0035125589929521084
149,B,underwater,kospi_return_1d,0.002468114485964179
149,B,underwater,fx_level_z_252,-0.03213425725698471
149,alpha,,kospi_return_1d,0.006338457576930523
149,alpha,,fx_level_z_252,0.016268018633127213
150,beta,momentum,,-0.02588845230638981
150,beta,persist,,0.08389027416706085
150,beta,underwater,,0.03657824173569679
150,B,momentum,kospi_return_1d,-0.005534769035875797
150,B,momentum,fx_level_z_252,-0.0004625876317732036
150,B,persist,kospi_return_1d,-0.01872834749519825
150,B,persist,fx_level_z_252,0.0034323721192777157
150,B,underwater,kospi_return_1d,0.002243002410978079
150,B,underwater,fx_level_z_252,-0.032135266810655594
150,alpha,,kospi_return_1d,0.006712267175316811
150,alpha,,fx_level_z_252,0.016088971868157387
151,beta,momentum,,-0.025994349271059036
151,beta,persist,,0.08397383242845535
151,beta,underwater,,0.03673486039042473
151,B,momentum,kospi_return_1d,-0.005340917501598597
151,B,momentum,fx_level_z_252,-5.67113165743649e-05
151,B,persist,kospi_return_1d,-0.018665609881281853
151,B,persist,fx_level_z_252,0.0033191724214702845
151,B,underwater,kospi_return_1d,0.0020133941434323788
151,B,underwater,fx_level_z_252,-0.03211629018187523
151,alpha,,kospi_return_1d,0.006992557551711798
151,alpha,,fx_level_z_252,0.0162363201379776
152,beta,momentum,,-0.02610112354159355
152,beta,persist,,0.0841011106967926
152,beta,underwater,,0.03688085079193115
152,B,momentum,kospi_return_1d,-0.0052295648492872715
152,B,momentum,fx_level_z_252,0.0004152902401983738
152,B,persist,kospi_return_1d,-0.018603788688778877
152,B,persist,fx_level_z_252,0.0032443590462207794
152,B,underwater,kospi_return_1d,0.0019445742946118116
152,B,underwater,fx_level_z_252,-0.032164666801691055
152,alpha,,kospi_return_1d,0.007154745981097221
152,alpha,,fx_level_z_252,0.01639540120959282
153,beta,momentum,,-0.02624489739537239
153,beta,persist,,0.08418849110603333
153,beta,underwater,,0.03699416667222977
153,B,momentum,kospi_return_1d,-0.005366616416722536
153,B,momentum,fx_level_z_252,0.0007302305311895907
153,B,persist,kospi_return_1d,-0.018562164157629013
153,B,persist,fx_level_z_252,0.003227404085919261
153,B,underwater,kospi_return_1d,0.0019096429459750652
153,B,underwater,fx_level_z_252,-0.032196201384067535
153,alpha,,kospi_return_1d,0.0072910538874566555
153,alpha,,fx_level_z_252,0.01660137064754963
154,beta,momentum,,-0.026348575949668884
154,beta,persist,,0.0842256024479866
154,beta,underwater,,0.037059612572193146
154,B,momentum,kospi_return_1d,-0.00561848608776927
154,B,momentum,fx_level_z_252,0.0009230884606949985
154,B,persist,kospi_return_1d,-0.01845487579703331
154,B,persist,fx_level_z_252,0.003069930011406541
154,B,underwater,kospi_return_1d,0.0019762639421969652
154,B,underwater,fx_level_z_252,-0.03236056864261627
154,alpha,,kospi_return_1d,0.007529640104621649
154,alpha,,fx_level_z_252,0.016710685566067696
155,beta,momentum,,-0.026516444981098175
155,beta,persist,,0.08429783582687378
155,beta,underwater,,0.03716232255101204
155,B,momentum,kospi_return_1d,-0.005906603764742613
155,B,momentum,fx_level_z_252,0.0010935654863715172
155,B,persist,kospi_return_1d,-0.018289553001523018
155,B,persist,fx_level_z_252,0.0029124736320227385
155,B,underwater,kospi_return_1d,0.002005705377086997
155,B,underwater,fx_level_z_252,-0.03258563205599785
155,alpha,,kospi_return_1d,0.007728041149675846
155,alpha,,fx_level_z_252,0.01679149642586708
156,beta,momentum,,-0.0266745463013649
156,beta,persist,,0.08433316648006439
156,beta,underwater,,0.037384793162345886
156,B,momentum,kospi_return_1d,-0.006222784984856844
156,B,momentum,fx_level_z_252,0.0008682087063789368
156,B,persist,kospi_return_1d,-0.01805407926440239
156,B,persist,fx_level_z_252,0.002876788144931197
156,B,underwater,kospi_return_1d,0.0019120682263746858
156,B,underwater,fx_level_z_252,-0.03250271454453468
156,alpha,,kospi_return_1d,0.007822276093065739
156,alpha,,fx_level_z_252,0.01680576615035534
157,beta,momentum,,-0.02691405639052391
157,beta,persist,,0.08444482088088989
157,beta,underwater,,0.03776157274842262
157,B,momentum,kospi_return_1d,-0.0063809845596551895
157,B,momentum,fx_level_z_252,0.0006358328391797841
157,B,persist,kospi_return_1d,-0.01783149689435959
157,B,persist,fx_level_z_252,0.0027844698633998632
157,B,underwater,kospi_return_1d,0.0017887781141325831
157,B,underwater,fx_level_z_252,-0.03230221942067146
157,alpha,,kospi_return_1d,0.007708998862653971
157,alpha,,fx_level_z_252,0.016906635835766792
158,beta,momentum,,-0.02708108350634575
158,beta,persist,,0.08443616330623627
158,beta,underwater,,0.03799595683813095
158,B,momentum,kospi_return_1d,-0.006570698227733374
158,B,momentum,fx_level_z_252,0.0004908816190436482
158,B,persist,kospi_return_1d,-0.017752831801772118
158,B,persist,fx_level_z_252,0.0025500801857560873
158,B,underwater,kospi_return_1d,0.001684532267972827
158,B,underwater,fx_level_z_252,-0.032247234135866165
158,alpha,,kospi_return_1d,0.0076376646757125854
158,alpha,,fx_level_z_252,0.016932887956500053
159,beta,momentum,,-0.027063267305493355
159,beta,persist,,0.08430399745702744
159,beta,underwater,,0.03804215416312218
159,B,momentum,kospi_return_1d,-0.006497350987046957
159,B,momentum,fx_level_z_252,0.00030908570624887943
159,B,persist,kospi_return_1d,-0.0178024061024189
159,B,persist,fx_level_z_252,0.00243295612744987
159,B,underwater,kospi_return_1d,0.0015108117368072271
159,B,underwater,fx_level_z_252,-0.03231832757592201
159,alpha,,kospi_return_1d,0.007712642662227154
159,alpha,,fx_level_z_252,0.016814222559332848
160,beta,momentum,,-0.0270359106361866
160,beta,persist,,0.08417114615440369
160,beta,underwater,,0.03799573704600334
160,B,momentum,kospi_return_1d,-0.006334846373647451
160,B,momentum,fx_level_z_252,0.00017407008272130042
160,B,persist,kospi_return_1d,-0.01801196113228798
160,B,persist,fx_level_z_252,0.0023978978861123323
160,B,underwater,kospi_return_1d,0.001261258963495493
160,B,underwater,fx_level_z_252,-0.032383378595113754
160,alpha,,kospi_return_1d,0.007874486967921257
160,alpha,,fx_level_z_252,0.016829099506139755
161,beta,momentum,,-0.026956655085086823
161,beta,persist,,0.08398377150297165
161,beta,underwater,,0.03803754225373268
161,B,momentum,kospi_return_1d,-0.006072644609957933
161,B,momentum,fx_level_z_252,5.412609607446939e-05
161,B,persist,kospi_return_1d,-0.018159182742238045
161,B,persist,fx_level_z_252,0.00238826684653759
161,B,underwater,kospi_return_1d,0.001112450729124248
161,B,underwater,fx_level_z_252,-0.03244679048657417
161,alpha,,kospi_return_1d,0.008084666915237904
161,alpha,,fx_level_z_252,0.016886934638023376
162,beta,momentum,,-0.026894312351942062
162,beta,persist,,0.08385781198740005
162,beta,underwater,,0.03799903765320778
162,B,momentum,kospi_return_1d,-0.005720067769289017
162,B,momentum,fx_level_z_252,-0.00012664077803492546
162,B,persist,kospi_return_1d,-0.01846378482878208
162,B,persist,fx_level_z_252,0.002354946918785572
162,B,underwater,kospi_return_1d,0.0011165268952026963
162,B,underwater,fx_level_z_252,-0.032538995146751404
162,alpha,,kospi_return_1d,0.008204398676753044
162,alpha,,fx_level_z_252,0.016953449696302414
163,beta,momentum,,-0.026939500123262405
163,beta,persist,,0.083846315741539
163,beta,underwater,,0.037976596504449844
163,B,momentum,kospi_return_1d,-0.0055964938364923
163,B,momentum,fx_level_z_252,-0.0002838210202753544
163,B,persist,kospi_return_1d,-0.018615875393152237
163,B,persist,fx_level_z_252,0.0022864721249789
163,B,underwater,kospi_return_1d,0.0011790974531322718
163,B,underwater,fx_level_z_252,-0.03271397575736046
163,alpha,,kospi_return_1d,0.008204608224332333
163,alpha,,fx_level_z_252,0.01705298200249672
164,beta,momentum,,-0.0269075445830822
164,beta,persist,,0.08374025672674179
164,beta,underwater,,0.03788435831665993
164,B,momentum,kospi_return_1d,-0.005524684675037861
164,B,momentum,fx_level_z_252,-0.0003371459315530956
164,B,persist,kospi_return_1d,-0.018669340759515762
164,B,persist,fx_level_z_252,0.002204606542363763
164,B,underwater,kospi_return_1d,0.0013419798342511058
164,B,underwater,fx_level_z_252,-0.032889191061258316
164,alpha,,kospi_return_1d,0.00841526035219431
164,alpha,,fx_level_z_252,0.01715812459588051
165,beta,momentum,,-0.026767676696181297
165,beta,persist,,0.08371440321207047
165,beta,underwater,,0.03772293031215668
165,B,momentum,kospi_return_1d,-0.005576915107667446
165,B,momentum,fx_level_z_252,-0.00023511458130087703
165,B,persist,kospi_return_1d,-0.0184786319732666
165,B,persist,fx_level_z_252,0.0020732234697788954
165,B,underwater,kospi_return_1d,0.001609993283636868
165,B,underwater,fx_level_z_252,-0.03312787413597107
165,alpha,,kospi_return_1d,0.00843533594161272
165,alpha,,fx_level_z_252,0.01717381551861763
166,beta,momentum,,-0.026567403227090836
166,beta,persist,,0.08367174118757248
166,beta,underwater,,0.037542931735515594
166,B,momentum,kospi_return_1d,-0.005797353107482195
166,B,momentum,fx_level_z_252,-0.00013635860523208976
166,B,persist,kospi_return_1d,-0.018315233290195465
166,B,persist,fx_level_z_252,0.002089484129101038
166,B,underwater,kospi_return_1d,0.002065604319795966
166,B,underwater,fx_level_z_252,-0.03331182524561882
166,alpha,,kospi_return_1d,0.00842592865228653
166,alpha,,fx_level_z_252,0.01718699187040329
167,beta,momentum,,-0.026385318487882614
167,beta,persist,,0.08360638469457626
167,beta,underwater,,0.03742187097668648
167,B,momentum,kospi_return_1d,-0.005822845734655857
167,B,momentum,fx_level_z_252,-0.00011656546121230349
167,B,persist,kospi_return_1d,-0.018230101093649864
167,B,persist,fx_level_z_252,0.002217355417087674
167,B,underwater,kospi_return_1d,0.0022693162318319082
167,B,underwater,fx_level_z_252,-0.033262092620134354
167,alpha,,kospi_return_1d,0.008365831337869167
167,alpha,,fx_level_z_252,0.017252493649721146
168,beta,momentum,,-0.02614396996796131
168,beta,persist,,0.08351363986730576
168,beta,underwater,,0.03728552162647247
168,B,momentum,kospi_return_1d,-0.005739783402532339
168,B,momentum,fx_level_z_252,-0.00012760238314513117
168,B,persist,kospi_return_1d,-0.01826019398868084
168,B,persist,fx_level_z_252,0.002521739574149251
168,B,underwater,kospi_return_1d,0.0024344257544726133
168,B,underwater,fx_level_z_252,-0.033125296235084534
168,alpha,,kospi_return_1d,0.008223489858210087
168,alpha,,fx_level_z_252,0.01724126748740673
169,beta,momentum,,-0.025918425992131233
169,beta,persist,,0.08351656049489975
169,beta,underwater,,0.03718302771449089
169,B,momentum,kospi_return_1d,-0.005647767335176468
169,B,momentum,fx_level_z_252,-2.024277637246996e-05
169,B,persist,kospi_return_1d,-0.0183335579931736
169,B,persist,fx_level_z_252,0.0026018796488642693
169,B,underwater,kospi_return_1d,0.002666175365447998
169,B,underwater,fx_level_z_252,-0.032994113862514496
169,alpha,,kospi_return_1d,0.007956096902489662
169,alpha,,fx_level_z_252,0.01709321141242981
170,beta,momentum,,-0.025898143649101257
170,beta,persist,,0.0835895761847496
170,beta,underwater,,0.03715696185827255
170,B,momentum,kospi_return_1d,-0.005557302385568619
170,B,momentum,fx_level_z_252,0.0002747706603258848
170,B,persist,kospi_return_1d,-0.018389351665973663
170,B,persist,fx_level_z_252,0.0025145213585346937
170,B,underwater,kospi_return_1d,0.00270809605717659
170,B,underwater,fx_level_z_252,-0.03298075124621391
170,alpha,,kospi_return_1d,0.007713919505476952
170,alpha,,fx_level_z_252,0.017129329964518547
171,beta,momentum,,-0.026015466079115868
171,beta,persist,,0.08366015553474426
171,beta,underwater,,0.037232235074043274
171,B,momentum,kospi_return_1d,-0.0054377298802137375
171,B,momentum,fx_level_z_252,0.0003505715576466173
171,B,persist,kospi_return_1d,-0.018515564501285553
171,B,persist,fx_level_z_252,0.002666676416993141
171,B,underwater,kospi_return_1d,0.0025163779500871897
171,B,underwater,fx_level_z_252,-0.03277594596147537
171,alpha,,kospi_return_1d,0.007464287336915731
171,alpha,,fx_level_z_252,0.01716230809688568
172,beta,momentum,,-0.026163069531321526
172,beta,persist,,0.08371073752641678
172,beta,underwater,,0.03724703565239906
172,B,momentum,kospi_return_1d,-0.005537107121199369
172,B,momentum,fx_level_z_252,0.0002692069683689624
172,B,persist,kospi_return_1d,-0.018575584515929222
172,B,persist,fx_level_z_252,0.0028902648482471704
172,B,underwater,kospi_return_1d,0.00246076169423759
172,B,underwater,fx_level_z_252,-0.032486967742443085
172,alpha,,kospi_return_1d,0.007298959419131279
172,alpha,,fx_level_z_252,0.017275286838412285
173,beta,momentum,,-0.026279659941792488
173,beta,persist,,0.0836872085928917
173,beta,underwater,,0.03725447505712509
173,B,momentum,kospi_return_1d,-0.005711751990020275
173,B,momentum,fx_level_z_252,6.727084837621078e-05
173,B,persist,kospi_return_1d,-0.018559763208031654
173,B,persist,fx_level_z_252,0.0031588529236614704
173,B,underwater,kospi_return_1d,0.0023727372754365206
173,B,underwater,fx_level_z_252,-0.03218972682952881
173,alpha,,kospi_return_1d,0.0072179269045591354
173,alpha,,fx_level_z_252,0.017356671392917633
174,beta,momentum,,-0.026182210072875023
174,beta,persist,,0.08361361175775528
174,beta,underwater,,0.03709082305431366
174,B,momentum,kospi_return_1d,-0.0059056878089904785
174,B,momentum,fx_level_z_252,5.7387260312680155e-05
174,B,persist,kospi_return_1d,-0.018612807616591454
174,B,persist,fx_level_z_252,0.003256983356550336
174,B,underwater,kospi_return_1d,0.0023090261965990067
174,B,underwater,fx_level_z_252,-0.03223389387130737
174,alpha,,kospi_return_1d,0.007069815415889025
174,alpha,,fx_level_z_252,0.017273658886551857
175,beta,momentum,,-0.026019521057605743
175,beta,persist,,0.08342022448778152
175,beta,underwater,,0.03694484382867813
175,B,momentum,kospi_return_1d,-0.006130615249276161
175,B,momentum,fx_level_z_252,-0.00011356352479197085
175,B,persist,kospi_return_1d,-0.018655356019735336
175,B,persist,fx_level_z_252,0.003333622356876731
175,B,underwater,kospi_return_1d,0.0024639132898300886
175,B,underwater,fx_level_z_252,-0.032218221575021744
175,alpha,,kospi_return_1d,0.007200528867542744
175,alpha,,fx_level_z_252,0.017306864261627197
176,beta,momentum,,-0.02584168128669262
176,beta,persist,,0.08326425403356552
176,beta,underwater,,0.036838874220848083
176,B,momentum,kospi_return_1d,-0.006246137898415327
176,B,momentum,fx_level_z_252,-0.00018743322289083153
176,B,persist,kospi_return_1d,-0.01864337921142578
176,B,persist,fx_level_z_252,0.0034063803032040596
176,B,underwater,kospi_return_1d,0.0026517994701862335
176,B,underwater,fx_level_z_252,-0.03228892385959625
176,alpha,,kospi_return_1d,0.007248505484312773
176,alpha,,fx_level_z_252,0.017398865893483162
177,beta,momentum,,-0.02552906610071659
177,beta,persist,,0.08311982452869415
177,beta,underwater,,0.03669387847185135
177,B,momentum,kospi_return_1d,-0.0062791528180241585
177,B,momentum,fx_level_z_252,-0.00023798702750355005
177,B,persist,kospi_return_1d,-0.0186141524463892
177,B,persist,fx_level_z_252,0.0035222459118813276
177,B,underwater,kospi_return_1d,0.0027429580222815275
177,B,underwater,fx_level_z_252,-0.03232903033494949
177,alpha,,kospi_return_1d,0.007273024879395962
177,alpha,,fx_level_z_252,0.017410732805728912
178,beta,momentum,,-0.02531568706035614
178,beta,persist,,0.0830795094370842
178,beta,underwater,,0.036657121032476425
178,B,momentum,kospi_return_1d,-0.006223752629011869
178,B,momentum,fx_level_z_252,-4.843661736231297e-05
178,B,persist,kospi_return_1d,-0.018557941541075706
178,B,persist,fx_level_z_252,0.003527682274580002
178,B,underwater,kospi_return_1d,0.0028640138916671276
178,B,underwater,fx_level_z_252,-0.032359249889850616
178,alpha,,kospi_return_1d,0.007277592550963163
178,alpha,,fx_level_z_252,0.017520606517791748
179,beta,momentum,,-0.02516750991344452
179,beta,persist,,0.08300720155239105
179,beta,underwater,,0.03666364401578903
179,B,momentum,kospi_return_1d,-0.0062421513721346855
179,B,momentum,fx_level_z_252,0.00010563702380750328
179,B,persist,kospi_return_1d,-0.018309807404875755
179,B,persist,fx_level_z_252,0.0034050995018333197
179,B,underwater,kospi_return_1d,0.0030589953530579805
179,B,underwater,fx_level_z_252,-0.03236744552850723
179,alpha,,kospi_return_1d,0.0071379318833351135
179,alpha,,fx_level_z_252,0.017552513629198074
180,beta,momentum,,-0.02513616718351841
180,beta,persist,,0.08293284475803375
180,beta,underwater,,0.03676241263747215
180,B,momentum,kospi_return_1d,-0.006019918713718653
180,B,momentum,fx_level_z_252,0.00018055640975944698
180,B,persist,kospi_return_1d,-0.018168490380048752
180,B,persist,fx_level_z_252,0.003350168000906706
180,B,underwater,kospi_return_1d,0.002993631875142455
180,B,underwater,fx_level_z_252,-0.032326988875865936
180,alpha,,kospi_return_1d,0.007003727834671736
180,alpha,,fx_level_z_252,0.01765482686460018
181,beta,momentum,,-0.025158271193504333
181,beta,persist,,0.08286768943071365
181,beta,underwater,,0.03687603026628494
181,B,momentum,kospi_return_1d,-0.005816631484776735
181,B,momentum,fx_level_z_252,0.00028726804885081947
181,B,persist,kospi_return_1d,-0.018024880439043045
181,B,persist,fx_level_z_252,0.0032349186949431896
181,B,underwater,kospi_return_1d,0.0028834021650254726
181,B,underwater,fx_level_z_252,-0.03241006284952164
181,alpha,,kospi_return_1d,0.0069152615033090115
181,alpha,,fx_level_z_252,0.017728110775351524
182,beta,momentum,,-0.025344746187329292
182,beta,persist,,0.0828479751944542
182,beta,underwater,,0.03711328282952309
182,B,momentum,kospi_return_1d,-0.005334476940333843
182,B,momentum,fx_level_z_252,0.0003297494549769908
182,B,persist,kospi_return_1d,-0.018135957419872284
182,B,persist,fx_level_z_252,0.003248476190492511
182,B,underwater,kospi_return_1d,0.00261510512791574
182,B,underwater,fx_level_z_252,-0.03237235173583031
182,alpha,,kospi_return_1d,0.006716358941048384
182,alpha,,fx_level_z_252,0.017836857587099075
183,beta,momentum,,-0.025599857792258263
183,beta,persist,,0.08280716836452484
183,beta,underwater,,0.037353500723838806
183,B,momentum,kospi_return_1d,-0.004960319027304649
183,B,momentum,fx_level_z_252,0.0003970698162447661
183,B,persist,kospi_return_1d,-0.0182732492685318
183,B,persist,fx_level_z_252,0.0032269591465592384
183,B,underwater,kospi_return_1d,0.00236443430185318
183,B,underwater,fx_level_z_252,-0.03230510652065277
183,alpha,,kospi_return_1d,0.006472781300544739
183,alpha,,fx_level_z_252,0.017887819558382034
184,beta,momentum,,-0.025877773761749268
184,beta,persist,,0.0827852115035057
184,beta,underwater,,0.037619274109601974
184,B,momentum,kospi_return_1d,-0.004554376471787691
184,B,momentum,fx_level_z_252,0.000386825151508674
184,B,persist,kospi_return_1d,-0.01833241619169712
184,B,persist,fx_level_z_252,0.003217648947611451
184,B,underwater,kospi_return_1d,0.0020503296982496977
184,B,underwater,fx_level_z_252,-0.03218230977654457
184,alpha,,kospi_return_1d,0.006267542950809002
184,alpha,,fx_level_z_252,0.017801426351070404
185,beta,momentum,,-0.026144571602344513
185,beta,persist,,0.08283532410860062
185,beta,underwater,,0.03784707188606262
185,B,momentum,kospi_return_1d,-0.004313885234296322
185,B,momentum,fx_level_z_252,0.0003631914150901139
185,B,persist,kospi_return_1d,-0.018337558954954147
185,B,persist,fx_level_z_252,0.0031262626871466637
185,B,underwater,kospi_return_1d,0.0018153238343074918
185,B,underwater,fx_level_z_252,-0.03210585191845894
185,alpha,,kospi_return_1d,0.006062565837055445
185,alpha,,fx_level_z_252,0.017807824537158012
186,beta,momentum,,-0.026170974597334862
186,beta,persist,,0.0828055664896965
186,beta,underwater,,0.0378587432205677
186,B,momentum,kospi_return_1d,-0.004337148275226355
186,B,momentum,fx_level_z_252,0.00027358581428416073
186,B,persist,kospi_return_1d,-0.018390636891126633
186,B,persist,fx_level_z_252,0.003051523584872484
186,B,underwater,kospi_return_1d,0.0017410897416993976
186,B,underwater,fx_level_z_252,-0.03210225701332092
186,alpha,,kospi_return_1d,0.0059448000974953175
186,alpha,,fx_level_z_252,0.017740163952112198
187,beta,momentum,,-0.026144124567508698
187,beta,persist,,0.08275650441646576
187,beta,underwater,,0.0377950556576252
187,B,momentum,kospi_return_1d,-0.004543591290712357
187,B,momentum,fx_level_z_252,0.00018848435138352215
187,B,persist,kospi_return_1d,-0.018449192866683006
187,B,persist,fx_level_z_252,0.0031117163598537445
187,B,underwater,kospi_return_1d,0.0017399131320416927
187,B,underwater,fx_level_z_252,-0.03213610500097275
187,alpha,,kospi_return_1d,0.00588100403547287
187,alpha,,fx_level_z_252,0.017737142741680145
188,beta,momentum,,-0.026210831478238106
188,beta,persist,,0.08268257230520248
188,beta,underwater,,0.037814103066921234
188,B,momentum,kospi_return_1d,-0.004888162482529879
188,B,momentum,fx_level_z_252,6.602072244277224e-05
188,B,persist,kospi_return_1d,-0.018238995224237442
188,B,persist,fx_level_z_252,0.0030678175389766693
188,B,underwater,kospi_return_1d,0.001811589696444571
188,B,underwater,fx_level_z_252,-0.032277580350637436
188,alpha,,kospi_return_1d,0.005914166569709778
188,alpha,,fx_level_z_252,0.01786907948553562
189,beta,momentum,,-0.026329517364501953
189,beta,persist,,0.08257751911878586
189,beta,underwater,,0.03774522989988327
189,B,momentum,kospi_return_1d,-0.00511154206469655
189,B,momentum,fx_level_z_252,-0.00011799790081568062
189,B,persist,kospi_return_1d,-0.01821300946176052
189,B,persist,fx_level_z_252,0.0032066490966826677
189,B,underwater,kospi_return_1d,0.0017484796699136496
189,B,underwater,fx_level_z_252,-0.03239903226494789
189,alpha,,kospi_return_1d,0.006069970782846212
189,alpha,,fx_level_z_252,0.01784485951066017
190,beta,momentum,,-0.026471920311450958
190,beta,persist,,0.08250584453344345
190,beta,underwater,,0.03770563378930092
190,B,momentum,kospi_return_1d,-0.005359372589737177
190,B,momentum,fx_level_z_252,-0.00028093752916902304
190,B,persist,kospi_return_1d,-0.01810813508927822
190,B,persist,fx_level_z_252,0.003284244332462549
190,B,underwater,kospi_return_1d,0.001826837076805532
190,B,underwater,fx_level_z_252,-0.03241529315710068
190,alpha,,kospi_return_1d,0.0062539963982999325
190,alpha,,fx_level_z_252,0.017608966678380966
191,beta,momentum,,-0.026548627763986588
191,beta,persist,,0.08238676935434341
191,beta,underwater,,0.037638116627931595
191,B,momentum,kospi_return_1d,-0.005638541653752327
191,B,momentum,fx_level_z_252,-0.00017388003470841795
191,B,persist,kospi_return_1d,-0.018059324473142624
191,B,persist,fx_level_z_252,0.0032952544279396534
191,B,underwater,kospi_return_1d,0.00196410552598536
191,B,underwater,fx_level_z_252,-0.03256684169173241
191,alpha,,kospi_return_1d,0.006446280516684055
191,alpha,,fx_level_z_252,0.017440134659409523
192,beta,momentum,,-0.02666994370520115
192,beta,persist,,0.08229678869247437
192,beta,underwater,,0.03762037679553032
192,B,momentum,kospi_return_1d,-0.0060971626080572605
192,B,momentum,fx_level_z_252,1.1578071280382574e-05
192,B,persist,kospi_return_1d,-0.0180435199290514
192,B,persist,fx_level_z_252,0.0032923808321356773
192,B,underwater,kospi_return_1d,0.00220041093416512
192,B,underwater,fx_level_z_252,-0.032610177993774414
192,alpha,,kospi_return_1d,0.006603006273508072
192,alpha,,fx_level_z_252,0.017415225505828857
193,beta,momentum,,-0.026751847937703133
193,beta,persist,,0.08217939734458923
193,beta,underwater,,0.03758261725306511
193,B,momentum,kospi_return_1d,-0.006522631738334894
193,B,momentum,fx_level_z_252,5.606599006569013e-05
193,B,persist,kospi_return_1d,-0.018111729994416237
193,B,persist,fx_level_z_252,0.0034083633217960596
193,B,underwater,kospi_return_1d,0.002390214242041111
193,B,underwater,fx_level_z_252,-0.03269603103399277
193,alpha,,kospi_return_1d,0.006801552139222622
193,alpha,,fx_level_z_252,0.017265699803829193
194,beta,momentum,,-0.02688087709248066
194,beta,persist,,0.08214826881885529
194,beta,underwater,,0.03760496899485588
194,B,momentum,kospi_return_1d,-0.006913300603628159
194,B,momentum,fx_level_z_252,7.6527867349796e-05
194,B,persist,kospi_return_1d,-0.018178265541791916
194,B,persist,fx_level_z_252,0.0034648042637854815
194,B,underwater,kospi_return_1d,0.0026496793143451214
194,B,underwater,fx_level_z_252,-0.032790184020996094
194,alpha,,kospi_return_1d,0.006894753780215979
194,alpha,,fx_level_z_252,0.017040109261870384
195,beta,momentum,,-0.026927724480628967
195,beta,persist,,0.08223462849855423
195,beta,underwater,,0.037601105868816376
195,B,momentum,kospi_return_1d,-0.007036246825009584
195,B,momentum,fx_level_z_252,0.00013095115718897432
195,B,persist,kospi_return_1d,-0.018139177933335304
195,B,persist,fx_level_z_252,0.0036082591395825148
195,B,underwater,kospi_return_1d,0.0027109882794320583
195,B,underwater,fx_level_z_252,-0.03295265510678291
195,alpha,,kospi_return_1d,0.006839677691459656
195,alpha,,fx_level_z_252,0.016934402287006378
196,beta,momentum,,-0.02701195515692234
196,beta,persist,,0.08238708227872849
196,beta,underwater,,0.03756878525018692
196,B,momentum,kospi_return_1d,-0.007134166080504656
196,B,momentum,fx_level_z_252,9.613046131562442e-05
196,B,persist,kospi_return_1d,-0.018189601600170135
196,B,persist,fx_level_z_252,0.0036748230922967196
196,B,underwater,kospi_return_1d,0.0029381036292761564
196,B,underwater,fx_level_z_252,-0.033128391951322556
196,alpha,,kospi_return_1d,0.006677478086203337
196,alpha,,fx_level_z_252,0.016740748658776283
197,beta,momentum,,-0.027009617537260056
197,beta,persist,,0.08253102004528046
197,beta,underwater,,0.0374295711517334
197,B,momentum,kospi_return_1d,-0.007029764819890261
197,B,momentum,fx_level_z_252,-5.3737756388727576e-05
197,B,persist,kospi_return_1d,-0.01831534318625927
197,B,persist,fx_level_z_252,0.0035826622042804956
197,B,underwater,kospi_return_1d,0.0030921772122383118
197,B,underwater,fx_level_z_252,-0.03328666090965271
197,alpha,,kospi_return_1d,0.006619744002819061
197,alpha,,fx_level_z_252,0.016487635672092438
198,beta,momentum,,-0.02700141817331314
198,beta,persist,,0.08262065052986145
198,beta,underwater,,0.03726675733923912
198,B,momentum,kospi_return_1d,-0.0068152775056660175
198,B,momentum,fx_level_z_252,-0.00020702223991975188
198,B,persist,kospi_return_1d,-0.018379272893071175
198,B,persist,fx_level_z_252,0.003566314000636339
198,B,underwater,kospi_return_1d,0.003117163432762027
198,B,underwater,fx_level_z_252,-0.0333692692220211
198,alpha,,kospi_return_1d,0.006775781512260437
198,alpha,,fx_level_z_252,0.01625615358352661
199,beta,momentum,,-0.02698463574051857
199,beta,persist,,0.08272959291934967
199,beta,underwater,,0.037170227617025375
199,B,momentum,kospi_return_1d,-0.006505195517092943
199,B,momentum,fx_level_z_252,-0.0004040887579321861
199,B,persist,kospi_return_1d,-0.01853328011929989
199,B,persist,fx_level_z_252,0.00375159177929163
199,B,underwater,kospi_return_1d,0.0029937580693513155
199,B,underwater,fx_level_z_252,-0.03326176106929779
199,alpha,,kospi_return_1d,0.006781517527997494
199,alpha,,fx_level_z_252,0.016086816787719727
200,beta,momentum,,-0.026973476633429527
200,beta,persist,,0.08280695974826813
200,beta,underwater,,0.03714872524142265
200,B,momentum,kospi_return_1d,-0.006101090461015701
200,B,momentum,fx_level_z_252,-0.0004893730510957539
200,B,persist,kospi_return_1d,-0.018735188990831375
200,B,persist,fx_level_z_252,0.004026578739285469
200,B,underwater,kospi_return_1d,0.0028870366513729095
200,B,underwater,fx_level_z_252,-0.03302896395325661
200,alpha,,kospi_return_1d,0.006763076409697533
200,alpha,,fx_level_z_252,0.015996813774108887
201,beta,momentum,,-0.02698938176035881
201,beta,persist,,0.08283853530883789
201,beta,underwater,,0.037159133702516556
201,B,momentum,kospi_return_1d,-0.0057863215915858746
201,B,momentum,fx_level_z_252,-0.0005042971461080015
201,B,persist,kospi_return_1d,-0.018819984048604965
201,B,persist,fx_level_z_252,0.004429308697581291
201,B,underwater,kospi_return_1d,0.0026604977902024984
201,B,underwater,fx_level_z_252,-0.032748784869909286
201,alpha,,kospi_return_1d,0.006719466298818588
201,alpha,,fx_level_z_252,0.015986518934369087
202,beta,momentum,,-0.027049699798226357
202,beta,persist,,0.0828716903924942
202,beta,underwater,,0.03723495826125145
202,B,momentum,kospi_return_1d,-0.0056673865765333176
202,B,momentum,fx_level_z_252,-0.0002130109933204949
202,B,persist,kospi_return_1d,-0.01882646605372429
202,B,persist,fx_level_z_252,0.004737325944006443
202,B,underwater,kospi_return_1d,0.002608609152957797
202,B,underwater,fx_level_z_252,-0.03264705836772919
202,alpha,,kospi_return_1d,0.006683534476906061
202,alpha,,fx_level_z_252,0.0160317774862051
203,beta,momentum,,-0.027110407128930092
203,beta,persist,,0.0829700231552124
203,beta,underwater,,0.03730352595448494
203,B,momentum,kospi_return_1d,-0.005594407208263874
203,B,momentum,fx_level_z_252,0.0002872970362659544
203,B,persist,kospi_return_1d,-0.018731942400336266
203,B,persist,fx_level_z_252,0.004848432261496782
203,B,underwater,kospi_return_1d,0.0027750690933316946
203,B,underwater,fx_level_z_252,-0.0327860563993454
203,alpha,,kospi_return_1d,0.0064782677218317986
203,alpha,,fx_level_z_252,0.016030067577958107
204,beta,momentum,,-0.027217362076044083
204,beta,persist,,0.08307861536741257
204,beta,underwater,,0.037329211831092834
204,B,momentum,kospi_return_1d,-0.005631304811686277
204,B,momentum,fx_level_z_252,0.0007583633996546268
204,B,persist,kospi_return_1d,-0.018708283081650734
204,B,persist,fx_level_z_252,0.004969661124050617
204,B,underwater,kospi_return_1d,0.0030445719603449106
204,B,underwater,fx_level_z_252,-0.0328732393682003
204,alpha,,kospi_return_1d,0.006312048062682152
204,alpha,,fx_level_z_252,0.01597413793206215
205,beta,momentum,,-0.02730398438870907
205,beta,persist,,0.08318715542554855
205,beta,underwater,,0.037327226251363754
205,B,momentum,kospi_return_1d,-0.005811986513435841
205,B,momentum,fx_level_z_252,0.0010607123840600252
205,B,persist,kospi_return_1d,-0.01870422437787056
205,B,persist,fx_level_z_252,0.004928732290863991
205,B,underwater,kospi_return_1d,0.003292506793513894
205,B,underwater,fx_level_z_252,-0.03295769914984703
205,alpha,,kospi_return_1d,0.006007379852235317
205,alpha,,fx_level_z_252,0.015936382114887238
206,beta,momentum,,-0.02745440974831581
206,beta,persist,,0.08327936381101608
206,beta,underwater,,0.037376079708337784
206,B,momentum,kospi_return_1d,-0.005910651292651892
206,B,momentum,fx_level_z_252,0.0013107418781146407
206,B,persist,kospi_return_1d,-0.01873166859149933
206,B,persist,fx_level_z_252,0.0048553217202425
206,B,underwater,kospi_return_1d,0.003352083032950759
206,B,underwater,fx_level_z_252,-0.032971613109111786
206,alpha,,kospi_return_1d,0.005745789036154747
206,alpha,,fx_level_z_252,0.016043897718191147
207,beta,momentum,,-0.027461791411042213
207,beta,persist,,0.0832848995923996
207,beta,underwater,,0.037507813423871994
207,B,momentum,kospi_return_1d,-0.006070252973586321
207,B,momentum,fx_level_z_252,0.0012244905810803175
207,B,persist,kospi_return_1d,-0.018567487597465515
207,B,persist,fx_level_z_252,0.004997599869966507
207,B,underwater,kospi_return_1d,0.0032861600629985332
207,B,underwater,fx_level_z_252,-0.032779764384031296
207,alpha,,kospi_return_1d,0.00553764495998621
207,alpha,,fx_level_z_252,0.01625695265829563
208,beta,momentum,,-0.027400262653827667
208,beta,persist,,0.08334387838840485
208,beta,underwater,,0.03763417899608612
208,B,momentum,kospi_return_1d,-0.006291556172072887
208,B,momentum,fx_level_z_252,0.0011039492674171925
208,B,persist,kospi_return_1d,-0.018199441954493523
208,B,persist,fx_level_z_252,0.0050207944586873055
208,B,underwater,kospi_return_1d,0.0032323787454515696
208,B,underwater,fx_level_z_252,-0.03254419192671776
208,alpha,,kospi_return_1d,0.005287744104862213
208,alpha,,fx_level_z_252,0.016517069190740585
209,beta,momentum,,-0.02740904502570629
209,beta,persist,,0.08341425657272339
209,beta,underwater,,0.03769684582948685
209,B,momentum,kospi_return_1d,-0.006584374234080315
209,B,momentum,fx_level_z_252,0.0011780973291024566
209,B,persist,kospi_return_1d,-0.017879165709018707
209,B,persist,fx_level_z_252,0.004915200173854828
209,B,underwater,kospi_return_1d,0.003323731478303671
209,B,underwater,fx_level_z_252,-0.03250785917043686
209,alpha,,kospi_return_1d,0.00499500660225749
209,alpha,,fx_level_z_252,0.016653500497341156
210,beta,momentum,,-0.02738393098115921
210,beta,persist,,0.08338337391614914
210,beta,underwater,,0.03767581284046173
210,B,momentum,kospi_return_1d,-0.0068330951035022736
210,B,momentum,fx_level_z_252,0.000976304872892797
210,B,persist,kospi_return_1d,-0.017718743532896042
210,B,persist,fx_level_z_252,0.00484387157484889
210,B,underwater,kospi_return_1d,0.003482117783278227
210,B,underwater,fx_level_z_252,-0.032351456582546234
210,alpha,,kospi_return_1d,0.004876083228737116
210,alpha,,fx_level_z_252,0.016623113304376602
211,beta,momentum,,-0.027397101745009422
211,beta,persist,,0.08348220586776733
211,beta,underwater,,0.03776979446411133
211,B,momentum,kospi_return_1d,-0.007015661336481571
211,B,momentum,fx_level_z_252,0.0006088565569370985
211,B,persist,kospi_return_1d,-0.01745540462434292
211,B,persist,fx_level_z_252,0.004834660794585943
211,B,underwater,kospi_return_1d,0.0035119957756251097
211,B,underwater,fx_level_z_252,-0.03211178630590439
211,alpha,,kospi_return_1d,0.004543378483504057
211,alpha,,fx_level_z_252,0.016759879887104034
212,beta,momentum,,-0.027374302968382835
212,beta,persist,,0.08348149061203003
212,beta,underwater,,0.0377456434071064
212,B,momentum,kospi_return_1d,-0.007012517657130957
212,B,momentum,fx_level_z_252,0.00027137401048094034
212,B,persist,kospi_return_1d,-0.017261696979403496
212,B,persist,fx_level_z_252,0.004911798983812332
212,B,underwater,kospi_return_1d,0.003585127415135503
212,B,underwater,fx_level_z_252,-0.031925421208143234
212,alpha,,kospi_return_1d,0.004309078212827444
212,alpha,,fx_level_z_252,0.016787327826023102
213,beta,momentum,,-0.02734564058482647
213,beta,persist,,0.08347632735967636
213,beta,underwater,,0.0377233549952507
213,B,momentum,kospi_return_1d,-0.006980777718126774
213,B,momentum,fx_level_z_252,8.61324297147803e-05
213,B,persist,kospi_return_1d,-0.01716483011841774
213,B,persist,fx_level_z_252,0.004907754249870777
213,B,underwater,kospi_return_1d,0.003535939147695899
213,B,underwater,fx_level_z_252,-0.03196069970726967
213,alpha,,kospi_return_1d,0.004025224130600691
213,alpha,,fx_level_z_252,0.01695423386991024
214,beta,momentum,,-0.027127716690301895
214,beta,persist,,0.08336233347654343
214,beta,underwater,,0.03755289316177368
214,B,momentum,kospi_return_1d,-0.006908522453159094
214,B,momentum,fx_level_z_252,8.358615741599351e-05
214,B,persist,kospi_return_1d,-0.016973763704299927
214,B,persist,fx_level_z_252,0.004785923752933741
214,B,underwater,kospi_return_1d,0.003655902808532119
214,B,underwater,fx_level_z_252,-0.03231937438249588
214,alpha,,kospi_return_1d,0.003957499284297228
214,alpha,,fx_level_z_252,0.016983741894364357
215,beta,momentum,,-0.026884471997618675
215,beta,persist,,0.08327207714319229
215,beta,underwater,,0.03732161223888397
215,B,momentum,kospi_return_1d,-0.006692623719573021
215,B,momentum,fx_level_z_252,0.0001312212407356128
215,B,persist,kospi_return_1d,-0.016785353422164917
215,B,persist,fx_level_z_252,0.004608258605003357
215,B,underwater,kospi_return_1d,0.0037069350946694613
215,B,underwater,fx_level_z_252,-0.03276903182268143
215,alpha,,kospi_return_1d,0.0037670996971428394
215,alpha,,fx_level_z_252,0.017143601551651955
216,beta,momentum,,-0.026639731600880623
216,beta,persist,,0.08312971889972687
216,beta,underwater,,0.03716834634542465
216,B,momentum,kospi_return_1d,-0.006531612481921911
216,B,momentum,fx_level_z_252,-0.00016134520410560071
216,B,persist,kospi_return_1d,-0.016602301970124245
216,B,persist,fx_level_z_252,0.004441937897354364
216,B,underwater,kospi_return_1d,0.003696245839819312
216,B,underwater,fx_level_z_252,-0.0329148955643177
216,alpha,,kospi_return_1d,0.0036314623430371284
216,alpha,,fx_level_z_252,0.017287136986851692
217,beta,momentum,,-0.026446957141160965
217,beta,persist,,0.08290056139230728
217,beta,underwater,,0.03699185699224472
217,B,momentum,kospi_return_1d,-0.006338104605674744
217,B,momentum,fx_level_z_252,-0.0003817987162619829
217,B,persist,kospi_return_1d,-0.016479672864079475
217,B,persist,fx_level_z_252,0.004591035656630993
217,B,underwater,kospi_return_1d,0.0037001974415034056
217,B,underwater,fx_level_z_252,-0.03311549127101898
217,alpha,,kospi_return_1d,0.003665840020403266
217,alpha,,fx_level_z_252,0.017347203567624092
218,beta,momentum,,-0.02627241611480713
218,beta,persist,,0.082704558968544
218,beta,underwater,,0.036949798464775085
218,B,momentum,kospi_return_1d,-0.005905522499233484
218,B,momentum,fx_level_z_252,-0.00044639312545768917
218,B,persist,kospi_return_1d,-0.016390228644013405
218,B,persist,fx_level_z_252,0.004807878285646439
218,B,underwater,kospi_return_1d,0.0034685926511883736
218,B,underwater,fx_level_z_252,-0.033187173306941986
218,alpha,,kospi_return_1d,0.0036147006321698427
218,alpha,,fx_level_z_252,0.017549242824316025
219,beta,momentum,,-0.02621733769774437
219,beta,persist,,0.0825696662068367
219,beta,underwater,,0.03692396357655525
219,B,momentum,kospi_return_1d,-0.005475005600601435
219,B,momentum,fx_level_z_252,-0.00027517942362464964
219,B,persist,kospi_return_1d,-0.0164121612906456
219,B,persist,fx_level_z_252,0.004859529435634613
219,B,underwater,kospi_return_1d,0.0032440805807709694
219,B,underwater,fx_level_z_252,-0.03320468217134476
219,alpha,,kospi_return_1d,0.0035513611510396004
219,alpha,,fx_level_z_252,0.01765332743525505
220,beta,momentum,,-0.026118218898773193
220,beta,persist,,0.08256729692220688
220,beta,underwater,,0.036870840936899185
220,B,momentum,kospi_return_1d,-0.005107296630740166
220,B,momentum,fx_level_z_252,-2.8253954951651394e-05
220,B,persist,kospi_return_1d,-0.016527825966477394
220,B,persist,fx_level_z_252,0.004870659671723843
220,B,underwater,kospi_return_1d,0.0030707193072885275
220,B,underwater,fx_level_z_252,-0.03332929313182831
220,alpha,,kospi_return_1d,0.003427220042794943
220,alpha,,fx_level_z_252,0.01769435405731201
221,beta,momentum,,-0.0260738804936409
221,beta,persist,,0.08260029554367065
221,beta,underwater,,0.03691822290420532
221,B,momentum,kospi_return_1d,-0.004897800739854574
221,B,momentum,fx_level_z_252,0.00031983311055228114
221,B,persist,kospi_return_1d,-0.016575917601585388
221,B,persist,fx_level_z_252,0.004853931721299887
221,B,underwater,kospi_return_1d,0.0028661321848630905
221,B,underwater,fx_level_z_252,-0.03351535275578499
221,alpha,,kospi_return_1d,0.0034204116091132164
221,alpha,,fx_level_z_252,0.017932431772351265
222,beta,momentum,,-0.0259915292263031
222,beta,persist,,0.082644984126091
222,beta,underwater,,0.036999233067035675
222,B,momentum,kospi_return_1d,-0.004795219749212265
222,B,momentum,fx_level_z_252,0.0004236976965330541
222,B,persist,kospi_return_1d,-0.016648991033434868
222,B,persist,fx_level_z_252,0.004803923424333334
222,B,underwater,kospi_return_1d,0.002634376520290971
222,B,underwater,fx_level_z_252,-0.03361533209681511
222,alpha,,kospi_return_1d,0.0034151175059378147
222,alpha,,fx_level_z_252,0.018171347677707672
223,beta,momentum,,-0.025868544355034828
223,beta,persist,,0.08268100768327713
223,beta,underwater,,0.036997854709625244
223,B,momentum,kospi_return_1d,-0.004672623705118895
223,B,momentum,fx_level_z_252,0.000540870358236134
223,B,persist,kospi_return_1d,-0.016800882294774055
223,B,persist,fx_level_z_252,0.004582425579428673
223,B,underwater,kospi_return_1d,0.002501520561054349
223,B,underwater,fx_level_z_252,-0.03386584296822548
223,alpha,,kospi_return_1d,0.0034627155400812626
223,alpha,,fx_level_z_252,0.018321815878152847
224,beta,momentum,,-0.025848187506198883
224,beta,persist,,0.08277345448732376
224,beta,underwater,,0.036942340433597565
224,B,momentum,kospi_return_1d,-0.004575738683342934
224,B,momentum,fx_level_z_252,0.0006551898550242186
224,B,persist,kospi_return_1d,-0.01702224276959896
224,B,persist,fx_level_z_252,0.0043207984417676926
224,B,underwater,kospi_return_1d,0.002358171157538891
224,B,underwater,fx_level_z_252,-0.03411852568387985
224,alpha,,kospi_return_1d,0.0036710528656840324
224,alpha,,fx_level_z_252,0.018179863691329956
225,beta,momentum,,-0.02586831897497177
225,beta,persist,,0.08286301791667938
225,beta,underwater,,0.03700892999768257
225,B,momentum,kospi_return_1d,-0.004385453183203936
225,B,momentum,fx_level_z_252,0.0006027609342709184
225,B,persist,kospi_return_1d,-0.017395654693245888
225,B,persist,fx_level_z_252,0.004123331047594547
225,B,underwater,kospi_return_1d,0.0021912171505391598
225,B,underwater,fx_level_z_252,-0.034096211194992065
225,alpha,,kospi_return_1d,0.003975908737629652
225,alpha,,fx_level_z_252,0.017888806760311127
226,beta,momentum,,-0.025791047140955925
226,beta,persist,,0.08281874656677246
226,beta,underwater,,0.03710004314780235
226,B,momentum,kospi_return_1d,-0.004401328973472118
226,B,momentum,fx_level_z_252,0.0003545632353052497
226,B,persist,kospi_return_1d,-0.017653407528996468
226,B,persist,fx_level_z_252,0.003866188693791628
226,B,underwater,kospi_return_1d,0.0021180161274969578
226,B,underwater,fx_level_z_252,-0.034092772752046585
226,alpha,,kospi_return_1d,0.004444350488483906
226,alpha,,fx_level_z_252,0.01756059192121029
227,beta,momentum,,-0.02581675909459591
227,beta,persist,,0.08273016661405563
227,beta,underwater,,0.03727862238883972
227,B,momentum,kospi_return_1d,-0.004659166559576988
227,B,momentum,fx_level_z_252,-6.027752533555031e-06
227,B,persist,kospi_return_1d,-0.017798515036702156
227,B,persist,fx_level_z_252,0.003487084060907364
227,B,underwater,kospi_return_1d,0.0022951329592615366
227,B,underwater,fx_level_z_252,-0.03415181115269661
227,alpha,,kospi_return_1d,0.004873242229223251
227,alpha,,fx_level_z_252,0.017360731959342957
228,beta,momentum,,-0.025895968079566956
228,beta,persist,,0.0827142670750618
228,beta,underwater,,0.037515778094530106
228,B,momentum,kospi_return_1d,-0.005054141860455275
228,B,momentum,fx_level_z_252,-0.00024888257030397654
228,B,persist,kospi_return_1d,-0.017700282856822014
228,B,persist,fx_level_z_252,0.0033246653620153666
228,B,underwater,kospi_return_1d,0.00250379485078156
228,B,underwater,fx_level_z_252,-0.0342215858399868
228,alpha,,kospi_return_1d,0.005326945334672928
228,alpha,,fx_level_z_252,0.01734127476811409
229,beta,momentum,,-0.02605680748820305
229,beta,persist,,0.08274432271718979
229,beta,underwater,,0.037846434861421585
229,B,momentum,kospi_return_1d,-0.005182161927223206
229,B,momentum,fx_level_z_252,-0.00026223514578305185
229,B,persist,kospi_return_1d,-0.0175799373537302
229,B,persist,fx_level_z_252,0.0030568104702979326
229,B,underwater,kospi_return_1d,0.0026299713645130396
229,B,underwater,fx_level_z_252,-0.034210626035928726
229,alpha,,kospi_return_1d,0.0056146299466490746
229,alpha,,fx_level_z_252,0.017469648271799088
230,beta,momentum,,-0.026185210794210434
230,beta,persist,,0.08284611254930496
230,beta,underwater,,0.038159821182489395
230,B,momentum,kospi_return_1d,-0.005140507593750954
230,B,momentum,fx_level_z_252,-0.00011715241998899728
230,B,persist,kospi_return_1d,-0.017460038885474205
230,B,persist,fx_level_z_252,0.0028255763463675976
230,B,underwater,kospi_return_1d,0.002551291836425662
230,B,underwater,fx_level_z_252,-0.034100502729415894
230,alpha,,kospi_return_1d,0.0057662129402160645
230,alpha,,fx_level_z_252,0.017537876963615417
231,beta,momentum,,-0.026346536353230476
231,beta,persist,,0.08289580047130585
231,beta,underwater,,0.03843124955892563
231,B,momentum,kospi_return_1d,-0.005048440769314766
231,B,momentum,fx_level_z_252,6.43494859104976e-05
231,B,persist,kospi_return_1d,-0.017514582723379135
231,B,persist,fx_level_z_252,0.002675352618098259
231,B,underwater,kospi_return_1d,0.0022410184610635042
231,B,underwater,fx_level_z_252,-0.033839840441942215
231,alpha,,kospi_return_1d,0.005880577489733696
231,alpha,,fx_level_z_252,0.017755938693881035
232,beta,momentum,,-0.02642407827079296
232,beta,persist,,0.08286655694246292
232,beta,underwater,,0.0385739766061306
232,B,momentum,kospi_return_1d,-0.004780073184520006
232,B,momentum,fx_level_z_252,0.00021040404681116343
232,B,persist,kospi_return_1d,-0.017750581726431847
232,B,persist,fx_level_z_252,0.0028142882511019707
232,B,underwater,kospi_return_1d,0.0017119287513196468
232,B,underwater,fx_level_z_252,-0.03360152989625931
232,alpha,,kospi_return_1d,0.006029136478900909
232,alpha,,fx_level_z_252,0.017949813976883888
233,beta,momentum,,-0.02641657181084156
233,beta,persist,,0.08278316259384155
233,beta,underwater,,0.0386255607008934
233,B,momentum,kospi_return_1d,-0.00464306864887476
233,B,momentum,fx_level_z_252,0.00033989149960689247
233,B,persist,kospi_return_1d,-0.017983581870794296
233,B,persist,fx_level_z_252,0.0030129491351544857
233,B,underwater,kospi_return_1d,0.0012360627297312021
233,B,underwater,fx_level_z_252,-0.0334191769361496
233,alpha,,kospi_return_1d,0.006148655898869038
233,alpha,,fx_level_z_252,0.017935801297426224
234,beta,momentum,,-0.02631477080285549
234,beta,persist,,0.08284266293048859
234,beta,underwater,,0.03865742310881615
234,B,momentum,kospi_return_1d,-0.004675235599279404
234,B,momentum,fx_level_z_252,0.00034464069176465273
234,B,persist,kospi_return_1d,-0.017949003726243973
234,B,persist,fx_level_z_252,0.0031053826678544283
234,B,underwater,kospi_return_1d,0.0011474363273009658
234,B,underwater,fx_level_z_252,-0.03324763849377632
234,alpha,,kospi_return_1d,0.0060914610512554646
234,alpha,,fx_level_z_252,0.017794117331504822
235,beta,momentum,,-0.026194849982857704
235,beta,persist,,0.0829373225569725
235,beta,underwater,,0.03865179792046547
235,B,momentum,kospi_return_1d,-0.004765784367918968
235,B,momentum,fx_level_z_252,0.00035122997360304
235,B,persist,kospi_return_1d,-0.018046138808131218
235,B,persist,fx_level_z_252,0.003225947730243206
235,B,underwater,kospi_return_1d,0.0011738649336621165
235,B,underwater,fx_level_z_252,-0.0331517793238163
235,alpha,,kospi_return_1d,0.0062346081249415874
235,alpha,,fx_level_z_252,0.017560606822371483
236,beta,momentum,,-0.02603072300553322
236,beta,persist,,0.08298852294683456
236,beta,underwater,,0.038435500115156174
236,B,momentum,kospi_return_1d,-0.005053192842751741
236,B,momentum,fx_level_z_252,6.832677172496915e-05
236,B,persist,kospi_return_1d,-0.01803373545408249
236,B,persist,fx_level_z_252,0.0033318796195089817
236,B,underwater,kospi_return_1d,0.0013639278477057815
236,B,underwater,fx_level_z_252,-0.032947100698947906
236,alpha,,kospi_return_1d,0.006338177248835564
236,alpha,,fx_level_z_252,0.01722070574760437
237,beta,momentum,,-0.025783993303775787
237,beta,persist,,0.08300512284040451
237,beta,underwater,,0.03822984918951988
237,B,momentum,kospi_return_1d,-0.00537828728556633
237,B,momentum,fx_level_z_252,-0.0002709010732360184
237,B,persist,kospi_return_1d,-0.018029609695076942
237,B,persist,fx_level_z_252,0.0035003749653697014
237,B,underwater,kospi_return_1d,0.0015356867806985974
237,B,underwater,fx_level_z_252,-0.032757073640823364
237,alpha,,kospi_return_1d,0.006381941493600607
237,alpha,,fx_level_z_252,0.01707674190402031
238,beta,momentum,,-0.025482838973402977
238,beta,persist,,0.08317750692367554
238,beta,underwater,,0.03803807869553566
238,B,momentum,kospi_return_1d,-0.005708559416234493
238,B,momentum,fx_level_z_252,-0.0001792452676454559
238,B,persist,kospi_return_1d,-0.017963331192731857
238,B,persist,fx_level_z_252,0.0033762757666409016
238,B,underwater,kospi_return_1d,0.001875798567198217
238,B,underwater,fx_level_z_252,-0.032879266887903214
238,alpha,,kospi_return_1d,0.006313784513622522
238,alpha,,fx_level_z_252,0.01693832501769066
239,beta,momentum,,-0.02521827444434166
239,beta,persist,,0.08333975821733475
239,beta,underwater,,0.03791685402393341
239,B,momentum,kospi_return_1d,-0.0059225112199783325
239,B,momentum,fx_level_z_252,-4.43558456026949e-05
239,B,persist,kospi_return_1d,-0.018133126199245453
239,B,persist,fx_level_z_252,0.003402223577722907
239,B,underwater,kospi_return_1d,0.0020760176703333855
239,B,underwater,fx_level_z_252,-0.03283354267477989
239,alpha,,kospi_return_1d,0.006395730655640364
239,alpha,,fx_level_z_252,0.01679353043437004
240,beta,momentum,,-0.0249930489808321
240,beta,persist,,0.0833611711859703
240,beta,underwater,,0.037785787135362625
240,B,momentum,kospi_return_1d,-0.006043378263711929
240,B,momentum,fx_level_z_252,0.0002570824872236699
240,B,persist,kospi_return_1d,-0.018282437697052956
240,B,persist,fx_level_z_252,0.0035498838406056166
240,B,underwater,kospi_return_1d,0.0021595568396151066
240,B,underwater,fx_level_z_252,-0.03287145122885704
240,alpha,,kospi_return_1d,0.006603845860809088
240,alpha,,fx_level_z_252,0.016628872603178024
241,beta,momentum,,-0.02479397878050804
241,beta,persist,,0.08332157880067825
241,beta,underwater,,0.03767213225364685
241,B,momentum,kospi_return_1d,-0.00621118675917387
241,B,momentum,fx_level_z_252,0.0006763420533388853
241,B,persist,kospi_return_1d,-0.01840338110923767
241,B,persist,fx_level_z_252,0.0034948058892041445
241,B,underwater,kospi_return_1d,0.002387439599260688
241,B,underwater,fx_level_z_252,-0.03297068178653717
241,alpha,,kospi_return_1d,0.006818139925599098
241,alpha,,fx_level_z_252,0.016658825799822807
242,beta,momentum,,-0.02455880679190159
242,beta,persist,,0.08327868580818176
242,beta,underwater,,0.03747085854411125
242,B,momentum,kospi_return_1d,-0.006406764034181833
242,B,momentum,fx_level_z_252,0.001001958386041224
242,B,persist,kospi_return_1d,-0.018501654267311096
242,B,persist,fx_level_z_252,0.003228039713576436
242,B,underwater,kospi_return_1d,0.0028250999748706818
242,B,underwater,fx_level_z_252,-0.03319083899259567
242,alpha,,kospi_return_1d,0.006762873847037554
242,alpha,,fx_level_z_252,0.01648571714758873
243,beta,momentum,,-0.024338481947779655
243,beta,persist,,0.0831863060593605
243,beta,underwater,,0.03733488544821739
243,B,momentum,kospi_return_1d,-0.006700111087411642
243,B,momentum,fx_level_z_252,0.0010223379358649254
243,B,persist,kospi_return_1d,-0.018561437726020813
243,B,persist,fx_level_z_252,0.0031507175881415606
243,B,underwater,kospi_return_1d,0.0030499694403260946
243,B,underwater,fx_level_z_252,-0.03327770531177521
243,alpha,,kospi_return_1d,0.006678204983472824
243,alpha,,fx_level_z_252,0.016297051683068275
244,beta,momentum,,-0.024262946099042892
244,beta,persist,,0.0831458792090416
244,beta,underwater,,0.03732236102223396
244,B,momentum,kospi_return_1d,-0.006888644769787788
244,B,momentum,fx_level_z_252,0.0008599344873800874
244,B,persist,kospi_return_1d,-0.0187568087130785
244,B,persist,fx_level_z_252,0.0030529466457664967
244,B,underwater,kospi_return_1d,0.003006167244166136
244,B,underwater,fx_level_z_252,-0.03314484283328056
244,alpha,,kospi_return_1d,0.006681874860078096
244,alpha,,fx_level_z_252,0.016224324703216553
245,beta,momentum,,-0.024304741993546486
245,beta,persist,,0.08317115902900696
245,beta,underwater,,0.03745345398783684
245,B,momentum,kospi_return_1d,-0.006904104258865118
245,B,momentum,fx_level_z_252,0.0005551300127990544
245,B,persist,kospi_return_1d,-0.018942514434456825
245,B,persist,fx_level_z_252,0.0029229295905679464
245,B,underwater,kospi_return_1d,0.0029080442618578672
245,B,underwater,fx_level_z_252,-0.03292883187532425
245,alpha,,kospi_return_1d,0.006617378443479538
245,alpha,,fx_level_z_252,0.01620382070541382
246,beta,momentum,,-0.024368487298488617
246,beta,persist,,0.08324848860502243
246,beta,underwater,,0.03766733035445213
246,B,momentum,kospi_return_1d,-0.006764616351574659
246,B,momentum,fx_level_z_252,0.00035368301905691624
246,B,persist,kospi_return_1d,-0.01908668875694275
246,B,persist,fx_level_z_252,0.0027674699667841196
246,B,underwater,kospi_return_1d,0.002831667196005583
246,B,underwater,fx_level_z_252,-0.03276384621858597
246,alpha,,kospi_return_1d,0.006508538033813238
246,alpha,,fx_level_z_252,0.016272077336907387
247,beta,momentum,,-0.024542098864912987
247,beta,persist,,0.08335566520690918
247,beta,underwater,,0.037855617702007294
247,B,momentum,kospi_return_1d,-0.006652579177170992
247,B,momentum,fx_level_z_252,0.0001673083461355418
247,B,persist,kospi_return_1d,-0.019067324697971344
247,B,persist,fx_level_z_252,0.002631634008139372
247,B,underwater,kospi_return_1d,0.0026913846377283335
247,B,underwater,fx_level_z_252,-0.03266244754195213
247,alpha,,kospi_return_1d,0.006539307069033384
247,alpha,,fx_level_z_252,0.016277382150292397
248,beta,momentum,,-0.024716557934880257
248,beta,persist,,0.08339124172925949
248,beta,underwater,,0.03787663206458092
248,B,momentum,kospi_return_1d,-0.006497164256870747
248,B,momentum,fx_level_z_252,9.237289486918598e-05
248,B,persist,kospi_return_1d,-0.019108610227704048
248,B,persist,fx_level_z_252,0.0025605708360671997
248,B,underwater,kospi_return_1d,0.002561160596087575
248,B,underwater,fx_level_z_252,-0.03268636763095856
248,alpha,,kospi_return_1d,0.006640108302235603
248,alpha,,fx_level_z_252,0.01627347245812416
249,beta,momentum,,-0.02480076625943184
249,beta,persist,,0.08339773863554001
249,beta,underwater,,0.03783019259572029
249,B,momentum,kospi_return_1d,-0.006379737518727779
249,B,momentum,fx_level_z_252,9.434352978132665e-05
249,B,persist,kospi_return_1d,-0.01924397423863411
249,B,persist,fx_level_z_252,0.0025749055203050375
249,B,underwater,kospi_return_1d,0.00238958653062582
249,B,underwater,fx_level_z_252,-0.03282942622900009
249,alpha,,kospi_return_1d,0.006799293216317892
249,alpha,,fx_level_z_252,0.016274023801088333
250,beta,momentum,,-0.024950120598077774
250,beta,persist,,0.08341376483440399
250,beta,underwater,,0.03788755461573601
250,B,momentum,kospi_return_1d,-0.0062560695223510265
250,B,momentum,fx_level_z_252,0.0001847789390012622
250,B,persist,kospi_return_1d,-0.01919855736196041
250,B,persist,fx_level_z_252,0.0024934925604611635
250,B,underwater,kospi_return_1d,0.002357646357268095
250,B,underwater,fx_level_z_252,-0.03292551264166832
250,alpha,,kospi_return_1d,0.006777634844183922
250,alpha,,fx_level_z_252,0.016347115859389305
251,beta,momentum,,-0.025103822350502014
251,beta,persist,,0.0834740400314331
251,beta,underwater,,0.03798074647784233
251,B,momentum,kospi_return_1d,-0.006147163454443216
251,B,momentum,fx_level_z_252,0.00023336902086157352
251,B,persist,kospi_return_1d,-0.01914936676621437
251,B,persist,fx_level_z_252,0.0024331710301339626
251,B,underwater,kospi_return_1d,0.002298729494214058
251,B,underwater,fx_level_z_252,-0.03303449973464012
251,alpha,,kospi_return_1d,0.006820441223680973
251,alpha,,fx_level_z_252,0.016585279256105423
252,beta,momentum,,-0.025127029046416283
252,beta,persist,,0.08356168121099472
252,beta,underwater,,0.038038648664951324
252,B,momentum,kospi_return_1d,-0.006278143730014563
252,B,momentum,fx_level_z_252,0.00027910686912946403
252,B,persist,kospi_return_1d,-0.01897033117711544
252,B,persist,fx_level_z_252,0.002359244739636779
252,B,underwater,kospi_return_1d,0.0024050544016063213
252,B,underwater,fx_level_z_252,-0.03323528915643692
252,alpha,,kospi_return_1d,0.006752791814506054
252,alpha,,fx_level_z_252,0.016910679638385773
253,beta,momentum,,-0.025234229862689972
253,beta,persist,,0.08375011384487152
253,beta,underwater,,0.03809680789709091
253,B,momentum,kospi_return_1d,-0.006472620647400618
253,B,momentum,fx_level_z_252,0.0003216937475372106
253,B,persist,kospi_return_1d,-0.018682748079299927
253,B,persist,fx_level_z_252,0.002275326056405902
253,B,underwater,kospi_return_1d,0.0026344803627580404
253,B,underwater,fx_level_z_252,-0.03350542113184929
253,alpha,,kospi_return_1d,0.006747980136424303
253,alpha,,fx_level_z_252,0.017098262906074524
254,beta,momentum,,-0.02539006434381008
254,beta,persist,,0.083877332508564
254,beta,underwater,,0.03817727789282799
254,B,momentum,kospi_return_1d,-0.006398226134479046
254,B,momentum,fx_level_z_252,0.00014220832963474095
254,B,persist,kospi_return_1d,-0.018723053857684135
254,B,persist,fx_level_z_252,0.0023946543224155903
254,B,underwater,kospi_return_1d,0.002703592414036393
254,B,underwater,fx_level_z_252,-0.03359498083591461
254,alpha,,kospi_return_1d,0.006789809558540583
254,alpha,,fx_level_z_252,0.017243167385458946
255,beta,momentum,,-0.025382591411471367
255,beta,persist,,0.08388379216194153
255,beta,underwater,,0.03814731910824776
255,B,momentum,kospi_return_1d,-0.00632104417309165
255,B,momentum,fx_level_z_252,-6.119883619248867e-05
255,B,persist,kospi_return_1d,-0.01859767735004425
255,B,persist,fx_level_z_252,0.002630857517942786
255,B,underwater,kospi_return_1d,0.00276337843388319
255,B,underwater,fx_level_z_252,-0.03373335674405098
255,alpha,,kospi_return_1d,0.006885145325213671
255,alpha,,fx_level_z_252,0.01729213073849678
256,beta,momentum,,-0.025365075096488
256,beta,persist,,0.08394007384777069
256,beta,underwater,,0.03805846348404884
256,B,momentum,kospi_return_1d,-0.006100005935877562
256,B,momentum,fx_level_z_252,-5.078048707218841e-05
256,B,persist,kospi_return_1d,-0.018547391518950462
256,B,persist,fx_level_z_252,0.0026857182383537292
256,B,underwater,kospi_return_1d,0.0027371442411094904
256,B,underwater,fx_level_z_252,-0.033973731100559235
256,alpha,,kospi_return_1d,0.006966295652091503
256,alpha,,fx_level_z_252,0.017270656302571297
257,beta,momentum,,-0.02540152333676815
257,beta,persist,,0.08401160687208176
257,beta,underwater,,0.03805999085307121
257,B,momentum,kospi_return_1d,-0.005797190126031637
257,B,momentum,fx_level_z_252,-5.432621401268989e-05
257,B,persist,kospi_return_1d,-0.018531309440732002
257,B,persist,fx_level_z_252,0.002858899999409914
257,B,underwater,kospi_return_1d,0.0026604165323078632
257,B,underwater,fx_level_z_252,-0.03400547429919243
257,alpha,,kospi_return_1d,0.006959640420973301
257,alpha,,fx_level_z_252,0.017273683100938797
258,beta,momentum,,-0.025493208318948746
258,beta,persist,,0.08407394587993622
258,beta,underwater,,0.03819045051932335
258,B,momentum,kospi_return_1d,-0.005472729913890362
258,B,momentum,fx_level_z_252,-0.0001780810416676104
258,B,persist,kospi_return_1d,-0.018614554777741432
258,B,persist,fx_level_z_252,0.0031684625428169966
258,B,underwater,kospi_return_1d,0.0023734509013593197
258,B,underwater,fx_level_z_252,-0.0337061807513237
258,alpha,,kospi_return_1d,0.006902495864778757
258,alpha,,fx_level_z_252,0.017428083345294
259,beta,momentum,,-0.025514524430036545
259,beta,persist,,0.08409224450588226
259,beta,underwater,,0.03829421475529671
259,B,momentum,kospi_return_1d,-0.005117505788803101
259,B,momentum,fx_level_z_252,-8.08284676168114e-05
259,B,persist,kospi_return_1d,-0.01860971376299858
259,B,persist,fx_level_z_252,0.00335922883823514
259,B,underwater,kospi_return_1d,0.0020746486261487007
259,B,underwater,fx_level_z_252,-0.03348631411790848
259,alpha,,kospi_return_1d,0.006800694391131401
259,alpha,,fx_level_z_252,0.01762246899306774
260,beta,momentum,,-0.02535279095172882
260,beta,persist,,0.08402784168720245
260,beta,underwater,,0.03833230212330818
260,B,momentum,kospi_return_1d,-0.004904484376311302
260,B,momentum,fx_level_z_252,2.0290066458983347e-05
260,B,persist,kospi_return_1d,-0.018591873347759247
260,B,persist,fx_level_z_252,0.0035598943941295147
260,B,underwater,kospi_return_1d,0.0018247123807668686
260,B,underwater,fx_level_z_252,-0.033356063067913055
260,alpha,,kospi_return_1d,0.006786223500967026
260,alpha,,fx_level_z_252,0.017756862565875053
261,beta,momentum,,-0.02524370700120926
261,beta,persist,,0.0839710682630539
261,beta,underwater,,0.038347285240888596
261,B,momentum,kospi_return_1d,-0.004886916372925043
261,B,momentum,fx_level_z_252,0.00011804506357293576
261,B,persist,kospi_return_1d,-0.01857493631541729
261,B,persist,fx_level_z_252,0.003880781354382634
261,B,underwater,kospi_return_1d,0.0016602551331743598
261,B,underwater,fx_level_z_252,-0.033331193029880524
261,alpha,,kospi_return_1d,0.006808320991694927
261,alpha,,fx_level_z_252,0.01803000457584858
262,beta,momentum,,-0.02516128681600094
262,beta,persist,,0.08390512317419052
262,beta,underwater,,0.03827310726046562
262,B,momentum,kospi_return_1d,-0.004798585548996925
262,B,momentum,fx_level_z_252,0.00016443754429928958
262,B,persist,kospi_return_1d,-0.018632756546139717
262,B,persist,fx_level_z_252,0.004287385381758213
262,B,underwater,kospi_return_1d,0.001528792199678719
262,B,underwater,fx_level_z_252,-0.03338506072759628
262,alpha,,kospi_return_1d,0.006894633639603853
262,alpha,,fx_level_z_252,0.018113791942596436
263,beta,momentum,,-0.025046633556485176
263,beta,persist,,0.08383113890886307
263,beta,underwater,,0.0382169745862484
263,B,momentum,kospi_return_1d,-0.004775342997163534
263,B,momentum,fx_level_z_252,5.448856973089278e-05
263,B,persist,kospi_return_1d,-0.018533645197749138
263,B,persist,fx_level_z_252,0.004633764736354351
263,B,underwater,kospi_return_1d,0.0015537996077910066
263,B,underwater,fx_level_z_252,-0.03330673649907112
263,alpha,,kospi_return_1d,0.006963169202208519
263,alpha,,fx_level_z_252,0.018129996955394745
264,beta,momentum,,-0.02491111122071743
264,beta,persist,,0.08368723839521408
264,beta,underwater,,0.03814971074461937
264,B,momentum,kospi_return_1d,-0.00492402259260416
264,B,momentum,fx_level_z_252,-0.0001173277196357958
264,B,persist,kospi_return_1d,-0.018450884148478508
264,B,persist,fx_level_z_252,0.004944050218909979
264,B,underwater,kospi_return_1d,0.0015337002696469426
264,B,underwater,fx_level_z_252,-0.03315740451216698
264,alpha,,kospi_return_1d,0.007215661928057671
264,alpha,,fx_level_z_252,0.018003281205892563
265,beta,momentum,,-0.02485126070678234
265,beta,persist,,0.08344455063343048
265,beta,underwater,,0.03801567107439041
265,B,momentum,kospi_return_1d,-0.005142976529896259
265,B,momentum,fx_level_z_252,-8.104599692160264e-05
265,B,persist,kospi_return_1d,-0.01850731484591961
265,B,persist,fx_level_z_252,0.005277892574667931
265,B,underwater,kospi_return_1d,0.0015080749290063977
265,B,underwater,fx_level_z_252,-0.033121347427368164
265,alpha,,kospi_return_1d,0.007594791706651449
265,alpha,,fx_level_z_252,0.01770993135869503
266,beta,momentum,,-0.02481232024729252
266,beta,persist,,0.08330416679382324
266,beta,underwater,,0.03795658424496651
266,B,momentum,kospi_return_1d,-0.005398699548095465
266,B,momentum,fx_level_z_252,4.9444126489106566e-05
266,B,persist,kospi_return_1d,-0.0183282308280468
266,B,persist,fx_level_z_252,0.005416874308139086
266,B,underwater,kospi_return_1d,0.001536628813482821
266,B,underwater,fx_level_z_252,-0.03322071209549904
266,alpha,,kospi_return_1d,0.008027872070670128
266,alpha,,fx_level_z_252,0.017626354470849037
267,beta,momentum,,-0.024956371635198593
267,beta,persist,,0.08331336826086044
267,beta,underwater,,0.038033612072467804
267,B,momentum,kospi_return_1d,-0.005541231017559767
267,B,momentum,fx_level_z_252,6.128149834694341e-05
267,B,persist,kospi_return_1d,-0.018096614629030228
267,B,persist,fx_level_z_252,0.005352943670004606
267,B,underwater,kospi_return_1d,0.0016722428845241666
267,B,underwater,fx_level_z_252,-0.03321411460638046
267,alpha,,kospi_return_1d,0.008327523246407509
267,alpha,,fx_level_z_252,0.017564311623573303
268,beta,momentum,,-0.025071071460843086
268,beta,persist,,0.08329206705093384
268,beta,underwater,,0.038022466003894806
268,B,momentum,kospi_return_1d,-0.005614860914647579
268,B,momentum,fx_level_z_252,1.72944874066161e-05
268,B,persist,kospi_return_1d,-0.01792818494141102
268,B,persist,fx_level_z_252,0.0054352800361812115
268,B,underwater,kospi_return_1d,0.001825242186896503
268,B,underwater,fx_level_z_252,-0.03336126729846001
268,alpha,,kospi_return_1d,0.008638421073555946
268,alpha,,fx_level_z_252,0.01759052649140358
269,beta,momentum,,-0.02529367431998253
269,beta,persist,,0.08331914991140366
269,beta,underwater,,0.03805166110396385
269,B,momentum,kospi_return_1d,-0.005830269306898117
269,B,momentum,fx_level_z_252,-4.712910595117137e-05
269,B,persist,kospi_return_1d,-0.017702616751194
269,B,persist,fx_level_z_252,0.005515877157449722
269,B,underwater,kospi_return_1d,0.0021442489232867956
269,B,underwater,fx_level_z_252,-0.033531296998262405
269,alpha,,kospi_return_1d,0.008772658184170723
269,alpha,,fx_level_z_252,0.017752336338162422
270,beta,momentum,,-0.025595204904675484
270,beta,persist,,0.08348163962364197
270,beta,underwater,,0.038120318204164505
270,B,momentum,kospi_return_1d,-0.006050088908523321
270,B,momentum,fx_level_z_252,-0.0001492068695370108
270,B,persist,kospi_return_1d,-0.01751413196325302
270,B,persist,fx_level_z_252,0.0055542499758303165
270,B,underwater,kospi_return_1d,0.0024769091978669167
270,B,underwater,fx_level_z_252,-0.033478595316410065
270,alpha,,kospi_return_1d,0.008808711543679237
270,alpha,,fx_level_z_252,0.017798881977796555
271,beta,momentum,,-0.02571243979036808
271,beta,persist,,0.08369620144367218
271,beta,underwater,,0.03812162205576897
271,B,momentum,kospi_return_1d,-0.0061820377595722675
271,B,momentum,fx_level_z_252,-0.00031308468896895647
271,B,persist,kospi_return_1d,-0.017344359308481216
271,B,persist,fx_level_z_252,0.005538738798350096
271,B,underwater,kospi_return_1d,0.002742919372394681
271,B,underwater,fx_level_z_252,-0.03339480981230736
271,alpha,,kospi_return_1d,0.008717801421880722
271,alpha,,fx_level_z_252,0.01777348294854164
272,beta,momentum,,-0.02585241198539734
272,beta,persist,,0.08388659358024597
272,beta,underwater,,0.03818297013640404
272,B,momentum,kospi_return_1d,-0.006283504888415337
272,B,momentum,fx_level_z_252,-0.00036340742371976376
272,B,persist,kospi_return_1d,-0.017229225486516953
272,B,persist,fx_level_z_252,0.005713545251637697
272,B,underwater,kospi_return_1d,0.0028541204519569874
272,B,underwater,fx_level_z_252,-0.0331764854490757
272,alpha,,kospi_return_1d,0.008649470284581184
272,alpha,,fx_level_z_252,0.017805051058530807
273,beta,momentum,,-0.025898559018969536
273,beta,persist,,0.08394216001033783
273,beta,underwater,,0.03814044967293739
273,B,momentum,kospi_return_1d,-0.006176822818815708
273,B,momentum,fx_level_z_252,-0.0003702585818246007
273,B,persist,kospi_return_1d,-0.01734030246734619
273,B,persist,fx_level_z_252,0.005865652114152908
273,B,underwater,kospi_return_1d,0.0028859402518719435
273,B,underwater,fx_level_z_252,-0.03293750062584877
273,alpha,,kospi_return_1d,0.00851125456392765
273,alpha,,fx_level_z_252,0.017700981348752975
274,beta,momentum,,-0.026008982211351395
274,beta,persist,,0.08403611183166504
274,beta,underwater,,0.038096603006124496
274,B,momentum,kospi_return_1d,-0.005805619992315769
274,B,momentum,fx_level_z_252,-0.00020108981698285788
274,B,persist,kospi_return_1d,-0.0173709187656641
274,B,persist,fx_level_z_252,0.0059155491180717945
274,B,underwater,kospi_return_1d,0.0028637240175157785
274,B,underwater,fx_level_z_252,-0.03277871385216713
274,alpha,,kospi_return_1d,0.00843627005815506
274,alpha,,fx_level_z_252,0.017580874264240265
275,beta,momentum,,-0.025951389223337173
275,beta,persist,,0.0841405838727951
275,beta,underwater,,0.03796813637018204
275,B,momentum,kospi_return_1d,-0.005384162068367004
275,B,momentum,fx_level_z_252,7.45220240787603e-05
275,B,persist,kospi_return_1d,-0.01733630895614624
275,B,persist,fx_level_z_252,0.005856497213244438
275,B,underwater,kospi_return_1d,0.002792834537103772
275,B,underwater,fx_level_z_252,-0.03265809267759323
275,alpha,,kospi_return_1d,0.008388024754822254
275,alpha,,fx_level_z_252,0.01738995499908924
276,beta,momentum,,-0.025807976722717285
276,beta,persist,,0.08422121405601501
276,beta,underwater,,0.03769591078162193
276,B,momentum,kospi_return_1d,-0.004913086537271738
276,B,momentum,fx_level_z_252,0.00023688722285442054
276,B,persist,kospi_return_1d,-0.01741684228181839
276,B,persist,fx_level_z_252,0.00589009141549468
276,B,underwater,kospi_return_1d,0.0027666473761200905
276,B,underwater,fx_level_z_252,-0.03246349096298218
276,alpha,,kospi_return_1d,0.008267989382147789
276,alpha,,fx_level_z_252,0.016953054815530777
277,beta,momentum,,-0.02571236714720726
277,beta,persist,,0.08422139286994934
277,beta,underwater,,0.037521783262491226
277,B,momentum,kospi_return_1d,-0.004457812290638685
277,B,momentum,fx_level_z_252,0.00032219040440395474
277,B,persist,kospi_return_1d,-0.017421942204236984
277,B,persist,fx_level_z_252,0.005966881290078163
277,B,underwater,kospi_return_1d,0.0026499563828110695
277,B,underwater,fx_level_z_252,-0.0323057547211647
277,alpha,,kospi_return_1d,0.008145186118781567
277,alpha,,fx_level_z_252,0.016742916777729988
278,beta,momentum,,-0.025573186576366425
278,beta,persist,,0.08419062197208405
278,beta,underwater,,0.037329040467739105
278,B,momentum,kospi_return_1d,-0.004142903722822666
278,B,momentum,fx_level_z_252,0.0003499469021335244
278,B,persist,kospi_return_1d,-0.017295680940151215
278,B,persist,fx_level_z_252,0.005972101353108883
278,B,underwater,kospi_return_1d,0.002603492932394147
278,B,underwater,fx_level_z_252,-0.032281361520290375
278,alpha,,kospi_return_1d,0.008129057474434376
278,alpha,,fx_level_z_252,0.016553230583667755
279,beta,momentum,,-0.025475963950157166
279,beta,persist,,0.08421549946069717
279,beta,underwater,,0.037315063178539276
279,B,momentum,kospi_return_1d,-0.003940884489566088
279,B,momentum,fx_level_z_252,0.00021724929683841765
279,B,persist,kospi_return_1d,-0.017386779189109802
279,B,persist,fx_level_z_252,0.0060140639543533325
279,B,underwater,kospi_return_1d,0.002532730344682932
279,B,underwater,fx_level_z_252,-0.03212709352374077
279,alpha,,kospi_return_1d,0.008094662800431252
279,alpha,,fx_level_z_252,0.01636785827577114
280,beta,momentum,,-0.02546539343893528
280,beta,persist,,0.08427637070417404
280,beta,underwater,,0.037339773029088974
280,B,momentum,kospi_return_1d,-0.003834679489955306
280,B,momentum,fx_level_z_252,0.00012842509022448212
280,B,persist,kospi_return_1d,-0.01770804449915886
280,B,persist,fx_level_z_252,0.0062245274893939495
280,B,underwater,kospi_return_1d,0.0023870926816016436
280,B,underwater,fx_level_z_252,-0.03204729035496712
280,alpha,,kospi_return_1d,0.008019877597689629
280,alpha,,fx_level_z_252,0.016303949058055878
281,beta,momentum,,-0.0254275631159544
281,beta,persist,,0.08435287326574326
281,beta,underwater,,0.037398871034383774
281,B,momentum,kospi_return_1d,-0.0036932136863470078
281,B,momentum,fx_level_z_252,-0.00010130591545021161
281,B,persist,kospi_return_1d,-0.018049392849206924
281,B,persist,fx_level_z_252,0.006374772638082504
281,B,underwater,kospi_return_1d,0.002183374250307679
281,B,underwater,fx_level_z_252,-0.03181461989879608
281,alpha,,kospi_return_1d,0.007750071585178375
281,alpha,,fx_level_z_252,0.01622362807393074
282,beta,momentum,,-0.025491459295153618
282,beta,persist,,0.08441007882356644
282,beta,underwater,,0.037472203373909
282,B,momentum,kospi_return_1d,-0.003752554999664426
282,B,momentum,fx_level_z_252,-0.00015683374658692628
282,B,persist,kospi_return_1d,-0.018314622342586517
282,B,persist,fx_level_z_252,0.006208491045981646
282,B,underwater,kospi_return_1d,0.0020684138871729374
282,B,underwater,fx_level_z_252,-0.031695473939180374
282,alpha,,kospi_return_1d,0.00771733745932579
282,alpha,,fx_level_z_252,0.016088105738162994
283,beta,momentum,,-0.025536561384797096
283,beta,persist,,0.08440529555082321
283,beta,underwater,,0.03752630576491356
283,B,momentum,kospi_return_1d,-0.003949298523366451
283,B,momentum,fx_level_z_252,1.5599798643961549e-06
283,B,persist,kospi_return_1d,-0.01842939853668213
283,B,persist,fx_level_z_252,0.005771008785814047
283,B,underwater,kospi_return_1d,0.0019545643590390682
283,B,underwater,fx_level_z_252,-0.031781088560819626
283,alpha,,kospi_return_1d,0.0077150193974375725
283,alpha,,fx_level_z_252,0.015893952921032906
284,beta,momentum,,-0.025488562881946564
284,beta,persist,,0.08430251479148865
284,beta,underwater,,0.03739163279533386
284,B,momentum,kospi_return_1d,-0.004337971564382315
284,B,momentum,fx_level_z_252,0.0004071612493135035
284,B,persist,kospi_return_1d,-0.018436254933476448
284,B,persist,fx_level_z_252,0.005104586016386747
284,B,underwater,kospi_return_1d,0.0020732441917061806
284,B,underwater,fx_level_z_252,-0.03221850097179413
284,alpha,,kospi_return_1d,0.007982895709574223
284,alpha,,fx_level_z_252,0.01564798317849636
285,beta,momentum,,-0.025448335334658623
285,beta,persist,,0.08413531631231308
285,beta,underwater,,0.037365563213825226
285,B,momentum,kospi_return_1d,-0.004596983548253775
285,B,momentum,fx_level_z_252,0.0006973475101403892
285,B,persist,kospi_return_1d,-0.018437489867210388
285,B,persist,fx_level_z_252,0.00453196419402957
285,B,underwater,kospi_return_1d,0.0022070608101785183
285,B,underwater,fx_level_z_252,-0.032704323530197144
285,alpha,,kospi_return_1d,0.008305124007165432
285,alpha,,fx_level_z_252,0.01565423049032688
286,beta,momentum,,-0.02538651041686535
286,beta,persist,,0.08396846801042557
286,beta,underwater,,0.03727031499147415
286,B,momentum,kospi_return_1d,-0.004886499606072903
286,B,momentum,fx_level_z_252,0.0009027204941958189
286,B,persist,kospi_return_1d,-0.018315119668841362
286,B,persist,fx_level_z_252,0.0041206455789506435
286,B,underwater,kospi_return_1d,0.0023352468851953745
286,B,underwater,fx_level_z_252,-0.0331505686044693
286,alpha,,kospi_return_1d,0.0086283627897501
286,alpha,,fx_level_z_252,0.015690984204411507
287,beta,momentum,,-0.025227418169379234
287,beta,persist,,0.08383944630622864
287,beta,underwater,,0.0372115820646286
287,B,momentum,kospi_return_1d,-0.005098402034491301
287,B,momentum,fx_level_z_252,0.0009083287441171706
287,B,persist,kospi_return_1d,-0.01824023202061653
287,B,persist,fx_level_z_252,0.0037575308233499527
287,B,underwater,kospi_return_1d,0.002447095699608326
287,B,underwater,fx_level_z_252,-0.03347020223736763
287,alpha,,kospi_return_1d,0.008928115479648113
287,alpha,,fx_level_z_252,0.015785105526447296
288,beta,momentum,,-0.02505658008158207
288,beta,persist,,0.08376859873533249
288,beta,underwater,,0.03708895668387413
288,B,momentum,kospi_return_1d,-0.0052223363891243935
288,B,momentum,fx_level_z_252,0.0007993659237399697
288,B,persist,kospi_return_1d,-0.018171407282352448
288,B,persist,fx_level_z_252,0.003384876996278763
288,B,underwater,kospi_return_1d,0.002648602006956935
288,B,underwater,fx_level_z_252,-0.03376220539212227
288,alpha,,kospi_return_1d,0.009152649901807308
288,alpha,,fx_level_z_252,0.015911966562271118
289,beta,momentum,,-0.024975193664431572
289,beta,persist,,0.08379345387220383
289,beta,underwater,,0.03702792897820473
289,B,momentum,kospi_return_1d,-0.00544744124636054
289,B,momentum,fx_level_z_252,0.0005732521531172097
289,B,persist,kospi_return_1d,-0.018235571682453156
289,B,persist,fx_level_z_252,0.002999658230692148
289,B,underwater,kospi_return_1d,0.002817586762830615
289,B,underwater,fx_level_z_252,-0.03387066349387169
289,alpha,,kospi_return_1d,0.009136744774878025
289,alpha,,fx_level_z_252,0.015940548852086067
290,beta,momentum,,-0.02503441832959652
290,beta,persist,,0.0838027074933052
290,beta,underwater,,0.03704389929771423
290,B,momentum,kospi_return_1d,-0.005541153717786074
290,B,momentum,fx_level_z_252,0.000297946302453056
290,B,persist,kospi_return_1d,-0.018254078924655914
290,B,persist,fx_level_z_252,0.0026723332703113556
290,B,underwater,kospi_return_1d,0.0027826742734760046
290,B,underwater,fx_level_z_252,-0.03383862227201462
290,alpha,,kospi_return_1d,0.009207595139741898
290,alpha,,fx_level_z_252,0.015841061249375343
291,beta,momentum,,-0.025031914934515953
291,beta,persist,,0.08369361609220505
291,beta,underwater,,0.03696742281317711
291,B,momentum,kospi_return_1d,-0.005521770566701889
291,B,momentum,fx_level_z_252,-7.805413042660803e-05
291,B,persist,kospi_return_1d,-0.018199017271399498
291,B,persist,fx_level_z_252,0.002495087217539549
291,B,underwater,kospi_return_1d,0.0028154419269412756
291,B,underwater,fx_level_z_252,-0.03372808173298836
291,alpha,,kospi_return_1d,0.009434103965759277
291,alpha,,fx_level_z_252,0.015600607730448246
292,beta,momentum,,-0.02509700506925583
292,beta,persist,,0.08373332768678665
292,beta,underwater,,0.03709709271788597
292,B,momentum,kospi_return_1d,-0.0054843490943312645
292,B,momentum,fx_level_z_252,-0.0002628732763696462
292,B,persist,kospi_return_1d,-0.01818857342004776
292,B,persist,fx_level_z_252,0.002341083250939846
292,B,underwater,kospi_return_1d,0.002701013581827283
292,B,underwater,fx_level_z_252,-0.03349432721734047
292,alpha,,kospi_return_1d,0.009547784924507141
292,alpha,,fx_level_z_252,0.015578780323266983
293,beta,momentum,,-0.02523154951632023
293,beta,persist,,0.08386493474245071
293,beta,underwater,,0.03735646978020668
293,B,momentum,kospi_return_1d,-0.0054318867623806
293,B,momentum,fx_level_z_252,-0.00043105758959427476
293,B,persist,kospi_return_1d,-0.018251655623316765
293,B,persist,fx_level_z_252,0.0021750840824097395
293,B,underwater,kospi_return_1d,0.002499902853742242
293,B,underwater,fx_level_z_252,-0.03323690593242645
293,alpha,,kospi_return_1d,0.009514578618109226
293,alpha,,fx_level_z_252,0.015659436583518982
294,beta,momentum,,-0.02530718967318535
294,beta,persist,,0.08396865427494049
294,beta,underwater,,0.03759661316871643
294,B,momentum,kospi_return_1d,-0.005388154182583094
294,B,momentum,fx_level_z_252,-0.0005567068001255393
294,B,persist,kospi_return_1d,-0.0183928981423378
294,B,persist,fx_level_z_252,0.0020628762431442738
294,B,underwater,kospi_return_1d,0.002287066075950861
294,B,underwater,fx_level_z_252,-0.033101290464401245
294,alpha,,kospi_return_1d,0.00958279799669981
294,alpha,,fx_level_z_252,0.0157471876591444
295,beta,momentum,,-0.02527623623609543
295,beta,persist,,0.08404459059238434
295,beta,underwater,,0.03782571479678154
295,B,momentum,kospi_return_1d,-0.005407554563134909
295,B,momentum,fx_level_z_252,-0.0007464066729880869
295,B,persist,kospi_return_1d,-0.018469130620360374
295,B,persist,fx_level_z_252,0.002112356713041663
295,B,underwater,kospi_return_1d,0.0021093881223350763
295,B,underwater,fx_level_z_252,-0.032908760011196136
295,alpha,,kospi_return_1d,0.00952206738293171
295,alpha,,fx_level_z_252,0.01573154143989086
296,beta,momentum,,-0.025279583409428596
296,beta,persist,,0.08410030603408813
296,beta,underwater,,0.03800686448812485
296,B,momentum,kospi_return_1d,-0.005310634151101112
296,B,momentum,fx_level_z_252,-0.0006284326082095504
296,B,persist,kospi_return_1d,-0.01856815256178379
296,B,persist,fx_level_z_252,0.002163577824831009
296,B,underwater,kospi_return_1d,0.0021186494268476963
296,B,underwater,fx_level_z_252,-0.03284459188580513
296,alpha,,kospi_return_1d,0.00940690841525793
296,alpha,,fx_level_z_252,0.015714621171355247
297,beta,momentum,,-0.025186261162161827
297,beta,persist,,0.0840890184044838
297,beta,underwater,,0.03811168298125267
297,B,momentum,kospi_return_1d,-0.005348637700080872
297,B,momentum,fx_level_z_252,-0.00023925010464154184
297,B,persist,kospi_return_1d,-0.018589526414871216
297,B,persist,fx_level_z_252,0.002236508997157216
297,B,underwater,kospi_return_1d,0.002121305325999856
297,B,underwater,fx_level_z_252,-0.03295837715268135
297,alpha,,kospi_return_1d,0.009398502297699451
297,alpha,,fx_level_z_252,0.015819869935512543
298,beta,momentum,,-0.025213541463017464
298,beta,persist,,0.08404570817947388
298,beta,underwater,,0.03838985785841942
298,B,momentum,kospi_return_1d,-0.005330173298716545
298,B,momentum,fx_level_z_252,2.069954643957317e-05
298,B,persist,kospi_return_1d,-0.01871817745268345
298,B,persist,fx_level_z_252,0.00241999258287251
298,B,underwater,kospi_return_1d,0.0019340130966156721
298,B,underwater,fx_level_z_252,-0.03284137323498726
298,alpha,,kospi_return_1d,0.009420950897037983
298,alpha,,fx_level_z_252,0.016073714941740036
299,beta,momentum,,-0.025226294994354248
299,beta,persist,,0.08391395956277847
299,beta,underwater,,0.03855956718325615
299,B,momentum,kospi_return_1d,-0.005211147479712963
299,B,momentum,fx_level_z_252,0.0002952920040115714
299,B,persist,kospi_return_1d,-0.018924156203866005
299,B,persist,fx_level_z_252,0.0025184284895658493
299,B,underwater,kospi_return_1d,0.0016815827693790197
299,B,underwater,fx_level_z_252,-0.03283991292119026
299,alpha,,kospi_return_1d,0.009370492771267891
299,alpha,,fx_level_z_252,0.016087200492620468
300,beta,momentum,,-0.02527136169373989
300,beta,persist,,0.08379405736923218
300,beta,underwater,,0.03869913890957832
300,B,momentum,kospi_return_1d,-0.005038491915911436
300,B,momentum,fx_level_z_252,0.0005185372428968549
300,B,persist,kospi_return_1d,-0.01896463707089424
300,B,persist,fx_level_z_252,0.002566919894888997
300,B,underwater,kospi_return_1d,0.0014430470764636993
300,B,underwater,fx_level_z_252,-0.03273656964302063
300,alpha,,kospi_return_1d,0.009228885173797607
300,alpha,,fx_level_z_252,0.01616916060447693
