epoch,parameter,feature,context,weight
0,beta,momentum,,0.0
0,beta,persist,,0.0
0,beta,underwater,,0.0
0,B,momentum,kospi_return_1d,0.0
0,B,momentum,fx_level_z_252,0.0
0,B,persist,kospi_return_1d,0.0
0,B,persist,fx_level_z_252,0.0
0,B,underwater,kospi_return_1d,0.0
0,B,underwater,fx_level_z_252,0.0
0,alpha,,kospi_return_1d,0.0
0,alpha,,fx_level_z_252,0.0
1,beta,momentum,,-0.0019954910967499018
1,beta,persist,,0.0020011228043586016
1,beta,underwater,,0.0019991002045571804
1,B,momentum,kospi_return_1d,0.0003016641130670905
1,B,momentum,fx_level_z_252,0.0019613965414464474
1,B,persist,kospi_return_1d,-0.0019993234891444445
1,B,persist,fx_level_z_252,-0.0019922410137951374
1,B,underwater,kospi_return_1d,-0.0017742651980370283
1,B,underwater,fx_level_z_252,-0.0017803390510380268
1,alpha,,kospi_return_1d,-0.0019490409176796675
1,alpha,,fx_level_z_252,0.0019857080187648535
2,beta,momentum,,-0.003983716014772654
2,beta,persist,,0.00399484857916832
2,beta,underwater,,0.003981511574238539
2,B,momentum,kospi_return_1d,-0.0006562850321643054
2,B,momentum,fx_level_z_252,0.0038264640606939793
2,B,persist,kospi_return_1d,-0.003645530203357339
2,B,persist,fx_level_z_252,-0.0037619974464178085
2,B,underwater,kospi_return_1d,-0.0027098883874714375
2,B,underwater,fx_level_z_252,-0.003279873402789235
2,alpha,,kospi_return_1d,-0.003796659642830491
2,alpha,,fx_level_z_252,0.003896025475114584
3,beta,momentum,,-0.005954539868980646
3,beta,persist,,0.005976437591016293
3,beta,underwater,,0.005953936837613583
3,B,momentum,kospi_return_1d,-0.00103571149520576
3,B,momentum,fx_level_z_252,0.005613276269286871
3,B,persist,kospi_return_1d,-0.00526296766474843
3,B,persist,fx_level_z_252,-0.005211063660681248
3,B,underwater,kospi_return_1d,-0.0036906099412590265
3,B,underwater,fx_level_z_252,-0.004710590932518244
3,alpha,,kospi_return_1d,-0.005601553246378899
3,alpha,,fx_level_z_252,0.005743898451328278
4,beta,momentum,,-0.007887372747063637
4,beta,persist,,0.007941773161292076
4,beta,underwater,,0.007893825881183147
4,B,momentum,kospi_return_1d,-0.0016479177866131067
4,B,momentum,fx_level_z_252,0.007337776944041252
4,B,persist,kospi_return_1d,-0.006856206338852644
4,B,persist,fx_level_z_252,-0.006415065377950668
4,B,underwater,kospi_return_1d,-0.004650164395570755
4,B,underwater,fx_level_z_252,-0.0060180677101016045
4,alpha,,kospi_return_1d,-0.007391586899757385
4,alpha,,fx_level_z_252,0.007611458655446768
5,beta,momentum,,-0.009787697345018387
5,beta,persist,,0.009891295805573463
5,beta,underwater,,0.00978862028568983
5,B,momentum,kospi_return_1d,-0.0022509403061121702
5,B,momentum,fx_level_z_252,0.008967962116003036
5,B,persist,kospi_return_1d,-0.008101284503936768
5,B,persist,fx_level_z_252,-0.007500318344682455
5,B,underwater,kospi_return_1d,-0.0052756513468921185
5,B,underwater,fx_level_z_252,-0.007381922099739313
5,alpha,,kospi_return_1d,-0.009061401709914207
5,alpha,,fx_level_z_252,0.009467902593314648
6,beta,momentum,,-0.011665529571473598
6,beta,persist,,0.011814702302217484
6,beta,underwater,,0.011660932563245296
6,B,momentum,kospi_return_1d,-0.0030612365808337927
6,B,momentum,fx_level_z_252,0.010365498252213001
6,B,persist,kospi_return_1d,-0.00898038037121296
6,B,persist,fx_level_z_252,-0.008363747037947178
6,B,underwater,kospi_return_1d,-0.005811022128909826
6,B,underwater,fx_level_z_252,-0.00862978957593441
6,alpha,,kospi_return_1d,-0.010564001277089119
6,alpha,,fx_level_z_252,0.011256924830377102
7,beta,momentum,,-0.013511954806745052
7,beta,persist,,0.013721579685807228
7,beta,underwater,,0.013482234440743923
7,B,momentum,kospi_return_1d,-0.0040339999832212925
7,B,momentum,fx_level_z_252,0.01167094986885786
7,B,persist,kospi_return_1d,-0.009802736341953278
7,B,persist,fx_level_z_252,-0.00872053299099207
7,B,underwater,kospi_return_1d,-0.006124216131865978
7,B,underwater,fx_level_z_252,-0.009765522554516792
7,alpha,,kospi_return_1d,-0.011959181167185307
7,alpha,,fx_level_z_252,0.01290671806782484
8,beta,momentum,,-0.015303244814276695
8,beta,persist,,0.015583779662847519
8,beta,underwater,,0.015228938311338425
8,B,momentum,kospi_return_1d,-0.004874248988926411
8,B,momentum,fx_level_z_252,0.0129384221509099
8,B,persist,kospi_return_1d,-0.010774897411465645
8,B,persist,fx_level_z_252,-0.008991710841655731
8,B,underwater,kospi_return_1d,-0.006312134675681591
8,B,underwater,fx_level_z_252,-0.010883724316954613
8,alpha,,kospi_return_1d,-0.013252370990812778
8,alpha,,fx_level_z_252,0.01448869239538908
9,beta,momentum,,-0.017047345638275146
9,beta,persist,,0.017411008477211
9,beta,underwater,,0.016904592514038086
9,B,momentum,kospi_return_1d,-0.005718146916478872
9,B,momentum,fx_level_z_252,0.01399566512554884
9,B,persist,kospi_return_1d,-0.011732110753655434
9,B,persist,fx_level_z_252,-0.008688312955200672
9,B,underwater,kospi_return_1d,-0.00640588253736496
9,B,underwater,fx_level_z_252,-0.011812631040811539
9,alpha,,kospi_return_1d,-0.01446200255304575
9,alpha,,fx_level_z_252,0.016045967116951942
10,beta,momentum,,-0.01873956248164177
10,beta,persist,,0.019204897806048393
10,beta,underwater,,0.018502123653888702
10,B,momentum,kospi_return_1d,-0.00632418692111969
10,B,momentum,fx_level_z_252,0.014920420944690704
10,B,persist,kospi_return_1d,-0.012696607038378716
10,B,persist,fx_level_z_252,-0.008163443766534328
10,B,underwater,kospi_return_1d,-0.006325847469270229
10,B,underwater,fx_level_z_252,-0.012762768194079399
10,alpha,,kospi_return_1d,-0.015566809102892876
10,alpha,,fx_level_z_252,0.01753631979227066
11,beta,momentum,,-0.02038734219968319
11,beta,persist,,0.02096414938569069
11,beta,underwater,,0.02004190720617771
11,B,momentum,kospi_return_1d,-0.00722784548997879
11,B,momentum,fx_level_z_252,0.015619449317455292
11,B,persist,kospi_return_1d,-0.01359107717871666
11,B,persist,fx_level_z_252,-0.007544932886958122
11,B,underwater,kospi_return_1d,-0.005993736907839775
11,B,underwater,fx_level_z_252,-0.013523085974156857
11,alpha,,kospi_return_1d,-0.016521336510777473
11,alpha,,fx_level_z_252,0.019007578492164612
12,beta,momentum,,-0.022005131468176842
12,beta,persist,,0.02269645407795906
12,beta,underwater,,0.021522225812077522
12,B,momentum,kospi_return_1d,-0.00815567560493946
12,B,momentum,fx_level_z_252,0.016126364469528198
12,B,persist,kospi_return_1d,-0.014405381865799427
12,B,persist,fx_level_z_252,-0.006644087843596935
12,B,underwater,kospi_return_1d,-0.005549161229282618
12,B,underwater,fx_level_z_252,-0.014097712002694607
12,alpha,,kospi_return_1d,-0.017418397590517998
12,alpha,,fx_level_z_252,0.02040303498506546
13,beta,momentum,,-0.023567523807287216
13,beta,persist,,0.024384593591094017
13,beta,underwater,,0.022954454645514488
13,B,momentum,kospi_return_1d,-0.00911389384418726
13,B,momentum,fx_level_z_252,0.016429835930466652
13,B,persist,kospi_return_1d,-0.015040790662169456
13,B,persist,fx_level_z_252,-0.005823060870170593
13,B,underwater,kospi_return_1d,-0.004978978540748358
13,B,underwater,fx_level_z_252,-0.014568203128874302
13,alpha,,kospi_return_1d,-0.018160056322813034
13,alpha,,fx_level_z_252,0.021713105961680412
14,beta,momentum,,-0.025042610242962837
14,beta,persist,,0.026049522683024406
14,beta,underwater,,0.024296799674630165
14,B,momentum,kospi_return_1d,-0.009964418597519398
14,B,momentum,fx_level_z_252,0.01657605543732643
14,B,persist,kospi_return_1d,-0.015660546720027924
14,B,persist,fx_level_z_252,-0.004954338073730469
14,B,underwater,kospi_return_1d,-0.004280519671738148
14,B,underwater,fx_level_z_252,-0.01502029038965702
14,alpha,,kospi_return_1d,-0.018797580152750015
14,alpha,,fx_level_z_252,0.02294842340052128
15,beta,momentum,,-0.026459837332367897
15,beta,persist,,0.02768571861088276
15,beta,underwater,,0.02556479535996914
15,B,momentum,kospi_return_1d,-0.01075720228254795
15,B,momentum,fx_level_z_252,0.016468022018671036
15,B,persist,kospi_return_1d,-0.016315359622240067
15,B,persist,fx_level_z_252,-0.0038935597985982895
15,B,underwater,kospi_return_1d,-0.003437312552705407
15,B,underwater,fx_level_z_252,-0.015394028276205063
15,alpha,,kospi_return_1d,-0.019255120307207108
15,alpha,,fx_level_z_252,0.024136995896697044
16,beta,momentum,,-0.02779422141611576
16,beta,persist,,0.029312731698155403
16,beta,underwater,,0.026746505871415138
16,B,momentum,kospi_return_1d,-0.011267115361988544
16,B,momentum,fx_level_z_252,0.016226043924689293
16,B,persist,kospi_return_1d,-0.01708943024277687
16,B,persist,fx_level_z_252,-0.0028779872227460146
16,B,underwater,kospi_return_1d,-0.0025862206239253283
16,B,underwater,fx_level_z_252,-0.01586182974278927
16,alpha,,kospi_return_1d,-0.0197126604616642
16,alpha,,fx_level_z_252,0.025257740169763565
17,beta,momentum,,-0.029040873050689697
17,beta,persist,,0.030875314027071
17,beta,underwater,,0.027850834652781487
17,B,momentum,kospi_return_1d,-0.011726240627467632
17,B,momentum,fx_level_z_252,0.015972476452589035
17,B,persist,kospi_return_1d,-0.017759105190634727
17,B,persist,fx_level_z_252,-0.0018281724769622087
17,B,underwater,kospi_return_1d,-0.0016734243836253881
17,B,underwater,fx_level_z_252,-0.016357867047190666
17,alpha,,kospi_return_1d,-0.019995084032416344
17,alpha,,fx_level_z_252,0.026256857439875603
18,beta,momentum,,-0.030216949060559273
18,beta,persist,,0.0323738195002079
18,beta,underwater,,0.028801757842302322
18,B,momentum,kospi_return_1d,-0.012097041122615337
18,B,momentum,fx_level_z_252,0.015565493144094944
18,B,persist,kospi_return_1d,-0.018246864899992943
18,B,persist,fx_level_z_252,-0.0007875291630625725
18,B,underwater,kospi_return_1d,-0.0007199116516858339
18,B,underwater,fx_level_z_252,-0.016982344910502434
18,alpha,,kospi_return_1d,-0.020008819177746773
18,alpha,,fx_level_z_252,0.02715020254254341
19,beta,momentum,,-0.031303394585847855
19,beta,persist,,0.033827658742666245
19,beta,underwater,,0.029648199677467346
19,B,momentum,kospi_return_1d,-0.012420093640685081
19,B,momentum,fx_level_z_252,0.015148425474762917
19,B,persist,kospi_return_1d,-0.018708372488617897
19,B,persist,fx_level_z_252,0.00013136034249328077
19,B,underwater,kospi_return_1d,0.00024150105309672654
19,B,underwater,fx_level_z_252,-0.017699694260954857
19,alpha,,kospi_return_1d,-0.01991092599928379
19,alpha,,fx_level_z_252,0.0279353279620409
20,beta,momentum,,-0.03231999650597572
20,beta,persist,,0.035235609859228134
20,beta,underwater,,0.030430741608142853
20,B,momentum,kospi_return_1d,-0.01263996958732605
20,B,momentum,fx_level_z_252,0.014711949974298477
20,B,persist,kospi_return_1d,-0.019281679764389992
20,B,persist,fx_level_z_252,0.000979509437456727
20,B,underwater,kospi_return_1d,0.0010611945763230324
20,B,underwater,fx_level_z_252,-0.018381409347057343
20,alpha,,kospi_return_1d,-0.01964905485510826
20,alpha,,fx_level_z_252,0.028551967814564705
21,beta,momentum,,-0.03326844424009323
21,beta,persist,,0.03659936040639877
21,beta,underwater,,0.031132161617279053
21,B,momentum,kospi_return_1d,-0.01269380934536457
21,B,momentum,fx_level_z_252,0.014303823933005333
21,B,persist,kospi_return_1d,-0.01989104226231575
21,B,persist,fx_level_z_252,0.0017505704890936613
21,B,underwater,kospi_return_1d,0.0018108602380380034
21,B,underwater,fx_level_z_252,-0.019199928268790245
21,alpha,,kospi_return_1d,-0.019173109903931618
21,alpha,,fx_level_z_252,0.029089732095599174
22,beta,momentum,,-0.03412098437547684
22,beta,persist,,0.037938423454761505
22,beta,underwater,,0.031746406108140945
22,B,momentum,kospi_return_1d,-0.012655459344387054
22,B,momentum,fx_level_z_252,0.013759742490947247
22,B,persist,kospi_return_1d,-0.02043107897043228
22,B,persist,fx_level_z_252,0.002374479081481695
22,B,underwater,kospi_return_1d,0.0024866650346666574
22,B,underwater,fx_level_z_252,-0.02001212351024151
22,alpha,,kospi_return_1d,-0.01859884522855282
22,alpha,,fx_level_z_252,0.02949623577296734
23,beta,momentum,,-0.0348416306078434
23,beta,persist,,0.03924033045768738
23,beta,underwater,,0.03223053365945816
23,B,momentum,kospi_return_1d,-0.01255443412810564
23,B,momentum,fx_level_z_252,0.013024981133639812
23,B,persist,kospi_return_1d,-0.020993946120142937
23,B,persist,fx_level_z_252,0.0031125880777835846
23,B,underwater,kospi_return_1d,0.002979069948196411
23,B,underwater,fx_level_z_252,-0.02079547941684723
23,alpha,,kospi_return_1d,-0.01794646494090557
23,alpha,,fx_level_z_252,0.029790259897708893
24,beta,momentum,,-0.03551950305700302
24,beta,persist,,0.040516920387744904
24,beta,underwater,,0.03266172856092453
24,B,momentum,kospi_return_1d,-0.012278785929083824
24,B,momentum,fx_level_z_252,0.012354860082268715
24,B,persist,kospi_return_1d,-0.021400190889835358
24,B,persist,fx_level_z_252,0.003629993414506316
24,B,underwater,kospi_return_1d,0.003321989206597209
24,B,underwater,fx_level_z_252,-0.021663440391421318
24,alpha,,kospi_return_1d,-0.01719697192311287
24,alpha,,fx_level_z_252,0.03001968190073967
25,beta,momentum,,-0.03612671419978142
25,beta,persist,,0.04174884781241417
25,beta,underwater,,0.03300834819674492
25,B,momentum,kospi_return_1d,-0.011989444494247437
25,B,momentum,fx_level_z_252,0.011765971779823303
25,B,persist,kospi_return_1d,-0.02174805849790573
25,B,persist,fx_level_z_252,0.004143449477851391
25,B,underwater,kospi_return_1d,0.0035107391886413097
25,B,underwater,fx_level_z_252,-0.022663313895463943
25,alpha,,kospi_return_1d,-0.01626809686422348
25,alpha,,fx_level_z_252,0.030230017378926277
26,beta,momentum,,-0.03665747866034508
26,beta,persist,,0.04296411946415901
26,beta,underwater,,0.033303484320640564
26,B,momentum,kospi_return_1d,-0.011859161779284477
26,B,momentum,fx_level_z_252,0.011191880330443382
26,B,persist,kospi_return_1d,-0.022083157673478127
26,B,persist,fx_level_z_252,0.004568512085825205
26,B,underwater,kospi_return_1d,0.00369550590403378
26,B,underwater,fx_level_z_252,-0.023782802745699883
26,alpha,,kospi_return_1d,-0.015307359397411346
26,alpha,,fx_level_z_252,0.03045797534286976
27,beta,momentum,,-0.03715303912758827
27,beta,persist,,0.044132255017757416
27,beta,underwater,,0.033547692000865936
27,B,momentum,kospi_return_1d,-0.011921272613108158
27,B,momentum,fx_level_z_252,0.01054969523102045
27,B,persist,kospi_return_1d,-0.02242172695696354
27,B,persist,fx_level_z_252,0.0050125764682888985
27,B,underwater,kospi_return_1d,0.003941473551094532
27,B,underwater,fx_level_z_252,-0.024753009900450706
27,alpha,,kospi_return_1d,-0.014259987510740757
27,alpha,,fx_level_z_252,0.030684133991599083
28,beta,momentum,,-0.03760262951254845
28,beta,persist,,0.04530543088912964
28,beta,underwater,,0.03373662754893303
28,B,momentum,kospi_return_1d,-0.011949588544666767
28,B,momentum,fx_level_z_252,0.009800571016967297
28,B,persist,kospi_return_1d,-0.022606775164604187
28,B,persist,fx_level_z_252,0.005268251523375511
28,B,underwater,kospi_return_1d,0.0041631362400949
28,B,underwater,fx_level_z_252,-0.025648606941103935
28,alpha,,kospi_return_1d,-0.013287578709423542
28,alpha,,fx_level_z_252,0.03077632188796997
29,beta,momentum,,-0.03796972334384918
29,beta,persist,,0.04643184319138527
29,beta,underwater,,0.03382208198308945
29,B,momentum,kospi_return_1d,-0.011947289109230042
29,B,momentum,fx_level_z_252,0.009053735062479973
29,B,persist,kospi_return_1d,-0.02285122126340866
29,B,persist,fx_level_z_252,0.005305688828229904
29,B,underwater,kospi_return_1d,0.004459233954548836
29,B,underwater,fx_level_z_252,-0.02659844234585762
29,alpha,,kospi_return_1d,-0.012311256490647793
29,alpha,,fx_level_z_252,0.0306536965072155
30,beta,momentum,,-0.03832095116376877
30,beta,persist,,0.0475444421172142
30,beta,underwater,,0.03390956297516823
30,B,momentum,kospi_return_1d,-0.01200002059340477
30,B,momentum,fx_level_z_252,0.008286925032734871
30,B,persist,kospi_return_1d,-0.022849420085549355
30,B,persist,fx_level_z_252,0.005226889159530401
30,B,underwater,kospi_return_1d,0.00464542955160141
30,B,underwater,fx_level_z_252,-0.027540478855371475
30,alpha,,kospi_return_1d,-0.01146688498556614
30,alpha,,fx_level_z_252,0.03054085187613964
31,beta,momentum,,-0.03864804282784462
31,beta,persist,,0.04865153878927231
31,beta,underwater,,0.033984627574682236
31,B,momentum,kospi_return_1d,-0.01200014166533947
31,B,momentum,fx_level_z_252,0.007258100435137749
31,B,persist,kospi_return_1d,-0.022906189784407616
31,B,persist,fx_level_z_252,0.005375920329242945
31,B,underwater,kospi_return_1d,0.0047098184004426
31,B,underwater,fx_level_z_252,-0.028196169063448906
31,alpha,,kospi_return_1d,-0.010684715583920479
31,alpha,,fx_level_z_252,0.030394362285733223
32,beta,momentum,,-0.038927190005779266
32,beta,persist,,0.049703940749168396
32,beta,underwater,,0.033959418535232544
32,B,momentum,kospi_return_1d,-0.012064495123922825
32,B,momentum,fx_level_z_252,0.006193321198225021
32,B,persist,kospi_return_1d,-0.02293684333562851
32,B,persist,fx_level_z_252,0.0056225890293717384
32,B,underwater,kospi_return_1d,0.004603726789355278
32,B,underwater,fx_level_z_252,-0.028821229934692383
32,alpha,,kospi_return_1d,-0.0098087964579463
32,alpha,,fx_level_z_252,0.03017842397093773
33,beta,momentum,,-0.03915030509233475
33,beta,persist,,0.050774116069078445
33,beta,underwater,,0.033910077065229416
33,B,momentum,kospi_return_1d,-0.011949933134019375
33,B,momentum,fx_level_z_252,0.005099321715533733
33,B,persist,kospi_return_1d,-0.023162132129073143
33,B,persist,fx_level_z_252,0.005834197159856558
33,B,underwater,kospi_return_1d,0.004361751489341259
33,B,underwater,fx_level_z_252,-0.029397865757346153
33,alpha,,kospi_return_1d,-0.009036540985107422
33,alpha,,fx_level_z_252,0.029952552169561386
34,beta,momentum,,-0.03935599699616432
34,beta,persist,,0.05183941870927811
34,beta,underwater,,0.033798784017562866
34,B,momentum,kospi_return_1d,-0.011857802979648113
34,B,momentum,fx_level_z_252,0.0039695147424936295
34,B,persist,kospi_return_1d,-0.02324889600276947
34,B,persist,fx_level_z_252,0.005871217232197523
34,B,underwater,kospi_return_1d,0.004142778925597668
34,B,underwater,fx_level_z_252,-0.029868897050619125
34,alpha,,kospi_return_1d,-0.0082860691472888
34,alpha,,fx_level_z_252,0.029638800770044327
35,beta,momentum,,-0.03955928981304169
35,beta,persist,,0.05290712043642998
35,beta,underwater,,0.033757440745830536
35,B,momentum,kospi_return_1d,-0.011528965085744858
35,B,momentum,fx_level_z_252,0.002809677505865693
35,B,persist,kospi_return_1d,-0.023223694413900375
35,B,persist,fx_level_z_252,0.00602965010330081
35,B,underwater,kospi_return_1d,0.0038298657163977623
35,B,underwater,fx_level_z_252,-0.030254317447543144
35,alpha,,kospi_return_1d,-0.007507645525038242
35,alpha,,fx_level_z_252,0.02934568002820015
36,beta,momentum,,-0.039731793105602264
36,beta,persist,,0.05396565794944763
36,beta,underwater,,0.03362360969185829
36,B,momentum,kospi_return_1d,-0.011174754239618778
36,B,momentum,fx_level_z_252,0.0018189200200140476
36,B,persist,kospi_return_1d,-0.023139622062444687
36,B,persist,fx_level_z_252,0.006062695290893316
36,B,underwater,kospi_return_1d,0.0035679012071341276
36,B,underwater,fx_level_z_252,-0.030795805156230927
36,alpha,,kospi_return_1d,-0.006761682685464621
36,alpha,,fx_level_z_252,0.029090143740177155
37,beta,momentum,,-0.03989258036017418
37,beta,persist,,0.05501314997673035
37,beta,underwater,,0.03345973789691925
37,B,momentum,kospi_return_1d,-0.010866684839129448
37,B,momentum,fx_level_z_252,0.001026488491334021
37,B,persist,kospi_return_1d,-0.023015854880213737
37,B,persist,fx_level_z_252,0.006008153315633535
37,B,underwater,kospi_return_1d,0.0033434561919420958
37,B,underwater,fx_level_z_252,-0.031546108424663544
37,alpha,,kospi_return_1d,-0.006069689989089966
37,alpha,,fx_level_z_252,0.028843114152550697
38,beta,momentum,,-0.040027156472206116
38,beta,persist,,0.05603997781872749
38,beta,underwater,,0.03324431553483009
38,B,momentum,kospi_return_1d,-0.010776583105325699
38,B,momentum,fx_level_z_252,0.00027558201691135764
38,B,persist,kospi_return_1d,-0.0229701716452837
38,B,persist,fx_level_z_252,0.005891628563404083
38,B,underwater,kospi_return_1d,0.0032041717786341906
38,B,underwater,fx_level_z_252,-0.03239047899842262
38,alpha,,kospi_return_1d,-0.0053220875561237335
38,alpha,,fx_level_z_252,0.028558509424328804
39,beta,momentum,,-0.04023023322224617
39,beta,persist,,0.05707937106490135
39,beta,underwater,,0.03306266665458679
39,B,momentum,kospi_return_1d,-0.010476024821400642
39,B,momentum,fx_level_z_252,-0.0003956524597015232
39,B,persist,kospi_return_1d,-0.022969026118516922
39,B,persist,fx_level_z_252,0.005784794222563505
39,B,underwater,kospi_return_1d,0.0030358522199094296
39,B,underwater,fx_level_z_252,-0.03317372873425484
39,alpha,,kospi_return_1d,-0.004586873576045036
39,alpha,,fx_level_z_252,0.028337888419628143
40,beta,momentum,,-0.04041638597846031
40,beta,persist,,0.05810381844639778
40,beta,underwater,,0.032884541898965836
40,B,momentum,kospi_return_1d,-0.01014712080359459
40,B,momentum,fx_level_z_252,-0.0009214110905304551
40,B,persist,kospi_return_1d,-0.022942615672945976
40,B,persist,fx_level_z_252,0.005780511070042849
40,B,underwater,kospi_return_1d,0.0029550031758844852
40,B,underwater,fx_level_z_252,-0.033848196268081665
40,alpha,,kospi_return_1d,-0.003950012382119894
40,alpha,,fx_level_z_252,0.028103724122047424
41,beta,momentum,,-0.04059590771794319
41,beta,persist,,0.059155311435461044
41,beta,underwater,,0.03278883919119835
41,B,momentum,kospi_return_1d,-0.009771246463060379
41,B,momentum,fx_level_z_252,-0.0012809584150090814
41,B,persist,kospi_return_1d,-0.02300594374537468
41,B,persist,fx_level_z_252,0.005824655760079622
41,B,underwater,kospi_return_1d,0.0028632699977606535
41,B,underwater,fx_level_z_252,-0.03442176431417465
41,alpha,,kospi_return_1d,-0.003408124204725027
41,alpha,,fx_level_z_252,0.02794499881565571
42,beta,momentum,,-0.04077116772532463
42,beta,persist,,0.06016310676932335
42,beta,underwater,,0.03269015625119209
42,B,momentum,kospi_return_1d,-0.009454936720430851
42,B,momentum,fx_level_z_252,-0.0015908058267086744
42,B,persist,kospi_return_1d,-0.023141924291849136
42,B,persist,fx_level_z_252,0.005892303306609392
42,B,underwater,kospi_return_1d,0.0025894027203321457
42,B,underwater,fx_level_z_252,-0.03498508408665657
42,alpha,,kospi_return_1d,-0.002798552392050624
42,alpha,,fx_level_z_252,0.027822498232126236
43,beta,momentum,,-0.0409226268529892
43,beta,persist,,0.061138272285461426
43,beta,underwater,,0.03257638216018677
43,B,momentum,kospi_return_1d,-0.009096388705074787
43,B,momentum,fx_level_z_252,-0.0018616854213178158
43,B,persist,kospi_return_1d,-0.023275647312402725
43,B,persist,fx_level_z_252,0.005991933401674032
43,B,underwater,kospi_return_1d,0.0023838989436626434
43,B,underwater,fx_level_z_252,-0.03551667183637619
43,alpha,,kospi_return_1d,-0.0022306605242192745
43,alpha,,fx_level_z_252,0.027682188898324966
44,beta,momentum,,-0.041050881147384644
44,beta,persist,,0.06210644915699959
44,beta,underwater,,0.03243087977170944
44,B,momentum,kospi_return_1d,-0.008908424526453018
44,B,momentum,fx_level_z_252,-0.0021555498242378235
44,B,persist,kospi_return_1d,-0.023265287280082703
44,B,persist,fx_level_z_252,0.006124951411038637
44,B,underwater,kospi_return_1d,0.0023039437364786863
44,B,underwater,fx_level_z_252,-0.03605522960424423
44,alpha,,kospi_return_1d,-0.0016457202145829797
44,alpha,,fx_level_z_252,0.027597857639193535
45,beta,momentum,,-0.04108412191271782
45,beta,persist,,0.06304753571748734
45,beta,underwater,,0.03223910182714462
45,B,momentum,kospi_return_1d,-0.00891000684350729
45,B,momentum,fx_level_z_252,-0.002385079860687256
45,B,persist,kospi_return_1d,-0.023097649216651917
45,B,persist,fx_level_z_252,0.006260355468839407
45,B,underwater,kospi_return_1d,0.002424953505396843
45,B,underwater,fx_level_z_252,-0.03655369579792023
45,alpha,,kospi_return_1d,-0.001041151350364089
45,alpha,,fx_level_z_252,0.02745014801621437
46,beta,momentum,,-0.04120999202132225
46,beta,persist,,0.06399133056402206
46,beta,underwater,,0.03210681304335594
46,B,momentum,kospi_return_1d,-0.008982131257653236
46,B,momentum,fx_level_z_252,-0.0024701959919184446
46,B,persist,kospi_return_1d,-0.022991150617599487
46,B,persist,fx_level_z_252,0.006205589976161718
46,B,underwater,kospi_return_1d,0.0023091307375580072
46,B,underwater,fx_level_z_252,-0.03691255301237106
46,alpha,,kospi_return_1d,-0.0004675807722378522
46,alpha,,fx_level_z_252,0.02740529179573059
47,beta,momentum,,-0.0413343645632267
47,beta,persist,,0.06488421559333801
47,beta,underwater,,0.03200395032763481
47,B,momentum,kospi_return_1d,-0.009001227095723152
47,B,momentum,fx_level_z_252,-0.002688395092263818
47,B,persist,kospi_return_1d,-0.02299748733639717
47,B,persist,fx_level_z_252,0.006106561049818993
47,B,underwater,kospi_return_1d,0.002210198203101754
47,B,underwater,fx_level_z_252,-0.03710061311721802
47,alpha,,kospi_return_1d,0.0002161454176530242
47,alpha,,fx_level_z_252,0.027410360053181648
48,beta,momentum,,-0.0414515919983387
48,beta,persist,,0.06575940549373627
48,beta,underwater,,0.031865011900663376
48,B,momentum,kospi_return_1d,-0.00874341931194067
48,B,momentum,fx_level_z_252,-0.0028773965314030647
48,B,persist,kospi_return_1d,-0.023020386695861816
48,B,persist,fx_level_z_252,0.006077437195926905
48,B,underwater,kospi_return_1d,0.0021175025030970573
48,B,underwater,fx_level_z_252,-0.03733023256063461
48,alpha,,kospi_return_1d,0.0008202102617360651
48,alpha,,fx_level_z_252,0.027383344247937202
49,beta,momentum,,-0.04154288023710251
49,beta,persist,,0.0666189044713974
49,beta,underwater,,0.03165493160486221
49,B,momentum,kospi_return_1d,-0.008618333376944065
49,B,momentum,fx_level_z_252,-0.002905765315517783
49,B,persist,kospi_return_1d,-0.02310430072247982
49,B,persist,fx_level_z_252,0.006090510170906782
49,B,underwater,kospi_return_1d,0.002043169690296054
49,B,underwater,fx_level_z_252,-0.037638455629348755
49,alpha,,kospi_return_1d,0.0013414466520771384
49,alpha,,fx_level_z_252,0.027291780337691307
50,beta,momentum,,-0.04160705953836441
50,beta,persist,,0.06746566295623779
50,beta,underwater,,0.03144074231386185
50,B,momentum,kospi_return_1d,-0.008351386524736881
50,B,momentum,fx_level_z_252,-0.003111268626525998
50,B,persist,kospi_return_1d,-0.023229775950312614
50,B,persist,fx_level_z_252,0.00644213380292058
50,B,underwater,kospi_return_1d,0.0018201356288045645
50,B,underwater,fx_level_z_252,-0.03794938698410988
50,alpha,,kospi_return_1d,0.001788639696314931
50,alpha,,fx_level_z_252,0.027217276394367218
51,beta,momentum,,-0.04164237156510353
51,beta,persist,,0.06828431040048599
51,beta,underwater,,0.031224003061652184
51,B,momentum,kospi_return_1d,-0.007982434704899788
51,B,momentum,fx_level_z_252,-0.0033251475542783737
51,B,persist,kospi_return_1d,-0.02354206144809723
51,B,persist,fx_level_z_252,0.006914264988154173
51,B,underwater,kospi_return_1d,0.0014802917139604688
51,B,underwater,fx_level_z_252,-0.03813072666525841
51,alpha,,kospi_return_1d,0.0021582425106316805
51,alpha,,fx_level_z_252,0.02719121053814888
52,beta,momentum,,-0.04161159694194794
52,beta,persist,,0.06908927112817764
52,beta,underwater,,0.0309622623026371
52,B,momentum,kospi_return_1d,-0.007783075328916311
52,B,momentum,fx_level_z_252,-0.0034869639202952385
52,B,persist,kospi_return_1d,-0.02375558577477932
52,B,persist,fx_level_z_252,0.007289560046046972
52,B,underwater,kospi_return_1d,0.0013204144779592752
52,B,underwater,fx_level_z_252,-0.038528598845005035
52,alpha,,kospi_return_1d,0.002530083293095231
52,alpha,,fx_level_z_252,0.027126330882310867
53,beta,momentum,,-0.04153304174542427
53,beta,persist,,0.06990764290094376
53,beta,underwater,,0.030678361654281616
53,B,momentum,kospi_return_1d,-0.007646428886801004
53,B,momentum,fx_level_z_252,-0.0036224874202162027
53,B,persist,kospi_return_1d,-0.0239248163998127
53,B,persist,fx_level_z_252,0.00756482407450676
53,B,underwater,kospi_return_1d,0.0012423433363437653
53,B,underwater,fx_level_z_252,-0.03891575708985329
53,alpha,,kospi_return_1d,0.0027880885172635317
53,alpha,,fx_level_z_252,0.027096575126051903
54,beta,momentum,,-0.04144399240612984
54,beta,persist,,0.07068158686161041
54,beta,underwater,,0.030384406447410583
54,B,momentum,kospi_return_1d,-0.007568787783384323
54,B,momentum,fx_level_z_252,-0.0037581620272248983
54,B,persist,kospi_return_1d,-0.02411956712603569
54,B,persist,fx_level_z_252,0.007866909727454185
54,B,underwater,kospi_return_1d,0.001175139332190156
54,B,underwater,fx_level_z_252,-0.03918242081999779
54,alpha,,kospi_return_1d,0.003053519409149885
54,alpha,,fx_level_z_252,0.027087081223726273
55,beta,momentum,,-0.04138419032096863
55,beta,persist,,0.0714225023984909
55,beta,underwater,,0.03007788024842739
55,B,momentum,kospi_return_1d,-0.007872712798416615
55,B,momentum,fx_level_z_252,-0.003935142885893583
55,B,persist,kospi_return_1d,-0.024062730371952057
55,B,persist,fx_level_z_252,0.008358758874237537
55,B,underwater,kospi_return_1d,0.0012980992905795574
55,B,underwater,fx_level_z_252,-0.03952161967754364
55,alpha,,kospi_return_1d,0.003294756868854165
55,alpha,,fx_level_z_252,0.027033677324652672
56,beta,momentum,,-0.041399355977773666
56,beta,persist,,0.07218717783689499
56,beta,underwater,,0.029829705134034157
56,B,momentum,kospi_return_1d,-0.008131667971611023
56,B,momentum,fx_level_z_252,-0.004124001134186983
56,B,persist,kospi_return_1d,-0.02392854355275631
56,B,persist,fx_level_z_252,0.008741014637053013
56,B,underwater,kospi_return_1d,0.0013514707097783685
56,B,underwater,fx_level_z_252,-0.03974691033363342
56,alpha,,kospi_return_1d,0.003495187498629093
56,alpha,,fx_level_z_252,0.026994315907359123
57,beta,momentum,,-0.04139169678092003
57,beta,persist,,0.07290917634963989
57,beta,underwater,,0.0295544620603323
57,B,momentum,kospi_return_1d,-0.00843396969139576
57,B,momentum,fx_level_z_252,-0.004368264228105545
57,B,persist,kospi_return_1d,-0.02383834682404995
57,B,persist,fx_level_z_252,0.009054310619831085
57,B,underwater,kospi_return_1d,0.001482688239775598
57,B,underwater,fx_level_z_252,-0.039849571883678436
57,alpha,,kospi_return_1d,0.0037065905053168535
57,alpha,,fx_level_z_252,0.0269281305372715
58,beta,momentum,,-0.041387055069208145
58,beta,persist,,0.07359740883111954
58,beta,underwater,,0.02928071841597557
58,B,momentum,kospi_return_1d,-0.008761671371757984
58,B,momentum,fx_level_z_252,-0.004640719387680292
58,B,persist,kospi_return_1d,-0.02368401736021042
58,B,persist,fx_level_z_252,0.00949542410671711
58,B,underwater,kospi_return_1d,0.0015882579609751701
58,B,underwater,fx_level_z_252,-0.03981245681643486
58,alpha,,kospi_return_1d,0.004059860948473215
58,alpha,,fx_level_z_252,0.026920799165964127
59,beta,momentum,,-0.04133506119251251
59,beta,persist,,0.07427346706390381
59,beta,underwater,,0.02900751121342182
59,B,momentum,kospi_return_1d,-0.008916754275560379
59,B,momentum,fx_level_z_252,-0.004929520655423403
59,B,persist,kospi_return_1d,-0.023439165204763412
59,B,persist,fx_level_z_252,0.009968756698071957
59,B,underwater,kospi_return_1d,0.0016411433462053537
59,B,underwater,fx_level_z_252,-0.0398210771381855
59,alpha,,kospi_return_1d,0.004433759022504091
59,alpha,,fx_level_z_252,0.026909401640295982
60,beta,momentum,,-0.04134242236614227
60,beta,persist,,0.07494282722473145
60,beta,underwater,,0.028746411204338074
60,B,momentum,kospi_return_1d,-0.009035204537212849
60,B,momentum,fx_level_z_252,-0.005015154834836721
60,B,persist,kospi_return_1d,-0.023210424929857254
60,B,persist,fx_level_z_252,0.010262420400977135
60,B,underwater,kospi_return_1d,0.0015961476601660252
60,B,underwater,fx_level_z_252,-0.04004160314798355
60,alpha,,kospi_return_1d,0.004926910623908043
60,alpha,,fx_level_z_252,0.02692767232656479
61,beta,momentum,,-0.04132065549492836
61,beta,persist,,0.07558700442314148
61,beta,underwater,,0.02846507355570793
61,B,momentum,kospi_return_1d,-0.009295815601944923
61,B,momentum,fx_level_z_252,-0.0051571521908044815
61,B,persist,kospi_return_1d,-0.022949304431676865
61,B,persist,fx_level_z_252,0.010509785264730453
61,B,underwater,kospi_return_1d,0.0015620935009792447
61,B,underwater,fx_level_z_252,-0.04011106491088867
61,alpha,,kospi_return_1d,0.005423842929303646
61,alpha,,fx_level_z_252,0.026923641562461853
62,beta,momentum,,-0.04130994901061058
62,beta,persist,,0.07628250867128372
62,beta,underwater,,0.028216291218996048
62,B,momentum,kospi_return_1d,-0.009463580325245857
62,B,momentum,fx_level_z_252,-0.005282877013087273
62,B,persist,kospi_return_1d,-0.022705158218741417
62,B,persist,fx_level_z_252,0.010697880759835243
62,B,underwater,kospi_return_1d,0.0013854135759174824
62,B,underwater,fx_level_z_252,-0.04016625136137009
62,alpha,,kospi_return_1d,0.005860311444848776
62,alpha,,fx_level_z_252,0.026843005791306496
63,beta,momentum,,-0.041282907128334045
63,beta,persist,,0.07693246006965637
63,beta,underwater,,0.028018323704600334
63,B,momentum,kospi_return_1d,-0.009644053876399994
63,B,momentum,fx_level_z_252,-0.005507971625775099
63,B,persist,kospi_return_1d,-0.02258431725203991
63,B,persist,fx_level_z_252,0.010806803591549397
63,B,underwater,kospi_return_1d,0.0012593584833666682
63,B,underwater,fx_level_z_252,-0.040100835263729095
63,alpha,,kospi_return_1d,0.006191907450556755
63,alpha,,fx_level_z_252,0.026797568425536156
64,beta,momentum,,-0.04131973534822464
64,beta,persist,,0.07762932777404785
64,beta,underwater,,0.027858935296535492
64,B,momentum,kospi_return_1d,-0.00963284820318222
64,B,momentum,fx_level_z_252,-0.005579392891377211
64,B,persist,kospi_return_1d,-0.02246672846376896
64,B,persist,fx_level_z_252,0.01079494971781969
64,B,underwater,kospi_return_1d,0.0010620608227327466
64,B,underwater,fx_level_z_252,-0.04008372500538826
64,alpha,,kospi_return_1d,0.006430014502257109
64,alpha,,fx_level_z_252,0.026843151077628136
65,beta,momentum,,-0.04133947938680649
65,beta,persist,,0.0783102884888649
65,beta,underwater,,0.027656352147459984
65,B,momentum,kospi_return_1d,-0.009396118111908436
65,B,momentum,fx_level_z_252,-0.005659827962517738
65,B,persist,kospi_return_1d,-0.022523308172822
65,B,persist,fx_level_z_252,0.010683088563382626
65,B,underwater,kospi_return_1d,0.0009468405623920262
65,B,underwater,fx_level_z_252,-0.04004679247736931
65,alpha,,kospi_return_1d,0.006686206441372633
65,alpha,,fx_level_z_252,0.02680446207523346
66,beta,momentum,,-0.041315577924251556
66,beta,persist,,0.07901351898908615
66,beta,underwater,,0.027500562369823456
66,B,momentum,kospi_return_1d,-0.009160521440207958
66,B,momentum,fx_level_z_252,-0.005730668548494577
66,B,persist,kospi_return_1d,-0.022620968520641327
66,B,persist,fx_level_z_252,0.010434477590024471
66,B,underwater,kospi_return_1d,0.0007790008676238358
66,B,underwater,fx_level_z_252,-0.04002106562256813
66,alpha,,kospi_return_1d,0.006989850662648678
66,alpha,,fx_level_z_252,0.026847265660762787
67,beta,momentum,,-0.04128435254096985
67,beta,persist,,0.0797276571393013
67,beta,underwater,,0.02738144062459469
67,B,momentum,kospi_return_1d,-0.008780228905379772
67,B,momentum,fx_level_z_252,-0.00573614751920104
67,B,persist,kospi_return_1d,-0.02280351333320141
67,B,persist,fx_level_z_252,0.010147429071366787
67,B,underwater,kospi_return_1d,0.0004368739319033921
67,B,underwater,fx_level_z_252,-0.04002012312412262
67,alpha,,kospi_return_1d,0.00738457590341568
67,alpha,,fx_level_z_252,0.026924138888716698
68,beta,momentum,,-0.041243623942136765
68,beta,persist,,0.0804518312215805
68,beta,underwater,,0.02733341045677662
68,B,momentum,kospi_return_1d,-0.008354508318006992
68,B,momentum,fx_level_z_252,-0.005753807723522186
68,B,persist,kospi_return_1d,-0.022826461121439934
68,B,persist,fx_level_z_252,0.009816615842282772
68,B,underwater,kospi_return_1d,0.00010574546467978507
68,B,underwater,fx_level_z_252,-0.04003416374325752
68,alpha,,kospi_return_1d,0.0077061462216079235
68,alpha,,fx_level_z_252,0.026980236172676086
69,beta,momentum,,-0.04122341796755791
69,beta,persist,,0.08117219805717468
69,beta,underwater,,0.02739146165549755
69,B,momentum,kospi_return_1d,-0.008026915602385998
69,B,momentum,fx_level_z_252,-0.005719845648854971
69,B,persist,kospi_return_1d,-0.022828420624136925
69,B,persist,fx_level_z_252,0.009658443741500378
69,B,underwater,kospi_return_1d,-0.000146950944326818
69,B,underwater,fx_level_z_252,-0.03995625674724579
69,alpha,,kospi_return_1d,0.007917435839772224
69,alpha,,fx_level_z_252,0.027132200077176094
70,beta,momentum,,-0.041173093020915985
70,beta,persist,,0.08183927088975906
70,beta,underwater,,0.02732454054057598
70,B,momentum,kospi_return_1d,-0.007730402983725071
70,B,momentum,fx_level_z_252,-0.005606922321021557
70,B,persist,kospi_return_1d,-0.02290821075439453
70,B,persist,fx_level_z_252,0.009382224641740322
70,B,underwater,kospi_return_1d,-0.00011793933663284406
70,B,underwater,fx_level_z_252,-0.040079277008771896
70,alpha,,kospi_return_1d,0.008245567791163921
70,alpha,,fx_level_z_252,0.02728882245719433
71,beta,momentum,,-0.04112624749541283
71,beta,persist,,0.08254233002662659
71,beta,underwater,,0.027346452698111534
71,B,momentum,kospi_return_1d,-0.007636709604412317
71,B,momentum,fx_level_z_252,-0.00558910146355629
71,B,persist,kospi_return_1d,-0.022666865959763527
71,B,persist,fx_level_z_252,0.009025479666888714
71,B,underwater,kospi_return_1d,0.00018502422608435154
71,B,underwater,fx_level_z_252,-0.040145229548215866
71,alpha,,kospi_return_1d,0.008609668351709843
71,alpha,,fx_level_z_252,0.027476521208882332
72,beta,momentum,,-0.041131921112537384
72,beta,persist,,0.08320749551057816
72,beta,underwater,,0.027412548661231995
72,B,momentum,kospi_return_1d,-0.007713558152318001
72,B,momentum,fx_level_z_252,-0.005576723255217075
72,B,persist,kospi_return_1d,-0.022472521290183067
72,B,persist,fx_level_z_252,0.008752653375267982
72,B,underwater,kospi_return_1d,0.0004688521148636937
72,B,underwater,fx_level_z_252,-0.04002629220485687
72,alpha,,kospi_return_1d,0.0089986901730299
72,alpha,,fx_level_z_252,0.027767622843384743
73,beta,momentum,,-0.041094884276390076
73,beta,persist,,0.08386379480361938
73,beta,underwater,,0.027474703267216682
73,B,momentum,kospi_return_1d,-0.00780549505725503
73,B,momentum,fx_level_z_252,-0.005754054989665747
73,B,persist,kospi_return_1d,-0.02221175655722618
73,B,persist,fx_level_z_252,0.008607348427176476
73,B,underwater,kospi_return_1d,0.0006940077873878181
73,B,underwater,fx_level_z_252,-0.039749372750520706
73,alpha,,kospi_return_1d,0.009252753108739853
73,alpha,,fx_level_z_252,0.027974653989076614
74,beta,momentum,,-0.04105353727936745
74,beta,persist,,0.08451981842517853
74,beta,underwater,,0.027486475184559822
74,B,momentum,kospi_return_1d,-0.00795876607298851
74,B,momentum,fx_level_z_252,-0.00605405168607831
74,B,persist,kospi_return_1d,-0.021903105080127716
74,B,persist,fx_level_z_252,0.008525971323251724
74,B,underwater,kospi_return_1d,0.0007691575447097421
74,B,underwater,fx_level_z_252,-0.03945396468043327
74,alpha,,kospi_return_1d,0.009484538808465004
74,alpha,,fx_level_z_252,0.028149928897619247
75,beta,momentum,,-0.04093177244067192
75,beta,persist,,0.08513162285089493
75,beta,underwater,,0.0273789931088686
75,B,momentum,kospi_return_1d,-0.008097277022898197
75,B,momentum,fx_level_z_252,-0.006334877107292414
75,B,persist,kospi_return_1d,-0.021504802629351616
75,B,persist,fx_level_z_252,0.00846745166927576
75,B,underwater,kospi_return_1d,0.0009694634354673326
75,B,underwater,fx_level_z_252,-0.039322253316640854
75,alpha,,kospi_return_1d,0.00978896114975214
75,alpha,,fx_level_z_252,0.02816142328083515
76,beta,momentum,,-0.040766388177871704
76,beta,persist,,0.08573054522275925
76,beta,underwater,,0.027193618938326836
76,B,momentum,kospi_return_1d,-0.008025460876524448
76,B,momentum,fx_level_z_252,-0.006613695062696934
76,B,persist,kospi_return_1d,-0.02132079005241394
76,B,persist,fx_level_z_252,0.008402451872825623
76,B,underwater,kospi_return_1d,0.0011587401386350393
76,B,underwater,fx_level_z_252,-0.039121080189943314
76,alpha,,kospi_return_1d,0.01011727936565876
76,alpha,,fx_level_z_252,0.027974380180239677
77,beta,momentum,,-0.040658898651599884
77,beta,persist,,0.08632292598485947
77,beta,underwater,,0.02695457637310028
77,B,momentum,kospi_return_1d,-0.007813778705894947
77,B,momentum,fx_level_z_252,-0.006659780628979206
77,B,persist,kospi_return_1d,-0.02147381566464901
77,B,persist,fx_level_z_252,0.008280214853584766
77,B,underwater,kospi_return_1d,0.001010508625768125
77,B,underwater,fx_level_z_252,-0.039025258272886276
77,alpha,,kospi_return_1d,0.010337907820940018
77,alpha,,fx_level_z_252,0.02788221836090088
78,beta,momentum,,-0.040505580604076385
78,beta,persist,,0.08694057911634445
78,beta,underwater,,0.026728253811597824
78,B,momentum,kospi_return_1d,-0.00765743013471365
78,B,momentum,fx_level_z_252,-0.006676997523754835
78,B,persist,kospi_return_1d,-0.021522095426917076
78,B,persist,fx_level_z_252,0.00840104091912508
78,B,underwater,kospi_return_1d,0.0008773496374487877
78,B,underwater,fx_level_z_252,-0.03893212601542473
78,alpha,,kospi_return_1d,0.010424445383250713
78,alpha,,fx_level_z_252,0.02788957767188549
79,beta,momentum,,-0.04038466140627861
79,beta,persist,,0.08751390874385834
79,beta,underwater,,0.026566732674837112
79,B,momentum,kospi_return_1d,-0.007291282061487436
79,B,momentum,fx_level_z_252,-0.006779413670301437
79,B,persist,kospi_return_1d,-0.021641703322529793
79,B,persist,fx_level_z_252,0.008665467612445354
79,B,underwater,kospi_return_1d,0.0005192339885979891
79,B,underwater,fx_level_z_252,-0.03873110190033913
79,alpha,,kospi_return_1d,0.010550013743340969
79,alpha,,fx_level_z_252,0.02794088050723076
80,beta,momentum,,-0.040300238877534866
80,beta,persist,,0.08808537572622299
80,beta,underwater,,0.02652381919324398
80,B,momentum,kospi_return_1d,-0.006898737978190184
80,B,momentum,fx_level_z_252,-0.006952831521630287
80,B,persist,kospi_return_1d,-0.021671896800398827
80,B,persist,fx_level_z_252,0.00893956795334816
80,B,underwater,kospi_return_1d,0.0001610791659913957
80,B,underwater,fx_level_z_252,-0.03846920281648636
80,alpha,,kospi_return_1d,0.010566691868007183
80,alpha,,fx_level_z_252,0.028048185631632805
81,beta,momentum,,-0.040225982666015625
81,beta,persist,,0.088609978556633
81,beta,underwater,,0.026398884132504463
81,B,momentum,kospi_return_1d,-0.006648933980613947
81,B,momentum,fx_level_z_252,-0.007125267758965492
81,B,persist,kospi_return_1d,-0.021736567839980125
81,B,persist,fx_level_z_252,0.009227129630744457
81,B,underwater,kospi_return_1d,-7.449323311448097e-05
81,B,underwater,fx_level_z_252,-0.0382671132683754
81,alpha,,kospi_return_1d,0.01069898996502161
81,alpha,,fx_level_z_252,0.028117571026086807
82,beta,momentum,,-0.040100473910570145
82,beta,persist,,0.08908016979694366
82,beta,underwater,,0.026146184653043747
82,B,momentum,kospi_return_1d,-0.006415462587028742
82,B,momentum,fx_level_z_252,-0.007246061228215694
82,B,persist,kospi_return_1d,-0.02184886485338211
82,B,persist,fx_level_z_252,0.009448712691664696
82,B,underwater,kospi_return_1d,4.132725007366389e-05
82,B,underwater,fx_level_z_252,-0.038212668150663376
82,alpha,,kospi_return_1d,0.010876776650547981
82,alpha,,fx_level_z_252,0.02810383401811123
83,beta,momentum,,-0.03992440178990364
83,beta,persist,,0.08949384838342667
83,beta,underwater,,0.025857996195554733
83,B,momentum,kospi_return_1d,-0.006081562954932451
83,B,momentum,fx_level_z_252,-0.007402775343507528
83,B,persist,kospi_return_1d,-0.02223602868616581
83,B,persist,fx_level_z_252,0.0096919359639287
83,B,underwater,kospi_return_1d,1.1150728823849931e-05
83,B,underwater,fx_level_z_252,-0.03818283975124359
83,alpha,,kospi_return_1d,0.011246943846344948
83,alpha,,fx_level_z_252,0.028092488646507263
84,beta,momentum,,-0.039747241884469986
84,beta,persist,,0.08991330116987228
84,beta,underwater,,0.025562508031725883
84,B,momentum,kospi_return_1d,-0.006086830515414476
84,B,momentum,fx_level_z_252,-0.007536216638982296
84,B,persist,kospi_return_1d,-0.0224064439535141
84,B,persist,fx_level_z_252,0.009790067560970783
84,B,underwater,kospi_return_1d,0.00015473293024115264
84,B,underwater,fx_level_z_252,-0.03818700835108757
84,alpha,,kospi_return_1d,0.011593206785619259
84,alpha,,fx_level_z_252,0.02810727432370186
85,beta,momentum,,-0.03951628506183624
85,beta,persist,,0.09034164249897003
85,beta,underwater,,0.025161683559417725
85,B,momentum,kospi_return_1d,-0.006303075700998306
85,B,momentum,fx_level_z_252,-0.00748693011701107
85,B,persist,kospi_return_1d,-0.02252713032066822
85,B,persist,fx_level_z_252,0.00997150968760252
85,B,underwater,kospi_return_1d,0.000467395584564656
85,B,underwater,fx_level_z_252,-0.03841952607035637
85,alpha,,kospi_return_1d,0.011990335769951344
85,alpha,,fx_level_z_252,0.028032783418893814
86,beta,momentum,,-0.03926752507686615
86,beta,persist,,0.09075939655303955
86,beta,underwater,,0.024803807958960533
86,B,momentum,kospi_return_1d,-0.006480099633336067
86,B,momentum,fx_level_z_252,-0.007343886885792017
86,B,persist,kospi_return_1d,-0.022541526705026627
86,B,persist,fx_level_z_252,0.010068785399198532
86,B,underwater,kospi_return_1d,0.0007461494533345103
86,B,underwater,fx_level_z_252,-0.03868647664785385
86,alpha,,kospi_return_1d,0.012448988854885101
86,alpha,,fx_level_z_252,0.027971947565674782
87,beta,momentum,,-0.03908355161547661
87,beta,persist,,0.09118655323982239
87,beta,underwater,,0.024514826014637947
87,B,momentum,kospi_return_1d,-0.006764170713722706
87,B,momentum,fx_level_z_252,-0.007218049839138985
87,B,persist,kospi_return_1d,-0.022737707942724228
87,B,persist,fx_level_z_252,0.010285170748829842
87,B,underwater,kospi_return_1d,0.0008649452356621623
87,B,underwater,fx_level_z_252,-0.038693081587553024
87,alpha,,kospi_return_1d,0.012805983424186707
87,alpha,,fx_level_z_252,0.027919741347432137
88,beta,momentum,,-0.03893700987100601
88,beta,persist,,0.09161286801099777
88,beta,underwater,,0.02419438771903515
88,B,momentum,kospi_return_1d,-0.00716947577893734
88,B,momentum,fx_level_z_252,-0.007049321196973324
88,B,persist,kospi_return_1d,-0.022892288863658905
88,B,persist,fx_level_z_252,0.010319571010768414
88,B,underwater,kospi_return_1d,0.0010781929595395923
88,B,underwater,fx_level_z_252,-0.03886846452951431
88,alpha,,kospi_return_1d,0.013191538862884045
88,alpha,,fx_level_z_252,0.027870774269104004
89,beta,momentum,,-0.03885529935359955
89,beta,persist,,0.09203387051820755
89,beta,underwater,,0.023950519040226936
89,B,momentum,kospi_return_1d,-0.007399572525173426
89,B,momentum,fx_level_z_252,-0.0069438861683011055
89,B,persist,kospi_return_1d,-0.023105695843696594
89,B,persist,fx_level_z_252,0.010351545177400112
89,B,underwater,kospi_return_1d,0.001148225856013596
89,B,underwater,fx_level_z_252,-0.03907551243901253
89,alpha,,kospi_return_1d,0.013518732972443104
89,alpha,,fx_level_z_252,0.027887819334864616
90,beta,momentum,,-0.03875258192420006
90,beta,persist,,0.09246847033500671
90,beta,underwater,,0.023729417473077774
90,B,momentum,kospi_return_1d,-0.007423077709972858
90,B,momentum,fx_level_z_252,-0.00686745485290885
90,B,persist,kospi_return_1d,-0.02333110384643078
90,B,persist,fx_level_z_252,0.01040519867092371
90,B,underwater,kospi_return_1d,0.0008341317297890782
90,B,underwater,fx_level_z_252,-0.039290934801101685
90,alpha,,kospi_return_1d,0.01371985487639904
90,alpha,,fx_level_z_252,0.027922283858060837
91,beta,momentum,,-0.038572609424591064
91,beta,persist,,0.09290975332260132
91,beta,underwater,,0.023445788770914078
91,B,momentum,kospi_return_1d,-0.007350623607635498
91,B,momentum,fx_level_z_252,-0.00673137791454792
91,B,persist,kospi_return_1d,-0.023678619414567947
91,B,persist,fx_level_z_252,0.010390148498117924
91,B,underwater,kospi_return_1d,0.000400451070163399
91,B,underwater,fx_level_z_252,-0.03955467790365219
91,alpha,,kospi_return_1d,0.013975714333355427
91,alpha,,fx_level_z_252,0.027913881465792656
92,beta,momentum,,-0.03846575692296028
92,beta,persist,,0.09339728206396103
92,beta,underwater,,0.02322547510266304
92,B,momentum,kospi_return_1d,-0.007310076151043177
92,B,momentum,fx_level_z_252,-0.00653153657913208
92,B,persist,kospi_return_1d,-0.023797767236828804
92,B,persist,fx_level_z_252,0.010143158957362175
92,B,underwater,kospi_return_1d,-3.688675496960059e-05
92,B,underwater,fx_level_z_252,-0.03978801518678665
92,alpha,,kospi_return_1d,0.014105742797255516
92,alpha,,fx_level_z_252,0.02785111404955387
93,beta,momentum,,-0.03835682570934296
93,beta,persist,,0.09383773803710938
93,beta,underwater,,0.023007147014141083
93,B,momentum,kospi_return_1d,-0.007414159830659628
93,B,momentum,fx_level_z_252,-0.006277567707002163
93,B,persist,kospi_return_1d,-0.023723462596535683
93,B,persist,fx_level_z_252,0.009941334836184978
93,B,underwater,kospi_return_1d,2.77688741334714e-05
93,B,underwater,fx_level_z_252,-0.04014725610613823
93,alpha,,kospi_return_1d,0.014267168007791042
93,alpha,,fx_level_z_252,0.02783009223639965
94,beta,momentum,,-0.038222238421440125
94,beta,persist,,0.09426472336053848
94,beta,underwater,,0.02275126613676548
94,B,momentum,kospi_return_1d,-0.0075877052731812
94,B,momentum,fx_level_z_252,-0.006245852448046207
94,B,persist,kospi_return_1d,-0.0237518809735775
94,B,persist,fx_level_z_252,0.009938336908817291
94,B,underwater,kospi_return_1d,0.00020397966727614403
94,B,underwater,fx_level_z_252,-0.04015607386827469
94,alpha,,kospi_return_1d,0.014421515166759491
94,alpha,,fx_level_z_252,0.027608200907707214
95,beta,momentum,,-0.03820551186800003
95,beta,persist,,0.09470655769109726
95,beta,underwater,,0.022617116570472717
95,B,momentum,kospi_return_1d,-0.00739905284717679
95,B,momentum,fx_level_z_252,-0.006196057889610529
95,B,persist,kospi_return_1d,-0.023653710260987282
95,B,persist,fx_level_z_252,0.009944869205355644
95,B,underwater,kospi_return_1d,0.0001388749951729551
95,B,underwater,fx_level_z_252,-0.04001627117395401
95,alpha,,kospi_return_1d,0.014509964734315872
95,alpha,,fx_level_z_252,0.027455253526568413
96,beta,momentum,,-0.0383126400411129
96,beta,persist,,0.09515030682086945
96,beta,underwater,,0.022561486810445786
96,B,momentum,kospi_return_1d,-0.007308170199394226
96,B,momentum,fx_level_z_252,-0.006054569501429796
96,B,persist,kospi_return_1d,-0.023422840982675552
96,B,persist,fx_level_z_252,0.009861272759735584
96,B,underwater,kospi_return_1d,4.5008608140051365e-05
96,B,underwater,fx_level_z_252,-0.039755918085575104
96,alpha,,kospi_return_1d,0.014601052738726139
96,alpha,,fx_level_z_252,0.027373990043997765
97,beta,momentum,,-0.03838040679693222
97,beta,persist,,0.09554705768823624
97,beta,underwater,,0.022514695301651955
97,B,momentum,kospi_return_1d,-0.0071517485193908215
97,B,momentum,fx_level_z_252,-0.006015054881572723
97,B,persist,kospi_return_1d,-0.023227263242006302
97,B,persist,fx_level_z_252,0.009898925200104713
97,B,underwater,kospi_return_1d,-0.0002377762139076367
97,B,underwater,fx_level_z_252,-0.03933274745941162
97,alpha,,kospi_return_1d,0.014750298112630844
97,alpha,,fx_level_z_252,0.027197469025850296
98,beta,momentum,,-0.038441769778728485
98,beta,persist,,0.09599355608224869
98,beta,underwater,,0.0224754735827446
98,B,momentum,kospi_return_1d,-0.006849946919828653
98,B,momentum,fx_level_z_252,-0.006031878292560577
98,B,persist,kospi_return_1d,-0.023124320432543755
98,B,persist,fx_level_z_252,0.009832599200308323
98,B,underwater,kospi_return_1d,-0.0005032075569033623
98,B,underwater,fx_level_z_252,-0.038921963423490524
98,alpha,,kospi_return_1d,0.01483420841395855
98,alpha,,fx_level_z_252,0.027026362717151642
99,beta,momentum,,-0.038491152226924896
99,beta,persist,,0.09641065448522568
99,beta,underwater,,0.022480158135294914
99,B,momentum,kospi_return_1d,-0.00643699336796999
99,B,momentum,fx_level_z_252,-0.006105470005422831
99,B,persist,kospi_return_1d,-0.023087937384843826
99,B,persist,fx_level_z_252,0.009871477261185646
99,B,underwater,kospi_return_1d,-0.0008099803235381842
99,B,underwater,fx_level_z_252,-0.0384586825966835
99,alpha,,kospi_return_1d,0.014961166307330132
99,alpha,,fx_level_z_252,0.026984810829162598
100,beta,momentum,,-0.03851911798119545
100,beta,persist,,0.09672979265451431
100,beta,underwater,,0.022396693006157875
100,B,momentum,kospi_return_1d,-0.006171721965074539
100,B,momentum,fx_level_z_252,-0.006218763999640942
100,B,persist,kospi_return_1d,-0.02303309552371502
100,B,persist,fx_level_z_252,0.00994299165904522
100,B,underwater,kospi_return_1d,-0.0009345486178062856
100,B,underwater,fx_level_z_252,-0.0380205437541008
100,alpha,,kospi_return_1d,0.015291829593479633
100,alpha,,fx_level_z_252,0.026989908888936043
101,beta,momentum,,-0.038587536662817
101,beta,persist,,0.09709890931844711
101,beta,underwater,,0.02229602448642254
101,B,momentum,kospi_return_1d,-0.0061838338151574135
101,B,momentum,fx_level_z_252,-0.006240040063858032
101,B,persist,kospi_return_1d,-0.023021338507533073
101,B,persist,fx_level_z_252,0.009946961887180805
101,B,underwater,kospi_return_1d,-0.0008692357805557549
101,B,underwater,fx_level_z_252,-0.03774963319301605
101,alpha,,kospi_return_1d,0.015574001707136631
101,alpha,,fx_level_z_252,0.02701161429286003
102,beta,momentum,,-0.03862937167286873
102,beta,persist,,0.09751376509666443
102,beta,underwater,,0.022202879190444946
102,B,momentum,kospi_return_1d,-0.006258885841816664
102,B,momentum,fx_level_z_252,-0.006224898621439934
102,B,persist,kospi_return_1d,-0.023028157651424408
102,B,persist,fx_level_z_252,0.009958185255527496
102,B,underwater,kospi_return_1d,-0.0006595163140445948
102,B,underwater,fx_level_z_252,-0.03754952922463417
102,alpha,,kospi_return_1d,0.015760596841573715
102,alpha,,fx_level_z_252,0.02700173668563366
103,beta,momentum,,-0.038642965257167816
103,beta,persist,,0.09792252629995346
103,beta,underwater,,0.02214684709906578
103,B,momentum,kospi_return_1d,-0.006273300386965275
103,B,momentum,fx_level_z_252,-0.006357252132147551
103,B,persist,kospi_return_1d,-0.023018179461359978
103,B,persist,fx_level_z_252,0.010053304955363274
103,B,underwater,kospi_return_1d,-0.00041732325917109847
103,B,underwater,fx_level_z_252,-0.037288811057806015
103,alpha,,kospi_return_1d,0.01593201607465744
103,alpha,,fx_level_z_252,0.027071518823504448
104,beta,momentum,,-0.03865347057580948
104,beta,persist,,0.09831357002258301
104,beta,underwater,,0.0220393855124712
104,B,momentum,kospi_return_1d,-0.006260826718062162
104,B,momentum,fx_level_z_252,-0.006558616179972887
104,B,persist,kospi_return_1d,-0.02296379767358303
104,B,persist,fx_level_z_252,0.010341077111661434
104,B,underwater,kospi_return_1d,2.265180228278041e-06
104,B,underwater,fx_level_z_252,-0.03696095570921898
104,alpha,,kospi_return_1d,0.01614421419799328
104,alpha,,fx_level_z_252,0.027027683332562447
105,beta,momentum,,-0.03859367594122887
105,beta,persist,,0.0986572802066803
105,beta,underwater,,0.02188676781952381
105,B,momentum,kospi_return_1d,-0.0064383577555418015
105,B,momentum,fx_level_z_252,-0.006617778446525335
105,B,persist,kospi_return_1d,-0.022674299776554108
105,B,persist,fx_level_z_252,0.010536745190620422
105,B,underwater,kospi_return_1d,0.0005098054534755647
105,B,underwater,fx_level_z_252,-0.036755360662937164
105,alpha,,kospi_return_1d,0.016546249389648438
105,alpha,,fx_level_z_252,0.027095681056380272
106,beta,momentum,,-0.03855299949645996
106,beta,persist,,0.09897079318761826
106,beta,underwater,,0.021728428080677986
106,B,momentum,kospi_return_1d,-0.006545849144458771
106,B,momentum,fx_level_z_252,-0.0065801795572042465
106,B,persist,kospi_return_1d,-0.02240864373743534
106,B,persist,fx_level_z_252,0.010681884363293648
106,B,underwater,kospi_return_1d,0.000816013605799526
106,B,underwater,fx_level_z_252,-0.036688175052404404
106,alpha,,kospi_return_1d,0.016981063410639763
106,alpha,,fx_level_z_252,0.02724480628967285
107,beta,momentum,,-0.038448188453912735
107,beta,persist,,0.09928930550813675
107,beta,underwater,,0.021567735821008682
107,B,momentum,kospi_return_1d,-0.006549651734530926
107,B,momentum,fx_level_z_252,-0.006601609755307436
107,B,persist,kospi_return_1d,-0.02228614315390587
107,B,persist,fx_level_z_252,0.01058677863329649
107,B,underwater,kospi_return_1d,0.0009746773284859955
107,B,underwater,fx_level_z_252,-0.036557089537382126
107,alpha,,kospi_return_1d,0.01737876422703266
107,alpha,,fx_level_z_252,0.027255909517407417
108,beta,momentum,,-0.038287509232759476
108,beta,persist,,0.0996602475643158
108,beta,underwater,,0.021263573318719864
108,B,momentum,kospi_return_1d,-0.006569700315594673
108,B,momentum,fx_level_z_252,-0.006592936813831329
108,B,persist,kospi_return_1d,-0.022102318704128265
108,B,persist,fx_level_z_252,0.010418657213449478
108,B,underwater,kospi_return_1d,0.0012974650599062443
108,B,underwater,fx_level_z_252,-0.036630984395742416
108,alpha,,kospi_return_1d,0.017659200355410576
108,alpha,,fx_level_z_252,0.027112947776913643
109,beta,momentum,,-0.03807078301906586
109,beta,persist,,0.09998723119497299
109,beta,underwater,,0.020930439233779907
109,B,momentum,kospi_return_1d,-0.006447131279855967
109,B,momentum,fx_level_z_252,-0.006621045060455799
109,B,persist,kospi_return_1d,-0.022092357277870178
109,B,persist,fx_level_z_252,0.010197100229561329
109,B,underwater,kospi_return_1d,0.0015085923951119184
109,B,underwater,fx_level_z_252,-0.03668644279241562
109,alpha,,kospi_return_1d,0.01794401742517948
109,alpha,,fx_level_z_252,0.026970654726028442
110,beta,momentum,,-0.037901636213064194
110,beta,persist,,0.10030341893434525
110,beta,underwater,,0.020636048167943954
110,B,momentum,kospi_return_1d,-0.006188731640577316
110,B,momentum,fx_level_z_252,-0.006796860136091709
110,B,persist,kospi_return_1d,-0.02225315570831299
110,B,persist,fx_level_z_252,0.010178293101489544
110,B,underwater,kospi_return_1d,0.0014910688623785973
110,B,underwater,fx_level_z_252,-0.03670579195022583
110,alpha,,kospi_return_1d,0.01823703572154045
110,alpha,,fx_level_z_252,0.02673942781984806
111,beta,momentum,,-0.03774810954928398
111,beta,persist,,0.10065144300460815
111,beta,underwater,,0.020427146926522255
111,B,momentum,kospi_return_1d,-0.00587026821449399
111,B,momentum,fx_level_z_252,-0.0070557016879320145
111,B,persist,kospi_return_1d,-0.022364849224686623
111,B,persist,fx_level_z_252,0.010240315459668636
111,B,underwater,kospi_return_1d,0.0014192612143233418
111,B,underwater,fx_level_z_252,-0.036644093692302704
111,alpha,,kospi_return_1d,0.018450940027832985
111,alpha,,fx_level_z_252,0.02669042907655239
112,beta,momentum,,-0.03772423043847084
112,beta,persist,,0.10106600075960159
112,beta,underwater,,0.020384443923830986
112,B,momentum,kospi_return_1d,-0.005663814023137093
112,B,momentum,fx_level_z_252,-0.007176866289228201
112,B,persist,kospi_return_1d,-0.022419296205043793
112,B,persist,fx_level_z_252,0.010183630511164665
112,B,underwater,kospi_return_1d,0.001322252326644957
112,B,underwater,fx_level_z_252,-0.036499712616205215
112,alpha,,kospi_return_1d,0.018600106239318848
112,alpha,,fx_level_z_252,0.026740889996290207
113,beta,momentum,,-0.03773867338895798
113,beta,persist,,0.10145092010498047
113,beta,underwater,,0.020348409190773964
113,B,momentum,kospi_return_1d,-0.0055022286251187325
113,B,momentum,fx_level_z_252,-0.007231386378407478
113,B,persist,kospi_return_1d,-0.02248420938849449
113,B,persist,fx_level_z_252,0.009961852803826332
113,B,underwater,kospi_return_1d,0.0012009252095595002
113,B,underwater,fx_level_z_252,-0.036348190158605576
113,alpha,,kospi_return_1d,0.018753064796328545
113,alpha,,fx_level_z_252,0.02669624239206314
114,beta,momentum,,-0.03777565807104111
114,beta,persist,,0.1017904132604599
114,beta,underwater,,0.020278794690966606
114,B,momentum,kospi_return_1d,-0.005339382216334343
114,B,momentum,fx_level_z_252,-0.007130071986466646
114,B,persist,kospi_return_1d,-0.0226901788264513
114,B,persist,fx_level_z_252,0.009896982461214066
114,B,underwater,kospi_return_1d,0.0010569392470642924
114,B,underwater,fx_level_z_252,-0.03626852110028267
114,alpha,,kospi_return_1d,0.018971752375364304
114,alpha,,fx_level_z_252,0.026679636910557747
115,beta,momentum,,-0.037761323153972626
115,beta,persist,,0.10209134966135025
115,beta,underwater,,0.020104654133319855
115,B,momentum,kospi_return_1d,-0.005075567401945591
115,B,momentum,fx_level_z_252,-0.006994871888309717
115,B,persist,kospi_return_1d,-0.022884299978613853
115,B,persist,fx_level_z_252,0.010016845539212227
115,B,underwater,kospi_return_1d,0.0008053391939029098
115,B,underwater,fx_level_z_252,-0.036246221512556076
115,alpha,,kospi_return_1d,0.019253429025411606
115,alpha,,fx_level_z_252,0.026571117341518402
116,beta,momentum,,-0.037736427038908005
116,beta,persist,,0.10233230143785477
116,beta,underwater,,0.019886555150151253
116,B,momentum,kospi_return_1d,-0.004789666272699833
116,B,momentum,fx_level_z_252,-0.006894809193909168
116,B,persist,kospi_return_1d,-0.02323334477841854
116,B,persist,fx_level_z_252,0.010171212255954742
116,B,underwater,kospi_return_1d,0.00042124956962652504
116,B,underwater,fx_level_z_252,-0.036334507167339325
116,alpha,,kospi_return_1d,0.01964736171066761
116,alpha,,fx_level_z_252,0.02652580849826336
117,beta,momentum,,-0.03774511069059372
117,beta,persist,,0.10258827358484268
117,beta,underwater,,0.01972935162484646
117,B,momentum,kospi_return_1d,-0.004428804386407137
117,B,momentum,fx_level_z_252,-0.006917146500200033
117,B,persist,kospi_return_1d,-0.02360246516764164
117,B,persist,fx_level_z_252,0.010428274050354958
117,B,underwater,kospi_return_1d,-4.295186954550445e-06
117,B,underwater,fx_level_z_252,-0.03618384897708893
117,alpha,,kospi_return_1d,0.019954053685069084
117,alpha,,fx_level_z_252,0.026446962729096413
118,beta,momentum,,-0.03775880113244057
118,beta,persist,,0.10280143469572067
118,beta,underwater,,0.019673218950629234
118,B,momentum,kospi_return_1d,-0.004234096501022577
118,B,momentum,fx_level_z_252,-0.007105662953108549
118,B,persist,kospi_return_1d,-0.023911722004413605
118,B,persist,fx_level_z_252,0.010708707384765148
118,B,underwater,kospi_return_1d,-0.0002356709592277184
118,B,underwater,fx_level_z_252,-0.035965997725725174
118,alpha,,kospi_return_1d,0.02030790224671364
118,alpha,,fx_level_z_252,0.026489367708563805
119,beta,momentum,,-0.037709806114435196
119,beta,persist,,0.10300739109516144
119,beta,underwater,,0.019612036645412445
119,B,momentum,kospi_return_1d,-0.004230016376823187
119,B,momentum,fx_level_z_252,-0.007495845202356577
119,B,persist,kospi_return_1d,-0.024077678099274635
119,B,persist,fx_level_z_252,0.011010747402906418
119,B,underwater,kospi_return_1d,-0.00023663975298404694
119,B,underwater,fx_level_z_252,-0.035744912922382355
119,alpha,,kospi_return_1d,0.020514145493507385
119,alpha,,fx_level_z_252,0.02657775953412056
120,beta,momentum,,-0.03771998733282089
120,beta,persist,,0.10316529124975204
120,beta,underwater,,0.019528500735759735
120,B,momentum,kospi_return_1d,-0.004433864261955023
120,B,momentum,fx_level_z_252,-0.00775902159512043
120,B,persist,kospi_return_1d,-0.024185482412576675
120,B,persist,fx_level_z_252,0.011360042728483677
120,B,underwater,kospi_return_1d,-3.732394543476403e-05
120,B,underwater,fx_level_z_252,-0.03544250503182411
120,alpha,,kospi_return_1d,0.020811069756746292
120,alpha,,fx_level_z_252,0.026527678593993187
121,beta,momentum,,-0.037707723677158356
121,beta,persist,,0.1032428964972496
121,beta,underwater,,0.01940375193953514
121,B,momentum,kospi_return_1d,-0.004781469237059355
121,B,momentum,fx_level_z_252,-0.00791572593152523
121,B,persist,kospi_return_1d,-0.024210676550865173
121,B,persist,fx_level_z_252,0.011774864047765732
121,B,underwater,kospi_return_1d,0.00023661748855374753
121,B,underwater,fx_level_z_252,-0.03521185368299484
121,alpha,,kospi_return_1d,0.021152900531888008
121,alpha,,fx_level_z_252,0.02642902359366417
122,beta,momentum,,-0.0377771258354187
122,beta,persist,,0.10342821478843689
122,beta,underwater,,0.019340110942721367
122,B,momentum,kospi_return_1d,-0.0051706284284591675
122,B,momentum,fx_level_z_252,-0.007856271229684353
122,B,persist,kospi_return_1d,-0.023989206179976463
122,B,persist,fx_level_z_252,0.011980898678302765
122,B,underwater,kospi_return_1d,0.0006281861569732428
122,B,underwater,fx_level_z_252,-0.03522653877735138
122,alpha,,kospi_return_1d,0.021227259188890457
122,alpha,,fx_level_z_252,0.026424195617437363
123,beta,momentum,,-0.03784831613302231
123,beta,persist,,0.10366975516080856
123,beta,underwater,,0.019325558096170425
123,B,momentum,kospi_return_1d,-0.005600184667855501
123,B,momentum,fx_level_z_252,-0.007798181381076574
123,B,persist,kospi_return_1d,-0.023580918088555336
123,B,persist,fx_level_z_252,0.012046766467392445
123,B,underwater,kospi_return_1d,0.0008949538460001349
123,B,underwater,fx_level_z_252,-0.03533812239766121
123,alpha,,kospi_return_1d,0.021173955872654915
123,alpha,,fx_level_z_252,0.026405412703752518
124,beta,momentum,,-0.03788653016090393
124,beta,persist,,0.1038963794708252
124,beta,underwater,,0.0192894097417593
124,B,momentum,kospi_return_1d,-0.0059915934689342976
124,B,momentum,fx_level_z_252,-0.007453981786966324
124,B,persist,kospi_return_1d,-0.023046189919114113
124,B,persist,fx_level_z_252,0.01198327075690031
124,B,underwater,kospi_return_1d,0.0013086844701319933
124,B,underwater,fx_level_z_252,-0.035683050751686096
124,alpha,,kospi_return_1d,0.021114632487297058
124,alpha,,fx_level_z_252,0.026282677426934242
125,beta,momentum,,-0.038015734404325485
125,beta,persist,,0.10411728918552399
125,beta,underwater,,0.019368039444088936
125,B,momentum,kospi_return_1d,-0.00619606114923954
125,B,momentum,fx_level_z_252,-0.007139489054679871
125,B,persist,kospi_return_1d,-0.0226766187697649
125,B,persist,fx_level_z_252,0.011832181364297867
125,B,underwater,kospi_return_1d,0.0014761855127289891
125,B,underwater,fx_level_z_252,-0.035845693200826645
125,alpha,,kospi_return_1d,0.021037345752120018
125,alpha,,fx_level_z_252,0.026182672008872032
126,beta,momentum,,-0.03809818997979164
126,beta,persist,,0.10424098372459412
126,beta,underwater,,0.0193229578435421
126,B,momentum,kospi_return_1d,-0.006169784348458052
126,B,momentum,fx_level_z_252,-0.00699696084484458
126,B,persist,kospi_return_1d,-0.02262107841670513
126,B,persist,fx_level_z_252,0.01172561477869749
126,B,underwater,kospi_return_1d,0.0013637857045978308
126,B,underwater,fx_level_z_252,-0.035944562405347824
126,alpha,,kospi_return_1d,0.021178482100367546
126,alpha,,fx_level_z_252,0.026021426543593407
127,beta,momentum,,-0.03819650411605835
127,beta,persist,,0.10441190749406815
127,beta,underwater,,0.01934828981757164
127,B,momentum,kospi_return_1d,-0.006108814850449562
127,B,momentum,fx_level_z_252,-0.006633619777858257
127,B,persist,kospi_return_1d,-0.02250543050467968
127,B,persist,fx_level_z_252,0.01151969749480486
127,B,underwater,kospi_return_1d,0.0011721709743142128
127,B,underwater,fx_level_z_252,-0.03607757389545441
127,alpha,,kospi_return_1d,0.021259283646941185
127,alpha,,fx_level_z_252,0.026083076372742653
128,beta,momentum,,-0.03836468234658241
128,beta,persist,,0.1046038344502449
128,beta,underwater,,0.019451642408967018
128,B,momentum,kospi_return_1d,-0.006150600500404835
128,B,momentum,fx_level_z_252,-0.006225780583918095
128,B,persist,kospi_return_1d,-0.02231566794216633
128,B,persist,fx_level_z_252,0.01126488484442234
128,B,underwater,kospi_return_1d,0.0009463695459999144
128,B,underwater,fx_level_z_252,-0.036198921501636505
128,alpha,,kospi_return_1d,0.02143953926861286
128,alpha,,fx_level_z_252,0.02625255659222603
129,beta,momentum,,-0.03840116783976555
129,beta,persist,,0.10472062230110168
129,beta,underwater,,0.019524749368429184
129,B,momentum,kospi_return_1d,-0.0061560580506920815
129,B,momentum,fx_level_z_252,-0.005842246580868959
129,B,persist,kospi_return_1d,-0.022284038364887238
129,B,persist,fx_level_z_252,0.011188899166882038
129,B,underwater,kospi_return_1d,0.0006174855516292155
129,B,underwater,fx_level_z_252,-0.0362434946000576
129,alpha,,kospi_return_1d,0.021642526611685753
129,alpha,,fx_level_z_252,0.02638404257595539
130,beta,momentum,,-0.03841375187039375
130,beta,persist,,0.10486078262329102
130,beta,underwater,,0.019593896344304085
130,B,momentum,kospi_return_1d,-0.006103894207626581
130,B,momentum,fx_level_z_252,-0.005621128249913454
130,B,persist,kospi_return_1d,-0.022356020286679268
130,B,persist,fx_level_z_252,0.011100374162197113
130,B,underwater,kospi_return_1d,0.00026819593040272593
130,B,underwater,fx_level_z_252,-0.036170270293951035
130,alpha,,kospi_return_1d,0.021766936406493187
130,alpha,,fx_level_z_252,0.02646758407354355
131,beta,momentum,,-0.038465872406959534
131,beta,persist,,0.1050378680229187
131,beta,underwater,,0.019718745723366737
131,B,momentum,kospi_return_1d,-0.005999492947012186
131,B,momentum,fx_level_z_252,-0.005572671070694923
131,B,persist,kospi_return_1d,-0.022483494132757187
131,B,persist,fx_level_z_252,0.010985339060425758
131,B,underwater,kospi_return_1d,-0.00011241316678933799
131,B,underwater,fx_level_z_252,-0.036005135625600815
131,alpha,,kospi_return_1d,0.021976545453071594
131,alpha,,fx_level_z_252,0.026601994410157204
132,beta,momentum,,-0.0385088212788105
132,beta,persist,,0.10521215945482254
132,beta,underwater,,0.019848482683300972
132,B,momentum,kospi_return_1d,-0.0057489629834890366
132,B,momentum,fx_level_z_252,-0.0056499638594686985
132,B,persist,kospi_return_1d,-0.022665416821837425
132,B,persist,fx_level_z_252,0.010852456092834473
132,B,underwater,kospi_return_1d,-0.00041965232230722904
132,B,underwater,fx_level_z_252,-0.03572302684187889
132,alpha,,kospi_return_1d,0.022078709676861763
132,alpha,,fx_level_z_252,0.026629775762557983
133,beta,momentum,,-0.038550857454538345
133,beta,persist,,0.10535288602113724
133,beta,underwater,,0.0198780857026577
133,B,momentum,kospi_return_1d,-0.005328680854290724
133,B,momentum,fx_level_z_252,-0.005593093577772379
133,B,persist,kospi_return_1d,-0.022722575813531876
133,B,persist,fx_level_z_252,0.010754285380244255
133,B,underwater,kospi_return_1d,-0.000640476297121495
133,B,underwater,fx_level_z_252,-0.03558789938688278
133,alpha,,kospi_return_1d,0.022241899743676186
133,alpha,,fx_level_z_252,0.026556357741355896
134,beta,momentum,,-0.03853508085012436
134,beta,persist,,0.10548745095729828
134,beta,underwater,,0.019826309755444527
134,B,momentum,kospi_return_1d,-0.004871352110058069
134,B,momentum,fx_level_z_252,-0.0054645901545882225
134,B,persist,kospi_return_1d,-0.02278532274067402
134,B,persist,fx_level_z_252,0.01058980356901884
134,B,underwater,kospi_return_1d,-0.0006322544650174677
134,B,underwater,fx_level_z_252,-0.03563928231596947
134,alpha,,kospi_return_1d,0.02229083701968193
134,alpha,,fx_level_z_252,0.026452532038092613
135,beta,momentum,,-0.038410164415836334
135,beta,persist,,0.1055523231625557
135,beta,underwater,,0.019673388451337814
135,B,momentum,kospi_return_1d,-0.004706059582531452
135,B,momentum,fx_level_z_252,-0.005466802045702934
135,B,persist,kospi_return_1d,-0.022707344964146614
135,B,persist,fx_level_z_252,0.010627837851643562
135,B,underwater,kospi_return_1d,-0.000467524747364223
135,B,underwater,fx_level_z_252,-0.035677652806043625
135,alpha,,kospi_return_1d,0.02235637791454792
135,alpha,,fx_level_z_252,0.02623271942138672
136,beta,momentum,,-0.03822873532772064
136,beta,persist,,0.10561398416757584
136,beta,underwater,,0.019508060067892075
136,B,momentum,kospi_return_1d,-0.004469807259738445
136,B,momentum,fx_level_z_252,-0.005482397507876158
136,B,persist,kospi_return_1d,-0.022667517885565758
136,B,persist,fx_level_z_252,0.010640762746334076
136,B,underwater,kospi_return_1d,-0.00029593828367069364
136,B,underwater,fx_level_z_252,-0.03558187186717987
136,alpha,,kospi_return_1d,0.02239668183028698
136,alpha,,fx_level_z_252,0.02611718699336052
137,beta,momentum,,-0.03815055266022682
137,beta,persist,,0.10572564601898193
137,beta,underwater,,0.019472310319542885
137,B,momentum,kospi_return_1d,-0.004253257066011429
137,B,momentum,fx_level_z_252,-0.005401005037128925
137,B,persist,kospi_return_1d,-0.022424882277846336
137,B,persist,fx_level_z_252,0.010663561522960663
137,B,underwater,kospi_return_1d,-3.679467045003548e-05
137,B,underwater,fx_level_z_252,-0.03564842417836189
137,alpha,,kospi_return_1d,0.022478202357888222
137,alpha,,fx_level_z_252,0.02611187845468521
138,beta,momentum,,-0.03807630389928818
138,beta,persist,,0.10586536675691605
138,beta,underwater,,0.019427308812737465
138,B,momentum,kospi_return_1d,-0.00414445111528039
138,B,momentum,fx_level_z_252,-0.005488541908562183
138,B,persist,kospi_return_1d,-0.02225465513765812
138,B,persist,fx_level_z_252,0.010885552503168583
138,B,underwater,kospi_return_1d,0.0001966391282621771
138,B,underwater,fx_level_z_252,-0.035650625824928284
138,alpha,,kospi_return_1d,0.022432273253798485
138,alpha,,fx_level_z_252,0.026122841984033585
139,beta,momentum,,-0.037888843566179276
139,beta,persist,,0.10597295314073563
139,beta,underwater,,0.01936625875532627
139,B,momentum,kospi_return_1d,-0.004014584235846996
139,B,momentum,fx_level_z_252,-0.005795378237962723
139,B,persist,kospi_return_1d,-0.022202519699931145
139,B,persist,fx_level_z_252,0.011298623867332935
139,B,underwater,kospi_return_1d,0.0004139863303862512
139,B,underwater,fx_level_z_252,-0.035452477633953094
139,alpha,,kospi_return_1d,0.022317014634609222
139,alpha,,fx_level_z_252,0.026019267737865448
140,beta,momentum,,-0.03774057701230049
140,beta,persist,,0.10614031553268433
140,beta,underwater,,0.019420312717556953
140,B,momentum,kospi_return_1d,-0.0040425187908113
140,B,momentum,fx_level_z_252,-0.00616498664021492
140,B,persist,kospi_return_1d,-0.022043542936444283
140,B,persist,fx_level_z_252,0.011698463931679726
140,B,underwater,kospi_return_1d,0.0005554893286898732
140,B,underwater,fx_level_z_252,-0.03511395677924156
140,alpha,,kospi_return_1d,0.022044425830245018
140,alpha,,fx_level_z_252,0.02605067752301693
141,beta,momentum,,-0.03759756311774254
141,beta,persist,,0.10632320493459702
141,beta,underwater,,0.019466251134872437
141,B,momentum,kospi_return_1d,-0.004245953634381294
141,B,momentum,fx_level_z_252,-0.0064584421925246716
141,B,persist,kospi_return_1d,-0.021892227232456207
141,B,persist,fx_level_z_252,0.01203982625156641
141,B,underwater,kospi_return_1d,0.0006827464094385505
141,B,underwater,fx_level_z_252,-0.03473765403032303
141,alpha,,kospi_return_1d,0.021800508722662926
141,alpha,,fx_level_z_252,0.025974834337830544
142,beta,momentum,,-0.03748568892478943
142,beta,persist,,0.10653755068778992
142,beta,underwater,,0.019416095688939095
142,B,momentum,kospi_return_1d,-0.004447198007255793
142,B,momentum,fx_level_z_252,-0.006502002011984587
142,B,persist,kospi_return_1d,-0.021781176328659058
142,B,persist,fx_level_z_252,0.012102779932320118
142,B,underwater,kospi_return_1d,0.0007247802568599582
142,B,underwater,fx_level_z_252,-0.034508123993873596
142,alpha,,kospi_return_1d,0.021555950865149498
142,alpha,,fx_level_z_252,0.025764333084225655
143,beta,momentum,,-0.037278011441230774
143,beta,persist,,0.1067156195640564
143,beta,underwater,,0.019156506285071373
143,B,momentum,kospi_return_1d,-0.004676215350627899
143,B,momentum,fx_level_z_252,-0.006285473238676786
143,B,persist,kospi_return_1d,-0.021789895370602608
143,B,persist,fx_level_z_252,0.01214398629963398
143,B,underwater,kospi_return_1d,0.0006347534363158047
143,B,underwater,fx_level_z_252,-0.03458474203944206
143,alpha,,kospi_return_1d,0.021435588598251343
143,alpha,,fx_level_z_252,0.025473786517977715
144,beta,momentum,,-0.03699284791946411
144,beta,persist,,0.10681909322738647
144,beta,underwater,,0.018853584304451942
144,B,momentum,kospi_return_1d,-0.00481773167848587
144,B,momentum,fx_level_z_252,-0.006061085499823093
144,B,persist,kospi_return_1d,-0.021911993622779846
144,B,persist,fx_level_z_252,0.012235837057232857
144,B,underwater,kospi_return_1d,0.0005453056655824184
144,B,underwater,fx_level_z_252,-0.034687966108322144
144,alpha,,kospi_return_1d,0.021502137184143066
144,alpha,,fx_level_z_252,0.025240523740649223
145,beta,momentum,,-0.036737505346536636
145,beta,persist,,0.10688523203134537
145,beta,underwater,,0.01855064556002617
145,B,momentum,kospi_return_1d,-0.004836589563637972
145,B,momentum,fx_level_z_252,-0.005823246203362942
145,B,persist,kospi_return_1d,-0.021911809220910072
145,B,persist,fx_level_z_252,0.012141861952841282
145,B,underwater,kospi_return_1d,0.0002904320426750928
145,B,underwater,fx_level_z_252,-0.03489121422171593
145,alpha,,kospi_return_1d,0.021671036258339882
145,alpha,,fx_level_z_252,0.025048187002539635
146,beta,momentum,,-0.03656497225165367
146,beta,persist,,0.1069270446896553
146,beta,underwater,,0.018272725865244865
146,B,momentum,kospi_return_1d,-0.00464822119101882
146,B,momentum,fx_level_z_252,-0.005522261839359999
146,B,persist,kospi_return_1d,-0.021958842873573303
146,B,persist,fx_level_z_252,0.01199877168983221
146,B,underwater,kospi_return_1d,7.60361144784838e-05
146,B,underwater,fx_level_z_252,-0.035199932754039764
146,alpha,,kospi_return_1d,0.021918553858995438
146,alpha,,fx_level_z_252,0.024969110265374184
147,beta,momentum,,-0.03649482876062393
147,beta,persist,,0.10699552297592163
147,beta,underwater,,0.018173465505242348
147,B,momentum,kospi_return_1d,-0.004294217098504305
147,B,momentum,fx_level_z_252,-0.005310981068760157
147,B,persist,kospi_return_1d,-0.02211148478090763
147,B,persist,fx_level_z_252,0.011937997303903103
147,B,underwater,kospi_return_1d,-0.0002751698193605989
147,B,underwater,fx_level_z_252,-0.03538361191749573
147,alpha,,kospi_return_1d,0.021964987739920616
147,alpha,,fx_level_z_252,0.025135494768619537
148,beta,momentum,,-0.03662196919322014
148,beta,persist,,0.1071028932929039
148,beta,underwater,,0.018238285556435585
148,B,momentum,kospi_return_1d,-0.004219030030071735
148,B,momentum,fx_level_z_252,-0.004925171844661236
148,B,persist,kospi_return_1d,-0.02201494574546814
148,B,persist,fx_level_z_252,0.011824817396700382
148,B,underwater,kospi_return_1d,-0.00037447677459567785
148,B,underwater,fx_level_z_252,-0.035554077476263046
148,alpha,,kospi_return_1d,0.0220230333507061
148,alpha,,fx_level_z_252,0.02532568946480751
149,beta,momentum,,-0.036758437752723694
149,beta,persist,,0.10722675919532776
149,beta,underwater,,0.01831217110157013
149,B,momentum,kospi_return_1d,-0.004202206619083881
149,B,momentum,fx_level_z_252,-0.004607957787811756
149,B,persist,kospi_return_1d,-0.02175894007086754
149,B,persist,fx_level_z_252,0.011641550809144974
149,B,underwater,kospi_return_1d,-0.0001861227210611105
149,B,underwater,fx_level_z_252,-0.03567516803741455
149,alpha,,kospi_return_1d,0.022014055401086807
149,alpha,,fx_level_z_252,0.025586117058992386
150,beta,momentum,,-0.03696262463927269
150,beta,persist,,0.10736198723316193
150,beta,underwater,,0.01838228851556778
150,B,momentum,kospi_return_1d,-0.0041757370345294476
150,B,momentum,fx_level_z_252,-0.004375013522803783
150,B,persist,kospi_return_1d,-0.02168632112443447
150,B,persist,fx_level_z_252,0.01162673532962799
150,B,underwater,kospi_return_1d,-2.5947378162527457e-05
150,B,underwater,fx_level_z_252,-0.035683467984199524
150,alpha,,kospi_return_1d,0.022024136036634445
150,alpha,,fx_level_z_252,0.025714680552482605
151,beta,momentum,,-0.03731360286474228
151,beta,persist,,0.10756467282772064
151,beta,underwater,,0.01861407421529293
151,B,momentum,kospi_return_1d,-0.004187701269984245
151,B,momentum,fx_level_z_252,-0.004184216260910034
151,B,persist,kospi_return_1d,-0.021565711125731468
151,B,persist,fx_level_z_252,0.01161805260926485
151,B,underwater,kospi_return_1d,1.8129248928744346e-06
151,B,underwater,fx_level_z_252,-0.03563505411148071
151,alpha,,kospi_return_1d,0.022061262279748917
151,alpha,,fx_level_z_252,0.025957388803362846
152,beta,momentum,,-0.03769880533218384
152,beta,persist,,0.10778579860925674
152,beta,underwater,,0.018839800730347633
152,B,momentum,kospi_return_1d,-0.004300559405237436
152,B,momentum,fx_level_z_252,-0.0039390381425619125
152,B,persist,kospi_return_1d,-0.02110985666513443
152,B,persist,fx_level_z_252,0.01154507789760828
152,B,underwater,kospi_return_1d,4.224057192914188e-05
152,B,underwater,fx_level_z_252,-0.0356961227953434
152,alpha,,kospi_return_1d,0.021999692544341087
152,alpha,,fx_level_z_252,0.026310238987207413
153,beta,momentum,,-0.037951935082674026
153,beta,persist,,0.10794850438833237
153,beta,underwater,,0.01905091106891632
153,B,momentum,kospi_return_1d,-0.004232746083289385
153,B,momentum,fx_level_z_252,-0.003953325562179089
153,B,persist,kospi_return_1d,-0.0209710244089365
153,B,persist,fx_level_z_252,0.011446787044405937
153,B,underwater,kospi_return_1d,2.282758941873908e-05
153,B,underwater,fx_level_z_252,-0.03563423082232475
153,alpha,,kospi_return_1d,0.02196669764816761
153,alpha,,fx_level_z_252,0.026613833382725716
154,beta,momentum,,-0.03819933906197548
154,beta,persist,,0.10817142575979233
154,beta,underwater,,0.019247999414801598
154,B,momentum,kospi_return_1d,-0.0043058982118964195
154,B,momentum,fx_level_z_252,-0.003921850584447384
154,B,persist,kospi_return_1d,-0.020877091214060783
154,B,persist,fx_level_z_252,0.0112301679328084
154,B,underwater,kospi_return_1d,7.470420678146183e-05
154,B,underwater,fx_level_z_252,-0.03550746664404869
154,alpha,,kospi_return_1d,0.02180972509086132
154,alpha,,fx_level_z_252,0.026997189968824387
155,beta,momentum,,-0.038365695625543594
155,beta,persist,,0.10837125778198242
155,beta,underwater,,0.0193875040858984
155,B,momentum,kospi_return_1d,-0.004377598874270916
155,B,momentum,fx_level_z_252,-0.003916251473128796
155,B,persist,kospi_return_1d,-0.020822549238801003
155,B,persist,fx_level_z_252,0.010950326919555664
155,B,underwater,kospi_return_1d,0.00015443723532371223
155,B,underwater,fx_level_z_252,-0.03539959713816643
155,alpha,,kospi_return_1d,0.021525373682379723
155,alpha,,fx_level_z_252,0.027308518067002296
156,beta,momentum,,-0.038391031324863434
156,beta,persist,,0.1085311621427536
156,beta,underwater,,0.019324634224176407
156,B,momentum,kospi_return_1d,-0.004212195053696632
156,B,momentum,fx_level_z_252,-0.003998070955276489
156,B,persist,kospi_return_1d,-0.020906293764710426
156,B,persist,fx_level_z_252,0.01068624947220087
156,B,underwater,kospi_return_1d,0.00015141886251512915
156,B,underwater,fx_level_z_252,-0.03539004176855087
156,alpha,,kospi_return_1d,0.021214066073298454
156,alpha,,fx_level_z_252,0.027666155248880386
157,beta,momentum,,-0.038272563368082047
157,beta,persist,,0.10868928581476212
157,beta,underwater,,0.019127339124679565
157,B,momentum,kospi_return_1d,-0.00402368837967515
157,B,momentum,fx_level_z_252,-0.004188935738056898
157,B,persist,kospi_return_1d,-0.021106936037540436
157,B,persist,fx_level_z_252,0.010643099434673786
157,B,underwater,kospi_return_1d,-5.915337533224374e-05
157,B,underwater,fx_level_z_252,-0.03532830625772476
157,alpha,,kospi_return_1d,0.021209191530942917
157,alpha,,fx_level_z_252,0.027880484238266945
158,beta,momentum,,-0.03806910291314125
158,beta,persist,,0.10882256925106049
158,beta,underwater,,0.018989454954862595
158,B,momentum,kospi_return_1d,-0.0036886741872876883
158,B,momentum,fx_level_z_252,-0.004540946800261736
158,B,persist,kospi_return_1d,-0.02130613662302494
158,B,persist,fx_level_z_252,0.010710674338042736
158,B,underwater,kospi_return_1d,-0.00021910908981226385
158,B,underwater,fx_level_z_252,-0.03514972701668739
158,alpha,,kospi_return_1d,0.02131052315235138
158,alpha,,fx_level_z_252,0.02798277884721756
159,beta,momentum,,-0.03784175217151642
159,beta,persist,,0.1088523268699646
159,beta,underwater,,0.018781036138534546
159,B,momentum,kospi_return_1d,-0.003429814474657178
159,B,momentum,fx_level_z_252,-0.00491260876879096
159,B,persist,kospi_return_1d,-0.021448446437716484
159,B,persist,fx_level_z_252,0.010764626786112785
159,B,underwater,kospi_return_1d,-0.0001390544348396361
159,B,underwater,fx_level_z_252,-0.03510986268520355
159,alpha,,kospi_return_1d,0.021624531596899033
159,alpha,,fx_level_z_252,0.027897167950868607
160,beta,momentum,,-0.03762408718466759
160,beta,persist,,0.10891515016555786
160,beta,underwater,,0.018538812175393105
160,B,momentum,kospi_return_1d,-0.003359483554959297
160,B,momentum,fx_level_z_252,-0.005089924670755863
160,B,persist,kospi_return_1d,-0.02139448933303356
160,B,persist,fx_level_z_252,0.010705385357141495
160,B,underwater,kospi_return_1d,9.87561943475157e-05
160,B,underwater,fx_level_z_252,-0.035189613699913025
160,alpha,,kospi_return_1d,0.022049255669116974
160,alpha,,fx_level_z_252,0.027788132429122925
161,beta,momentum,,-0.03747151792049408
161,beta,persist,,0.10892637073993683
161,beta,underwater,,0.018392952159047127
161,B,momentum,kospi_return_1d,-0.0031700534746050835
161,B,momentum,fx_level_z_252,-0.00530486973002553
161,B,persist,kospi_return_1d,-0.021426156163215637
161,B,persist,fx_level_z_252,0.010804436169564724
161,B,underwater,kospi_return_1d,0.00011258077574893832
161,B,underwater,fx_level_z_252,-0.035086195915937424
161,alpha,,kospi_return_1d,0.022507546469569206
161,alpha,,fx_level_z_252,0.027695218101143837
162,beta,momentum,,-0.03727598115801811
162,beta,persist,,0.10888544470071793
162,beta,underwater,,0.01824323832988739
162,B,momentum,kospi_return_1d,-0.003150729462504387
162,B,momentum,fx_level_z_252,-0.005488932132720947
162,B,persist,kospi_return_1d,-0.021312745288014412
162,B,persist,fx_level_z_252,0.010962028987705708
162,B,underwater,kospi_return_1d,0.00024127571668941528
162,B,underwater,fx_level_z_252,-0.035093795508146286
162,alpha,,kospi_return_1d,0.023023031651973724
162,alpha,,fx_level_z_252,0.027520524337887764
163,beta,momentum,,-0.037088312208652496
163,beta,persist,,0.10889977216720581
163,beta,underwater,,0.01817820407450199
163,B,momentum,kospi_return_1d,-0.003296921029686928
163,B,momentum,fx_level_z_252,-0.0055794441141188145
163,B,persist,kospi_return_1d,-0.02115464210510254
163,B,persist,fx_level_z_252,0.011070805601775646
163,B,underwater,kospi_return_1d,0.0005163308815099299
163,B,underwater,fx_level_z_252,-0.03518829494714737
163,alpha,,kospi_return_1d,0.023468248546123505
163,alpha,,fx_level_z_252,0.027437185868620872
164,beta,momentum,,-0.036939721554517746
164,beta,persist,,0.10893434286117554
164,beta,underwater,,0.018160372972488403
164,B,momentum,kospi_return_1d,-0.0034942221827805042
164,B,momentum,fx_level_z_252,-0.00579499127343297
164,B,persist,kospi_return_1d,-0.020916815847158432
164,B,persist,fx_level_z_252,0.011045009829103947
164,B,underwater,kospi_return_1d,0.0005329668056219816
164,B,underwater,fx_level_z_252,-0.035100046545267105
164,alpha,,kospi_return_1d,0.023791637271642685
164,alpha,,fx_level_z_252,0.027362627908587456
165,beta,momentum,,-0.036782022565603256
165,beta,persist,,0.10895437002182007
165,beta,underwater,,0.01811533235013485
165,B,momentum,kospi_return_1d,-0.0035700576845556498
165,B,momentum,fx_level_z_252,-0.006010218057781458
165,B,persist,kospi_return_1d,-0.020899251103401184
165,B,persist,fx_level_z_252,0.01112114917486906
165,B,underwater,kospi_return_1d,0.00029965018620714545
165,B,underwater,fx_level_z_252,-0.034994155168533325
165,alpha,,kospi_return_1d,0.024118486791849136
165,alpha,,fx_level_z_252,0.027214566245675087
166,beta,momentum,,-0.03665213659405708
166,beta,persist,,0.10892659425735474
166,beta,underwater,,0.01809590682387352
166,B,momentum,kospi_return_1d,-0.0037659844383597374
166,B,momentum,fx_level_z_252,-0.006229594349861145
166,B,persist,kospi_return_1d,-0.020839069038629532
166,B,persist,fx_level_z_252,0.011273724026978016
166,B,underwater,kospi_return_1d,0.00010310739889973775
166,B,underwater,fx_level_z_252,-0.034740421921014786
166,alpha,,kospi_return_1d,0.02448883466422558
166,alpha,,fx_level_z_252,0.026969654485583305
167,beta,momentum,,-0.03655412048101425
167,beta,persist,,0.10884080827236176
167,beta,underwater,,0.018148841336369514
167,B,momentum,kospi_return_1d,-0.004013092257082462
167,B,momentum,fx_level_z_252,-0.006405445747077465
167,B,persist,kospi_return_1d,-0.020599856972694397
167,B,persist,fx_level_z_252,0.011349591426551342
167,B,underwater,kospi_return_1d,1.0032417776528746e-05
167,B,underwater,fx_level_z_252,-0.034491315484046936
167,alpha,,kospi_return_1d,0.024880416691303253
167,alpha,,fx_level_z_252,0.026720872148871422
168,beta,momentum,,-0.03643341362476349
168,beta,persist,,0.10884217917919159
168,beta,underwater,,0.01807786151766777
168,B,momentum,kospi_return_1d,-0.00430760532617569
168,B,momentum,fx_level_z_252,-0.0065011195838451385
168,B,persist,kospi_return_1d,-0.02037999778985977
168,B,persist,fx_level_z_252,0.011408950202167034
168,B,underwater,kospi_return_1d,2.2876873117638752e-05
168,B,underwater,fx_level_z_252,-0.03429027274250984
168,alpha,,kospi_return_1d,0.025051945820450783
168,alpha,,fx_level_z_252,0.026295332238078117
169,beta,momentum,,-0.03623219579458237
169,beta,persist,,0.10880470275878906
169,beta,underwater,,0.017919208854436874
169,B,momentum,kospi_return_1d,-0.004483846481889486
169,B,momentum,fx_level_z_252,-0.00656153867021203
169,B,persist,kospi_return_1d,-0.020264683291316032
169,B,persist,fx_level_z_252,0.011479186825454235
169,B,underwater,kospi_return_1d,-1.6256875824183226e-05
169,B,underwater,fx_level_z_252,-0.03401520103216171
169,alpha,,kospi_return_1d,0.025203708559274673
169,alpha,,fx_level_z_252,0.02578030340373516
170,beta,momentum,,-0.036043617874383926
170,beta,persist,,0.10872907191514969
170,beta,underwater,,0.017787843942642212
170,B,momentum,kospi_return_1d,-0.004543550778180361
170,B,momentum,fx_level_z_252,-0.0065069193951785564
170,B,persist,kospi_return_1d,-0.020314158871769905
170,B,persist,fx_level_z_252,0.01175539381802082
170,B,underwater,kospi_return_1d,0.0002586317714303732
170,B,underwater,fx_level_z_252,-0.033755719661712646
170,alpha,,kospi_return_1d,0.025197163224220276
170,alpha,,fx_level_z_252,0.025259900838136673
171,beta,momentum,,-0.03588726371526718
171,beta,persist,,0.10871100425720215
171,beta,underwater,,0.01763334684073925
171,B,momentum,kospi_return_1d,-0.004556328058242798
171,B,momentum,fx_level_z_252,-0.006346856709569693
171,B,persist,kospi_return_1d,-0.020253686234354973
171,B,persist,fx_level_z_252,0.011897651478648186
171,B,underwater,kospi_return_1d,0.0005293748108670115
171,B,underwater,fx_level_z_252,-0.033743344247341156
171,alpha,,kospi_return_1d,0.0251450315117836
171,alpha,,fx_level_z_252,0.024737730622291565
172,beta,momentum,,-0.03574728965759277
172,beta,persist,,0.10872287303209305
172,beta,underwater,,0.017426105216145515
172,B,momentum,kospi_return_1d,-0.004554604180157185
172,B,momentum,fx_level_z_252,-0.005970173981040716
172,B,persist,kospi_return_1d,-0.02031712234020233
172,B,persist,fx_level_z_252,0.011972562409937382
172,B,underwater,kospi_return_1d,0.0006667620618827641
172,B,underwater,fx_level_z_252,-0.034105267375707626
172,alpha,,kospi_return_1d,0.025027316063642502
172,alpha,,fx_level_z_252,0.024317385628819466
173,beta,momentum,,-0.035685885697603226
173,beta,persist,,0.10880376398563385
173,beta,underwater,,0.017449425533413887
173,B,momentum,kospi_return_1d,-0.004468318074941635
173,B,momentum,fx_level_z_252,-0.005540411453694105
173,B,persist,kospi_return_1d,-0.0205056332051754
173,B,persist,fx_level_z_252,0.012087784707546234
173,B,underwater,kospi_return_1d,0.000454833876574412
173,B,underwater,fx_level_z_252,-0.034421324729919434
173,alpha,,kospi_return_1d,0.024717943742871284
173,alpha,,fx_level_z_252,0.024220241233706474
174,beta,momentum,,-0.03578828647732735
174,beta,persist,,0.10889056324958801
174,beta,underwater,,0.017535340040922165
174,B,momentum,kospi_return_1d,-0.004167279694229364
174,B,momentum,fx_level_z_252,-0.00512265507131815
174,B,persist,kospi_return_1d,-0.020978014916181564
174,B,persist,fx_level_z_252,0.012159667909145355
174,B,underwater,kospi_return_1d,-5.418667569756508e-06
174,B,underwater,fx_level_z_252,-0.03453708440065384
174,alpha,,kospi_return_1d,0.024272073060274124
174,alpha,,fx_level_z_252,0.02421928197145462
175,beta,momentum,,-0.035965919494628906
175,beta,persist,,0.10893726348876953
175,beta,underwater,,0.017710290849208832
175,B,momentum,kospi_return_1d,-0.0037232537288218737
175,B,momentum,fx_level_z_252,-0.004811595194041729
175,B,persist,kospi_return_1d,-0.021446961909532547
175,B,persist,fx_level_z_252,0.012190423905849457
175,B,underwater,kospi_return_1d,-0.0003724716661963612
175,B,underwater,fx_level_z_252,-0.03457580506801605
175,alpha,,kospi_return_1d,0.023857785388827324
175,alpha,,fx_level_z_252,0.02428545244038105
176,beta,momentum,,-0.036243971437215805
176,beta,persist,,0.10903555899858475
176,beta,underwater,,0.017907096073031425
176,B,momentum,kospi_return_1d,-0.0032748328521847725
176,B,momentum,fx_level_z_252,-0.00446315947920084
176,B,persist,kospi_return_1d,-0.021957572549581528
176,B,persist,fx_level_z_252,0.012130707502365112
176,B,underwater,kospi_return_1d,-0.0004813710111193359
176,B,underwater,fx_level_z_252,-0.03463368862867355
176,alpha,,kospi_return_1d,0.02338922955095768
176,alpha,,fx_level_z_252,0.024410458281636238
177,beta,momentum,,-0.036629147827625275
177,beta,persist,,0.109276682138443
177,beta,underwater,,0.018349016085267067
177,B,momentum,kospi_return_1d,-0.0029640214052051306
177,B,momentum,fx_level_z_252,-0.0043482002802193165
177,B,persist,kospi_return_1d,-0.022248579189181328
177,B,persist,fx_level_z_252,0.012121524661779404
177,B,underwater,kospi_return_1d,-0.00037331346538849175
177,B,underwater,fx_level_z_252,-0.03445819392800331
177,alpha,,kospi_return_1d,0.022777320817112923
177,alpha,,fx_level_z_252,0.024681678041815758
178,beta,momentum,,-0.03700477257370949
178,beta,persist,,0.10949425399303436
178,beta,underwater,,0.018689041957259178
178,B,momentum,kospi_return_1d,-0.002790499245747924
178,B,momentum,fx_level_z_252,-0.004133508075028658
178,B,persist,kospi_return_1d,-0.02245027758181095
178,B,persist,fx_level_z_252,0.01206226833164692
178,B,underwater,kospi_return_1d,-0.00016604640404693782
178,B,underwater,fx_level_z_252,-0.03439037501811981
178,alpha,,kospi_return_1d,0.022223059087991714
178,alpha,,fx_level_z_252,0.024917427450418472
179,beta,momentum,,-0.03721132129430771
179,beta,persist,,0.10966648906469345
179,beta,underwater,,0.01900234818458557
179,B,momentum,kospi_return_1d,-0.0026812313590198755
179,B,momentum,fx_level_z_252,-0.004215387627482414
179,B,persist,kospi_return_1d,-0.02243592031300068
179,B,persist,fx_level_z_252,0.012219122610986233
179,B,underwater,kospi_return_1d,0.00011805721442215145
179,B,underwater,fx_level_z_252,-0.03424116596579552
179,alpha,,kospi_return_1d,0.02184304967522621
179,alpha,,fx_level_z_252,0.025194315239787102
180,beta,momentum,,-0.0374605730175972
180,beta,persist,,0.10987058281898499
180,beta,underwater,,0.01934191584587097
180,B,momentum,kospi_return_1d,-0.0026940570678561926
180,B,momentum,fx_level_z_252,-0.004377706907689571
180,B,persist,kospi_return_1d,-0.02239386923611164
180,B,persist,fx_level_z_252,0.01239614188671112
180,B,underwater,kospi_return_1d,0.0003256452037021518
180,B,underwater,fx_level_z_252,-0.034026216715574265
180,alpha,,kospi_return_1d,0.021421026438474655
180,alpha,,fx_level_z_252,0.02538060024380684
181,beta,momentum,,-0.037791699171066284
181,beta,persist,,0.11010625958442688
181,beta,underwater,,0.019736355170607567
181,B,momentum,kospi_return_1d,-0.002616905141621828
181,B,momentum,fx_level_z_252,-0.0043543013744056225
181,B,persist,kospi_return_1d,-0.022280830889940262
181,B,persist,fx_level_z_252,0.012446100823581219
181,B,underwater,kospi_return_1d,0.0004780680174008012
181,B,underwater,fx_level_z_252,-0.03391248360276222
181,alpha,,kospi_return_1d,0.021068040281534195
181,alpha,,fx_level_z_252,0.02562091499567032
182,beta,momentum,,-0.03796149790287018
182,beta,persist,,0.11028490215539932
182,beta,underwater,,0.019917355850338936
182,B,momentum,kospi_return_1d,-0.0028863560874015093
182,B,momentum,fx_level_z_252,-0.00430272426456213
182,B,persist,kospi_return_1d,-0.022039642557501793
182,B,persist,fx_level_z_252,0.01256514247506857
182,B,underwater,kospi_return_1d,0.000805213931016624
182,B,underwater,fx_level_z_252,-0.03408230468630791
182,alpha,,kospi_return_1d,0.020886024460196495
182,alpha,,fx_level_z_252,0.025751207023859024
183,beta,momentum,,-0.037962764501571655
183,beta,persist,,0.11032373458147049
183,beta,underwater,,0.01987459510564804
183,B,momentum,kospi_return_1d,-0.00324290432035923
183,B,momentum,fx_level_z_252,-0.004301088862121105
183,B,persist,kospi_return_1d,-0.021873190999031067
183,B,persist,fx_level_z_252,0.012609072029590607
183,B,underwater,kospi_return_1d,0.0011470543686300516
183,B,underwater,fx_level_z_252,-0.03429938480257988
183,alpha,,kospi_return_1d,0.02087005414068699
183,alpha,,fx_level_z_252,0.025850506499409676
184,beta,momentum,,-0.037969920784235
184,beta,persist,,0.1102645993232727
184,beta,underwater,,0.01972164772450924
184,B,momentum,kospi_return_1d,-0.003711097640916705
184,B,momentum,fx_level_z_252,-0.004381655715405941
184,B,persist,kospi_return_1d,-0.021732116118073463
184,B,persist,fx_level_z_252,0.01255588699132204
184,B,underwater,kospi_return_1d,0.0014124255394563079
184,B,underwater,fx_level_z_252,-0.03447648137807846
184,alpha,,kospi_return_1d,0.021000614389777184
184,alpha,,fx_level_z_252,0.025844333693385124
185,beta,momentum,,-0.037903182208538055
185,beta,persist,,0.1101006492972374
185,beta,underwater,,0.01949259079992771
185,B,momentum,kospi_return_1d,-0.004156517330557108
185,B,momentum,fx_level_z_252,-0.004481133073568344
185,B,persist,kospi_return_1d,-0.021683089435100555
185,B,persist,fx_level_z_252,0.012802320532500744
185,B,underwater,kospi_return_1d,0.0015035115648061037
185,B,underwater,fx_level_z_252,-0.03455972298979759
185,alpha,,kospi_return_1d,0.02127368003129959
185,alpha,,fx_level_z_252,0.02591652236878872
186,beta,momentum,,-0.03772687539458275
186,beta,persist,,0.10990510135889053
186,beta,underwater,,0.019176509231328964
186,B,momentum,kospi_return_1d,-0.004734484013170004
186,B,momentum,fx_level_z_252,-0.004518883302807808
186,B,persist,kospi_return_1d,-0.021454740315675735
186,B,persist,fx_level_z_252,0.012994235381484032
186,B,underwater,kospi_return_1d,0.0017397738993167877
186,B,underwater,fx_level_z_252,-0.03473697975277901
186,alpha,,kospi_return_1d,0.02154088206589222
186,alpha,,fx_level_z_252,0.025980046018958092
187,beta,momentum,,-0.037613656371831894
187,beta,persist,,0.10966380685567856
187,beta,underwater,,0.018885042518377304
187,B,momentum,kospi_return_1d,-0.004854503087699413
187,B,momentum,fx_level_z_252,-0.004347208421677351
187,B,persist,kospi_return_1d,-0.021567394956946373
187,B,persist,fx_level_z_252,0.013272318989038467
187,B,underwater,kospi_return_1d,0.0015997152077034116
187,B,underwater,fx_level_z_252,-0.03493790328502655
187,alpha,,kospi_return_1d,0.022022053599357605
187,alpha,,fx_level_z_252,0.026082344353199005
188,beta,momentum,,-0.037433721125125885
188,beta,persist,,0.1094217374920845
188,beta,underwater,,0.01859225705265999
188,B,momentum,kospi_return_1d,-0.0050011975690722466
188,B,momentum,fx_level_z_252,-0.004311742726713419
188,B,persist,kospi_return_1d,-0.02168063446879387
188,B,persist,fx_level_z_252,0.013559575192630291
188,B,underwater,kospi_return_1d,0.0014329036930575967
188,B,underwater,fx_level_z_252,-0.03498745337128639
188,alpha,,kospi_return_1d,0.022410398349165916
188,alpha,,fx_level_z_252,0.02607835829257965
189,beta,momentum,,-0.037246234714984894
189,beta,persist,,0.10914698243141174
189,beta,underwater,,0.018267130479216576
189,B,momentum,kospi_return_1d,-0.005092232022434473
189,B,momentum,fx_level_z_252,-0.004491786006838083
189,B,persist,kospi_return_1d,-0.021917248144745827
189,B,persist,fx_level_z_252,0.01388485636562109
189,B,underwater,kospi_return_1d,0.0011756934691220522
189,B,underwater,fx_level_z_252,-0.034819118678569794
189,alpha,,kospi_return_1d,0.02269192598760128
189,alpha,,fx_level_z_252,0.02589450590312481
190,beta,momentum,,-0.03713325038552284
190,beta,persist,,0.10895424336194992
190,beta,underwater,,0.018095562234520912
190,B,momentum,kospi_return_1d,-0.005092657171189785
190,B,momentum,fx_level_z_252,-0.004494049586355686
190,B,persist,kospi_return_1d,-0.022183526307344437
190,B,persist,fx_level_z_252,0.01422791089862585
190,B,underwater,kospi_return_1d,0.0008477414376102388
190,B,underwater,fx_level_z_252,-0.03470311686396599
190,alpha,,kospi_return_1d,0.022807203233242035
190,alpha,,fx_level_z_252,0.025885621085762978
191,beta,momentum,,-0.03700137138366699
191,beta,persist,,0.10884567350149155
191,beta,underwater,,0.017955200746655464
191,B,momentum,kospi_return_1d,-0.004781993571668863
191,B,momentum,fx_level_z_252,-0.0044237482361495495
191,B,persist,kospi_return_1d,-0.02258840762078762
191,B,persist,fx_level_z_252,0.014517643488943577
191,B,underwater,kospi_return_1d,0.00037827977212145925
191,B,underwater,fx_level_z_252,-0.034560441970825195
191,alpha,,kospi_return_1d,0.02291889861226082
191,alpha,,fx_level_z_252,0.02590387873351574
192,beta,momentum,,-0.03685532137751579
192,beta,persist,,0.10878176987171173
192,beta,underwater,,0.01772248186171055
192,B,momentum,kospi_return_1d,-0.0045766327530145645
192,B,momentum,fx_level_z_252,-0.004286379553377628
192,B,persist,kospi_return_1d,-0.02288428321480751
192,B,persist,fx_level_z_252,0.014799821190536022
192,B,underwater,kospi_return_1d,2.412385947536677e-05
192,B,underwater,fx_level_z_252,-0.03448724374175072
192,alpha,,kospi_return_1d,0.02296796254813671
192,alpha,,fx_level_z_252,0.02583794668316841
193,beta,momentum,,-0.03669031336903572
193,beta,persist,,0.10873926430940628
193,beta,underwater,,0.017545079812407494
193,B,momentum,kospi_return_1d,-0.0043647331185638905
193,B,momentum,fx_level_z_252,-0.004194965120404959
193,B,persist,kospi_return_1d,-0.02302643284201622
193,B,persist,fx_level_z_252,0.015119357965886593
193,B,underwater,kospi_return_1d,-0.00017034292977768928
193,B,underwater,fx_level_z_252,-0.034485455602407455
193,alpha,,kospi_return_1d,0.023009421303868294
193,alpha,,fx_level_z_252,0.02591945230960846
194,beta,momentum,,-0.03658334165811539
194,beta,persist,,0.10880003869533539
194,beta,underwater,,0.017356863245368004
194,B,momentum,kospi_return_1d,-0.004285672679543495
194,B,momentum,fx_level_z_252,-0.004058916587382555
194,B,persist,kospi_return_1d,-0.022920502349734306
194,B,persist,fx_level_z_252,0.015215170569717884
194,B,underwater,kospi_return_1d,-0.00011600340076256543
194,B,underwater,fx_level_z_252,-0.034586116671562195
194,alpha,,kospi_return_1d,0.022900329902768135
194,alpha,,fx_level_z_252,0.026021808385849
195,beta,momentum,,-0.036493703722953796
195,beta,persist,,0.10884426534175873
195,beta,underwater,,0.01715814135968685
195,B,momentum,kospi_return_1d,-0.004336667247116566
195,B,momentum,fx_level_z_252,-0.003910087514668703
195,B,persist,kospi_return_1d,-0.022832630202174187
195,B,persist,fx_level_z_252,0.015127597376704216
195,B,underwater,kospi_return_1d,9.667049744166434e-05
195,B,underwater,fx_level_z_252,-0.03472129628062248
195,alpha,,kospi_return_1d,0.022898027673363686
195,alpha,,fx_level_z_252,0.026023095473647118
196,beta,momentum,,-0.036328963935375214
196,beta,persist,,0.10891261696815491
196,beta,underwater,,0.017005423083901405
196,B,momentum,kospi_return_1d,-0.004510398488491774
196,B,momentum,fx_level_z_252,-0.0038090154994279146
196,B,persist,kospi_return_1d,-0.022522881627082825
196,B,persist,fx_level_z_252,0.014925174415111542
196,B,underwater,kospi_return_1d,0.0001283485908061266
196,B,underwater,fx_level_z_252,-0.03480537235736847
196,alpha,,kospi_return_1d,0.022722506895661354
196,alpha,,fx_level_z_252,0.026051275432109833
197,beta,momentum,,-0.03618142753839493
197,beta,persist,,0.10893313586711884
197,beta,underwater,,0.016863029450178146
197,B,momentum,kospi_return_1d,-0.004669349640607834
197,B,momentum,fx_level_z_252,-0.003744619432836771
197,B,persist,kospi_return_1d,-0.022386636584997177
197,B,persist,fx_level_z_252,0.014901836402714252
197,B,underwater,kospi_return_1d,8.259226160589606e-05
197,B,underwater,fx_level_z_252,-0.03479786217212677
197,alpha,,kospi_return_1d,0.02265813760459423
197,alpha,,fx_level_z_252,0.02604643814265728
198,beta,momentum,,-0.03612954169511795
198,beta,persist,,0.10895854979753494
198,beta,underwater,,0.016889650374650955
198,B,momentum,kospi_return_1d,-0.004743477329611778
198,B,momentum,fx_level_z_252,-0.003627422731369734
198,B,persist,kospi_return_1d,-0.022188615053892136
198,B,persist,fx_level_z_252,0.014735841192305088
198,B,underwater,kospi_return_1d,-9.857211989583448e-05
198,B,underwater,fx_level_z_252,-0.034780316054821014
198,alpha,,kospi_return_1d,0.022670269012451172
198,alpha,,fx_level_z_252,0.026006998494267464
199,beta,momentum,,-0.03613556921482086
199,beta,persist,,0.10903871804475784
199,beta,underwater,,0.01703452691435814
199,B,momentum,kospi_return_1d,-0.004689202643930912
199,B,momentum,fx_level_z_252,-0.003599501447752118
199,B,persist,kospi_return_1d,-0.02191155217587948
199,B,persist,fx_level_z_252,0.01448390819132328
199,B,underwater,kospi_return_1d,-0.00029313814593479037
199,B,underwater,fx_level_z_252,-0.034651488065719604
199,alpha,,kospi_return_1d,0.022526899352669716
199,alpha,,fx_level_z_252,0.026016609743237495
200,beta,momentum,,-0.0361509770154953
200,beta,persist,,0.10908759385347366
200,beta,underwater,,0.017233043909072876
200,B,momentum,kospi_return_1d,-0.004751713015139103
200,B,momentum,fx_level_z_252,-0.003705106908455491
200,B,persist,kospi_return_1d,-0.021806631237268448
200,B,persist,fx_level_z_252,0.014265931211411953
200,B,underwater,kospi_return_1d,-0.0005161676090210676
200,B,underwater,fx_level_z_252,-0.03430882841348648
200,alpha,,kospi_return_1d,0.022454435005784035
200,alpha,,fx_level_z_252,0.02601356990635395
201,beta,momentum,,-0.036118749529123306
201,beta,persist,,0.10909433662891388
201,beta,underwater,,0.017291249707341194
201,B,momentum,kospi_return_1d,-0.0048374393954873085
201,B,momentum,fx_level_z_252,-0.003769282018765807
201,B,persist,kospi_return_1d,-0.02153514325618744
201,B,persist,fx_level_z_252,0.01411673054099083
201,B,underwater,kospi_return_1d,-0.0005840156227350235
201,B,underwater,fx_level_z_252,-0.03412396460771561
201,alpha,,kospi_return_1d,0.02246774733066559
201,alpha,,fx_level_z_252,0.02583988569676876
202,beta,momentum,,-0.03612362593412399
202,beta,persist,,0.10903167724609375
202,beta,underwater,,0.017421197146177292
202,B,momentum,kospi_return_1d,-0.004941664170473814
202,B,momentum,fx_level_z_252,-0.0038636031094938517
202,B,persist,kospi_return_1d,-0.02128516137599945
202,B,persist,fx_level_z_252,0.013953554444015026
202,B,underwater,kospi_return_1d,-0.0005541956052184105
202,B,underwater,fx_level_z_252,-0.03395470604300499
202,alpha,,kospi_return_1d,0.022572288289666176
202,alpha,,fx_level_z_252,0.025786226615309715
203,beta,momentum,,-0.03621893376111984
203,beta,persist,,0.1090872660279274
203,beta,underwater,,0.017544282600283623
203,B,momentum,kospi_return_1d,-0.0049947891384363174
203,B,momentum,fx_level_z_252,-0.0038218337576836348
203,B,persist,kospi_return_1d,-0.02090027928352356
203,B,persist,fx_level_z_252,0.013663836754858494
203,B,underwater,kospi_return_1d,-0.0004451913118828088
203,B,underwater,fx_level_z_252,-0.033887751400470734
203,alpha,,kospi_return_1d,0.02256588637828827
203,alpha,,fx_level_z_252,0.02576148323714733
204,beta,momentum,,-0.03630169481039047
204,beta,persist,,0.10913311690092087
204,beta,underwater,,0.017483219504356384
204,B,momentum,kospi_return_1d,-0.005090419668704271
204,B,momentum,fx_level_z_252,-0.0037213426548987627
204,B,persist,kospi_return_1d,-0.020599260926246643
204,B,persist,fx_level_z_252,0.013311916962265968
204,B,underwater,kospi_return_1d,-0.00022570633154828101
204,B,underwater,fx_level_z_252,-0.03386399894952774
204,alpha,,kospi_return_1d,0.022588377818465233
204,alpha,,fx_level_z_252,0.025570882484316826
205,beta,momentum,,-0.036236874759197235
205,beta,persist,,0.10908564180135727
205,beta,underwater,,0.017352113500237465
205,B,momentum,kospi_return_1d,-0.004909683484584093
205,B,momentum,fx_level_z_252,-0.0036076614633202553
205,B,persist,kospi_return_1d,-0.020610261708498
205,B,persist,fx_level_z_252,0.013097074814140797
205,B,underwater,kospi_return_1d,-0.00012352345220278949
205,B,underwater,fx_level_z_252,-0.03393493965268135
205,alpha,,kospi_return_1d,0.022702066227793694
205,alpha,,fx_level_z_252,0.025308968499302864
206,beta,momentum,,-0.03611235320568085
206,beta,persist,,0.10902979224920273
206,beta,underwater,,0.017274033278226852
206,B,momentum,kospi_return_1d,-0.004546196665614843
206,B,momentum,fx_level_z_252,-0.003489571623504162
206,B,persist,kospi_return_1d,-0.02056567184627056
206,B,persist,fx_level_z_252,0.013009225018322468
206,B,underwater,kospi_return_1d,-4.484392411541194e-05
206,B,underwater,fx_level_z_252,-0.034077227115631104
206,alpha,,kospi_return_1d,0.02269734814763069
206,alpha,,fx_level_z_252,0.025180790573358536
207,beta,momentum,,-0.03615228831768036
207,beta,persist,,0.10900545865297318
207,beta,underwater,,0.017264949157834053
207,B,momentum,kospi_return_1d,-0.004103559069335461
207,B,momentum,fx_level_z_252,-0.0034028065856546164
207,B,persist,kospi_return_1d,-0.020413469523191452
207,B,persist,fx_level_z_252,0.012927001342177391
207,B,underwater,kospi_return_1d,7.838902092771605e-06
207,B,underwater,fx_level_z_252,-0.03414449095726013
207,alpha,,kospi_return_1d,0.022629033774137497
207,alpha,,fx_level_z_252,0.025270214304327965
208,beta,momentum,,-0.03611855208873749
208,beta,persist,,0.10893915593624115
208,beta,underwater,,0.017212210223078728
208,B,momentum,kospi_return_1d,-0.0036916323006153107
208,B,momentum,fx_level_z_252,-0.0033804087433964014
208,B,persist,kospi_return_1d,-0.020434245467185974
208,B,persist,fx_level_z_252,0.012988869100809097
208,B,underwater,kospi_return_1d,-5.518828402273357e-06
208,B,underwater,fx_level_z_252,-0.0342407189309597
208,alpha,,kospi_return_1d,0.022588158026337624
208,alpha,,fx_level_z_252,0.02541767805814743
209,beta,momentum,,-0.03609810024499893
209,beta,persist,,0.10885678976774216
209,beta,underwater,,0.01717691868543625
209,B,momentum,kospi_return_1d,-0.0032381967175751925
209,B,momentum,fx_level_z_252,-0.0032995741348713636
209,B,persist,kospi_return_1d,-0.020590174943208694
209,B,persist,fx_level_z_252,0.013017377816140652
209,B,underwater,kospi_return_1d,-0.00012321620306465775
209,B,underwater,fx_level_z_252,-0.03435353934764862
209,alpha,,kospi_return_1d,0.02258426882326603
209,alpha,,fx_level_z_252,0.025494493544101715
210,beta,momentum,,-0.036025580018758774
210,beta,persist,,0.10878580808639526
210,beta,underwater,,0.017108531668782234
210,B,momentum,kospi_return_1d,-0.0027786509599536657
210,B,momentum,fx_level_z_252,-0.0035195513628423214
210,B,persist,kospi_return_1d,-0.020794127136468887
210,B,persist,fx_level_z_252,0.012964051216840744
210,B,underwater,kospi_return_1d,-0.00034073705319315195
210,B,underwater,fx_level_z_252,-0.03426065295934677
210,alpha,,kospi_return_1d,0.022708848118782043
210,alpha,,fx_level_z_252,0.025572512298822403
211,beta,momentum,,-0.03584736958146095
211,beta,persist,,0.108742855489254
211,beta,underwater,,0.01699860952794552
211,B,momentum,kospi_return_1d,-0.0026178660336881876
211,B,momentum,fx_level_z_252,-0.0036323813255876303
211,B,persist,kospi_return_1d,-0.020885100588202477
211,B,persist,fx_level_z_252,0.012797997333109379
211,B,underwater,kospi_return_1d,-0.00010987272253260016
211,B,underwater,fx_level_z_252,-0.0343618206679821
211,alpha,,kospi_return_1d,0.022623391821980476
211,alpha,,fx_level_z_252,0.02559877373278141
212,beta,momentum,,-0.03571222722530365
212,beta,persist,,0.1086995005607605
212,beta,underwater,,0.016860971227288246
212,B,momentum,kospi_return_1d,-0.0027431815396994352
212,B,momentum,fx_level_z_252,-0.003589296480640769
212,B,persist,kospi_return_1d,-0.020928019657731056
212,B,persist,fx_level_z_252,0.01249657105654478
212,B,underwater,kospi_return_1d,0.00033510118373669684
212,B,underwater,fx_level_z_252,-0.034675441682338715
212,alpha,,kospi_return_1d,0.02257479354739189
212,alpha,,fx_level_z_252,0.025661954656243324
213,beta,momentum,,-0.03564978018403053
213,beta,persist,,0.10865325480699539
213,beta,underwater,,0.016851555556058884
213,B,momentum,kospi_return_1d,-0.002886130241677165
213,B,momentum,fx_level_z_252,-0.0036129974760115147
213,B,persist,kospi_return_1d,-0.020960843190550804
213,B,persist,fx_level_z_252,0.012448773719370365
213,B,underwater,kospi_return_1d,0.0004247731121722609
213,B,underwater,fx_level_z_252,-0.034774091094732285
213,alpha,,kospi_return_1d,0.022476395592093468
213,alpha,,fx_level_z_252,0.025663912296295166
214,beta,momentum,,-0.03567659854888916
214,beta,persist,,0.1086963340640068
214,beta,underwater,,0.01690679043531418
214,B,momentum,kospi_return_1d,-0.003219691338017583
214,B,momentum,fx_level_z_252,-0.0036029124166816473
214,B,persist,kospi_return_1d,-0.020879972726106644
214,B,persist,fx_level_z_252,0.012314927764236927
214,B,underwater,kospi_return_1d,0.0005791802541352808
214,B,underwater,fx_level_z_252,-0.034890804439783096
214,alpha,,kospi_return_1d,0.022424599155783653
214,alpha,,fx_level_z_252,0.025692380964756012
215,beta,momentum,,-0.03571471944451332
215,beta,persist,,0.10876844823360443
215,beta,underwater,,0.017070824280381203
215,B,momentum,kospi_return_1d,-0.0033662731293588877
215,B,momentum,fx_level_z_252,-0.0036446289159357548
215,B,persist,kospi_return_1d,-0.020927878096699715
215,B,persist,fx_level_z_252,0.012169812805950642
215,B,underwater,kospi_return_1d,0.00037220760714262724
215,B,underwater,fx_level_z_252,-0.03488112986087799
215,alpha,,kospi_return_1d,0.022391341626644135
215,alpha,,fx_level_z_252,0.025690704584121704
216,beta,momentum,,-0.03565230593085289
216,beta,persist,,0.10877374559640884
216,beta,underwater,,0.017171621322631836
216,B,momentum,kospi_return_1d,-0.003443060675635934
216,B,momentum,fx_level_z_252,-0.003733342047780752
216,B,persist,kospi_return_1d,-0.021059369668364525
216,B,persist,fx_level_z_252,0.012247786857187748
216,B,underwater,kospi_return_1d,5.195553239900619e-05
216,B,underwater,fx_level_z_252,-0.03484223037958145
216,alpha,,kospi_return_1d,0.0223187617957592
216,alpha,,fx_level_z_252,0.025694532319903374
217,beta,momentum,,-0.03562673181295395
217,beta,persist,,0.10883782058954239
217,beta,underwater,,0.017309168353676796
217,B,momentum,kospi_return_1d,-0.0035224980674684048
217,B,momentum,fx_level_z_252,-0.003918156027793884
217,B,persist,kospi_return_1d,-0.02116260677576065
217,B,persist,fx_level_z_252,0.012246421538293362
217,B,underwater,kospi_return_1d,-0.00027006841264665127
217,B,underwater,fx_level_z_252,-0.03476279228925705
217,alpha,,kospi_return_1d,0.022234564647078514
217,alpha,,fx_level_z_252,0.02574734389781952
218,beta,momentum,,-0.035591237246990204
218,beta,persist,,0.10894304513931274
218,beta,underwater,,0.017421336844563484
218,B,momentum,kospi_return_1d,-0.0035742567852139473
218,B,momentum,fx_level_z_252,-0.004175413399934769
218,B,persist,kospi_return_1d,-0.021224183961749077
218,B,persist,fx_level_z_252,0.012220305390655994
218,B,underwater,kospi_return_1d,-0.00047439115587621927
218,B,underwater,fx_level_z_252,-0.034687258303165436
218,alpha,,kospi_return_1d,0.022179845720529556
218,alpha,,fx_level_z_252,0.025902098044753075
219,beta,momentum,,-0.03561322018504143
219,beta,persist,,0.10902879387140274
219,beta,underwater,,0.017496716231107712
219,B,momentum,kospi_return_1d,-0.0038009430281817913
219,B,momentum,fx_level_z_252,-0.004319025203585625
219,B,persist,kospi_return_1d,-0.02122359722852707
219,B,persist,fx_level_z_252,0.0121788764372468
219,B,underwater,kospi_return_1d,-0.0004636275116354227
219,B,underwater,fx_level_z_252,-0.034761350601911545
219,alpha,,kospi_return_1d,0.02210693247616291
219,alpha,,fx_level_z_252,0.02602541819214821
220,beta,momentum,,-0.03569497913122177
220,beta,persist,,0.10909771919250488
220,beta,underwater,,0.017605582252144814
220,B,momentum,kospi_return_1d,-0.00408209441229701
220,B,momentum,fx_level_z_252,-0.004401173908263445
220,B,persist,kospi_return_1d,-0.021284112706780434
220,B,persist,fx_level_z_252,0.012242220342159271
220,B,underwater,kospi_return_1d,-0.0002985828323289752
220,B,underwater,fx_level_z_252,-0.034802503883838654
220,alpha,,kospi_return_1d,0.022022565826773643
220,alpha,,fx_level_z_252,0.026247045025229454
221,beta,momentum,,-0.03588912636041641
221,beta,persist,,0.1091838851571083
221,beta,underwater,,0.017813729122281075
221,B,momentum,kospi_return_1d,-0.004206595476716757
221,B,momentum,fx_level_z_252,-0.004411406349390745
221,B,persist,kospi_return_1d,-0.021297086030244827
221,B,persist,fx_level_z_252,0.012282203882932663
221,B,underwater,kospi_return_1d,-0.00024293074966408312
221,B,underwater,fx_level_z_252,-0.03468422219157219
221,alpha,,kospi_return_1d,0.021888745948672295
221,alpha,,fx_level_z_252,0.026464179158210754
222,beta,momentum,,-0.03596017137169838
222,beta,persist,,0.10920960456132889
222,beta,underwater,,0.01789700612425804
222,B,momentum,kospi_return_1d,-0.004293071571737528
222,B,momentum,fx_level_z_252,-0.0044276295229792595
222,B,persist,kospi_return_1d,-0.02137145958840847
222,B,persist,fx_level_z_252,0.012394360266625881
222,B,underwater,kospi_return_1d,-2.9360497137531638e-05
222,B,underwater,fx_level_z_252,-0.034715864807367325
222,alpha,,kospi_return_1d,0.02180948667228222
222,alpha,,fx_level_z_252,0.026636945083737373
223,beta,momentum,,-0.036072853952646255
223,beta,persist,,0.1093510091304779
223,beta,underwater,,0.01801496557891369
223,B,momentum,kospi_return_1d,-0.004501429386436939
223,B,momentum,fx_level_z_252,-0.004234788939356804
223,B,persist,kospi_return_1d,-0.021370572969317436
223,B,persist,fx_level_z_252,0.01254734955728054
223,B,underwater,kospi_return_1d,0.00029198959236964583
223,B,underwater,fx_level_z_252,-0.034789349883794785
223,alpha,,kospi_return_1d,0.021766165271401405
223,alpha,,fx_level_z_252,0.02678017131984234
224,beta,momentum,,-0.03620588406920433
224,beta,persist,,0.10947629809379578
224,beta,underwater,,0.01816020905971527
224,B,momentum,kospi_return_1d,-0.004716141615062952
224,B,momentum,fx_level_z_252,-0.0040903277695178986
224,B,persist,kospi_return_1d,-0.021302497014403343
224,B,persist,fx_level_z_252,0.012745687738060951
224,B,underwater,kospi_return_1d,0.00040027633076533675
224,B,underwater,fx_level_z_252,-0.03463878110051155
224,alpha,,kospi_return_1d,0.02182655781507492
224,alpha,,fx_level_z_252,0.026936065405607224
225,beta,momentum,,-0.03639167547225952
225,beta,persist,,0.10962048172950745
225,beta,underwater,,0.018389679491519928
225,B,momentum,kospi_return_1d,-0.004938376136124134
225,B,momentum,fx_level_z_252,-0.004016620572656393
225,B,persist,kospi_return_1d,-0.021269628778100014
225,B,persist,fx_level_z_252,0.012947335839271545
225,B,underwater,kospi_return_1d,0.00046608547563664615
225,B,underwater,fx_level_z_252,-0.03438335657119751
225,alpha,,kospi_return_1d,0.021958237513899803
225,alpha,,fx_level_z_252,0.027081657201051712
226,beta,momentum,,-0.03659908473491669
226,beta,persist,,0.10964865982532501
226,beta,underwater,,0.018594099208712578
226,B,momentum,kospi_return_1d,-0.005165801849216223
226,B,momentum,fx_level_z_252,-0.004092441871762276
226,B,persist,kospi_return_1d,-0.021112214773893356
226,B,persist,fx_level_z_252,0.013192581944167614
226,B,underwater,kospi_return_1d,0.00045046035666018724
226,B,underwater,fx_level_z_252,-0.03419095277786255
226,alpha,,kospi_return_1d,0.022151825949549675
226,alpha,,fx_level_z_252,0.027268052101135254
227,beta,momentum,,-0.03677966818213463
227,beta,persist,,0.10963984578847885
227,beta,underwater,,0.018610555678606033
227,B,momentum,kospi_return_1d,-0.005378133617341518
227,B,momentum,fx_level_z_252,-0.004114464856684208
227,B,persist,kospi_return_1d,-0.02112068235874176
227,B,persist,fx_level_z_252,0.013400587253272533
227,B,underwater,kospi_return_1d,0.00046734066563658416
227,B,underwater,fx_level_z_252,-0.03406284376978874
227,alpha,,kospi_return_1d,0.022499557584524155
227,alpha,,fx_level_z_252,0.02725076675415039
228,beta,momentum,,-0.036921679973602295
228,beta,persist,,0.10958442091941833
228,beta,underwater,,0.01860942132771015
228,B,momentum,kospi_return_1d,-0.005443267989903688
228,B,momentum,fx_level_z_252,-0.004138417076319456
228,B,persist,kospi_return_1d,-0.02116706781089306
228,B,persist,fx_level_z_252,0.01352794747799635
228,B,underwater,kospi_return_1d,0.00042016664519906044
228,B,underwater,fx_level_z_252,-0.03402474522590637
228,alpha,,kospi_return_1d,0.0229283906519413
228,alpha,,fx_level_z_252,0.027079520747065544
229,beta,momentum,,-0.037117715924978256
229,beta,persist,,0.10960022360086441
229,beta,underwater,,0.018682843074202538
229,B,momentum,kospi_return_1d,-0.005657290108501911
229,B,momentum,fx_level_z_252,-0.004138845484703779
229,B,persist,kospi_return_1d,-0.021051201969385147
229,B,persist,fx_level_z_252,0.01340686809271574
229,B,underwater,kospi_return_1d,0.00041847064858302474
229,B,underwater,fx_level_z_252,-0.03404958173632622
229,alpha,,kospi_return_1d,0.023223957046866417
229,alpha,,fx_level_z_252,0.026984969154000282
230,beta,momentum,,-0.03726666793227196
230,beta,persist,,0.10961592942476273
230,beta,underwater,,0.018765971064567566
230,B,momentum,kospi_return_1d,-0.005784898530691862
230,B,momentum,fx_level_z_252,-0.00415489636361599
230,B,persist,kospi_return_1d,-0.020769355818629265
230,B,persist,fx_level_z_252,0.013138359412550926
230,B,underwater,kospi_return_1d,0.00018913668463937938
230,B,underwater,fx_level_z_252,-0.034147486090660095
230,alpha,,kospi_return_1d,0.023406904190778732
230,alpha,,fx_level_z_252,0.0270017609000206
231,beta,momentum,,-0.03735801577568054
231,beta,persist,,0.10964152216911316
231,beta,underwater,,0.018809963017702103
231,B,momentum,kospi_return_1d,-0.005844817962497473
231,B,momentum,fx_level_z_252,-0.004138060379773378
231,B,persist,kospi_return_1d,-0.020638221874833107
231,B,persist,fx_level_z_252,0.012761805206537247
231,B,underwater,kospi_return_1d,-8.647532376926392e-05
231,B,underwater,fx_level_z_252,-0.03441018983721733
231,alpha,,kospi_return_1d,0.023426363244652748
231,alpha,,fx_level_z_252,0.026936039328575134
232,beta,momentum,,-0.0373297780752182
232,beta,persist,,0.10968223959207535
232,beta,underwater,,0.018801940605044365
232,B,momentum,kospi_return_1d,-0.005757475737482309
232,B,momentum,fx_level_z_252,-0.004179165232926607
232,B,persist,kospi_return_1d,-0.020510217174887657
232,B,persist,fx_level_z_252,0.012186615727841854
232,B,underwater,kospi_return_1d,-0.00022600099327974021
232,B,underwater,fx_level_z_252,-0.034660857170820236
232,alpha,,kospi_return_1d,0.023474032059311867
232,alpha,,fx_level_z_252,0.02683987095952034
233,beta,momentum,,-0.03722665458917618
233,beta,persist,,0.10966166108846664
233,beta,underwater,,0.018702341243624687
233,B,momentum,kospi_return_1d,-0.005330036859959364
233,B,momentum,fx_level_z_252,-0.004351215437054634
233,B,persist,kospi_return_1d,-0.020572904497385025
233,B,persist,fx_level_z_252,0.01180388405919075
233,B,underwater,kospi_return_1d,-0.0003484511689748615
233,B,underwater,fx_level_z_252,-0.0347907654941082
233,alpha,,kospi_return_1d,0.023513520136475563
233,alpha,,fx_level_z_252,0.026565901935100555
234,beta,momentum,,-0.03710222989320755
234,beta,persist,,0.1095060482621193
234,beta,underwater,,0.018627820536494255
234,B,momentum,kospi_return_1d,-0.004860635381191969
234,B,momentum,fx_level_z_252,-0.004810758866369724
234,B,persist,kospi_return_1d,-0.021029215306043625
234,B,persist,fx_level_z_252,0.011756672523915768
234,B,underwater,kospi_return_1d,-0.0005455244099721313
234,B,underwater,fx_level_z_252,-0.034592777490615845
234,alpha,,kospi_return_1d,0.02345358394086361
234,alpha,,fx_level_z_252,0.026244383305311203
235,beta,momentum,,-0.03704970329999924
235,beta,persist,,0.1094001829624176
235,beta,underwater,,0.018526118248701096
235,B,momentum,kospi_return_1d,-0.004572260193526745
235,B,momentum,fx_level_z_252,-0.005093366838991642
235,B,persist,kospi_return_1d,-0.021611889824271202
235,B,persist,fx_level_z_252,0.011814065277576447
235,B,underwater,kospi_return_1d,-0.0007409283425658941
235,B,underwater,fx_level_z_252,-0.03441701829433441
235,alpha,,kospi_return_1d,0.02327743172645569
235,alpha,,fx_level_z_252,0.026090413331985474
236,beta,momentum,,-0.03707412630319595
236,beta,persist,,0.10931134223937988
236,beta,underwater,,0.01851501502096653
236,B,momentum,kospi_return_1d,-0.00419563939794898
236,B,momentum,fx_level_z_252,-0.005225484259426594
236,B,persist,kospi_return_1d,-0.02223053202033043
236,B,persist,fx_level_z_252,0.011912759393453598
236,B,underwater,kospi_return_1d,-0.0008774555171839893
236,B,underwater,fx_level_z_252,-0.03443268686532974
236,alpha,,kospi_return_1d,0.023077646270394325
236,alpha,,fx_level_z_252,0.026025494560599327
237,beta,momentum,,-0.037146955728530884
237,beta,persist,,0.10925465822219849
237,beta,underwater,,0.018618350848555565
237,B,momentum,kospi_return_1d,-0.0037825508043169975
237,B,momentum,fx_level_z_252,-0.005444785114377737
237,B,persist,kospi_return_1d,-0.022889286279678345
237,B,persist,fx_level_z_252,0.012178289704024792
237,B,underwater,kospi_return_1d,-0.0011164449388161302
237,B,underwater,fx_level_z_252,-0.03429621085524559
237,alpha,,kospi_return_1d,0.022952552884817123
237,alpha,,fx_level_z_252,0.026095179840922356
238,beta,momentum,,-0.037186767905950546
238,beta,persist,,0.10923532396554947
238,beta,underwater,,0.018696125596761703
238,B,momentum,kospi_return_1d,-0.0033844674471765757
238,B,momentum,fx_level_z_252,-0.005655367858707905
238,B,persist,kospi_return_1d,-0.023431535810232162
238,B,persist,fx_level_z_252,0.012420726008713245
238,B,underwater,kospi_return_1d,-0.0012797213857993484
238,B,underwater,fx_level_z_252,-0.03416411951184273
238,alpha,,kospi_return_1d,0.023057494312524796
238,alpha,,fx_level_z_252,0.026132596656680107
239,beta,momentum,,-0.03723018988966942
239,beta,persist,,0.10925674438476562
239,beta,underwater,,0.01873565837740898
239,B,momentum,kospi_return_1d,-0.00304698059335351
239,B,momentum,fx_level_z_252,-0.006026030518114567
239,B,persist,kospi_return_1d,-0.024004388600587845
239,B,persist,fx_level_z_252,0.012604935094714165
239,B,underwater,kospi_return_1d,-0.0013394816778600216
239,B,underwater,fx_level_z_252,-0.03389840945601463
239,alpha,,kospi_return_1d,0.022997524589300156
239,alpha,,fx_level_z_252,0.026201972737908363
240,beta,momentum,,-0.03743313252925873
240,beta,persist,,0.10935081541538239
240,beta,underwater,,0.018737303093075752
240,B,momentum,kospi_return_1d,-0.0029018621426075697
240,B,momentum,fx_level_z_252,-0.006241452880203724
240,B,persist,kospi_return_1d,-0.024380018934607506
240,B,persist,fx_level_z_252,0.012570162303745747
240,B,underwater,kospi_return_1d,-0.0011021639220416546
240,B,underwater,fx_level_z_252,-0.03392384573817253
240,alpha,,kospi_return_1d,0.023092402145266533
240,alpha,,fx_level_z_252,0.02635602280497551
241,beta,momentum,,-0.03770841285586357
241,beta,persist,,0.10943784564733505
241,beta,underwater,,0.018717309460043907
241,B,momentum,kospi_return_1d,-0.00309782475233078
241,B,momentum,fx_level_z_252,-0.006076066289097071
241,B,persist,kospi_return_1d,-0.02445637807250023
241,B,persist,fx_level_z_252,0.012430871836841106
241,B,underwater,kospi_return_1d,-0.000631535891443491
241,B,underwater,fx_level_z_252,-0.034264300018548965
241,alpha,,kospi_return_1d,0.023350447416305542
241,alpha,,fx_level_z_252,0.02654864452779293
242,beta,momentum,,-0.03800977021455765
242,beta,persist,,0.10952287167310715
242,beta,underwater,,0.018711065873503685
242,B,momentum,kospi_return_1d,-0.0035437357146292925
242,B,momentum,fx_level_z_252,-0.005813571624457836
242,B,persist,kospi_return_1d,-0.024318329989910126
242,B,persist,fx_level_z_252,0.012295934371650219
242,B,underwater,kospi_return_1d,5.5775250075384974e-05
242,B,underwater,fx_level_z_252,-0.03463244065642357
242,alpha,,kospi_return_1d,0.02355308085680008
242,alpha,,fx_level_z_252,0.026819488033652306
243,beta,momentum,,-0.038158807903528214
243,beta,persist,,0.1095207929611206
243,beta,underwater,,0.01850828528404236
243,B,momentum,kospi_return_1d,-0.003761006984859705
243,B,momentum,fx_level_z_252,-0.0056019993498921394
243,B,persist,kospi_return_1d,-0.024339424446225166
243,B,persist,fx_level_z_252,0.012323735281825066
243,B,underwater,kospi_return_1d,0.0005070979241281748
243,B,underwater,fx_level_z_252,-0.03490662947297096
243,alpha,,kospi_return_1d,0.023834310472011566
243,alpha,,fx_level_z_252,0.026770034804940224
244,beta,momentum,,-0.03829643130302429
244,beta,persist,,0.10943014174699783
244,beta,underwater,,0.01827806979417801
244,B,momentum,kospi_return_1d,-0.003979333210736513
244,B,momentum,fx_level_z_252,-0.005328538361936808
244,B,persist,kospi_return_1d,-0.024406583979725838
244,B,persist,fx_level_z_252,0.012506801635026932
244,B,underwater,kospi_return_1d,0.0007437585154548287
244,B,underwater,fx_level_z_252,-0.03503100201487541
244,alpha,,kospi_return_1d,0.023936593905091286
244,alpha,,fx_level_z_252,0.026667999103665352
245,beta,momentum,,-0.03835110738873482
245,beta,persist,,0.10929988324642181
245,beta,underwater,,0.018027041107416153
245,B,momentum,kospi_return_1d,-0.00430414779111743
245,B,momentum,fx_level_z_252,-0.005309375002980232
245,B,persist,kospi_return_1d,-0.024449307471513748
245,B,persist,fx_level_z_252,0.012821462005376816
245,B,underwater,kospi_return_1d,0.0008767019025981426
245,B,underwater,fx_level_z_252,-0.034934449940919876
245,alpha,,kospi_return_1d,0.024007024243474007
245,alpha,,fx_level_z_252,0.02652795985341072
246,beta,momentum,,-0.038287851959466934
246,beta,persist,,0.10920067876577377
246,beta,underwater,,0.017764993011951447
246,B,momentum,kospi_return_1d,-0.004564682487398386
246,B,momentum,fx_level_z_252,-0.005285248626023531
246,B,persist,kospi_return_1d,-0.02455172687768936
246,B,persist,fx_level_z_252,0.013194858096539974
246,B,underwater,kospi_return_1d,0.0008414883632212877
246,B,underwater,fx_level_z_252,-0.03483516350388527
246,alpha,,kospi_return_1d,0.024205518886446953
246,alpha,,fx_level_z_252,0.02648947946727276
247,beta,momentum,,-0.0380544438958168
247,beta,persist,,0.10903428494930267
247,beta,underwater,,0.01746450923383236
247,B,momentum,kospi_return_1d,-0.004705206025391817
247,B,momentum,fx_level_z_252,-0.005377238150686026
247,B,persist,kospi_return_1d,-0.024453110992908478
247,B,persist,fx_level_z_252,0.013321700505912304
247,B,underwater,kospi_return_1d,0.0007610255852341652
247,B,underwater,fx_level_z_252,-0.034804876893758774
247,alpha,,kospi_return_1d,0.024444717913866043
247,alpha,,fx_level_z_252,0.026417061686515808
248,beta,momentum,,-0.03782467171549797
248,beta,persist,,0.1089116632938385
248,beta,underwater,,0.017169810831546783
248,B,momentum,kospi_return_1d,-0.004960969556123018
248,B,momentum,fx_level_z_252,-0.005239414516836405
248,B,persist,kospi_return_1d,-0.024009063839912415
248,B,persist,fx_level_z_252,0.013420497998595238
248,B,underwater,kospi_return_1d,0.0007463273941539228
248,B,underwater,fx_level_z_252,-0.035058993846178055
248,alpha,,kospi_return_1d,0.024624649435281754
248,alpha,,fx_level_z_252,0.02640376426279545
249,beta,momentum,,-0.0376807302236557
249,beta,persist,,0.10892438143491745
249,beta,underwater,,0.016993995755910873
249,B,momentum,kospi_return_1d,-0.005207366310060024
249,B,momentum,fx_level_z_252,-0.004995641298592091
249,B,persist,kospi_return_1d,-0.02340984158217907
249,B,persist,fx_level_z_252,0.013267223723232746
249,B,underwater,kospi_return_1d,0.0007583203841932118
249,B,underwater,fx_level_z_252,-0.03531520068645477
249,alpha,,kospi_return_1d,0.024724973365664482
249,alpha,,fx_level_z_252,0.026384199038147926
250,beta,momentum,,-0.03757753595709801
250,beta,persist,,0.10898194462060928
250,beta,underwater,,0.016949929296970367
250,B,momentum,kospi_return_1d,-0.005394104402512312
250,B,momentum,fx_level_z_252,-0.004937294404953718
250,B,persist,kospi_return_1d,-0.023057246580719948
250,B,persist,fx_level_z_252,0.01342306099832058
250,B,underwater,kospi_return_1d,0.0004779189475812018
250,B,underwater,fx_level_z_252,-0.03539407253265381
250,alpha,,kospi_return_1d,0.024807704612612724
250,alpha,,fx_level_z_252,0.026561621576547623
251,beta,momentum,,-0.037560686469078064
251,beta,persist,,0.10901876538991928
251,beta,underwater,,0.01697641611099243
251,B,momentum,kospi_return_1d,-0.005517289042472839
251,B,momentum,fx_level_z_252,-0.004904466215521097
251,B,persist,kospi_return_1d,-0.022915946319699287
251,B,persist,fx_level_z_252,0.013530757278203964
251,B,underwater,kospi_return_1d,0.00016578692884650081
251,B,underwater,fx_level_z_252,-0.03537476435303688
251,alpha,,kospi_return_1d,0.02491435594856739
251,alpha,,fx_level_z_252,0.02679966762661934
252,beta,momentum,,-0.037510212510824203
252,beta,persist,,0.10909175872802734
252,beta,underwater,,0.017022350803017616
252,B,momentum,kospi_return_1d,-0.00558551074936986
252,B,momentum,fx_level_z_252,-0.005013992078602314
252,B,persist,kospi_return_1d,-0.022800598293542862
252,B,persist,fx_level_z_252,0.013459325768053532
252,B,underwater,kospi_return_1d,-0.0001424360671080649
252,B,underwater,fx_level_z_252,-0.03530013933777809
252,alpha,,kospi_return_1d,0.025033822283148766
252,alpha,,fx_level_z_252,0.026911180466413498
253,beta,momentum,,-0.037551380693912506
253,beta,persist,,0.10911548137664795
253,beta,underwater,,0.017117492854595184
253,B,momentum,kospi_return_1d,-0.005680200643837452
253,B,momentum,fx_level_z_252,-0.005176278296858072
253,B,persist,kospi_return_1d,-0.02270110510289669
253,B,persist,fx_level_z_252,0.013305543921887875
253,B,underwater,kospi_return_1d,-0.00023018797219265252
253,B,underwater,fx_level_z_252,-0.03518473356962204
253,alpha,,kospi_return_1d,0.025037681683897972
253,alpha,,fx_level_z_252,0.02700650505721569
254,beta,momentum,,-0.03754281997680664
254,beta,persist,,0.1091681718826294
254,beta,underwater,,0.017131272703409195
254,B,momentum,kospi_return_1d,-0.005871947389096022
254,B,momentum,fx_level_z_252,-0.0052382261492311954
254,B,persist,kospi_return_1d,-0.02262748032808304
254,B,persist,fx_level_z_252,0.012912757694721222
254,B,underwater,kospi_return_1d,-0.00020147900795564055
254,B,underwater,fx_level_z_252,-0.035164620727300644
254,alpha,,kospi_return_1d,0.024874532595276833
254,alpha,,fx_level_z_252,0.027086781337857246
255,beta,momentum,,-0.03753591328859329
255,beta,persist,,0.10923673957586288
255,beta,underwater,,0.017211616039276123
255,B,momentum,kospi_return_1d,-0.005775976926088333
255,B,momentum,fx_level_z_252,-0.005232688505202532
255,B,persist,kospi_return_1d,-0.02250274084508419
255,B,persist,fx_level_z_252,0.012646229937672615
255,B,underwater,kospi_return_1d,-0.00023840574431233108
255,B,underwater,fx_level_z_252,-0.03510994836688042
255,alpha,,kospi_return_1d,0.02487395890057087
255,alpha,,fx_level_z_252,0.02713674306869507
256,beta,momentum,,-0.03747767582535744
256,beta,persist,,0.10931263118982315
256,beta,underwater,,0.01737850531935692
256,B,momentum,kospi_return_1d,-0.005580364726483822
256,B,momentum,fx_level_z_252,-0.005214181262999773
256,B,persist,kospi_return_1d,-0.02239883691072464
256,B,persist,fx_level_z_252,0.012637645937502384
256,B,underwater,kospi_return_1d,-0.0002450769243296236
256,B,underwater,fx_level_z_252,-0.03500915318727493
256,alpha,,kospi_return_1d,0.024841390550136566
256,alpha,,fx_level_z_252,0.027239641174674034
257,beta,momentum,,-0.03742598369717598
257,beta,persist,,0.10941450297832489
257,beta,underwater,,0.017534740269184113
257,B,momentum,kospi_return_1d,-0.005462199449539185
257,B,momentum,fx_level_z_252,-0.005276978015899658
257,B,persist,kospi_return_1d,-0.022274063900113106
257,B,persist,fx_level_z_252,0.012590210884809494
257,B,underwater,kospi_return_1d,-0.0001463267399230972
257,B,underwater,fx_level_z_252,-0.034819088876247406
257,alpha,,kospi_return_1d,0.024710630998015404
257,alpha,,fx_level_z_252,0.027312995865941048
258,beta,momentum,,-0.03744492679834366
258,beta,persist,,0.10952824354171753
258,beta,underwater,,0.0175774022936821
258,B,momentum,kospi_return_1d,-0.005308893043547869
258,B,momentum,fx_level_z_252,-0.005340504925698042
258,B,persist,kospi_return_1d,-0.0223536416888237
258,B,persist,fx_level_z_252,0.012631857767701149
258,B,underwater,kospi_return_1d,-0.00012694064935203642
258,B,underwater,fx_level_z_252,-0.03449803590774536
258,alpha,,kospi_return_1d,0.024688629433512688
258,alpha,,fx_level_z_252,0.027521593496203423
259,beta,momentum,,-0.037452295422554016
259,beta,persist,,0.10962750762701035
259,beta,underwater,,0.017672911286354065
259,B,momentum,kospi_return_1d,-0.005115448031574488
259,B,momentum,fx_level_z_252,-0.005356279667466879
259,B,persist,kospi_return_1d,-0.022352728992700577
259,B,persist,fx_level_z_252,0.01287515927106142
259,B,underwater,kospi_return_1d,-6.371601921273395e-05
259,B,underwater,fx_level_z_252,-0.03418538719415665
259,alpha,,kospi_return_1d,0.02469121292233467
259,alpha,,fx_level_z_252,0.027583805844187737
260,beta,momentum,,-0.03754090517759323
260,beta,persist,,0.10972440242767334
260,beta,underwater,,0.01785149984061718
260,B,momentum,kospi_return_1d,-0.004824047442525625
260,B,momentum,fx_level_z_252,-0.0052708727307617664
260,B,persist,kospi_return_1d,-0.022505570203065872
260,B,persist,fx_level_z_252,0.01295698992908001
260,B,underwater,kospi_return_1d,8.426697604591027e-06
260,B,underwater,fx_level_z_252,-0.03385515511035919
260,alpha,,kospi_return_1d,0.024705961346626282
260,alpha,,fx_level_z_252,0.027522407472133636
261,beta,momentum,,-0.03752819821238518
261,beta,persist,,0.10994702577590942
261,beta,underwater,,0.018029117956757545
261,B,momentum,kospi_return_1d,-0.004500031936913729
261,B,momentum,fx_level_z_252,-0.005205059424042702
261,B,persist,kospi_return_1d,-0.02259759046137333
261,B,persist,fx_level_z_252,0.012978918850421906
261,B,underwater,kospi_return_1d,6.22969600954093e-05
261,B,underwater,fx_level_z_252,-0.03362642973661423
261,alpha,,kospi_return_1d,0.024568060413002968
261,alpha,,fx_level_z_252,0.027428394183516502
262,beta,momentum,,-0.03746361285448074
262,beta,persist,,0.11005804687738419
262,beta,underwater,,0.018161244690418243
262,B,momentum,kospi_return_1d,-0.004224709700793028
262,B,momentum,fx_level_z_252,-0.005132466088980436
262,B,persist,kospi_return_1d,-0.022772690281271935
262,B,persist,fx_level_z_252,0.013194505125284195
262,B,underwater,kospi_return_1d,3.7721838452853262e-06
262,B,underwater,fx_level_z_252,-0.03335752338171005
262,alpha,,kospi_return_1d,0.02450338564813137
262,alpha,,fx_level_z_252,0.027178341522812843
263,beta,momentum,,-0.03749401494860649
263,beta,persist,,0.11012258380651474
263,beta,underwater,,0.018336670473217964
263,B,momentum,kospi_return_1d,-0.004057120066136122
263,B,momentum,fx_level_z_252,-0.005253706127405167
263,B,persist,kospi_return_1d,-0.022931192070245743
263,B,persist,fx_level_z_252,0.013480572029948235
263,B,underwater,kospi_return_1d,-6.652613228652626e-05
263,B,underwater,fx_level_z_252,-0.032932743430137634
263,alpha,,kospi_return_1d,0.024484818801283836
263,alpha,,fx_level_z_252,0.026863401755690575
264,beta,momentum,,-0.03741678595542908
264,beta,persist,,0.11005531996488571
264,beta,underwater,,0.018402868881821632
264,B,momentum,kospi_return_1d,-0.003952875267714262
264,B,momentum,fx_level_z_252,-0.00547950342297554
264,B,persist,kospi_return_1d,-0.023163413628935814
264,B,persist,fx_level_z_252,0.013679338619112968
264,B,underwater,kospi_return_1d,-2.1687188564101234e-05
264,B,underwater,fx_level_z_252,-0.032490577548742294
264,alpha,,kospi_return_1d,0.024728890508413315
264,alpha,,fx_level_z_252,0.026288064196705818
265,beta,momentum,,-0.03738703951239586
265,beta,persist,,0.10990428179502487
265,beta,underwater,,0.018383702263236046
265,B,momentum,kospi_return_1d,-0.0040773493237793446
265,B,momentum,fx_level_z_252,-0.005369460675865412
265,B,persist,kospi_return_1d,-0.023221027106046677
265,B,persist,fx_level_z_252,0.013731392100453377
265,B,underwater,kospi_return_1d,0.0001439347688574344
265,B,underwater,fx_level_z_252,-0.03242922201752663
265,alpha,,kospi_return_1d,0.02488058991730213
265,alpha,,fx_level_z_252,0.02578926831483841
266,beta,momentum,,-0.03721782937645912
266,beta,persist,,0.10973518341779709
266,beta,underwater,,0.01832442171871662
266,B,momentum,kospi_return_1d,-0.004268876276910305
266,B,momentum,fx_level_z_252,-0.005109142512083054
266,B,persist,kospi_return_1d,-0.023100784048438072
266,B,persist,fx_level_z_252,0.013682583346962929
266,B,underwater,kospi_return_1d,0.000210374899324961
266,B,underwater,fx_level_z_252,-0.03256417438387871
266,alpha,,kospi_return_1d,0.02490505948662758
266,alpha,,fx_level_z_252,0.025309160351753235
267,beta,momentum,,-0.03714687377214432
267,beta,persist,,0.10962469130754471
267,beta,underwater,,0.01832463964819908
267,B,momentum,kospi_return_1d,-0.004397041164338589
267,B,momentum,fx_level_z_252,-0.00481916218996048
267,B,persist,kospi_return_1d,-0.02296569012105465
267,B,persist,fx_level_z_252,0.013630000874400139
267,B,underwater,kospi_return_1d,0.00022764243476558477
267,B,underwater,fx_level_z_252,-0.03261716291308403
267,alpha,,kospi_return_1d,0.024822156876325607
267,alpha,,fx_level_z_252,0.02499452605843544
268,beta,momentum,,-0.03704100102186203
268,beta,persist,,0.10944865643978119
268,beta,underwater,,0.018301600590348244
268,B,momentum,kospi_return_1d,-0.004558620974421501
268,B,momentum,fx_level_z_252,-0.004618779290467501
268,B,persist,kospi_return_1d,-0.022917071357369423
268,B,persist,fx_level_z_252,0.013636618852615356
268,B,underwater,kospi_return_1d,6.556227890541777e-05
268,B,underwater,fx_level_z_252,-0.032624684274196625
268,alpha,,kospi_return_1d,0.02479628287255764
268,alpha,,fx_level_z_252,0.02477349527180195
269,beta,momentum,,-0.036958225071430206
269,beta,persist,,0.10933409631252289
269,beta,underwater,,0.0182334091514349
269,B,momentum,kospi_return_1d,-0.004654512740671635
269,B,momentum,fx_level_z_252,-0.004488698672503233
269,B,persist,kospi_return_1d,-0.022978292778134346
269,B,persist,fx_level_z_252,0.013456298969686031
269,B,underwater,kospi_return_1d,-7.181119872257113e-05
269,B,underwater,fx_level_z_252,-0.032623156905174255
269,alpha,,kospi_return_1d,0.024609889835119247
269,alpha,,fx_level_z_252,0.024717247113585472
270,beta,momentum,,-0.03688888996839523
270,beta,persist,,0.10927564650774002
270,beta,underwater,,0.018313350155949593
270,B,momentum,kospi_return_1d,-0.004822597373276949
270,B,momentum,fx_level_z_252,-0.004476068541407585
270,B,persist,kospi_return_1d,-0.022919805720448494
270,B,persist,fx_level_z_252,0.013297012075781822
270,B,underwater,kospi_return_1d,-5.6397686421405524e-05
270,B,underwater,fx_level_z_252,-0.03252530097961426
270,alpha,,kospi_return_1d,0.02437921054661274
270,alpha,,fx_level_z_252,0.02467426471412182
271,beta,momentum,,-0.03684566169977188
271,beta,persist,,0.10926691442728043
271,beta,underwater,,0.01832229644060135
271,B,momentum,kospi_return_1d,-0.004794064909219742
271,B,momentum,fx_level_z_252,-0.004205215256661177
271,B,persist,kospi_return_1d,-0.022937633097171783
271,B,persist,fx_level_z_252,0.013010111637413502
271,B,underwater,kospi_return_1d,-6.443951861001551e-07
271,B,underwater,fx_level_z_252,-0.03262496739625931
271,alpha,,kospi_return_1d,0.02413424849510193
271,alpha,,fx_level_z_252,0.024604596197605133
272,beta,momentum,,-0.03682075813412666
272,beta,persist,,0.10932551324367523
272,beta,underwater,,0.018441807478666306
272,B,momentum,kospi_return_1d,-0.004836351610720158
272,B,momentum,fx_level_z_252,-0.0041121323592960835
272,B,persist,kospi_return_1d,-0.022768890485167503
272,B,persist,fx_level_z_252,0.012853406369686127
272,B,underwater,kospi_return_1d,0.0001949533907463774
272,B,underwater,fx_level_z_252,-0.03259636089205742
272,alpha,,kospi_return_1d,0.023787079378962517
272,alpha,,fx_level_z_252,0.02470243163406849
273,beta,momentum,,-0.03681888058781624
273,beta,persist,,0.10935032367706299
273,beta,underwater,,0.018531043082475662
273,B,momentum,kospi_return_1d,-0.0048730396665632725
273,B,momentum,fx_level_z_252,-0.004027253482490778
273,B,persist,kospi_return_1d,-0.022634334862232208
273,B,persist,fx_level_z_252,0.012713183648884296
273,B,underwater,kospi_return_1d,0.0003078361914958805
273,B,underwater,fx_level_z_252,-0.03253917023539543
273,alpha,,kospi_return_1d,0.02338533289730549
273,alpha,,fx_level_z_252,0.024823714047670364
274,beta,momentum,,-0.03688519448041916
274,beta,persist,,0.10936393588781357
274,beta,underwater,,0.018640613183379173
274,B,momentum,kospi_return_1d,-0.004964922554790974
274,B,momentum,fx_level_z_252,-0.0038936142809689045
274,B,persist,kospi_return_1d,-0.02239888906478882
274,B,persist,fx_level_z_252,0.012644059956073761
274,B,underwater,kospi_return_1d,0.0001832926063798368
274,B,underwater,fx_level_z_252,-0.03258579969406128
274,alpha,,kospi_return_1d,0.023295903578400612
274,alpha,,fx_level_z_252,0.02499295584857464
275,beta,momentum,,-0.03693757578730583
275,beta,persist,,0.10943946242332458
275,beta,underwater,,0.018745267763733864
275,B,momentum,kospi_return_1d,-0.004990897607058287
275,B,momentum,fx_level_z_252,-0.0036703147925436497
275,B,persist,kospi_return_1d,-0.021982058882713318
275,B,persist,fx_level_z_252,0.012517193332314491
275,B,underwater,kospi_return_1d,0.00011126686877105385
275,B,underwater,fx_level_z_252,-0.032796502113342285
275,alpha,,kospi_return_1d,0.02331775426864624
275,alpha,,fx_level_z_252,0.025196416303515434
276,beta,momentum,,-0.03702879324555397
276,beta,persist,,0.10949759930372238
276,beta,underwater,,0.01886163093149662
276,B,momentum,kospi_return_1d,-0.004799710586667061
276,B,momentum,fx_level_z_252,-0.00357688101939857
276,B,persist,kospi_return_1d,-0.021651536226272583
276,B,persist,fx_level_z_252,0.012419379316270351
276,B,underwater,kospi_return_1d,-0.00014631886733695865
276,B,underwater,fx_level_z_252,-0.0329851359128952
276,alpha,,kospi_return_1d,0.023442380130290985
276,alpha,,fx_level_z_252,0.025507591664791107
277,beta,momentum,,-0.03703589364886284
277,beta,persist,,0.10940273106098175
277,beta,underwater,,0.018915707245469093
277,B,momentum,kospi_return_1d,-0.004636863712221384
277,B,momentum,fx_level_z_252,-0.0035900536458939314
277,B,persist,kospi_return_1d,-0.0214861873537302
277,B,persist,fx_level_z_252,0.012416272424161434
277,B,underwater,kospi_return_1d,-0.0003702951071318239
277,B,underwater,fx_level_z_252,-0.032977987080812454
277,alpha,,kospi_return_1d,0.023579204455018044
277,alpha,,fx_level_z_252,0.025677865371108055
278,beta,momentum,,-0.03697836026549339
278,beta,persist,,0.10938473790884018
278,beta,underwater,,0.018862880766391754
278,B,momentum,kospi_return_1d,-0.004537258762866259
278,B,momentum,fx_level_z_252,-0.0035858312621712685
278,B,persist,kospi_return_1d,-0.021211860701441765
278,B,persist,fx_level_z_252,0.012441474013030529
278,B,underwater,kospi_return_1d,-0.0004036162281408906
278,B,underwater,fx_level_z_252,-0.033085789531469345
278,alpha,,kospi_return_1d,0.02368944138288498
278,alpha,,fx_level_z_252,0.025906968861818314
279,beta,momentum,,-0.03690490499138832
279,beta,persist,,0.10931926220655441
279,beta,underwater,,0.01873188279569149
279,B,momentum,kospi_return_1d,-0.004383963067084551
279,B,momentum,fx_level_z_252,-0.0034820912405848503
279,B,persist,kospi_return_1d,-0.021110203117132187
279,B,persist,fx_level_z_252,0.012474849820137024
279,B,underwater,kospi_return_1d,-0.000317741883918643
279,B,underwater,fx_level_z_252,-0.03336339071393013
279,alpha,,kospi_return_1d,0.02377612516283989
279,alpha,,fx_level_z_252,0.026067694649100304
280,beta,momentum,,-0.036909956485033035
280,beta,persist,,0.10924895107746124
280,beta,underwater,,0.018670130521059036
280,B,momentum,kospi_return_1d,-0.0042084078304469585
280,B,momentum,fx_level_z_252,-0.003249273868277669
280,B,persist,kospi_return_1d,-0.0210002101957798
280,B,persist,fx_level_z_252,0.012395123951137066
280,B,underwater,kospi_return_1d,-0.0001593954802956432
280,B,underwater,fx_level_z_252,-0.03371034190058708
280,alpha,,kospi_return_1d,0.023959930986166
280,alpha,,fx_level_z_252,0.026293061673641205
281,beta,momentum,,-0.03693470358848572
281,beta,persist,,0.10907910019159317
281,beta,underwater,,0.018643595278263092
281,B,momentum,kospi_return_1d,-0.004001393914222717
281,B,momentum,fx_level_z_252,-0.003028491046279669
281,B,persist,kospi_return_1d,-0.02117800898849964
281,B,persist,fx_level_z_252,0.012579595670104027
281,B,underwater,kospi_return_1d,-0.00010408726666355506
281,B,underwater,fx_level_z_252,-0.03394521400332451
281,alpha,,kospi_return_1d,0.02400011196732521
281,alpha,,fx_level_z_252,0.02653483860194683
282,beta,momentum,,-0.036774393171072006
282,beta,persist,,0.10883548110723495
282,beta,underwater,,0.01859303191304207
282,B,momentum,kospi_return_1d,-0.0037306766025722027
282,B,momentum,fx_level_z_252,-0.003028345061466098
282,B,persist,kospi_return_1d,-0.021413568407297134
282,B,persist,fx_level_z_252,0.012813156470656395
282,B,underwater,kospi_return_1d,3.0064242309890687e-05
282,B,underwater,fx_level_z_252,-0.03400114178657532
282,alpha,,kospi_return_1d,0.02404012717306614
282,alpha,,fx_level_z_252,0.026721620932221413
283,beta,momentum,,-0.036726079881191254
283,beta,persist,,0.10860510170459747
283,beta,underwater,,0.018519723787903786
283,B,momentum,kospi_return_1d,-0.003545392770320177
283,B,momentum,fx_level_z_252,-0.003038330702111125
283,B,persist,kospi_return_1d,-0.0217847041785717
283,B,persist,fx_level_z_252,0.012954854406416416
283,B,underwater,kospi_return_1d,5.7865956478053704e-05
283,B,underwater,fx_level_z_252,-0.03397601470351219
283,alpha,,kospi_return_1d,0.0239434614777565
283,alpha,,fx_level_z_252,0.026879282668232918
284,beta,momentum,,-0.03661063686013222
284,beta,persist,,0.10842631757259369
284,beta,underwater,,0.018361523747444153
284,B,momentum,kospi_return_1d,-0.003570021130144596
284,B,momentum,fx_level_z_252,-0.003036661772057414
284,B,persist,kospi_return_1d,-0.022003354504704475
284,B,persist,fx_level_z_252,0.013003730215132236
284,B,underwater,kospi_return_1d,0.0001770829112501815
284,B,underwater,fx_level_z_252,-0.03408551961183548
284,alpha,,kospi_return_1d,0.023832617327570915
284,alpha,,fx_level_z_252,0.0269550122320652
285,beta,momentum,,-0.036419592797756195
285,beta,persist,,0.10833217948675156
285,beta,underwater,,0.01811162568628788
285,B,momentum,kospi_return_1d,-0.003547067753970623
285,B,momentum,fx_level_z_252,-0.002888519549742341
285,B,persist,kospi_return_1d,-0.02221035212278366
285,B,persist,fx_level_z_252,0.013079322874546051
285,B,underwater,kospi_return_1d,0.00028987263794988394
285,B,underwater,fx_level_z_252,-0.034356918185949326
285,alpha,,kospi_return_1d,0.02362333983182907
285,alpha,,fx_level_z_252,0.027037441730499268
286,beta,momentum,,-0.03615333139896393
286,beta,persist,,0.1081588938832283
286,beta,underwater,,0.017846446484327316
286,B,momentum,kospi_return_1d,-0.0038073970936238766
286,B,momentum,fx_level_z_252,-0.0027055235113948584
286,B,persist,kospi_return_1d,-0.022308621555566788
286,B,persist,fx_level_z_252,0.013112950138747692
286,B,underwater,kospi_return_1d,0.00037867765058763325
286,B,underwater,fx_level_z_252,-0.03459138795733452
286,alpha,,kospi_return_1d,0.023585643619298935
286,alpha,,fx_level_z_252,0.02697586640715599
287,beta,momentum,,-0.03602687641978264
287,beta,persist,,0.10804261267185211
287,beta,underwater,,0.017691228538751602
287,B,momentum,kospi_return_1d,-0.0041169822216033936
287,B,momentum,fx_level_z_252,-0.0024319279473274946
287,B,persist,kospi_return_1d,-0.02228441834449768
287,B,persist,fx_level_z_252,0.012968236580491066
287,B,underwater,kospi_return_1d,0.0003748071612790227
287,B,underwater,fx_level_z_252,-0.03489407151937485
287,alpha,,kospi_return_1d,0.023575691506266594
287,alpha,,fx_level_z_252,0.027113383635878563
288,beta,momentum,,-0.035819631069898605
288,beta,persist,,0.10791289061307907
288,beta,underwater,,0.017560888081789017
288,B,momentum,kospi_return_1d,-0.004425227176398039
288,B,momentum,fx_level_z_252,-0.0022127428092062473
288,B,persist,kospi_return_1d,-0.022240297868847847
288,B,persist,fx_level_z_252,0.012783251702785492
288,B,underwater,kospi_return_1d,0.00027017859974876046
288,B,underwater,fx_level_z_252,-0.035334713757038116
288,alpha,,kospi_return_1d,0.023685365915298462
288,alpha,,fx_level_z_252,0.02729629911482334
289,beta,momentum,,-0.03559117391705513
289,beta,persist,,0.10773352533578873
289,beta,underwater,,0.017375262454152107
289,B,momentum,kospi_return_1d,-0.004376017954200506
289,B,momentum,fx_level_z_252,-0.002161857206374407
289,B,persist,kospi_return_1d,-0.022411707788705826
289,B,persist,fx_level_z_252,0.012632028199732304
289,B,underwater,kospi_return_1d,7.909961277619004e-05
289,B,underwater,fx_level_z_252,-0.035599444061517715
289,alpha,,kospi_return_1d,0.023808656260371208
289,alpha,,fx_level_z_252,0.0272461399435997
290,beta,momentum,,-0.03545605018734932
290,beta,persist,,0.10759318619966507
290,beta,underwater,,0.017196280881762505
290,B,momentum,kospi_return_1d,-0.004503417294472456
290,B,momentum,fx_level_z_252,-0.0021020113490521908
290,B,persist,kospi_return_1d,-0.0226180087774992
290,B,persist,fx_level_z_252,0.012532614171504974
290,B,underwater,kospi_return_1d,-0.0002506433520466089
290,B,underwater,fx_level_z_252,-0.03573378548026085
290,alpha,,kospi_return_1d,0.023760715499520302
290,alpha,,fx_level_z_252,0.02704045921564102
291,beta,momentum,,-0.035158101469278336
291,beta,persist,,0.10748182982206345
291,beta,underwater,,0.01697441190481186
291,B,momentum,kospi_return_1d,-0.004539930261671543
291,B,momentum,fx_level_z_252,-0.002470423700287938
291,B,persist,kospi_return_1d,-0.022980304434895515
291,B,persist,fx_level_z_252,0.012751182541251183
291,B,underwater,kospi_return_1d,-0.000378577591618523
291,B,underwater,fx_level_z_252,-0.03552402928471565
291,alpha,,kospi_return_1d,0.02355298213660717
291,alpha,,fx_level_z_252,0.026695074513554573
292,beta,momentum,,-0.034991633147001266
292,beta,persist,,0.10753569006919861
292,beta,underwater,,0.017021777108311653
292,B,momentum,kospi_return_1d,-0.0045895809307694435
292,B,momentum,fx_level_z_252,-0.0029097055085003376
292,B,persist,kospi_return_1d,-0.023103760555386543
292,B,persist,fx_level_z_252,0.012954468838870525
292,B,underwater,kospi_return_1d,-0.0003603535005822778
292,B,underwater,fx_level_z_252,-0.03521285206079483
292,alpha,,kospi_return_1d,0.023246221244335175
292,alpha,,fx_level_z_252,0.026439083740115166
293,beta,momentum,,-0.03492886200547218
293,beta,persist,,0.10764877498149872
293,beta,underwater,,0.017129408195614815
293,B,momentum,kospi_return_1d,-0.004510689061135054
293,B,momentum,fx_level_z_252,-0.0033062431029975414
293,B,persist,kospi_return_1d,-0.02330169640481472
293,B,persist,fx_level_z_252,0.013059616088867188
293,B,underwater,kospi_return_1d,-0.00024581002071499825
293,B,underwater,fx_level_z_252,-0.03489565849304199
293,alpha,,kospi_return_1d,0.023075614124536514
293,alpha,,fx_level_z_252,0.02628450281918049
294,beta,momentum,,-0.03499674052000046
294,beta,persist,,0.10789753496646881
294,beta,underwater,,0.017341120168566704
294,B,momentum,kospi_return_1d,-0.0045332033187150955
294,B,momentum,fx_level_z_252,-0.003597467439249158
294,B,persist,kospi_return_1d,-0.023267220705747604
294,B,persist,fx_level_z_252,0.01287142839282751
294,B,underwater,kospi_return_1d,0.00010783410107251257
294,B,underwater,fx_level_z_252,-0.03456692770123482
294,alpha,,kospi_return_1d,0.02276393212378025
294,alpha,,fx_level_z_252,0.026044772937893867
295,beta,momentum,,-0.03511984646320343
295,beta,persist,,0.10817418992519379
295,beta,underwater,,0.01768813282251358
295,B,momentum,kospi_return_1d,-0.004559629131108522
295,B,momentum,fx_level_z_252,-0.003930737264454365
295,B,persist,kospi_return_1d,-0.023056816309690475
295,B,persist,fx_level_z_252,0.012522266246378422
295,B,underwater,kospi_return_1d,0.0003962184418924153
295,B,underwater,fx_level_z_252,-0.03424908220767975
295,alpha,,kospi_return_1d,0.022500842809677124
295,alpha,,fx_level_z_252,0.02580457553267479
296,beta,momentum,,-0.0352892242372036
296,beta,persist,,0.1084972470998764
296,beta,underwater,,0.01798338070511818
296,B,momentum,kospi_return_1d,-0.004572166595607996
296,B,momentum,fx_level_z_252,-0.004119902849197388
296,B,persist,kospi_return_1d,-0.02281918376684189
296,B,persist,fx_level_z_252,0.012082994915544987
296,B,underwater,kospi_return_1d,0.0006264407420530915
296,B,underwater,fx_level_z_252,-0.03406231105327606
296,alpha,,kospi_return_1d,0.022330880165100098
296,alpha,,fx_level_z_252,0.02560853399336338
297,beta,momentum,,-0.03536364808678627
297,beta,persist,,0.10876411944627762
297,beta,underwater,,0.01824267767369747
297,B,momentum,kospi_return_1d,-0.004482574760913849
297,B,momentum,fx_level_z_252,-0.004348971880972385
297,B,persist,kospi_return_1d,-0.02258729748427868
297,B,persist,fx_level_z_252,0.01164496224373579
297,B,underwater,kospi_return_1d,0.0007654078654013574
297,B,underwater,fx_level_z_252,-0.03390529379248619
297,alpha,,kospi_return_1d,0.022280050441622734
297,alpha,,fx_level_z_252,0.02537684701383114
298,beta,momentum,,-0.0354161337018013
298,beta,persist,,0.10904167592525482
298,beta,underwater,,0.018512411043047905
298,B,momentum,kospi_return_1d,-0.004476706963032484
298,B,momentum,fx_level_z_252,-0.0046876948326826096
298,B,persist,kospi_return_1d,-0.022321315482258797
298,B,persist,fx_level_z_252,0.011284974403679371
298,B,underwater,kospi_return_1d,0.0009419562993571162
298,B,underwater,fx_level_z_252,-0.03369620069861412
298,alpha,,kospi_return_1d,0.022196944802999496
298,alpha,,fx_level_z_252,0.02526843175292015
299,beta,momentum,,-0.03543173521757126
299,beta,persist,,0.10928449779748917
299,beta,underwater,,0.018620692193508148
299,B,momentum,kospi_return_1d,-0.004668797831982374
299,B,momentum,fx_level_z_252,-0.004877034574747086
299,B,persist,kospi_return_1d,-0.022082911804318428
299,B,persist,fx_level_z_252,0.010957242920994759
299,B,underwater,kospi_return_1d,0.0011020343517884612
299,B,underwater,fx_level_z_252,-0.03363598883152008
299,alpha,,kospi_return_1d,0.022266071289777756
299,alpha,,fx_level_z_252,0.025186821818351746
300,beta,momentum,,-0.03543836995959282
300,beta,persist,,0.10953327268362045
300,beta,underwater,,0.018728546798229218
300,B,momentum,kospi_return_1d,-0.004974559415131807
300,B,momentum,fx_level_z_252,-0.004970370326191187
300,B,persist,kospi_return_1d,-0.0217660591006279
300,B,persist,fx_level_z_252,0.010616707615554333
300,B,underwater,kospi_return_1d,0.0011213466059416533
300,B,underwater,fx_level_z_252,-0.03369960933923721
300,alpha,,kospi_return_1d,0.022255128249526024
300,alpha,,fx_level_z_252,0.025020193308591843
