epoch,parameter,feature,context,weight
0,beta,momentum,,0.0
0,beta,persist,,0.0
0,beta,underwater,,0.0
0,B,momentum,kospi_return_1d,0.0
0,B,momentum,fx_level_z_252,0.0
0,B,persist,kospi_return_1d,0.0
0,B,persist,fx_level_z_252,0.0
0,B,underwater,kospi_return_1d,0.0
0,B,underwater,fx_level_z_252,0.0
0,alpha,,kospi_return_1d,0.0
0,alpha,,fx_level_z_252,0.0
1,beta,momentum,,-0.001964309485629201
1,beta,persist,,0.0019758634734898806
1,beta,underwater,,0.001939901732839644
1,B,momentum,kospi_return_1d,0.000599224935285747
1,B,momentum,fx_level_z_252,0.0019393133698031306
1,B,persist,kospi_return_1d,0.001977830659598112
1,B,persist,fx_level_z_252,-0.002000877633690834
1,B,underwater,kospi_return_1d,-0.00193088932428509
1,B,underwater,fx_level_z_252,-0.0016898720059543848
1,alpha,,kospi_return_1d,-0.001869042869657278
1,alpha,,fx_level_z_252,0.0019162911921739578
2,beta,momentum,,-0.003921427298337221
2,beta,persist,,0.003944685682654381
2,beta,underwater,,0.0038709058426320553
2,B,momentum,kospi_return_1d,-3.5974255297333e-05
2,B,momentum,fx_level_z_252,0.0038386620581150055
2,B,persist,kospi_return_1d,0.0029982631094753742
2,B,persist,fx_level_z_252,-0.003908582031726837
2,B,underwater,kospi_return_1d,-0.003691195510327816
2,B,underwater,fx_level_z_252,-0.003206287045031786
2,alpha,,kospi_return_1d,-0.003703756257891655
2,alpha,,fx_level_z_252,0.003822688478976488
3,beta,momentum,,-0.005882554221898317
3,beta,persist,,0.005919634830206633
3,beta,underwater,,0.005806484259665012
3,B,momentum,kospi_return_1d,-0.00024034478701651096
3,B,momentum,fx_level_z_252,0.005723139271140099
3,B,persist,kospi_return_1d,0.0028585472609847784
3,B,persist,fx_level_z_252,-0.005716767627745867
3,B,underwater,kospi_return_1d,-0.0045970287173986435
3,B,underwater,fx_level_z_252,-0.004765195306390524
3,alpha,,kospi_return_1d,-0.005545482039451599
3,alpha,,fx_level_z_252,0.0057567087933421135
4,beta,momentum,,-0.007829755544662476
4,beta,persist,,0.007884209044277668
4,beta,underwater,,0.007720464840531349
4,B,momentum,kospi_return_1d,-0.00032593574724160135
4,B,momentum,fx_level_z_252,0.007543755695223808
4,B,persist,kospi_return_1d,0.0031054196879267693
4,B,persist,fx_level_z_252,-0.007463266607373953
4,B,underwater,kospi_return_1d,-0.004732259549200535
4,B,underwater,fx_level_z_252,-0.006344807334244251
4,alpha,,kospi_return_1d,-0.0073703802190721035
4,alpha,,fx_level_z_252,0.007690425030887127
5,beta,momentum,,-0.009765349328517914
5,beta,persist,,0.009834632277488708
5,beta,underwater,,0.00962729100137949
5,B,momentum,kospi_return_1d,-0.0004932706942781806
5,B,momentum,fx_level_z_252,0.009214763529598713
5,B,persist,kospi_return_1d,0.003180793486535549
5,B,persist,fx_level_z_252,-0.009059453383088112
5,B,underwater,kospi_return_1d,-0.004547562450170517
5,B,underwater,fx_level_z_252,-0.007727204356342554
5,alpha,,kospi_return_1d,-0.009165077470242977
5,alpha,,fx_level_z_252,0.009629904292523861
6,beta,momentum,,-0.011676249094307423
6,beta,persist,,0.011755440384149551
6,beta,underwater,,0.011531340889632702
6,B,momentum,kospi_return_1d,-0.0003731103497557342
6,B,momentum,fx_level_z_252,0.010602734051644802
6,B,persist,kospi_return_1d,0.0030200316105037928
6,B,persist,fx_level_z_252,-0.01057105977088213
6,B,underwater,kospi_return_1d,-0.004618488717824221
6,B,underwater,fx_level_z_252,-0.008760851807892323
6,alpha,,kospi_return_1d,-0.010866701602935791
6,alpha,,fx_level_z_252,0.01151379942893982
7,beta,momentum,,-0.013554681092500687
7,beta,persist,,0.01362641155719757
7,beta,underwater,,0.013410561718046665
7,B,momentum,kospi_return_1d,-8.70379590196535e-05
7,B,momentum,fx_level_z_252,0.011678020469844341
7,B,persist,kospi_return_1d,0.0025097006000578403
7,B,persist,fx_level_z_252,-0.011702016927301884
7,B,underwater,kospi_return_1d,-0.0046424525789916515
7,B,underwater,fx_level_z_252,-0.009577718563377857
7,alpha,,kospi_return_1d,-0.012360692024230957
7,alpha,,fx_level_z_252,0.013307562097907066
8,beta,momentum,,-0.01537226140499115
8,beta,persist,,0.015477088280022144
8,beta,underwater,,0.01526552066206932
8,B,momentum,kospi_return_1d,0.0002963672741316259
8,B,momentum,fx_level_z_252,0.012270096689462662
8,B,persist,kospi_return_1d,0.0017928463639691472
8,B,persist,fx_level_z_252,-0.01225664746016264
8,B,underwater,kospi_return_1d,-0.004855252802371979
8,B,underwater,fx_level_z_252,-0.009940753690898418
8,alpha,,kospi_return_1d,-0.013795326463878155
8,alpha,,fx_level_z_252,0.015115299262106419
9,beta,momentum,,-0.017165295779705048
9,beta,persist,,0.017314601689577103
9,beta,underwater,,0.01707492023706436
9,B,momentum,kospi_return_1d,0.0004873748403042555
9,B,momentum,fx_level_z_252,0.012731255032122135
9,B,persist,kospi_return_1d,0.00124146300368011
9,B,persist,fx_level_z_252,-0.012757604941725731
9,B,underwater,kospi_return_1d,-0.005061724688857794
9,B,underwater,fx_level_z_252,-0.010272732004523277
9,alpha,,kospi_return_1d,-0.015073859132826328
9,alpha,,fx_level_z_252,0.016879457980394363
10,beta,momentum,,-0.018890786916017532
10,beta,persist,,0.019115885719656944
10,beta,underwater,,0.018788041546940804
10,B,momentum,kospi_return_1d,0.000442680437117815
10,B,momentum,fx_level_z_252,0.013196439482271671
10,B,persist,kospi_return_1d,0.0009550652466714382
10,B,persist,fx_level_z_252,-0.013174266554415226
10,B,underwater,kospi_return_1d,-0.004931614734232426
10,B,underwater,fx_level_z_252,-0.010776106268167496
10,alpha,,kospi_return_1d,-0.01615552045404911
10,alpha,,fx_level_z_252,0.018544424325227737
11,beta,momentum,,-0.02053394913673401
11,beta,persist,,0.020858826115727425
11,beta,underwater,,0.020437782630324364
11,B,momentum,kospi_return_1d,0.00037610207800753415
11,B,momentum,fx_level_z_252,0.013552490621805191
11,B,persist,kospi_return_1d,0.0006115188589319587
11,B,persist,fx_level_z_252,-0.013343642465770245
11,B,underwater,kospi_return_1d,-0.004678995814174414
11,B,underwater,fx_level_z_252,-0.011276358738541603
11,alpha,,kospi_return_1d,-0.016946427524089813
11,alpha,,fx_level_z_252,0.020159170031547546
12,beta,momentum,,-0.022071264684200287
12,beta,persist,,0.022535625845193863
12,beta,underwater,,0.02199355699121952
12,B,momentum,kospi_return_1d,0.00045287463581189513
12,B,momentum,fx_level_z_252,0.01367005705833435
12,B,persist,kospi_return_1d,0.00016459608741570264
12,B,persist,fx_level_z_252,-0.013420875184237957
12,B,underwater,kospi_return_1d,-0.004289915319532156
12,B,underwater,fx_level_z_252,-0.011705556884407997
12,alpha,,kospi_return_1d,-0.017483582720160484
12,alpha,,fx_level_z_252,0.02170839160680771
13,beta,momentum,,-0.02355947345495224
13,beta,persist,,0.024174783378839493
13,beta,underwater,,0.02349008433520794
13,B,momentum,kospi_return_1d,0.0005981193389743567
13,B,momentum,fx_level_z_252,0.01363129448145628
13,B,persist,kospi_return_1d,-0.000277229817584157
13,B,persist,fx_level_z_252,-0.013316027820110321
13,B,underwater,kospi_return_1d,-0.003771405201405287
13,B,underwater,fx_level_z_252,-0.012166954576969147
13,alpha,,kospi_return_1d,-0.017749527469277382
13,alpha,,fx_level_z_252,0.023203816264867783
14,beta,momentum,,-0.024970345199108124
14,beta,persist,,0.025787154212594032
14,beta,underwater,,0.024910125881433487
14,B,momentum,kospi_return_1d,0.0006266807904466987
14,B,momentum,fx_level_z_252,0.013445227406919003
14,B,persist,kospi_return_1d,-0.0007709174533374608
14,B,persist,fx_level_z_252,-0.013149373233318329
14,B,underwater,kospi_return_1d,-0.0031873080879449844
14,B,underwater,fx_level_z_252,-0.01266813836991787
14,alpha,,kospi_return_1d,-0.01786215975880623
14,alpha,,fx_level_z_252,0.024677734822034836
15,beta,momentum,,-0.026310879737138748
15,beta,persist,,0.027362829074263573
15,beta,underwater,,0.02623567543923855
15,B,momentum,kospi_return_1d,0.0004487752739805728
15,B,momentum,fx_level_z_252,0.013189991004765034
15,B,persist,kospi_return_1d,-0.0010348838986828923
15,B,persist,fx_level_z_252,-0.012874498963356018
15,B,underwater,kospi_return_1d,-0.0023381789214909077
15,B,underwater,fx_level_z_252,-0.013313157483935356
15,alpha,,kospi_return_1d,-0.017743542790412903
15,alpha,,fx_level_z_252,0.026131603866815567
16,beta,momentum,,-0.027604946866631508
16,beta,persist,,0.028868792578577995
16,beta,underwater,,0.027492137625813484
16,B,momentum,kospi_return_1d,0.00011520131374709308
16,B,momentum,fx_level_z_252,0.012909000739455223
16,B,persist,kospi_return_1d,-0.0012659082422032952
16,B,persist,fx_level_z_252,-0.012399816885590553
16,B,underwater,kospi_return_1d,-0.0015053128590807319
16,B,underwater,fx_level_z_252,-0.01392227690666914
16,alpha,,kospi_return_1d,-0.017337758094072342
16,alpha,,fx_level_z_252,0.02749456837773323
17,beta,momentum,,-0.028839752078056335
17,beta,persist,,0.030321462079882622
17,beta,underwater,,0.028671450912952423
17,B,momentum,kospi_return_1d,-0.0002621274907141924
17,B,momentum,fx_level_z_252,0.012631881050765514
17,B,persist,kospi_return_1d,-0.0011467384174466133
17,B,persist,fx_level_z_252,-0.012010321952402592
17,B,underwater,kospi_return_1d,-0.0005951098864898086
17,B,underwater,fx_level_z_252,-0.014617843553423882
17,alpha,,kospi_return_1d,-0.016769753769040108
17,alpha,,fx_level_z_252,0.028800345957279205
18,beta,momentum,,-0.030014146119356155
18,beta,persist,,0.031713321805000305
18,beta,underwater,,0.02980402484536171
18,B,momentum,kospi_return_1d,-0.0003252160095144063
18,B,momentum,fx_level_z_252,0.012253718450665474
18,B,persist,kospi_return_1d,-0.000994380796328187
18,B,persist,fx_level_z_252,-0.01151216123253107
18,B,underwater,kospi_return_1d,0.00022255725343711674
18,B,underwater,fx_level_z_252,-0.015294596552848816
18,alpha,,kospi_return_1d,-0.016035916283726692
18,alpha,,fx_level_z_252,0.030038656666874886
19,beta,momentum,,-0.0311136357486248
19,beta,persist,,0.033071890473365784
19,beta,underwater,,0.030817655846476555
19,B,momentum,kospi_return_1d,-0.00024028835468925536
19,B,momentum,fx_level_z_252,0.012036075815558434
19,B,persist,kospi_return_1d,-0.0009695084881968796
19,B,persist,fx_level_z_252,-0.01100611500442028
19,B,underwater,kospi_return_1d,0.0009448362980037928
19,B,underwater,fx_level_z_252,-0.01608792133629322
19,alpha,,kospi_return_1d,-0.015086004510521889
19,alpha,,fx_level_z_252,0.031197210773825645
20,beta,momentum,,-0.03216724097728729
20,beta,persist,,0.034399501979351044
20,beta,underwater,,0.03179924935102463
20,B,momentum,kospi_return_1d,-4.8086687456816435e-05
20,B,momentum,fx_level_z_252,0.011593151837587357
20,B,persist,kospi_return_1d,-0.001005448866635561
20,B,persist,fx_level_z_252,-0.0103163355961442
20,B,underwater,kospi_return_1d,0.001457395264878869
20,B,underwater,fx_level_z_252,-0.01672075130045414
20,alpha,,kospi_return_1d,-0.014017397537827492
20,alpha,,fx_level_z_252,0.032297756522893906
21,beta,momentum,,-0.03315197676420212
21,beta,persist,,0.03571976348757744
21,beta,underwater,,0.03271399810910225
21,B,momentum,kospi_return_1d,0.00024390112957917154
21,B,momentum,fx_level_z_252,0.011033621616661549
21,B,persist,kospi_return_1d,-0.0009915971895679832
21,B,persist,fx_level_z_252,-0.009582088328897953
21,B,underwater,kospi_return_1d,0.0018965869676321745
21,B,underwater,fx_level_z_252,-0.01740897446870804
21,alpha,,kospi_return_1d,-0.012852179817855358
21,alpha,,fx_level_z_252,0.03336263447999954
22,beta,momentum,,-0.03403310105204582
22,beta,persist,,0.036992259323596954
22,beta,underwater,,0.03353511169552803
22,B,momentum,kospi_return_1d,0.0006052398821339011
22,B,momentum,fx_level_z_252,0.010448440909385681
22,B,persist,kospi_return_1d,-0.0009592425194568932
22,B,persist,fx_level_z_252,-0.008871309459209442
22,B,underwater,kospi_return_1d,0.002212796825915575
22,B,underwater,fx_level_z_252,-0.018213855102658272
22,alpha,,kospi_return_1d,-0.011651214212179184
22,alpha,,fx_level_z_252,0.03438308835029602
23,beta,momentum,,-0.03483865410089493
23,beta,persist,,0.03820580616593361
23,beta,underwater,,0.034244604408741
23,B,momentum,kospi_return_1d,0.0009998090099543333
23,B,momentum,fx_level_z_252,0.00986479688435793
23,B,persist,kospi_return_1d,-0.0009472573874518275
23,B,persist,fx_level_z_252,-0.008297314867377281
23,B,underwater,kospi_return_1d,0.0024879775010049343
23,B,underwater,fx_level_z_252,-0.01916649378836155
23,alpha,,kospi_return_1d,-0.010314456187188625
23,alpha,,fx_level_z_252,0.035395603626966476
24,beta,momentum,,-0.0355704240500927
24,beta,persist,,0.03940014913678169
24,beta,underwater,,0.034874022006988525
24,B,momentum,kospi_return_1d,0.001245682593435049
24,B,momentum,fx_level_z_252,0.009265401400625706
24,B,persist,kospi_return_1d,-0.0007134107872843742
24,B,persist,fx_level_z_252,-0.007918303832411766
24,B,underwater,kospi_return_1d,0.0028126032557338476
24,B,underwater,fx_level_z_252,-0.020240971818566322
24,alpha,,kospi_return_1d,-0.00888871680945158
24,alpha,,fx_level_z_252,0.03634713962674141
25,beta,momentum,,-0.036194704473018646
25,beta,persist,,0.04056644067168236
25,beta,underwater,,0.03541972488164902
25,B,momentum,kospi_return_1d,0.0015499339206144214
25,B,momentum,fx_level_z_252,0.008555364795029163
25,B,persist,kospi_return_1d,-0.0005347300902940333
25,B,persist,fx_level_z_252,-0.0075476947240531445
25,B,underwater,kospi_return_1d,0.0029901559464633465
25,B,underwater,fx_level_z_252,-0.021247047930955887
25,alpha,,kospi_return_1d,-0.007496743928641081
25,alpha,,fx_level_z_252,0.03720663860440254
26,beta,momentum,,-0.036744147539138794
26,beta,persist,,0.0416988879442215
26,beta,underwater,,0.035854898393154144
26,B,momentum,kospi_return_1d,0.0015776678919792175
26,B,momentum,fx_level_z_252,0.007782697211951017
26,B,persist,kospi_return_1d,-0.000398075208067894
26,B,persist,fx_level_z_252,-0.0071529606357216835
26,B,underwater,kospi_return_1d,0.0033209791872650385
26,B,underwater,fx_level_z_252,-0.02226044237613678
26,alpha,,kospi_return_1d,-0.006067071575671434
26,alpha,,fx_level_z_252,0.037974659353494644
27,beta,momentum,,-0.03725326061248779
27,beta,persist,,0.042815912514925
27,beta,underwater,,0.03623722866177559
27,B,momentum,kospi_return_1d,0.0015400832053273916
27,B,momentum,fx_level_z_252,0.007056970614939928
27,B,persist,kospi_return_1d,-0.0001546359999338165
27,B,persist,fx_level_z_252,-0.0067959921434521675
27,B,underwater,kospi_return_1d,0.0036319135688245296
27,B,underwater,fx_level_z_252,-0.023301711305975914
27,alpha,,kospi_return_1d,-0.004687633831053972
27,alpha,,fx_level_z_252,0.03867201507091522
28,beta,momentum,,-0.03771179914474487
28,beta,persist,,0.04390610381960869
28,beta,underwater,,0.036577314138412476
28,B,momentum,kospi_return_1d,0.0015881344443187118
28,B,momentum,fx_level_z_252,0.00643268832936883
28,B,persist,kospi_return_1d,-9.447412594454363e-06
28,B,persist,fx_level_z_252,-0.006500814575701952
28,B,underwater,kospi_return_1d,0.00375753128901124
28,B,underwater,fx_level_z_252,-0.02440478466451168
28,alpha,,kospi_return_1d,-0.003326415317133069
28,alpha,,fx_level_z_252,0.03933550789952278
29,beta,momentum,,-0.03815648332238197
29,beta,persist,,0.045006658881902695
29,beta,underwater,,0.03689791262149811
29,B,momentum,kospi_return_1d,0.001816554693505168
29,B,momentum,fx_level_z_252,0.005723332054913044
29,B,persist,kospi_return_1d,-6.881820445414633e-05
29,B,persist,fx_level_z_252,-0.006117840297520161
29,B,underwater,kospi_return_1d,0.003752129152417183
29,B,underwater,fx_level_z_252,-0.025382976979017258
29,alpha,,kospi_return_1d,-0.002075136173516512
29,alpha,,fx_level_z_252,0.039968784898519516
30,beta,momentum,,-0.03854487091302872
30,beta,persist,,0.04611295089125633
30,beta,underwater,,0.037201397120952606
30,B,momentum,kospi_return_1d,0.0020106006413698196
30,B,momentum,fx_level_z_252,0.004971469286829233
30,B,persist,kospi_return_1d,-0.0003564257640391588
30,B,persist,fx_level_z_252,-0.005615949165076017
30,B,underwater,kospi_return_1d,0.0036415457725524902
30,B,underwater,fx_level_z_252,-0.026129376143217087
30,alpha,,kospi_return_1d,-0.0010078068589791656
30,alpha,,fx_level_z_252,0.04057154059410095
31,beta,momentum,,-0.038845233619213104
31,beta,persist,,0.047164782881736755
31,beta,underwater,,0.03742629662156105
31,B,momentum,kospi_return_1d,0.002247789641842246
31,B,momentum,fx_level_z_252,0.004211638122797012
31,B,persist,kospi_return_1d,-0.0005463824491016567
31,B,persist,fx_level_z_252,-0.00491259666159749
31,B,underwater,kospi_return_1d,0.0035335570573806763
31,B,underwater,fx_level_z_252,-0.026944361627101898
31,alpha,,kospi_return_1d,6.361707346513867e-05
31,alpha,,fx_level_z_252,0.04115704819560051
32,beta,momentum,,-0.03912917524576187
32,beta,persist,,0.04819440096616745
32,beta,underwater,,0.037644531577825546
32,B,momentum,kospi_return_1d,0.002489921171218157
32,B,momentum,fx_level_z_252,0.003318529576063156
32,B,persist,kospi_return_1d,-0.0006600173655897379
32,B,persist,fx_level_z_252,-0.004256640560925007
32,B,underwater,kospi_return_1d,0.0033287000842392445
32,B,underwater,fx_level_z_252,-0.027599452063441277
32,alpha,,kospi_return_1d,0.0011031292378902435
32,alpha,,fx_level_z_252,0.04173215478658676
33,beta,momentum,,-0.039380040019750595
33,beta,persist,,0.04925026744604111
33,beta,underwater,,0.037861377000808716
33,B,momentum,kospi_return_1d,0.002844026079401374
33,B,momentum,fx_level_z_252,0.002465754747390747
33,B,persist,kospi_return_1d,-0.0008838466019369662
33,B,persist,fx_level_z_252,-0.0037858218420296907
33,B,underwater,kospi_return_1d,0.003238929668441415
33,B,underwater,fx_level_z_252,-0.02822328917682171
33,alpha,,kospi_return_1d,0.0019804479088634253
33,alpha,,fx_level_z_252,0.04224283620715141
34,beta,momentum,,-0.03964092582464218
34,beta,persist,,0.05032716318964958
34,beta,underwater,,0.03805368021130562
34,B,momentum,kospi_return_1d,0.0030008861795067787
34,B,momentum,fx_level_z_252,0.0016236084047704935
34,B,persist,kospi_return_1d,-0.0008714529685676098
34,B,persist,fx_level_z_252,-0.003394919214770198
34,B,underwater,kospi_return_1d,0.003342895768582821
34,B,underwater,fx_level_z_252,-0.028832750394940376
34,alpha,,kospi_return_1d,0.002685400191694498
34,alpha,,fx_level_z_252,0.042616743594408035
35,beta,momentum,,-0.039818860590457916
35,beta,persist,,0.05136917158961296
35,beta,underwater,,0.03820160776376724
35,B,momentum,kospi_return_1d,0.003169864183291793
35,B,momentum,fx_level_z_252,0.0008974605589173734
35,B,persist,kospi_return_1d,-0.0008506510639563203
35,B,persist,fx_level_z_252,-0.0030179431196302176
35,B,underwater,kospi_return_1d,0.00350593333132565
35,B,underwater,fx_level_z_252,-0.02955058217048645
35,alpha,,kospi_return_1d,0.0033542681485414505
35,alpha,,fx_level_z_252,0.042989958077669144
36,beta,momentum,,-0.039948876947164536
36,beta,persist,,0.052374888211488724
36,beta,underwater,,0.03829847276210785
36,B,momentum,kospi_return_1d,0.003442501649260521
36,B,momentum,fx_level_z_252,0.00025567426928319037
36,B,persist,kospi_return_1d,-0.0009887614287436008
36,B,persist,fx_level_z_252,-0.002631403971463442
36,B,underwater,kospi_return_1d,0.0036567309871315956
36,B,underwater,fx_level_z_252,-0.03028605505824089
36,alpha,,kospi_return_1d,0.0040377783589065075
36,alpha,,fx_level_z_252,0.04332462325692177
37,beta,momentum,,-0.04007904604077339
37,beta,persist,,0.05337880179286003
37,beta,underwater,,0.038372211158275604
37,B,momentum,kospi_return_1d,0.003715001977980137
37,B,momentum,fx_level_z_252,-0.00036108115455135703
37,B,persist,kospi_return_1d,-0.0011525984155014157
37,B,persist,fx_level_z_252,-0.0022104266099631786
37,B,underwater,kospi_return_1d,0.0037027301732450724
37,B,underwater,fx_level_z_252,-0.031005622819066048
37,alpha,,kospi_return_1d,0.004639334045350552
37,alpha,,fx_level_z_252,0.04358407482504845
38,beta,momentum,,-0.04019070416688919
38,beta,persist,,0.054348718374967575
38,beta,underwater,,0.038406554609537125
38,B,momentum,kospi_return_1d,0.004024785943329334
38,B,momentum,fx_level_z_252,-0.0010461534839123487
38,B,persist,kospi_return_1d,-0.001255889073945582
38,B,persist,fx_level_z_252,-0.001782920560799539
38,B,underwater,kospi_return_1d,0.00358711089938879
38,B,underwater,fx_level_z_252,-0.0315442718565464
38,alpha,,kospi_return_1d,0.005215868353843689
38,alpha,,fx_level_z_252,0.04378748685121536
39,beta,momentum,,-0.04026949033141136
39,beta,persist,,0.055271219462156296
39,beta,underwater,,0.03838382661342621
39,B,momentum,kospi_return_1d,0.004428712651133537
39,B,momentum,fx_level_z_252,-0.0016677489038556814
39,B,persist,kospi_return_1d,-0.0014034947380423546
39,B,persist,fx_level_z_252,-0.0014513909118250012
39,B,underwater,kospi_return_1d,0.0035398935433477163
39,B,underwater,fx_level_z_252,-0.03202936798334122
39,alpha,,kospi_return_1d,0.0057923453859984875
39,alpha,,fx_level_z_252,0.043900422751903534
40,beta,momentum,,-0.04031546413898468
40,beta,persist,,0.056173089891672134
40,beta,underwater,,0.03831854090094566
40,B,momentum,kospi_return_1d,0.004829205572605133
40,B,momentum,fx_level_z_252,-0.002106458181515336
40,B,persist,kospi_return_1d,-0.0016694464720785618
40,B,persist,fx_level_z_252,-0.0011438211658969522
40,B,underwater,kospi_return_1d,0.0034302351996302605
40,B,underwater,fx_level_z_252,-0.032596468925476074
40,alpha,,kospi_return_1d,0.006385466083884239
40,alpha,,fx_level_z_252,0.04402196407318115
41,beta,momentum,,-0.04032933712005615
41,beta,persist,,0.05702406167984009
41,beta,underwater,,0.03816623613238335
41,B,momentum,kospi_return_1d,0.005110854748636484
41,B,momentum,fx_level_z_252,-0.0023133866488933563
41,B,persist,kospi_return_1d,-0.002075515454635024
41,B,persist,fx_level_z_252,-0.0009022053563967347
41,B,underwater,kospi_return_1d,0.0034549925476312637
41,B,underwater,fx_level_z_252,-0.033311259001493454
41,alpha,,kospi_return_1d,0.007012287154793739
41,alpha,,fx_level_z_252,0.04403883218765259
42,beta,momentum,,-0.04029837250709534
42,beta,persist,,0.057864587754011154
42,beta,underwater,,0.03801703080534935
42,B,momentum,kospi_return_1d,0.005256260745227337
42,B,momentum,fx_level_z_252,-0.0025793390814214945
42,B,persist,kospi_return_1d,-0.0025651780888438225
42,B,persist,fx_level_z_252,-0.00044373335549607873
42,B,underwater,kospi_return_1d,0.0034406352788209915
42,B,underwater,fx_level_z_252,-0.0338493175804615
42,alpha,,kospi_return_1d,0.007612363435328007
42,alpha,,fx_level_z_252,0.04399441182613373
43,beta,momentum,,-0.04024663195014
43,beta,persist,,0.05870288982987404
43,beta,underwater,,0.03787775710225105
43,B,momentum,kospi_return_1d,0.0053823888301849365
43,B,momentum,fx_level_z_252,-0.0027862160932272673
43,B,persist,kospi_return_1d,-0.002845949726179242
43,B,persist,fx_level_z_252,-5.5192605941556394e-05
43,B,underwater,kospi_return_1d,0.003491799347102642
43,B,underwater,fx_level_z_252,-0.03436888009309769
43,alpha,,kospi_return_1d,0.008219314739108086
43,alpha,,fx_level_z_252,0.043989039957523346
44,beta,momentum,,-0.04021169990301132
44,beta,persist,,0.05957328528165817
44,beta,underwater,,0.037707142531871796
44,B,momentum,kospi_return_1d,0.005395363550633192
44,B,momentum,fx_level_z_252,-0.0028889987152069807
44,B,persist,kospi_return_1d,-0.003096198895946145
44,B,persist,fx_level_z_252,0.00022418214939534664
44,B,underwater,kospi_return_1d,0.0035138132516294718
44,B,underwater,fx_level_z_252,-0.034854404628276825
44,alpha,,kospi_return_1d,0.008728581480681896
44,alpha,,fx_level_z_252,0.044064734131097794
45,beta,momentum,,-0.04022612422704697
45,beta,persist,,0.06046656519174576
45,beta,underwater,,0.037537217140197754
45,B,momentum,kospi_return_1d,0.005190391093492508
45,B,momentum,fx_level_z_252,-0.002951966365799308
45,B,persist,kospi_return_1d,-0.003124858718365431
45,B,persist,fx_level_z_252,0.0003811653587035835
45,B,underwater,kospi_return_1d,0.0036786776036024094
45,B,underwater,fx_level_z_252,-0.03543349355459213
45,alpha,,kospi_return_1d,0.00919121690094471
45,alpha,,fx_level_z_252,0.04413877800107002
46,beta,momentum,,-0.040292806923389435
46,beta,persist,,0.06139266863465309
46,beta,underwater,,0.037441618740558624
46,B,momentum,kospi_return_1d,0.004907230846583843
46,B,momentum,fx_level_z_252,-0.00311860884539783
46,B,persist,kospi_return_1d,-0.003194703022018075
46,B,persist,fx_level_z_252,0.0006051946547813714
46,B,underwater,kospi_return_1d,0.003913588356226683
46,B,underwater,fx_level_z_252,-0.03584117814898491
46,alpha,,kospi_return_1d,0.009462370537221432
46,alpha,,fx_level_z_252,0.044206611812114716
47,beta,momentum,,-0.04033306986093521
47,beta,persist,,0.0623399093747139
47,beta,underwater,,0.03741269186139107
47,B,momentum,kospi_return_1d,0.004671087954193354
47,B,momentum,fx_level_z_252,-0.003310473868623376
47,B,persist,kospi_return_1d,-0.0032099231611937284
47,B,persist,fx_level_z_252,0.0005695449654012918
47,B,underwater,kospi_return_1d,0.003944333177059889
47,B,underwater,fx_level_z_252,-0.03621090576052666
47,alpha,,kospi_return_1d,0.00965069979429245
47,alpha,,fx_level_z_252,0.044319037348032
48,beta,momentum,,-0.04033282399177551
48,beta,persist,,0.06324080377817154
48,beta,underwater,,0.037317290902137756
48,B,momentum,kospi_return_1d,0.0044724284671247005
48,B,momentum,fx_level_z_252,-0.003327723825350404
48,B,persist,kospi_return_1d,-0.003425171598792076
48,B,persist,fx_level_z_252,0.0003739108215086162
48,B,underwater,kospi_return_1d,0.0038569828029721975
48,B,underwater,fx_level_z_252,-0.036679983139038086
48,alpha,,kospi_return_1d,0.009877122938632965
48,alpha,,fx_level_z_252,0.044330403208732605
49,beta,momentum,,-0.04031455144286156
49,beta,persist,,0.06409882009029388
49,beta,underwater,,0.037206877022981644
49,B,momentum,kospi_return_1d,0.004137946292757988
49,B,momentum,fx_level_z_252,-0.003265844192355871
49,B,persist,kospi_return_1d,-0.0035729871597141027
49,B,persist,fx_level_z_252,6.0701073380187154e-05
49,B,underwater,kospi_return_1d,0.0038531769532710314
49,B,underwater,fx_level_z_252,-0.03710455447435379
49,alpha,,kospi_return_1d,0.010198773816227913
49,alpha,,fx_level_z_252,0.04428376257419586
50,beta,momentum,,-0.04027077183127403
50,beta,persist,,0.0649339035153389
50,beta,underwater,,0.037071343511343
50,B,momentum,kospi_return_1d,0.0038245869800448418
50,B,momentum,fx_level_z_252,-0.0030986566562205553
50,B,persist,kospi_return_1d,-0.0036159600131213665
50,B,persist,fx_level_z_252,-0.00022958958288654685
50,B,underwater,kospi_return_1d,0.0039041750133037567
50,B,underwater,fx_level_z_252,-0.03748657926917076
50,alpha,,kospi_return_1d,0.010560688562691212
50,alpha,,fx_level_z_252,0.0442214198410511
51,beta,momentum,,-0.040212780237197876
51,beta,persist,,0.06576180458068848
51,beta,underwater,,0.03693817928433418
51,B,momentum,kospi_return_1d,0.003629979444667697
51,B,momentum,fx_level_z_252,-0.002988479332998395
51,B,persist,kospi_return_1d,-0.0035091813188046217
51,B,persist,fx_level_z_252,-0.0003065063792746514
51,B,underwater,kospi_return_1d,0.003903773380443454
51,B,underwater,fx_level_z_252,-0.03771999850869179
51,alpha,,kospi_return_1d,0.010987217538058758
51,alpha,,fx_level_z_252,0.04423382878303528
52,beta,momentum,,-0.040179044008255005
52,beta,persist,,0.0665404200553894
52,beta,underwater,,0.0368138812482357
52,B,momentum,kospi_return_1d,0.0034926452208310366
52,B,momentum,fx_level_z_252,-0.0029447798151522875
52,B,persist,kospi_return_1d,-0.003476401325315237
52,B,persist,fx_level_z_252,-0.00023943878477439284
52,B,underwater,kospi_return_1d,0.003757598577067256
52,B,underwater,fx_level_z_252,-0.037848763167858124
52,alpha,,kospi_return_1d,0.011485835537314415
52,alpha,,fx_level_z_252,0.04431544989347458
53,beta,momentum,,-0.0401412658393383
53,beta,persist,,0.06726736575365067
53,beta,underwater,,0.03668741136789322
53,B,momentum,kospi_return_1d,0.0032505779527127743
53,B,momentum,fx_level_z_252,-0.0030684054363518953
53,B,persist,kospi_return_1d,-0.0033162350300699472
53,B,persist,fx_level_z_252,3.272468165960163e-05
53,B,underwater,kospi_return_1d,0.0036720673087984324
53,B,underwater,fx_level_z_252,-0.03773443400859833
53,alpha,,kospi_return_1d,0.012077915482223034
53,alpha,,fx_level_z_252,0.044371746480464935
54,beta,momentum,,-0.04011057689785957
54,beta,persist,,0.06797182559967041
54,beta,underwater,,0.036573316901922226
54,B,momentum,kospi_return_1d,0.0031975037418305874
54,B,momentum,fx_level_z_252,-0.0032964583951979876
54,B,persist,kospi_return_1d,-0.0034295518416911364
54,B,persist,fx_level_z_252,0.0003126788360532373
54,B,underwater,kospi_return_1d,0.003399572102352977
54,B,underwater,fx_level_z_252,-0.03740081936120987
54,alpha,,kospi_return_1d,0.012653442099690437
54,alpha,,fx_level_z_252,0.04445613920688629
55,beta,momentum,,-0.0400070920586586
55,beta,persist,,0.06864625960588455
55,beta,underwater,,0.036398086696863174
55,B,momentum,kospi_return_1d,0.0033939494751393795
55,B,momentum,fx_level_z_252,-0.0033816900104284286
55,B,persist,kospi_return_1d,-0.00369524909183383
55,B,persist,fx_level_z_252,0.0005567892803810537
55,B,underwater,kospi_return_1d,0.002999011194333434
55,B,underwater,fx_level_z_252,-0.03724250942468643
55,alpha,,kospi_return_1d,0.013258207589387894
55,alpha,,fx_level_z_252,0.04448634013533592
56,beta,momentum,,-0.039852436631917953
56,beta,persist,,0.06933550536632538
56,beta,underwater,,0.036206331104040146
56,B,momentum,kospi_return_1d,0.003654236439615488
56,B,momentum,fx_level_z_252,-0.00345651526004076
56,B,persist,kospi_return_1d,-0.0038821904454380274
56,B,persist,fx_level_z_252,0.0007484467350877821
56,B,underwater,kospi_return_1d,0.002635361161082983
56,B,underwater,fx_level_z_252,-0.037083182483911514
56,alpha,,kospi_return_1d,0.013745684176683426
56,alpha,,fx_level_z_252,0.044502824544906616
57,beta,momentum,,-0.03965236619114876
57,beta,persist,,0.0700223445892334
57,beta,underwater,,0.036010827869176865
57,B,momentum,kospi_return_1d,0.003966937307268381
57,B,momentum,fx_level_z_252,-0.003572505433112383
57,B,persist,kospi_return_1d,-0.0039842696860432625
57,B,persist,fx_level_z_252,0.0009628112311474979
57,B,underwater,kospi_return_1d,0.0022843109909445047
57,B,underwater,fx_level_z_252,-0.03700222074985504
57,alpha,,kospi_return_1d,0.014182769693434238
57,alpha,,fx_level_z_252,0.04442732781171799
58,beta,momentum,,-0.039434004575014114
58,beta,persist,,0.07067211717367172
58,beta,underwater,,0.03580468147993088
58,B,momentum,kospi_return_1d,0.004342185333371162
58,B,momentum,fx_level_z_252,-0.003746940288692713
58,B,persist,kospi_return_1d,-0.004186848644167185
58,B,persist,fx_level_z_252,0.0010437100427225232
58,B,underwater,kospi_return_1d,0.0019639611709862947
58,B,underwater,fx_level_z_252,-0.0368005596101284
58,alpha,,kospi_return_1d,0.014749331399798393
58,alpha,,fx_level_z_252,0.04433637112379074
59,beta,momentum,,-0.03928006440401077
59,beta,persist,,0.07132650911808014
59,beta,underwater,,0.0356794036924839
59,B,momentum,kospi_return_1d,0.004675019532442093
59,B,momentum,fx_level_z_252,-0.0037714808713644743
59,B,persist,kospi_return_1d,-0.004417432006448507
59,B,persist,fx_level_z_252,0.0010062640067189932
59,B,underwater,kospi_return_1d,0.0014976224629208446
59,B,underwater,fx_level_z_252,-0.03654174879193306
59,alpha,,kospi_return_1d,0.015371205285191536
59,alpha,,fx_level_z_252,0.04424750804901123
60,beta,momentum,,-0.03913518786430359
60,beta,persist,,0.07199437916278839
60,beta,underwater,,0.03554242476820946
60,B,momentum,kospi_return_1d,0.004871279466897249
60,B,momentum,fx_level_z_252,-0.003905762219801545
60,B,persist,kospi_return_1d,-0.004623920191079378
60,B,persist,fx_level_z_252,0.000935265445150435
60,B,underwater,kospi_return_1d,0.0012290396261960268
60,B,underwater,fx_level_z_252,-0.036203205585479736
60,alpha,,kospi_return_1d,0.015920648351311684
60,alpha,,fx_level_z_252,0.04419175907969475
61,beta,momentum,,-0.03901223465800285
61,beta,persist,,0.07263802736997604
61,beta,underwater,,0.03540852293372154
61,B,momentum,kospi_return_1d,0.0050760237500071526
61,B,momentum,fx_level_z_252,-0.003980398178100586
61,B,persist,kospi_return_1d,-0.004812472499907017
61,B,persist,fx_level_z_252,0.0008175226976163685
61,B,underwater,kospi_return_1d,0.0010362970642745495
61,B,underwater,fx_level_z_252,-0.0359744131565094
61,alpha,,kospi_return_1d,0.016410568729043007
61,alpha,,fx_level_z_252,0.04414185881614685
62,beta,momentum,,-0.038863614201545715
62,beta,persist,,0.07326918095350266
62,beta,underwater,,0.03516889736056328
62,B,momentum,kospi_return_1d,0.005136474035680294
62,B,momentum,fx_level_z_252,-0.004009075462818146
62,B,persist,kospi_return_1d,-0.004980396945029497
62,B,persist,fx_level_z_252,0.000714689667802304
62,B,underwater,kospi_return_1d,0.0011625596089288592
62,B,underwater,fx_level_z_252,-0.03597739338874817
62,alpha,,kospi_return_1d,0.01694556325674057
62,alpha,,fx_level_z_252,0.044037166982889175
63,beta,momentum,,-0.03870687633752823
63,beta,persist,,0.07392483204603195
63,beta,underwater,,0.034979745745658875
63,B,momentum,kospi_return_1d,0.005059436894953251
63,B,momentum,fx_level_z_252,-0.004162278957664967
63,B,persist,kospi_return_1d,-0.005087628029286861
63,B,persist,fx_level_z_252,0.0006898079300299287
63,B,underwater,kospi_return_1d,0.0012716082856059074
63,B,underwater,fx_level_z_252,-0.035920947790145874
63,alpha,,kospi_return_1d,0.017408814281225204
63,alpha,,fx_level_z_252,0.043971333652734756
64,beta,momentum,,-0.03849866986274719
64,beta,persist,,0.07450339943170547
64,beta,underwater,,0.03469466045498848
64,B,momentum,kospi_return_1d,0.004890405107289553
64,B,momentum,fx_level_z_252,-0.004270218778401613
64,B,persist,kospi_return_1d,-0.005300265271216631
64,B,persist,fx_level_z_252,0.0005128415068611503
64,B,underwater,kospi_return_1d,0.001443521468900144
64,B,underwater,fx_level_z_252,-0.03579957038164139
64,alpha,,kospi_return_1d,0.017917994409799576
64,alpha,,fx_level_z_252,0.04376094415783882
65,beta,momentum,,-0.038330502808094025
65,beta,persist,,0.07510274648666382
65,beta,underwater,,0.03446550294756889
65,B,momentum,kospi_return_1d,0.0047774966806173325
65,B,momentum,fx_level_z_252,-0.004257656168192625
65,B,persist,kospi_return_1d,-0.005352778825908899
65,B,persist,fx_level_z_252,0.00035095761995762587
65,B,underwater,kospi_return_1d,0.0015686526894569397
65,B,underwater,fx_level_z_252,-0.03560645505785942
65,alpha,,kospi_return_1d,0.018365204334259033
65,alpha,,fx_level_z_252,0.043602388352155685
66,beta,momentum,,-0.038226135075092316
66,beta,persist,,0.07575423270463943
66,beta,underwater,,0.03429229557514191
66,B,momentum,kospi_return_1d,0.004592620301991701
66,B,momentum,fx_level_z_252,-0.004114996176213026
66,B,persist,kospi_return_1d,-0.00527026504278183
66,B,persist,fx_level_z_252,6.763565761502832e-05
66,B,underwater,kospi_return_1d,0.001705224858596921
66,B,underwater,fx_level_z_252,-0.035446684807538986
66,alpha,,kospi_return_1d,0.01865268684923649
66,alpha,,fx_level_z_252,0.043544430285692215
67,beta,momentum,,-0.03807090222835541
67,beta,persist,,0.07630584388971329
67,beta,underwater,,0.03408454731106758
67,B,momentum,kospi_return_1d,0.004294800106436014
67,B,momentum,fx_level_z_252,-0.003975965082645416
67,B,persist,kospi_return_1d,-0.005096737761050463
67,B,persist,fx_level_z_252,-6.001328438287601e-05
67,B,underwater,kospi_return_1d,0.0018046096665784717
67,B,underwater,fx_level_z_252,-0.035287581384181976
67,alpha,,kospi_return_1d,0.019083909690380096
67,alpha,,fx_level_z_252,0.043529123067855835
68,beta,momentum,,-0.03802267089486122
68,beta,persist,,0.07691165804862976
68,beta,underwater,,0.034017760306596756
68,B,momentum,kospi_return_1d,0.003975871484726667
68,B,momentum,fx_level_z_252,-0.004027468152344227
68,B,persist,kospi_return_1d,-0.004948669113218784
68,B,persist,fx_level_z_252,-9.74112845142372e-06
68,B,underwater,kospi_return_1d,0.0018240209901705384
68,B,underwater,fx_level_z_252,-0.03482600674033165
68,alpha,,kospi_return_1d,0.019349249079823494
68,alpha,,fx_level_z_252,0.043531425297260284
69,beta,momentum,,-0.03802945092320442
69,beta,persist,,0.07751074433326721
69,beta,underwater,,0.03397267684340477
69,B,momentum,kospi_return_1d,0.0037411730736494064
69,B,momentum,fx_level_z_252,-0.003987358417361975
69,B,persist,kospi_return_1d,-0.00471198745071888
69,B,persist,fx_level_z_252,-5.389585567172617e-06
69,B,underwater,kospi_return_1d,0.001729160314425826
69,B,underwater,fx_level_z_252,-0.03443189710378647
69,alpha,,kospi_return_1d,0.019511420279741287
69,alpha,,fx_level_z_252,0.043537337332963943
70,beta,momentum,,-0.038063034415245056
70,beta,persist,,0.07816658914089203
70,beta,underwater,,0.03391145169734955
70,B,momentum,kospi_return_1d,0.0035815166775137186
70,B,momentum,fx_level_z_252,-0.003896627575159073
70,B,persist,kospi_return_1d,-0.004589025396853685
70,B,persist,fx_level_z_252,7.665160956094041e-05
70,B,underwater,kospi_return_1d,0.0014942174311727285
70,B,underwater,fx_level_z_252,-0.03412434458732605
70,alpha,,kospi_return_1d,0.01963888294994831
70,alpha,,fx_level_z_252,0.04360780492424965
71,beta,momentum,,-0.03811338543891907
71,beta,persist,,0.07883071899414062
71,beta,underwater,,0.033869776874780655
71,B,momentum,kospi_return_1d,0.0033539501018822193
71,B,momentum,fx_level_z_252,-0.003875798312947154
71,B,persist,kospi_return_1d,-0.00453138118609786
71,B,persist,fx_level_z_252,3.186458343407139e-05
71,B,underwater,kospi_return_1d,0.001243425183929503
71,B,underwater,fx_level_z_252,-0.033791087567806244
71,alpha,,kospi_return_1d,0.019659224897623062
71,alpha,,fx_level_z_252,0.04366084188222885
72,beta,momentum,,-0.03804776072502136
72,beta,persist,,0.079433873295784
72,beta,underwater,,0.03373384475708008
72,B,momentum,kospi_return_1d,0.0031983433291316032
72,B,momentum,fx_level_z_252,-0.003599540563300252
72,B,persist,kospi_return_1d,-0.004462245386093855
72,B,persist,fx_level_z_252,-8.340772910742089e-05
72,B,underwater,kospi_return_1d,0.001013487228192389
72,B,underwater,fx_level_z_252,-0.03368503972887993
72,alpha,,kospi_return_1d,0.019713249057531357
72,alpha,,fx_level_z_252,0.04360506683588028
73,beta,momentum,,-0.03794913366436958
73,beta,persist,,0.0800885260105133
73,beta,underwater,,0.0336645171046257
73,B,momentum,kospi_return_1d,0.0030148187652230263
73,B,momentum,fx_level_z_252,-0.003394737606868148
73,B,persist,kospi_return_1d,-0.004254966042935848
73,B,persist,fx_level_z_252,-4.349163282313384e-05
73,B,underwater,kospi_return_1d,0.0010451952693983912
73,B,underwater,fx_level_z_252,-0.03347722440958023
73,alpha,,kospi_return_1d,0.019802965223789215
73,alpha,,fx_level_z_252,0.04354136064648628
74,beta,momentum,,-0.037799470126628876
74,beta,persist,,0.0807112604379654
74,beta,underwater,,0.03356148302555084
74,B,momentum,kospi_return_1d,0.0028907503001391888
74,B,momentum,fx_level_z_252,-0.0031933230347931385
74,B,persist,kospi_return_1d,-0.004060195758938789
74,B,persist,fx_level_z_252,0.0001238618860952556
74,B,underwater,kospi_return_1d,0.0010686669265851378
74,B,underwater,fx_level_z_252,-0.03344446048140526
74,alpha,,kospi_return_1d,0.01991340145468712
74,alpha,,fx_level_z_252,0.043385978788137436
75,beta,momentum,,-0.03769110143184662
75,beta,persist,,0.08129077404737473
75,beta,underwater,,0.033470407128334045
75,B,momentum,kospi_return_1d,0.0029020004440099
75,B,momentum,fx_level_z_252,-0.0030919138807803392
75,B,persist,kospi_return_1d,-0.004139184020459652
75,B,persist,fx_level_z_252,0.00043847248889505863
75,B,underwater,kospi_return_1d,0.000850326323416084
75,B,underwater,fx_level_z_252,-0.03324439749121666
75,alpha,,kospi_return_1d,0.02007448859512806
75,alpha,,fx_level_z_252,0.04314011335372925
76,beta,momentum,,-0.03753812238574028
76,beta,persist,,0.08185125887393951
76,beta,underwater,,0.0333038754761219
76,B,momentum,kospi_return_1d,0.002944644307717681
76,B,momentum,fx_level_z_252,-0.002913044998422265
76,B,persist,kospi_return_1d,-0.00428431574255228
76,B,persist,fx_level_z_252,0.0005956266541033983
76,B,underwater,kospi_return_1d,0.0007363157928921282
76,B,underwater,fx_level_z_252,-0.03307540342211723
76,alpha,,kospi_return_1d,0.020281068980693817
76,alpha,,fx_level_z_252,0.0428600050508976
77,beta,momentum,,-0.03741423785686493
77,beta,persist,,0.08238189667463303
77,beta,underwater,,0.03318925201892853
77,B,momentum,kospi_return_1d,0.003024808829650283
77,B,momentum,fx_level_z_252,-0.002732476918026805
77,B,persist,kospi_return_1d,-0.004388658329844475
77,B,persist,fx_level_z_252,0.0006115659489296377
77,B,underwater,kospi_return_1d,0.0006249629659578204
77,B,underwater,fx_level_z_252,-0.03293528035283089
77,alpha,,kospi_return_1d,0.020608576014637947
77,alpha,,fx_level_z_252,0.04273723438382149
78,beta,momentum,,-0.03723091632127762
78,beta,persist,,0.08287562429904938
78,beta,underwater,,0.03298694267868996
78,B,momentum,kospi_return_1d,0.0031569625716656446
78,B,momentum,fx_level_z_252,-0.002473150147125125
78,B,persist,kospi_return_1d,-0.004608815535902977
78,B,persist,fx_level_z_252,0.0005492720520123839
78,B,underwater,kospi_return_1d,0.0005454733618535101
78,B,underwater,fx_level_z_252,-0.0330524779856205
78,alpha,,kospi_return_1d,0.021038047969341278
78,alpha,,fx_level_z_252,0.04268236830830574
79,beta,momentum,,-0.037112046033144
79,beta,persist,,0.08334379643201828
79,beta,underwater,,0.03271478787064552
79,B,momentum,kospi_return_1d,0.003108019009232521
79,B,momentum,fx_level_z_252,-0.0021478377748280764
79,B,persist,kospi_return_1d,-0.00468917703256011
79,B,persist,fx_level_z_252,0.0003245259285904467
79,B,underwater,kospi_return_1d,0.0005439418600872159
79,B,underwater,fx_level_z_252,-0.03324346989393234
79,alpha,,kospi_return_1d,0.02151174657046795
79,alpha,,fx_level_z_252,0.04265667498111725
80,beta,momentum,,-0.03694510459899902
80,beta,persist,,0.08381085842847824
80,beta,underwater,,0.032481737434864044
80,B,momentum,kospi_return_1d,0.003197576617822051
80,B,momentum,fx_level_z_252,-0.0018971357494592667
80,B,persist,kospi_return_1d,-0.004711092449724674
80,B,persist,fx_level_z_252,-4.630428156815469e-05
80,B,underwater,kospi_return_1d,0.0004827907541766763
80,B,underwater,fx_level_z_252,-0.03344423323869705
80,alpha,,kospi_return_1d,0.02198435552418232
80,alpha,,fx_level_z_252,0.04263987019658089
81,beta,momentum,,-0.03677135333418846
81,beta,persist,,0.08426576107740402
81,beta,underwater,,0.03234561160206795
81,B,momentum,kospi_return_1d,0.0033881631679832935
81,B,momentum,fx_level_z_252,-0.0017834646860137582
81,B,persist,kospi_return_1d,-0.004808497615158558
81,B,persist,fx_level_z_252,-0.0002500368282198906
81,B,underwater,kospi_return_1d,0.0003100561152677983
81,B,underwater,fx_level_z_252,-0.03349558264017105
81,alpha,,kospi_return_1d,0.022448377683758736
81,alpha,,fx_level_z_252,0.0426538810133934
82,beta,momentum,,-0.03660770133137703
82,beta,persist,,0.08471039682626724
82,beta,underwater,,0.032150913029909134
82,B,momentum,kospi_return_1d,0.003565611783415079
82,B,momentum,fx_level_z_252,-0.001620253431610763
82,B,persist,kospi_return_1d,-0.004930204711854458
82,B,persist,fx_level_z_252,-0.0002944969746749848
82,B,underwater,kospi_return_1d,0.0002007600269280374
82,B,underwater,fx_level_z_252,-0.0335124135017395
82,alpha,,kospi_return_1d,0.022923989221453667
82,alpha,,fx_level_z_252,0.04254060611128807
83,beta,momentum,,-0.03651506453752518
83,beta,persist,,0.08516716957092285
83,beta,underwater,,0.03201444819569588
83,B,momentum,kospi_return_1d,0.0035977796651422977
83,B,momentum,fx_level_z_252,-0.0015195992309600115
83,B,persist,kospi_return_1d,-0.004944411106407642
83,B,persist,fx_level_z_252,-0.00021720143558923155
83,B,underwater,kospi_return_1d,-7.346723577938974e-06
83,B,underwater,fx_level_z_252,-0.03334946557879448
83,alpha,,kospi_return_1d,0.023194123059511185
83,alpha,,fx_level_z_252,0.04248461872339249
84,beta,momentum,,-0.03645039722323418
84,beta,persist,,0.0856148898601532
84,beta,underwater,,0.0318758450448513
84,B,momentum,kospi_return_1d,0.003594299079850316
84,B,momentum,fx_level_z_252,-0.0014565166784450412
84,B,persist,kospi_return_1d,-0.005006696563214064
84,B,persist,fx_level_z_252,3.411350189708173e-05
84,B,underwater,kospi_return_1d,-0.0001610174513189122
84,B,underwater,fx_level_z_252,-0.03321407362818718
84,alpha,,kospi_return_1d,0.023474689573049545
84,alpha,,fx_level_z_252,0.04249470680952072
85,beta,momentum,,-0.0364021360874176
85,beta,persist,,0.08599279820919037
85,beta,underwater,,0.03172212466597557
85,B,momentum,kospi_return_1d,0.0034526970703154802
85,B,momentum,fx_level_z_252,-0.0014230222441256046
85,B,persist,kospi_return_1d,-0.005060669966042042
85,B,persist,fx_level_z_252,0.00044881930807605386
85,B,underwater,kospi_return_1d,-0.00015372235793620348
85,B,underwater,fx_level_z_252,-0.03306889161467552
85,alpha,,kospi_return_1d,0.023886213079094887
85,alpha,,fx_level_z_252,0.042517855763435364
86,beta,momentum,,-0.03631512075662613
86,beta,persist,,0.08637997508049011
86,beta,underwater,,0.03151220828294754
86,B,momentum,kospi_return_1d,0.00329225929453969
86,B,momentum,fx_level_z_252,-0.0013815562706440687
86,B,persist,kospi_return_1d,-0.0051392121240496635
86,B,persist,fx_level_z_252,0.0008532654028385878
86,B,underwater,kospi_return_1d,0.0001259206619579345
86,B,underwater,fx_level_z_252,-0.032904040068387985
86,alpha,,kospi_return_1d,0.02421700954437256
86,alpha,,fx_level_z_252,0.0425071120262146
87,beta,momentum,,-0.0362229198217392
87,beta,persist,,0.08676949143409729
87,beta,underwater,,0.03137706220149994
87,B,momentum,kospi_return_1d,0.0033383870031684637
87,B,momentum,fx_level_z_252,-0.0014237661380320787
87,B,persist,kospi_return_1d,-0.005190512631088495
87,B,persist,fx_level_z_252,0.0012956156861037016
87,B,underwater,kospi_return_1d,0.0003613844164647162
87,B,underwater,fx_level_z_252,-0.0326797291636467
87,alpha,,kospi_return_1d,0.024595465511083603
87,alpha,,fx_level_z_252,0.04249591752886772
88,beta,momentum,,-0.036260392516851425
88,beta,persist,,0.087124764919281
88,beta,underwater,,0.031326644122600555
88,B,momentum,kospi_return_1d,0.003215816803276539
88,B,momentum,fx_level_z_252,-0.0014058382948860526
88,B,persist,kospi_return_1d,-0.0051482985727488995
88,B,persist,fx_level_z_252,0.00165857607498765
88,B,underwater,kospi_return_1d,0.0005168616189621389
88,B,underwater,fx_level_z_252,-0.03237883001565933
88,alpha,,kospi_return_1d,0.024996336549520493
88,alpha,,fx_level_z_252,0.04249190911650658
89,beta,momentum,,-0.0363285057246685
89,beta,persist,,0.0875035747885704
89,beta,underwater,,0.031283389776945114
89,B,momentum,kospi_return_1d,0.00320268701761961
89,B,momentum,fx_level_z_252,-0.0013896868331357837
89,B,persist,kospi_return_1d,-0.0050285267643630505
89,B,persist,fx_level_z_252,0.0018244994571432471
89,B,underwater,kospi_return_1d,0.0005839004297740757
89,B,underwater,fx_level_z_252,-0.032179802656173706
89,alpha,,kospi_return_1d,0.02540316991508007
89,alpha,,fx_level_z_252,0.0424862876534462
90,beta,momentum,,-0.036447275429964066
90,beta,persist,,0.087919220328331
90,beta,underwater,,0.03125457838177681
90,B,momentum,kospi_return_1d,0.0031831765081733465
90,B,momentum,fx_level_z_252,-0.0014798215124756098
90,B,persist,kospi_return_1d,-0.0046637291088700294
90,B,persist,fx_level_z_252,0.0019820660818368196
90,B,underwater,kospi_return_1d,0.0006239261128939688
90,B,underwater,fx_level_z_252,-0.03196176886558533
90,alpha,,kospi_return_1d,0.025909362360835075
90,alpha,,fx_level_z_252,0.042513225227594376
91,beta,momentum,,-0.03656034916639328
91,beta,persist,,0.08834487199783325
91,beta,underwater,,0.031266141682863235
91,B,momentum,kospi_return_1d,0.003143398789688945
91,B,momentum,fx_level_z_252,-0.0019239111570641398
91,B,persist,kospi_return_1d,-0.004233266692608595
91,B,persist,fx_level_z_252,0.0023049188312143087
91,B,underwater,kospi_return_1d,0.0006641402142122388
91,B,underwater,fx_level_z_252,-0.0314766988158226
91,alpha,,kospi_return_1d,0.02628782019019127
91,alpha,,fx_level_z_252,0.04253874719142914
92,beta,momentum,,-0.036624614149332047
92,beta,persist,,0.08884206414222717
92,beta,underwater,,0.031274110078811646
92,B,momentum,kospi_return_1d,0.0031912210397422314
92,B,momentum,fx_level_z_252,-0.002323536202311516
92,B,persist,kospi_return_1d,-0.003940661437809467
92,B,persist,fx_level_z_252,0.0024593581911176443
92,B,underwater,kospi_return_1d,0.0008074623765423894
92,B,underwater,fx_level_z_252,-0.031120602041482925
92,alpha,,kospi_return_1d,0.02651219069957733
92,alpha,,fx_level_z_252,0.04261420667171478
93,beta,momentum,,-0.03665022924542427
93,beta,persist,,0.08937299251556396
93,beta,underwater,,0.03130267933011055
93,B,momentum,kospi_return_1d,0.003532873000949621
93,B,momentum,fx_level_z_252,-0.002517343033105135
93,B,persist,kospi_return_1d,-0.0036723045632243156
93,B,persist,fx_level_z_252,0.0024853888899087906
93,B,underwater,kospi_return_1d,0.0009380316478200257
93,B,underwater,fx_level_z_252,-0.030854158103466034
93,alpha,,kospi_return_1d,0.026579558849334717
93,alpha,,fx_level_z_252,0.042596135288476944
94,beta,momentum,,-0.036707937717437744
94,beta,persist,,0.08984962105751038
94,beta,underwater,,0.031270451843738556
94,B,momentum,kospi_return_1d,0.00370840635150671
94,B,momentum,fx_level_z_252,-0.0025082489009946585
94,B,persist,kospi_return_1d,-0.003434352343901992
94,B,persist,fx_level_z_252,0.002305469010025263
94,B,underwater,kospi_return_1d,0.0010753662791103125
94,B,underwater,fx_level_z_252,-0.030925340950489044
94,alpha,,kospi_return_1d,0.026600629091262817
94,alpha,,fx_level_z_252,0.04251079261302948
95,beta,momentum,,-0.03674878925085068
95,beta,persist,,0.090255968272686
95,beta,underwater,,0.03118346445262432
95,B,momentum,kospi_return_1d,0.003973739221692085
95,B,momentum,fx_level_z_252,-0.002450548578053713
95,B,persist,kospi_return_1d,-0.0031756297685205936
95,B,persist,fx_level_z_252,0.0021047997288405895
95,B,underwater,kospi_return_1d,0.00124385638628155
95,B,underwater,fx_level_z_252,-0.031068695709109306
95,alpha,,kospi_return_1d,0.026733241975307465
95,alpha,,fx_level_z_252,0.042490214109420776
96,beta,momentum,,-0.03683068975806236
96,beta,persist,,0.09072428196668625
96,beta,underwater,,0.03115372732281685
96,B,momentum,kospi_return_1d,0.004170020576566458
96,B,momentum,fx_level_z_252,-0.0023809364065527916
96,B,persist,kospi_return_1d,-0.003072284394875169
96,B,persist,fx_level_z_252,0.00182144099380821
96,B,underwater,kospi_return_1d,0.0013453097781166434
96,B,underwater,fx_level_z_252,-0.031183162704110146
96,alpha,,kospi_return_1d,0.026850104331970215
96,alpha,,fx_level_z_252,0.04243392124772072
97,beta,momentum,,-0.03692873567342758
97,beta,persist,,0.09111800789833069
97,beta,underwater,,0.031099898740649223
97,B,momentum,kospi_return_1d,0.004254729487001896
97,B,momentum,fx_level_z_252,-0.0021384386345744133
97,B,persist,kospi_return_1d,-0.003068289952352643
97,B,persist,fx_level_z_252,0.0015380410477519035
97,B,underwater,kospi_return_1d,0.0014009689912199974
97,B,underwater,fx_level_z_252,-0.03132838010787964
97,alpha,,kospi_return_1d,0.02700960822403431
97,alpha,,fx_level_z_252,0.04234360158443451
98,beta,momentum,,-0.03702264651656151
98,beta,persist,,0.09150752425193787
98,beta,underwater,,0.031032195314764977
98,B,momentum,kospi_return_1d,0.004165717400610447
98,B,momentum,fx_level_z_252,-0.0018636626191437244
98,B,persist,kospi_return_1d,-0.002943611703813076
98,B,persist,fx_level_z_252,0.0012186567764729261
98,B,underwater,kospi_return_1d,0.0014722546329721808
98,B,underwater,fx_level_z_252,-0.031493980437517166
98,alpha,,kospi_return_1d,0.027084818109869957
98,alpha,,fx_level_z_252,0.04224558174610138
99,beta,momentum,,-0.03712006285786629
99,beta,persist,,0.09188057482242584
99,beta,underwater,,0.030991805717349052
99,B,momentum,kospi_return_1d,0.004257981665432453
99,B,momentum,fx_level_z_252,-0.001589204533956945
99,B,persist,kospi_return_1d,-0.00281991227529943
99,B,persist,fx_level_z_252,0.0008247444056905806
99,B,underwater,kospi_return_1d,0.0015289956936612725
99,B,underwater,fx_level_z_252,-0.03165188804268837
99,alpha,,kospi_return_1d,0.027158930897712708
99,alpha,,fx_level_z_252,0.04224926605820656
100,beta,momentum,,-0.03729813173413277
100,beta,persist,,0.09230408072471619
100,beta,underwater,,0.03106343187391758
100,B,momentum,kospi_return_1d,0.004179629497230053
100,B,momentum,fx_level_z_252,-0.0014068430755287409
100,B,persist,kospi_return_1d,-0.0027444090228527784
100,B,persist,fx_level_z_252,0.00048054949729703367
100,B,underwater,kospi_return_1d,0.0015341781545430422
100,B,underwater,fx_level_z_252,-0.031736940145492554
100,alpha,,kospi_return_1d,0.027043871581554413
100,alpha,,fx_level_z_252,0.04226469621062279
101,beta,momentum,,-0.03749677166342735
101,beta,persist,,0.09271541982889175
101,beta,underwater,,0.031163707375526428
101,B,momentum,kospi_return_1d,0.004038448445498943
101,B,momentum,fx_level_z_252,-0.0012852527434006333
101,B,persist,kospi_return_1d,-0.002732655731961131
101,B,persist,fx_level_z_252,0.00024348714214283973
101,B,underwater,kospi_return_1d,0.0013490976998582482
101,B,underwater,fx_level_z_252,-0.031615033745765686
101,alpha,,kospi_return_1d,0.026959773153066635
101,alpha,,fx_level_z_252,0.042200710624456406
102,beta,momentum,,-0.037682805210351944
102,beta,persist,,0.09315013140439987
102,beta,underwater,,0.031319767236709595
102,B,momentum,kospi_return_1d,0.004005356226116419
102,B,momentum,fx_level_z_252,-0.0011796157341450453
102,B,persist,kospi_return_1d,-0.0029844765085726976
102,B,persist,fx_level_z_252,1.88438207260333e-06
102,B,underwater,kospi_return_1d,0.0009753798367455602
102,B,underwater,fx_level_z_252,-0.031290363520383835
102,alpha,,kospi_return_1d,0.02666371315717697
102,alpha,,fx_level_z_252,0.042224522680044174
103,beta,momentum,,-0.03782522678375244
103,beta,persist,,0.09351078420877457
103,beta,underwater,,0.03137422353029251
103,B,momentum,kospi_return_1d,0.00405035400763154
103,B,momentum,fx_level_z_252,-0.001344954245723784
103,B,persist,kospi_return_1d,-0.003519307356327772
103,B,persist,fx_level_z_252,-2.6588342734612525e-05
103,B,underwater,kospi_return_1d,0.0005907067097723484
103,B,underwater,fx_level_z_252,-0.030939791351556778
103,alpha,,kospi_return_1d,0.026467373594641685
103,alpha,,fx_level_z_252,0.04218117520213127
104,beta,momentum,,-0.03780915588140488
104,beta,persist,,0.09382787346839905
104,beta,underwater,,0.03127387538552284
104,B,momentum,kospi_return_1d,0.004082668572664261
104,B,momentum,fx_level_z_252,-0.0015157983871176839
104,B,persist,kospi_return_1d,-0.003935894928872585
104,B,persist,fx_level_z_252,6.649325951002538e-05
104,B,underwater,kospi_return_1d,0.0003358942922204733
104,B,underwater,fx_level_z_252,-0.03074360452592373
104,alpha,,kospi_return_1d,0.02641019970178604
104,alpha,,fx_level_z_252,0.04218042269349098
105,beta,momentum,,-0.03783790022134781
105,beta,persist,,0.09414178133010864
105,beta,underwater,,0.03117159567773342
105,B,momentum,kospi_return_1d,0.004016371443867683
105,B,momentum,fx_level_z_252,-0.0015436739195138216
105,B,persist,kospi_return_1d,-0.004380405880510807
105,B,persist,fx_level_z_252,0.00012980945757590234
105,B,underwater,kospi_return_1d,0.00016691605560481548
105,B,underwater,fx_level_z_252,-0.03063286654651165
105,alpha,,kospi_return_1d,0.026307284832000732
105,alpha,,fx_level_z_252,0.04213029518723488
106,beta,momentum,,-0.037737082690000534
106,beta,persist,,0.09439615160226822
106,beta,underwater,,0.030961384996771812
106,B,momentum,kospi_return_1d,0.003770219162106514
106,B,momentum,fx_level_z_252,-0.0016068146796897054
106,B,persist,kospi_return_1d,-0.00469863461330533
106,B,persist,fx_level_z_252,0.00040916138095781207
106,B,underwater,kospi_return_1d,0.0002809794677887112
106,B,underwater,fx_level_z_252,-0.030711915343999863
106,alpha,,kospi_return_1d,0.026334619149565697
106,alpha,,fx_level_z_252,0.04208015650510788
107,beta,momentum,,-0.03756105154752731
107,beta,persist,,0.09463485330343246
107,beta,underwater,,0.03067229688167572
107,B,momentum,kospi_return_1d,0.00363235455006361
107,B,momentum,fx_level_z_252,-0.0015161402989178896
107,B,persist,kospi_return_1d,-0.005031222943216562
107,B,persist,fx_level_z_252,0.0005868379957973957
107,B,underwater,kospi_return_1d,0.00038410391425713897
107,B,underwater,fx_level_z_252,-0.030840754508972168
107,alpha,,kospi_return_1d,0.026415687054395676
107,alpha,,fx_level_z_252,0.04199903458356857
108,beta,momentum,,-0.03741342946887016
108,beta,persist,,0.09485985338687897
108,beta,underwater,,0.03038446232676506
108,B,momentum,kospi_return_1d,0.0034229569137096405
108,B,momentum,fx_level_z_252,-0.0012638588668778539
108,B,persist,kospi_return_1d,-0.005405844189226627
108,B,persist,fx_level_z_252,0.000640226062387228
108,B,underwater,kospi_return_1d,0.00041274941759184003
108,B,underwater,fx_level_z_252,-0.03107083961367607
108,alpha,,kospi_return_1d,0.026537561789155006
108,alpha,,fx_level_z_252,0.04187405854463577
109,beta,momentum,,-0.0372222363948822
109,beta,persist,,0.09502661973237991
109,beta,underwater,,0.030021294951438904
109,B,momentum,kospi_return_1d,0.0032586248125880957
109,B,momentum,fx_level_z_252,-0.0011875266209244728
109,B,persist,kospi_return_1d,-0.00569293275475502
109,B,persist,fx_level_z_252,0.0007771742530167103
109,B,underwater,kospi_return_1d,0.00027729396242648363
109,B,underwater,fx_level_z_252,-0.031293392181396484
109,alpha,,kospi_return_1d,0.026782669126987457
109,alpha,,fx_level_z_252,0.04167896509170532
110,beta,momentum,,-0.037060849368572235
110,beta,persist,,0.0951869785785675
110,beta,underwater,,0.029746586456894875
110,B,momentum,kospi_return_1d,0.0031709095928817987
110,B,momentum,fx_level_z_252,-0.0009693902102299035
110,B,persist,kospi_return_1d,-0.005827611777931452
110,B,persist,fx_level_z_252,0.0008010120945982635
110,B,underwater,kospi_return_1d,0.00012929626973345876
110,B,underwater,fx_level_z_252,-0.03142226114869118
110,alpha,,kospi_return_1d,0.02713446132838726
110,alpha,,fx_level_z_252,0.04155091568827629
111,beta,momentum,,-0.03686695545911789
111,beta,persist,,0.09541979432106018
111,beta,underwater,,0.029557056725025177
111,B,momentum,kospi_return_1d,0.0031092402059584856
111,B,momentum,fx_level_z_252,-0.0007678078254684806
111,B,persist,kospi_return_1d,-0.005801479332149029
111,B,persist,fx_level_z_252,0.0007056212052702904
111,B,underwater,kospi_return_1d,1.2689453797065653e-05
111,B,underwater,fx_level_z_252,-0.03158873692154884
111,alpha,,kospi_return_1d,0.027485204860568047
111,alpha,,fx_level_z_252,0.041630830615758896
112,beta,momentum,,-0.03667260706424713
112,beta,persist,,0.09558778256177902
112,beta,underwater,,0.02924867905676365
112,B,momentum,kospi_return_1d,0.002907738322392106
112,B,momentum,fx_level_z_252,-0.0005334062734618783
112,B,persist,kospi_return_1d,-0.005522929131984711
112,B,persist,fx_level_z_252,0.0005507792229764163
112,B,underwater,kospi_return_1d,9.525538189336658e-06
112,B,underwater,fx_level_z_252,-0.031887829303741455
112,alpha,,kospi_return_1d,0.027949215844273567
112,alpha,,fx_level_z_252,0.04170076549053192
113,beta,momentum,,-0.03650011494755745
113,beta,persist,,0.09576067328453064
113,beta,underwater,,0.02896333858370781
113,B,momentum,kospi_return_1d,0.0027162448968738317
113,B,momentum,fx_level_z_252,-0.0005474399658851326
113,B,persist,kospi_return_1d,-0.0052169449627399445
113,B,persist,fx_level_z_252,0.00045387400314211845
113,B,underwater,kospi_return_1d,6.38050987618044e-05
113,B,underwater,fx_level_z_252,-0.03209661319851875
113,alpha,,kospi_return_1d,0.028318429365754128
113,alpha,,fx_level_z_252,0.041708532720804214
114,beta,momentum,,-0.036280348896980286
114,beta,persist,,0.09591379761695862
114,beta,underwater,,0.028644125908613205
114,B,momentum,kospi_return_1d,0.002526145661249757
114,B,momentum,fx_level_z_252,-0.0005709431134164333
114,B,persist,kospi_return_1d,-0.005049414467066526
114,B,persist,fx_level_z_252,0.0002929579350166023
114,B,underwater,kospi_return_1d,9.282923201681115e-06
114,B,underwater,fx_level_z_252,-0.03236383944749832
114,alpha,,kospi_return_1d,0.028629712760448456
114,alpha,,fx_level_z_252,0.04167427867650986
115,beta,momentum,,-0.03607173264026642
115,beta,persist,,0.09605094790458679
115,beta,underwater,,0.028294414281845093
115,B,momentum,kospi_return_1d,0.0024464065209031105
115,B,momentum,fx_level_z_252,-0.0006544992211274803
115,B,persist,kospi_return_1d,-0.00494831008836627
115,B,persist,fx_level_z_252,0.00011379402712918818
115,B,underwater,kospi_return_1d,-4.325951522332616e-05
115,B,underwater,fx_level_z_252,-0.03254758566617966
115,alpha,,kospi_return_1d,0.028902793303132057
115,alpha,,fx_level_z_252,0.04160809516906738
116,beta,momentum,,-0.0359104685485363
116,beta,persist,,0.09616819769144058
116,beta,underwater,,0.028053320944309235
116,B,momentum,kospi_return_1d,0.002172097796574235
116,B,momentum,fx_level_z_252,-0.0006756194052286446
116,B,persist,kospi_return_1d,-0.004773002117872238
116,B,persist,fx_level_z_252,-0.00013056228635832667
116,B,underwater,kospi_return_1d,6.690323061775416e-05
116,B,underwater,fx_level_z_252,-0.03268793225288391
116,alpha,,kospi_return_1d,0.029196664690971375
116,alpha,,fx_level_z_252,0.041626010090112686
117,beta,momentum,,-0.035782501101493835
117,beta,persist,,0.09625600278377533
117,beta,underwater,,0.02784491889178753
117,B,momentum,kospi_return_1d,0.0020207958295941353
117,B,momentum,fx_level_z_252,-0.0007440075278282166
117,B,persist,kospi_return_1d,-0.004586175084114075
117,B,persist,fx_level_z_252,-0.0003161450440529734
117,B,underwater,kospi_return_1d,3.3062991860788316e-05
117,B,underwater,fx_level_z_252,-0.032726556062698364
117,alpha,,kospi_return_1d,0.02948540262877941
117,alpha,,fx_level_z_252,0.041612930595874786
118,beta,momentum,,-0.03567840903997421
118,beta,persist,,0.09636295586824417
118,beta,underwater,,0.02774888463318348
118,B,momentum,kospi_return_1d,0.0020497457589954138
118,B,momentum,fx_level_z_252,-0.0010026750387623906
118,B,persist,kospi_return_1d,-0.00442965142428875
118,B,persist,fx_level_z_252,-0.00021256558829918504
118,B,underwater,kospi_return_1d,-0.00015841459389775991
118,B,underwater,fx_level_z_252,-0.03241565451025963
118,alpha,,kospi_return_1d,0.02963327243924141
118,alpha,,fx_level_z_252,0.041580766439437866
119,beta,momentum,,-0.03569452092051506
119,beta,persist,,0.09648972749710083
119,beta,underwater,,0.027719618752598763
119,B,momentum,kospi_return_1d,0.002209543716162443
119,B,momentum,fx_level_z_252,-0.0012735415948554873
119,B,persist,kospi_return_1d,-0.00440424308180809
119,B,persist,fx_level_z_252,1.6541052900720388e-05
119,B,underwater,kospi_return_1d,-0.00022482138592749834
119,B,underwater,fx_level_z_252,-0.032049886882305145
119,alpha,,kospi_return_1d,0.02976241521537304
119,alpha,,fx_level_z_252,0.04144233837723732
120,beta,momentum,,-0.03581862524151802
120,beta,persist,,0.09670086950063705
120,beta,underwater,,0.027818625792860985
120,B,momentum,kospi_return_1d,0.002428062492981553
120,B,momentum,fx_level_z_252,-0.0014924329007044435
120,B,persist,kospi_return_1d,-0.004305625334382057
120,B,persist,fx_level_z_252,0.0001849222171586007
120,B,underwater,kospi_return_1d,-0.0002576317638158798
120,B,underwater,fx_level_z_252,-0.03165191039443016
120,alpha,,kospi_return_1d,0.02979961223900318
120,alpha,,fx_level_z_252,0.04142827168107033
121,beta,momentum,,-0.03591494634747505
121,beta,persist,,0.09691505134105682
121,beta,underwater,,0.02792709693312645
121,B,momentum,kospi_return_1d,0.0025142505764961243
121,B,momentum,fx_level_z_252,-0.001747914357110858
121,B,persist,kospi_return_1d,-0.004191078245639801
121,B,persist,fx_level_z_252,0.00015653019363526255
121,B,underwater,kospi_return_1d,-0.00010268889309372753
121,B,underwater,fx_level_z_252,-0.031151914969086647
121,alpha,,kospi_return_1d,0.029784560203552246
121,alpha,,fx_level_z_252,0.04139506816864014
122,beta,momentum,,-0.035900626331567764
122,beta,persist,,0.09713340550661087
122,beta,underwater,,0.02798309549689293
122,B,momentum,kospi_return_1d,0.0026747318916022778
122,B,momentum,fx_level_z_252,-0.0018822314450517297
122,B,persist,kospi_return_1d,-0.004198650363832712
122,B,persist,fx_level_z_252,0.00011377438204362988
122,B,underwater,kospi_return_1d,0.00019296460959594697
122,B,underwater,fx_level_z_252,-0.030733328312635422
122,alpha,,kospi_return_1d,0.029759466648101807
122,alpha,,fx_level_z_252,0.04126589372754097
123,beta,momentum,,-0.03589600697159767
123,beta,persist,,0.09739804267883301
123,beta,underwater,,0.028113489970564842
123,B,momentum,kospi_return_1d,0.0030081970617175102
123,B,momentum,fx_level_z_252,-0.002100919373333454
123,B,persist,kospi_return_1d,-0.0044049848802387714
123,B,persist,fx_level_z_252,8.339375199284405e-05
123,B,underwater,kospi_return_1d,0.00017246310017071664
123,B,underwater,fx_level_z_252,-0.030262596905231476
123,alpha,,kospi_return_1d,0.029513496905565262
123,alpha,,fx_level_z_252,0.041275281459093094
124,beta,momentum,,-0.035833895206451416
124,beta,persist,,0.09755496680736542
124,beta,underwater,,0.028187282383441925
124,B,momentum,kospi_return_1d,0.0033512895461171865
124,B,momentum,fx_level_z_252,-0.002250364050269127
124,B,persist,kospi_return_1d,-0.004708904307335615
124,B,persist,fx_level_z_252,0.00012167383101768792
124,B,underwater,kospi_return_1d,-9.065213816938922e-05
124,B,underwater,fx_level_z_252,-0.0299950260668993
124,alpha,,kospi_return_1d,0.02937883324921131
124,alpha,,fx_level_z_252,0.04114241153001785
125,beta,momentum,,-0.03573617339134216
125,beta,persist,,0.09772802144289017
125,beta,underwater,,0.028258761391043663
125,B,momentum,kospi_return_1d,0.003703705733641982
125,B,momentum,fx_level_z_252,-0.002500519622117281
125,B,persist,kospi_return_1d,-0.004849184304475784
125,B,persist,fx_level_z_252,0.00016667335876263678
125,B,underwater,kospi_return_1d,-0.00024056894471868873
125,B,underwater,fx_level_z_252,-0.029688861221075058
125,alpha,,kospi_return_1d,0.029341619461774826
125,alpha,,fx_level_z_252,0.0410846471786499
126,beta,momentum,,-0.035491060465574265
126,beta,persist,,0.09786753356456757
126,beta,underwater,,0.028127895668148994
126,B,momentum,kospi_return_1d,0.003935227636247873
126,B,momentum,fx_level_z_252,-0.0026585953310132027
126,B,persist,kospi_return_1d,-0.004785703495144844
126,B,persist,fx_level_z_252,0.00022734749654773623
126,B,underwater,kospi_return_1d,4.802086914423853e-05
126,B,underwater,fx_level_z_252,-0.029697049409151077
126,alpha,,kospi_return_1d,0.029319578781723976
126,alpha,,fx_level_z_252,0.04093874618411064
127,beta,momentum,,-0.035290587693452835
127,beta,persist,,0.09793085604906082
127,beta,underwater,,0.027969323098659515
127,B,momentum,kospi_return_1d,0.004239529371261597
127,B,momentum,fx_level_z_252,-0.0027314501348882914
127,B,persist,kospi_return_1d,-0.004752502776682377
127,B,persist,fx_level_z_252,0.00027252439758740366
127,B,underwater,kospi_return_1d,0.0004123227554373443
127,B,underwater,fx_level_z_252,-0.029660698026418686
127,alpha,,kospi_return_1d,0.02938901260495186
127,alpha,,fx_level_z_252,0.04074886813759804
128,beta,momentum,,-0.035314399749040604
128,beta,persist,,0.09803460538387299
128,beta,underwater,,0.0279457438737154
128,B,momentum,kospi_return_1d,0.004404398612678051
128,B,momentum,fx_level_z_252,-0.002903416519984603
128,B,persist,kospi_return_1d,-0.004892357625067234
128,B,persist,fx_level_z_252,0.00020773230062332004
128,B,underwater,kospi_return_1d,0.0005771362921223044
128,B,underwater,fx_level_z_252,-0.02946321666240692
128,alpha,,kospi_return_1d,0.02940966561436653
128,alpha,,fx_level_z_252,0.0406799279153347
129,beta,momentum,,-0.035363033413887024
129,beta,persist,,0.09812033921480179
129,beta,underwater,,0.02791050635278225
129,B,momentum,kospi_return_1d,0.004352057818323374
129,B,momentum,fx_level_z_252,-0.002984464168548584
129,B,persist,kospi_return_1d,-0.005050248000770807
129,B,persist,fx_level_z_252,0.00024738552747294307
129,B,underwater,kospi_return_1d,0.0006956587894819677
129,B,underwater,fx_level_z_252,-0.02936752326786518
129,alpha,,kospi_return_1d,0.029433192685246468
129,alpha,,fx_level_z_252,0.0404987707734108
130,beta,momentum,,-0.03542645648121834
130,beta,persist,,0.09821691364049911
130,beta,underwater,,0.027791062369942665
130,B,momentum,kospi_return_1d,0.004044912289828062
130,B,momentum,fx_level_z_252,-0.003069004276767373
130,B,persist,kospi_return_1d,-0.005040645599365234
130,B,persist,fx_level_z_252,0.00015876184625085443
130,B,underwater,kospi_return_1d,0.0008176061674021184
130,B,underwater,fx_level_z_252,-0.029317785054445267
130,alpha,,kospi_return_1d,0.029499555006623268
130,alpha,,fx_level_z_252,0.04032071679830551
131,beta,momentum,,-0.03558474779129028
131,beta,persist,,0.09841224551200867
131,beta,underwater,,0.027681903913617134
131,B,momentum,kospi_return_1d,0.003665294498205185
131,B,momentum,fx_level_z_252,-0.002987686777487397
131,B,persist,kospi_return_1d,-0.005129153840243816
131,B,persist,fx_level_z_252,-6.982177001191303e-05
131,B,underwater,kospi_return_1d,0.0008025282295420766
131,B,underwater,fx_level_z_252,-0.029352866113185883
131,alpha,,kospi_return_1d,0.029464757069945335
131,alpha,,fx_level_z_252,0.04018532484769821
132,beta,momentum,,-0.035676732659339905
132,beta,persist,,0.09854936599731445
132,beta,underwater,,0.027507688850164413
132,B,momentum,kospi_return_1d,0.0033326272387057543
132,B,momentum,fx_level_z_252,-0.002706468105316162
132,B,persist,kospi_return_1d,-0.005312033463269472
132,B,persist,fx_level_z_252,-0.000117261748528108
132,B,underwater,kospi_return_1d,0.0007523949025198817
132,B,underwater,fx_level_z_252,-0.02951189875602722
132,alpha,,kospi_return_1d,0.029608791694045067
132,alpha,,fx_level_z_252,0.039941463619470596
133,beta,momentum,,-0.03564087674021721
133,beta,persist,,0.09863817691802979
133,beta,underwater,,0.02730564959347248
133,B,momentum,kospi_return_1d,0.0030240484047681093
133,B,momentum,fx_level_z_252,-0.0023611572105437517
133,B,persist,kospi_return_1d,-0.005463548004627228
133,B,persist,fx_level_z_252,5.5853466619737446e-05
133,B,underwater,kospi_return_1d,0.0007098985952325165
133,B,underwater,fx_level_z_252,-0.029745662584900856
133,alpha,,kospi_return_1d,0.029961608350276947
133,alpha,,fx_level_z_252,0.0398184098303318
134,beta,momentum,,-0.035664644092321396
134,beta,persist,,0.09871374070644379
134,beta,underwater,,0.027130816131830215
134,B,momentum,kospi_return_1d,0.002717341762036085
134,B,momentum,fx_level_z_252,-0.001880990108475089
134,B,persist,kospi_return_1d,-0.005441216751933098
134,B,persist,fx_level_z_252,0.00026138999965041876
134,B,underwater,kospi_return_1d,0.0007366505451500416
134,B,underwater,fx_level_z_252,-0.030108345672488213
134,alpha,,kospi_return_1d,0.03024766407907009
134,alpha,,fx_level_z_252,0.039568204432725906
135,beta,momentum,,-0.03558284789323807
135,beta,persist,,0.09876494109630585
135,beta,underwater,,0.02694832906126976
135,B,momentum,kospi_return_1d,0.0025937194004654884
135,B,momentum,fx_level_z_252,-0.0014834406320005655
135,B,persist,kospi_return_1d,-0.005371855106204748
135,B,persist,fx_level_z_252,0.00047113216714933515
135,B,underwater,kospi_return_1d,0.0007188139134086668
135,B,underwater,fx_level_z_252,-0.030416853725910187
135,alpha,,kospi_return_1d,0.030443977564573288
135,alpha,,fx_level_z_252,0.039315130561590195
136,beta,momentum,,-0.035562559962272644
136,beta,persist,,0.09886747598648071
136,beta,underwater,,0.026828967034816742
136,B,momentum,kospi_return_1d,0.0025839614681899548
136,B,momentum,fx_level_z_252,-0.0011708043748512864
136,B,persist,kospi_return_1d,-0.005179435480386019
136,B,persist,fx_level_z_252,0.0006089143571443856
136,B,underwater,kospi_return_1d,0.000571749871596694
136,B,underwater,fx_level_z_252,-0.030567515641450882
136,alpha,,kospi_return_1d,0.03064032830297947
136,alpha,,fx_level_z_252,0.03912809491157532
137,beta,momentum,,-0.03545190021395683
137,beta,persist,,0.0990070104598999
137,beta,underwater,,0.026692867279052734
137,B,momentum,kospi_return_1d,0.0025904655922204256
137,B,momentum,fx_level_z_252,-0.0008620385779067874
137,B,persist,kospi_return_1d,-0.0048729972913861275
137,B,persist,fx_level_z_252,0.0005756872706115246
137,B,underwater,kospi_return_1d,0.00046242005191743374
137,B,underwater,fx_level_z_252,-0.030759738758206367
137,alpha,,kospi_return_1d,0.030901305377483368
137,alpha,,fx_level_z_252,0.038946736603975296
138,beta,momentum,,-0.035378292202949524
138,beta,persist,,0.09918390214443207
138,beta,underwater,,0.026640480384230614
138,B,momentum,kospi_return_1d,0.002725270576775074
138,B,momentum,fx_level_z_252,-0.0007072694133967161
138,B,persist,kospi_return_1d,-0.004643184598535299
138,B,persist,fx_level_z_252,0.0005904926802031696
138,B,underwater,kospi_return_1d,0.000158216105774045
138,B,underwater,fx_level_z_252,-0.030846651643514633
138,alpha,,kospi_return_1d,0.03102046065032482
138,alpha,,fx_level_z_252,0.038762807846069336
139,beta,momentum,,-0.03540361300110817
139,beta,persist,,0.09930058568716049
139,beta,underwater,,0.02657478302717209
139,B,momentum,kospi_return_1d,0.0027076322585344315
139,B,momentum,fx_level_z_252,-0.00047555327182635665
139,B,persist,kospi_return_1d,-0.004349326714873314
139,B,persist,fx_level_z_252,0.00048008261364884675
139,B,underwater,kospi_return_1d,-0.00011904549319297075
139,B,underwater,fx_level_z_252,-0.030965780839323997
139,alpha,,kospi_return_1d,0.031250372529029846
139,alpha,,fx_level_z_252,0.03854256495833397
140,beta,momentum,,-0.0355219803750515
140,beta,persist,,0.09945059567689896
140,beta,underwater,,0.02661384828388691
140,B,momentum,kospi_return_1d,0.002710578730329871
140,B,momentum,fx_level_z_252,-0.0002711871638894081
140,B,persist,kospi_return_1d,-0.004068702459335327
140,B,persist,fx_level_z_252,0.00041509675793349743
140,B,underwater,kospi_return_1d,-0.0002938612306024879
140,B,underwater,fx_level_z_252,-0.030980518087744713
140,alpha,,kospi_return_1d,0.03149593994021416
140,alpha,,fx_level_z_252,0.038387034088373184
141,beta,momentum,,-0.03557847812771797
141,beta,persist,,0.09961598366498947
141,beta,underwater,,0.026687011122703552
141,B,momentum,kospi_return_1d,0.002905311295762658
141,B,momentum,fx_level_z_252,-0.0002069538168143481
141,B,persist,kospi_return_1d,-0.003930388484150171
141,B,persist,fx_level_z_252,0.0004062624939251691
141,B,underwater,kospi_return_1d,-0.0003701350651681423
141,B,underwater,fx_level_z_252,-0.03086906485259533
141,alpha,,kospi_return_1d,0.03144224360585213
141,alpha,,fx_level_z_252,0.038230955600738525
142,beta,momentum,,-0.0356518030166626
142,beta,persist,,0.0997399166226387
142,beta,underwater,,0.026753446087241173
142,B,momentum,kospi_return_1d,0.003161794040352106
142,B,momentum,fx_level_z_252,-0.00031159704667516053
142,B,persist,kospi_return_1d,-0.003957632463425398
142,B,persist,fx_level_z_252,0.0004174068453721702
142,B,underwater,kospi_return_1d,-0.0003562881611287594
142,B,underwater,fx_level_z_252,-0.030698008835315704
142,alpha,,kospi_return_1d,0.031241757795214653
142,alpha,,fx_level_z_252,0.03816130384802818
143,beta,momentum,,-0.035715341567993164
143,beta,persist,,0.09989522397518158
143,beta,underwater,,0.02683049626648426
143,B,momentum,kospi_return_1d,0.0035837378818541765
143,B,momentum,fx_level_z_252,-0.00042268013930879533
143,B,persist,kospi_return_1d,-0.004005247261375189
143,B,persist,fx_level_z_252,0.00018720874504651874
143,B,underwater,kospi_return_1d,-0.00040275644278153777
143,B,underwater,fx_level_z_252,-0.030576465651392937
143,alpha,,kospi_return_1d,0.031124133616685867
143,alpha,,fx_level_z_252,0.03816258907318115
144,beta,momentum,,-0.03567544370889664
144,beta,persist,,0.1000106930732727
144,beta,underwater,,0.026871049776673317
144,B,momentum,kospi_return_1d,0.003931412938982248
144,B,momentum,fx_level_z_252,-0.0005400170921348035
144,B,persist,kospi_return_1d,-0.004195947665721178
144,B,persist,fx_level_z_252,-4.328750219428912e-05
144,B,underwater,kospi_return_1d,-0.0005367761477828026
144,B,underwater,fx_level_z_252,-0.030412279069423676
144,alpha,,kospi_return_1d,0.031054962426424026
144,alpha,,fx_level_z_252,0.038141101598739624
145,beta,momentum,,-0.03557378426194191
145,beta,persist,,0.1000693142414093
145,beta,underwater,,0.026943650096654892
145,B,momentum,kospi_return_1d,0.0043780128471553326
145,B,momentum,fx_level_z_252,-0.0008706246735528111
145,B,persist,kospi_return_1d,-0.004397775512188673
145,B,persist,fx_level_z_252,0.00018129627278540283
145,B,underwater,kospi_return_1d,-0.0006506953504867852
145,B,underwater,fx_level_z_252,-0.030075915157794952
145,alpha,,kospi_return_1d,0.031236538663506508
145,alpha,,fx_level_z_252,0.0383075550198555
146,beta,momentum,,-0.03543505817651749
146,beta,persist,,0.10011117160320282
146,beta,underwater,,0.026984257623553276
146,B,momentum,kospi_return_1d,0.0047248913906514645
146,B,momentum,fx_level_z_252,-0.001187081797979772
146,B,persist,kospi_return_1d,-0.004653347190469503
146,B,persist,fx_level_z_252,0.00022349283972289413
146,B,underwater,kospi_return_1d,-0.0006136228912509978
146,B,underwater,fx_level_z_252,-0.029776470735669136
146,alpha,,kospi_return_1d,0.031438034027814865
146,alpha,,fx_level_z_252,0.03834233805537224
147,beta,momentum,,-0.03543895483016968
147,beta,persist,,0.10020387917757034
147,beta,underwater,,0.027057820931077003
147,B,momentum,kospi_return_1d,0.004960964433848858
147,B,momentum,fx_level_z_252,-0.0014068183954805136
147,B,persist,kospi_return_1d,-0.005008904729038477
147,B,persist,fx_level_z_252,0.00011730199184967205
147,B,underwater,kospi_return_1d,-0.0005430118180811405
147,B,underwater,fx_level_z_252,-0.029455386102199554
147,alpha,,kospi_return_1d,0.03157177194952965
147,alpha,,fx_level_z_252,0.03839088976383209
148,beta,momentum,,-0.03541600704193115
148,beta,persist,,0.10028838366270065
148,beta,underwater,,0.027099283412098885
148,B,momentum,kospi_return_1d,0.005127463955432177
148,B,momentum,fx_level_z_252,-0.0016869251849129796
148,B,persist,kospi_return_1d,-0.005427245981991291
148,B,persist,fx_level_z_252,2.760186544037424e-05
148,B,underwater,kospi_return_1d,-0.000428158906288445
148,B,underwater,fx_level_z_252,-0.02906012535095215
148,alpha,,kospi_return_1d,0.03165707737207413
148,alpha,,fx_level_z_252,0.038351260125637054
149,beta,momentum,,-0.03541012853384018
149,beta,persist,,0.10042649507522583
149,beta,underwater,,0.027163228020071983
149,B,momentum,kospi_return_1d,0.005275025498121977
149,B,momentum,fx_level_z_252,-0.0019077255856245756
149,B,persist,kospi_return_1d,-0.005737207364290953
149,B,persist,fx_level_z_252,7.49821774661541e-05
149,B,underwater,kospi_return_1d,-0.0003356748493388295
149,B,underwater,fx_level_z_252,-0.0287158340215683
149,alpha,,kospi_return_1d,0.031725622713565826
149,alpha,,fx_level_z_252,0.0383974090218544
150,beta,momentum,,-0.03538304567337036
150,beta,persist,,0.1005200520157814
150,beta,underwater,,0.0273378174751997
150,B,momentum,kospi_return_1d,0.0054086437448859215
150,B,momentum,fx_level_z_252,-0.002066349610686302
150,B,persist,kospi_return_1d,-0.005975245963782072
150,B,persist,fx_level_z_252,7.869814726291224e-05
150,B,underwater,kospi_return_1d,-0.0002002716646529734
150,B,underwater,fx_level_z_252,-0.02828637696802616
150,alpha,,kospi_return_1d,0.03172061964869499
150,alpha,,fx_level_z_252,0.038503728806972504
151,beta,momentum,,-0.03539538383483887
151,beta,persist,,0.10059470683336258
151,beta,underwater,,0.027455851435661316
151,B,momentum,kospi_return_1d,0.005227917339652777
151,B,momentum,fx_level_z_252,-0.0020497424993664026
151,B,persist,kospi_return_1d,-0.006144588813185692
151,B,persist,fx_level_z_252,0.00012835660891141742
151,B,underwater,kospi_return_1d,7.098118658177555e-05
151,B,underwater,fx_level_z_252,-0.02799028344452381
151,alpha,,kospi_return_1d,0.031806401908397675
151,alpha,,fx_level_z_252,0.03866066783666611
152,beta,momentum,,-0.035364776849746704
152,beta,persist,,0.10068045556545258
152,beta,underwater,,0.027499238029122353
152,B,momentum,kospi_return_1d,0.004904116503894329
152,B,momentum,fx_level_z_252,-0.001924938871525228
152,B,persist,kospi_return_1d,-0.006148878484964371
152,B,persist,fx_level_z_252,-1.580972457304597e-05
152,B,underwater,kospi_return_1d,0.0004790017264895141
152,B,underwater,fx_level_z_252,-0.02795429714024067
152,alpha,,kospi_return_1d,0.03203387185931206
152,alpha,,fx_level_z_252,0.03886022791266441
153,beta,momentum,,-0.035273388028144836
153,beta,persist,,0.1007695272564888
153,beta,underwater,,0.027506545186042786
153,B,momentum,kospi_return_1d,0.004658788442611694
153,B,momentum,fx_level_z_252,-0.0018237949116155505
153,B,persist,kospi_return_1d,-0.006036123726516962
153,B,persist,fx_level_z_252,-0.0001527902204543352
153,B,underwater,kospi_return_1d,0.0007865900988690555
153,B,underwater,fx_level_z_252,-0.02804909087717533
153,alpha,,kospi_return_1d,0.03236746788024902
153,alpha,,fx_level_z_252,0.039065711200237274
154,beta,momentum,,-0.035208605229854584
154,beta,persist,,0.10082031786441803
154,beta,underwater,,0.027530262246727943
154,B,momentum,kospi_return_1d,0.004365152679383755
154,B,momentum,fx_level_z_252,-0.0016780003206804395
154,B,persist,kospi_return_1d,-0.005818079225718975
154,B,persist,fx_level_z_252,-0.00015170968254096806
154,B,underwater,kospi_return_1d,0.0008921597618609667
154,B,underwater,fx_level_z_252,-0.028147950768470764
154,alpha,,kospi_return_1d,0.03271673619747162
154,alpha,,fx_level_z_252,0.03916218876838684
155,beta,momentum,,-0.03507087379693985
155,beta,persist,,0.10082980245351791
155,beta,underwater,,0.02731519751250744
155,B,momentum,kospi_return_1d,0.003983858972787857
155,B,momentum,fx_level_z_252,-0.0014214797411113977
155,B,persist,kospi_return_1d,-0.005866422317922115
155,B,persist,fx_level_z_252,-6.146160012576729e-05
155,B,underwater,kospi_return_1d,0.0008451485773548484
155,B,underwater,fx_level_z_252,-0.028421584516763687
155,alpha,,kospi_return_1d,0.033123135566711426
155,alpha,,fx_level_z_252,0.039113644510507584
156,beta,momentum,,-0.03484434261918068
156,beta,persist,,0.10084133595228195
156,beta,underwater,,0.02701723203063011
156,B,momentum,kospi_return_1d,0.0036291268188506365
156,B,momentum,fx_level_z_252,-0.0010053750593215227
156,B,persist,kospi_return_1d,-0.005902902223169804
156,B,persist,fx_level_z_252,-5.8561468904372305e-05
156,B,underwater,kospi_return_1d,0.000871182419359684
156,B,underwater,fx_level_z_252,-0.02882826142013073
156,alpha,,kospi_return_1d,0.03339836746454239
156,alpha,,fx_level_z_252,0.03889845311641693
157,beta,momentum,,-0.03473351150751114
157,beta,persist,,0.10091496258974075
157,beta,underwater,,0.0268230102956295
157,B,momentum,kospi_return_1d,0.003301187651231885
157,B,momentum,fx_level_z_252,-0.0006062942557036877
157,B,persist,kospi_return_1d,-0.005795344244688749
157,B,persist,fx_level_z_252,1.6051679267548025e-05
157,B,underwater,kospi_return_1d,0.0008797577465884387
157,B,underwater,fx_level_z_252,-0.029109833762049675
157,alpha,,kospi_return_1d,0.033501360565423965
157,alpha,,fx_level_z_252,0.03874954581260681
158,beta,momentum,,-0.03466067090630531
158,beta,persist,,0.10105368494987488
158,beta,underwater,,0.02682393230497837
158,B,momentum,kospi_return_1d,0.002937347861006856
158,B,momentum,fx_level_z_252,-0.00017433075117878616
158,B,persist,kospi_return_1d,-0.005506434943526983
158,B,persist,fx_level_z_252,0.00012216837785672396
158,B,underwater,kospi_return_1d,0.0008401566883549094
158,B,underwater,fx_level_z_252,-0.029311854392290115
158,alpha,,kospi_return_1d,0.03343691676855087
158,alpha,,fx_level_z_252,0.038722433149814606
159,beta,momentum,,-0.034571025520563126
159,beta,persist,,0.10114237666130066
159,beta,underwater,,0.0268105436116457
159,B,momentum,kospi_return_1d,0.0026931227184832096
159,B,momentum,fx_level_z_252,1.0477306204847991e-06
159,B,persist,kospi_return_1d,-0.00534821068868041
159,B,persist,fx_level_z_252,0.0001763802138157189
159,B,underwater,kospi_return_1d,0.0006793105276301503
159,B,underwater,fx_level_z_252,-0.029375500977039337
159,alpha,,kospi_return_1d,0.03338014706969261
159,alpha,,fx_level_z_252,0.03858537599444389
160,beta,momentum,,-0.034523431211709976
160,beta,persist,,0.1012187972664833
160,beta,underwater,,0.026769379153847694
160,B,momentum,kospi_return_1d,0.002645803615450859
160,B,momentum,fx_level_z_252,-6.610903074033558e-05
160,B,persist,kospi_return_1d,-0.005258398596197367
160,B,persist,fx_level_z_252,0.0002722232020460069
160,B,underwater,kospi_return_1d,0.00034098097239620984
160,B,underwater,fx_level_z_252,-0.029440943151712418
160,alpha,,kospi_return_1d,0.033507928252220154
160,alpha,,fx_level_z_252,0.03854424133896828
161,beta,momentum,,-0.034553609788417816
161,beta,persist,,0.10121860355138779
161,beta,underwater,,0.026699522510170937
161,B,momentum,kospi_return_1d,0.0026576025411486626
161,B,momentum,fx_level_z_252,-0.00021484625176526606
161,B,persist,kospi_return_1d,-0.005294413771480322
161,B,persist,fx_level_z_252,0.000503858202137053
161,B,underwater,kospi_return_1d,-0.00011165258911205456
161,B,underwater,fx_level_z_252,-0.029324674978852272
161,alpha,,kospi_return_1d,0.033692292869091034
161,alpha,,fx_level_z_252,0.038443002849817276
162,beta,momentum,,-0.03459146246314049
162,beta,persist,,0.1013173833489418
162,beta,underwater,,0.026665929704904556
162,B,momentum,kospi_return_1d,0.0025931093841791153
162,B,momentum,fx_level_z_252,-0.0003078751906286925
162,B,persist,kospi_return_1d,-0.005120233632624149
162,B,persist,fx_level_z_252,0.0006613806472159922
162,B,underwater,kospi_return_1d,-0.00023250484082382172
162,B,underwater,fx_level_z_252,-0.02933247573673725
162,alpha,,kospi_return_1d,0.03381897509098053
162,alpha,,fx_level_z_252,0.03842291608452797
163,beta,momentum,,-0.034639399498701096
163,beta,persist,,0.10134785622358322
163,beta,underwater,,0.026674455031752586
163,B,momentum,kospi_return_1d,0.0025347641203552485
163,B,momentum,fx_level_z_252,-0.000523152353707701
163,B,persist,kospi_return_1d,-0.004840566776692867
163,B,persist,fx_level_z_252,0.0008397548226639628
163,B,underwater,kospi_return_1d,-0.0002452390908729285
163,B,underwater,fx_level_z_252,-0.02914806827902794
163,alpha,,kospi_return_1d,0.034130845218896866
163,alpha,,fx_level_z_252,0.038518525660037994
164,beta,momentum,,-0.03467615321278572
164,beta,persist,,0.1013789027929306
164,beta,underwater,,0.02665124461054802
164,B,momentum,kospi_return_1d,0.0025315689854323864
164,B,momentum,fx_level_z_252,-0.0006852245423942804
164,B,persist,kospi_return_1d,-0.004645183682441711
164,B,persist,fx_level_z_252,0.0010708373738452792
164,B,underwater,kospi_return_1d,-0.000197115441551432
164,B,underwater,fx_level_z_252,-0.029024451971054077
164,alpha,,kospi_return_1d,0.034374359995126724
164,alpha,,fx_level_z_252,0.038588300347328186
165,beta,momentum,,-0.03461018204689026
165,beta,persist,,0.10141109675168991
165,beta,underwater,,0.026647280901670456
165,B,momentum,kospi_return_1d,0.002744202734902501
165,B,momentum,fx_level_z_252,-0.0011849143775179982
165,B,persist,kospi_return_1d,-0.004602502565830946
165,B,persist,fx_level_z_252,0.0014613782986998558
165,B,underwater,kospi_return_1d,-0.00012070540833519772
165,B,underwater,fx_level_z_252,-0.02873697504401207
165,alpha,,kospi_return_1d,0.0345812663435936
165,alpha,,fx_level_z_252,0.03856523334980011
166,beta,momentum,,-0.03456783667206764
166,beta,persist,,0.10143417865037918
166,beta,underwater,,0.026584161445498466
166,B,momentum,kospi_return_1d,0.002996382536366582
166,B,momentum,fx_level_z_252,-0.0014404128305613995
166,B,persist,kospi_return_1d,-0.00493405107408762
166,B,persist,fx_level_z_252,0.0017323261126875877
166,B,underwater,kospi_return_1d,-1.579792115080636e-05
166,B,underwater,fx_level_z_252,-0.028558673337101936
166,alpha,,kospi_return_1d,0.03479212895035744
166,alpha,,fx_level_z_252,0.038624610751867294
167,beta,momentum,,-0.03451869264245033
167,beta,persist,,0.1015063226222992
167,beta,underwater,,0.026576533913612366
167,B,momentum,kospi_return_1d,0.0034556176979094744
167,B,momentum,fx_level_z_252,-0.001707333605736494
167,B,persist,kospi_return_1d,-0.0053335437551140785
167,B,persist,fx_level_z_252,0.001791455433703959
167,B,underwater,kospi_return_1d,0.00011633135727606714
167,B,underwater,fx_level_z_252,-0.02842448092997074
167,alpha,,kospi_return_1d,0.0348222516477108
167,alpha,,fx_level_z_252,0.038829341530799866
168,beta,momentum,,-0.03443854674696922
168,beta,persist,,0.10161925852298737
168,beta,underwater,,0.0265338197350502
168,B,momentum,kospi_return_1d,0.003996171522885561
168,B,momentum,fx_level_z_252,-0.0017939367098733783
168,B,persist,kospi_return_1d,-0.00568403210490942
168,B,persist,fx_level_z_252,0.001801774837076664
168,B,underwater,kospi_return_1d,0.00035942127578891814
168,B,underwater,fx_level_z_252,-0.02846069633960724
168,alpha,,kospi_return_1d,0.03489123284816742
168,alpha,,fx_level_z_252,0.038980983197689056
169,beta,momentum,,-0.03435294330120087
169,beta,persist,,0.10175566375255585
169,beta,underwater,,0.026502734050154686
169,B,momentum,kospi_return_1d,0.0044183870777487755
169,B,momentum,fx_level_z_252,-0.001693639438599348
169,B,persist,kospi_return_1d,-0.005990216508507729
169,B,persist,fx_level_z_252,0.0019030211260542274
169,B,underwater,kospi_return_1d,0.000393650378100574
169,B,underwater,fx_level_z_252,-0.028641654178500175
169,alpha,,kospi_return_1d,0.03487597033381462
169,alpha,,fx_level_z_252,0.03912248834967613
170,beta,momentum,,-0.03432057797908783
170,beta,persist,,0.1018165573477745
170,beta,underwater,,0.02643958479166031
170,B,momentum,kospi_return_1d,0.004591076169162989
170,B,momentum,fx_level_z_252,-0.0016543950187042356
170,B,persist,kospi_return_1d,-0.0060513620264828205
170,B,persist,fx_level_z_252,0.0019031722331419587
170,B,underwater,kospi_return_1d,0.0005491747870109975
170,B,underwater,fx_level_z_252,-0.028821641579270363
170,alpha,,kospi_return_1d,0.03505168482661247
170,alpha,,fx_level_z_252,0.03918859362602234
171,beta,momentum,,-0.03430825471878052
171,beta,persist,,0.10189887881278992
171,beta,underwater,,0.02635815553367138
171,B,momentum,kospi_return_1d,0.004555311519652605
171,B,momentum,fx_level_z_252,-0.001386539195664227
171,B,persist,kospi_return_1d,-0.0059562199749052525
171,B,persist,fx_level_z_252,0.00166352151427418
171,B,underwater,kospi_return_1d,0.0008425751002505422
171,B,underwater,fx_level_z_252,-0.029158901423215866
171,alpha,,kospi_return_1d,0.035076312720775604
171,alpha,,fx_level_z_252,0.03925444930791855
172,beta,momentum,,-0.03433311730623245
172,beta,persist,,0.10201430320739746
172,beta,underwater,,0.026377297937870026
172,B,momentum,kospi_return_1d,0.004601872991770506
172,B,momentum,fx_level_z_252,-0.0011829526629298925
172,B,persist,kospi_return_1d,-0.006029898766428232
172,B,persist,fx_level_z_252,0.001519524957984686
172,B,underwater,kospi_return_1d,0.0009162659989669919
172,B,underwater,fx_level_z_252,-0.029353857040405273
172,alpha,,kospi_return_1d,0.03498345986008644
172,alpha,,fx_level_z_252,0.03935876861214638
173,beta,momentum,,-0.03432405740022659
173,beta,persist,,0.10220494866371155
173,beta,underwater,,0.026431187987327576
173,B,momentum,kospi_return_1d,0.0046431380324065685
173,B,momentum,fx_level_z_252,-0.0009228552808053792
173,B,persist,kospi_return_1d,-0.005956032779067755
173,B,persist,fx_level_z_252,0.0012281681410968304
173,B,underwater,kospi_return_1d,0.001096019521355629
173,B,underwater,fx_level_z_252,-0.029628491029143333
173,alpha,,kospi_return_1d,0.034703005105257034
173,alpha,,fx_level_z_252,0.03948201239109039
174,beta,momentum,,-0.03437047079205513
174,beta,persist,,0.10234605520963669
174,beta,underwater,,0.02648910880088806
174,B,momentum,kospi_return_1d,0.004699620418250561
174,B,momentum,fx_level_z_252,-0.0007563080289401114
174,B,persist,kospi_return_1d,-0.005924259778112173
174,B,persist,fx_level_z_252,0.0009892676025629044
174,B,underwater,kospi_return_1d,0.0011813666205853224
174,B,underwater,fx_level_z_252,-0.029811546206474304
174,alpha,,kospi_return_1d,0.03437545523047447
174,alpha,,fx_level_z_252,0.03955315425992012
175,beta,momentum,,-0.034399401396512985
175,beta,persist,,0.10249648243188858
175,beta,underwater,,0.026552459225058556
175,B,momentum,kospi_return_1d,0.005042575765401125
175,B,momentum,fx_level_z_252,-0.0007781685562804341
175,B,persist,kospi_return_1d,-0.006060431245714426
175,B,persist,fx_level_z_252,0.0008153235539793968
175,B,underwater,kospi_return_1d,0.0010441027116030455
175,B,underwater,fx_level_z_252,-0.029780864715576172
175,alpha,,kospi_return_1d,0.03406732901930809
175,alpha,,fx_level_z_252,0.039600033313035965
176,beta,momentum,,-0.03452666103839874
176,beta,persist,,0.1025487631559372
176,beta,underwater,,0.026695512235164642
176,B,momentum,kospi_return_1d,0.005374058149755001
176,B,momentum,fx_level_z_252,-0.000879816070664674
176,B,persist,kospi_return_1d,-0.006390705239027739
176,B,persist,fx_level_z_252,0.0006221538642421365
176,B,underwater,kospi_return_1d,0.0007222977583296597
176,B,underwater,fx_level_z_252,-0.029560184106230736
176,alpha,,kospi_return_1d,0.03389840945601463
176,alpha,,fx_level_z_252,0.039548110216856
177,beta,momentum,,-0.03465277701616287
177,beta,persist,,0.10263624787330627
177,beta,underwater,,0.026887787505984306
177,B,momentum,kospi_return_1d,0.005652568768709898
177,B,momentum,fx_level_z_252,-0.001115985563956201
177,B,persist,kospi_return_1d,-0.006529999431222677
177,B,persist,fx_level_z_252,0.0005589715437963605
177,B,underwater,kospi_return_1d,0.00037042342592030764
177,B,underwater,fx_level_z_252,-0.029251327738165855
177,alpha,,kospi_return_1d,0.03393884748220444
177,alpha,,fx_level_z_252,0.0394904762506485
178,beta,momentum,,-0.03483254835009575
178,beta,persist,,0.10266700387001038
178,beta,underwater,,0.027017587795853615
178,B,momentum,kospi_return_1d,0.005742532201111317
178,B,momentum,fx_level_z_252,-0.0011379935313016176
178,B,persist,kospi_return_1d,-0.006414933130145073
178,B,persist,fx_level_z_252,0.0004308624193072319
178,B,underwater,kospi_return_1d,0.00013503195077646524
178,B,underwater,fx_level_z_252,-0.029144633561372757
178,alpha,,kospi_return_1d,0.03401728719472885
178,alpha,,fx_level_z_252,0.039487067610025406
179,beta,momentum,,-0.03491464629769325
179,beta,persist,,0.10272891074419022
179,beta,underwater,,0.02703087590634823
179,B,momentum,kospi_return_1d,0.005694562569260597
179,B,momentum,fx_level_z_252,-0.0012429847847670317
179,B,persist,kospi_return_1d,-0.006209950428456068
179,B,persist,fx_level_z_252,0.00021094016847200692
179,B,underwater,kospi_return_1d,-8.413437899434939e-05
179,B,underwater,fx_level_z_252,-0.029085461050271988
179,alpha,,kospi_return_1d,0.03404365852475166
179,alpha,,fx_level_z_252,0.03944569081068039
180,beta,momentum,,-0.03506743907928467
180,beta,persist,,0.10289067029953003
180,beta,underwater,,0.027020756155252457
180,B,momentum,kospi_return_1d,0.005527566187083721
180,B,momentum,fx_level_z_252,-0.001367431366816163
180,B,persist,kospi_return_1d,-0.005858521908521652
180,B,persist,fx_level_z_252,-6.806654710089788e-05
180,B,underwater,kospi_return_1d,-9.687871352070943e-05
180,B,underwater,fx_level_z_252,-0.029089000076055527
180,alpha,,kospi_return_1d,0.0338086262345314
180,alpha,,fx_level_z_252,0.039431631565093994
181,beta,momentum,,-0.03519929200410843
181,beta,persist,,0.10296560078859329
181,beta,underwater,,0.026957035064697266
181,B,momentum,kospi_return_1d,0.005169779993593693
181,B,momentum,fx_level_z_252,-0.001403561676852405
181,B,persist,kospi_return_1d,-0.005559698212891817
181,B,persist,fx_level_z_252,-0.00017589234630577266
181,B,underwater,kospi_return_1d,0.00012430641800165176
181,B,underwater,fx_level_z_252,-0.029090911149978638
181,alpha,,kospi_return_1d,0.03360886126756668
181,alpha,,fx_level_z_252,0.039341412484645844
182,beta,momentum,,-0.03518363833427429
182,beta,persist,,0.10296308994293213
182,beta,underwater,,0.026724696159362793
182,B,momentum,kospi_return_1d,0.004814269952476025
182,B,momentum,fx_level_z_252,-0.0013412466505542397
182,B,persist,kospi_return_1d,-0.005276668816804886
182,B,persist,fx_level_z_252,-0.00011677659495035186
182,B,underwater,kospi_return_1d,0.0003889724030159414
182,B,underwater,fx_level_z_252,-0.02923949435353279
182,alpha,,kospi_return_1d,0.03348986804485321
182,alpha,,fx_level_z_252,0.03918563574552536
183,beta,momentum,,-0.035231854766607285
183,beta,persist,,0.10299775004386902
183,beta,underwater,,0.026580380275845528
183,B,momentum,kospi_return_1d,0.004382242448627949
183,B,momentum,fx_level_z_252,-0.0013185738353058696
183,B,persist,kospi_return_1d,-0.005088541656732559
183,B,persist,fx_level_z_252,1.4016749446454924e-05
183,B,underwater,kospi_return_1d,0.0005965916789136827
183,B,underwater,fx_level_z_252,-0.02925490029156208
183,alpha,,kospi_return_1d,0.033268142491579056
183,alpha,,fx_level_z_252,0.039271049201488495
184,beta,momentum,,-0.03524967283010483
184,beta,persist,,0.10302675515413284
184,beta,underwater,,0.026404501870274544
184,B,momentum,kospi_return_1d,0.004155338741838932
184,B,momentum,fx_level_z_252,-0.001258592470549047
184,B,persist,kospi_return_1d,-0.004861802328377962
184,B,persist,fx_level_z_252,5.6043165386654437e-05
184,B,underwater,kospi_return_1d,0.0008393844473175704
184,B,underwater,fx_level_z_252,-0.029289832338690758
184,alpha,,kospi_return_1d,0.03313449025154114
184,alpha,,fx_level_z_252,0.039392292499542236
185,beta,momentum,,-0.03522535786032677
185,beta,persist,,0.10302486270666122
185,beta,underwater,,0.02629784494638443
185,B,momentum,kospi_return_1d,0.00398462638258934
185,B,momentum,fx_level_z_252,-0.0012739173835143447
185,B,persist,kospi_return_1d,-0.00485581811517477
185,B,persist,fx_level_z_252,0.00020938561647199094
185,B,underwater,kospi_return_1d,0.000850826792884618
185,B,underwater,fx_level_z_252,-0.029179755598306656
185,alpha,,kospi_return_1d,0.03295298293232918
185,alpha,,fx_level_z_252,0.03944827616214752
186,beta,momentum,,-0.03518032655119896
186,beta,persist,,0.10305556654930115
186,beta,underwater,,0.02618088759481907
186,B,momentum,kospi_return_1d,0.0038081349339336157
186,B,momentum,fx_level_z_252,-0.001345985452644527
186,B,persist,kospi_return_1d,-0.004835093859583139
186,B,persist,fx_level_z_252,0.00032099749660119414
186,B,underwater,kospi_return_1d,0.0008105571614578366
186,B,underwater,fx_level_z_252,-0.028967784717679024
186,alpha,,kospi_return_1d,0.032830432057380676
186,alpha,,fx_level_z_252,0.03940917178988457
187,beta,momentum,,-0.035202644765377045
187,beta,persist,,0.1030433252453804
187,beta,underwater,,0.0260317325592041
187,B,momentum,kospi_return_1d,0.0035863076336681843
187,B,momentum,fx_level_z_252,-0.0013664381112903357
187,B,persist,kospi_return_1d,-0.004861508496105671
187,B,persist,fx_level_z_252,0.000588765018619597
187,B,underwater,kospi_return_1d,0.0006472987588495016
187,B,underwater,fx_level_z_252,-0.028764361515641212
187,alpha,,kospi_return_1d,0.03289272263646126
187,alpha,,fx_level_z_252,0.0393218994140625
188,beta,momentum,,-0.035186734050512314
188,beta,persist,,0.10299897193908691
188,beta,underwater,,0.025863688439130783
188,B,momentum,kospi_return_1d,0.003297513583675027
188,B,momentum,fx_level_z_252,-0.0012050046352669597
188,B,persist,kospi_return_1d,-0.004742506425827742
188,B,persist,fx_level_z_252,0.0007427496602758765
188,B,underwater,kospi_return_1d,0.0005085666198283434
188,B,underwater,fx_level_z_252,-0.028780877590179443
188,alpha,,kospi_return_1d,0.03306516632437706
188,alpha,,fx_level_z_252,0.0392027385532856
189,beta,momentum,,-0.0350414514541626
189,beta,persist,,0.10284686088562012
189,beta,underwater,,0.025591593235731125
189,B,momentum,kospi_return_1d,0.002985843922942877
189,B,momentum,fx_level_z_252,-0.0011219967855140567
189,B,persist,kospi_return_1d,-0.004460226744413376
189,B,persist,fx_level_z_252,0.0008692918345332146
189,B,underwater,kospi_return_1d,0.00042159034637734294
189,B,underwater,fx_level_z_252,-0.0290009044110775
189,alpha,,kospi_return_1d,0.033376581966876984
189,alpha,,fx_level_z_252,0.039036475121974945
190,beta,momentum,,-0.03492574766278267
190,beta,persist,,0.10268966853618622
190,beta,underwater,,0.025390151888132095
190,B,momentum,kospi_return_1d,0.0027338177897036076
190,B,momentum,fx_level_z_252,-0.001140704727731645
190,B,persist,kospi_return_1d,-0.004029258619993925
190,B,persist,fx_level_z_252,0.0009962469339370728
190,B,underwater,kospi_return_1d,0.0004627782618626952
190,B,underwater,fx_level_z_252,-0.029064567759633064
190,alpha,,kospi_return_1d,0.03356551751494408
190,alpha,,fx_level_z_252,0.03894932568073273
191,beta,momentum,,-0.03494953364133835
191,beta,persist,,0.10255667567253113
191,beta,underwater,,0.025330355390906334
191,B,momentum,kospi_return_1d,0.0025464780628681183
191,B,momentum,fx_level_z_252,-0.0012873783707618713
191,B,persist,kospi_return_1d,-0.003713228041306138
191,B,persist,fx_level_z_252,0.0012060323497280478
191,B,underwater,kospi_return_1d,0.00024455494713038206
191,B,underwater,fx_level_z_252,-0.029093993827700615
191,alpha,,kospi_return_1d,0.03374650329351425
191,alpha,,fx_level_z_252,0.038976579904556274
192,beta,momentum,,-0.035021182149648666
192,beta,persist,,0.10239578038454056
192,beta,underwater,,0.02532115764915943
192,B,momentum,kospi_return_1d,0.0024337409995496273
192,B,momentum,fx_level_z_252,-0.0013988399878144264
192,B,persist,kospi_return_1d,-0.003362498478963971
192,B,persist,fx_level_z_252,0.0016430206596851349
192,B,underwater,kospi_return_1d,-7.023647776804864e-05
192,B,underwater,fx_level_z_252,-0.02916194126009941
192,alpha,,kospi_return_1d,0.03388223424553871
192,alpha,,fx_level_z_252,0.03899933025240898
193,beta,momentum,,-0.03499866649508476
193,beta,persist,,0.10231488198041916
193,beta,underwater,,0.02530158869922161
193,B,momentum,kospi_return_1d,0.002312994096428156
193,B,momentum,fx_level_z_252,-0.0016460551414638758
193,B,persist,kospi_return_1d,-0.0029910451266914606
193,B,persist,fx_level_z_252,0.0019202043768018484
193,B,underwater,kospi_return_1d,-0.0001791619579307735
193,B,underwater,fx_level_z_252,-0.029230603948235512
193,alpha,,kospi_return_1d,0.033872369676828384
193,alpha,,fx_level_z_252,0.03882643207907677
194,beta,momentum,,-0.03498353809118271
194,beta,persist,,0.1022796705365181
194,beta,underwater,,0.02540547400712967
194,B,momentum,kospi_return_1d,0.0022932824213057756
194,B,momentum,fx_level_z_252,-0.001789826201274991
194,B,persist,kospi_return_1d,-0.002855743747204542
194,B,persist,fx_level_z_252,0.002130857901647687
194,B,underwater,kospi_return_1d,-0.0003031893284060061
194,B,underwater,fx_level_z_252,-0.029185831546783447
194,alpha,,kospi_return_1d,0.03373362123966217
194,alpha,,fx_level_z_252,0.03881220519542694
195,beta,momentum,,-0.03504049405455589
195,beta,persist,,0.10218966007232666
195,beta,underwater,,0.02550424076616764
195,B,momentum,kospi_return_1d,0.0023252868559211493
195,B,momentum,fx_level_z_252,-0.001747682923451066
195,B,persist,kospi_return_1d,-0.002751966007053852
195,B,persist,fx_level_z_252,0.0022742997389286757
195,B,underwater,kospi_return_1d,-0.0003340884577482939
195,B,underwater,fx_level_z_252,-0.02919834293425083
195,alpha,,kospi_return_1d,0.033676739782094955
195,alpha,,fx_level_z_252,0.03878669813275337
196,beta,momentum,,-0.035160746425390244
196,beta,persist,,0.10215714573860168
196,beta,underwater,,0.02560434862971306
196,B,momentum,kospi_return_1d,0.0026521419640630484
196,B,momentum,fx_level_z_252,-0.0016691847704350948
196,B,persist,kospi_return_1d,-0.0027404881548136473
196,B,persist,fx_level_z_252,0.0021292513702064753
196,B,underwater,kospi_return_1d,-0.00021989889501128346
196,B,underwater,fx_level_z_252,-0.02928326465189457
196,alpha,,kospi_return_1d,0.03366147726774216
196,alpha,,fx_level_z_252,0.03866513818502426
197,beta,momentum,,-0.03531546890735626
197,beta,persist,,0.10211305320262909
197,beta,underwater,,0.025724448263645172
197,B,momentum,kospi_return_1d,0.0030455305241048336
197,B,momentum,fx_level_z_252,-0.0015302380779758096
197,B,persist,kospi_return_1d,-0.0029969175811856985
197,B,persist,fx_level_z_252,0.0019594409968703985
197,B,underwater,kospi_return_1d,-6.459704309236258e-05
197,B,underwater,fx_level_z_252,-0.02910238318145275
197,alpha,,kospi_return_1d,0.03372732549905777
197,alpha,,fx_level_z_252,0.03853451460599899
198,beta,momentum,,-0.03539452701807022
198,beta,persist,,0.10207320749759674
198,beta,underwater,,0.025906352326273918
198,B,momentum,kospi_return_1d,0.003459242172539234
198,B,momentum,fx_level_z_252,-0.0014656975399702787
198,B,persist,kospi_return_1d,-0.003465142333880067
198,B,persist,fx_level_z_252,0.0018138233572244644
198,B,underwater,kospi_return_1d,-0.00010186138388235122
198,B,underwater,fx_level_z_252,-0.028859291225671768
198,alpha,,kospi_return_1d,0.03376113623380661
198,alpha,,fx_level_z_252,0.03856075555086136
199,beta,momentum,,-0.03559137135744095
199,beta,persist,,0.10206503421068192
199,beta,underwater,,0.026122238487005234
199,B,momentum,kospi_return_1d,0.003886409802362323
199,B,momentum,fx_level_z_252,-0.0012013802770525217
199,B,persist,kospi_return_1d,-0.0038534007035195827
199,B,persist,fx_level_z_252,0.001448906259611249
199,B,underwater,kospi_return_1d,-0.00019313179655000567
199,B,underwater,fx_level_z_252,-0.028759246692061424
199,alpha,,kospi_return_1d,0.033752068877220154
199,alpha,,fx_level_z_252,0.038721486926078796
200,beta,momentum,,-0.03580339625477791
200,beta,persist,,0.10210356116294861
200,beta,underwater,,0.026275796815752983
200,B,momentum,kospi_return_1d,0.004116999451071024
200,B,momentum,fx_level_z_252,-0.0009172428399324417
200,B,persist,kospi_return_1d,-0.004256207495927811
200,B,persist,fx_level_z_252,0.0011334563605487347
200,B,underwater,kospi_return_1d,-0.00015024385356809944
200,B,underwater,fx_level_z_252,-0.02879595011472702
200,alpha,,kospi_return_1d,0.03374559059739113
200,alpha,,fx_level_z_252,0.03896922990679741
201,beta,momentum,,-0.03607175499200821
201,beta,persist,,0.10221357643604279
201,beta,underwater,,0.02648107334971428
201,B,momentum,kospi_return_1d,0.004350591450929642
201,B,momentum,fx_level_z_252,-0.0008020811364986002
201,B,persist,kospi_return_1d,-0.004589814692735672
201,B,persist,fx_level_z_252,0.0009050886146724224
201,B,underwater,kospi_return_1d,1.4198023563949391e-05
201,B,underwater,fx_level_z_252,-0.028823046013712883
201,alpha,,kospi_return_1d,0.03366033360362053
201,alpha,,fx_level_z_252,0.03916662558913231
202,beta,momentum,,-0.03625718131661415
202,beta,persist,,0.10243036597967148
202,beta,underwater,,0.026777498424053192
202,B,momentum,kospi_return_1d,0.00451459176838398
202,B,momentum,fx_level_z_252,-0.0006574818398803473
202,B,persist,kospi_return_1d,-0.004672624636441469
202,B,persist,fx_level_z_252,0.0006097930599935353
202,B,underwater,kospi_return_1d,6.646959809586406e-05
202,B,underwater,fx_level_z_252,-0.028958460316061974
202,alpha,,kospi_return_1d,0.03342089056968689
202,alpha,,fx_level_z_252,0.03939954191446304
203,beta,momentum,,-0.03637392446398735
203,beta,persist,,0.10261863470077515
203,beta,underwater,,0.027134617790579796
203,B,momentum,kospi_return_1d,0.0046738735400140285
203,B,momentum,fx_level_z_252,-0.000773951702285558
203,B,persist,kospi_return_1d,-0.004626449663192034
203,B,persist,fx_level_z_252,0.00044109526788815856
203,B,underwater,kospi_return_1d,-7.254428055603057e-05
203,B,underwater,fx_level_z_252,-0.028902823105454445
203,alpha,,kospi_return_1d,0.033357780426740646
203,alpha,,fx_level_z_252,0.03968746215105057
204,beta,momentum,,-0.036381326615810394
204,beta,persist,,0.10283095389604568
204,beta,underwater,,0.02742651291191578
204,B,momentum,kospi_return_1d,0.004737824201583862
204,B,momentum,fx_level_z_252,-0.0010191891342401505
204,B,persist,kospi_return_1d,-0.004481298848986626
204,B,persist,fx_level_z_252,0.00028181885136291385
204,B,underwater,kospi_return_1d,-0.00010428306995891035
204,B,underwater,fx_level_z_252,-0.028747931122779846
204,alpha,,kospi_return_1d,0.03322736918926239
204,alpha,,fx_level_z_252,0.03990335389971733
205,beta,momentum,,-0.03630578890442848
205,beta,persist,,0.10307811200618744
205,beta,underwater,,0.027626657858490944
205,B,momentum,kospi_return_1d,0.004730318672955036
205,B,momentum,fx_level_z_252,-0.0012077305000275373
205,B,persist,kospi_return_1d,-0.004320600535720587
205,B,persist,fx_level_z_252,2.2717220417689532e-05
205,B,underwater,kospi_return_1d,0.0001751757663441822
205,B,underwater,fx_level_z_252,-0.02874770388007164
205,alpha,,kospi_return_1d,0.03299704194068909
205,alpha,,fx_level_z_252,0.040028687566518784
206,beta,momentum,,-0.0362108051776886
206,beta,persist,,0.10334306210279465
206,beta,underwater,,0.02773304097354412
206,B,momentum,kospi_return_1d,0.004865716211497784
206,B,momentum,fx_level_z_252,-0.0013433154672384262
206,B,persist,kospi_return_1d,-0.004118621349334717
206,B,persist,fx_level_z_252,-0.00011311008711345494
206,B,underwater,kospi_return_1d,0.0004732771194539964
206,B,underwater,fx_level_z_252,-0.02896486595273018
206,alpha,,kospi_return_1d,0.032811254262924194
206,alpha,,fx_level_z_252,0.040154311805963516
207,beta,momentum,,-0.036135800182819366
207,beta,persist,,0.10351017117500305
207,beta,underwater,,0.02774040400981903
207,B,momentum,kospi_return_1d,0.004831693135201931
207,B,momentum,fx_level_z_252,-0.001330312225036323
207,B,persist,kospi_return_1d,-0.003983753267675638
207,B,persist,fx_level_z_252,-6.90830493113026e-05
207,B,underwater,kospi_return_1d,0.0007214152719825506
207,B,underwater,fx_level_z_252,-0.02910565584897995
207,alpha,,kospi_return_1d,0.032862771302461624
207,alpha,,fx_level_z_252,0.040219493210315704
208,beta,momentum,,-0.036009661853313446
208,beta,persist,,0.10359994322061539
208,beta,underwater,,0.02773941121995449
208,B,momentum,kospi_return_1d,0.004788458812981844
208,B,momentum,fx_level_z_252,-0.0012581025948747993
208,B,persist,kospi_return_1d,-0.003912934102118015
208,B,persist,fx_level_z_252,-5.548110857489519e-05
208,B,underwater,kospi_return_1d,0.0008418771903961897
208,B,underwater,fx_level_z_252,-0.02924654446542263
208,alpha,,kospi_return_1d,0.03295782208442688
208,alpha,,fx_level_z_252,0.04025935381650925
209,beta,momentum,,-0.035829879343509674
209,beta,persist,,0.10361610352993011
209,beta,underwater,,0.027535295113921165
209,B,momentum,kospi_return_1d,0.004775014240294695
209,B,momentum,fx_level_z_252,-0.0011313610011711717
209,B,persist,kospi_return_1d,-0.003925541415810585
209,B,persist,fx_level_z_252,6.021228546160273e-05
209,B,underwater,kospi_return_1d,0.0009381116833537817
209,B,underwater,fx_level_z_252,-0.029408147558569908
209,alpha,,kospi_return_1d,0.03322547674179077
209,alpha,,fx_level_z_252,0.04004183039069176
210,beta,momentum,,-0.03561165928840637
210,beta,persist,,0.10357603430747986
210,beta,underwater,,0.02735152281820774
210,B,momentum,kospi_return_1d,0.004800122696906328
210,B,momentum,fx_level_z_252,-0.0011296748416498303
210,B,persist,kospi_return_1d,-0.0041237096302211285
210,B,persist,fx_level_z_252,0.00018690172873903066
210,B,underwater,kospi_return_1d,0.0008172316593118012
210,B,underwater,fx_level_z_252,-0.029524581506848335
210,alpha,,kospi_return_1d,0.03344125300645828
210,alpha,,fx_level_z_252,0.03986481949687004
211,beta,momentum,,-0.0355069525539875
211,beta,persist,,0.10365002602338791
211,beta,underwater,,0.027237309142947197
211,B,momentum,kospi_return_1d,0.004529246129095554
211,B,momentum,fx_level_z_252,-0.00114548415876925
211,B,persist,kospi_return_1d,-0.004117684438824654
211,B,persist,fx_level_z_252,0.0001888967235572636
211,B,underwater,kospi_return_1d,0.0007865474908612669
211,B,underwater,fx_level_z_252,-0.0295777078717947
211,alpha,,kospi_return_1d,0.03340302035212517
211,alpha,,fx_level_z_252,0.039704255759716034
212,beta,momentum,,-0.035327181220054626
212,beta,persist,,0.10368973016738892
212,beta,underwater,,0.027085840702056885
212,B,momentum,kospi_return_1d,0.0044270469807088375
212,B,momentum,fx_level_z_252,-0.0013419596944004297
212,B,persist,kospi_return_1d,-0.004222968593239784
212,B,persist,fx_level_z_252,0.00038341444451361895
212,B,underwater,kospi_return_1d,0.0007500239880755544
212,B,underwater,fx_level_z_252,-0.02942907065153122
212,alpha,,kospi_return_1d,0.03341583535075188
212,alpha,,fx_level_z_252,0.03958096727728844
213,beta,momentum,,-0.03514265641570091
213,beta,persist,,0.10365068167448044
213,beta,underwater,,0.026824183762073517
213,B,momentum,kospi_return_1d,0.00428980216383934
213,B,momentum,fx_level_z_252,-0.001447116956114769
213,B,persist,kospi_return_1d,-0.004258632194250822
213,B,persist,fx_level_z_252,0.0006221029907464981
213,B,underwater,kospi_return_1d,0.0008924647700041533
213,B,underwater,fx_level_z_252,-0.02928128093481064
213,alpha,,kospi_return_1d,0.0335073247551918
213,alpha,,fx_level_z_252,0.039302852004766464
214,beta,momentum,,-0.035084571689367294
214,beta,persist,,0.10366478562355042
214,beta,underwater,,0.026706740260124207
214,B,momentum,kospi_return_1d,0.0041374568827450275
214,B,momentum,fx_level_z_252,-0.001429181545972824
214,B,persist,kospi_return_1d,-0.004316019359976053
214,B,persist,fx_level_z_252,0.000788319215644151
214,B,underwater,kospi_return_1d,0.00087683682795614
214,B,underwater,fx_level_z_252,-0.029058391228318214
214,alpha,,kospi_return_1d,0.03350750729441643
214,alpha,,fx_level_z_252,0.03912114351987839
215,beta,momentum,,-0.03505617752671242
215,beta,persist,,0.10368087142705917
215,beta,underwater,,0.02654745988547802
215,B,momentum,kospi_return_1d,0.003969559445977211
215,B,momentum,fx_level_z_252,-0.0013353240210562944
215,B,persist,kospi_return_1d,-0.004325966816395521
215,B,persist,fx_level_z_252,0.0009782093111425638
215,B,underwater,kospi_return_1d,0.0008020357345230877
215,B,underwater,fx_level_z_252,-0.02905111387372017
215,alpha,,kospi_return_1d,0.033468011766672134
215,alpha,,fx_level_z_252,0.03897395730018616
216,beta,momentum,,-0.034918420016765594
216,beta,persist,,0.10362625867128372
216,beta,underwater,,0.026451829820871353
216,B,momentum,kospi_return_1d,0.003922021482139826
216,B,momentum,fx_level_z_252,-0.0012762953992933035
216,B,persist,kospi_return_1d,-0.004271338693797588
216,B,persist,fx_level_z_252,0.0010849316604435444
216,B,underwater,kospi_return_1d,0.0006588110700249672
216,B,underwater,fx_level_z_252,-0.029022615402936935
216,alpha,,kospi_return_1d,0.03355928882956505
216,alpha,,fx_level_z_252,0.039051201194524765
217,beta,momentum,,-0.034810155630111694
217,beta,persist,,0.1036188080906868
217,beta,underwater,,0.026342447847127914
217,B,momentum,kospi_return_1d,0.00406690314412117
217,B,momentum,fx_level_z_252,-0.0012864884920418262
217,B,persist,kospi_return_1d,-0.004228564444929361
217,B,persist,fx_level_z_252,0.0010870634578168392
217,B,underwater,kospi_return_1d,0.00044131092727184296
217,B,underwater,fx_level_z_252,-0.028960471972823143
217,alpha,,kospi_return_1d,0.03366272523999214
217,alpha,,fx_level_z_252,0.03915230557322502
218,beta,momentum,,-0.03473590686917305
218,beta,persist,,0.10365308821201324
218,beta,underwater,,0.02604067139327526
218,B,momentum,kospi_return_1d,0.0040569729171693325
218,B,momentum,fx_level_z_252,-0.0008580627618357539
218,B,persist,kospi_return_1d,-0.004128478933125734
218,B,persist,fx_level_z_252,0.0007855287403799593
218,B,underwater,kospi_return_1d,0.0002942956634797156
218,B,underwater,fx_level_z_252,-0.029242675751447678
218,alpha,,kospi_return_1d,0.03351492062211037
218,alpha,,fx_level_z_252,0.03914614021778107
219,beta,momentum,,-0.034706756472587585
219,beta,persist,,0.1037050113081932
219,beta,underwater,,0.025773394852876663
219,B,momentum,kospi_return_1d,0.004251242149621248
219,B,momentum,fx_level_z_252,-0.00048283336218446493
219,B,persist,kospi_return_1d,-0.004236479755491018
219,B,persist,fx_level_z_252,0.00040252821054309607
219,B,underwater,kospi_return_1d,-2.220341411884874e-05
219,B,underwater,fx_level_z_252,-0.02951253391802311
219,alpha,,kospi_return_1d,0.03337661176919937
219,alpha,,fx_level_z_252,0.039159856736660004
220,beta,momentum,,-0.034665435552597046
220,beta,persist,,0.103638656437397
220,beta,underwater,,0.025543972849845886
220,B,momentum,kospi_return_1d,0.004384402185678482
220,B,momentum,fx_level_z_252,-0.00033632409758865833
220,B,persist,kospi_return_1d,-0.004442860838025808
220,B,persist,fx_level_z_252,0.0001197564706671983
220,B,underwater,kospi_return_1d,-0.0002744562807492912
220,B,underwater,fx_level_z_252,-0.029598217457532883
220,alpha,,kospi_return_1d,0.03331756591796875
220,alpha,,fx_level_z_252,0.03917428478598595
221,beta,momentum,,-0.03448426350951195
221,beta,persist,,0.10359180718660355
221,beta,underwater,,0.025413841009140015
221,B,momentum,kospi_return_1d,0.004436627961695194
221,B,momentum,fx_level_z_252,-0.0004161507822573185
221,B,persist,kospi_return_1d,-0.004588366486132145
221,B,persist,fx_level_z_252,-5.478918319568038e-05
221,B,underwater,kospi_return_1d,-0.00025928684044629335
221,B,underwater,fx_level_z_252,-0.029427820816636086
221,alpha,,kospi_return_1d,0.033043574541807175
221,alpha,,fx_level_z_252,0.03922240436077118
222,beta,momentum,,-0.03433777019381523
222,beta,persist,,0.10351880639791489
222,beta,underwater,,0.025377269834280014
222,B,momentum,kospi_return_1d,0.0044670854695141315
222,B,momentum,fx_level_z_252,-0.0006546881049871445
222,B,persist,kospi_return_1d,-0.004662591964006424
222,B,persist,fx_level_z_252,4.7105480916798115e-05
222,B,underwater,kospi_return_1d,-0.00016950347344391048
222,B,underwater,fx_level_z_252,-0.029186420142650604
222,alpha,,kospi_return_1d,0.0329139344394207
222,alpha,,fx_level_z_252,0.03930516541004181
223,beta,momentum,,-0.034241143614053726
223,beta,persist,,0.10339169204235077
223,beta,underwater,,0.02538873627781868
223,B,momentum,kospi_return_1d,0.0044020009227097034
223,B,momentum,fx_level_z_252,-0.0008954911027103662
223,B,persist,kospi_return_1d,-0.004751537926495075
223,B,persist,fx_level_z_252,0.0003229789435863495
223,B,underwater,kospi_return_1d,-4.528696445049718e-05
223,B,underwater,fx_level_z_252,-0.028890294954180717
223,alpha,,kospi_return_1d,0.032931167632341385
223,alpha,,fx_level_z_252,0.03946181386709213
224,beta,momentum,,-0.034132231026887894
224,beta,persist,,0.10322809219360352
224,beta,underwater,,0.025417527183890343
224,B,momentum,kospi_return_1d,0.004295798484236002
224,B,momentum,fx_level_z_252,-0.0010915040038526058
224,B,persist,kospi_return_1d,-0.004781470168381929
224,B,persist,fx_level_z_252,0.0006138876779004931
224,B,underwater,kospi_return_1d,8.84828477865085e-05
224,B,underwater,fx_level_z_252,-0.02868613600730896
224,alpha,,kospi_return_1d,0.03298475965857506
224,alpha,,fx_level_z_252,0.03961643949151039
225,beta,momentum,,-0.034069787710905075
225,beta,persist,,0.10304045677185059
225,beta,underwater,,0.025427889078855515
225,B,momentum,kospi_return_1d,0.004201783798635006
225,B,momentum,fx_level_z_252,-0.0011192822130396962
225,B,persist,kospi_return_1d,-0.004700412508100271
225,B,persist,fx_level_z_252,0.0006880538421683013
225,B,underwater,kospi_return_1d,0.00026788286049850285
225,B,underwater,fx_level_z_252,-0.028739767149090767
225,alpha,,kospi_return_1d,0.03333691507577896
225,alpha,,fx_level_z_252,0.03970800340175629
226,beta,momentum,,-0.03407590463757515
226,beta,persist,,0.10295645147562027
226,beta,underwater,,0.025541096925735474
226,B,momentum,kospi_return_1d,0.004019472748041153
226,B,momentum,fx_level_z_252,-0.0011310545960441232
226,B,persist,kospi_return_1d,-0.004517409950494766
226,B,persist,fx_level_z_252,0.0006532543338835239
226,B,underwater,kospi_return_1d,0.00042100477730855346
226,B,underwater,fx_level_z_252,-0.02875002846121788
226,alpha,,kospi_return_1d,0.033695243299007416
226,alpha,,fx_level_z_252,0.03973521664738655
227,beta,momentum,,-0.03407121077179909
227,beta,persist,,0.102887824177742
227,beta,underwater,,0.02561626024544239
227,B,momentum,kospi_return_1d,0.0038067144341766834
227,B,momentum,fx_level_z_252,-0.0010877628810703754
227,B,persist,kospi_return_1d,-0.004311499651521444
227,B,persist,fx_level_z_252,0.0005044108838774264
227,B,underwater,kospi_return_1d,0.0005277461605146527
227,B,underwater,fx_level_z_252,-0.028791189193725586
227,alpha,,kospi_return_1d,0.034033581614494324
227,alpha,,fx_level_z_252,0.039716221392154694
228,beta,momentum,,-0.03410160914063454
228,beta,persist,,0.10283979028463364
228,beta,underwater,,0.025668617337942123
228,B,momentum,kospi_return_1d,0.0035542945843189955
228,B,momentum,fx_level_z_252,-0.0009130926919169724
228,B,persist,kospi_return_1d,-0.003993860445916653
228,B,persist,fx_level_z_252,0.0003006142796948552
228,B,underwater,kospi_return_1d,0.0006044995971024036
228,B,underwater,fx_level_z_252,-0.028963860124349594
228,alpha,,kospi_return_1d,0.034320611506700516
228,alpha,,fx_level_z_252,0.039722684770822525
229,beta,momentum,,-0.033966898918151855
229,beta,persist,,0.10279689729213715
229,beta,underwater,,0.025639375671744347
229,B,momentum,kospi_return_1d,0.003428145544603467
229,B,momentum,fx_level_z_252,-0.0008160191355273128
229,B,persist,kospi_return_1d,-0.004030734766274691
229,B,persist,fx_level_z_252,7.660725532332435e-05
229,B,underwater,kospi_return_1d,0.0004745441838167608
229,B,underwater,fx_level_z_252,-0.02924603968858719
229,alpha,,kospi_return_1d,0.03443970903754234
229,alpha,,fx_level_z_252,0.03966749832034111
230,beta,momentum,,-0.03390505909919739
230,beta,persist,,0.10279741883277893
230,beta,underwater,,0.02558690868318081
230,B,momentum,kospi_return_1d,0.0033232131972908974
230,B,momentum,fx_level_z_252,-0.0005761500215157866
230,B,persist,kospi_return_1d,-0.004155770875513554
230,B,persist,fx_level_z_252,-3.775819277507253e-05
230,B,underwater,kospi_return_1d,0.00026140472618862987
230,B,underwater,fx_level_z_252,-0.029647136107087135
230,alpha,,kospi_return_1d,0.034411560744047165
230,alpha,,fx_level_z_252,0.03957545384764671
231,beta,momentum,,-0.03390519320964813
231,beta,persist,,0.10276628285646439
231,beta,underwater,,0.025686189532279968
231,B,momentum,kospi_return_1d,0.0031711074989289045
231,B,momentum,fx_level_z_252,-0.0004492875887081027
231,B,persist,kospi_return_1d,-0.004302628803998232
231,B,persist,fx_level_z_252,-3.297812509117648e-05
231,B,underwater,kospi_return_1d,-0.00014521158300340176
231,B,underwater,fx_level_z_252,-0.02974097430706024
231,alpha,,kospi_return_1d,0.03432188555598259
231,alpha,,fx_level_z_252,0.03966248035430908
232,beta,momentum,,-0.033925823867321014
232,beta,persist,,0.10278977453708649
232,beta,underwater,,0.025842441245913506
232,B,momentum,kospi_return_1d,0.0031448795925825834
232,B,momentum,fx_level_z_252,-0.0005525722517631948
232,B,persist,kospi_return_1d,-0.004725235980004072
232,B,persist,fx_level_z_252,0.00021387037122622132
232,B,underwater,kospi_return_1d,-0.0005883222329430282
232,B,underwater,fx_level_z_252,-0.029489653185009956
232,alpha,,kospi_return_1d,0.0340430773794651
232,alpha,,fx_level_z_252,0.039677053689956665
233,beta,momentum,,-0.03398291394114494
233,beta,persist,,0.1027367115020752
233,beta,underwater,,0.02587922476232052
233,B,momentum,kospi_return_1d,0.0031406478956341743
233,B,momentum,fx_level_z_252,-0.0004903919179923832
233,B,persist,kospi_return_1d,-0.005179271101951599
233,B,persist,fx_level_z_252,0.0003684898838400841
233,B,underwater,kospi_return_1d,-0.0007853943388909101
233,B,underwater,fx_level_z_252,-0.029269475489854813
233,alpha,,kospi_return_1d,0.034102268517017365
233,alpha,,fx_level_z_252,0.03954138234257698
234,beta,momentum,,-0.03396470472216606
234,beta,persist,,0.10260903090238571
234,beta,underwater,,0.02591734007000923
234,B,momentum,kospi_return_1d,0.0032819428015500307
234,B,momentum,fx_level_z_252,-0.0006591422716155648
234,B,persist,kospi_return_1d,-0.005466496106237173
234,B,persist,fx_level_z_252,0.0005962633294984698
234,B,underwater,kospi_return_1d,-0.0008168479544110596
234,B,underwater,fx_level_z_252,-0.029003148898482323
234,alpha,,kospi_return_1d,0.03416884317994118
234,alpha,,fx_level_z_252,0.039400864392519
235,beta,momentum,,-0.034004077315330505
235,beta,persist,,0.10259450227022171
235,beta,underwater,,0.025983115658164024
235,B,momentum,kospi_return_1d,0.003395232604816556
235,B,momentum,fx_level_z_252,-0.0007534426404163241
235,B,persist,kospi_return_1d,-0.005511902738362551
235,B,persist,fx_level_z_252,0.0007452370482496917
235,B,underwater,kospi_return_1d,-0.0006362954736687243
235,B,underwater,fx_level_z_252,-0.02884669229388237
235,alpha,,kospi_return_1d,0.034178733825683594
235,alpha,,fx_level_z_252,0.039394278079271317
236,beta,momentum,,-0.03410778567194939
236,beta,persist,,0.10266105085611343
236,beta,underwater,,0.026126794517040253
236,B,momentum,kospi_return_1d,0.0033930970821529627
236,B,momentum,fx_level_z_252,-0.0009880152065306902
236,B,persist,kospi_return_1d,-0.005516231060028076
236,B,persist,fx_level_z_252,0.0008315233280882239
236,B,underwater,kospi_return_1d,-0.00040484516648575664
236,B,underwater,fx_level_z_252,-0.028471380472183228
236,alpha,,kospi_return_1d,0.034087732434272766
236,alpha,,fx_level_z_252,0.039373043924570084
237,beta,momentum,,-0.034366607666015625
237,beta,persist,,0.10281696170568466
237,beta,underwater,,0.026251399889588356
237,B,momentum,kospi_return_1d,0.0034855285193771124
237,B,momentum,fx_level_z_252,-0.001070743310265243
237,B,persist,kospi_return_1d,-0.0056930407881736755
237,B,persist,fx_level_z_252,0.000929617730434984
237,B,underwater,kospi_return_1d,-0.0002414224436506629
237,B,underwater,fx_level_z_252,-0.028251023963093758
237,alpha,,kospi_return_1d,0.03379014879465103
237,alpha,,fx_level_z_252,0.03932538256049156
238,beta,momentum,,-0.034719113260507584
238,beta,persist,,0.10302664339542389
238,beta,underwater,,0.02641657367348671
238,B,momentum,kospi_return_1d,0.0036057664547115564
238,B,momentum,fx_level_z_252,-0.0010331254452466965
238,B,persist,kospi_return_1d,-0.005734465084969997
238,B,persist,fx_level_z_252,0.0008345316164195538
238,B,underwater,kospi_return_1d,4.236002132529393e-05
238,B,underwater,fx_level_z_252,-0.028188036754727364
238,alpha,,kospi_return_1d,0.03362520411610603
238,alpha,,fx_level_z_252,0.039452407509088516
239,beta,momentum,,-0.03514862805604935
239,beta,persist,,0.10326006263494492
239,beta,underwater,,0.026710810139775276
239,B,momentum,kospi_return_1d,0.0036968111526221037
239,B,momentum,fx_level_z_252,-0.0009164260700345039
239,B,persist,kospi_return_1d,-0.005744354799389839
239,B,persist,fx_level_z_252,0.0006450268556363881
239,B,underwater,kospi_return_1d,0.0001969230070244521
239,B,underwater,fx_level_z_252,-0.02807394042611122
239,alpha,,kospi_return_1d,0.03344586119055748
239,alpha,,fx_level_z_252,0.03952125087380409
240,beta,momentum,,-0.03543343394994736
240,beta,persist,,0.10350365936756134
240,beta,underwater,,0.026814306154847145
240,B,momentum,kospi_return_1d,0.0038243343587964773
240,B,momentum,fx_level_z_252,-0.0006844776216894388
240,B,persist,kospi_return_1d,-0.005729015916585922
240,B,persist,fx_level_z_252,0.00044443586375564337
240,B,underwater,kospi_return_1d,0.00022913749853614718
240,B,underwater,fx_level_z_252,-0.028114434331655502
240,alpha,,kospi_return_1d,0.033278025686740875
240,alpha,,fx_level_z_252,0.0394059456884861
241,beta,momentum,,-0.035586703568696976
241,beta,persist,,0.10367613285779953
241,beta,underwater,,0.026761777698993683
241,B,momentum,kospi_return_1d,0.003967531956732273
241,B,momentum,fx_level_z_252,-0.0005814951728098094
241,B,persist,kospi_return_1d,-0.005983157083392143
241,B,persist,fx_level_z_252,0.0003222135710529983
241,B,underwater,kospi_return_1d,0.0002396449854131788
241,B,underwater,fx_level_z_252,-0.0281651820987463
241,alpha,,kospi_return_1d,0.033089883625507355
241,alpha,,fx_level_z_252,0.039210494607686996
242,beta,momentum,,-0.035664916038513184
242,beta,persist,,0.10377082228660583
242,beta,underwater,,0.026686597615480423
242,B,momentum,kospi_return_1d,0.003907466307282448
242,B,momentum,fx_level_z_252,-0.0004929014830850065
242,B,persist,kospi_return_1d,-0.0059862518683075905
242,B,persist,fx_level_z_252,0.0002825491828843951
242,B,underwater,kospi_return_1d,0.0004183539713267237
242,B,underwater,fx_level_z_252,-0.02833799459040165
242,alpha,,kospi_return_1d,0.03305955231189728
242,alpha,,fx_level_z_252,0.03898000717163086
243,beta,momentum,,-0.03567853569984436
243,beta,persist,,0.10380226373672485
243,beta,underwater,,0.026616185903549194
243,B,momentum,kospi_return_1d,0.003996242303401232
243,B,momentum,fx_level_z_252,-0.00038760819006711245
243,B,persist,kospi_return_1d,-0.005891286768019199
243,B,persist,fx_level_z_252,0.00021620493498630822
243,B,underwater,kospi_return_1d,0.0005127005279064178
243,B,underwater,fx_level_z_252,-0.028563247993588448
243,alpha,,kospi_return_1d,0.03305201604962349
243,alpha,,fx_level_z_252,0.038679249584674835
244,beta,momentum,,-0.03571521118283272
244,beta,persist,,0.10383570939302444
244,beta,underwater,,0.02666916698217392
244,B,momentum,kospi_return_1d,0.004029023461043835
244,B,momentum,fx_level_z_252,-0.00039765157271176577
244,B,persist,kospi_return_1d,-0.005777489393949509
244,B,persist,fx_level_z_252,0.0003155886079184711
244,B,underwater,kospi_return_1d,0.0004384517960716039
244,B,underwater,fx_level_z_252,-0.028644131496548653
244,alpha,,kospi_return_1d,0.03289397433400154
244,alpha,,fx_level_z_252,0.038477592170238495
245,beta,momentum,,-0.0356014184653759
245,beta,persist,,0.10381783545017242
245,beta,underwater,,0.026628749445080757
245,B,momentum,kospi_return_1d,0.004123079124838114
245,B,momentum,fx_level_z_252,-0.0005964499432593584
245,B,persist,kospi_return_1d,-0.0057237581349909306
245,B,persist,fx_level_z_252,0.0005459180101752281
245,B,underwater,kospi_return_1d,0.00029862503288313746
245,B,underwater,fx_level_z_252,-0.028638102114200592
245,alpha,,kospi_return_1d,0.0327962189912796
245,alpha,,fx_level_z_252,0.038435257971286774
246,beta,momentum,,-0.03545922785997391
246,beta,persist,,0.1036943569779396
246,beta,underwater,,0.026601383462548256
246,B,momentum,kospi_return_1d,0.004192131571471691
246,B,momentum,fx_level_z_252,-0.0009195889579132199
246,B,persist,kospi_return_1d,-0.0058262464590370655
246,B,persist,fx_level_z_252,0.0007772826938889921
246,B,underwater,kospi_return_1d,8.512656495440751e-05
246,B,underwater,fx_level_z_252,-0.02863694541156292
246,alpha,,kospi_return_1d,0.03287504240870476
246,alpha,,fx_level_z_252,0.03844267129898071
247,beta,momentum,,-0.035258956253528595
247,beta,persist,,0.10352478176355362
247,beta,underwater,,0.02654530107975006
247,B,momentum,kospi_return_1d,0.00429883087053895
247,B,momentum,fx_level_z_252,-0.0013667317107319832
247,B,persist,kospi_return_1d,-0.006171965505927801
247,B,persist,fx_level_z_252,0.001059504458680749
247,B,underwater,kospi_return_1d,-0.0002823613176587969
247,B,underwater,fx_level_z_252,-0.028587613254785538
247,alpha,,kospi_return_1d,0.03288155049085617
247,alpha,,fx_level_z_252,0.03847716376185417
248,beta,momentum,,-0.0350063182413578
248,beta,persist,,0.10335718840360641
248,beta,underwater,,0.026524480432271957
248,B,momentum,kospi_return_1d,0.004386104177683592
248,B,momentum,fx_level_z_252,-0.002007958712056279
248,B,persist,kospi_return_1d,-0.006612810771912336
248,B,persist,fx_level_z_252,0.001210546470247209
248,B,underwater,kospi_return_1d,-0.0006127109518274665
248,B,underwater,fx_level_z_252,-0.028341613709926605
248,alpha,,kospi_return_1d,0.03298584371805191
248,alpha,,fx_level_z_252,0.03851593658328056
249,beta,momentum,,-0.03469110652804375
249,beta,persist,,0.10319769382476807
249,beta,underwater,,0.026537679135799408
249,B,momentum,kospi_return_1d,0.0043610697612166405
249,B,momentum,fx_level_z_252,-0.0024276762269437313
249,B,persist,kospi_return_1d,-0.006901256274431944
249,B,persist,fx_level_z_252,0.0013042556820437312
249,B,underwater,kospi_return_1d,-0.0008198010036721826
249,B,underwater,fx_level_z_252,-0.028170235455036163
249,alpha,,kospi_return_1d,0.03297702595591545
249,alpha,,fx_level_z_252,0.03856208175420761
250,beta,momentum,,-0.03443242982029915
250,beta,persist,,0.102908656001091
250,beta,underwater,,0.026477430015802383
250,B,momentum,kospi_return_1d,0.004130816087126732
250,B,momentum,fx_level_z_252,-0.002796577289700508
250,B,persist,kospi_return_1d,-0.006957764271646738
250,B,persist,fx_level_z_252,0.0013720706338062882
250,B,underwater,kospi_return_1d,-0.00048223265912383795
250,B,underwater,fx_level_z_252,-0.028071042150259018
250,alpha,,kospi_return_1d,0.03318151831626892
250,alpha,,fx_level_z_252,0.03850330039858818
251,beta,momentum,,-0.03416972607374191
251,beta,persist,,0.10258643329143524
251,beta,underwater,,0.0263572596013546
251,B,momentum,kospi_return_1d,0.0038953397888690233
251,B,momentum,fx_level_z_252,-0.003040473908185959
251,B,persist,kospi_return_1d,-0.006902474444359541
251,B,persist,fx_level_z_252,0.0014399493811652064
251,B,underwater,kospi_return_1d,-8.564179006498307e-05
251,B,underwater,fx_level_z_252,-0.028087135404348373
251,alpha,,kospi_return_1d,0.0334492065012455
251,alpha,,fx_level_z_252,0.03834722191095352
252,beta,momentum,,-0.033844418823719025
252,beta,persist,,0.10223158448934555
252,beta,underwater,,0.026147354394197464
252,B,momentum,kospi_return_1d,0.0035966807045042515
252,B,momentum,fx_level_z_252,-0.0031747131142765284
252,B,persist,kospi_return_1d,-0.0066925338469445705
252,B,persist,fx_level_z_252,0.0014771593268960714
252,B,underwater,kospi_return_1d,0.00031576870242133737
252,B,underwater,fx_level_z_252,-0.02831319533288479
252,alpha,,kospi_return_1d,0.03385567665100098
252,alpha,,fx_level_z_252,0.03825436905026436
253,beta,momentum,,-0.033544618636369705
253,beta,persist,,0.10200238227844238
253,beta,underwater,,0.026118239387869835
253,B,momentum,kospi_return_1d,0.0034338051918894053
253,B,momentum,fx_level_z_252,-0.0033126897178590298
253,B,persist,kospi_return_1d,-0.006353322416543961
253,B,persist,fx_level_z_252,0.0015482880407944322
253,B,underwater,kospi_return_1d,0.0005030781030654907
253,B,underwater,fx_level_z_252,-0.02833109349012375
253,alpha,,kospi_return_1d,0.03426085785031319
253,alpha,,fx_level_z_252,0.03823866695165634
254,beta,momentum,,-0.03330610692501068
254,beta,persist,,0.1018587052822113
254,beta,underwater,,0.026079870760440826
254,B,momentum,kospi_return_1d,0.0033512304071336985
254,B,momentum,fx_level_z_252,-0.0034450131934136152
254,B,persist,kospi_return_1d,-0.005950699560344219
254,B,persist,fx_level_z_252,0.0016505098901689053
254,B,underwater,kospi_return_1d,0.0005817082710564137
254,B,underwater,fx_level_z_252,-0.02838398888707161
254,alpha,,kospi_return_1d,0.03448275849223137
254,alpha,,fx_level_z_252,0.03816404566168785
255,beta,momentum,,-0.03307151049375534
255,beta,persist,,0.10169651359319687
255,beta,underwater,,0.02608640119433403
255,B,momentum,kospi_return_1d,0.0032337079755961895
255,B,momentum,fx_level_z_252,-0.0034669023007154465
255,B,persist,kospi_return_1d,-0.005463812500238419
255,B,persist,fx_level_z_252,0.001551685738377273
255,B,underwater,kospi_return_1d,0.0006929784431122243
255,B,underwater,fx_level_z_252,-0.028592359274625778
255,alpha,,kospi_return_1d,0.03484705463051796
255,alpha,,fx_level_z_252,0.03808366507291794
256,beta,momentum,,-0.032914139330387115
256,beta,persist,,0.10149619728326797
256,beta,underwater,,0.026050034910440445
256,B,momentum,kospi_return_1d,0.003091408172622323
256,B,momentum,fx_level_z_252,-0.0032805625814944506
256,B,persist,kospi_return_1d,-0.005129511002451181
256,B,persist,fx_level_z_252,0.001513339695520699
256,B,underwater,kospi_return_1d,0.0006437448901124299
256,B,underwater,fx_level_z_252,-0.028836840763688087
256,alpha,,kospi_return_1d,0.035199180245399475
256,alpha,,fx_level_z_252,0.038000594824552536
257,beta,momentum,,-0.03284430876374245
257,beta,persist,,0.10133334249258041
257,beta,underwater,,0.025969907641410828
257,B,momentum,kospi_return_1d,0.002815204206854105
257,B,momentum,fx_level_z_252,-0.002916706958785653
257,B,persist,kospi_return_1d,-0.004709361586719751
257,B,persist,fx_level_z_252,0.0012001377763226628
257,B,underwater,kospi_return_1d,0.0006105576176196337
257,B,underwater,fx_level_z_252,-0.02918563224375248
257,alpha,,kospi_return_1d,0.035536255687475204
257,alpha,,fx_level_z_252,0.03793083876371384
258,beta,momentum,,-0.032838866114616394
258,beta,persist,,0.10127542167901993
258,beta,underwater,,0.025991054251790047
258,B,momentum,kospi_return_1d,0.002527021337300539
258,B,momentum,fx_level_z_252,-0.002570832846686244
258,B,persist,kospi_return_1d,-0.004379686433821917
258,B,persist,fx_level_z_252,0.0008885039133019745
258,B,underwater,kospi_return_1d,0.00047197117237374187
258,B,underwater,fx_level_z_252,-0.029418854042887688
258,alpha,,kospi_return_1d,0.03564716875553131
258,alpha,,fx_level_z_252,0.03796154260635376
259,beta,momentum,,-0.03291108459234238
259,beta,persist,,0.10133008658885956
259,beta,underwater,,0.026099400594830513
259,B,momentum,kospi_return_1d,0.002268133917823434
259,B,momentum,fx_level_z_252,-0.0023291297256946564
259,B,persist,kospi_return_1d,-0.004145106766372919
259,B,persist,fx_level_z_252,0.0007233471260406077
259,B,underwater,kospi_return_1d,0.0002167429483961314
259,B,underwater,fx_level_z_252,-0.029485641047358513
259,alpha,,kospi_return_1d,0.03554830700159073
259,alpha,,fx_level_z_252,0.037950798869132996
260,beta,momentum,,-0.032952141016721725
260,beta,persist,,0.10136592388153076
260,beta,underwater,,0.026159018278121948
260,B,momentum,kospi_return_1d,0.002372678369283676
260,B,momentum,fx_level_z_252,-0.002054337877780199
260,B,persist,kospi_return_1d,-0.004150783643126488
260,B,persist,fx_level_z_252,0.00046880135778337717
260,B,underwater,kospi_return_1d,-0.00019660979160107672
260,B,underwater,fx_level_z_252,-0.029641641303896904
260,alpha,,kospi_return_1d,0.03533774986863136
260,alpha,,fx_level_z_252,0.03797269985079765
261,beta,momentum,,-0.03297075629234314
261,beta,persist,,0.10144556313753128
261,beta,underwater,,0.026176074519753456
261,B,momentum,kospi_return_1d,0.002578968182206154
261,B,momentum,fx_level_z_252,-0.0017303084023296833
261,B,persist,kospi_return_1d,-0.004212426487356424
261,B,persist,fx_level_z_252,0.00015511183300986886
261,B,underwater,kospi_return_1d,-0.0005866915453225374
261,B,underwater,fx_level_z_252,-0.02994224987924099
261,alpha,,kospi_return_1d,0.03494630381464958
261,alpha,,fx_level_z_252,0.03808238357305527
262,beta,momentum,,-0.03314905986189842
262,beta,persist,,0.10153020173311234
262,beta,underwater,,0.0262769665569067
262,B,momentum,kospi_return_1d,0.002600857289507985
262,B,momentum,fx_level_z_252,-0.001360730966553092
262,B,persist,kospi_return_1d,-0.004102088510990143
262,B,persist,fx_level_z_252,-3.690622543217614e-05
262,B,underwater,kospi_return_1d,-0.0005849027656950057
262,B,underwater,fx_level_z_252,-0.030211959034204483
262,alpha,,kospi_return_1d,0.03446001186966896
262,alpha,,fx_level_z_252,0.03814788535237312
263,beta,momentum,,-0.033408019691705704
263,beta,persist,,0.10166653245687485
263,beta,underwater,,0.026444703340530396
263,B,momentum,kospi_return_1d,0.0025362081360071898
263,B,momentum,fx_level_z_252,-0.00118815538007766
263,B,persist,kospi_return_1d,-0.004211654886603355
263,B,persist,fx_level_z_252,6.0758990002796054e-05
263,B,underwater,kospi_return_1d,-0.000602549931500107
263,B,underwater,fx_level_z_252,-0.03020426630973816
263,alpha,,kospi_return_1d,0.03395608440041542
263,alpha,,fx_level_z_252,0.03831855580210686
264,beta,momentum,,-0.03368629515171051
264,beta,persist,,0.10180027037858963
264,beta,underwater,,0.026599403470754623
264,B,momentum,kospi_return_1d,0.0024050259962677956
264,B,momentum,fx_level_z_252,-0.0011743927607312799
264,B,persist,kospi_return_1d,-0.004430037457495928
264,B,persist,fx_level_z_252,0.0003297307121101767
264,B,underwater,kospi_return_1d,-0.0005905702710151672
264,B,underwater,fx_level_z_252,-0.029972018674016
264,alpha,,kospi_return_1d,0.03359826281666756
264,alpha,,fx_level_z_252,0.03866958990693092
265,beta,momentum,,-0.0338250957429409
265,beta,persist,,0.1019325777888298
265,beta,underwater,,0.026744727045297623
265,B,momentum,kospi_return_1d,0.0024164856877177954
265,B,momentum,fx_level_z_252,-0.0011970266932621598
265,B,persist,kospi_return_1d,-0.004752312786877155
265,B,persist,fx_level_z_252,0.0005509827751666307
265,B,underwater,kospi_return_1d,-0.0005260772304609418
265,B,underwater,fx_level_z_252,-0.029788004234433174
265,alpha,,kospi_return_1d,0.0332796648144722
265,alpha,,fx_level_z_252,0.03896979242563248
266,beta,momentum,,-0.0339265838265419
266,beta,persist,,0.10209528356790543
266,beta,underwater,,0.026889299973845482
266,B,momentum,kospi_return_1d,0.002554215956479311
266,B,momentum,fx_level_z_252,-0.0012138639576733112
266,B,persist,kospi_return_1d,-0.00505560077726841
266,B,persist,fx_level_z_252,0.0006933645345270634
266,B,underwater,kospi_return_1d,-0.00027626496739685535
266,B,underwater,fx_level_z_252,-0.0296592116355896
266,alpha,,kospi_return_1d,0.03285625949501991
266,alpha,,fx_level_z_252,0.039279695600271225
267,beta,momentum,,-0.034086912870407104
267,beta,persist,,0.10224351286888123
267,beta,underwater,,0.02702484279870987
267,B,momentum,kospi_return_1d,0.002584803616628051
267,B,momentum,fx_level_z_252,-0.0010100679937750101
267,B,persist,kospi_return_1d,-0.005050706677138805
267,B,persist,fx_level_z_252,0.0006712465547025204
267,B,underwater,kospi_return_1d,3.717077197507024e-05
267,B,underwater,fx_level_z_252,-0.029624423012137413
267,alpha,,kospi_return_1d,0.0324857234954834
267,alpha,,fx_level_z_252,0.039538923650979996
268,beta,momentum,,-0.03412880375981331
268,beta,persist,,0.10237105190753937
268,beta,underwater,,0.02700503170490265
268,B,momentum,kospi_return_1d,0.002619850682094693
268,B,momentum,fx_level_z_252,-0.0008139337878674269
268,B,persist,kospi_return_1d,-0.005033993162214756
268,B,persist,fx_level_z_252,0.0006398741970770061
268,B,underwater,kospi_return_1d,0.0004115326446481049
268,B,underwater,fx_level_z_252,-0.029651809483766556
268,alpha,,kospi_return_1d,0.032143838703632355
268,alpha,,fx_level_z_252,0.03979548439383507
269,beta,momentum,,-0.034132447093725204
269,beta,persist,,0.10248108953237534
269,beta,underwater,,0.027042079716920853
269,B,momentum,kospi_return_1d,0.0028293500654399395
269,B,momentum,fx_level_z_252,-0.0006289163720794022
269,B,persist,kospi_return_1d,-0.005159412510693073
269,B,persist,fx_level_z_252,0.0005644530174322426
269,B,underwater,kospi_return_1d,0.00031844418845139444
269,B,underwater,fx_level_z_252,-0.02965359017252922
269,alpha,,kospi_return_1d,0.03194044157862663
269,alpha,,fx_level_z_252,0.04019734635949135
270,beta,momentum,,-0.03422035276889801
270,beta,persist,,0.1025548130273819
270,beta,underwater,,0.027039535343647003
270,B,momentum,kospi_return_1d,0.003095483873039484
270,B,momentum,fx_level_z_252,-0.0004977941862307489
270,B,persist,kospi_return_1d,-0.00533675029873848
270,B,persist,fx_level_z_252,0.0004973384784534574
270,B,underwater,kospi_return_1d,-2.0711086108349264e-05
270,B,underwater,fx_level_z_252,-0.02958454191684723
270,alpha,,kospi_return_1d,0.03174981847405434
270,alpha,,fx_level_z_252,0.04062826186418533
271,beta,momentum,,-0.03434997424483299
271,beta,persist,,0.10268432646989822
271,beta,underwater,,0.02710268832743168
271,B,momentum,kospi_return_1d,0.0033666682429611683
271,B,momentum,fx_level_z_252,-0.0004795089189428836
271,B,persist,kospi_return_1d,-0.005674681160598993
271,B,persist,fx_level_z_252,0.00019353053357917815
271,B,underwater,kospi_return_1d,-0.0002990459615830332
271,B,underwater,fx_level_z_252,-0.029477166011929512
271,alpha,,kospi_return_1d,0.03137360140681267
271,alpha,,fx_level_z_252,0.040997494012117386
272,beta,momentum,,-0.03429871425032616
272,beta,persist,,0.10277074575424194
272,beta,underwater,,0.027102185413241386
272,B,momentum,kospi_return_1d,0.00360333314165473
272,B,momentum,fx_level_z_252,-0.0004639767576009035
272,B,persist,kospi_return_1d,-0.006156284827739
272,B,persist,fx_level_z_252,1.4309916878119111e-05
272,B,underwater,kospi_return_1d,-0.0004126754938624799
272,B,underwater,fx_level_z_252,-0.029361693188548088
272,alpha,,kospi_return_1d,0.031090466305613518
272,alpha,,fx_level_z_252,0.04125196859240532
273,beta,momentum,,-0.03424994647502899
273,beta,persist,,0.10279231518507004
273,beta,underwater,,0.02703317627310753
273,B,momentum,kospi_return_1d,0.0036478841211646795
273,B,momentum,fx_level_z_252,-0.000319102342473343
273,B,persist,kospi_return_1d,-0.006343767046928406
273,B,persist,fx_level_z_252,-8.054415229707956e-05
273,B,underwater,kospi_return_1d,-0.00020173212396912277
273,B,underwater,fx_level_z_252,-0.029463833197951317
273,alpha,,kospi_return_1d,0.031019913032650948
273,alpha,,fx_level_z_252,0.04134088754653931
274,beta,momentum,,-0.03427158296108246
274,beta,persist,,0.10271937400102615
274,beta,underwater,,0.026941675692796707
274,B,momentum,kospi_return_1d,0.003460176754742861
274,B,momentum,fx_level_z_252,-0.0002659319434314966
274,B,persist,kospi_return_1d,-0.0065127043053507805
274,B,persist,fx_level_z_252,6.981967453612015e-05
274,B,underwater,kospi_return_1d,5.004512786399573e-05
274,B,underwater,fx_level_z_252,-0.02959504909813404
274,alpha,,kospi_return_1d,0.031120525673031807
274,alpha,,fx_level_z_252,0.04138156771659851
275,beta,momentum,,-0.03423745930194855
275,beta,persist,,0.10260988771915436
275,beta,underwater,,0.026762058958411217
275,B,momentum,kospi_return_1d,0.003369132289662957
275,B,momentum,fx_level_z_252,-0.00026401664945296943
275,B,persist,kospi_return_1d,-0.0067068301141262054
275,B,persist,fx_level_z_252,0.0002842032117769122
275,B,underwater,kospi_return_1d,9.325872815679759e-05
275,B,underwater,fx_level_z_252,-0.02973165735602379
275,alpha,,kospi_return_1d,0.031368646770715714
275,alpha,,fx_level_z_252,0.04134083539247513
276,beta,momentum,,-0.03416483476758003
276,beta,persist,,0.10256241261959076
276,beta,underwater,,0.02653466910123825
276,B,momentum,kospi_return_1d,0.0032643249724060297
276,B,momentum,fx_level_z_252,-0.00021865016606170684
276,B,persist,kospi_return_1d,-0.0068356869742274284
276,B,persist,fx_level_z_252,0.0004931935109198093
276,B,underwater,kospi_return_1d,0.00012289000733289868
276,B,underwater,fx_level_z_252,-0.02977527678012848
276,alpha,,kospi_return_1d,0.031657904386520386
276,alpha,,fx_level_z_252,0.041158705949783325
277,beta,momentum,,-0.03405984118580818
277,beta,persist,,0.10254493355751038
277,beta,underwater,,0.026494858786463737
277,B,momentum,kospi_return_1d,0.003262484213337302
277,B,momentum,fx_level_z_252,-0.0002182030293624848
277,B,persist,kospi_return_1d,-0.006718216929584742
277,B,persist,fx_level_z_252,0.0004830744001083076
277,B,underwater,kospi_return_1d,4.249552875990048e-05
277,B,underwater,fx_level_z_252,-0.029786165803670883
277,alpha,,kospi_return_1d,0.032034266740083694
277,alpha,,fx_level_z_252,0.04109679162502289
278,beta,momentum,,-0.034016966819763184
278,beta,persist,,0.10252169519662857
278,beta,underwater,,0.026404589414596558
278,B,momentum,kospi_return_1d,0.003081776201725006
278,B,momentum,fx_level_z_252,-0.0002820735680870712
278,B,persist,kospi_return_1d,-0.006349054165184498
278,B,persist,fx_level_z_252,0.0003675794287119061
278,B,underwater,kospi_return_1d,8.246725337812677e-05
278,B,underwater,fx_level_z_252,-0.029847074300050735
278,alpha,,kospi_return_1d,0.03252160921692848
278,alpha,,fx_level_z_252,0.04109685868024826
279,beta,momentum,,-0.033961180597543716
279,beta,persist,,0.1024581640958786
279,beta,underwater,,0.026331420987844467
279,B,momentum,kospi_return_1d,0.0029731520917266607
279,B,momentum,fx_level_z_252,-0.0003828869666904211
279,B,persist,kospi_return_1d,-0.0060132709331810474
279,B,persist,fx_level_z_252,0.00012809976760763675
279,B,underwater,kospi_return_1d,7.554454350611195e-05
279,B,underwater,fx_level_z_252,-0.029971186071634293
279,alpha,,kospi_return_1d,0.032989684492349625
279,alpha,,fx_level_z_252,0.041251860558986664
280,beta,momentum,,-0.03375569358468056
280,beta,persist,,0.1023879274725914
280,beta,underwater,,0.026203365996479988
280,B,momentum,kospi_return_1d,0.002855178201571107
280,B,momentum,fx_level_z_252,-0.0005974653759039938
280,B,persist,kospi_return_1d,-0.005624162498861551
280,B,persist,fx_level_z_252,-0.00010677403770387173
280,B,underwater,kospi_return_1d,0.00018380382971372455
280,B,underwater,fx_level_z_252,-0.030068932101130486
280,alpha,,kospi_return_1d,0.033300429582595825
280,alpha,,fx_level_z_252,0.04116641730070114
281,beta,momentum,,-0.03358152508735657
281,beta,persist,,0.10232767462730408
281,beta,underwater,,0.026024652644991875
281,B,momentum,kospi_return_1d,0.002784106181934476
281,B,momentum,fx_level_z_252,-0.0007234368240460753
281,B,persist,kospi_return_1d,-0.005249375943094492
281,B,persist,fx_level_z_252,-0.00020111500634811819
281,B,underwater,kospi_return_1d,0.00036548980278894305
281,B,underwater,fx_level_z_252,-0.03010975383222103
281,alpha,,kospi_return_1d,0.033421337604522705
281,alpha,,fx_level_z_252,0.04096582531929016
282,beta,momentum,,-0.0335698164999485
282,beta,persist,,0.10239355266094208
282,beta,underwater,,0.025986401364207268
282,B,momentum,kospi_return_1d,0.002702670404687524
282,B,momentum,fx_level_z_252,-0.0007047306862659752
282,B,persist,kospi_return_1d,-0.0047821663320064545
282,B,persist,fx_level_z_252,-0.0002527823962736875
282,B,underwater,kospi_return_1d,0.0005541798309423029
282,B,underwater,fx_level_z_252,-0.030159391462802887
282,alpha,,kospi_return_1d,0.03359151631593704
282,alpha,,fx_level_z_252,0.04082895815372467
283,beta,momentum,,-0.033694423735141754
283,beta,persist,,0.10252527892589569
283,beta,underwater,,0.026107488200068474
283,B,momentum,kospi_return_1d,0.002693304792046547
283,B,momentum,fx_level_z_252,-0.0007633364293724298
283,B,persist,kospi_return_1d,-0.0042449310421943665
283,B,persist,fx_level_z_252,-0.000257402251008898
283,B,underwater,kospi_return_1d,0.0005804105312563479
283,B,underwater,fx_level_z_252,-0.030071426182985306
283,alpha,,kospi_return_1d,0.03353952616453171
283,alpha,,fx_level_z_252,0.04064902290701866
284,beta,momentum,,-0.03383663669228554
284,beta,persist,,0.10263225436210632
284,beta,underwater,,0.02622189372777939
284,B,momentum,kospi_return_1d,0.002847804920747876
284,B,momentum,fx_level_z_252,-0.0008017105283215642
284,B,persist,kospi_return_1d,-0.0038502805400639772
284,B,persist,fx_level_z_252,-0.0001265109021915123
284,B,underwater,kospi_return_1d,0.0003865281178150326
284,B,underwater,fx_level_z_252,-0.029997866600751877
284,alpha,,kospi_return_1d,0.033518314361572266
284,alpha,,fx_level_z_252,0.04046212509274483
285,beta,momentum,,-0.033862438052892685
285,beta,persist,,0.10257682204246521
285,beta,underwater,,0.026205027475953102
285,B,momentum,kospi_return_1d,0.0030939350835978985
285,B,momentum,fx_level_z_252,-0.0007353852270171046
285,B,persist,kospi_return_1d,-0.0037346656899899244
285,B,persist,fx_level_z_252,0.0001479788334108889
285,B,underwater,kospi_return_1d,5.582271842285991e-05
285,B,underwater,fx_level_z_252,-0.029969381168484688
285,alpha,,kospi_return_1d,0.03355132415890694
285,alpha,,fx_level_z_252,0.04007073864340782
286,beta,momentum,,-0.03380851447582245
286,beta,persist,,0.10248776525259018
286,beta,underwater,,0.026023132726550102
286,B,momentum,kospi_return_1d,0.0034143351949751377
286,B,momentum,fx_level_z_252,-0.0004989971057511866
286,B,persist,kospi_return_1d,-0.0037012696266174316
286,B,persist,fx_level_z_252,0.0003110703837592155
286,B,underwater,kospi_return_1d,-0.00020452581520657986
286,B,underwater,fx_level_z_252,-0.030069436877965927
286,alpha,,kospi_return_1d,0.033724214881658554
286,alpha,,fx_level_z_252,0.03970824554562569
287,beta,momentum,,-0.03380638733506203
287,beta,persist,,0.10236144065856934
287,beta,underwater,,0.025788413360714912
287,B,momentum,kospi_return_1d,0.0036582837346941233
287,B,momentum,fx_level_z_252,-0.0004581388784572482
287,B,persist,kospi_return_1d,-0.0037864805199205875
287,B,persist,fx_level_z_252,0.0005310536362230778
287,B,underwater,kospi_return_1d,-0.00019528361735865474
287,B,underwater,fx_level_z_252,-0.02998942881822586
287,alpha,,kospi_return_1d,0.03389076888561249
287,alpha,,fx_level_z_252,0.0393281951546669
288,beta,momentum,,-0.0339423269033432
288,beta,persist,,0.10236842930316925
288,beta,underwater,,0.02577395550906658
288,B,momentum,kospi_return_1d,0.0038870710413903
288,B,momentum,fx_level_z_252,-0.0005513213109225035
288,B,persist,kospi_return_1d,-0.003916933201253414
288,B,persist,fx_level_z_252,0.0006549400859512389
288,B,underwater,kospi_return_1d,-0.00016175965720321983
288,B,underwater,fx_level_z_252,-0.02974792756140232
288,alpha,,kospi_return_1d,0.03369888663291931
288,alpha,,fx_level_z_252,0.039170216768980026
289,beta,momentum,,-0.03415551409125328
289,beta,persist,,0.10250095278024673
289,beta,underwater,,0.025822844356298447
289,B,momentum,kospi_return_1d,0.004062810447067022
289,B,momentum,fx_level_z_252,-0.000552746991161257
289,B,persist,kospi_return_1d,-0.003973701503127813
289,B,persist,fx_level_z_252,0.000669094268232584
289,B,underwater,kospi_return_1d,-6.841175490990281e-06
289,B,underwater,fx_level_z_252,-0.02958209626376629
289,alpha,,kospi_return_1d,0.033423081040382385
289,alpha,,fx_level_z_252,0.039038095623254776
290,beta,momentum,,-0.034339964389801025
290,beta,persist,,0.10266328603029251
290,beta,underwater,,0.025806011632084846
290,B,momentum,kospi_return_1d,0.004261635709553957
290,B,momentum,fx_level_z_252,-0.00045334704918786883
290,B,persist,kospi_return_1d,-0.004003160633146763
290,B,persist,fx_level_z_252,0.0005915166693739593
290,B,underwater,kospi_return_1d,0.00015434376837220043
290,B,underwater,fx_level_z_252,-0.029485277831554413
290,alpha,,kospi_return_1d,0.032999880611896515
290,alpha,,fx_level_z_252,0.039048053324222565
291,beta,momentum,,-0.0345144085586071
291,beta,persist,,0.10282661020755768
291,beta,underwater,,0.025845801457762718
291,B,momentum,kospi_return_1d,0.004462202079594135
291,B,momentum,fx_level_z_252,-0.00030050339410081506
291,B,persist,kospi_return_1d,-0.0041731963865458965
291,B,persist,fx_level_z_252,0.0004819079767912626
291,B,underwater,kospi_return_1d,3.505732092889957e-05
291,B,underwater,fx_level_z_252,-0.02936905436217785
291,alpha,,kospi_return_1d,0.0327274352312088
291,alpha,,fx_level_z_252,0.03895311802625656
292,beta,momentum,,-0.03470701724290848
292,beta,persist,,0.10297486931085587
292,beta,underwater,,0.02588333934545517
292,B,momentum,kospi_return_1d,0.004546636715531349
292,B,momentum,fx_level_z_252,-0.0003895814879797399
292,B,persist,kospi_return_1d,-0.0043254271149635315
292,B,persist,fx_level_z_252,0.0006048709619790316
292,B,underwater,kospi_return_1d,-2.8821785235777497e-05
292,B,underwater,fx_level_z_252,-0.029124507680535316
292,alpha,,kospi_return_1d,0.032359011471271515
292,alpha,,fx_level_z_252,0.03895409032702446
293,beta,momentum,,-0.03493685647845268
293,beta,persist,,0.10311771184206009
293,beta,underwater,,0.025850581005215645
293,B,momentum,kospi_return_1d,0.004344352521002293
293,B,momentum,fx_level_z_252,-0.0003581956261768937
293,B,persist,kospi_return_1d,-0.0042535001412034035
293,B,persist,fx_level_z_252,0.0007355593261308968
293,B,underwater,kospi_return_1d,0.0002059988910332322
293,B,underwater,fx_level_z_252,-0.02909017913043499
293,alpha,,kospi_return_1d,0.0319267176091671
293,alpha,,fx_level_z_252,0.03889336436986923
294,beta,momentum,,-0.035138506442308426
294,beta,persist,,0.10321449488401413
294,beta,underwater,,0.025897132232785225
294,B,momentum,kospi_return_1d,0.004234881140291691
294,B,momentum,fx_level_z_252,-0.00040359064587391913
294,B,persist,kospi_return_1d,-0.004161507356911898
294,B,persist,fx_level_z_252,0.0007556388154625893
294,B,underwater,kospi_return_1d,0.00021673731680493802
294,B,underwater,fx_level_z_252,-0.029034018516540527
294,alpha,,kospi_return_1d,0.031610626727342606
294,alpha,,fx_level_z_252,0.03891761228442192
295,beta,momentum,,-0.035307031124830246
295,beta,persist,,0.10324561595916748
295,beta,underwater,,0.02600773796439171
295,B,momentum,kospi_return_1d,0.004239414818584919
295,B,momentum,fx_level_z_252,-0.0005732005229219794
295,B,persist,kospi_return_1d,-0.004064460750669241
295,B,persist,fx_level_z_252,0.001027486054226756
295,B,underwater,kospi_return_1d,6.210332503542304e-05
295,B,underwater,fx_level_z_252,-0.028817974030971527
295,alpha,,kospi_return_1d,0.031401317566633224
295,alpha,,fx_level_z_252,0.039067592471838
296,beta,momentum,,-0.035387199372053146
296,beta,persist,,0.10309688001871109
296,beta,underwater,,0.026048671454191208
296,B,momentum,kospi_return_1d,0.004356503486633301
296,B,momentum,fx_level_z_252,-0.0007887915708124638
296,B,persist,kospi_return_1d,-0.004060561303049326
296,B,persist,fx_level_z_252,0.001325521501712501
296,B,underwater,kospi_return_1d,-6.698130164295435e-05
296,B,underwater,fx_level_z_252,-0.028601935133337975
296,alpha,,kospi_return_1d,0.03150971978902817
296,alpha,,fx_level_z_252,0.039090972393751144
297,beta,momentum,,-0.035456568002700806
297,beta,persist,,0.10290221869945526
297,beta,underwater,,0.026060404255986214
297,B,momentum,kospi_return_1d,0.0043485756032168865
297,B,momentum,fx_level_z_252,-0.0010221033589914441
297,B,persist,kospi_return_1d,-0.00408554170280695
297,B,persist,fx_level_z_252,0.0015809321776032448
297,B,underwater,kospi_return_1d,3.8832498830743134e-05
297,B,underwater,fx_level_z_252,-0.028409093618392944
297,alpha,,kospi_return_1d,0.0316275991499424
297,alpha,,fx_level_z_252,0.03896868973970413
298,beta,momentum,,-0.03539811447262764
298,beta,persist,,0.10269549489021301
298,beta,underwater,,0.02581300586462021
298,B,momentum,kospi_return_1d,0.004347372800111771
298,B,momentum,fx_level_z_252,-0.0010748677887022495
298,B,persist,kospi_return_1d,-0.004079124890267849
298,B,persist,fx_level_z_252,0.0014914562925696373
298,B,underwater,kospi_return_1d,0.00030481122666969895
298,B,underwater,fx_level_z_252,-0.0285529512912035
298,alpha,,kospi_return_1d,0.0319095179438591
298,alpha,,fx_level_z_252,0.038852397352457047
299,beta,momentum,,-0.035301126539707184
299,beta,persist,,0.10248526930809021
299,beta,underwater,,0.025544628500938416
299,B,momentum,kospi_return_1d,0.004455524496734142
299,B,momentum,fx_level_z_252,-0.001016017165966332
299,B,persist,kospi_return_1d,-0.00399759691208601
299,B,persist,fx_level_z_252,0.0014031733153387904
299,B,underwater,kospi_return_1d,0.0005409338045865297
299,B,underwater,fx_level_z_252,-0.028732508420944214
299,alpha,,kospi_return_1d,0.032110776752233505
299,alpha,,fx_level_z_252,0.038704514503479004
300,beta,momentum,,-0.035170603543519974
300,beta,persist,,0.10232345014810562
300,beta,underwater,,0.025312645360827446
300,B,momentum,kospi_return_1d,0.0044894288294017315
300,B,momentum,fx_level_z_252,-0.0009416835964657366
300,B,persist,kospi_return_1d,-0.00400726031512022
300,B,persist,fx_level_z_252,0.0012475179973989725
300,B,underwater,kospi_return_1d,0.0006975994911044836
300,B,underwater,fx_level_z_252,-0.028925685212016106
300,alpha,,kospi_return_1d,0.032213300466537476
300,alpha,,fx_level_z_252,0.038482099771499634
