epoch,parameter,feature,context,weight
0,beta,momentum,,0.0
0,beta,persist,,0.0
0,beta,underwater,,0.0
0,B,momentum,kospi_return_1d,0.0
0,B,momentum,fx_level_z_252,0.0
0,B,persist,kospi_return_1d,0.0
0,B,persist,fx_level_z_252,0.0
0,B,underwater,kospi_return_1d,0.0
0,B,underwater,fx_level_z_252,0.0
0,alpha,,kospi_return_1d,0.0
0,alpha,,fx_level_z_252,0.0
1,beta,momentum,,-0.0020013307221233845
1,beta,persist,,0.0019795731641352177
1,beta,underwater,,0.0019861150067299604
1,B,momentum,kospi_return_1d,-0.0005415626801550388
1,B,momentum,fx_level_z_252,0.001968718133866787
1,B,persist,kospi_return_1d,-0.001964061986654997
1,B,persist,fx_level_z_252,-0.001999005675315857
1,B,underwater,kospi_return_1d,-0.0018666137475520372
1,B,underwater,fx_level_z_252,-0.001965670380741358
1,alpha,,kospi_return_1d,-0.00195545912720263
1,alpha,,fx_level_z_252,0.002000910695642233
2,beta,momentum,,-0.003990178927779198
2,beta,persist,,0.003954618703573942
2,beta,underwater,,0.003941616974771023
2,B,momentum,kospi_return_1d,0.0001845257356762886
2,B,momentum,fx_level_z_252,0.003917953930795193
2,B,persist,kospi_return_1d,-0.003828096203505993
2,B,persist,fx_level_z_252,-0.0038822388742119074
2,B,underwater,kospi_return_1d,-0.003302076132968068
2,B,underwater,fx_level_z_252,-0.0038980506360530853
2,alpha,,kospi_return_1d,-0.0038920147344470024
2,alpha,,fx_level_z_252,0.003960830625146627
3,beta,momentum,,-0.00596315972507
3,beta,persist,,0.005933677311986685
3,beta,underwater,,0.005882633849978447
3,B,momentum,kospi_return_1d,0.000545833318028599
3,B,momentum,fx_level_z_252,0.005853369366377592
3,B,persist,kospi_return_1d,-0.00568049680441618
3,B,persist,fx_level_z_252,-0.005633845925331116
3,B,underwater,kospi_return_1d,-0.00468876538798213
3,B,underwater,fx_level_z_252,-0.005745168775320053
3,alpha,,kospi_return_1d,-0.005809383932501078
3,alpha,,fx_level_z_252,0.00587240606546402
4,beta,momentum,,-0.007898716256022453
4,beta,persist,,0.00790034793317318
4,beta,underwater,,0.0078068869188427925
4,B,momentum,kospi_return_1d,0.00020511647744569927
4,B,momentum,fx_level_z_252,0.007674484048038721
4,B,persist,kospi_return_1d,-0.007471337448805571
4,B,persist,fx_level_z_252,-0.007171529345214367
4,B,underwater,kospi_return_1d,-0.00589720206335187
4,B,underwater,fx_level_z_252,-0.0073149548843503
4,alpha,,kospi_return_1d,-0.007693340070545673
4,alpha,,fx_level_z_252,0.007770417723804712
5,beta,momentum,,-0.00979092251509428
5,beta,persist,,0.009839623235166073
5,beta,underwater,,0.009684580378234386
5,B,momentum,kospi_return_1d,-0.0004034031881019473
5,B,momentum,fx_level_z_252,0.009332524612545967
5,B,persist,kospi_return_1d,-0.009224215522408485
5,B,persist,fx_level_z_252,-0.008586496114730835
5,B,underwater,kospi_return_1d,-0.006709524895995855
5,B,underwater,fx_level_z_252,-0.008677172474563122
5,alpha,,kospi_return_1d,-0.009488330222666264
5,alpha,,fx_level_z_252,0.00961134023964405
6,beta,momentum,,-0.011657357215881348
6,beta,persist,,0.011757377535104752
6,beta,underwater,,0.011515175923705101
6,B,momentum,kospi_return_1d,-0.000952192465774715
6,B,momentum,fx_level_z_252,0.010855471715331078
6,B,persist,kospi_return_1d,-0.01096111536026001
6,B,persist,fx_level_z_252,-0.009775436483323574
6,B,underwater,kospi_return_1d,-0.0074026682414114475
6,B,underwater,fx_level_z_252,-0.009978772141039371
6,alpha,,kospi_return_1d,-0.011206291615962982
6,alpha,,fx_level_z_252,0.01143046747893095
7,beta,momentum,,-0.013481101021170616
7,beta,persist,,0.013646064326167107
7,beta,underwater,,0.013312345370650291
7,B,momentum,kospi_return_1d,-0.0016958938213065267
7,B,momentum,fx_level_z_252,0.012221184559166431
7,B,persist,kospi_return_1d,-0.012648863717913628
7,B,persist,fx_level_z_252,-0.010635611601173878
7,B,underwater,kospi_return_1d,-0.007819057442247868
7,B,underwater,fx_level_z_252,-0.011076129041612148
7,alpha,,kospi_return_1d,-0.012842675670981407
7,alpha,,fx_level_z_252,0.013165608048439026
8,beta,momentum,,-0.015253184363245964
8,beta,persist,,0.015502790920436382
8,beta,underwater,,0.015010218136012554
8,B,momentum,kospi_return_1d,-0.0026594148948788643
8,B,momentum,fx_level_z_252,0.013508100062608719
8,B,persist,kospi_return_1d,-0.014262111857533455
8,B,persist,fx_level_z_252,-0.011339332908391953
8,B,underwater,kospi_return_1d,-0.007990081794559956
8,B,underwater,fx_level_z_252,-0.012249073944985867
8,alpha,,kospi_return_1d,-0.014378121122717857
8,alpha,,fx_level_z_252,0.014785689301788807
9,beta,momentum,,-0.01697355881333351
9,beta,persist,,0.017329582944512367
9,beta,underwater,,0.01661502569913864
9,B,momentum,kospi_return_1d,-0.0036434363573789597
9,B,momentum,fx_level_z_252,0.014665408991277218
9,B,persist,kospi_return_1d,-0.015845976769924164
9,B,persist,fx_level_z_252,-0.011971418745815754
9,B,underwater,kospi_return_1d,-0.007871688343584538
9,B,underwater,fx_level_z_252,-0.013365385122597218
9,alpha,,kospi_return_1d,-0.015694713220000267
9,alpha,,fx_level_z_252,0.01630481705069542
10,beta,momentum,,-0.018639234825968742
10,beta,persist,,0.019126873463392258
10,beta,underwater,,0.018139660358428955
10,B,momentum,kospi_return_1d,-0.004679126664996147
10,B,momentum,fx_level_z_252,0.01567743346095085
10,B,persist,kospi_return_1d,-0.01735232211649418
10,B,persist,fx_level_z_252,-0.012562344782054424
10,B,underwater,kospi_return_1d,-0.007597087882459164
10,B,underwater,fx_level_z_252,-0.014474660158157349
10,alpha,,kospi_return_1d,-0.016799844801425934
10,alpha,,fx_level_z_252,0.01777171902358532
11,beta,momentum,,-0.020235832780599594
11,beta,persist,,0.02088865637779236
11,beta,underwater,,0.019582673907279968
11,B,momentum,kospi_return_1d,-0.005630088970065117
11,B,momentum,fx_level_z_252,0.01651955023407936
11,B,persist,kospi_return_1d,-0.01880701258778572
11,B,persist,fx_level_z_252,-0.013028223067522049
11,B,underwater,kospi_return_1d,-0.00720956502482295
11,B,underwater,fx_level_z_252,-0.0154655110090971
11,alpha,,kospi_return_1d,-0.017825627699494362
11,alpha,,fx_level_z_252,0.019103119149804115
12,beta,momentum,,-0.021731477230787277
12,beta,persist,,0.02260030433535576
12,beta,underwater,,0.020929569378495216
12,B,momentum,kospi_return_1d,-0.006620756816118956
12,B,momentum,fx_level_z_252,0.0172163974493742
12,B,persist,kospi_return_1d,-0.02019072324037552
12,B,persist,fx_level_z_252,-0.013357758522033691
12,B,underwater,kospi_return_1d,-0.0067108990624547005
12,B,underwater,fx_level_z_252,-0.01639888994395733
12,alpha,,kospi_return_1d,-0.01872723363339901
12,alpha,,fx_level_z_252,0.020374447107315063
13,beta,momentum,,-0.023152479901909828
13,beta,persist,,0.024305956438183784
13,beta,underwater,,0.022237062454223633
13,B,momentum,kospi_return_1d,-0.007491958327591419
13,B,momentum,fx_level_z_252,0.017718149349093437
13,B,persist,kospi_return_1d,-0.02155122719705105
13,B,persist,fx_level_z_252,-0.013458739034831524
13,B,underwater,kospi_return_1d,-0.0063329157419502735
13,B,underwater,fx_level_z_252,-0.017094118520617485
13,alpha,,kospi_return_1d,-0.01947375386953354
13,alpha,,fx_level_z_252,0.02158263511955738
14,beta,momentum,,-0.02450834959745407
14,beta,persist,,0.025974879041314125
14,beta,underwater,,0.02345430478453636
14,B,momentum,kospi_return_1d,-0.008367946371436119
14,B,momentum,fx_level_z_252,0.017978332936763763
14,B,persist,kospi_return_1d,-0.022884400561451912
14,B,persist,fx_level_z_252,-0.01341595035046339
14,B,underwater,kospi_return_1d,-0.005842013284564018
14,B,underwater,fx_level_z_252,-0.01762431114912033
14,alpha,,kospi_return_1d,-0.02005288377404213
14,alpha,,fx_level_z_252,0.022735092788934708
15,beta,momentum,,-0.025774125009775162
15,beta,persist,,0.027589544653892517
15,beta,underwater,,0.024589674547314644
15,B,momentum,kospi_return_1d,-0.009151404723525047
15,B,momentum,fx_level_z_252,0.017999671399593353
15,B,persist,kospi_return_1d,-0.024209508672356606
15,B,persist,fx_level_z_252,-0.013225783593952656
15,B,underwater,kospi_return_1d,-0.005405061412602663
15,B,underwater,fx_level_z_252,-0.018125737085938454
15,alpha,,kospi_return_1d,-0.02037322334945202
15,alpha,,fx_level_z_252,0.023805629462003708
16,beta,momentum,,-0.026931773871183395
16,beta,persist,,0.02916504442691803
16,beta,underwater,,0.025622576475143433
16,B,momentum,kospi_return_1d,-0.009931362234055996
16,B,momentum,fx_level_z_252,0.017919911071658134
16,B,persist,kospi_return_1d,-0.025455785915255547
16,B,persist,fx_level_z_252,-0.012980618514120579
16,B,underwater,kospi_return_1d,-0.004742756020277739
16,B,underwater,fx_level_z_252,-0.018661361187696457
16,alpha,,kospi_return_1d,-0.020637858659029007
16,alpha,,fx_level_z_252,0.024756524711847305
17,beta,momentum,,-0.02798481658101082
17,beta,persist,,0.030667148530483246
17,beta,underwater,,0.026515278965234756
17,B,momentum,kospi_return_1d,-0.010811223648488522
17,B,momentum,fx_level_z_252,0.01756700687110424
17,B,persist,kospi_return_1d,-0.026560943573713303
17,B,persist,fx_level_z_252,-0.012526119127869606
17,B,underwater,kospi_return_1d,-0.003824628656730056
17,B,underwater,fx_level_z_252,-0.019101373851299286
17,alpha,,kospi_return_1d,-0.02058693952858448
17,alpha,,fx_level_z_252,0.025601856410503387
18,beta,momentum,,-0.028977714478969574
18,beta,persist,,0.03212506324052811
18,beta,underwater,,0.027329282835125923
18,B,momentum,kospi_return_1d,-0.011630267836153507
18,B,momentum,fx_level_z_252,0.017179392278194427
18,B,persist,kospi_return_1d,-0.0275542251765728
18,B,persist,fx_level_z_252,-0.012034595012664795
18,B,underwater,kospi_return_1d,-0.0027996681164950132
18,B,underwater,fx_level_z_252,-0.01955622062087059
18,alpha,,kospi_return_1d,-0.020405767485499382
18,alpha,,fx_level_z_252,0.026407379657030106
19,beta,momentum,,-0.029892828315496445
19,beta,persist,,0.03352692350745201
19,beta,underwater,,0.02802828513085842
19,B,momentum,kospi_return_1d,-0.012231581844389439
19,B,momentum,fx_level_z_252,0.01660815067589283
19,B,persist,kospi_return_1d,-0.028430869802832603
19,B,persist,fx_level_z_252,-0.011327008716762066
19,B,underwater,kospi_return_1d,-0.0018467017216607928
19,B,underwater,fx_level_z_252,-0.019845779985189438
19,alpha,,kospi_return_1d,-0.019972270354628563
19,alpha,,fx_level_z_252,0.027119403705000877
20,beta,momentum,,-0.030746042728424072
20,beta,persist,,0.03490413725376129
20,beta,underwater,,0.028651950880885124
20,B,momentum,kospi_return_1d,-0.012747790664434433
20,B,momentum,fx_level_z_252,0.015961961820721626
20,B,persist,kospi_return_1d,-0.029287638142704964
20,B,persist,fx_level_z_252,-0.010620126500725746
20,B,underwater,kospi_return_1d,-0.0008715501753613353
20,B,underwater,fx_level_z_252,-0.02018173597753048
20,alpha,,kospi_return_1d,-0.019443465396761894
20,alpha,,fx_level_z_252,0.02772095985710621
21,beta,momentum,,-0.03148438408970833
21,beta,persist,,0.03625956550240517
21,beta,underwater,,0.029165202751755714
21,B,momentum,kospi_return_1d,-0.013014882802963257
21,B,momentum,fx_level_z_252,0.01522157434374094
21,B,persist,kospi_return_1d,-0.03010912984609604
21,B,persist,fx_level_z_252,-0.009832666255533695
21,B,underwater,kospi_return_1d,0.00011875384370796382
21,B,underwater,fx_level_z_252,-0.020451612770557404
21,alpha,,kospi_return_1d,-0.018888594582676888
21,alpha,,fx_level_z_252,0.02821432240307331
22,beta,momentum,,-0.03219745680689812
22,beta,persist,,0.03759303316473961
22,beta,underwater,,0.02961915358901024
22,B,momentum,kospi_return_1d,-0.013276171870529652
22,B,momentum,fx_level_z_252,0.014459365047514439
22,B,persist,kospi_return_1d,-0.030930625274777412
22,B,persist,fx_level_z_252,-0.009076631627976894
22,B,underwater,kospi_return_1d,0.0009433403029106557
22,B,underwater,fx_level_z_252,-0.020728113129734993
22,alpha,,kospi_return_1d,-0.018262650817632675
22,alpha,,fx_level_z_252,0.02868247963488102
23,beta,momentum,,-0.03284137696027756
23,beta,persist,,0.03890259936451912
23,beta,underwater,,0.03001851588487625
23,B,momentum,kospi_return_1d,-0.013441980816423893
23,B,momentum,fx_level_z_252,0.013585126027464867
23,B,persist,kospi_return_1d,-0.03161309286952019
23,B,persist,fx_level_z_252,-0.008184934966266155
23,B,underwater,kospi_return_1d,0.0017207643250003457
23,B,underwater,fx_level_z_252,-0.02088237926363945
23,alpha,,kospi_return_1d,-0.017621444538235664
23,alpha,,fx_level_z_252,0.029152456670999527
24,beta,momentum,,-0.03339720889925957
24,beta,persist,,0.040172092616558075
24,beta,underwater,,0.030336137861013412
24,B,momentum,kospi_return_1d,-0.0135844387114048
24,B,momentum,fx_level_z_252,0.012719882652163506
24,B,persist,kospi_return_1d,-0.03216066211462021
24,B,persist,fx_level_z_252,-0.007372771855443716
24,B,underwater,kospi_return_1d,0.002354173455387354
24,B,underwater,fx_level_z_252,-0.021226270124316216
24,alpha,,kospi_return_1d,-0.016858205199241638
24,alpha,,fx_level_z_252,0.02956288307905197
25,beta,momentum,,-0.03387957811355591
25,beta,persist,,0.041404515504837036
25,beta,underwater,,0.030599962919950485
25,B,momentum,kospi_return_1d,-0.013493643142282963
25,B,momentum,fx_level_z_252,0.011891237460076809
25,B,persist,kospi_return_1d,-0.03270116448402405
25,B,persist,fx_level_z_252,-0.006652803160250187
25,B,underwater,kospi_return_1d,0.0027730066794902086
25,B,underwater,fx_level_z_252,-0.021574661135673523
25,alpha,,kospi_return_1d,-0.016039064154028893
25,alpha,,fx_level_z_252,0.029869865626096725
26,beta,momentum,,-0.03430181369185448
26,beta,persist,,0.04261624068021774
26,beta,underwater,,0.03074490651488304
26,B,momentum,kospi_return_1d,-0.013376117683947086
26,B,momentum,fx_level_z_252,0.01105566881597042
26,B,persist,kospi_return_1d,-0.033177170902490616
26,B,persist,fx_level_z_252,-0.006068135611712933
26,B,underwater,kospi_return_1d,0.0031462106853723526
26,B,underwater,fx_level_z_252,-0.022106507793068886
26,alpha,,kospi_return_1d,-0.015054174698889256
26,alpha,,fx_level_z_252,0.03009580634534359
27,beta,momentum,,-0.03468387573957443
27,beta,persist,,0.043805256485939026
27,beta,underwater,,0.030853845179080963
27,B,momentum,kospi_return_1d,-0.013127226382493973
27,B,momentum,fx_level_z_252,0.010216306895017624
27,B,persist,kospi_return_1d,-0.03367388993501663
27,B,persist,fx_level_z_252,-0.0054299067705869675
27,B,underwater,kospi_return_1d,0.0033729993738234043
27,B,underwater,fx_level_z_252,-0.022594762966036797
27,alpha,,kospi_return_1d,-0.01404723059386015
27,alpha,,fx_level_z_252,0.030338997021317482
28,beta,momentum,,-0.03498153015971184
28,beta,persist,,0.044988617300987244
28,beta,underwater,,0.03087506629526615
28,B,momentum,kospi_return_1d,-0.012944345362484455
28,B,momentum,fx_level_z_252,0.00933043658733368
28,B,persist,kospi_return_1d,-0.03411269187927246
28,B,persist,fx_level_z_252,-0.004935940727591515
28,B,underwater,kospi_return_1d,0.003589106258004904
28,B,underwater,fx_level_z_252,-0.022993147373199463
28,alpha,,kospi_return_1d,-0.013000675477087498
28,alpha,,fx_level_z_252,0.030449042096734047
29,beta,momentum,,-0.03519178181886673
29,beta,persist,,0.046138517558574677
29,beta,underwater,,0.030784696340560913
29,B,momentum,kospi_return_1d,-0.012862221337854862
29,B,momentum,fx_level_z_252,0.008526112884283066
29,B,persist,kospi_return_1d,-0.03445638716220856
29,B,persist,fx_level_z_252,-0.004456045106053352
29,B,underwater,kospi_return_1d,0.003843392478302121
29,B,underwater,fx_level_z_252,-0.02359185181558132
29,alpha,,kospi_return_1d,-0.011905418708920479
29,alpha,,fx_level_z_252,0.030483722686767578
30,beta,momentum,,-0.035386618226766586
30,beta,persist,,0.047293227165937424
30,beta,underwater,,0.03065553307533264
30,B,momentum,kospi_return_1d,-0.012947596609592438
30,B,momentum,fx_level_z_252,0.0077575454488396645
30,B,persist,kospi_return_1d,-0.03449521213769913
30,B,persist,fx_level_z_252,-0.004165614955127239
30,B,underwater,kospi_return_1d,0.004299793392419815
30,B,underwater,fx_level_z_252,-0.02433524653315544
30,alpha,,kospi_return_1d,-0.010865281336009502
30,alpha,,fx_level_z_252,0.03046109713613987
31,beta,momentum,,-0.03554529324173927
31,beta,persist,,0.04847073182463646
31,beta,underwater,,0.030499763786792755
31,B,momentum,kospi_return_1d,-0.012952208518981934
31,B,momentum,fx_level_z_252,0.006940347608178854
31,B,persist,kospi_return_1d,-0.03450457379221916
31,B,persist,fx_level_z_252,-0.003937518689781427
31,B,underwater,kospi_return_1d,0.004629029892385006
31,B,underwater,fx_level_z_252,-0.02497304417192936
31,alpha,,kospi_return_1d,-0.009839795529842377
31,alpha,,fx_level_z_252,0.030364274978637695
32,beta,momentum,,-0.035642109811306
32,beta,persist,,0.04961348697543144
32,beta,underwater,,0.030277574434876442
32,B,momentum,kospi_return_1d,-0.012894061394035816
32,B,momentum,fx_level_z_252,0.006178875919431448
32,B,persist,kospi_return_1d,-0.03443272411823273
32,B,persist,fx_level_z_252,-0.003778541460633278
32,B,underwater,kospi_return_1d,0.004976311698555946
32,B,underwater,fx_level_z_252,-0.025757338851690292
32,alpha,,kospi_return_1d,-0.008819223381578922
32,alpha,,fx_level_z_252,0.030332960188388824
33,beta,momentum,,-0.03571273386478424
33,beta,persist,,0.05073852092027664
33,beta,underwater,,0.03001132607460022
33,B,momentum,kospi_return_1d,-0.01283322274684906
33,B,momentum,fx_level_z_252,0.005410625133663416
33,B,persist,kospi_return_1d,-0.03443119674921036
33,B,persist,fx_level_z_252,-0.0035840643104165792
33,B,underwater,kospi_return_1d,0.005309245549142361
33,B,underwater,fx_level_z_252,-0.026526320725679398
33,alpha,,kospi_return_1d,-0.007781384512782097
33,alpha,,fx_level_z_252,0.030224647372961044
34,beta,momentum,,-0.03579174727201462
34,beta,persist,,0.05183384567499161
34,beta,underwater,,0.029693584889173508
34,B,momentum,kospi_return_1d,-0.012796160764992237
34,B,momentum,fx_level_z_252,0.004864138551056385
34,B,persist,kospi_return_1d,-0.03434183821082115
34,B,persist,fx_level_z_252,-0.0033955667167901993
34,B,underwater,kospi_return_1d,0.005664374679327011
34,B,underwater,fx_level_z_252,-0.02737920545041561
34,alpha,,kospi_return_1d,-0.006734911818057299
34,alpha,,fx_level_z_252,0.030079074203968048
35,beta,momentum,,-0.03586072102189064
35,beta,persist,,0.05291319265961647
35,beta,underwater,,0.02942882850766182
35,B,momentum,kospi_return_1d,-0.012625489383935928
35,B,momentum,fx_level_z_252,0.004203479737043381
35,B,persist,kospi_return_1d,-0.03422198444604874
35,B,persist,fx_level_z_252,-0.0029947522561997175
35,B,underwater,kospi_return_1d,0.005865045823156834
35,B,underwater,fx_level_z_252,-0.027955105528235435
35,alpha,,kospi_return_1d,-0.005737920291721821
35,alpha,,fx_level_z_252,0.02992599830031395
36,beta,momentum,,-0.03591737151145935
36,beta,persist,,0.05395980179309845
36,beta,underwater,,0.029152384027838707
36,B,momentum,kospi_return_1d,-0.012518400326371193
36,B,momentum,fx_level_z_252,0.0035257888957858086
36,B,persist,kospi_return_1d,-0.034120772033929825
36,B,persist,fx_level_z_252,-0.0025886523071676493
36,B,underwater,kospi_return_1d,0.006002090405672789
36,B,underwater,fx_level_z_252,-0.028452051803469658
36,alpha,,kospi_return_1d,-0.004660821054130793
36,alpha,,fx_level_z_252,0.029797105118632317
37,beta,momentum,,-0.036029234528541565
37,beta,persist,,0.05503464490175247
37,beta,underwater,,0.02891451306641102
37,B,momentum,kospi_return_1d,-0.012305415235459805
37,B,momentum,fx_level_z_252,0.0028181602247059345
37,B,persist,kospi_return_1d,-0.03402528911828995
37,B,persist,fx_level_z_252,-0.002270248718559742
37,B,underwater,kospi_return_1d,0.005994711071252823
37,B,underwater,fx_level_z_252,-0.028813056647777557
37,alpha,,kospi_return_1d,-0.003699829801917076
37,alpha,,fx_level_z_252,0.029740095138549805
38,beta,momentum,,-0.03612223267555237
38,beta,persist,,0.056136831641197205
38,beta,underwater,,0.028698379173874855
38,B,momentum,kospi_return_1d,-0.012139891274273396
38,B,momentum,fx_level_z_252,0.0022334849927574396
38,B,persist,kospi_return_1d,-0.03391358256340027
38,B,persist,fx_level_z_252,-0.00191454216837883
38,B,underwater,kospi_return_1d,0.005944713484495878
38,B,underwater,fx_level_z_252,-0.029217775911092758
38,alpha,,kospi_return_1d,-0.0028594674076884985
38,alpha,,fx_level_z_252,0.029709581285715103
39,beta,momentum,,-0.03622683137655258
39,beta,persist,,0.05725627392530441
39,beta,underwater,,0.028495250269770622
39,B,momentum,kospi_return_1d,-0.012035271152853966
39,B,momentum,fx_level_z_252,0.0017483561532571912
39,B,persist,kospi_return_1d,-0.03382795304059982
39,B,persist,fx_level_z_252,-0.001613209955394268
39,B,underwater,kospi_return_1d,0.005848004017025232
39,B,underwater,fx_level_z_252,-0.029644811525940895
39,alpha,,kospi_return_1d,-0.002078315708786249
39,alpha,,fx_level_z_252,0.029697800055146217
40,beta,momentum,,-0.03629729896783829
40,beta,persist,,0.05838645622134209
40,beta,underwater,,0.028336776420474052
40,B,momentum,kospi_return_1d,-0.011851562187075615
40,B,momentum,fx_level_z_252,0.0012041520094498992
40,B,persist,kospi_return_1d,-0.033778682351112366
40,B,persist,fx_level_z_252,-0.0013241003034636378
40,B,underwater,kospi_return_1d,0.00561884231865406
40,B,underwater,fx_level_z_252,-0.0301127377897501
40,alpha,,kospi_return_1d,-0.0014165648026391864
40,alpha,,fx_level_z_252,0.02957089990377426
41,beta,momentum,,-0.03636017441749573
41,beta,persist,,0.05952814221382141
41,beta,underwater,,0.028254054486751556
41,B,momentum,kospi_return_1d,-0.011625820770859718
41,B,momentum,fx_level_z_252,0.000698300136718899
41,B,persist,kospi_return_1d,-0.03372899442911148
41,B,persist,fx_level_z_252,-0.0011172470403835177
41,B,underwater,kospi_return_1d,0.005355039145797491
41,B,underwater,fx_level_z_252,-0.030598638579249382
41,alpha,,kospi_return_1d,-0.0008008567383512855
41,alpha,,fx_level_z_252,0.02946757711470127
42,beta,momentum,,-0.036485109478235245
42,beta,persist,,0.06065763160586357
42,beta,underwater,,0.028192780911922455
42,B,momentum,kospi_return_1d,-0.011260687373578548
42,B,momentum,fx_level_z_252,0.000303516979329288
42,B,persist,kospi_return_1d,-0.033682938665151596
42,B,persist,fx_level_z_252,-0.0009636858594603837
42,B,underwater,kospi_return_1d,0.004943564999848604
42,B,underwater,fx_level_z_252,-0.030989382416009903
42,alpha,,kospi_return_1d,-0.00018011179054155946
42,alpha,,fx_level_z_252,0.029504742473363876
43,beta,momentum,,-0.036610085517168045
43,beta,persist,,0.061768755316734314
43,beta,underwater,,0.028065085411071777
43,B,momentum,kospi_return_1d,-0.011073855683207512
43,B,momentum,fx_level_z_252,0.00010662518616300076
43,B,persist,kospi_return_1d,-0.0335107184946537
43,B,persist,fx_level_z_252,-0.0010281470604240894
43,B,underwater,kospi_return_1d,0.00463989470154047
43,B,underwater,fx_level_z_252,-0.031573936343193054
43,alpha,,kospi_return_1d,0.0003629271814133972
43,alpha,,fx_level_z_252,0.02947135828435421
44,beta,momentum,,-0.036753181368112564
44,beta,persist,,0.06291059404611588
44,beta,underwater,,0.028010349720716476
44,B,momentum,kospi_return_1d,-0.010791218839585781
44,B,momentum,fx_level_z_252,-3.225952241336927e-05
44,B,persist,kospi_return_1d,-0.03332804515957832
44,B,persist,fx_level_z_252,-0.0009655767935328186
44,B,underwater,kospi_return_1d,0.004204925615340471
44,B,underwater,fx_level_z_252,-0.032090891152620316
44,alpha,,kospi_return_1d,0.0007883883663453162
44,alpha,,fx_level_z_252,0.029417719691991806
45,beta,momentum,,-0.03688640519976616
45,beta,persist,,0.0640176460146904
45,beta,underwater,,0.02788439951837063
45,B,momentum,kospi_return_1d,-0.010485774837434292
45,B,momentum,fx_level_z_252,-0.0001433042052667588
45,B,persist,kospi_return_1d,-0.03331019729375839
45,B,persist,fx_level_z_252,-0.0009183359798043966
45,B,underwater,kospi_return_1d,0.003552801441401243
45,B,underwater,fx_level_z_252,-0.03258180618286133
45,alpha,,kospi_return_1d,0.0011816055048257113
45,alpha,,fx_level_z_252,0.02926301769912243
46,beta,momentum,,-0.03701326996088028
46,beta,persist,,0.06507799029350281
46,beta,underwater,,0.027782561257481575
46,B,momentum,kospi_return_1d,-0.010158137418329716
46,B,momentum,fx_level_z_252,-0.0003312976041343063
46,B,persist,kospi_return_1d,-0.03329034149646759
46,B,persist,fx_level_z_252,-0.0008950860938057303
46,B,underwater,kospi_return_1d,0.00286536174826324
46,B,underwater,fx_level_z_252,-0.03286159038543701
46,alpha,,kospi_return_1d,0.0016271827043965459
46,alpha,,fx_level_z_252,0.029041415080428123
47,beta,momentum,,-0.03716679662466049
47,beta,persist,,0.0661408007144928
47,beta,underwater,,0.027718115597963333
47,B,momentum,kospi_return_1d,-0.009950985200703144
47,B,momentum,fx_level_z_252,-0.00035793890128843486
47,B,persist,kospi_return_1d,-0.03295794874429703
47,B,persist,fx_level_z_252,-0.0009188342955894768
47,B,underwater,kospi_return_1d,0.0023753149434924126
47,B,underwater,fx_level_z_252,-0.03321915864944458
47,alpha,,kospi_return_1d,0.001981990411877632
47,alpha,,fx_level_z_252,0.02892204187810421
48,beta,momentum,,-0.037302661687135696
48,beta,persist,,0.0672069564461708
48,beta,underwater,,0.027650795876979828
48,B,momentum,kospi_return_1d,-0.009832367300987244
48,B,momentum,fx_level_z_252,-0.0003150057455059141
48,B,persist,kospi_return_1d,-0.032605912536382675
48,B,persist,fx_level_z_252,-0.0010106376139447093
48,B,underwater,kospi_return_1d,0.0019543732050806284
48,B,underwater,fx_level_z_252,-0.03349507972598076
48,alpha,,kospi_return_1d,0.002111525274813175
48,alpha,,fx_level_z_252,0.02886132523417473
49,beta,momentum,,-0.03735305741429329
49,beta,persist,,0.06824052333831787
49,beta,underwater,,0.027546066790819168
49,B,momentum,kospi_return_1d,-0.009647735394537449
49,B,momentum,fx_level_z_252,-0.0004558344080578536
49,B,persist,kospi_return_1d,-0.03259268030524254
49,B,persist,fx_level_z_252,-0.0008348954725079238
49,B,underwater,kospi_return_1d,0.0014239988522604108
49,B,underwater,fx_level_z_252,-0.033504851162433624
49,alpha,,kospi_return_1d,0.0021926527842879295
49,alpha,,fx_level_z_252,0.02877219207584858
50,beta,momentum,,-0.03737451881170273
50,beta,persist,,0.06921500712633133
50,beta,underwater,,0.02738938480615616
50,B,momentum,kospi_return_1d,-0.009526217356324196
50,B,momentum,fx_level_z_252,-0.0006168994586914778
50,B,persist,kospi_return_1d,-0.0326136089861393
50,B,persist,fx_level_z_252,-0.0006991900154389441
50,B,underwater,kospi_return_1d,0.0009821696439757943
50,B,underwater,fx_level_z_252,-0.03346162661910057
50,alpha,,kospi_return_1d,0.0023388215340673923
50,alpha,,fx_level_z_252,0.02866414561867714
51,beta,momentum,,-0.03738706186413765
51,beta,persist,,0.07017582654953003
51,beta,underwater,,0.027259137481451035
51,B,momentum,kospi_return_1d,-0.009529194794595242
51,B,momentum,fx_level_z_252,-0.0007779335719533265
51,B,persist,kospi_return_1d,-0.03255439177155495
51,B,persist,fx_level_z_252,-0.0005979714915156364
51,B,underwater,kospi_return_1d,0.0005988748744130135
51,B,underwater,fx_level_z_252,-0.033358123153448105
51,alpha,,kospi_return_1d,0.0024837732780724764
51,alpha,,fx_level_z_252,0.028631815686821938
52,beta,momentum,,-0.037392497062683105
52,beta,persist,,0.07112964242696762
52,beta,underwater,,0.027053460478782654
52,B,momentum,kospi_return_1d,-0.009570819325745106
52,B,momentum,fx_level_z_252,-0.0007745178299956024
52,B,persist,kospi_return_1d,-0.03248992934823036
52,B,persist,fx_level_z_252,-0.0005780194187536836
52,B,underwater,kospi_return_1d,0.00026906366110779345
52,B,underwater,fx_level_z_252,-0.03328413888812065
52,alpha,,kospi_return_1d,0.0025203737895935774
52,alpha,,fx_level_z_252,0.028677020221948624
53,beta,momentum,,-0.037299029529094696
53,beta,persist,,0.07206283509731293
53,beta,underwater,,0.02672690525650978
53,B,momentum,kospi_return_1d,-0.009925453923642635
53,B,momentum,fx_level_z_252,-0.0007292725495062768
53,B,persist,kospi_return_1d,-0.032357119023799896
53,B,persist,fx_level_z_252,-0.0006177211762405932
53,B,underwater,kospi_return_1d,0.00023735672584734857
53,B,underwater,fx_level_z_252,-0.03337005153298378
53,alpha,,kospi_return_1d,0.0026960414834320545
53,alpha,,fx_level_z_252,0.02855365350842476
54,beta,momentum,,-0.03711109235882759
54,beta,persist,,0.07293200492858887
54,beta,underwater,,0.02633179910480976
54,B,momentum,kospi_return_1d,-0.01035410538315773
54,B,momentum,fx_level_z_252,-0.0006076627178117633
54,B,persist,kospi_return_1d,-0.03222561627626419
54,B,persist,fx_level_z_252,-0.0005687506054528058
54,B,underwater,kospi_return_1d,0.0003467719070613384
54,B,underwater,fx_level_z_252,-0.033466488122940063
54,alpha,,kospi_return_1d,0.003072225023061037
54,alpha,,fx_level_z_252,0.028332091867923737
55,beta,momentum,,-0.036965034902095795
55,beta,persist,,0.07376786321401596
55,beta,underwater,,0.025898464024066925
55,B,momentum,kospi_return_1d,-0.010790485888719559
55,B,momentum,fx_level_z_252,-0.000318699749186635
55,B,persist,kospi_return_1d,-0.0321703664958477
55,B,persist,fx_level_z_252,-0.0007032291032373905
55,B,underwater,kospi_return_1d,0.0004418815078679472
55,B,underwater,fx_level_z_252,-0.0337606705725193
55,alpha,,kospi_return_1d,0.00350151932798326
55,alpha,,fx_level_z_252,0.028194483369588852
56,beta,momentum,,-0.036794718354940414
56,beta,persist,,0.07461570203304291
56,beta,underwater,,0.02548498846590519
56,B,momentum,kospi_return_1d,-0.011155939660966396
56,B,momentum,fx_level_z_252,-5.8278688811697066e-05
56,B,persist,kospi_return_1d,-0.032169636338949203
56,B,persist,fx_level_z_252,-0.00089052360272035
56,B,underwater,kospi_return_1d,0.0005926128360442817
56,B,underwater,fx_level_z_252,-0.03405417874455452
56,alpha,,kospi_return_1d,0.004011231474578381
56,alpha,,fx_level_z_252,0.027998942881822586
57,beta,momentum,,-0.03666868805885315
57,beta,persist,,0.07548396289348602
57,beta,underwater,,0.02513691782951355
57,B,momentum,kospi_return_1d,-0.011507716029882431
57,B,momentum,fx_level_z_252,0.00012062946188962087
57,B,persist,kospi_return_1d,-0.031982991844415665
57,B,persist,fx_level_z_252,-0.0008707874803803861
57,B,underwater,kospi_return_1d,0.0008254195563495159
57,B,underwater,fx_level_z_252,-0.0342986062169075
57,alpha,,kospi_return_1d,0.004382948391139507
57,alpha,,fx_level_z_252,0.027924032881855965
58,beta,momentum,,-0.03652983531355858
58,beta,persist,,0.07634904235601425
58,beta,underwater,,0.02482820302248001
58,B,momentum,kospi_return_1d,-0.011750120669603348
58,B,momentum,fx_level_z_252,8.565111056668684e-05
58,B,persist,kospi_return_1d,-0.03169862553477287
58,B,persist,fx_level_z_252,-0.0008210428641177714
58,B,underwater,kospi_return_1d,0.0011095446534454823
58,B,underwater,fx_level_z_252,-0.034397587180137634
58,alpha,,kospi_return_1d,0.0047228774055838585
58,alpha,,fx_level_z_252,0.027923325076699257
59,beta,momentum,,-0.03629038482904434
59,beta,persist,,0.0771825835108757
59,beta,underwater,,0.02444886602461338
59,B,momentum,kospi_return_1d,-0.011814001947641373
59,B,momentum,fx_level_z_252,-0.00020864291582256556
59,B,persist,kospi_return_1d,-0.0315663181245327
59,B,persist,fx_level_z_252,-0.000727867241948843
59,B,underwater,kospi_return_1d,0.00129034707788378
59,B,underwater,fx_level_z_252,-0.03438682109117508
59,alpha,,kospi_return_1d,0.004905316513031721
59,alpha,,fx_level_z_252,0.02792590670287609
60,beta,momentum,,-0.03609330952167511
60,beta,persist,,0.07800105214118958
60,beta,underwater,,0.02404855564236641
60,B,momentum,kospi_return_1d,-0.011743593961000443
60,B,momentum,fx_level_z_252,-0.0004654638178180903
60,B,persist,kospi_return_1d,-0.031570348888635635
60,B,persist,fx_level_z_252,-0.0005945120356045663
60,B,underwater,kospi_return_1d,0.0014720247127115726
60,B,underwater,fx_level_z_252,-0.03436218574643135
60,alpha,,kospi_return_1d,0.005121184978634119
60,alpha,,fx_level_z_252,0.027829114347696304
61,beta,momentum,,-0.03587507829070091
61,beta,persist,,0.07877426594495773
61,beta,underwater,,0.02372455596923828
61,B,momentum,kospi_return_1d,-0.011491023935377598
61,B,momentum,fx_level_z_252,-0.0006969122914597392
61,B,persist,kospi_return_1d,-0.03163051977753639
61,B,persist,fx_level_z_252,-0.00033403350971639156
61,B,underwater,kospi_return_1d,0.0015370717737823725
61,B,underwater,fx_level_z_252,-0.034215182065963745
61,alpha,,kospi_return_1d,0.005276168696582317
61,alpha,,fx_level_z_252,0.027779707685112953
62,beta,momentum,,-0.03561466932296753
62,beta,persist,,0.07949556410312653
62,beta,underwater,,0.023404156789183617
62,B,momentum,kospi_return_1d,-0.011022718623280525
62,B,momentum,fx_level_z_252,-0.0009248116984963417
62,B,persist,kospi_return_1d,-0.031714167445898056
62,B,persist,fx_level_z_252,-6.179121555760503e-06
62,B,underwater,kospi_return_1d,0.0014095172518864274
62,B,underwater,fx_level_z_252,-0.03401990979909897
62,alpha,,kospi_return_1d,0.0054360986687242985
62,alpha,,fx_level_z_252,0.027576053515076637
63,beta,momentum,,-0.03543907776474953
63,beta,persist,,0.08020289242267609
63,beta,underwater,,0.023183392360806465
63,B,momentum,kospi_return_1d,-0.010595006868243217
63,B,momentum,fx_level_z_252,-0.0012427478795871139
63,B,persist,kospi_return_1d,-0.031882207840681076
63,B,persist,fx_level_z_252,0.0002523271832615137
63,B,underwater,kospi_return_1d,0.0011937698582187295
63,B,underwater,fx_level_z_252,-0.03353820741176605
63,alpha,,kospi_return_1d,0.005557057447731495
63,alpha,,fx_level_z_252,0.027370234951376915
64,beta,momentum,,-0.035147931426763535
64,beta,persist,,0.080841064453125
64,beta,underwater,,0.022853543981909752
64,B,momentum,kospi_return_1d,-0.010139022953808308
64,B,momentum,fx_level_z_252,-0.0015554064884781837
64,B,persist,kospi_return_1d,-0.03214912489056587
64,B,persist,fx_level_z_252,0.00040557931060902774
64,B,underwater,kospi_return_1d,0.0009062158642336726
64,B,underwater,fx_level_z_252,-0.0330115482211113
64,alpha,,kospi_return_1d,0.005825674626976252
64,alpha,,fx_level_z_252,0.02704634889960289
65,beta,momentum,,-0.0349203385412693
65,beta,persist,,0.08150199800729752
65,beta,underwater,,0.022494463250041008
65,B,momentum,kospi_return_1d,-0.009658326394855976
65,B,momentum,fx_level_z_252,-0.0017367226537317038
65,B,persist,kospi_return_1d,-0.032299529761075974
65,B,persist,fx_level_z_252,0.000492296414449811
65,B,underwater,kospi_return_1d,0.000626825203653425
65,B,underwater,fx_level_z_252,-0.03257780149579048
65,alpha,,kospi_return_1d,0.00601336220279336
65,alpha,,fx_level_z_252,0.02672499604523182
66,beta,momentum,,-0.034699928015470505
66,beta,persist,,0.0821782574057579
66,beta,underwater,,0.02212003991007805
66,B,momentum,kospi_return_1d,-0.009621675126254559
66,B,momentum,fx_level_z_252,-0.0018227247055619955
66,B,persist,kospi_return_1d,-0.03220752254128456
66,B,persist,fx_level_z_252,0.0005003192345611751
66,B,underwater,kospi_return_1d,0.0005865102866664529
66,B,underwater,fx_level_z_252,-0.03223405405879021
66,alpha,,kospi_return_1d,0.006176807917654514
66,alpha,,fx_level_z_252,0.026541469618678093
67,beta,momentum,,-0.034452542662620544
67,beta,persist,,0.08287276327610016
67,beta,underwater,,0.021794039756059647
67,B,momentum,kospi_return_1d,-0.009767581708729267
67,B,momentum,fx_level_z_252,-0.001841013552621007
67,B,persist,kospi_return_1d,-0.03188888356089592
67,B,persist,fx_level_z_252,0.0003930482780560851
67,B,underwater,kospi_return_1d,0.0007288574706763029
67,B,underwater,fx_level_z_252,-0.03195672854781151
67,alpha,,kospi_return_1d,0.0063260202296078205
67,alpha,,fx_level_z_252,0.02638452686369419
68,beta,momentum,,-0.034223467111587524
68,beta,persist,,0.08358864486217499
68,beta,underwater,,0.021499458700418472
68,B,momentum,kospi_return_1d,-0.00962178222835064
68,B,momentum,fx_level_z_252,-0.0018362193368375301
68,B,persist,kospi_return_1d,-0.03170574828982353
68,B,persist,fx_level_z_252,0.0002460081013850868
68,B,underwater,kospi_return_1d,0.0007185834692791104
68,B,underwater,fx_level_z_252,-0.03176986053586006
68,alpha,,kospi_return_1d,0.006535085383802652
68,alpha,,fx_level_z_252,0.02629528008401394
69,beta,momentum,,-0.034032467752695084
69,beta,persist,,0.08431689441204071
69,beta,underwater,,0.021235546097159386
69,B,momentum,kospi_return_1d,-0.009538279846310616
69,B,momentum,fx_level_z_252,-0.0018106780480593443
69,B,persist,kospi_return_1d,-0.031499072909355164
69,B,persist,fx_level_z_252,-6.415345706045628e-05
69,B,underwater,kospi_return_1d,0.0007106836419552565
69,B,underwater,fx_level_z_252,-0.03176463395357132
69,alpha,,kospi_return_1d,0.006647293455898762
69,alpha,,fx_level_z_252,0.02622368559241295
70,beta,momentum,,-0.03393163904547691
70,beta,persist,,0.08501124382019043
70,beta,underwater,,0.021072382107377052
70,B,momentum,kospi_return_1d,-0.009473997168242931
70,B,momentum,fx_level_z_252,-0.0016280782874673605
70,B,persist,kospi_return_1d,-0.0313376821577549
70,B,persist,fx_level_z_252,-0.0003882274031639099
70,B,underwater,kospi_return_1d,0.000629712303634733
70,B,underwater,fx_level_z_252,-0.03169490769505501
70,alpha,,kospi_return_1d,0.006747668143361807
70,alpha,,fx_level_z_252,0.02611616812646389
71,beta,momentum,,-0.03384244441986084
71,beta,persist,,0.08568189293146133
71,beta,underwater,,0.020889712497591972
71,B,momentum,kospi_return_1d,-0.00943741388618946
71,B,momentum,fx_level_z_252,-0.0014884761767461896
71,B,persist,kospi_return_1d,-0.03125249594449997
71,B,persist,fx_level_z_252,-0.00045465922448784113
71,B,underwater,kospi_return_1d,0.0004319857689552009
71,B,underwater,fx_level_z_252,-0.0315391905605793
71,alpha,,kospi_return_1d,0.006899614352732897
71,alpha,,fx_level_z_252,0.026019100099802017
72,beta,momentum,,-0.033753715455532074
72,beta,persist,,0.08630335330963135
72,beta,underwater,,0.020764730870723724
72,B,momentum,kospi_return_1d,-0.009376384317874908
72,B,momentum,fx_level_z_252,-0.0014146061148494482
72,B,persist,kospi_return_1d,-0.031361643224954605
72,B,persist,fx_level_z_252,-0.0001877793692983687
72,B,underwater,kospi_return_1d,0.00012903098831884563
72,B,underwater,fx_level_z_252,-0.03127867728471756
72,alpha,,kospi_return_1d,0.007094345986843109
72,alpha,,fx_level_z_252,0.02589998207986355
73,beta,momentum,,-0.033731527626514435
73,beta,persist,,0.08692064881324768
73,beta,underwater,,0.020599186420440674
73,B,momentum,kospi_return_1d,-0.009328640066087246
73,B,momentum,fx_level_z_252,-0.0011936631053686142
73,B,persist,kospi_return_1d,-0.031572047621011734
73,B,persist,fx_level_z_252,8.280844485852867e-05
73,B,underwater,kospi_return_1d,-9.2309397587087e-05
73,B,underwater,fx_level_z_252,-0.03117160126566887
73,alpha,,kospi_return_1d,0.007281328551471233
73,alpha,,fx_level_z_252,0.025879180058836937
74,beta,momentum,,-0.033727098256349564
74,beta,persist,,0.08750586956739426
74,beta,underwater,,0.020378345623612404
74,B,momentum,kospi_return_1d,-0.009401311166584492
74,B,momentum,fx_level_z_252,-0.0009322828846052289
74,B,persist,kospi_return_1d,-0.031796712428331375
74,B,persist,fx_level_z_252,0.00039762674714438617
74,B,underwater,kospi_return_1d,-0.00020555670198518783
74,B,underwater,fx_level_z_252,-0.031038084998726845
74,alpha,,kospi_return_1d,0.007509368937462568
74,alpha,,fx_level_z_252,0.025881724432110786
75,beta,momentum,,-0.0336342379450798
75,beta,persist,,0.08811923116445541
75,beta,underwater,,0.020151710137724876
75,B,momentum,kospi_return_1d,-0.009399631060659885
75,B,momentum,fx_level_z_252,-0.0008249400416389108
75,B,persist,kospi_return_1d,-0.03209922835230827
75,B,persist,fx_level_z_252,0.0005246740183793008
75,B,underwater,kospi_return_1d,-6.669136200798675e-05
75,B,underwater,fx_level_z_252,-0.030956635251641273
75,alpha,,kospi_return_1d,0.007834618911147118
75,alpha,,fx_level_z_252,0.025960350409150124
76,beta,momentum,,-0.033488452434539795
76,beta,persist,,0.08873359113931656
76,beta,underwater,,0.019920242950320244
76,B,momentum,kospi_return_1d,-0.00919555127620697
76,B,momentum,fx_level_z_252,-0.0008579614805057645
76,B,persist,kospi_return_1d,-0.032512031495571136
76,B,persist,fx_level_z_252,0.0006007046322338283
76,B,underwater,kospi_return_1d,0.00015040405560284853
76,B,underwater,fx_level_z_252,-0.030844638124108315
76,alpha,,kospi_return_1d,0.008165675215423107
76,alpha,,fx_level_z_252,0.025973180308938026
77,beta,momentum,,-0.03335072472691536
77,beta,persist,,0.08936948329210281
77,beta,underwater,,0.01976483315229416
77,B,momentum,kospi_return_1d,-0.009137840941548347
77,B,momentum,fx_level_z_252,-0.0007290634093806148
77,B,persist,kospi_return_1d,-0.03277198225259781
77,B,persist,fx_level_z_252,0.0004930340219289064
77,B,underwater,kospi_return_1d,0.0003541365440469235
77,B,underwater,fx_level_z_252,-0.030905673280358315
77,alpha,,kospi_return_1d,0.008452381007373333
77,alpha,,fx_level_z_252,0.026042921468615532
78,beta,momentum,,-0.03321235626935959
78,beta,persist,,0.08996107429265976
78,beta,underwater,,0.019615331664681435
78,B,momentum,kospi_return_1d,-0.009246054105460644
78,B,momentum,fx_level_z_252,-0.0006422720616683364
78,B,persist,kospi_return_1d,-0.03305446729063988
78,B,persist,fx_level_z_252,0.0005234606796875596
78,B,underwater,kospi_return_1d,0.0004572377656586468
78,B,underwater,fx_level_z_252,-0.030804358422756195
78,alpha,,kospi_return_1d,0.008760201744735241
78,alpha,,fx_level_z_252,0.025939084589481354
79,beta,momentum,,-0.0329744927585125
79,beta,persist,,0.0904785618185997
79,beta,underwater,,0.019353287294507027
79,B,momentum,kospi_return_1d,-0.009309576824307442
79,B,momentum,fx_level_z_252,-0.0005206584464758635
79,B,persist,kospi_return_1d,-0.03324563056230545
79,B,persist,fx_level_z_252,0.0005399018991738558
79,B,underwater,kospi_return_1d,0.0005491334013640881
79,B,underwater,fx_level_z_252,-0.030717840418219566
79,alpha,,kospi_return_1d,0.009026411920785904
79,alpha,,fx_level_z_252,0.02578788809478283
80,beta,momentum,,-0.032765135169029236
80,beta,persist,,0.09099621325731277
80,beta,underwater,,0.019066404551267624
80,B,momentum,kospi_return_1d,-0.009246084839105606
80,B,momentum,fx_level_z_252,-0.00048104775487445295
80,B,persist,kospi_return_1d,-0.033457398414611816
80,B,persist,fx_level_z_252,0.000431542081059888
80,B,underwater,kospi_return_1d,0.0004631892661564052
80,B,underwater,fx_level_z_252,-0.030611157417297363
80,alpha,,kospi_return_1d,0.009512470103800297
80,alpha,,fx_level_z_252,0.02568901516497135
81,beta,momentum,,-0.03264451399445534
81,beta,persist,,0.09148544073104858
81,beta,underwater,,0.01893041841685772
81,B,momentum,kospi_return_1d,-0.009055089205503464
81,B,momentum,fx_level_z_252,-0.00048033989151008427
81,B,persist,kospi_return_1d,-0.03362414240837097
81,B,persist,fx_level_z_252,0.00047339132288470864
81,B,underwater,kospi_return_1d,0.00014010121230967343
81,B,underwater,fx_level_z_252,-0.030393922701478004
81,alpha,,kospi_return_1d,0.010085854679346085
81,alpha,,fx_level_z_252,0.025692446157336235
82,beta,momentum,,-0.0325365774333477
82,beta,persist,,0.09192658960819244
82,beta,underwater,,0.018791886046528816
82,B,momentum,kospi_return_1d,-0.008803076110780239
82,B,momentum,fx_level_z_252,-0.0002748163533397019
82,B,persist,kospi_return_1d,-0.0337165892124176
82,B,persist,fx_level_z_252,0.0004127861757297069
82,B,underwater,kospi_return_1d,-0.00029585405718535185
82,B,underwater,fx_level_z_252,-0.03038703091442585
82,alpha,,kospi_return_1d,0.01079553458839655
82,alpha,,fx_level_z_252,0.02566646598279476
83,beta,momentum,,-0.03238664194941521
83,beta,persist,,0.09235896915197372
83,beta,underwater,,0.01866760291159153
83,B,momentum,kospi_return_1d,-0.00859319418668747
83,B,momentum,fx_level_z_252,6.726375431753695e-06
83,B,persist,kospi_return_1d,-0.033614929765462875
83,B,persist,fx_level_z_252,0.00022658311354462057
83,B,underwater,kospi_return_1d,-0.0004990164889022708
83,B,underwater,fx_level_z_252,-0.030359629541635513
83,alpha,,kospi_return_1d,0.011495226062834263
83,alpha,,fx_level_z_252,0.025691796094179153
84,beta,momentum,,-0.032224081456661224
84,beta,persist,,0.09278188645839691
84,beta,underwater,,0.018488261848688126
84,B,momentum,kospi_return_1d,-0.008571166545152664
84,B,momentum,fx_level_z_252,0.00013550127914641052
84,B,persist,kospi_return_1d,-0.03366861119866371
84,B,persist,fx_level_z_252,-1.3012985618843231e-05
84,B,underwater,kospi_return_1d,-0.0004600880783982575
84,B,underwater,fx_level_z_252,-0.030267201364040375
84,alpha,,kospi_return_1d,0.012193674221634865
84,alpha,,fx_level_z_252,0.025639377534389496
85,beta,momentum,,-0.032006144523620605
85,beta,persist,,0.0931934118270874
85,beta,underwater,,0.01822928711771965
85,B,momentum,kospi_return_1d,-0.00851873867213726
85,B,momentum,fx_level_z_252,3.089123492827639e-05
85,B,persist,kospi_return_1d,-0.03376031294465065
85,B,persist,fx_level_z_252,4.0566745155956596e-05
85,B,underwater,kospi_return_1d,-0.00030730204889550805
85,B,underwater,fx_level_z_252,-0.030222369357943535
85,alpha,,kospi_return_1d,0.012626564130187035
85,alpha,,fx_level_z_252,0.025480449199676514
86,beta,momentum,,-0.031825948506593704
86,beta,persist,,0.09359715133905411
86,beta,underwater,,0.0179499089717865
86,B,momentum,kospi_return_1d,-0.008528225123882294
86,B,momentum,fx_level_z_252,-4.3941829062532634e-05
86,B,persist,kospi_return_1d,-0.03376414254307747
86,B,persist,fx_level_z_252,0.00014791794819757342
86,B,underwater,kospi_return_1d,-2.5365909095853567e-05
86,B,underwater,fx_level_z_252,-0.030193505808711052
86,alpha,,kospi_return_1d,0.012815415859222412
86,alpha,,fx_level_z_252,0.025270512327551842
87,beta,momentum,,-0.03174299746751785
87,beta,persist,,0.0940137431025505
87,beta,underwater,,0.017759155482053757
87,B,momentum,kospi_return_1d,-0.008594464510679245
87,B,momentum,fx_level_z_252,3.6776516935788095e-05
87,B,persist,kospi_return_1d,-0.033734310418367386
87,B,persist,fx_level_z_252,0.00020780455088242888
87,B,underwater,kospi_return_1d,0.00028760143322870135
87,B,underwater,fx_level_z_252,-0.03021654672920704
87,alpha,,kospi_return_1d,0.012899410910904408
87,alpha,,fx_level_z_252,0.02525958977639675
88,beta,momentum,,-0.03164408355951309
88,beta,persist,,0.09444546699523926
88,beta,underwater,,0.017632920295000076
88,B,momentum,kospi_return_1d,-0.008832660503685474
88,B,momentum,fx_level_z_252,9.131249680649489e-05
88,B,persist,kospi_return_1d,-0.03356730192899704
88,B,persist,fx_level_z_252,0.00012025593605358154
88,B,underwater,kospi_return_1d,0.0007453490397892892
88,B,underwater,fx_level_z_252,-0.03036005049943924
88,alpha,,kospi_return_1d,0.012920096516609192
88,alpha,,fx_level_z_252,0.025323696434497833
89,beta,momentum,,-0.0315566286444664
89,beta,persist,,0.09493903815746307
89,beta,underwater,,0.01754731312394142
89,B,momentum,kospi_return_1d,-0.00901684071868658
89,B,momentum,fx_level_z_252,6.200876669026911e-05
89,B,persist,kospi_return_1d,-0.033309031277894974
89,B,persist,fx_level_z_252,-0.00016097330080810934
89,B,underwater,kospi_return_1d,0.0011477882508188486
89,B,underwater,fx_level_z_252,-0.030501440167427063
89,alpha,,kospi_return_1d,0.012920000590384007
89,alpha,,fx_level_z_252,0.02533474937081337
90,beta,momentum,,-0.03142133727669716
90,beta,persist,,0.09542524814605713
90,beta,underwater,,0.017514700070023537
90,B,momentum,kospi_return_1d,-0.009362892247736454
90,B,momentum,fx_level_z_252,-9.223018423654139e-06
90,B,persist,kospi_return_1d,-0.03297324851155281
90,B,persist,fx_level_z_252,-0.00030437257373705506
90,B,underwater,kospi_return_1d,0.0015398033428937197
90,B,underwater,fx_level_z_252,-0.030560268089175224
90,alpha,,kospi_return_1d,0.01284568291157484
90,alpha,,fx_level_z_252,0.025363735854625702
91,beta,momentum,,-0.03131624683737755
91,beta,persist,,0.09593423455953598
91,beta,underwater,,0.017499016597867012
91,B,momentum,kospi_return_1d,-0.009561517275869846
91,B,momentum,fx_level_z_252,-0.00015115327551029623
91,B,persist,kospi_return_1d,-0.03277794271707535
91,B,persist,fx_level_z_252,-0.00038045269320718944
91,B,underwater,kospi_return_1d,0.0017106846207752824
91,B,underwater,fx_level_z_252,-0.030528167262673378
91,alpha,,kospi_return_1d,0.012781389057636261
91,alpha,,fx_level_z_252,0.025522520765662193
92,beta,momentum,,-0.031210942193865776
92,beta,persist,,0.0963934138417244
92,beta,underwater,,0.017519351094961166
92,B,momentum,kospi_return_1d,-0.009626658633351326
92,B,momentum,fx_level_z_252,-0.00039570732042193413
92,B,persist,kospi_return_1d,-0.032729942351579666
92,B,persist,fx_level_z_252,-0.00020548504835460335
92,B,underwater,kospi_return_1d,0.0015501815360039473
92,B,underwater,fx_level_z_252,-0.03028855472803116
92,alpha,,kospi_return_1d,0.01291954331099987
92,alpha,,fx_level_z_252,0.025679366663098335
93,beta,momentum,,-0.031106209382414818
93,beta,persist,,0.09682484716176987
93,beta,underwater,,0.017500683665275574
93,B,momentum,kospi_return_1d,-0.009621603414416313
93,B,momentum,fx_level_z_252,-0.0006769454339519143
93,B,persist,kospi_return_1d,-0.03273656964302063
93,B,persist,fx_level_z_252,-5.0905655371025205e-06
93,B,underwater,kospi_return_1d,0.0012777871452271938
93,B,underwater,fx_level_z_252,-0.029999105259776115
93,alpha,,kospi_return_1d,0.013163566589355469
93,alpha,,fx_level_z_252,0.025818826630711555
94,beta,momentum,,-0.03101767599582672
94,beta,persist,,0.09719813615083694
94,beta,underwater,,0.017524465918540955
94,B,momentum,kospi_return_1d,-0.009505054913461208
94,B,momentum,fx_level_z_252,-0.0010029792319983244
94,B,persist,kospi_return_1d,-0.03276693448424339
94,B,persist,fx_level_z_252,0.00028430516249500215
94,B,underwater,kospi_return_1d,0.0009246879490092397
94,B,underwater,fx_level_z_252,-0.02961779199540615
94,alpha,,kospi_return_1d,0.013411073014140129
94,alpha,,fx_level_z_252,0.025968283414840698
95,beta,momentum,,-0.030917908996343613
95,beta,persist,,0.09752871841192245
95,beta,underwater,,0.0174919031560421
95,B,momentum,kospi_return_1d,-0.009306597523391247
95,B,momentum,fx_level_z_252,-0.0013410474639385939
95,B,persist,kospi_return_1d,-0.032945577055215836
95,B,persist,fx_level_z_252,0.0005211781244724989
95,B,underwater,kospi_return_1d,0.00046406936598941684
95,B,underwater,fx_level_z_252,-0.029362691566348076
95,alpha,,kospi_return_1d,0.013630424626171589
95,alpha,,fx_level_z_252,0.026114167645573616
96,beta,momentum,,-0.030881742015480995
96,beta,persist,,0.0978737622499466
96,beta,underwater,,0.017442775890231133
96,B,momentum,kospi_return_1d,-0.009060301817953587
96,B,momentum,fx_level_z_252,-0.001519057317636907
96,B,persist,kospi_return_1d,-0.0331558957695961
96,B,persist,fx_level_z_252,0.0006942175095900893
96,B,underwater,kospi_return_1d,-7.534094038419425e-05
96,B,underwater,fx_level_z_252,-0.029143335297703743
96,alpha,,kospi_return_1d,0.013948100619018078
96,alpha,,fx_level_z_252,0.02632431499660015
97,beta,momentum,,-0.03089757077395916
97,beta,persist,,0.0982632040977478
97,beta,underwater,,0.017503002658486366
97,B,momentum,kospi_return_1d,-0.008751189336180687
97,B,momentum,fx_level_z_252,-0.0017105306033045053
97,B,persist,kospi_return_1d,-0.03333397954702377
97,B,persist,fx_level_z_252,0.0008909690077416599
97,B,underwater,kospi_return_1d,-0.00042473815847188234
97,B,underwater,fx_level_z_252,-0.028873495757579803
97,alpha,,kospi_return_1d,0.014154043048620224
97,alpha,,fx_level_z_252,0.026535796001553535
98,beta,momentum,,-0.030905872583389282
98,beta,persist,,0.09861472994089127
98,beta,underwater,,0.017452338710427284
98,B,momentum,kospi_return_1d,-0.008805396966636181
98,B,momentum,fx_level_z_252,-0.0016202835831791162
98,B,persist,kospi_return_1d,-0.03353503718972206
98,B,persist,fx_level_z_252,0.0008975393138825893
98,B,underwater,kospi_return_1d,-0.00048616694402880967
98,B,underwater,fx_level_z_252,-0.02886326238512993
98,alpha,,kospi_return_1d,0.014499345794320107
98,alpha,,fx_level_z_252,0.026694312691688538
99,beta,momentum,,-0.030901364982128143
99,beta,persist,,0.09892041981220245
99,beta,underwater,,0.017365554347634315
99,B,momentum,kospi_return_1d,-0.008906441740691662
99,B,momentum,fx_level_z_252,-0.00139357871375978
99,B,persist,kospi_return_1d,-0.033745914697647095
99,B,persist,fx_level_z_252,0.0008348295232281089
99,B,underwater,kospi_return_1d,-0.00029828347032889724
99,B,underwater,fx_level_z_252,-0.028997385874390602
99,alpha,,kospi_return_1d,0.014882593415677547
99,alpha,,fx_level_z_252,0.026763154193758965
100,beta,momentum,,-0.030855758115649223
100,beta,persist,,0.09921637922525406
100,beta,underwater,,0.017172014340758324
100,B,momentum,kospi_return_1d,-0.008986997418105602
100,B,momentum,fx_level_z_252,-0.0009697386412881315
100,B,persist,kospi_return_1d,-0.03381931781768799
100,B,persist,fx_level_z_252,0.0005978330736979842
100,B,underwater,kospi_return_1d,9.785401925910264e-05
100,B,underwater,fx_level_z_252,-0.029350534081459045
100,alpha,,kospi_return_1d,0.015373132191598415
100,alpha,,fx_level_z_252,0.02678341418504715
101,beta,momentum,,-0.030811797827482224
101,beta,persist,,0.09957443922758102
101,beta,underwater,,0.017107123509049416
101,B,momentum,kospi_return_1d,-0.008853382430970669
101,B,momentum,fx_level_z_252,-0.0006448468193411827
101,B,persist,kospi_return_1d,-0.03384217992424965
101,B,persist,fx_level_z_252,0.0003571149427443743
101,B,underwater,kospi_return_1d,0.0005022514960728586
101,B,underwater,fx_level_z_252,-0.029600655660033226
101,alpha,,kospi_return_1d,0.015658367425203323
101,alpha,,fx_level_z_252,0.02687130495905876
102,beta,momentum,,-0.030827557668089867
102,beta,persist,,0.09995108097791672
102,beta,underwater,,0.017180301249027252
102,B,momentum,kospi_return_1d,-0.008709010668098927
102,B,momentum,fx_level_z_252,-0.00039265118539333344
102,B,persist,kospi_return_1d,-0.03363903984427452
102,B,persist,fx_level_z_252,1.1374824680387974e-05
102,B,underwater,kospi_return_1d,0.0007089880527928472
102,B,underwater,fx_level_z_252,-0.029681941494345665
102,alpha,,kospi_return_1d,0.01585097424685955
102,alpha,,fx_level_z_252,0.026966994628310204
103,beta,momentum,,-0.03073158860206604
103,beta,persist,,0.1002722680568695
103,beta,underwater,,0.01718800701200962
103,B,momentum,kospi_return_1d,-0.008537448942661285
103,B,momentum,fx_level_z_252,-0.00030469277407974005
103,B,persist,kospi_return_1d,-0.03342321515083313
103,B,persist,fx_level_z_252,-0.00014814164023846388
103,B,underwater,kospi_return_1d,0.0008752669673413038
103,B,underwater,fx_level_z_252,-0.029604626819491386
103,alpha,,kospi_return_1d,0.01584678888320923
103,alpha,,fx_level_z_252,0.02691488340497017
104,beta,momentum,,-0.030527735128998756
104,beta,persist,,0.10054270923137665
104,beta,underwater,,0.01703442819416523
104,B,momentum,kospi_return_1d,-0.008486524224281311
104,B,momentum,fx_level_z_252,-0.00015044791507534683
104,B,persist,kospi_return_1d,-0.03327874094247818
104,B,persist,fx_level_z_252,-0.00016068182594608516
104,B,underwater,kospi_return_1d,0.0010848145466297865
104,B,underwater,fx_level_z_252,-0.02959904633462429
104,alpha,,kospi_return_1d,0.015888042747974396
104,alpha,,fx_level_z_252,0.026897381991147995
105,beta,momentum,,-0.030275922268629074
105,beta,persist,,0.10077572613954544
105,beta,underwater,,0.01688593067228794
105,B,momentum,kospi_return_1d,-0.00834343209862709
105,B,momentum,fx_level_z_252,-4.789860395248979e-05
105,B,persist,kospi_return_1d,-0.03324517235159874
105,B,persist,fx_level_z_252,8.834318578010425e-05
105,B,underwater,kospi_return_1d,0.0011351034045219421
105,B,underwater,fx_level_z_252,-0.029616767540574074
105,alpha,,kospi_return_1d,0.015904853120446205
105,alpha,,fx_level_z_252,0.026848262175917625
106,beta,momentum,,-0.02997744269669056
106,beta,persist,,0.10093016177415848
106,beta,underwater,,0.016682201996445656
106,B,momentum,kospi_return_1d,-0.008181040175259113
106,B,momentum,fx_level_z_252,8.038996020331979e-05
106,B,persist,kospi_return_1d,-0.033141013234853745
106,B,persist,fx_level_z_252,5.982775110169314e-05
106,B,underwater,kospi_return_1d,0.0012943462934345007
106,B,underwater,fx_level_z_252,-0.029700670391321182
106,alpha,,kospi_return_1d,0.01620100997388363
106,alpha,,fx_level_z_252,0.026725957170128822
107,beta,momentum,,-0.029853852465748787
107,beta,persist,,0.1011786088347435
107,beta,underwater,,0.016582835465669632
107,B,momentum,kospi_return_1d,-0.008226082660257816
107,B,momentum,fx_level_z_252,7.756968261674047e-05
107,B,persist,kospi_return_1d,-0.03297322988510132
107,B,persist,fx_level_z_252,9.526048961561173e-05
107,B,underwater,kospi_return_1d,0.0014069362077862024
107,B,underwater,fx_level_z_252,-0.02979404851794243
107,alpha,,kospi_return_1d,0.016425177454948425
107,alpha,,fx_level_z_252,0.026603417471051216
108,beta,momentum,,-0.029738862067461014
108,beta,persist,,0.10143088549375534
108,beta,underwater,,0.016502905637025833
108,B,momentum,kospi_return_1d,-0.008272300474345684
108,B,momentum,fx_level_z_252,-0.0001737413404043764
108,B,persist,kospi_return_1d,-0.03281838819384575
108,B,persist,fx_level_z_252,0.00022210643510334194
108,B,underwater,kospi_return_1d,0.0013430144172161818
108,B,underwater,fx_level_z_252,-0.029784053564071655
108,alpha,,kospi_return_1d,0.01642455719411373
108,alpha,,fx_level_z_252,0.026486672461032867
109,beta,momentum,,-0.029734624549746513
109,beta,persist,,0.1016826331615448
109,beta,underwater,,0.01651841215789318
109,B,momentum,kospi_return_1d,-0.008333655074238777
109,B,momentum,fx_level_z_252,-0.00025904588983394206
109,B,persist,kospi_return_1d,-0.032794289290905
109,B,persist,fx_level_z_252,0.00041148593300022185
109,B,underwater,kospi_return_1d,0.0011035420466214418
109,B,underwater,fx_level_z_252,-0.029565658420324326
109,alpha,,kospi_return_1d,0.016539795324206352
109,alpha,,fx_level_z_252,0.02635718509554863
110,beta,momentum,,-0.029768750071525574
110,beta,persist,,0.1019454225897789
110,beta,underwater,,0.016565648838877678
110,B,momentum,kospi_return_1d,-0.00834075640887022
110,B,momentum,fx_level_z_252,-0.0002713825670070946
110,B,persist,kospi_return_1d,-0.03279038146138191
110,B,persist,fx_level_z_252,0.000566662463825196
110,B,underwater,kospi_return_1d,0.0008309390395879745
110,B,underwater,fx_level_z_252,-0.029269378632307053
110,alpha,,kospi_return_1d,0.0166050773113966
110,alpha,,fx_level_z_252,0.02625042386353016
111,beta,momentum,,-0.029874416068196297
111,beta,persist,,0.10221194475889206
111,beta,underwater,,0.016658956184983253
111,B,momentum,kospi_return_1d,-0.00826807040721178
111,B,momentum,fx_level_z_252,-0.0003228907589800656
111,B,persist,kospi_return_1d,-0.03268963843584061
111,B,persist,fx_level_z_252,0.0007778189028613269
111,B,underwater,kospi_return_1d,0.0005699042230844498
111,B,underwater,fx_level_z_252,-0.028872324153780937
111,alpha,,kospi_return_1d,0.01663270965218544
111,alpha,,fx_level_z_252,0.02625056728720665
112,beta,momentum,,-0.029859241098165512
112,beta,persist,,0.10245407372713089
112,beta,underwater,,0.016629498451948166
112,B,momentum,kospi_return_1d,-0.008195096626877785
112,B,momentum,fx_level_z_252,-0.0004450705018825829
112,B,persist,kospi_return_1d,-0.03265945240855217
112,B,persist,fx_level_z_252,0.0009492469253018498
112,B,underwater,kospi_return_1d,0.00028904376085847616
112,B,underwater,fx_level_z_252,-0.02853577584028244
112,alpha,,kospi_return_1d,0.016628507524728775
112,alpha,,fx_level_z_252,0.026137199252843857
113,beta,momentum,,-0.02977719157934189
113,beta,persist,,0.10271047800779343
113,beta,underwater,,0.01654362492263317
113,B,momentum,kospi_return_1d,-0.008005013689398766
113,B,momentum,fx_level_z_252,-0.0005446426221169531
113,B,persist,kospi_return_1d,-0.03267392888665199
113,B,persist,fx_level_z_252,0.0010190550237894058
113,B,underwater,kospi_return_1d,3.3413918572477996e-05
113,B,underwater,fx_level_z_252,-0.02832736074924469
113,alpha,,kospi_return_1d,0.016534870490431786
113,alpha,,fx_level_z_252,0.02592708170413971
114,beta,momentum,,-0.029647432267665863
114,beta,persist,,0.10294944792985916
114,beta,underwater,,0.016307279467582703
114,B,momentum,kospi_return_1d,-0.007805150002241135
114,B,momentum,fx_level_z_252,-0.0005073560168966651
114,B,persist,kospi_return_1d,-0.032758139073848724
114,B,persist,fx_level_z_252,0.0010829955572262406
114,B,underwater,kospi_return_1d,-0.00018673611339181662
114,B,underwater,fx_level_z_252,-0.028233710676431656
114,alpha,,kospi_return_1d,0.01654694229364395
114,alpha,,fx_level_z_252,0.025720831006765366
115,beta,momentum,,-0.029515374451875687
115,beta,persist,,0.10310637950897217
115,beta,underwater,,0.016072260215878487
115,B,momentum,kospi_return_1d,-0.007697634398937225
115,B,momentum,fx_level_z_252,-0.00031170720467343926
115,B,persist,kospi_return_1d,-0.03282347694039345
115,B,persist,fx_level_z_252,0.001157126622274518
115,B,underwater,kospi_return_1d,-0.00020953190687578171
115,B,underwater,fx_level_z_252,-0.028303269296884537
115,alpha,,kospi_return_1d,0.016697557643055916
115,alpha,,fx_level_z_252,0.02555209770798683
116,beta,momentum,,-0.02938496693968773
116,beta,persist,,0.10324512422084808
116,beta,underwater,,0.015855014324188232
116,B,momentum,kospi_return_1d,-0.007591415662318468
116,B,momentum,fx_level_z_252,-0.0001652103674132377
116,B,persist,kospi_return_1d,-0.0328332856297493
116,B,persist,fx_level_z_252,0.0012318161316215992
116,B,underwater,kospi_return_1d,-0.00022186606656759977
116,B,underwater,fx_level_z_252,-0.028354324400424957
116,alpha,,kospi_return_1d,0.017012184485793114
116,alpha,,fx_level_z_252,0.025388438254594803
117,beta,momentum,,-0.029289834201335907
117,beta,persist,,0.1033562570810318
117,beta,underwater,,0.01573123410344124
117,B,momentum,kospi_return_1d,-0.007395548280328512
117,B,momentum,fx_level_z_252,-8.128942135954276e-05
117,B,persist,kospi_return_1d,-0.03287094458937645
117,B,persist,fx_level_z_252,0.0014158787671476603
117,B,underwater,kospi_return_1d,-0.000217426975723356
117,B,underwater,fx_level_z_252,-0.02832053229212761
117,alpha,,kospi_return_1d,0.01734301447868347
117,alpha,,fx_level_z_252,0.025332460179924965
118,beta,momentum,,-0.029186146333813667
118,beta,persist,,0.10348663479089737
118,beta,underwater,,0.015617387369275093
118,B,momentum,kospi_return_1d,-0.0073233009316027164
118,B,momentum,fx_level_z_252,-2.7013011276721954e-06
118,B,persist,kospi_return_1d,-0.032894402742385864
118,B,persist,fx_level_z_252,0.0015279321232810616
118,B,underwater,kospi_return_1d,-6.015729741193354e-05
118,B,underwater,fx_level_z_252,-0.02831028588116169
118,alpha,,kospi_return_1d,0.01766878366470337
118,alpha,,fx_level_z_252,0.025300439447164536
119,beta,momentum,,-0.029094718396663666
119,beta,persist,,0.10367664694786072
119,beta,underwater,,0.015521368011832237
119,B,momentum,kospi_return_1d,-0.007388304453343153
119,B,momentum,fx_level_z_252,0.0001366595970466733
119,B,persist,kospi_return_1d,-0.032882507890462875
119,B,persist,fx_level_z_252,0.0015206839889287949
119,B,underwater,kospi_return_1d,0.00024150799436029047
119,B,underwater,fx_level_z_252,-0.028408881276845932
119,alpha,,kospi_return_1d,0.018035128712654114
119,alpha,,fx_level_z_252,0.025307953357696533
120,beta,momentum,,-0.028988923877477646
120,beta,persist,,0.10390457510948181
120,beta,underwater,,0.015494201332330704
120,B,momentum,kospi_return_1d,-0.007547107059508562
120,B,momentum,fx_level_z_252,2.9681723390240222e-06
120,B,persist,kospi_return_1d,-0.032974231988191605
120,B,persist,fx_level_z_252,0.0013517163461074233
120,B,underwater,kospi_return_1d,0.0005054323119111359
120,B,underwater,fx_level_z_252,-0.02851019985973835
120,alpha,,kospi_return_1d,0.018305698409676552
120,alpha,,fx_level_z_252,0.025291426107287407
121,beta,momentum,,-0.028956716880202293
121,beta,persist,,0.10420823097229004
121,beta,underwater,,0.015539033338427544
121,B,momentum,kospi_return_1d,-0.007748167496174574
121,B,momentum,fx_level_z_252,-0.0001284571917494759
121,B,persist,kospi_return_1d,-0.033096443861722946
121,B,persist,fx_level_z_252,0.0009512422839179635
121,B,underwater,kospi_return_1d,0.0007240298436954618
121,B,underwater,fx_level_z_252,-0.028645316138863564
121,alpha,,kospi_return_1d,0.01849251613020897
121,alpha,,fx_level_z_252,0.025351881980895996
122,beta,momentum,,-0.02895928919315338
122,beta,persist,,0.10455745458602905
122,beta,underwater,,0.015645720064640045
122,B,momentum,kospi_return_1d,-0.007760008331388235
122,B,momentum,fx_level_z_252,-0.00018607355013955384
122,B,persist,kospi_return_1d,-0.03326499089598656
122,B,persist,fx_level_z_252,0.0006333984201774001
122,B,underwater,kospi_return_1d,0.0007346761994995177
122,B,underwater,fx_level_z_252,-0.02862454578280449
122,alpha,,kospi_return_1d,0.0185487549751997
122,alpha,,fx_level_z_252,0.025429077446460724
123,beta,momentum,,-0.02900494821369648
123,beta,persist,,0.10490072518587112
123,beta,underwater,,0.01574167050421238
123,B,momentum,kospi_return_1d,-0.007761204615235329
123,B,momentum,fx_level_z_252,-0.00012936885468661785
123,B,persist,kospi_return_1d,-0.033368077129125595
123,B,persist,fx_level_z_252,0.0004184935532975942
123,B,underwater,kospi_return_1d,0.0006735005299560726
123,B,underwater,fx_level_z_252,-0.028659135103225708
123,alpha,,kospi_return_1d,0.01856161281466484
123,alpha,,fx_level_z_252,0.025446392595767975
124,beta,momentum,,-0.02901528961956501
124,beta,persist,,0.10517861694097519
124,beta,underwater,,0.01578839309513569
124,B,momentum,kospi_return_1d,-0.0076271831057965755
124,B,momentum,fx_level_z_252,-0.0002906055888161063
124,B,persist,kospi_return_1d,-0.03357599303126335
124,B,persist,fx_level_z_252,0.0004972468013875186
124,B,underwater,kospi_return_1d,0.0005092080100439489
124,B,underwater,fx_level_z_252,-0.028472449630498886
124,alpha,,kospi_return_1d,0.01859004981815815
124,alpha,,fx_level_z_252,0.02543332427740097
125,beta,momentum,,-0.029052693396806717
125,beta,persist,,0.1054435595870018
125,beta,underwater,,0.015899982303380966
125,B,momentum,kospi_return_1d,-0.007380393799394369
125,B,momentum,fx_level_z_252,-0.0004515726468525827
125,B,persist,kospi_return_1d,-0.03356606140732765
125,B,persist,fx_level_z_252,0.0005528453039005399
125,B,underwater,kospi_return_1d,0.0002710619883146137
125,B,underwater,fx_level_z_252,-0.02826569601893425
125,alpha,,kospi_return_1d,0.01856074295938015
125,alpha,,fx_level_z_252,0.02546764723956585
126,beta,momentum,,-0.029030095785856247
126,beta,persist,,0.10572409629821777
126,beta,underwater,,0.01587142050266266
126,B,momentum,kospi_return_1d,-0.007043106947094202
126,B,momentum,fx_level_z_252,-0.0003133578575216234
126,B,persist,kospi_return_1d,-0.03355056419968605
126,B,persist,fx_level_z_252,0.0003693824401125312
126,B,underwater,kospi_return_1d,0.00014502224803436548
126,B,underwater,fx_level_z_252,-0.02840941958129406
126,alpha,,kospi_return_1d,0.018512336537241936
126,alpha,,fx_level_z_252,0.025405462831258774
127,beta,momentum,,-0.02900393307209015
127,beta,persist,,0.10603927820920944
127,beta,underwater,,0.01581760309636593
127,B,momentum,kospi_return_1d,-0.007031627930700779
127,B,momentum,fx_level_z_252,-0.00017804253729991615
127,B,persist,kospi_return_1d,-0.03334781154990196
127,B,persist,fx_level_z_252,0.00010968449350912124
127,B,underwater,kospi_return_1d,0.0002220664027845487
127,B,underwater,fx_level_z_252,-0.02862066961824894
127,alpha,,kospi_return_1d,0.018536007031798363
127,alpha,,fx_level_z_252,0.025276605039834976
128,beta,momentum,,-0.028995607048273087
128,beta,persist,,0.10636015236377716
128,beta,underwater,,0.015742862597107887
128,B,momentum,kospi_return_1d,-0.006991826929152012
128,B,momentum,fx_level_z_252,9.34119671001099e-05
128,B,persist,kospi_return_1d,-0.03332490846514702
128,B,persist,fx_level_z_252,-0.00023987283930182457
128,B,underwater,kospi_return_1d,0.00012332499318290502
128,B,underwater,fx_level_z_252,-0.028877492994070053
128,alpha,,kospi_return_1d,0.018670788034796715
128,alpha,,fx_level_z_252,0.02520287223160267
129,beta,momentum,,-0.029020730406045914
129,beta,persist,,0.10665607452392578
129,beta,underwater,,0.015648461878299713
129,B,momentum,kospi_return_1d,-0.007097338791936636
129,B,momentum,fx_level_z_252,0.00029164532315917313
129,B,persist,kospi_return_1d,-0.03325947746634483
129,B,persist,fx_level_z_252,-0.0004478335613384843
129,B,underwater,kospi_return_1d,9.642071381676942e-05
129,B,underwater,fx_level_z_252,-0.029088586568832397
129,alpha,,kospi_return_1d,0.01892787031829357
129,alpha,,fx_level_z_252,0.02525017410516739
130,beta,momentum,,-0.02910504676401615
130,beta,persist,,0.10691697150468826
130,beta,underwater,,0.01562938466668129
130,B,momentum,kospi_return_1d,-0.007182993460446596
130,B,momentum,fx_level_z_252,0.00031236352515406907
130,B,persist,kospi_return_1d,-0.03306366503238678
130,B,persist,fx_level_z_252,-0.0004828377568628639
130,B,underwater,kospi_return_1d,0.00016138196224346757
130,B,underwater,fx_level_z_252,-0.029268085956573486
130,alpha,,kospi_return_1d,0.01918031834065914
130,alpha,,fx_level_z_252,0.02549692429602146
131,beta,momentum,,-0.02920219860970974
131,beta,persist,,0.10717784613370895
131,beta,underwater,,0.015585126355290413
131,B,momentum,kospi_return_1d,-0.007250094786286354
131,B,momentum,fx_level_z_252,0.00019125393009744585
131,B,persist,kospi_return_1d,-0.03284623473882675
131,B,persist,fx_level_z_252,-0.0004686829342972487
131,B,underwater,kospi_return_1d,0.0002862286928575486
131,B,underwater,fx_level_z_252,-0.029435893520712852
131,alpha,,kospi_return_1d,0.01930425874888897
131,alpha,,fx_level_z_252,0.02562088891863823
132,beta,momentum,,-0.029234567657113075
132,beta,persist,,0.10742209106683731
132,beta,underwater,,0.015488586388528347
132,B,momentum,kospi_return_1d,-0.007243135944008827
132,B,momentum,fx_level_z_252,-0.00011141350114485249
132,B,persist,kospi_return_1d,-0.0325072817504406
132,B,persist,fx_level_z_252,-0.00037907116347923875
132,B,underwater,kospi_return_1d,0.0003245837870053947
132,B,underwater,fx_level_z_252,-0.02942565828561783
132,alpha,,kospi_return_1d,0.019284924492239952
132,alpha,,fx_level_z_252,0.025722559541463852
133,beta,momentum,,-0.02930549532175064
133,beta,persist,,0.10769002884626389
133,beta,underwater,,0.015591548755764961
133,B,momentum,kospi_return_1d,-0.007123398594558239
133,B,momentum,fx_level_z_252,-0.0004415329312905669
133,B,persist,kospi_return_1d,-0.03244413435459137
133,B,persist,fx_level_z_252,-0.0002018470549955964
133,B,underwater,kospi_return_1d,0.0001295393449254334
133,B,underwater,fx_level_z_252,-0.0291536096483469
133,alpha,,kospi_return_1d,0.01924501173198223
133,alpha,,fx_level_z_252,0.025781720876693726
134,beta,momentum,,-0.02934117242693901
134,beta,persist,,0.10788947343826294
134,beta,underwater,,0.015757719054818153
134,B,momentum,kospi_return_1d,-0.00706380233168602
134,B,momentum,fx_level_z_252,-0.0008481882396154106
134,B,persist,kospi_return_1d,-0.03243899345397949
134,B,persist,fx_level_z_252,0.00013482582289725542
134,B,underwater,kospi_return_1d,-4.625134897651151e-05
134,B,underwater,fx_level_z_252,-0.028741490095853806
134,alpha,,kospi_return_1d,0.019126607105135918
134,alpha,,fx_level_z_252,0.02594694308936596
135,beta,momentum,,-0.02942323498427868
135,beta,persist,,0.10806061327457428
135,beta,underwater,,0.015972120687365532
135,B,momentum,kospi_return_1d,-0.0070595815777778625
135,B,momentum,fx_level_z_252,-0.0011720785405486822
135,B,persist,kospi_return_1d,-0.032399941235780716
135,B,persist,fx_level_z_252,0.0004180559772066772
135,B,underwater,kospi_return_1d,-7.381304749287665e-05
135,B,underwater,fx_level_z_252,-0.028315003961324692
135,alpha,,kospi_return_1d,0.018963037058711052
135,alpha,,fx_level_z_252,0.026287322863936424
136,beta,momentum,,-0.029500331729650497
136,beta,persist,,0.10819384455680847
136,beta,underwater,,0.016175739467144012
136,B,momentum,kospi_return_1d,-0.0071380543522536755
136,B,momentum,fx_level_z_252,-0.0013908686814829707
136,B,persist,kospi_return_1d,-0.032240621745586395
136,B,persist,fx_level_z_252,0.0006507281796075404
136,B,underwater,kospi_return_1d,-5.262851846055128e-05
136,B,underwater,fx_level_z_252,-0.027807040140032768
136,alpha,,kospi_return_1d,0.01892816461622715
136,alpha,,fx_level_z_252,0.02653067745268345
137,beta,momentum,,-0.029494939371943474
137,beta,persist,,0.10826115310192108
137,beta,underwater,,0.016264591366052628
137,B,momentum,kospi_return_1d,-0.007220046129077673
137,B,momentum,fx_level_z_252,-0.0015075148548930883
137,B,persist,kospi_return_1d,-0.03215634450316429
137,B,persist,fx_level_z_252,0.0007592464098706841
137,B,underwater,kospi_return_1d,-6.76473428029567e-05
137,B,underwater,fx_level_z_252,-0.027424395084381104
137,alpha,,kospi_return_1d,0.01901327259838581
137,alpha,,fx_level_z_252,0.02665230631828308
138,beta,momentum,,-0.029493534937500954
138,beta,persist,,0.10836021602153778
138,beta,underwater,,0.01629696786403656
138,B,momentum,kospi_return_1d,-0.007330751046538353
138,B,momentum,fx_level_z_252,-0.0014760131016373634
138,B,persist,kospi_return_1d,-0.03202720731496811
138,B,persist,fx_level_z_252,0.0005950623890385032
138,B,underwater,kospi_return_1d,-5.767144466517493e-05
138,B,underwater,fx_level_z_252,-0.027218226343393326
138,alpha,,kospi_return_1d,0.01920110546052456
138,alpha,,fx_level_z_252,0.026730302721261978
139,beta,momentum,,-0.029463155195116997
139,beta,persist,,0.10848196595907211
139,beta,underwater,,0.01622711680829525
139,B,momentum,kospi_return_1d,-0.00754728727042675
139,B,momentum,fx_level_z_252,-0.0012399137485772371
139,B,persist,kospi_return_1d,-0.03202671930193901
139,B,persist,fx_level_z_252,0.0003475715348031372
139,B,underwater,kospi_return_1d,0.00010004517389461398
139,B,underwater,fx_level_z_252,-0.027250854298472404
139,alpha,,kospi_return_1d,0.01932302862405777
139,alpha,,fx_level_z_252,0.026739777997136116
140,beta,momentum,,-0.029440749436616898
140,beta,persist,,0.10863938927650452
140,beta,underwater,,0.01614408753812313
140,B,momentum,kospi_return_1d,-0.007462698500603437
140,B,momentum,fx_level_z_252,-0.0009603860089555383
140,B,persist,kospi_return_1d,-0.03209846094250679
140,B,persist,fx_level_z_252,-5.988753400743008e-06
140,B,underwater,kospi_return_1d,0.00011613042443059385
140,B,underwater,fx_level_z_252,-0.027333779260516167
140,alpha,,kospi_return_1d,0.01936711184680462
140,alpha,,fx_level_z_252,0.026655538007616997
141,beta,momentum,,-0.0292590893805027
141,beta,persist,,0.10878854244947433
141,beta,underwater,,0.015940535813570023
141,B,momentum,kospi_return_1d,-0.007384634576737881
141,B,momentum,fx_level_z_252,-0.0007559155346825719
141,B,persist,kospi_return_1d,-0.03204554319381714
141,B,persist,fx_level_z_252,-0.00024194284924305975
141,B,underwater,kospi_return_1d,0.0001847463136073202
141,B,underwater,fx_level_z_252,-0.02740206941962242
141,alpha,,kospi_return_1d,0.019575677812099457
141,alpha,,fx_level_z_252,0.026533326134085655
142,beta,momentum,,-0.029064996168017387
142,beta,persist,,0.10890094935894012
142,beta,underwater,,0.01557560358196497
142,B,momentum,kospi_return_1d,-0.007497244514524937
142,B,momentum,fx_level_z_252,-0.0006428626365959644
142,B,persist,kospi_return_1d,-0.03195330500602722
142,B,persist,fx_level_z_252,-0.00024262159422505647
142,B,underwater,kospi_return_1d,0.00036818184889853
142,B,underwater,fx_level_z_252,-0.027575088664889336
142,alpha,,kospi_return_1d,0.019843418151140213
142,alpha,,fx_level_z_252,0.026328273117542267
143,beta,momentum,,-0.028874609619379044
143,beta,persist,,0.1089925542473793
143,beta,underwater,,0.015079842880368233
143,B,momentum,kospi_return_1d,-0.007619298528879881
143,B,momentum,fx_level_z_252,-0.00026582652935758233
143,B,persist,kospi_return_1d,-0.03179876133799553
143,B,persist,fx_level_z_252,-0.0002828763681463897
143,B,underwater,kospi_return_1d,0.0005526893655769527
143,B,underwater,fx_level_z_252,-0.027974145486950874
143,alpha,,kospi_return_1d,0.020214643329381943
143,alpha,,fx_level_z_252,0.026081044226884842
144,beta,momentum,,-0.028814343735575676
144,beta,persist,,0.10909232497215271
144,beta,underwater,,0.01463757548481226
144,B,momentum,kospi_return_1d,-0.007655424997210503
144,B,momentum,fx_level_z_252,0.00010811371612362564
144,B,persist,kospi_return_1d,-0.03184374421834946
144,B,persist,fx_level_z_252,-0.00015809122123755515
144,B,underwater,kospi_return_1d,0.0004774616681970656
144,B,underwater,fx_level_z_252,-0.028247101232409477
144,alpha,,kospi_return_1d,0.020574260503053665
144,alpha,,fx_level_z_252,0.025735311210155487
145,beta,momentum,,-0.028762182220816612
145,beta,persist,,0.10923860222101212
145,beta,underwater,,0.014204916544258595
145,B,momentum,kospi_return_1d,-0.00763307698071003
145,B,momentum,fx_level_z_252,0.0004828448290936649
145,B,persist,kospi_return_1d,-0.03215400502085686
145,B,persist,fx_level_z_252,7.961338997120038e-05
145,B,underwater,kospi_return_1d,0.0003372743958607316
145,B,underwater,fx_level_z_252,-0.028548188507556915
145,alpha,,kospi_return_1d,0.020696111023426056
145,alpha,,fx_level_z_252,0.02554551512002945
146,beta,momentum,,-0.028778832405805588
146,beta,persist,,0.1093682199716568
146,beta,underwater,,0.013921965844929218
146,B,momentum,kospi_return_1d,-0.007607703097164631
146,B,momentum,fx_level_z_252,0.0007399979513138533
146,B,persist,kospi_return_1d,-0.0324711836874485
146,B,persist,fx_level_z_252,0.00021275780454743654
146,B,underwater,kospi_return_1d,0.00012020405847579241
146,B,underwater,fx_level_z_252,-0.028705822303891182
146,alpha,,kospi_return_1d,0.02061229571700096
146,alpha,,fx_level_z_252,0.025401225313544273
147,beta,momentum,,-0.028804510831832886
147,beta,persist,,0.10947959125041962
147,beta,underwater,,0.013796305283904076
147,B,momentum,kospi_return_1d,-0.0074182432144880295
147,B,momentum,fx_level_z_252,0.0009045490296557546
147,B,persist,kospi_return_1d,-0.03286242485046387
147,B,persist,fx_level_z_252,0.0002792132436297834
147,B,underwater,kospi_return_1d,-0.0002190528466599062
147,B,underwater,fx_level_z_252,-0.028727199882268906
147,alpha,,kospi_return_1d,0.020434869453310966
147,alpha,,fx_level_z_252,0.02531074360013008
148,beta,momentum,,-0.0288364440202713
148,beta,persist,,0.10958173871040344
148,beta,underwater,,0.013767341151833534
148,B,momentum,kospi_return_1d,-0.007033154368400574
148,B,momentum,fx_level_z_252,0.0006536678411066532
148,B,persist,kospi_return_1d,-0.03338516131043434
148,B,persist,fx_level_z_252,0.0005806044209748507
148,B,underwater,kospi_return_1d,-0.0006646843394264579
148,B,underwater,fx_level_z_252,-0.02834857441484928
148,alpha,,kospi_return_1d,0.020365949720144272
148,alpha,,fx_level_z_252,0.025107305496931076
149,beta,momentum,,-0.028766149654984474
149,beta,persist,,0.10966154932975769
149,beta,underwater,,0.013736412860453129
149,B,momentum,kospi_return_1d,-0.00650976225733757
149,B,momentum,fx_level_z_252,0.00031630907324142754
149,B,persist,kospi_return_1d,-0.033808499574661255
149,B,persist,fx_level_z_252,0.0008475735085085034
149,B,underwater,kospi_return_1d,-0.0010481193894520402
149,B,underwater,fx_level_z_252,-0.027942577376961708
149,alpha,,kospi_return_1d,0.02038409374654293
149,alpha,,fx_level_z_252,0.024912508204579353
150,beta,momentum,,-0.02854442410171032
150,beta,persist,,0.10974141955375671
150,beta,underwater,,0.013624939136207104
150,B,momentum,kospi_return_1d,-0.00611149612814188
150,B,momentum,fx_level_z_252,-0.00024686320102773607
150,B,persist,kospi_return_1d,-0.03413081169128418
150,B,persist,fx_level_z_252,0.0011130939237773418
150,B,underwater,kospi_return_1d,-0.0011077680392190814
150,B,underwater,fx_level_z_252,-0.027513764798641205
150,alpha,,kospi_return_1d,0.02034440077841282
150,alpha,,fx_level_z_252,0.024673771113157272
151,beta,momentum,,-0.02833879552781582
151,beta,persist,,0.10982827097177505
151,beta,underwater,,0.013416136614978313
151,B,momentum,kospi_return_1d,-0.005934790708124638
151,B,momentum,fx_level_z_252,-0.0005853015463799238
151,B,persist,kospi_return_1d,-0.034440066665410995
151,B,persist,fx_level_z_252,0.0012214010348543525
151,B,underwater,kospi_return_1d,-0.0009440707508474588
151,B,underwater,fx_level_z_252,-0.027263373136520386
151,alpha,,kospi_return_1d,0.020367253571748734
151,alpha,,fx_level_z_252,0.024509258568286896
152,beta,momentum,,-0.028145797550678253
152,beta,persist,,0.10989747196435928
152,beta,underwater,,0.01316318940371275
152,B,momentum,kospi_return_1d,-0.005918956361711025
152,B,momentum,fx_level_z_252,-0.0008636305574327707
152,B,persist,kospi_return_1d,-0.03463218733668327
152,B,persist,fx_level_z_252,0.0013381208991631866
152,B,underwater,kospi_return_1d,-0.0005967144388705492
152,B,underwater,fx_level_z_252,-0.02703440934419632
152,alpha,,kospi_return_1d,0.02046099305152893
152,alpha,,fx_level_z_252,0.02429211512207985
153,beta,momentum,,-0.02797580324113369
153,beta,persist,,0.10999253392219543
153,beta,underwater,,0.0129401171579957
153,B,momentum,kospi_return_1d,-0.005946950521320105
153,B,momentum,fx_level_z_252,-0.0007711267680861056
153,B,persist,kospi_return_1d,-0.0346032977104187
153,B,persist,fx_level_z_252,0.0012650773860514164
153,B,underwater,kospi_return_1d,-7.662747520953417e-05
153,B,underwater,fx_level_z_252,-0.0269787535071373
153,alpha,,kospi_return_1d,0.02061975747346878
153,alpha,,fx_level_z_252,0.024014759808778763
154,beta,momentum,,-0.02796727418899536
154,beta,persist,,0.1100781187415123
154,beta,underwater,,0.012872347608208656
154,B,momentum,kospi_return_1d,-0.00619631027802825
154,B,momentum,fx_level_z_252,-0.0004353705153334886
154,B,persist,kospi_return_1d,-0.03444916754961014
154,B,persist,fx_level_z_252,0.00107945769559592
154,B,underwater,kospi_return_1d,0.000592739786952734
154,B,underwater,fx_level_z_252,-0.027071142569184303
154,alpha,,kospi_return_1d,0.02075234241783619
154,alpha,,fx_level_z_252,0.023976411670446396
155,beta,momentum,,-0.027917498722672462
155,beta,persist,,0.1101381778717041
155,beta,underwater,,0.01276855356991291
155,B,momentum,kospi_return_1d,-0.006673428229987621
155,B,momentum,fx_level_z_252,8.292056736536324e-05
155,B,persist,kospi_return_1d,-0.034111589193344116
155,B,persist,fx_level_z_252,0.0007424806826747954
155,B,underwater,kospi_return_1d,0.0013083311496302485
155,B,underwater,fx_level_z_252,-0.02733331359922886
155,alpha,,kospi_return_1d,0.02088959515094757
155,alpha,,fx_level_z_252,0.02403806708753109
156,beta,momentum,,-0.02790088951587677
156,beta,persist,,0.11019451171159744
156,beta,underwater,,0.012753448449075222
156,B,momentum,kospi_return_1d,-0.0071535129100084305
156,B,momentum,fx_level_z_252,0.0006286542629823089
156,B,persist,kospi_return_1d,-0.033846110105514526
156,B,persist,fx_level_z_252,0.0005052697961218655
156,B,underwater,kospi_return_1d,0.0018200251506641507
156,B,underwater,fx_level_z_252,-0.02761196903884411
156,alpha,,kospi_return_1d,0.021041834726929665
156,alpha,,fx_level_z_252,0.024143842980265617
157,beta,momentum,,-0.027859758585691452
157,beta,persist,,0.11021874099969864
157,beta,underwater,,0.012745021842420101
157,B,momentum,kospi_return_1d,-0.007290837354958057
157,B,momentum,fx_level_z_252,0.0009738915250636637
157,B,persist,kospi_return_1d,-0.034034859389066696
157,B,persist,fx_level_z_252,0.0003773641074076295
157,B,underwater,kospi_return_1d,0.001864891848526895
157,B,underwater,fx_level_z_252,-0.027789508923888206
157,alpha,,kospi_return_1d,0.02109125256538391
157,alpha,,fx_level_z_252,0.024237534031271935
158,beta,momentum,,-0.027861926704645157
158,beta,persist,,0.11030235141515732
158,beta,underwater,,0.012729340232908726
158,B,momentum,kospi_return_1d,-0.00717857526615262
158,B,momentum,fx_level_z_252,0.0011619250290095806
158,B,persist,kospi_return_1d,-0.034160465002059937
158,B,persist,fx_level_z_252,0.0001591907348483801
158,B,underwater,kospi_return_1d,0.001715878606773913
158,B,underwater,fx_level_z_252,-0.027932360768318176
158,alpha,,kospi_return_1d,0.021099913865327835
158,alpha,,fx_level_z_252,0.02421148493885994
159,beta,momentum,,-0.02789716050028801
159,beta,persist,,0.11042483150959015
159,beta,underwater,,0.012832952663302422
159,B,momentum,kospi_return_1d,-0.006941419094800949
159,B,momentum,fx_level_z_252,0.0010247983736917377
159,B,persist,kospi_return_1d,-0.034366361796855927
159,B,persist,fx_level_z_252,-2.6333982532378286e-05
159,B,underwater,kospi_return_1d,0.0013679174007847905
159,B,underwater,fx_level_z_252,-0.0277237631380558
159,alpha,,kospi_return_1d,0.02094433642923832
159,alpha,,fx_level_z_252,0.02412303537130356
160,beta,momentum,,-0.027895629405975342
160,beta,persist,,0.1105511263012886
160,beta,underwater,,0.012848698534071445
160,B,momentum,kospi_return_1d,-0.006866880692541599
160,B,momentum,fx_level_z_252,0.0006971032707951963
160,B,persist,kospi_return_1d,-0.034379299730062485
160,B,persist,fx_level_z_252,-2.941255661426112e-05
160,B,underwater,kospi_return_1d,0.0010512336157262325
160,B,underwater,fx_level_z_252,-0.027438277378678322
160,alpha,,kospi_return_1d,0.020786745473742485
160,alpha,,fx_level_z_252,0.023859772831201553
161,beta,momentum,,-0.027926558628678322
161,beta,persist,,0.11066492646932602
161,beta,underwater,,0.012985004112124443
161,B,momentum,kospi_return_1d,-0.006579347886145115
161,B,momentum,fx_level_z_252,0.0002955201198346913
161,B,persist,kospi_return_1d,-0.03435307741165161
161,B,persist,fx_level_z_252,0.00020178992417640984
161,B,underwater,kospi_return_1d,0.0006536997389048338
161,B,underwater,fx_level_z_252,-0.027128759771585464
161,alpha,,kospi_return_1d,0.020491957664489746
161,alpha,,fx_level_z_252,0.02368047460913658
162,beta,momentum,,-0.028037654235959053
162,beta,persist,,0.11083977669477463
162,beta,underwater,,0.013273685239255428
162,B,momentum,kospi_return_1d,-0.006335201673209667
162,B,momentum,fx_level_z_252,-0.0001740689913276583
162,B,persist,kospi_return_1d,-0.034344207495450974
162,B,persist,fx_level_z_252,0.00047652111970819533
162,B,underwater,kospi_return_1d,8.933711796998978e-05
162,B,underwater,fx_level_z_252,-0.026676934212446213
162,alpha,,kospi_return_1d,0.020079301670193672
162,alpha,,fx_level_z_252,0.023631127551198006
163,beta,momentum,,-0.028071055188775063
163,beta,persist,,0.11100158095359802
163,beta,underwater,,0.013469798490405083
163,B,momentum,kospi_return_1d,-0.00606900779530406
163,B,momentum,fx_level_z_252,-0.00043135014129802585
163,B,persist,kospi_return_1d,-0.034341149032115936
163,B,persist,fx_level_z_252,0.0005874273483641446
163,B,underwater,kospi_return_1d,-0.00038566155126318336
163,B,underwater,fx_level_z_252,-0.02641952782869339
163,alpha,,kospi_return_1d,0.01991899311542511
163,alpha,,fx_level_z_252,0.023680873215198517
164,beta,momentum,,-0.028029315173625946
164,beta,persist,,0.11108275502920151
164,beta,underwater,,0.013545521534979343
164,B,momentum,kospi_return_1d,-0.005880212876945734
164,B,momentum,fx_level_z_252,-0.000573775905650109
164,B,persist,kospi_return_1d,-0.03424573317170143
164,B,persist,fx_level_z_252,0.0007269437774084508
164,B,underwater,kospi_return_1d,-0.0005401606904342771
164,B,underwater,fx_level_z_252,-0.026406919583678246
164,alpha,,kospi_return_1d,0.019992368295788765
164,alpha,,fx_level_z_252,0.023757942020893097
165,beta,momentum,,-0.0278785303235054
165,beta,persist,,0.1111677885055542
165,beta,underwater,,0.013476124964654446
165,B,momentum,kospi_return_1d,-0.005939526483416557
165,B,momentum,fx_level_z_252,-0.0005092330975458026
165,B,persist,kospi_return_1d,-0.034034643322229385
165,B,persist,fx_level_z_252,0.0007464406662620604
165,B,underwater,kospi_return_1d,-0.0003606214595492929
165,B,underwater,fx_level_z_252,-0.026586299762129784
165,alpha,,kospi_return_1d,0.020196260884404182
165,alpha,,fx_level_z_252,0.023732658475637436
166,beta,momentum,,-0.027766965329647064
166,beta,persist,,0.11129153519868851
166,beta,underwater,,0.013468700461089611
166,B,momentum,kospi_return_1d,-0.006032878533005714
166,B,momentum,fx_level_z_252,-0.0003100964240729809
166,B,persist,kospi_return_1d,-0.03382670506834984
166,B,persist,fx_level_z_252,0.0006797879468649626
166,B,underwater,kospi_return_1d,-0.00011841386731248349
166,B,underwater,fx_level_z_252,-0.02673991397023201
166,alpha,,kospi_return_1d,0.020362935960292816
166,alpha,,fx_level_z_252,0.02388869784772396
167,beta,momentum,,-0.02762056328356266
167,beta,persist,,0.1113516092300415
167,beta,underwater,,0.01333698071539402
167,B,momentum,kospi_return_1d,-0.00626477412879467
167,B,momentum,fx_level_z_252,0.00011946185259148479
167,B,persist,kospi_return_1d,-0.03372161090373993
167,B,persist,fx_level_z_252,0.0005320235504768789
167,B,underwater,kospi_return_1d,0.00022220966638997197
167,B,underwater,fx_level_z_252,-0.027171606197953224
167,alpha,,kospi_return_1d,0.020485926419496536
167,alpha,,fx_level_z_252,0.024113574996590614
168,beta,momentum,,-0.027675263583660126
168,beta,persist,,0.11143761873245239
168,beta,underwater,,0.013321946375072002
168,B,momentum,kospi_return_1d,-0.00638923142105341
168,B,momentum,fx_level_z_252,0.0005362369120121002
168,B,persist,kospi_return_1d,-0.03384700417518616
168,B,persist,fx_level_z_252,0.0003477294812910259
168,B,underwater,kospi_return_1d,0.00031112550641410053
168,B,underwater,fx_level_z_252,-0.027513356879353523
168,alpha,,kospi_return_1d,0.020635655149817467
168,alpha,,fx_level_z_252,0.024351822212338448
169,beta,momentum,,-0.02773306705057621
169,beta,persist,,0.11155489087104797
169,beta,underwater,,0.01327121164649725
169,B,momentum,kospi_return_1d,-0.00674844766035676
169,B,momentum,fx_level_z_252,0.0008134761010296643
169,B,persist,kospi_return_1d,-0.03387361764907837
169,B,persist,fx_level_z_252,-8.459363016299903e-06
169,B,underwater,kospi_return_1d,0.00036564600304700434
169,B,underwater,fx_level_z_252,-0.027890950441360474
169,alpha,,kospi_return_1d,0.020785093307495117
169,alpha,,fx_level_z_252,0.024686569347977638
170,beta,momentum,,-0.02776072546839714
170,beta,persist,,0.11167486011981964
170,beta,underwater,,0.013271321542561054
170,B,momentum,kospi_return_1d,-0.00698151346296072
170,B,momentum,fx_level_z_252,0.0007563736871816218
170,B,persist,kospi_return_1d,-0.03389647975564003
170,B,persist,fx_level_z_252,-0.00022032565902918577
170,B,underwater,kospi_return_1d,0.00038723155739717185
170,B,underwater,fx_level_z_252,-0.02805713191628456
170,alpha,,kospi_return_1d,0.020764753222465515
170,alpha,,fx_level_z_252,0.024892164394259453
171,beta,momentum,,-0.027762778103351593
171,beta,persist,,0.11179497092962265
171,beta,underwater,,0.013377084396779537
171,B,momentum,kospi_return_1d,-0.007118490990251303
171,B,momentum,fx_level_z_252,0.0006618151674047112
171,B,persist,kospi_return_1d,-0.0340019054710865
171,B,persist,fx_level_z_252,-0.0002661073813214898
171,B,underwater,kospi_return_1d,0.00035753732663579285
171,B,underwater,fx_level_z_252,-0.028097210451960564
171,alpha,,kospi_return_1d,0.020803574472665787
171,alpha,,fx_level_z_252,0.025178857147693634
172,beta,momentum,,-0.027777573093771935
172,beta,persist,,0.1118202731013298
172,beta,underwater,,0.013410287909209728
172,B,momentum,kospi_return_1d,-0.007289190776646137
172,B,momentum,fx_level_z_252,0.000476502173114568
172,B,persist,kospi_return_1d,-0.034063175320625305
172,B,persist,fx_level_z_252,-1.5117460861802101e-05
172,B,underwater,kospi_return_1d,0.0002177281421609223
172,B,underwater,fx_level_z_252,-0.02812083065509796
172,alpha,,kospi_return_1d,0.02091808430850506
172,alpha,,fx_level_z_252,0.025269486010074615
173,beta,momentum,,-0.027835233137011528
173,beta,persist,,0.11184182018041611
173,beta,underwater,,0.01353264506906271
173,B,momentum,kospi_return_1d,-0.0072886087000370026
173,B,momentum,fx_level_z_252,-3.0729162972420454e-05
173,B,persist,kospi_return_1d,-0.03406275063753128
173,B,persist,fx_level_z_252,0.0002978100092150271
173,B,underwater,kospi_return_1d,-2.5849076337181032e-05
173,B,underwater,fx_level_z_252,-0.0279335118830204
173,alpha,,kospi_return_1d,0.02107798308134079
173,alpha,,fx_level_z_252,0.025463731959462166
174,beta,momentum,,-0.027887588366866112
174,beta,persist,,0.11189217120409012
174,beta,underwater,,0.013689903542399406
174,B,momentum,kospi_return_1d,-0.007307067047804594
174,B,momentum,fx_level_z_252,-0.0006353388889692724
174,B,persist,kospi_return_1d,-0.033943187445402145
174,B,persist,fx_level_z_252,0.0005676100845448673
174,B,underwater,kospi_return_1d,-4.8929679905995727e-05
174,B,underwater,fx_level_z_252,-0.027668792754411697
174,alpha,,kospi_return_1d,0.021136393770575523
174,alpha,,fx_level_z_252,0.025533318519592285
175,beta,momentum,,-0.027905922383069992
175,beta,persist,,0.11188920587301254
175,beta,underwater,,0.013785802759230137
175,B,momentum,kospi_return_1d,-0.007458933629095554
175,B,momentum,fx_level_z_252,-0.0011386870173737407
175,B,persist,kospi_return_1d,-0.03367471322417259
175,B,persist,fx_level_z_252,0.0008717337041161954
175,B,underwater,kospi_return_1d,0.00017909056623466313
175,B,underwater,fx_level_z_252,-0.027439886704087257
175,alpha,,kospi_return_1d,0.021136170253157616
175,alpha,,fx_level_z_252,0.02550332620739937
176,beta,momentum,,-0.02781277522444725
176,beta,persist,,0.11185856908559799
176,beta,underwater,,0.013662640936672688
176,B,momentum,kospi_return_1d,-0.007671365514397621
176,B,momentum,fx_level_z_252,-0.001423250650987029
176,B,persist,kospi_return_1d,-0.03326305001974106
176,B,persist,fx_level_z_252,0.0009701569215394557
176,B,underwater,kospi_return_1d,0.00042215449502691627
176,B,underwater,fx_level_z_252,-0.02726798504590988
176,alpha,,kospi_return_1d,0.021264150738716125
176,alpha,,fx_level_z_252,0.025432873517274857
177,beta,momentum,,-0.027738181874155998
177,beta,persist,,0.1118800938129425
177,beta,underwater,,0.01346244104206562
177,B,momentum,kospi_return_1d,-0.007888466119766235
177,B,momentum,fx_level_z_252,-0.0013937377370893955
177,B,persist,kospi_return_1d,-0.03281833603978157
177,B,persist,fx_level_z_252,0.0010274024680256844
177,B,underwater,kospi_return_1d,0.0007185256108641624
177,B,underwater,fx_level_z_252,-0.02738204039633274
177,alpha,,kospi_return_1d,0.021202385425567627
177,alpha,,fx_level_z_252,0.025487570092082024
178,beta,momentum,,-0.027726713567972183
178,beta,persist,,0.11191973090171814
178,beta,underwater,,0.01322458777576685
178,B,momentum,kospi_return_1d,-0.008067535236477852
178,B,momentum,fx_level_z_252,-0.0013079328928142786
178,B,persist,kospi_return_1d,-0.032530881464481354
178,B,persist,fx_level_z_252,0.0010412712581455708
178,B,underwater,kospi_return_1d,0.0009488409268669784
178,B,underwater,fx_level_z_252,-0.02761082910001278
178,alpha,,kospi_return_1d,0.021076546981930733
178,alpha,,fx_level_z_252,0.0256105437874794
179,beta,momentum,,-0.027775438502430916
179,beta,persist,,0.1119762733578682
179,beta,underwater,,0.01312479842454195
179,B,momentum,kospi_return_1d,-0.008177152834832668
179,B,momentum,fx_level_z_252,-0.0011414318578317761
179,B,persist,kospi_return_1d,-0.03213362768292427
179,B,persist,fx_level_z_252,0.000899694743566215
179,B,underwater,kospi_return_1d,0.001049695652909577
179,B,underwater,fx_level_z_252,-0.02777392603456974
179,alpha,,kospi_return_1d,0.020945176482200623
179,alpha,,fx_level_z_252,0.025877702981233597
180,beta,momentum,,-0.02794349379837513
180,beta,persist,,0.11209370940923691
180,beta,underwater,,0.0131360599771142
180,B,momentum,kospi_return_1d,-0.008283067494630814
180,B,momentum,fx_level_z_252,-0.0009896403644233942
180,B,persist,kospi_return_1d,-0.03194279223680496
180,B,persist,fx_level_z_252,0.0008220964809879661
180,B,underwater,kospi_return_1d,0.0009388055768795311
180,B,underwater,fx_level_z_252,-0.02772260084748268
180,alpha,,kospi_return_1d,0.02073672041296959
180,alpha,,fx_level_z_252,0.02612425945699215
181,beta,momentum,,-0.02809935435652733
181,beta,persist,,0.1121918261051178
181,beta,underwater,,0.01324325893074274
181,B,momentum,kospi_return_1d,-0.008248990401625633
181,B,momentum,fx_level_z_252,-0.0007791943498887122
181,B,persist,kospi_return_1d,-0.03179023414850235
181,B,persist,fx_level_z_252,0.0008863660041242838
181,B,underwater,kospi_return_1d,0.000864557339809835
181,B,underwater,fx_level_z_252,-0.027631785720586777
181,alpha,,kospi_return_1d,0.020556626841425896
181,alpha,,fx_level_z_252,0.026301128789782524
182,beta,momentum,,-0.028198372572660446
182,beta,persist,,0.11228618770837784
182,beta,underwater,,0.013336997479200363
182,B,momentum,kospi_return_1d,-0.008184975013136864
182,B,momentum,fx_level_z_252,-0.0006729503511451185
182,B,persist,kospi_return_1d,-0.0318770669400692
182,B,persist,fx_level_z_252,0.0010336260311305523
182,B,underwater,kospi_return_1d,0.0005567616899497807
182,B,underwater,fx_level_z_252,-0.027403684332966805
182,alpha,,kospi_return_1d,0.0203084796667099
182,alpha,,fx_level_z_252,0.026357922703027725
183,beta,momentum,,-0.028321942314505577
183,beta,persist,,0.11233049631118774
183,beta,underwater,,0.013483503833413124
183,B,momentum,kospi_return_1d,-0.007969241589307785
183,B,momentum,fx_level_z_252,-0.0006684412946924567
183,B,persist,kospi_return_1d,-0.03215203434228897
183,B,persist,fx_level_z_252,0.001035981927998364
183,B,underwater,kospi_return_1d,0.00014490872854366899
183,B,underwater,fx_level_z_252,-0.02716781571507454
183,alpha,,kospi_return_1d,0.020060880109667778
183,alpha,,fx_level_z_252,0.026457134634256363
184,beta,momentum,,-0.028335029259324074
184,beta,persist,,0.11226104944944382
184,beta,underwater,,0.01353687047958374
184,B,momentum,kospi_return_1d,-0.00785924308001995
184,B,momentum,fx_level_z_252,-0.0007700992282480001
184,B,persist,kospi_return_1d,-0.03259008005261421
184,B,persist,fx_level_z_252,0.0011324352817609906
184,B,underwater,kospi_return_1d,-0.00035759806632995605
184,B,underwater,fx_level_z_252,-0.02674928680062294
184,alpha,,kospi_return_1d,0.020197181031107903
184,alpha,,fx_level_z_252,0.026281531900167465
185,beta,momentum,,-0.02843732014298439
185,beta,persist,,0.11222808063030243
185,beta,underwater,,0.013677706010639668
185,B,momentum,kospi_return_1d,-0.007700261659920216
185,B,momentum,fx_level_z_252,-0.0008044507703743875
185,B,persist,kospi_return_1d,-0.03301633149385452
185,B,persist,fx_level_z_252,0.0010716678807511926
185,B,underwater,kospi_return_1d,-0.0007555346819572151
185,B,underwater,fx_level_z_252,-0.02629629708826542
185,alpha,,kospi_return_1d,0.020356329157948494
185,alpha,,fx_level_z_252,0.026287775486707687
186,beta,momentum,,-0.02845803275704384
186,beta,persist,,0.11219833791255951
186,beta,underwater,,0.01380886696279049
186,B,momentum,kospi_return_1d,-0.0076606483198702335
186,B,momentum,fx_level_z_252,-0.0007485884125344455
186,B,persist,kospi_return_1d,-0.033139996230602264
186,B,persist,fx_level_z_252,0.0007305263425223529
186,B,underwater,kospi_return_1d,-0.0008257903391495347
186,B,underwater,fx_level_z_252,-0.025982895866036415
186,alpha,,kospi_return_1d,0.02048143930733204
186,alpha,,fx_level_z_252,0.026174679398536682
187,beta,momentum,,-0.028441688045859337
187,beta,persist,,0.11215154826641083
187,beta,underwater,,0.013921556994318962
187,B,momentum,kospi_return_1d,-0.007661937735974789
187,B,momentum,fx_level_z_252,-0.0006669164868071675
187,B,persist,kospi_return_1d,-0.03324604406952858
187,B,persist,fx_level_z_252,0.0003984712529927492
187,B,underwater,kospi_return_1d,-0.0007401059847325087
187,B,underwater,fx_level_z_252,-0.025782683864235878
187,alpha,,kospi_return_1d,0.020677290856838226
187,alpha,,fx_level_z_252,0.02612932398915291
188,beta,momentum,,-0.028477763757109642
188,beta,persist,,0.11208891868591309
188,beta,underwater,,0.01404658518731594
188,B,momentum,kospi_return_1d,-0.0074080233462154865
188,B,momentum,fx_level_z_252,-0.0008185713086277246
188,B,persist,kospi_return_1d,-0.0334748849272728
188,B,persist,fx_level_z_252,0.00019003193301614374
188,B,underwater,kospi_return_1d,-0.0006705090636387467
188,B,underwater,fx_level_z_252,-0.025433048605918884
188,alpha,,kospi_return_1d,0.020944487303495407
188,alpha,,fx_level_z_252,0.025952015072107315
189,beta,momentum,,-0.028505956754088402
189,beta,persist,,0.11211764067411423
189,beta,underwater,,0.014111192896962166
189,B,momentum,kospi_return_1d,-0.00733556505292654
189,B,momentum,fx_level_z_252,-0.0008286184165626764
189,B,persist,kospi_return_1d,-0.033673446625471115
189,B,persist,fx_level_z_252,-4.8281202907674015e-05
189,B,underwater,kospi_return_1d,-0.0005142251029610634
189,B,underwater,fx_level_z_252,-0.025305623188614845
189,alpha,,kospi_return_1d,0.021145714446902275
189,alpha,,fx_level_z_252,0.02583262510597706
190,beta,momentum,,-0.028358016163110733
190,beta,persist,,0.11212482303380966
190,beta,underwater,,0.014062188565731049
190,B,momentum,kospi_return_1d,-0.007174123078584671
190,B,momentum,fx_level_z_252,-0.0008151445654220879
190,B,persist,kospi_return_1d,-0.0338284857571125
190,B,persist,fx_level_z_252,-0.00035545160062611103
190,B,underwater,kospi_return_1d,-0.00020844829850830138
190,B,underwater,fx_level_z_252,-0.02535307966172695
190,alpha,,kospi_return_1d,0.021333126351237297
190,alpha,,fx_level_z_252,0.025621447712183
191,beta,momentum,,-0.02811156027019024
191,beta,persist,,0.11207534372806549
191,beta,underwater,,0.013863181695342064
191,B,momentum,kospi_return_1d,-0.007311803754419088
191,B,momentum,fx_level_z_252,-0.0006644805544055998
191,B,persist,kospi_return_1d,-0.03379324823617935
191,B,persist,fx_level_z_252,-0.00046668911818414927
191,B,underwater,kospi_return_1d,0.000415285729104653
191,B,underwater,fx_level_z_252,-0.0256180576980114
191,alpha,,kospi_return_1d,0.02157057262957096
191,alpha,,fx_level_z_252,0.0252989474684
192,beta,momentum,,-0.027937399223446846
192,beta,persist,,0.1119786947965622
192,beta,underwater,,0.013693014159798622
192,B,momentum,kospi_return_1d,-0.007281449623405933
192,B,momentum,fx_level_z_252,-0.0003897770366165787
192,B,persist,kospi_return_1d,-0.03380497545003891
192,B,persist,fx_level_z_252,-0.00041102469549514353
192,B,underwater,kospi_return_1d,0.0008135373936966062
192,B,underwater,fx_level_z_252,-0.025905080139636993
192,alpha,,kospi_return_1d,0.021900825202465057
192,alpha,,fx_level_z_252,0.024907676503062248
193,beta,momentum,,-0.0278217401355505
193,beta,persist,,0.1118970513343811
193,beta,underwater,,0.01359714288264513
193,B,momentum,kospi_return_1d,-0.00733432499691844
193,B,momentum,fx_level_z_252,-1.3230252079665661e-05
193,B,persist,kospi_return_1d,-0.03357622027397156
193,B,persist,fx_level_z_252,-0.0003024239558726549
193,B,underwater,kospi_return_1d,0.0010156650096178055
193,B,underwater,fx_level_z_252,-0.026208415627479553
193,alpha,,kospi_return_1d,0.022212274372577667
193,alpha,,fx_level_z_252,0.024623967707157135
194,beta,momentum,,-0.027716653421521187
194,beta,persist,,0.11185124516487122
194,beta,underwater,,0.013520017266273499
194,B,momentum,kospi_return_1d,-0.007367250043898821
194,B,momentum,fx_level_z_252,0.0002585458569228649
194,B,persist,kospi_return_1d,-0.03348930925130844
194,B,persist,fx_level_z_252,-0.0001149976160377264
194,B,underwater,kospi_return_1d,0.0010348634095862508
194,B,underwater,fx_level_z_252,-0.026359859853982925
194,alpha,,kospi_return_1d,0.022567929700016975
194,alpha,,fx_level_z_252,0.02434748224914074
195,beta,momentum,,-0.027619965374469757
195,beta,persist,,0.1118551716208458
195,beta,underwater,,0.013510555028915405
195,B,momentum,kospi_return_1d,-0.00730971759185195
195,B,momentum,fx_level_z_252,0.00030924734892323613
195,B,persist,kospi_return_1d,-0.0334087610244751
195,B,persist,fx_level_z_252,0.00019812803657259792
195,B,underwater,kospi_return_1d,0.0008165395120158792
195,B,underwater,fx_level_z_252,-0.026394737884402275
195,alpha,,kospi_return_1d,0.022780736908316612
195,alpha,,fx_level_z_252,0.024215195327997208
196,beta,momentum,,-0.027493877336382866
196,beta,persist,,0.1118568629026413
196,beta,underwater,,0.013494227081537247
196,B,momentum,kospi_return_1d,-0.00706750713288784
196,B,momentum,fx_level_z_252,0.0002240469038952142
196,B,persist,kospi_return_1d,-0.03354271501302719
196,B,persist,fx_level_z_252,0.00053443294018507
196,B,underwater,kospi_return_1d,0.0004814130370505154
196,B,underwater,fx_level_z_252,-0.026375139132142067
196,alpha,,kospi_return_1d,0.023035774007439613
196,alpha,,fx_level_z_252,0.024159681051969528
197,beta,momentum,,-0.027418887242674828
197,beta,persist,,0.1118454858660698
197,beta,underwater,,0.013489468954503536
197,B,momentum,kospi_return_1d,-0.006827556062489748
197,B,momentum,fx_level_z_252,4.9532914999872446e-05
197,B,persist,kospi_return_1d,-0.03364735469222069
197,B,persist,fx_level_z_252,0.0008269331883639097
197,B,underwater,kospi_return_1d,0.00013822977780364454
197,B,underwater,fx_level_z_252,-0.026402689516544342
197,alpha,,kospi_return_1d,0.023259611800312996
197,alpha,,fx_level_z_252,0.024113919585943222
198,beta,momentum,,-0.027286754921078682
198,beta,persist,,0.11184101551771164
198,beta,underwater,,0.013508150354027748
198,B,momentum,kospi_return_1d,-0.006512931082397699
198,B,momentum,fx_level_z_252,-0.0001963084505405277
198,B,persist,kospi_return_1d,-0.03384719416499138
198,B,persist,fx_level_z_252,0.0008659278391860425
198,B,underwater,kospi_return_1d,-0.000309460680000484
198,B,underwater,fx_level_z_252,-0.026413826271891594
198,alpha,,kospi_return_1d,0.02337423525750637
198,alpha,,fx_level_z_252,0.023949824273586273
199,beta,momentum,,-0.027281003072857857
199,beta,persist,,0.1118442490696907
199,beta,underwater,,0.013603522442281246
199,B,momentum,kospi_return_1d,-0.006261059548705816
199,B,momentum,fx_level_z_252,-0.000308901013340801
199,B,persist,kospi_return_1d,-0.03405020385980606
199,B,persist,fx_level_z_252,0.0008250619284808636
199,B,underwater,kospi_return_1d,-0.0005518684047274292
199,B,underwater,fx_level_z_252,-0.026474202051758766
199,alpha,,kospi_return_1d,0.023510931059718132
199,alpha,,fx_level_z_252,0.02376990206539631
200,beta,momentum,,-0.02733476832509041
200,beta,persist,,0.11193247139453888
200,beta,underwater,,0.013662973418831825
200,B,momentum,kospi_return_1d,-0.006169453728944063
200,B,momentum,fx_level_z_252,-0.00024682030198164284
200,B,persist,kospi_return_1d,-0.034169916063547134
200,B,persist,fx_level_z_252,0.0007565044797956944
200,B,underwater,kospi_return_1d,-0.0005321161006577313
200,B,underwater,fx_level_z_252,-0.026593295857310295
200,alpha,,kospi_return_1d,0.023564739152789116
200,alpha,,fx_level_z_252,0.02365289069712162
201,beta,momentum,,-0.027509888634085655
201,beta,persist,,0.11200441420078278
201,beta,underwater,,0.01375136524438858
201,B,momentum,kospi_return_1d,-0.006077766418457031
201,B,momentum,fx_level_z_252,-7.767268834868446e-05
201,B,persist,kospi_return_1d,-0.03422785550355911
201,B,persist,fx_level_z_252,0.0006950633833184838
201,B,underwater,kospi_return_1d,-0.0003620283678174019
201,B,underwater,fx_level_z_252,-0.02660287544131279
201,alpha,,kospi_return_1d,0.023493222892284393
201,alpha,,fx_level_z_252,0.023718811571598053
202,beta,momentum,,-0.02757982350885868
202,beta,persist,,0.11201956123113632
202,beta,underwater,,0.013656426221132278
202,B,momentum,kospi_return_1d,-0.006138314958661795
202,B,momentum,fx_level_z_252,9.291601600125432e-05
202,B,persist,kospi_return_1d,-0.03420305252075195
202,B,persist,fx_level_z_252,0.0006299895467236638
202,B,underwater,kospi_return_1d,4.659690603148192e-05
202,B,underwater,fx_level_z_252,-0.026609597727656364
202,alpha,,kospi_return_1d,0.02341552823781967
202,alpha,,fx_level_z_252,0.02376941405236721
203,beta,momentum,,-0.02754957787692547
203,beta,persist,,0.11194250732660294
203,beta,underwater,,0.013478311710059643
203,B,momentum,kospi_return_1d,-0.0063781277276575565
203,B,momentum,fx_level_z_252,0.00020663364557549357
203,B,persist,kospi_return_1d,-0.03399261087179184
203,B,persist,fx_level_z_252,0.0005746757378801703
203,B,underwater,kospi_return_1d,0.0005053733475506306
203,B,underwater,fx_level_z_252,-0.026650603860616684
203,alpha,,kospi_return_1d,0.023443954065442085
203,alpha,,fx_level_z_252,0.023803608492016792
204,beta,momentum,,-0.02753043733537197
204,beta,persist,,0.11186567693948746
204,beta,underwater,,0.01336830947548151
204,B,momentum,kospi_return_1d,-0.006566137075424194
204,B,momentum,fx_level_z_252,7.900859054643661e-05
204,B,persist,kospi_return_1d,-0.03393430635333061
204,B,persist,fx_level_z_252,0.0004733275272883475
204,B,underwater,kospi_return_1d,0.0006891854573041201
204,B,underwater,fx_level_z_252,-0.026592882350087166
204,alpha,,kospi_return_1d,0.023565564304590225
204,alpha,,fx_level_z_252,0.02380475029349327
205,beta,momentum,,-0.027390625327825546
205,beta,persist,,0.11186077445745468
205,beta,underwater,,0.013295806013047695
205,B,momentum,kospi_return_1d,-0.0068544624373316765
205,B,momentum,fx_level_z_252,-0.00012753553164657205
205,B,persist,kospi_return_1d,-0.03369525074958801
205,B,persist,fx_level_z_252,0.0002533117076382041
205,B,underwater,kospi_return_1d,0.0009057368151843548
205,B,underwater,fx_level_z_252,-0.026515979319810867
205,alpha,,kospi_return_1d,0.02363000623881817
205,alpha,,fx_level_z_252,0.023942381143569946
206,beta,momentum,,-0.027330784127116203
206,beta,persist,,0.11182871460914612
206,beta,underwater,,0.013267080299556255
206,B,momentum,kospi_return_1d,-0.007045262958854437
206,B,momentum,fx_level_z_252,-0.0002553006634116173
206,B,persist,kospi_return_1d,-0.03361283242702484
206,B,persist,fx_level_z_252,0.00020528024469967932
206,B,underwater,kospi_return_1d,0.0007968534482643008
206,B,underwater,fx_level_z_252,-0.026382096111774445
206,alpha,,kospi_return_1d,0.023598454892635345
206,alpha,,fx_level_z_252,0.0242348313331604
207,beta,momentum,,-0.027270443737506866
207,beta,persist,,0.11172634363174438
207,beta,underwater,,0.013357537798583508
207,B,momentum,kospi_return_1d,-0.0072313458658754826
207,B,momentum,fx_level_z_252,-0.0003395311941858381
207,B,persist,kospi_return_1d,-0.033627111464738846
207,B,persist,fx_level_z_252,0.00015103205805644393
207,B,underwater,kospi_return_1d,0.0005038069793954492
207,B,underwater,fx_level_z_252,-0.026110153645277023
207,alpha,,kospi_return_1d,0.02364986576139927
207,alpha,,fx_level_z_252,0.02440616674721241
208,beta,momentum,,-0.02731100656092167
208,beta,persist,,0.11165046691894531
208,beta,underwater,,0.013417507521808147
208,B,momentum,kospi_return_1d,-0.00741226552054286
208,B,momentum,fx_level_z_252,-0.00025767675833776593
208,B,persist,kospi_return_1d,-0.03363671526312828
208,B,persist,fx_level_z_252,5.964843148831278e-05
208,B,underwater,kospi_return_1d,0.00019680747936945409
208,B,underwater,fx_level_z_252,-0.0258812066167593
208,alpha,,kospi_return_1d,0.023624824360013008
208,alpha,,fx_level_z_252,0.024609016254544258
209,beta,momentum,,-0.02734648436307907
209,beta,persist,,0.11164405196905136
209,beta,underwater,,0.013440964743494987
209,B,momentum,kospi_return_1d,-0.007714226376265287
209,B,momentum,fx_level_z_252,1.8016369722317904e-05
209,B,persist,kospi_return_1d,-0.03352741524577141
209,B,persist,fx_level_z_252,-0.00025000545429065824
209,B,underwater,kospi_return_1d,-0.00015717244241386652
209,B,underwater,fx_level_z_252,-0.025860244408249855
209,alpha,,kospi_return_1d,0.0235504861921072
209,alpha,,fx_level_z_252,0.024799959734082222
210,beta,momentum,,-0.027433263137936592
210,beta,persist,,0.11166218668222427
210,beta,underwater,,0.013485068455338478
210,B,momentum,kospi_return_1d,-0.0078364172950387
210,B,momentum,fx_level_z_252,0.0001506395055912435
210,B,persist,kospi_return_1d,-0.03354058787226677
210,B,persist,fx_level_z_252,-0.0003420092398300767
210,B,underwater,kospi_return_1d,-0.00039285453385673463
210,B,underwater,fx_level_z_252,-0.02575770393013954
210,alpha,,kospi_return_1d,0.023186825215816498
210,alpha,,fx_level_z_252,0.024926770478487015
211,beta,momentum,,-0.02744133025407791
211,beta,persist,,0.11165504902601242
211,beta,underwater,,0.013421840034425259
211,B,momentum,kospi_return_1d,-0.007865075021982193
211,B,momentum,fx_level_z_252,0.00011520618136273697
211,B,persist,kospi_return_1d,-0.033658891916275024
211,B,persist,fx_level_z_252,-0.00041281452286057174
211,B,underwater,kospi_return_1d,-0.0005480191903188825
211,B,underwater,fx_level_z_252,-0.02564139850437641
211,alpha,,kospi_return_1d,0.022807089611887932
211,alpha,,fx_level_z_252,0.02497294917702675
212,beta,momentum,,-0.02737334743142128
212,beta,persist,,0.11165724694728851
212,beta,underwater,,0.01341888215392828
212,B,momentum,kospi_return_1d,-0.007902933284640312
212,B,momentum,fx_level_z_252,-6.811119965277612e-05
212,B,persist,kospi_return_1d,-0.033715587109327316
212,B,persist,fx_level_z_252,-0.00038263158057816327
212,B,underwater,kospi_return_1d,-0.0005970936617814004
212,B,underwater,fx_level_z_252,-0.025508331134915352
212,alpha,,kospi_return_1d,0.02243390679359436
212,alpha,,fx_level_z_252,0.025009730830788612
213,beta,momentum,,-0.02731328271329403
213,beta,persist,,0.11167603731155396
213,beta,underwater,,0.013440714217722416
213,B,momentum,kospi_return_1d,-0.007960503920912743
213,B,momentum,fx_level_z_252,-0.00014681508764624596
213,B,persist,kospi_return_1d,-0.03391101583838463
213,B,persist,fx_level_z_252,-0.0003676083288155496
213,B,underwater,kospi_return_1d,-0.0005310266278684139
213,B,underwater,fx_level_z_252,-0.025506727397441864
213,alpha,,kospi_return_1d,0.021941594779491425
213,alpha,,fx_level_z_252,0.025029482319951057
214,beta,momentum,,-0.02744233049452305
214,beta,persist,,0.11177531629800797
214,beta,underwater,,0.013558740727603436
214,B,momentum,kospi_return_1d,-0.008135571144521236
214,B,momentum,fx_level_z_252,-7.328450010390952e-05
214,B,persist,kospi_return_1d,-0.03402785211801529
214,B,persist,fx_level_z_252,-0.00015325617277994752
214,B,underwater,kospi_return_1d,-0.0003281988319940865
214,B,underwater,fx_level_z_252,-0.025481650605797768
214,alpha,,kospi_return_1d,0.021470660343766212
214,alpha,,fx_level_z_252,0.025233538821339607
215,beta,momentum,,-0.027483858168125153
215,beta,persist,,0.11185190826654434
215,beta,underwater,,0.013643012382090092
215,B,momentum,kospi_return_1d,-0.008284210227429867
215,B,momentum,fx_level_z_252,4.892815923085436e-06
215,B,persist,kospi_return_1d,-0.03425106778740883
215,B,persist,fx_level_z_252,0.0001962127716979012
215,B,underwater,kospi_return_1d,-0.00011293668649159372
215,B,underwater,fx_level_z_252,-0.025415800511837006
215,alpha,,kospi_return_1d,0.02123558148741722
215,alpha,,fx_level_z_252,0.025367019698023796
216,beta,momentum,,-0.02744350954890251
216,beta,persist,,0.11193762719631195
216,beta,underwater,,0.013588211499154568
216,B,momentum,kospi_return_1d,-0.008410107344388962
216,B,momentum,fx_level_z_252,4.3438252760097384e-05
216,B,persist,kospi_return_1d,-0.034473419189453125
216,B,persist,fx_level_z_252,0.0006406359607353806
216,B,underwater,kospi_return_1d,0.00016126441187225282
216,B,underwater,fx_level_z_252,-0.025445066392421722
216,alpha,,kospi_return_1d,0.020991822704672813
216,alpha,,fx_level_z_252,0.0254208967089653
217,beta,momentum,,-0.027283135801553726
217,beta,persist,,0.1119324117898941
217,beta,underwater,,0.013413598760962486
217,B,momentum,kospi_return_1d,-0.00859818235039711
217,B,momentum,fx_level_z_252,-0.00015339070523623377
217,B,persist,kospi_return_1d,-0.03468997776508331
217,B,persist,fx_level_z_252,0.0011005089618265629
217,B,underwater,kospi_return_1d,0.00014181702863425016
217,B,underwater,fx_level_z_252,-0.025333870202302933
217,alpha,,kospi_return_1d,0.02057325467467308
217,alpha,,fx_level_z_252,0.025226427242159843
218,beta,momentum,,-0.027156643569469452
218,beta,persist,,0.11184835433959961
218,beta,underwater,,0.013333761133253574
218,B,momentum,kospi_return_1d,-0.008646344766020775
218,B,momentum,fx_level_z_252,-0.0004283370799385011
218,B,persist,kospi_return_1d,-0.03492891043424606
218,B,persist,fx_level_z_252,0.0014469840098172426
218,B,underwater,kospi_return_1d,-1.7528982425574213e-05
218,B,underwater,fx_level_z_252,-0.0251760371029377
218,alpha,,kospi_return_1d,0.020402343943715096
218,alpha,,fx_level_z_252,0.024840181693434715
219,beta,momentum,,-0.02710554003715515
219,beta,persist,,0.11186584085226059
219,beta,underwater,,0.013369809836149216
219,B,momentum,kospi_return_1d,-0.00853440910577774
219,B,momentum,fx_level_z_252,-0.0006382234278135002
219,B,persist,kospi_return_1d,-0.03508483245968819
219,B,persist,fx_level_z_252,0.0015516998246312141
219,B,underwater,kospi_return_1d,5.447020521387458e-05
219,B,underwater,fx_level_z_252,-0.02502731792628765
219,alpha,,kospi_return_1d,0.020235249772667885
219,alpha,,fx_level_z_252,0.024639684706926346
220,beta,momentum,,-0.02701651304960251
220,beta,persist,,0.1119115874171257
220,beta,underwater,,0.013414212502539158
220,B,momentum,kospi_return_1d,-0.008509417995810509
220,B,momentum,fx_level_z_252,-0.0006936776335351169
220,B,persist,kospi_return_1d,-0.035117510706186295
220,B,persist,fx_level_z_252,0.0014588136691600084
220,B,underwater,kospi_return_1d,0.000299311795970425
220,B,underwater,fx_level_z_252,-0.025000741705298424
220,alpha,,kospi_return_1d,0.0200392734259367
220,alpha,,fx_level_z_252,0.024479800835251808
221,beta,momentum,,-0.026889516040682793
221,beta,persist,,0.11191766709089279
221,beta,underwater,,0.013312186114490032
221,B,momentum,kospi_return_1d,-0.008577085100114346
221,B,momentum,fx_level_z_252,-0.000498823297675699
221,B,persist,kospi_return_1d,-0.035094816237688065
221,B,persist,fx_level_z_252,0.0012532122200354934
221,B,underwater,kospi_return_1d,0.0005211079842410982
221,B,underwater,fx_level_z_252,-0.02513101138174534
221,alpha,,kospi_return_1d,0.019952863454818726
221,alpha,,fx_level_z_252,0.024237671867012978
222,beta,momentum,,-0.026811953634023666
222,beta,persist,,0.11197556555271149
222,beta,underwater,,0.01326606422662735
222,B,momentum,kospi_return_1d,-0.008488699793815613
222,B,momentum,fx_level_z_252,-0.0003331304178573191
222,B,persist,kospi_return_1d,-0.03516049683094025
222,B,persist,fx_level_z_252,0.0010596612701192498
222,B,underwater,kospi_return_1d,0.0005322266952134669
222,B,underwater,fx_level_z_252,-0.025168661028146744
222,alpha,,kospi_return_1d,0.019852418452501297
222,alpha,,fx_level_z_252,0.024111660197377205
223,beta,momentum,,-0.02680073119699955
223,beta,persist,,0.112105593085289
223,beta,underwater,,0.013363627716898918
223,B,momentum,kospi_return_1d,-0.008253023028373718
223,B,momentum,fx_level_z_252,1.497543416917324e-05
223,B,persist,kospi_return_1d,-0.03531816974282265
223,B,persist,fx_level_z_252,0.000895587494596839
223,B,underwater,kospi_return_1d,0.00031658768421038985
223,B,underwater,fx_level_z_252,-0.025263121351599693
223,alpha,,kospi_return_1d,0.01955825462937355
223,alpha,,fx_level_z_252,0.023943819105625153
224,beta,momentum,,-0.026847513392567635
224,beta,persist,,0.1122160404920578
224,beta,underwater,,0.013472169637680054
224,B,momentum,kospi_return_1d,-0.008125696331262589
224,B,momentum,fx_level_z_252,0.00015521858585998416
224,B,persist,kospi_return_1d,-0.03529639169573784
224,B,persist,fx_level_z_252,0.0006376272067427635
224,B,underwater,kospi_return_1d,0.00011498807725729421
224,B,underwater,fx_level_z_252,-0.025339951738715172
224,alpha,,kospi_return_1d,0.019447892904281616
224,alpha,,fx_level_z_252,0.023722399026155472
225,beta,momentum,,-0.026737557724118233
225,beta,persist,,0.11218801885843277
225,beta,underwater,,0.013431361876428127
225,B,momentum,kospi_return_1d,-0.008022922091186047
225,B,momentum,fx_level_z_252,0.00012014798994641751
225,B,persist,kospi_return_1d,-0.035371046513319016
225,B,persist,fx_level_z_252,0.00047184742288663983
225,B,underwater,kospi_return_1d,-1.400795008521527e-05
225,B,underwater,fx_level_z_252,-0.02547491528093815
225,alpha,,kospi_return_1d,0.01945805922150612
225,alpha,,fx_level_z_252,0.0235332902520895
226,beta,momentum,,-0.02674679271876812
226,beta,persist,,0.11210089176893234
226,beta,underwater,,0.013511464931070805
226,B,momentum,kospi_return_1d,-0.007738587446510792
226,B,momentum,fx_level_z_252,0.00012054879334755242
226,B,persist,kospi_return_1d,-0.03540784865617752
226,B,persist,fx_level_z_252,0.00015191276906989515
226,B,underwater,kospi_return_1d,-0.00014835517504252493
226,B,underwater,fx_level_z_252,-0.025696726515889168
226,alpha,,kospi_return_1d,0.019687965512275696
226,alpha,,fx_level_z_252,0.023462194949388504
227,beta,momentum,,-0.026803577318787575
227,beta,persist,,0.11198349297046661
227,beta,underwater,,0.01363889966160059
227,B,momentum,kospi_return_1d,-0.007481089793145657
227,B,momentum,fx_level_z_252,8.006399002624676e-05
227,B,persist,kospi_return_1d,-0.03555653244256973
227,B,persist,fx_level_z_252,-0.00021361219114623964
227,B,underwater,kospi_return_1d,-0.00045800182851962745
227,B,underwater,fx_level_z_252,-0.02589433267712593
227,alpha,,kospi_return_1d,0.020052161067724228
227,alpha,,fx_level_z_252,0.023462994024157524
228,beta,momentum,,-0.026831669732928276
228,beta,persist,,0.11192718893289566
228,beta,underwater,,0.013726330362260342
228,B,momentum,kospi_return_1d,-0.007365679834038019
228,B,momentum,fx_level_z_252,7.567411375930533e-05
228,B,persist,kospi_return_1d,-0.03538436070084572
228,B,persist,fx_level_z_252,-0.0003702815156430006
228,B,underwater,kospi_return_1d,-0.0004914691671729088
228,B,underwater,fx_level_z_252,-0.026178451254963875
228,alpha,,kospi_return_1d,0.020360594615340233
228,alpha,,fx_level_z_252,0.023384500294923782
229,beta,momentum,,-0.026767967268824577
229,beta,persist,,0.11181716620922089
229,beta,underwater,,0.013636874966323376
229,B,momentum,kospi_return_1d,-0.007396405562758446
229,B,momentum,fx_level_z_252,0.0002320192288607359
229,B,persist,kospi_return_1d,-0.03501410037279129
229,B,persist,fx_level_z_252,-0.0003218001511413604
229,B,underwater,kospi_return_1d,-0.0001362623443128541
229,B,underwater,fx_level_z_252,-0.026716724038124084
229,alpha,,kospi_return_1d,0.02081247791647911
229,alpha,,fx_level_z_252,0.023379087448120117
230,beta,momentum,,-0.02685536816716194
230,beta,persist,,0.11177640408277512
230,beta,underwater,,0.013700742274522781
230,B,momentum,kospi_return_1d,-0.007492320146411657
230,B,momentum,fx_level_z_252,0.0002579576103016734
230,B,persist,kospi_return_1d,-0.0346982441842556
230,B,persist,fx_level_z_252,-9.134932770393789e-05
230,B,underwater,kospi_return_1d,0.00026740756584331393
230,B,underwater,fx_level_z_252,-0.02697230875492096
230,alpha,,kospi_return_1d,0.02109018713235855
230,alpha,,fx_level_z_252,0.023453544825315475
231,beta,momentum,,-0.02706989459693432
231,beta,persist,,0.11175926774740219
231,beta,underwater,,0.013777337968349457
231,B,momentum,kospi_return_1d,-0.007537131197750568
231,B,momentum,fx_level_z_252,0.00038949400186538696
231,B,persist,kospi_return_1d,-0.03452199324965477
231,B,persist,fx_level_z_252,0.00025188823929056525
231,B,underwater,kospi_return_1d,0.0004226425080560148
231,B,underwater,fx_level_z_252,-0.027197396382689476
231,alpha,,kospi_return_1d,0.021517964079976082
231,alpha,,fx_level_z_252,0.023617729544639587
232,beta,momentum,,-0.02721276879310608
232,beta,persist,,0.11173257976770401
232,beta,underwater,,0.013939844444394112
232,B,momentum,kospi_return_1d,-0.00765549810603261
232,B,momentum,fx_level_z_252,0.0002154112298740074
232,B,persist,kospi_return_1d,-0.03418893367052078
232,B,persist,fx_level_z_252,0.0005927850725129247
232,B,underwater,kospi_return_1d,0.000539918604772538
232,B,underwater,fx_level_z_252,-0.027291346341371536
232,alpha,,kospi_return_1d,0.021885430440306664
232,alpha,,fx_level_z_252,0.023681562393903732
233,beta,momentum,,-0.02727043256163597
233,beta,persist,,0.11165940016508102
233,beta,underwater,,0.01401370670646429
233,B,momentum,kospi_return_1d,-0.007601751014590263
233,B,momentum,fx_level_z_252,-0.00016546998813282698
233,B,persist,kospi_return_1d,-0.034022003412246704
233,B,persist,fx_level_z_252,0.0008109642076306045
233,B,underwater,kospi_return_1d,0.0005736349849030375
233,B,underwater,fx_level_z_252,-0.02718341536819935
233,alpha,,kospi_return_1d,0.022361107170581818
233,alpha,,fx_level_z_252,0.023534879088401794
234,beta,momentum,,-0.02746029570698738
234,beta,persist,,0.11163319647312164
234,beta,underwater,,0.014088179916143417
234,B,momentum,kospi_return_1d,-0.00765506224706769
234,B,momentum,fx_level_z_252,-0.00019447949307505041
234,B,persist,kospi_return_1d,-0.03389904275536537
234,B,persist,fx_level_z_252,0.0009621815988793969
234,B,underwater,kospi_return_1d,0.0006501250900328159
234,B,underwater,fx_level_z_252,-0.02732287161052227
234,alpha,,kospi_return_1d,0.022748714312911034
234,alpha,,fx_level_z_252,0.02353202924132347
235,beta,momentum,,-0.027703089639544487
235,beta,persist,,0.11163632571697235
235,beta,underwater,,0.014219891279935837
235,B,momentum,kospi_return_1d,-0.007590958382934332
235,B,momentum,fx_level_z_252,-0.00020900124218314886
235,B,persist,kospi_return_1d,-0.033710941672325134
235,B,persist,fx_level_z_252,0.0011241431348025799
235,B,underwater,kospi_return_1d,0.000519780907779932
235,B,underwater,fx_level_z_252,-0.02729116566479206
235,alpha,,kospi_return_1d,0.023001590743660927
235,alpha,,fx_level_z_252,0.02352108247578144
236,beta,momentum,,-0.028017833828926086
236,beta,persist,,0.11172011494636536
236,beta,underwater,,0.014410790987312794
236,B,momentum,kospi_return_1d,-0.00743890181183815
236,B,momentum,fx_level_z_252,-4.1545376006979495e-05
236,B,persist,kospi_return_1d,-0.0334194079041481
236,B,persist,fx_level_z_252,0.0010111688170582056
236,B,underwater,kospi_return_1d,0.00040006753988564014
236,B,underwater,fx_level_z_252,-0.027374517172574997
236,alpha,,kospi_return_1d,0.023126481100916862
236,alpha,,fx_level_z_252,0.023706495761871338
237,beta,momentum,,-0.028098570182919502
237,beta,persist,,0.11186870187520981
237,beta,underwater,,0.014525717124342918
237,B,momentum,kospi_return_1d,-0.007110833190381527
237,B,momentum,fx_level_z_252,0.00012574724678415805
237,B,persist,kospi_return_1d,-0.033216264098882675
237,B,persist,fx_level_z_252,0.0008021900430321693
237,B,underwater,kospi_return_1d,0.00020994861552026123
237,B,underwater,fx_level_z_252,-0.027576705440878868
237,alpha,,kospi_return_1d,0.023178506642580032
237,alpha,,fx_level_z_252,0.023899804800748825
238,beta,momentum,,-0.02811983972787857
238,beta,persist,,0.11204252392053604
238,beta,underwater,,0.01472062710672617
238,B,momentum,kospi_return_1d,-0.006648621521890163
238,B,momentum,fx_level_z_252,0.00011750867997761816
238,B,persist,kospi_return_1d,-0.033167626708745956
238,B,persist,fx_level_z_252,0.00042678785393945873
238,B,underwater,kospi_return_1d,-8.191619417630136e-05
238,B,underwater,fx_level_z_252,-0.027666347101330757
238,alpha,,kospi_return_1d,0.023079711943864822
238,alpha,,fx_level_z_252,0.024131406098604202
239,beta,momentum,,-0.028047291561961174
239,beta,persist,,0.11215604841709137
239,beta,underwater,,0.01486498024314642
239,B,momentum,kospi_return_1d,-0.006239568814635277
239,B,momentum,fx_level_z_252,-0.00010337246203562245
239,B,persist,kospi_return_1d,-0.03318019211292267
239,B,persist,fx_level_z_252,0.00026287371292710304
239,B,underwater,kospi_return_1d,-0.00023386369866784662
239,B,underwater,fx_level_z_252,-0.02753467671573162
239,alpha,,kospi_return_1d,0.022980311885476112
239,alpha,,fx_level_z_252,0.024302512407302856
240,beta,momentum,,-0.027967173606157303
240,beta,persist,,0.1122378334403038
240,beta,underwater,,0.01487515214830637
240,B,momentum,kospi_return_1d,-0.0060600717552006245
240,B,momentum,fx_level_z_252,-0.00021118928270880133
240,B,persist,kospi_return_1d,-0.03314867243170738
240,B,persist,fx_level_z_252,0.00016105029499158263
240,B,underwater,kospi_return_1d,-5.138409323990345e-05
240,B,underwater,fx_level_z_252,-0.027297504246234894
240,alpha,,kospi_return_1d,0.022873925045132637
240,alpha,,fx_level_z_252,0.024327708408236504
241,beta,momentum,,-0.02793586067855358
241,beta,persist,,0.11228282004594803
241,beta,underwater,,0.015007123351097107
241,B,momentum,kospi_return_1d,-0.00598172890022397
241,B,momentum,fx_level_z_252,-0.00032264814944937825
241,B,persist,kospi_return_1d,-0.03288041800260544
241,B,persist,fx_level_z_252,9.402395517099649e-05
241,B,underwater,kospi_return_1d,0.00020541460253298283
241,B,underwater,fx_level_z_252,-0.02690190263092518
241,alpha,,kospi_return_1d,0.022823920473456383
241,alpha,,fx_level_z_252,0.02444729208946228
242,beta,momentum,,-0.027936508879065514
242,beta,persist,,0.1122744157910347
242,beta,underwater,,0.015104671008884907
242,B,momentum,kospi_return_1d,-0.005909901577979326
242,B,momentum,fx_level_z_252,-0.00034350951318629086
242,B,persist,kospi_return_1d,-0.03271165117621422
242,B,persist,fx_level_z_252,-1.7746773664839566e-05
242,B,underwater,kospi_return_1d,0.00018338279915042222
242,B,underwater,fx_level_z_252,-0.026614582166075706
242,alpha,,kospi_return_1d,0.022784879431128502
242,alpha,,fx_level_z_252,0.024645518511533737
243,beta,momentum,,-0.027975771576166153
243,beta,persist,,0.11230171471834183
243,beta,underwater,,0.015089083462953568
243,B,momentum,kospi_return_1d,-0.0060460916720330715
243,B,momentum,fx_level_z_252,-0.00020008700084872544
243,B,persist,kospi_return_1d,-0.032652080059051514
243,B,persist,fx_level_z_252,-8.660409366711974e-05
243,B,underwater,kospi_return_1d,0.00025672177434898913
243,B,underwater,fx_level_z_252,-0.02654971182346344
243,alpha,,kospi_return_1d,0.02284768410027027
243,alpha,,fx_level_z_252,0.02483510412275791
244,beta,momentum,,-0.028102289885282516
244,beta,persist,,0.11234740167856216
244,beta,underwater,,0.015105498023331165
244,B,momentum,kospi_return_1d,-0.0061459019780159
244,B,momentum,fx_level_z_252,-0.0001728799397824332
244,B,persist,kospi_return_1d,-0.0327504463493824
244,B,persist,fx_level_z_252,9.81505581876263e-05
244,B,underwater,kospi_return_1d,0.00016820448217913508
244,B,underwater,fx_level_z_252,-0.026402877643704414
244,alpha,,kospi_return_1d,0.02284090220928192
244,alpha,,fx_level_z_252,0.02501319721341133
245,beta,momentum,,-0.028095215559005737
245,beta,persist,,0.1123620793223381
245,beta,underwater,,0.015098482370376587
245,B,momentum,kospi_return_1d,-0.006290452554821968
245,B,momentum,fx_level_z_252,-9.023834718391299e-05
245,B,persist,kospi_return_1d,-0.032814715057611465
245,B,persist,fx_level_z_252,0.0003167107352055609
245,B,underwater,kospi_return_1d,9.371465421281755e-05
245,B,underwater,fx_level_z_252,-0.026274269446730614
245,alpha,,kospi_return_1d,0.02285972610116005
245,alpha,,fx_level_z_252,0.02505362406373024
246,beta,momentum,,-0.02806502766907215
246,beta,persist,,0.11235485225915909
246,beta,underwater,,0.015266938135027885
246,B,momentum,kospi_return_1d,-0.006427586544305086
246,B,momentum,fx_level_z_252,6.592104182345793e-05
246,B,persist,kospi_return_1d,-0.03295707330107689
246,B,persist,fx_level_z_252,0.00047418795293197036
246,B,underwater,kospi_return_1d,1.509108733444009e-05
246,B,underwater,fx_level_z_252,-0.026175707578659058
246,alpha,,kospi_return_1d,0.022892115637660027
246,alpha,,fx_level_z_252,0.025210972875356674
247,beta,momentum,,-0.028083249926567078
247,beta,persist,,0.11243238300085068
247,beta,underwater,,0.01540388260036707
247,B,momentum,kospi_return_1d,-0.006664253771305084
247,B,momentum,fx_level_z_252,9.178098116535693e-05
247,B,persist,kospi_return_1d,-0.033066023141145706
247,B,persist,fx_level_z_252,0.00046983937500044703
247,B,underwater,kospi_return_1d,-3.2117663067765534e-05
247,B,underwater,fx_level_z_252,-0.02619977854192257
247,alpha,,kospi_return_1d,0.022952983155846596
247,alpha,,fx_level_z_252,0.025448601692914963
248,beta,momentum,,-0.028002483770251274
248,beta,persist,,0.11238961666822433
248,beta,underwater,,0.015320692211389542
248,B,momentum,kospi_return_1d,-0.006903984118252993
248,B,momentum,fx_level_z_252,2.2335079847835004e-05
248,B,persist,kospi_return_1d,-0.033180881291627884
248,B,persist,fx_level_z_252,0.0005423916154541075
248,B,underwater,kospi_return_1d,3.9380443922709674e-05
248,B,underwater,fx_level_z_252,-0.026296863332390785
248,alpha,,kospi_return_1d,0.023068681359291077
248,alpha,,fx_level_z_252,0.02576097846031189
249,beta,momentum,,-0.027943270280957222
249,beta,persist,,0.11241326481103897
249,beta,underwater,,0.01514563150703907
249,B,momentum,kospi_return_1d,-0.0073546492494642735
249,B,momentum,fx_level_z_252,-0.00013501953799277544
249,B,persist,kospi_return_1d,-0.03327745944261551
249,B,persist,fx_level_z_252,0.0005549847846850753
249,B,underwater,kospi_return_1d,0.00015695836918894202
249,B,underwater,fx_level_z_252,-0.02647046372294426
249,alpha,,kospi_return_1d,0.023292750120162964
249,alpha,,fx_level_z_252,0.02583041787147522
250,beta,momentum,,-0.02790122665464878
250,beta,persist,,0.11243651062250137
250,beta,underwater,,0.015015387907624245
250,B,momentum,kospi_return_1d,-0.007714418228715658
250,B,momentum,fx_level_z_252,-0.00039761397056281567
250,B,persist,kospi_return_1d,-0.03350827842950821
250,B,persist,fx_level_z_252,0.00034081266494467854
250,B,underwater,kospi_return_1d,4.451470886124298e-05
250,B,underwater,fx_level_z_252,-0.026479041203856468
250,alpha,,kospi_return_1d,0.023565039038658142
250,alpha,,fx_level_z_252,0.02571456879377365
251,beta,momentum,,-0.02803081087768078
251,beta,persist,,0.11250956356525421
251,beta,underwater,,0.015042300336062908
251,B,momentum,kospi_return_1d,-0.008066552691161633
251,B,momentum,fx_level_z_252,-0.0003875116817653179
251,B,persist,kospi_return_1d,-0.033590953797101974
251,B,persist,fx_level_z_252,3.8787416997365654e-05
251,B,underwater,kospi_return_1d,-8.555900421924889e-05
251,B,underwater,fx_level_z_252,-0.026530608534812927
251,alpha,,kospi_return_1d,0.023779315873980522
251,alpha,,fx_level_z_252,0.02573714777827263
252,beta,momentum,,-0.02810085192322731
252,beta,persist,,0.11256609857082367
252,beta,underwater,,0.014971143566071987
252,B,momentum,kospi_return_1d,-0.008328516967594624
252,B,momentum,fx_level_z_252,-0.00034772034268826246
252,B,persist,kospi_return_1d,-0.03357655182480812
252,B,persist,fx_level_z_252,-0.00010538897913647816
252,B,underwater,kospi_return_1d,4.1836472519207746e-05
252,B,underwater,fx_level_z_252,-0.026662951335310936
252,alpha,,kospi_return_1d,0.024008654057979584
252,alpha,,fx_level_z_252,0.02564963325858116
253,beta,momentum,,-0.028166214004158974
253,beta,persist,,0.11258699744939804
253,beta,underwater,,0.014933358877897263
253,B,momentum,kospi_return_1d,-0.008188372477889061
253,B,momentum,fx_level_z_252,-0.00035090127494186163
253,B,persist,kospi_return_1d,-0.03373009338974953
253,B,persist,fx_level_z_252,-8.955041994340718e-05
253,B,underwater,kospi_return_1d,-3.873356763506308e-05
253,B,underwater,fx_level_z_252,-0.026587579399347305
253,alpha,,kospi_return_1d,0.02414563298225403
253,alpha,,fx_level_z_252,0.025418683886528015
254,beta,momentum,,-0.028115058317780495
254,beta,persist,,0.11249324679374695
254,beta,underwater,,0.014962644316256046
254,B,momentum,kospi_return_1d,-0.007971063256263733
254,B,momentum,fx_level_z_252,-0.0005361103685572743
254,B,persist,kospi_return_1d,-0.03388276323676109
254,B,persist,fx_level_z_252,0.00017726881196722388
254,B,underwater,kospi_return_1d,-0.00010281402501277626
254,B,underwater,fx_level_z_252,-0.02634146809577942
254,alpha,,kospi_return_1d,0.02431410923600197
254,alpha,,fx_level_z_252,0.02523997612297535
255,beta,momentum,,-0.02808305248618126
255,beta,persist,,0.11242978274822235
255,beta,underwater,,0.01497004833072424
255,B,momentum,kospi_return_1d,-0.007718262262642384
255,B,momentum,fx_level_z_252,-0.000426777929533273
255,B,persist,kospi_return_1d,-0.03401505574584007
255,B,persist,fx_level_z_252,0.0003356748493388295
255,B,underwater,kospi_return_1d,-5.3216594096738845e-05
255,B,underwater,fx_level_z_252,-0.02637026645243168
255,alpha,,kospi_return_1d,0.02429717779159546
255,alpha,,fx_level_z_252,0.0251694954931736
256,beta,momentum,,-0.027996152639389038
256,beta,persist,,0.11231119930744171
256,beta,underwater,,0.01481534168124199
256,B,momentum,kospi_return_1d,-0.007612049579620361
256,B,momentum,fx_level_z_252,-0.0002473609638400376
256,B,persist,kospi_return_1d,-0.03393303230404854
256,B,persist,fx_level_z_252,0.00020854586909990758
256,B,underwater,kospi_return_1d,0.00012662781227845699
256,B,underwater,fx_level_z_252,-0.026598215103149414
256,alpha,,kospi_return_1d,0.024377010762691498
256,alpha,,fx_level_z_252,0.025034021586179733
257,beta,momentum,,-0.027963655069470406
257,beta,persist,,0.11216491460800171
257,beta,underwater,,0.01460087951272726
257,B,momentum,kospi_return_1d,-0.007882189005613327
257,B,momentum,fx_level_z_252,0.0002126572944689542
257,B,persist,kospi_return_1d,-0.03370692580938339
257,B,persist,fx_level_z_252,0.00010638985258992761
257,B,underwater,kospi_return_1d,0.0005003019468858838
257,B,underwater,fx_level_z_252,-0.026962528005242348
257,alpha,,kospi_return_1d,0.024401435628533363
257,alpha,,fx_level_z_252,0.02486831694841385
258,beta,momentum,,-0.028022486716508865
258,beta,persist,,0.11213903874158859
258,beta,underwater,,0.014547639526426792
258,B,momentum,kospi_return_1d,-0.008029820397496223
258,B,momentum,fx_level_z_252,0.0005809370195493102
258,B,persist,kospi_return_1d,-0.033534057438373566
258,B,persist,fx_level_z_252,-3.181274951202795e-05
258,B,underwater,kospi_return_1d,0.0007197780651040375
258,B,underwater,fx_level_z_252,-0.027280597016215324
258,alpha,,kospi_return_1d,0.02432822808623314
258,alpha,,fx_level_z_252,0.0249051321297884
259,beta,momentum,,-0.028067924082279205
259,beta,persist,,0.11211888492107391
259,beta,underwater,,0.014469357207417488
259,B,momentum,kospi_return_1d,-0.008166993968188763
259,B,momentum,fx_level_z_252,0.0007519784849137068
259,B,persist,kospi_return_1d,-0.03328898921608925
259,B,persist,fx_level_z_252,-0.00011176202679052949
259,B,underwater,kospi_return_1d,0.0007900944328866899
259,B,underwater,fx_level_z_252,-0.0274357870221138
259,alpha,,kospi_return_1d,0.024068957194685936
259,alpha,,fx_level_z_252,0.024755071848630905
260,beta,momentum,,-0.028127288445830345
260,beta,persist,,0.11210175603628159
260,beta,underwater,,0.014441637322306633
260,B,momentum,kospi_return_1d,-0.008220908232033253
260,B,momentum,fx_level_z_252,0.0006354671786539257
260,B,persist,kospi_return_1d,-0.03318096324801445
260,B,persist,fx_level_z_252,-1.8892176740337163e-05
260,B,underwater,kospi_return_1d,0.0007757344283163548
260,B,underwater,fx_level_z_252,-0.027348609641194344
260,alpha,,kospi_return_1d,0.023784466087818146
260,alpha,,fx_level_z_252,0.024622537195682526
261,beta,momentum,,-0.028275080025196075
261,beta,persist,,0.11217105388641357
261,beta,underwater,,0.014416528865695
261,B,momentum,kospi_return_1d,-0.008287608623504639
261,B,momentum,fx_level_z_252,0.0004753785615321249
261,B,persist,kospi_return_1d,-0.03307705372571945
261,B,persist,fx_level_z_252,-6.548812962137163e-05
261,B,underwater,kospi_return_1d,0.0006680440856143832
261,B,underwater,fx_level_z_252,-0.027265168726444244
261,alpha,,kospi_return_1d,0.02347000688314438
261,alpha,,fx_level_z_252,0.02465517446398735
262,beta,momentum,,-0.028324322775006294
262,beta,persist,,0.11222352832555771
262,beta,underwater,,0.01440416555851698
262,B,momentum,kospi_return_1d,-0.00817797053605318
262,B,momentum,fx_level_z_252,0.00018898853159043938
262,B,persist,kospi_return_1d,-0.03307601064443588
262,B,persist,fx_level_z_252,1.9939994672313333e-05
262,B,underwater,kospi_return_1d,0.00038782646879553795
262,B,underwater,fx_level_z_252,-0.027167947962880135
262,alpha,,kospi_return_1d,0.023283949121832848
262,alpha,,fx_level_z_252,0.024813387542963028
263,beta,momentum,,-0.028270214796066284
263,beta,persist,,0.112177275121212
263,beta,underwater,,0.014365327544510365
263,B,momentum,kospi_return_1d,-0.007940202951431274
263,B,momentum,fx_level_z_252,-0.0002328711561858654
263,B,persist,kospi_return_1d,-0.03316919133067131
263,B,persist,fx_level_z_252,0.00011355289461789653
263,B,underwater,kospi_return_1d,-3.852082591038197e-05
263,B,underwater,fx_level_z_252,-0.027096368372440338
263,alpha,,kospi_return_1d,0.023224186152219772
263,alpha,,fx_level_z_252,0.02473328448832035
264,beta,momentum,,-0.028300078585743904
264,beta,persist,,0.11214993894100189
264,beta,underwater,,0.01430728379637003
264,B,momentum,kospi_return_1d,-0.007798801641911268
264,B,momentum,fx_level_z_252,-0.0004655861994251609
264,B,persist,kospi_return_1d,-0.03323878347873688
264,B,persist,fx_level_z_252,-5.301288183545694e-05
264,B,underwater,kospi_return_1d,-0.0003343266434967518
264,B,underwater,fx_level_z_252,-0.02711116150021553
264,alpha,,kospi_return_1d,0.023297341540455818
264,alpha,,fx_level_z_252,0.0245954766869545
265,beta,momentum,,-0.028248757123947144
265,beta,persist,,0.11216174066066742
265,beta,underwater,,0.01422394160181284
265,B,momentum,kospi_return_1d,-0.007441870402544737
265,B,momentum,fx_level_z_252,-0.0008549945196136832
265,B,persist,kospi_return_1d,-0.033251214772462845
265,B,persist,fx_level_z_252,-7.820148312021047e-05
265,B,underwater,kospi_return_1d,-0.0005497640231624246
265,B,underwater,fx_level_z_252,-0.027078133076429367
265,alpha,,kospi_return_1d,0.023131871595978737
265,alpha,,fx_level_z_252,0.024340985342860222
266,beta,momentum,,-0.028120361268520355
266,beta,persist,,0.11222843825817108
266,beta,underwater,,0.014123949222266674
266,B,momentum,kospi_return_1d,-0.00710449181497097
266,B,momentum,fx_level_z_252,-0.0011555645614862442
266,B,persist,kospi_return_1d,-0.03322133049368858
266,B,persist,fx_level_z_252,3.420301800360903e-05
266,B,underwater,kospi_return_1d,-0.0006647203699685633
266,B,underwater,fx_level_z_252,-0.027064183726906776
266,alpha,,kospi_return_1d,0.02289450913667679
266,alpha,,fx_level_z_252,0.02427303045988083
267,beta,momentum,,-0.027988120913505554
267,beta,persist,,0.11235756427049637
267,beta,underwater,,0.013927272520959377
267,B,momentum,kospi_return_1d,-0.006768577266484499
267,B,momentum,fx_level_z_252,-0.001451738877221942
267,B,persist,kospi_return_1d,-0.03338002413511276
267,B,persist,fx_level_z_252,0.0001616310910321772
267,B,underwater,kospi_return_1d,-0.000671361805871129
267,B,underwater,fx_level_z_252,-0.02697790041565895
267,alpha,,kospi_return_1d,0.022745104506611824
267,alpha,,fx_level_z_252,0.024177728220820427
268,beta,momentum,,-0.027907857671380043
268,beta,persist,,0.11256346106529236
268,beta,underwater,,0.01373741589486599
268,B,momentum,kospi_return_1d,-0.006490394938737154
268,B,momentum,fx_level_z_252,-0.0015974495327100158
268,B,persist,kospi_return_1d,-0.0334785059094429
268,B,persist,fx_level_z_252,8.154338502208702e-06
268,B,underwater,kospi_return_1d,-0.0004770624218508601
268,B,underwater,fx_level_z_252,-0.027051787823438644
268,alpha,,kospi_return_1d,0.022633766755461693
268,alpha,,fx_level_z_252,0.024075040593743324
269,beta,momentum,,-0.027837762609124184
269,beta,persist,,0.11277129501104355
269,beta,underwater,,0.013785471208393574
269,B,momentum,kospi_return_1d,-0.006378381513059139
269,B,momentum,fx_level_z_252,-0.0016772558446973562
269,B,persist,kospi_return_1d,-0.03354480490088463
269,B,persist,fx_level_z_252,-3.369017940713093e-05
269,B,underwater,kospi_return_1d,-0.0001519482902949676
269,B,underwater,fx_level_z_252,-0.0270641278475523
269,alpha,,kospi_return_1d,0.022434428334236145
269,alpha,,fx_level_z_252,0.024227766320109367
270,beta,momentum,,-0.027868229895830154
270,beta,persist,,0.11288230121135712
270,beta,underwater,,0.01388547196984291
270,B,momentum,kospi_return_1d,-0.006293500307947397
270,B,momentum,fx_level_z_252,-0.001540298806503415
270,B,persist,kospi_return_1d,-0.03352559730410576
270,B,persist,fx_level_z_252,9.687762940302491e-05
270,B,underwater,kospi_return_1d,0.0002285487571498379
270,B,underwater,fx_level_z_252,-0.027086330577731133
270,alpha,,kospi_return_1d,0.022306613624095917
270,alpha,,fx_level_z_252,0.02445795200765133
271,beta,momentum,,-0.027921609580516815
271,beta,persist,,0.11301030218601227
271,beta,underwater,,0.01385622750967741
271,B,momentum,kospi_return_1d,-0.0062024821527302265
271,B,momentum,fx_level_z_252,-0.0013935944298282266
271,B,persist,kospi_return_1d,-0.033610451966524124
271,B,persist,fx_level_z_252,0.0002507746685296297
271,B,underwater,kospi_return_1d,0.0005614491528831422
271,B,underwater,fx_level_z_252,-0.027142850682139397
271,alpha,,kospi_return_1d,0.022251617163419724
271,alpha,,fx_level_z_252,0.02454489842057228
272,beta,momentum,,-0.0278537105768919
272,beta,persist,,0.11315295100212097
272,beta,underwater,,0.013734330423176289
272,B,momentum,kospi_return_1d,-0.0061754947528243065
272,B,momentum,fx_level_z_252,-0.00117319670971483
272,B,persist,kospi_return_1d,-0.03352482244372368
272,B,persist,fx_level_z_252,0.0003482871106825769
272,B,underwater,kospi_return_1d,0.0007341288728639483
272,B,underwater,fx_level_z_252,-0.02733084000647068
272,alpha,,kospi_return_1d,0.022140661254525185
272,alpha,,fx_level_z_252,0.02477274090051651
273,beta,momentum,,-0.027749642729759216
273,beta,persist,,0.11325809359550476
273,beta,underwater,,0.013628151267766953
273,B,momentum,kospi_return_1d,-0.00620315782725811
273,B,momentum,fx_level_z_252,-0.0010657208040356636
273,B,persist,kospi_return_1d,-0.03345869481563568
273,B,persist,fx_level_z_252,0.00040861574234440923
273,B,underwater,kospi_return_1d,0.0008516265661455691
273,B,underwater,fx_level_z_252,-0.027273455634713173
273,alpha,,kospi_return_1d,0.02221810258924961
273,alpha,,fx_level_z_252,0.024684512987732887
274,beta,momentum,,-0.027707014232873917
274,beta,persist,,0.11334764212369919
274,beta,underwater,,0.013615135103464127
274,B,momentum,kospi_return_1d,-0.006294124759733677
274,B,momentum,fx_level_z_252,-0.0009530146489851177
274,B,persist,kospi_return_1d,-0.03334256634116173
274,B,persist,fx_level_z_252,0.0002848501899279654
274,B,underwater,kospi_return_1d,0.0007352687534876168
274,B,underwater,fx_level_z_252,-0.027135584503412247
274,alpha,,kospi_return_1d,0.022095104679465294
274,alpha,,fx_level_z_252,0.024532079696655273
275,beta,momentum,,-0.027662888169288635
275,beta,persist,,0.11343305557966232
275,beta,underwater,,0.013637865893542767
275,B,momentum,kospi_return_1d,-0.006559276487678289
275,B,momentum,fx_level_z_252,-0.0007448461838066578
275,B,persist,kospi_return_1d,-0.03304186835885048
275,B,persist,fx_level_z_252,5.006295396015048e-05
275,B,underwater,kospi_return_1d,0.0007009299588389695
275,B,underwater,fx_level_z_252,-0.027011891826987267
275,alpha,,kospi_return_1d,0.021780695766210556
275,alpha,,fx_level_z_252,0.024493344128131866
276,beta,momentum,,-0.027636652812361717
276,beta,persist,,0.1134895607829094
276,beta,underwater,,0.01368091069161892
276,B,momentum,kospi_return_1d,-0.006798440124839544
276,B,momentum,fx_level_z_252,-0.00048722332576289773
276,B,persist,kospi_return_1d,-0.0328756719827652
276,B,persist,fx_level_z_252,-0.00016430526738986373
276,B,underwater,kospi_return_1d,0.0004901705542579293
276,B,underwater,fx_level_z_252,-0.026942692697048187
276,alpha,,kospi_return_1d,0.02146131731569767
276,alpha,,fx_level_z_252,0.02452429011464119
277,beta,momentum,,-0.027602210640907288
277,beta,persist,,0.11351128667593002
277,beta,underwater,,0.013789103366434574
277,B,momentum,kospi_return_1d,-0.007059996481984854
277,B,momentum,fx_level_z_252,-0.000288111565168947
277,B,persist,kospi_return_1d,-0.032764483243227005
277,B,persist,fx_level_z_252,-0.00014409587311092764
277,B,underwater,kospi_return_1d,0.00014585210010409355
277,B,underwater,fx_level_z_252,-0.026901748031377792
277,alpha,,kospi_return_1d,0.02116929553449154
277,alpha,,fx_level_z_252,0.024483241140842438
278,beta,momentum,,-0.02768954262137413
278,beta,persist,,0.1135585606098175
278,beta,underwater,,0.01392947044223547
278,B,momentum,kospi_return_1d,-0.00716081727296114
278,B,momentum,fx_level_z_252,-7.33592314645648e-05
278,B,persist,kospi_return_1d,-0.03272883594036102
278,B,persist,fx_level_z_252,-2.810545265674591e-05
278,B,underwater,kospi_return_1d,-0.00015649208216927946
278,B,underwater,fx_level_z_252,-0.02683630771934986
278,alpha,,kospi_return_1d,0.020970690995454788
278,alpha,,fx_level_z_252,0.02439689077436924
279,beta,momentum,,-0.02771412394940853
279,beta,persist,,0.11351639777421951
279,beta,underwater,,0.013929922133684158
279,B,momentum,kospi_return_1d,-0.007230658549815416
279,B,momentum,fx_level_z_252,4.88775986013934e-05
279,B,persist,kospi_return_1d,-0.032766297459602356
279,B,persist,fx_level_z_252,0.0003181120555382222
279,B,underwater,kospi_return_1d,-0.0003057616122532636
279,B,underwater,fx_level_z_252,-0.02682582475244999
279,alpha,,kospi_return_1d,0.02093631401658058
279,alpha,,fx_level_z_252,0.02430463582277298
280,beta,momentum,,-0.02767026796936989
280,beta,persist,,0.11354769021272659
280,beta,underwater,,0.013928824104368687
280,B,momentum,kospi_return_1d,-0.007429977413266897
280,B,momentum,fx_level_z_252,7.738433487247676e-05
280,B,persist,kospi_return_1d,-0.032609645277261734
280,B,persist,fx_level_z_252,0.00035440936335362494
280,B,underwater,kospi_return_1d,-0.0001284231257159263
280,B,underwater,fx_level_z_252,-0.026853151619434357
280,alpha,,kospi_return_1d,0.020816341042518616
280,alpha,,fx_level_z_252,0.024072062224149704
281,beta,momentum,,-0.02765253372490406
281,beta,persist,,0.11352644860744476
281,beta,underwater,,0.013804805465042591
281,B,momentum,kospi_return_1d,-0.007693753112107515
281,B,momentum,fx_level_z_252,3.919918526662514e-06
281,B,persist,kospi_return_1d,-0.03269614651799202
281,B,persist,fx_level_z_252,0.00018923173774965107
281,B,underwater,kospi_return_1d,0.00011159387941006571
281,B,underwater,fx_level_z_252,-0.026918934658169746
281,alpha,,kospi_return_1d,0.020751550793647766
281,alpha,,fx_level_z_252,0.023926991969347
282,beta,momentum,,-0.02761681005358696
282,beta,persist,,0.11346269398927689
282,beta,underwater,,0.013483993709087372
282,B,momentum,kospi_return_1d,-0.007890607230365276
282,B,momentum,fx_level_z_252,-0.00012526671343948692
282,B,persist,kospi_return_1d,-0.03288569301366806
282,B,persist,fx_level_z_252,0.0001262226141989231
282,B,underwater,kospi_return_1d,0.0003636924084275961
282,B,underwater,fx_level_z_252,-0.027037886902689934
282,alpha,,kospi_return_1d,0.020654089748859406
282,alpha,,fx_level_z_252,0.023787057027220726
283,beta,momentum,,-0.027543967589735985
283,beta,persist,,0.11340494453907013
283,beta,underwater,,0.013112885877490044
283,B,momentum,kospi_return_1d,-0.007950256578624249
283,B,momentum,fx_level_z_252,-0.00017883002874441445
283,B,persist,kospi_return_1d,-0.03317587450146675
283,B,persist,fx_level_z_252,6.6507491283118725e-06
283,B,underwater,kospi_return_1d,0.0005802910309284925
283,B,underwater,fx_level_z_252,-0.02703165076673031
283,alpha,,kospi_return_1d,0.020365841686725616
283,alpha,,fx_level_z_252,0.023658420890569687
284,beta,momentum,,-0.02755293995141983
284,beta,persist,,0.11336600035429001
284,beta,underwater,,0.01290859654545784
284,B,momentum,kospi_return_1d,-0.007998071610927582
284,B,momentum,fx_level_z_252,-0.0002847766154445708
284,B,persist,kospi_return_1d,-0.03348488360643387
284,B,persist,fx_level_z_252,-0.0001298715069424361
284,B,underwater,kospi_return_1d,0.0005289422115311027
284,B,underwater,fx_level_z_252,-0.026885418221354485
284,alpha,,kospi_return_1d,0.020114721730351448
284,alpha,,fx_level_z_252,0.023596888408064842
285,beta,momentum,,-0.027552055194973946
285,beta,persist,,0.11331815272569656
285,beta,underwater,,0.01274239830672741
285,B,momentum,kospi_return_1d,-0.00809482391923666
285,B,momentum,fx_level_z_252,-0.0003536823205649853
285,B,persist,kospi_return_1d,-0.0337425135076046
285,B,persist,fx_level_z_252,-0.00011684332275763154
285,B,underwater,kospi_return_1d,0.00040257652290165424
285,B,underwater,fx_level_z_252,-0.026708845049142838
285,alpha,,kospi_return_1d,0.019941046833992004
285,alpha,,fx_level_z_252,0.0236149113625288
286,beta,momentum,,-0.027484038844704628
286,beta,persist,,0.11318609863519669
286,beta,underwater,,0.012527081184089184
286,B,momentum,kospi_return_1d,-0.008179753087460995
286,B,momentum,fx_level_z_252,-0.000418423063820228
286,B,persist,kospi_return_1d,-0.033947378396987915
286,B,persist,fx_level_z_252,0.00012015772517770529
286,B,underwater,kospi_return_1d,0.0002823870163410902
286,B,underwater,fx_level_z_252,-0.026547566056251526
286,alpha,,kospi_return_1d,0.01981174945831299
286,alpha,,fx_level_z_252,0.023708419874310493
287,beta,momentum,,-0.027411703020334244
287,beta,persist,,0.11302905529737473
287,beta,underwater,,0.012458814308047295
287,B,momentum,kospi_return_1d,-0.008200417272746563
287,B,momentum,fx_level_z_252,-0.0005063512944616377
287,B,persist,kospi_return_1d,-0.034159980714321136
287,B,persist,fx_level_z_252,0.0005311480490490794
287,B,underwater,kospi_return_1d,2.3622196749784052e-06
287,B,underwater,fx_level_z_252,-0.02622775360941887
287,alpha,,kospi_return_1d,0.01989591494202614
287,alpha,,fx_level_z_252,0.023865485563874245
288,beta,momentum,,-0.027318676933646202
288,beta,persist,,0.11286240816116333
288,beta,underwater,,0.012465067207813263
288,B,momentum,kospi_return_1d,-0.008091382682323456
288,B,momentum,fx_level_z_252,-0.00043539167381823063
288,B,persist,kospi_return_1d,-0.03422197699546814
288,B,persist,fx_level_z_252,0.0006776587106287479
288,B,underwater,kospi_return_1d,-0.00023112197231967002
288,B,underwater,fx_level_z_252,-0.026035575196146965
288,alpha,,kospi_return_1d,0.020142460241913795
288,alpha,,fx_level_z_252,0.024169905111193657
289,beta,momentum,,-0.027269277721643448
289,beta,persist,,0.11268109828233719
289,beta,underwater,,0.012400701642036438
289,B,momentum,kospi_return_1d,-0.0077559081837534904
289,B,momentum,fx_level_z_252,-0.0003762849373742938
289,B,persist,kospi_return_1d,-0.03450557962059975
289,B,persist,fx_level_z_252,0.0009225279791280627
289,B,underwater,kospi_return_1d,-0.0005774676683358848
289,B,underwater,fx_level_z_252,-0.025822458788752556
289,alpha,,kospi_return_1d,0.02037615142762661
289,alpha,,fx_level_z_252,0.024332763627171516
290,beta,momentum,,-0.027274398133158684
290,beta,persist,,0.11255675554275513
290,beta,underwater,,0.012381334789097309
290,B,momentum,kospi_return_1d,-0.007486948277801275
290,B,momentum,fx_level_z_252,-0.00024017947725951672
290,B,persist,kospi_return_1d,-0.03468441590666771
290,B,persist,fx_level_z_252,0.0009296545176766813
290,B,underwater,kospi_return_1d,-0.0006861088913865387
290,B,underwater,fx_level_z_252,-0.025758007541298866
290,alpha,,kospi_return_1d,0.02070794813334942
290,alpha,,fx_level_z_252,0.02459816262125969
291,beta,momentum,,-0.02728484384715557
291,beta,persist,,0.11245620995759964
291,beta,underwater,,0.012262213975191116
291,B,momentum,kospi_return_1d,-0.007433310616761446
291,B,momentum,fx_level_z_252,-0.00017703908088151366
291,B,persist,kospi_return_1d,-0.0349397137761116
291,B,persist,fx_level_z_252,0.0009761672699823976
291,B,underwater,kospi_return_1d,-0.0006654103053733706
291,B,underwater,fx_level_z_252,-0.02570400945842266
291,alpha,,kospi_return_1d,0.02087963931262493
291,alpha,,fx_level_z_252,0.024784523993730545
292,beta,momentum,,-0.02744673378765583
292,beta,persist,,0.11244304478168488
292,beta,underwater,,0.01233473140746355
292,B,momentum,kospi_return_1d,-0.007612807676196098
292,B,momentum,fx_level_z_252,-0.00010565684351604432
292,B,persist,kospi_return_1d,-0.035034406930208206
292,B,persist,fx_level_z_252,0.0009220444480888546
292,B,underwater,kospi_return_1d,-0.0004288283525966108
292,B,underwater,fx_level_z_252,-0.025526784360408783
292,alpha,,kospi_return_1d,0.02096734568476677
292,alpha,,fx_level_z_252,0.025102177634835243
293,beta,momentum,,-0.027564361691474915
293,beta,persist,,0.11250415444374084
293,beta,underwater,,0.012348577380180359
293,B,momentum,kospi_return_1d,-0.00788581557571888
293,B,momentum,fx_level_z_252,7.744418689981103e-05
293,B,persist,kospi_return_1d,-0.03494121506810188
293,B,persist,fx_level_z_252,0.0006022560992278159
293,B,underwater,kospi_return_1d,3.606150858104229e-05
293,B,underwater,fx_level_z_252,-0.025443317368626595
293,alpha,,kospi_return_1d,0.02096901647746563
293,alpha,,fx_level_z_252,0.025281274691224098
294,beta,momentum,,-0.02759654074907303
294,beta,persist,,0.11254129558801651
294,beta,underwater,,0.012438567355275154
294,B,momentum,kospi_return_1d,-0.008244993165135384
294,B,momentum,fx_level_z_252,0.00023308243544306606
294,B,persist,kospi_return_1d,-0.03463150933384895
294,B,persist,fx_level_z_252,0.0003678567009046674
294,B,underwater,kospi_return_1d,0.0004543598915915936
294,B,underwater,fx_level_z_252,-0.025316961109638214
294,alpha,,kospi_return_1d,0.020862318575382233
294,alpha,,fx_level_z_252,0.02540190890431404
295,beta,momentum,,-0.027731433510780334
295,beta,persist,,0.11260966211557388
295,beta,underwater,,0.012569253332912922
295,B,momentum,kospi_return_1d,-0.00857766717672348
295,B,momentum,fx_level_z_252,0.00038649706402793527
295,B,persist,kospi_return_1d,-0.03435935080051422
295,B,persist,fx_level_z_252,5.336538015399128e-05
295,B,underwater,kospi_return_1d,0.0007836776785552502
295,B,underwater,fx_level_z_252,-0.025240464136004448
295,alpha,,kospi_return_1d,0.020786436274647713
295,alpha,,fx_level_z_252,0.02561330981552601
296,beta,momentum,,-0.027860041707754135
296,beta,persist,,0.11270289868116379
296,beta,underwater,,0.012815811671316624
296,B,momentum,kospi_return_1d,-0.008792847394943237
296,B,momentum,fx_level_z_252,0.0001967354619409889
296,B,persist,kospi_return_1d,-0.03400557115674019
296,B,persist,fx_level_z_252,-0.00018581414769869298
296,B,underwater,kospi_return_1d,0.0008527578320354223
296,B,underwater,fx_level_z_252,-0.02494877576828003
296,alpha,,kospi_return_1d,0.020654551684856415
296,alpha,,fx_level_z_252,0.025733578950166702
297,beta,momentum,,-0.027934618294239044
297,beta,persist,,0.11280149966478348
297,beta,underwater,,0.012977497652173042
297,B,momentum,kospi_return_1d,-0.008966085501015186
297,B,momentum,fx_level_z_252,-0.00016703642904758453
297,B,persist,kospi_return_1d,-0.033676791936159134
297,B,persist,fx_level_z_252,-0.000214949541259557
297,B,underwater,kospi_return_1d,0.0010075633181259036
297,B,underwater,fx_level_z_252,-0.024664251133799553
297,alpha,,kospi_return_1d,0.020536309108138084
297,alpha,,fx_level_z_252,0.02563931792974472
298,beta,momentum,,-0.027768172323703766
298,beta,persist,,0.11281013488769531
298,beta,underwater,,0.012992000207304955
298,B,momentum,kospi_return_1d,-0.008986340835690498
298,B,momentum,fx_level_z_252,-0.0005758400075137615
298,B,persist,kospi_return_1d,-0.03368087485432625
298,B,persist,fx_level_z_252,-8.297008753288537e-05
298,B,underwater,kospi_return_1d,0.0010005891090258956
298,B,underwater,fx_level_z_252,-0.024350838735699654
298,alpha,,kospi_return_1d,0.02044696733355522
298,alpha,,fx_level_z_252,0.025446780025959015
299,beta,momentum,,-0.027591604739427567
299,beta,persist,,0.11271915584802628
299,beta,underwater,,0.012914526276290417
299,B,momentum,kospi_return_1d,-0.008731910027563572
299,B,momentum,fx_level_z_252,-0.0008607981726527214
299,B,persist,kospi_return_1d,-0.03396701067686081
299,B,persist,fx_level_z_252,0.0001699409040156752
299,B,underwater,kospi_return_1d,0.0008548834011889994
299,B,underwater,fx_level_z_252,-0.02414056472480297
299,alpha,,kospi_return_1d,0.020603423938155174
299,alpha,,fx_level_z_252,0.025113679468631744
300,beta,momentum,,-0.027478963136672974
300,beta,persist,,0.11266928166151047
300,beta,underwater,,0.012808658182621002
300,B,momentum,kospi_return_1d,-0.00826197024434805
300,B,momentum,fx_level_z_252,-0.0009226310066878796
300,B,persist,kospi_return_1d,-0.03433717414736748
300,B,persist,fx_level_z_252,0.0005188720533624291
300,B,underwater,kospi_return_1d,0.0004210026527289301
300,B,underwater,fx_level_z_252,-0.024011531844735146
300,alpha,,kospi_return_1d,0.02074059471487999
300,alpha,,fx_level_z_252,0.024910785257816315
