epoch,parameter,feature,context,weight
0,beta,momentum,,0.0
0,beta,persist,,0.0
0,beta,underwater,,0.0
0,B,momentum,kospi_return_1d,0.0
0,B,momentum,fx_level_z_252,0.0
0,B,persist,kospi_return_1d,0.0
0,B,persist,fx_level_z_252,0.0
0,B,underwater,kospi_return_1d,0.0
0,B,underwater,fx_level_z_252,0.0
0,alpha,,kospi_return_1d,0.0
0,alpha,,fx_level_z_252,0.0
1,beta,momentum,,-0.001996067352592945
1,beta,persist,,0.0019839592278003693
1,beta,underwater,,0.001932130428031087
1,B,momentum,kospi_return_1d,0.0004476865869946778
1,B,momentum,fx_level_z_252,0.00200016051530838
1,B,persist,kospi_return_1d,-0.001786242937669158
1,B,persist,fx_level_z_252,-0.0018039012793451548
1,B,underwater,kospi_return_1d,-0.0019277406390756369
1,B,underwater,fx_level_z_252,0.0003000844153575599
1,alpha,,kospi_return_1d,-0.001967423362657428
1,alpha,,fx_level_z_252,0.0019533520098775625
2,beta,momentum,,-0.003978802356868982
2,beta,persist,,0.003959097899496555
2,beta,underwater,,0.0038531527388840914
2,B,momentum,kospi_return_1d,-0.0006904082256369293
2,B,momentum,fx_level_z_252,0.0038958201184868813
2,B,persist,kospi_return_1d,-0.0034862239845097065
2,B,persist,fx_level_z_252,-0.003310642670840025
2,B,underwater,kospi_return_1d,-0.003383304225280881
2,B,underwater,fx_level_z_252,-0.0010313639650121331
2,alpha,,kospi_return_1d,-0.003848322434350848
2,alpha,,fx_level_z_252,0.00389048270881176
3,beta,momentum,,-0.005947569385170937
3,beta,persist,,0.005931446794420481
3,beta,underwater,,0.005794923286885023
3,B,momentum,kospi_return_1d,-0.0018818762619048357
3,B,momentum,fx_level_z_252,0.005671369843184948
3,B,persist,kospi_return_1d,-0.005240767262876034
3,B,persist,fx_level_z_252,-0.004353255033493042
3,B,underwater,kospi_return_1d,-0.0048057809472084045
3,B,underwater,fx_level_z_252,-0.002300507389008999
3,alpha,,kospi_return_1d,-0.00572601705789566
3,alpha,,fx_level_z_252,0.005832781549543142
4,beta,momentum,,-0.007884572260081768
4,beta,persist,,0.007901235483586788
4,beta,underwater,,0.007715476676821709
4,B,momentum,kospi_return_1d,-0.0029716931749135256
4,B,momentum,fx_level_z_252,0.007395278196781874
4,B,persist,kospi_return_1d,-0.006948067806661129
4,B,persist,fx_level_z_252,-0.005456354934722185
4,B,underwater,kospi_return_1d,-0.006082858424633741
4,B,underwater,fx_level_z_252,-0.0035693570971488953
4,alpha,,kospi_return_1d,-0.007558516226708889
4,alpha,,fx_level_z_252,0.007751906290650368
5,beta,momentum,,-0.009799955412745476
5,beta,persist,,0.009855067357420921
5,beta,underwater,,0.009589826688170433
5,B,momentum,kospi_return_1d,-0.004147026222199202
5,B,momentum,fx_level_z_252,0.008962933905422688
5,B,persist,kospi_return_1d,-0.008626329712569714
5,B,persist,fx_level_z_252,-0.006372835021466017
5,B,underwater,kospi_return_1d,-0.007136481814086437
5,B,underwater,fx_level_z_252,-0.004653682000935078
5,alpha,,kospi_return_1d,-0.009335631504654884
5,alpha,,fx_level_z_252,0.009628454223275185
6,beta,momentum,,-0.011688677594065666
6,beta,persist,,0.01178090088069439
6,beta,underwater,,0.011443275958299637
6,B,momentum,kospi_return_1d,-0.005290798377245665
6,B,momentum,fx_level_z_252,0.010333560407161713
6,B,persist,kospi_return_1d,-0.010224812664091587
6,B,persist,fx_level_z_252,-0.006940469611436129
6,B,underwater,kospi_return_1d,-0.007916591130197048
6,B,underwater,fx_level_z_252,-0.005635792389512062
6,alpha,,kospi_return_1d,-0.010969899594783783
6,alpha,,fx_level_z_252,0.011498107574880123
7,beta,momentum,,-0.01356241013854742
7,beta,persist,,0.01368049904704094
7,beta,underwater,,0.013288097456097603
7,B,momentum,kospi_return_1d,-0.00629046093672514
7,B,momentum,fx_level_z_252,0.011377278715372086
7,B,persist,kospi_return_1d,-0.011627827771008015
7,B,persist,fx_level_z_252,-0.007015048060566187
7,B,underwater,kospi_return_1d,-0.00851127877831459
7,B,underwater,fx_level_z_252,-0.006408178247511387
7,alpha,,kospi_return_1d,-0.012465206906199455
7,alpha,,fx_level_z_252,0.013340752571821213
8,beta,momentum,,-0.015394779853522778
8,beta,persist,,0.01556104514747858
8,beta,underwater,,0.015105784870684147
8,B,momentum,kospi_return_1d,-0.00726278917863965
8,B,momentum,fx_level_z_252,0.012192714028060436
8,B,persist,kospi_return_1d,-0.012727457098662853
8,B,persist,fx_level_z_252,-0.006904080044478178
8,B,underwater,kospi_return_1d,-0.00888377521187067
8,B,underwater,fx_level_z_252,-0.006943937856703997
8,alpha,,kospi_return_1d,-0.013934411108493805
8,alpha,,fx_level_z_252,0.015154226683080196
9,beta,momentum,,-0.01716107316315174
9,beta,persist,,0.017401721328496933
9,beta,underwater,,0.016848769038915634
9,B,momentum,kospi_return_1d,-0.0079511608928442
9,B,momentum,fx_level_z_252,0.012728764675557613
9,B,persist,kospi_return_1d,-0.013832952827215195
9,B,persist,fx_level_z_252,-0.006505785975605249
9,B,underwater,kospi_return_1d,-0.00890531949698925
9,B,underwater,fx_level_z_252,-0.007362683303654194
9,alpha,,kospi_return_1d,-0.015281591564416885
9,alpha,,fx_level_z_252,0.01693429984152317
10,beta,momentum,,-0.018848350271582603
10,beta,persist,,0.019203143194317818
10,beta,underwater,,0.01849612593650818
10,B,momentum,kospi_return_1d,-0.00884084589779377
10,B,momentum,fx_level_z_252,0.01319423969835043
10,B,persist,kospi_return_1d,-0.014870060607790947
10,B,persist,fx_level_z_252,-0.006128743290901184
10,B,underwater,kospi_return_1d,-0.008512517437338829
10,B,underwater,fx_level_z_252,-0.0079656345769763
10,alpha,,kospi_return_1d,-0.016468314453959465
10,alpha,,fx_level_z_252,0.01860065571963787
11,beta,momentum,,-0.020466584712266922
11,beta,persist,,0.020975911989808083
11,beta,underwater,,0.020072689279913902
11,B,momentum,kospi_return_1d,-0.009830568917095661
11,B,momentum,fx_level_z_252,0.01349744014441967
11,B,persist,kospi_return_1d,-0.015729237347841263
11,B,persist,fx_level_z_252,-0.0056681158021092415
11,B,underwater,kospi_return_1d,-0.007707576267421246
11,B,underwater,fx_level_z_252,-0.00862938817590475
11,alpha,,kospi_return_1d,-0.01755935326218605
11,alpha,,fx_level_z_252,0.020183172076940536
12,beta,momentum,,-0.022015990689396858
12,beta,persist,,0.022718245163559914
12,beta,underwater,,0.02156224474310875
12,B,momentum,kospi_return_1d,-0.010818899609148502
12,B,momentum,fx_level_z_252,0.013546927832067013
12,B,persist,kospi_return_1d,-0.016431348398327827
12,B,persist,fx_level_z_252,-0.0051773651503026485
12,B,underwater,kospi_return_1d,-0.006822415627539158
12,B,underwater,fx_level_z_252,-0.009295621886849403
12,alpha,,kospi_return_1d,-0.018504127860069275
12,alpha,,fx_level_z_252,0.021719204261898994
13,beta,momentum,,-0.023510809987783432
13,beta,persist,,0.024439917877316475
13,beta,underwater,,0.022976821288466454
13,B,momentum,kospi_return_1d,-0.011851014569401741
13,B,momentum,fx_level_z_252,0.013484972529113293
13,B,persist,kospi_return_1d,-0.01704857498407364
13,B,persist,fx_level_z_252,-0.004690691363066435
13,B,underwater,kospi_return_1d,-0.005746643058955669
13,B,underwater,fx_level_z_252,-0.01002129539847374
13,alpha,,kospi_return_1d,-0.019348852336406708
13,alpha,,fx_level_z_252,0.02315768413245678
14,beta,momentum,,-0.024940911680459976
14,beta,persist,,0.026108955964446068
14,beta,underwater,,0.02428143098950386
14,B,momentum,kospi_return_1d,-0.012631106190383434
14,B,momentum,fx_level_z_252,0.013381283730268478
14,B,persist,kospi_return_1d,-0.01775616593658924
14,B,persist,fx_level_z_252,-0.0042471811175346375
14,B,underwater,kospi_return_1d,-0.004562485963106155
14,B,underwater,fx_level_z_252,-0.010779758915305138
14,alpha,,kospi_return_1d,-0.01999346911907196
14,alpha,,fx_level_z_252,0.02446165308356285
15,beta,momentum,,-0.026333145797252655
15,beta,persist,,0.027759503573179245
15,beta,underwater,,0.025569655001163483
15,B,momentum,kospi_return_1d,-0.01316872239112854
15,B,momentum,fx_level_z_252,0.013146964833140373
15,B,persist,kospi_return_1d,-0.0183147843927145
15,B,persist,fx_level_z_252,-0.003661733353510499
15,B,underwater,kospi_return_1d,-0.0033227193634957075
15,B,underwater,fx_level_z_252,-0.01135240774601698
15,alpha,,kospi_return_1d,-0.020573846995830536
15,alpha,,fx_level_z_252,0.025705788284540176
16,beta,momentum,,-0.027679845690727234
16,beta,persist,,0.029362648725509644
16,beta,underwater,,0.026765922084450722
16,B,momentum,kospi_return_1d,-0.013624991290271282
16,B,momentum,fx_level_z_252,0.012750780209898949
16,B,persist,kospi_return_1d,-0.018706729635596275
16,B,persist,fx_level_z_252,-0.0029532802291214466
16,B,underwater,kospi_return_1d,-0.0021614995785057545
16,B,underwater,fx_level_z_252,-0.011893547140061855
16,alpha,,kospi_return_1d,-0.02086453139781952
16,alpha,,fx_level_z_252,0.02686900645494461
17,beta,momentum,,-0.028925428166985512
17,beta,persist,,0.030880674719810486
17,beta,underwater,,0.027843983843922615
17,B,momentum,kospi_return_1d,-0.013987727463245392
17,B,momentum,fx_level_z_252,0.012180951423943043
17,B,persist,kospi_return_1d,-0.019037332385778427
17,B,persist,fx_level_z_252,-0.0021770515013486147
17,B,underwater,kospi_return_1d,-0.0011019008234143257
17,B,underwater,fx_level_z_252,-0.01255800575017929
17,alpha,,kospi_return_1d,-0.020950308069586754
17,alpha,,fx_level_z_252,0.02788400836288929
18,beta,momentum,,-0.03009801357984543
18,beta,persist,,0.03233276307582855
18,beta,underwater,,0.028776124119758606
18,B,momentum,kospi_return_1d,-0.014475655741989613
18,B,momentum,fx_level_z_252,0.011638580821454525
18,B,persist,kospi_return_1d,-0.019425824284553528
18,B,persist,fx_level_z_252,-0.001284781377762556
18,B,underwater,kospi_return_1d,9.229342686012387e-05
18,B,underwater,fx_level_z_252,-0.013357088901102543
18,alpha,,kospi_return_1d,-0.02082650549709797
18,alpha,,fx_level_z_252,0.028805328533053398
19,beta,momentum,,-0.031207432970404625
19,beta,persist,,0.03374418616294861
19,beta,underwater,,0.029641088098287582
19,B,momentum,kospi_return_1d,-0.014790109358727932
19,B,momentum,fx_level_z_252,0.011143313720822334
19,B,persist,kospi_return_1d,-0.0198647603392601
19,B,persist,fx_level_z_252,-0.0005391932791098952
19,B,underwater,kospi_return_1d,0.0010909521952271461
19,B,underwater,fx_level_z_252,-0.014314037747681141
19,alpha,,kospi_return_1d,-0.020611286163330078
19,alpha,,fx_level_z_252,0.02966230921447277
20,beta,momentum,,-0.03225712478160858
20,beta,persist,,0.035124827176332474
20,beta,underwater,,0.03044835664331913
20,B,momentum,kospi_return_1d,-0.014941462315618992
20,B,momentum,fx_level_z_252,0.010541019029915333
20,B,persist,kospi_return_1d,-0.020390164107084274
20,B,persist,fx_level_z_252,0.00027412211056798697
20,B,underwater,kospi_return_1d,0.0017989837797358632
20,B,underwater,fx_level_z_252,-0.015303188934922218
20,alpha,,kospi_return_1d,-0.020293621346354485
20,alpha,,fx_level_z_252,0.03039812482893467
21,beta,momentum,,-0.0332413986325264
21,beta,persist,,0.036482904106378555
21,beta,underwater,,0.031180627644062042
21,B,momentum,kospi_return_1d,-0.015046640299260616
21,B,momentum,fx_level_z_252,0.009866983629763126
21,B,persist,kospi_return_1d,-0.020599786192178726
21,B,persist,fx_level_z_252,0.0008969169575721025
21,B,underwater,kospi_return_1d,0.0024533516261726618
21,B,underwater,fx_level_z_252,-0.01642674021422863
21,alpha,,kospi_return_1d,-0.019852414727211
21,alpha,,fx_level_z_252,0.031089844182133675
22,beta,momentum,,-0.034150172024965286
22,beta,persist,,0.037777651101350784
22,beta,underwater,,0.03181064873933792
22,B,momentum,kospi_return_1d,-0.015058237127959728
22,B,momentum,fx_level_z_252,0.00909747090190649
22,B,persist,kospi_return_1d,-0.02096761204302311
22,B,persist,fx_level_z_252,0.0014201278099790215
22,B,underwater,kospi_return_1d,0.0028861381579190493
22,B,underwater,fx_level_z_252,-0.017495986074209213
22,alpha,,kospi_return_1d,-0.019257860258221626
22,alpha,,fx_level_z_252,0.03162393718957901
23,beta,momentum,,-0.034976527094841
23,beta,persist,,0.039040908217430115
23,beta,underwater,,0.03236093744635582
23,B,momentum,kospi_return_1d,-0.015086441300809383
23,B,momentum,fx_level_z_252,0.008345982991158962
23,B,persist,kospi_return_1d,-0.021487953141331673
23,B,persist,fx_level_z_252,0.0018934530671685934
23,B,underwater,kospi_return_1d,0.003189430572092533
23,B,underwater,fx_level_z_252,-0.018620748072862625
23,alpha,,kospi_return_1d,-0.018552299588918686
23,alpha,,fx_level_z_252,0.03215261176228523
24,beta,momentum,,-0.035695333033800125
24,beta,persist,,0.04024997726082802
24,beta,underwater,,0.032825712114572525
24,B,momentum,kospi_return_1d,-0.015090124681591988
24,B,momentum,fx_level_z_252,0.007510040886700153
24,B,persist,kospi_return_1d,-0.022101638838648796
24,B,persist,fx_level_z_252,0.002174489200115204
24,B,underwater,kospi_return_1d,0.0033495796378701925
24,B,underwater,fx_level_z_252,-0.019781729206442833
24,alpha,,kospi_return_1d,-0.0176483653485775
24,alpha,,fx_level_z_252,0.03262150287628174
25,beta,momentum,,-0.03633185103535652
25,beta,persist,,0.041454073041677475
25,beta,underwater,,0.03326927870512009
25,B,momentum,kospi_return_1d,-0.014889386482536793
25,B,momentum,fx_level_z_252,0.00666141277179122
25,B,persist,kospi_return_1d,-0.02285187318921089
25,B,persist,fx_level_z_252,0.00235664751380682
25,B,underwater,kospi_return_1d,0.003306950442492962
25,B,underwater,fx_level_z_252,-0.02095792628824711
25,alpha,,kospi_return_1d,-0.016719181090593338
25,alpha,,fx_level_z_252,0.033027809113264084
26,beta,momentum,,-0.0369303897023201
26,beta,persist,,0.04260994866490364
26,beta,underwater,,0.033694103360176086
26,B,momentum,kospi_return_1d,-0.014787237159907818
26,B,momentum,fx_level_z_252,0.005697182845324278
26,B,persist,kospi_return_1d,-0.023531027138233185
26,B,persist,fx_level_z_252,0.002294356469064951
26,B,underwater,kospi_return_1d,0.0031252389308065176
26,B,underwater,fx_level_z_252,-0.022056853398680687
26,alpha,,kospi_return_1d,-0.015754790976643562
26,alpha,,fx_level_z_252,0.033461060374975204
27,beta,momentum,,-0.03747599571943283
27,beta,persist,,0.04372432082891464
27,beta,underwater,,0.03403427451848984
27,B,momentum,kospi_return_1d,-0.014351113699376583
27,B,momentum,fx_level_z_252,0.0046628606505692005
27,B,persist,kospi_return_1d,-0.02428913675248623
27,B,persist,fx_level_z_252,0.002362673170864582
27,B,underwater,kospi_return_1d,0.002773456973955035
27,B,underwater,fx_level_z_252,-0.0230261143296957
27,alpha,,kospi_return_1d,-0.014668029733002186
27,alpha,,fx_level_z_252,0.033834874629974365
28,beta,momentum,,-0.037955690175294876
28,beta,persist,,0.04483194276690483
28,beta,underwater,,0.03427668660879135
28,B,momentum,kospi_return_1d,-0.013963282108306885
28,B,momentum,fx_level_z_252,0.0036780941300094128
28,B,persist,kospi_return_1d,-0.02495882660150528
28,B,persist,fx_level_z_252,0.0023277299478650093
28,B,underwater,kospi_return_1d,0.002661681966856122
28,B,underwater,fx_level_z_252,-0.024087967351078987
28,alpha,,kospi_return_1d,-0.013569185510277748
28,alpha,,fx_level_z_252,0.03405950218439102
29,beta,momentum,,-0.038391824811697006
29,beta,persist,,0.0459226630628109
29,beta,underwater,,0.034556567668914795
29,B,momentum,kospi_return_1d,-0.013498294167220592
29,B,momentum,fx_level_z_252,0.0025448836386203766
29,B,persist,kospi_return_1d,-0.02550514042377472
29,B,persist,fx_level_z_252,0.0023859336506575346
29,B,underwater,kospi_return_1d,0.0023988045286387205
29,B,underwater,fx_level_z_252,-0.02498890832066536
29,alpha,,kospi_return_1d,-0.012526299804449081
29,alpha,,fx_level_z_252,0.034261468797922134
30,beta,momentum,,-0.03878309205174446
30,beta,persist,,0.046926915645599365
30,beta,underwater,,0.034783344715833664
30,B,momentum,kospi_return_1d,-0.01320550125092268
30,B,momentum,fx_level_z_252,0.00142128043808043
30,B,persist,kospi_return_1d,-0.026041686534881592
30,B,persist,fx_level_z_252,0.002574656158685684
30,B,underwater,kospi_return_1d,0.002131520537659526
30,B,underwater,fx_level_z_252,-0.025810841470956802
30,alpha,,kospi_return_1d,-0.011373852379620075
30,alpha,,fx_level_z_252,0.034547626972198486
31,beta,momentum,,-0.039160966873168945
31,beta,persist,,0.04795948788523674
31,beta,underwater,,0.03495345264673233
31,B,momentum,kospi_return_1d,-0.01305629312992096
31,B,momentum,fx_level_z_252,0.00041475912439636886
31,B,persist,kospi_return_1d,-0.026520874351263046
31,B,persist,fx_level_z_252,0.002527692122384906
31,B,underwater,kospi_return_1d,0.0019442453049123287
31,B,underwater,fx_level_z_252,-0.026713524013757706
31,alpha,,kospi_return_1d,-0.010233775712549686
31,alpha,,fx_level_z_252,0.034753575921058655
32,beta,momentum,,-0.03949407488107681
32,beta,persist,,0.04896663874387741
32,beta,underwater,,0.035072293132543564
32,B,momentum,kospi_return_1d,-0.012847703881561756
32,B,momentum,fx_level_z_252,-0.00044135662028566003
32,B,persist,kospi_return_1d,-0.026768404990434647
32,B,persist,fx_level_z_252,0.002407060470432043
32,B,underwater,kospi_return_1d,0.001897311070933938
32,B,underwater,fx_level_z_252,-0.02758953720331192
32,alpha,,kospi_return_1d,-0.009175902232527733
32,alpha,,fx_level_z_252,0.03483448922634125
33,beta,momentum,,-0.039789147675037384
33,beta,persist,,0.04996795207262039
33,beta,underwater,,0.03514478728175163
33,B,momentum,kospi_return_1d,-0.012620010413229465
33,B,momentum,fx_level_z_252,-0.0009309565066359937
33,B,persist,kospi_return_1d,-0.026861870661377907
33,B,persist,fx_level_z_252,0.0021827791351825
33,B,underwater,kospi_return_1d,0.001847418025135994
33,B,underwater,fx_level_z_252,-0.02861442044377327
33,alpha,,kospi_return_1d,-0.008222265169024467
33,alpha,,fx_level_z_252,0.03497760742902756
34,beta,momentum,,-0.04003613814711571
34,beta,persist,,0.05094566196203232
34,beta,underwater,,0.03514945134520531
34,B,momentum,kospi_return_1d,-0.012512343004345894
34,B,momentum,fx_level_z_252,-0.001498538302257657
34,B,persist,kospi_return_1d,-0.026860330253839493
34,B,persist,fx_level_z_252,0.0019953560549765825
34,B,underwater,kospi_return_1d,0.001820906763896346
34,B,underwater,fx_level_z_252,-0.029542021453380585
34,alpha,,kospi_return_1d,-0.007150143850594759
34,alpha,,fx_level_z_252,0.035075508058071136
35,beta,momentum,,-0.04023313522338867
35,beta,persist,,0.05190012603998184
35,beta,underwater,,0.0351138599216938
35,B,momentum,kospi_return_1d,-0.01245049200952053
35,B,momentum,fx_level_z_252,-0.0020576731767505407
35,B,persist,kospi_return_1d,-0.026595257222652435
35,B,persist,fx_level_z_252,0.001836256356909871
35,B,underwater,kospi_return_1d,0.0018771213945001364
35,B,underwater,fx_level_z_252,-0.030437961220741272
35,alpha,,kospi_return_1d,-0.006083428859710693
35,alpha,,fx_level_z_252,0.0350700318813324
36,beta,momentum,,-0.04037521407008171
36,beta,persist,,0.05282857269048691
36,beta,underwater,,0.03504326194524765
36,B,momentum,kospi_return_1d,-0.012453624978661537
36,B,momentum,fx_level_z_252,-0.002489623846486211
36,B,persist,kospi_return_1d,-0.02625664323568344
36,B,persist,fx_level_z_252,0.001730352989397943
36,B,underwater,kospi_return_1d,0.0019483976066112518
36,B,underwater,fx_level_z_252,-0.03125915676355362
36,alpha,,kospi_return_1d,-0.005010745022445917
36,alpha,,fx_level_z_252,0.035074200481176376
37,beta,momentum,,-0.040516678243875504
37,beta,persist,,0.05375159531831741
37,beta,underwater,,0.03496628627181053
37,B,momentum,kospi_return_1d,-0.01238601841032505
37,B,momentum,fx_level_z_252,-0.003068456193432212
37,B,persist,kospi_return_1d,-0.02600085735321045
37,B,persist,fx_level_z_252,0.0016544469399377704
37,B,underwater,kospi_return_1d,0.0018936770502477884
37,B,underwater,fx_level_z_252,-0.031786829233169556
37,alpha,,kospi_return_1d,-0.003972870763391256
37,alpha,,fx_level_z_252,0.03505530580878258
38,beta,momentum,,-0.04064062610268593
38,beta,persist,,0.054642703384160995
38,beta,underwater,,0.034859150648117065
38,B,momentum,kospi_return_1d,-0.012113084085285664
38,B,momentum,fx_level_z_252,-0.0037391413934528828
38,B,persist,kospi_return_1d,-0.026023514568805695
38,B,persist,fx_level_z_252,0.0017633596435189247
38,B,underwater,kospi_return_1d,0.0016077192267403007
38,B,underwater,fx_level_z_252,-0.03214607760310173
38,alpha,,kospi_return_1d,-0.0029648696072399616
38,alpha,,fx_level_z_252,0.035005513578653336
39,beta,momentum,,-0.040732499212026596
39,beta,persist,,0.05554559454321861
39,beta,underwater,,0.03472188115119934
39,B,momentum,kospi_return_1d,-0.011919654905796051
39,B,momentum,fx_level_z_252,-0.004521701019257307
39,B,persist,kospi_return_1d,-0.026022499427199364
39,B,persist,fx_level_z_252,0.0020055922213941813
39,B,underwater,kospi_return_1d,0.0012670366559177637
39,B,underwater,fx_level_z_252,-0.03238208219408989
39,alpha,,kospi_return_1d,-0.002151923719793558
39,alpha,,fx_level_z_252,0.03497108444571495
40,beta,momentum,,-0.04079229384660721
40,beta,persist,,0.056388914585113525
40,beta,underwater,,0.034591592848300934
40,B,momentum,kospi_return_1d,-0.01164997462183237
40,B,momentum,fx_level_z_252,-0.005124982446432114
40,B,persist,kospi_return_1d,-0.02585875242948532
40,B,persist,fx_level_z_252,0.0023138204123824835
40,B,underwater,kospi_return_1d,0.0009601913625374436
40,B,underwater,fx_level_z_252,-0.03275095671415329
40,alpha,,kospi_return_1d,-0.0012570805847644806
40,alpha,,fx_level_z_252,0.03497655689716339
41,beta,momentum,,-0.04084591194987297
41,beta,persist,,0.05724867060780525
41,beta,underwater,,0.034478187561035156
41,B,momentum,kospi_return_1d,-0.011286802589893341
41,B,momentum,fx_level_z_252,-0.005639236886054277
41,B,persist,kospi_return_1d,-0.02567828632891178
41,B,persist,fx_level_z_252,0.0025992942973971367
41,B,underwater,kospi_return_1d,0.0005991279613226652
41,B,underwater,fx_level_z_252,-0.03308587148785591
41,alpha,,kospi_return_1d,-0.00047765523777343333
41,alpha,,fx_level_z_252,0.03500249609351158
42,beta,momentum,,-0.040955059230327606
42,beta,persist,,0.05809991434216499
42,beta,underwater,,0.034474242478609085
42,B,momentum,kospi_return_1d,-0.010897147469222546
42,B,momentum,fx_level_z_252,-0.006032001692801714
42,B,persist,kospi_return_1d,-0.02529965341091156
42,B,persist,fx_level_z_252,0.0027375000063329935
42,B,underwater,kospi_return_1d,0.0002031228505074978
42,B,underwater,fx_level_z_252,-0.03321516513824463
42,alpha,,kospi_return_1d,0.00021392939379438758
42,alpha,,fx_level_z_252,0.03508808836340904
43,beta,momentum,,-0.041050978004932404
43,beta,persist,,0.058979298919439316
43,beta,underwater,,0.03450258821249008
43,B,momentum,kospi_return_1d,-0.01051971036940813
43,B,momentum,fx_level_z_252,-0.00644215801730752
43,B,persist,kospi_return_1d,-0.02491559274494648
43,B,persist,fx_level_z_252,0.002937951358035207
43,B,underwater,kospi_return_1d,-0.00014830342843197286
43,B,underwater,fx_level_z_252,-0.03315790370106697
43,alpha,,kospi_return_1d,0.0007683682488277555
43,alpha,,fx_level_z_252,0.035020072013139725
44,beta,momentum,,-0.041108399629592896
44,beta,persist,,0.05984483286738396
44,beta,underwater,,0.03446315973997116
44,B,momentum,kospi_return_1d,-0.01038182619959116
44,B,momentum,fx_level_z_252,-0.00682353600859642
44,B,persist,kospi_return_1d,-0.02460421435534954
44,B,persist,fx_level_z_252,0.003129249671474099
44,B,underwater,kospi_return_1d,-0.0002762584190350026
44,B,underwater,fx_level_z_252,-0.03311609849333763
44,alpha,,kospi_return_1d,0.0012929376680403948
44,alpha,,fx_level_z_252,0.03491009771823883
45,beta,momentum,,-0.041113875806331635
45,beta,persist,,0.06069566309452057
45,beta,underwater,,0.034412454813718796
45,B,momentum,kospi_return_1d,-0.010260266251862049
45,B,momentum,fx_level_z_252,-0.0070744105614721775
45,B,persist,kospi_return_1d,-0.024425311014056206
45,B,persist,fx_level_z_252,0.0033420738764107227
45,B,underwater,kospi_return_1d,-0.00023715003044344485
45,B,underwater,fx_level_z_252,-0.03314986824989319
45,alpha,,kospi_return_1d,0.001763487234711647
45,alpha,,fx_level_z_252,0.03485528752207756
46,beta,momentum,,-0.0411047488451004
46,beta,persist,,0.06152866408228874
46,beta,underwater,,0.03429863601922989
46,B,momentum,kospi_return_1d,-0.01009477861225605
46,B,momentum,fx_level_z_252,-0.0073684402741491795
46,B,persist,kospi_return_1d,-0.02433851920068264
46,B,persist,fx_level_z_252,0.0037253866903483868
46,B,underwater,kospi_return_1d,7.787795038893819e-05
46,B,underwater,fx_level_z_252,-0.03328197821974754
46,alpha,,kospi_return_1d,0.0021285598631948233
46,alpha,,fx_level_z_252,0.03469713404774666
47,beta,momentum,,-0.0410633385181427
47,beta,persist,,0.06238375976681709
47,beta,underwater,,0.03422483056783676
47,B,momentum,kospi_return_1d,-0.009855660609900951
47,B,momentum,fx_level_z_252,-0.00769863510504365
47,B,persist,kospi_return_1d,-0.024196939542889595
47,B,persist,fx_level_z_252,0.003983494359999895
47,B,underwater,kospi_return_1d,0.0004789317608810961
47,B,underwater,fx_level_z_252,-0.033391062170267105
47,alpha,,kospi_return_1d,0.002335028490051627
47,alpha,,fx_level_z_252,0.03453276306390762
48,beta,momentum,,-0.04105592891573906
48,beta,persist,,0.06324189156293869
48,beta,underwater,,0.034171003848314285
48,B,momentum,kospi_return_1d,-0.009624126367270947
48,B,momentum,fx_level_z_252,-0.007880874909460545
48,B,persist,kospi_return_1d,-0.024049101397395134
48,B,persist,fx_level_z_252,0.004200222436338663
48,B,underwater,kospi_return_1d,0.0007794855628162622
48,B,underwater,fx_level_z_252,-0.03345232829451561
48,alpha,,kospi_return_1d,0.0024104404728859663
48,alpha,,fx_level_z_252,0.034467294812202454
49,beta,momentum,,-0.041031211614608765
49,beta,persist,,0.06408197432756424
49,beta,underwater,,0.03401632979512215
49,B,momentum,kospi_return_1d,-0.009515396319329739
49,B,momentum,fx_level_z_252,-0.007891606539487839
49,B,persist,kospi_return_1d,-0.023989737033843994
49,B,persist,fx_level_z_252,0.004460356663912535
49,B,underwater,kospi_return_1d,0.0010858180467039347
49,B,underwater,fx_level_z_252,-0.033755604177713394
49,alpha,,kospi_return_1d,0.0025192205794155598
49,alpha,,fx_level_z_252,0.03435054421424866
50,beta,momentum,,-0.040982648730278015
50,beta,persist,,0.06488262861967087
50,beta,underwater,,0.03379451856017113
50,B,momentum,kospi_return_1d,-0.009391827508807182
50,B,momentum,fx_level_z_252,-0.007832582108676434
50,B,persist,kospi_return_1d,-0.023953327909111977
50,B,persist,fx_level_z_252,0.004755785223096609
50,B,underwater,kospi_return_1d,0.0013034914154559374
50,B,underwater,fx_level_z_252,-0.03411944955587387
50,alpha,,kospi_return_1d,0.0026472890749573708
50,alpha,,fx_level_z_252,0.03414098918437958
51,beta,momentum,,-0.040920957922935486
51,beta,persist,,0.06565810739994049
51,beta,underwater,,0.03355838730931282
51,B,momentum,kospi_return_1d,-0.009342396631836891
51,B,momentum,fx_level_z_252,-0.007658725138753653
51,B,persist,kospi_return_1d,-0.02376067265868187
51,B,persist,fx_level_z_252,0.005019033793359995
51,B,underwater,kospi_return_1d,0.0015677438350394368
51,B,underwater,fx_level_z_252,-0.03456580266356468
51,alpha,,kospi_return_1d,0.0027748504653573036
51,alpha,,fx_level_z_252,0.033933125436306
52,beta,momentum,,-0.040908291935920715
52,beta,persist,,0.06644528359174728
52,beta,underwater,,0.03337607905268669
52,B,momentum,kospi_return_1d,-0.009304772131145
52,B,momentum,fx_level_z_252,-0.007531805895268917
52,B,persist,kospi_return_1d,-0.02361227758228779
52,B,persist,fx_level_z_252,0.005199202802032232
52,B,underwater,kospi_return_1d,0.0017506963340565562
52,B,underwater,fx_level_z_252,-0.034943025559186935
52,alpha,,kospi_return_1d,0.002922720741480589
52,alpha,,fx_level_z_252,0.03375015780329704
53,beta,momentum,,-0.04092391952872276
53,beta,persist,,0.06722713261842728
53,beta,underwater,,0.033182088285684586
53,B,momentum,kospi_return_1d,-0.009225199930369854
53,B,momentum,fx_level_z_252,-0.007254875730723143
53,B,persist,kospi_return_1d,-0.023644378408789635
53,B,persist,fx_level_z_252,0.005452394485473633
53,B,underwater,kospi_return_1d,0.0017733019776642323
53,B,underwater,fx_level_z_252,-0.03527147322893143
53,alpha,,kospi_return_1d,0.0030814800411462784
53,alpha,,fx_level_z_252,0.03362554684281349
54,beta,momentum,,-0.0408531054854393
54,beta,persist,,0.06795735657215118
54,beta,underwater,,0.03299065679311752
54,B,momentum,kospi_return_1d,-0.009238384664058685
54,B,momentum,fx_level_z_252,-0.006976308301091194
54,B,persist,kospi_return_1d,-0.023560749366879463
54,B,persist,fx_level_z_252,0.005479719489812851
54,B,underwater,kospi_return_1d,0.001834057504311204
54,B,underwater,fx_level_z_252,-0.03549937903881073
54,alpha,,kospi_return_1d,0.0030938847921788692
54,alpha,,fx_level_z_252,0.03356418386101723
55,beta,momentum,,-0.040798671543598175
55,beta,persist,,0.06868206709623337
55,beta,underwater,,0.03282538801431656
55,B,momentum,kospi_return_1d,-0.009201168082654476
55,B,momentum,fx_level_z_252,-0.006885387469083071
55,B,persist,kospi_return_1d,-0.023512549698352814
55,B,persist,fx_level_z_252,0.005446781404316425
55,B,underwater,kospi_return_1d,0.001678175525739789
55,B,underwater,fx_level_z_252,-0.03558140993118286
55,alpha,,kospi_return_1d,0.002984435297548771
55,alpha,,fx_level_z_252,0.03342149034142494
56,beta,momentum,,-0.040822532027959824
56,beta,persist,,0.0693909227848053
56,beta,underwater,,0.032719776034355164
56,B,momentum,kospi_return_1d,-0.00929185189306736
56,B,momentum,fx_level_z_252,-0.006866035982966423
56,B,persist,kospi_return_1d,-0.02367619425058365
56,B,persist,fx_level_z_252,0.005638506263494492
56,B,underwater,kospi_return_1d,0.0012700326042249799
56,B,underwater,fx_level_z_252,-0.03554666414856911
56,alpha,,kospi_return_1d,0.0029391988646239042
56,alpha,,fx_level_z_252,0.03333554044365883
57,beta,momentum,,-0.04082798212766647
57,beta,persist,,0.07009023427963257
57,beta,underwater,,0.032578617334365845
57,B,momentum,kospi_return_1d,-0.009298577904701233
57,B,momentum,fx_level_z_252,-0.006768807303160429
57,B,persist,kospi_return_1d,-0.024083387106657028
57,B,persist,fx_level_z_252,0.005615395959466696
57,B,underwater,kospi_return_1d,0.0007585339481011033
57,B,underwater,fx_level_z_252,-0.035512812435626984
57,alpha,,kospi_return_1d,0.003074656007811427
57,alpha,,fx_level_z_252,0.033302124589681625
58,beta,momentum,,-0.040755681693553925
58,beta,persist,,0.07078415900468826
58,beta,underwater,,0.03246210888028145
58,B,momentum,kospi_return_1d,-0.009418702684342861
58,B,momentum,fx_level_z_252,-0.006785120349377394
58,B,persist,kospi_return_1d,-0.024418743327260017
58,B,persist,fx_level_z_252,0.005596791859716177
58,B,underwater,kospi_return_1d,0.00013491079153027385
58,B,underwater,fx_level_z_252,-0.03531181812286377
58,alpha,,kospi_return_1d,0.0032920062076300383
58,alpha,,fx_level_z_252,0.03325139731168747
59,beta,momentum,,-0.04068531095981598
59,beta,persist,,0.07149045169353485
59,beta,underwater,,0.0323251336812973
59,B,momentum,kospi_return_1d,-0.00964412558823824
59,B,momentum,fx_level_z_252,-0.006626319605857134
59,B,persist,kospi_return_1d,-0.024785621091723442
59,B,persist,fx_level_z_252,0.0055681555531919
59,B,underwater,kospi_return_1d,-0.00021818489767611027
59,B,underwater,fx_level_z_252,-0.035286832600831985
59,alpha,,kospi_return_1d,0.003657926106825471
59,alpha,,fx_level_z_252,0.033277567476034164
60,beta,momentum,,-0.040613871067762375
60,beta,persist,,0.07220899313688278
60,beta,underwater,,0.032138973474502563
60,B,momentum,kospi_return_1d,-0.009877460077404976
60,B,momentum,fx_level_z_252,-0.0063234600238502026
60,B,persist,kospi_return_1d,-0.025072617456316948
60,B,persist,fx_level_z_252,0.00533853005617857
60,B,underwater,kospi_return_1d,-6.556563312187791e-05
60,B,underwater,fx_level_z_252,-0.035446640104055405
60,alpha,,kospi_return_1d,0.0039694360457360744
60,alpha,,fx_level_z_252,0.03331504017114639
61,beta,momentum,,-0.04049987718462944
61,beta,persist,,0.07287640869617462
61,beta,underwater,,0.03192998841404915
61,B,momentum,kospi_return_1d,-0.00996313150972128
61,B,momentum,fx_level_z_252,-0.006329179275780916
61,B,persist,kospi_return_1d,-0.025590352714061737
61,B,persist,fx_level_z_252,0.005333542358130217
61,B,underwater,kospi_return_1d,0.00013621544349007308
61,B,underwater,fx_level_z_252,-0.03543975204229355
61,alpha,,kospi_return_1d,0.004349189344793558
61,alpha,,fx_level_z_252,0.03318506106734276
62,beta,momentum,,-0.040388528257608414
62,beta,persist,,0.07353222370147705
62,beta,underwater,,0.03169706091284752
62,B,momentum,kospi_return_1d,-0.010204223915934563
62,B,momentum,fx_level_z_252,-0.006419643759727478
62,B,persist,kospi_return_1d,-0.02590903826057911
62,B,persist,fx_level_z_252,0.005331490654498339
62,B,underwater,kospi_return_1d,0.0003117488813586533
62,B,underwater,fx_level_z_252,-0.035296596586704254
62,alpha,,kospi_return_1d,0.00468281377106905
62,alpha,,fx_level_z_252,0.03297167271375656
63,beta,momentum,,-0.04031570255756378
63,beta,persist,,0.07416217774152756
63,beta,underwater,,0.031534045934677124
63,B,momentum,kospi_return_1d,-0.010512935929000378
63,B,momentum,fx_level_z_252,-0.0066831763833761215
63,B,persist,kospi_return_1d,-0.02598133124411106
63,B,persist,fx_level_z_252,0.005433795507997274
63,B,underwater,kospi_return_1d,0.000463583943201229
63,B,underwater,fx_level_z_252,-0.03489750251173973
63,alpha,,kospi_return_1d,0.00497105997055769
63,alpha,,fx_level_z_252,0.032887306064367294
64,beta,momentum,,-0.040240976959466934
64,beta,persist,,0.07480808347463608
64,beta,underwater,,0.031355924904346466
64,B,momentum,kospi_return_1d,-0.0110044339671731
64,B,momentum,fx_level_z_252,-0.006822206545621157
64,B,persist,kospi_return_1d,-0.02584858424961567
64,B,persist,fx_level_z_252,0.005409398581832647
64,B,underwater,kospi_return_1d,0.0007366478093899786
64,B,underwater,fx_level_z_252,-0.03466114029288292
64,alpha,,kospi_return_1d,0.005347553174942732
64,alpha,,fx_level_z_252,0.03283907473087311
65,beta,momentum,,-0.04011541232466698
65,beta,persist,,0.07536184787750244
65,beta,underwater,,0.03108101710677147
65,B,momentum,kospi_return_1d,-0.011419098824262619
65,B,momentum,fx_level_z_252,-0.007080927956849337
65,B,persist,kospi_return_1d,-0.02582034468650818
65,B,persist,fx_level_z_252,0.005506464280188084
65,B,underwater,kospi_return_1d,0.0008018079097382724
65,B,underwater,fx_level_z_252,-0.03443194553256035
65,alpha,,kospi_return_1d,0.005786080379039049
65,alpha,,fx_level_z_252,0.03271425887942314
66,beta,momentum,,-0.04000616446137428
66,beta,persist,,0.07589869201183319
66,beta,underwater,,0.03082990273833275
66,B,momentum,kospi_return_1d,-0.01172846369445324
66,B,momentum,fx_level_z_252,-0.007245909422636032
66,B,persist,kospi_return_1d,-0.025835344567894936
66,B,persist,fx_level_z_252,0.005564067047089338
66,B,underwater,kospi_return_1d,0.0008259748574346304
66,B,underwater,fx_level_z_252,-0.03430156782269478
66,alpha,,kospi_return_1d,0.006152118090540171
66,alpha,,fx_level_z_252,0.03258556127548218
67,beta,momentum,,-0.039899539202451706
67,beta,persist,,0.07640144228935242
67,beta,underwater,,0.030552659183740616
67,B,momentum,kospi_return_1d,-0.01199065800756216
67,B,momentum,fx_level_z_252,-0.007322566118091345
67,B,persist,kospi_return_1d,-0.025816818699240685
67,B,persist,fx_level_z_252,0.005561007186770439
67,B,underwater,kospi_return_1d,0.000820235931314528
67,B,underwater,fx_level_z_252,-0.03420913964509964
67,alpha,,kospi_return_1d,0.0065919687040150166
67,alpha,,fx_level_z_252,0.03239947929978371
68,beta,momentum,,-0.039773136377334595
68,beta,persist,,0.07694733142852783
68,beta,underwater,,0.030260637402534485
68,B,momentum,kospi_return_1d,-0.012190692126750946
68,B,momentum,fx_level_z_252,-0.0075206751935184
68,B,persist,kospi_return_1d,-0.02579088695347309
68,B,persist,fx_level_z_252,0.00558756198734045
68,B,underwater,kospi_return_1d,0.0009045048500411212
68,B,underwater,fx_level_z_252,-0.03397459164261818
68,alpha,,kospi_return_1d,0.0069296401925385
68,alpha,,fx_level_z_252,0.03214406594634056
69,beta,momentum,,-0.03967808187007904
69,beta,persist,,0.07749979943037033
69,beta,underwater,,0.029983121901750565
69,B,momentum,kospi_return_1d,-0.012146038003265858
69,B,momentum,fx_level_z_252,-0.007703683339059353
69,B,persist,kospi_return_1d,-0.02571166679263115
69,B,persist,fx_level_z_252,0.005735205486416817
69,B,underwater,kospi_return_1d,0.0008692711126059294
69,B,underwater,fx_level_z_252,-0.033796560019254684
69,alpha,,kospi_return_1d,0.007301335223019123
69,alpha,,fx_level_z_252,0.03192116692662239
70,beta,momentum,,-0.03954523056745529
70,beta,persist,,0.07807607203722
70,beta,underwater,,0.02971704676747322
70,B,momentum,kospi_return_1d,-0.01212838664650917
70,B,momentum,fx_level_z_252,-0.007890885695815086
70,B,persist,kospi_return_1d,-0.02568742446601391
70,B,persist,fx_level_z_252,0.005823388230055571
70,B,underwater,kospi_return_1d,0.0007679754053242505
70,B,underwater,fx_level_z_252,-0.033560510724782944
70,alpha,,kospi_return_1d,0.007645457051694393
70,alpha,,fx_level_z_252,0.031763166189193726
71,beta,momentum,,-0.039356961846351624
71,beta,persist,,0.0786086916923523
71,beta,underwater,,0.029477646574378014
71,B,momentum,kospi_return_1d,-0.011817408725619316
71,B,momentum,fx_level_z_252,-0.008097969926893711
71,B,persist,kospi_return_1d,-0.02566775307059288
71,B,persist,fx_level_z_252,0.00602705730125308
71,B,underwater,kospi_return_1d,0.00042343285167589784
71,B,underwater,fx_level_z_252,-0.033370491117239
71,alpha,,kospi_return_1d,0.008103984408080578
71,alpha,,fx_level_z_252,0.03163601830601692
72,beta,momentum,,-0.0391712486743927
72,beta,persist,,0.07915301620960236
72,beta,underwater,,0.0292018074542284
72,B,momentum,kospi_return_1d,-0.011427512392401695
72,B,momentum,fx_level_z_252,-0.00827909354120493
72,B,persist,kospi_return_1d,-0.025811484083533287
72,B,persist,fx_level_z_252,0.006349100731313229
72,B,underwater,kospi_return_1d,0.00011707982048392296
72,B,underwater,fx_level_z_252,-0.033174145966768265
72,alpha,,kospi_return_1d,0.008582409471273422
72,alpha,,fx_level_z_252,0.0314767062664032
73,beta,momentum,,-0.0390034094452858
73,beta,persist,,0.07967501878738403
73,beta,underwater,,0.028982898220419884
73,B,momentum,kospi_return_1d,-0.01107966247946024
73,B,momentum,fx_level_z_252,-0.008413578383624554
73,B,persist,kospi_return_1d,-0.025782577693462372
73,B,persist,fx_level_z_252,0.006603432819247246
73,B,underwater,kospi_return_1d,-0.00017436762573197484
73,B,underwater,fx_level_z_252,-0.03302310034632683
73,alpha,,kospi_return_1d,0.008981232531368732
73,alpha,,fx_level_z_252,0.03132278844714165
74,beta,momentum,,-0.038916949182748795
74,beta,persist,,0.0801977813243866
74,beta,underwater,,0.028795477002859116
74,B,momentum,kospi_return_1d,-0.010721667669713497
74,B,momentum,fx_level_z_252,-0.008422116748988628
74,B,persist,kospi_return_1d,-0.025540901347994804
74,B,persist,fx_level_z_252,0.0066357930190861225
74,B,underwater,kospi_return_1d,-0.00044941349187865853
74,B,underwater,fx_level_z_252,-0.032930392771959305
74,alpha,,kospi_return_1d,0.009305886924266815
74,alpha,,fx_level_z_252,0.031218405812978745
75,beta,momentum,,-0.03877035155892372
75,beta,persist,,0.08077450096607208
75,beta,underwater,,0.028660761192440987
75,B,momentum,kospi_return_1d,-0.010269597172737122
75,B,momentum,fx_level_z_252,-0.008374907076358795
75,B,persist,kospi_return_1d,-0.025317642837762833
75,B,persist,fx_level_z_252,0.006546342745423317
75,B,underwater,kospi_return_1d,-0.0006462023011408746
75,B,underwater,fx_level_z_252,-0.03288104012608528
75,alpha,,kospi_return_1d,0.009431571699678898
75,alpha,,fx_level_z_252,0.031118402257561684
76,beta,momentum,,-0.03851992264389992
76,beta,persist,,0.08131702989339828
76,beta,underwater,,0.028520962223410606
76,B,momentum,kospi_return_1d,-0.010017456486821175
76,B,momentum,fx_level_z_252,-0.008375909179449081
76,B,persist,kospi_return_1d,-0.025130927562713623
76,B,persist,fx_level_z_252,0.006518179550766945
76,B,underwater,kospi_return_1d,-0.0006370482151396573
76,B,underwater,fx_level_z_252,-0.03289475291967392
76,alpha,,kospi_return_1d,0.009522030130028725
76,alpha,,fx_level_z_252,0.031096380203962326
77,beta,momentum,,-0.03829481452703476
77,beta,persist,,0.08185373246669769
77,beta,underwater,,0.02843012660741806
77,B,momentum,kospi_return_1d,-0.009800128638744354
77,B,momentum,fx_level_z_252,-0.008489219471812248
77,B,persist,kospi_return_1d,-0.025017142295837402
77,B,persist,fx_level_z_252,0.0065672071650624275
77,B,underwater,kospi_return_1d,-0.0005075360531918705
77,B,underwater,fx_level_z_252,-0.03267504274845123
77,alpha,,kospi_return_1d,0.009439454413950443
77,alpha,,fx_level_z_252,0.03095841407775879
78,beta,momentum,,-0.03804703801870346
78,beta,persist,,0.0823838859796524
78,beta,underwater,,0.028289534151554108
78,B,momentum,kospi_return_1d,-0.009623168036341667
78,B,momentum,fx_level_z_252,-0.008627952076494694
78,B,persist,kospi_return_1d,-0.02492101863026619
78,B,persist,fx_level_z_252,0.006625988986343145
78,B,underwater,kospi_return_1d,-0.00021954344992991537
78,B,underwater,fx_level_z_252,-0.032406508922576904
78,alpha,,kospi_return_1d,0.009323954582214355
78,alpha,,fx_level_z_252,0.030890468508005142
79,beta,momentum,,-0.03783172369003296
79,beta,persist,,0.0828966572880745
79,beta,underwater,,0.028100423514842987
79,B,momentum,kospi_return_1d,-0.0094816405326128
79,B,momentum,fx_level_z_252,-0.008555109612643719
79,B,persist,kospi_return_1d,-0.024845905601978302
79,B,persist,fx_level_z_252,0.00667609553784132
79,B,underwater,kospi_return_1d,0.00010151896276511252
79,B,underwater,fx_level_z_252,-0.03226969763636589
79,alpha,,kospi_return_1d,0.009440035559237003
79,alpha,,fx_level_z_252,0.030885441228747368
80,beta,momentum,,-0.03757668286561966
80,beta,persist,,0.08338713645935059
80,beta,underwater,,0.02792838029563427
80,B,momentum,kospi_return_1d,-0.009362219832837582
80,B,momentum,fx_level_z_252,-0.008412091992795467
80,B,persist,kospi_return_1d,-0.024703670293092728
80,B,persist,fx_level_z_252,0.0066939047537744045
80,B,underwater,kospi_return_1d,0.0003063906915485859
80,B,underwater,fx_level_z_252,-0.03221318870782852
80,alpha,,kospi_return_1d,0.009600582532584667
80,alpha,,fx_level_z_252,0.030927883461117744
81,beta,momentum,,-0.037390876561403275
81,beta,persist,,0.08390338718891144
81,beta,underwater,,0.027820145711302757
81,B,momentum,kospi_return_1d,-0.009290721267461777
81,B,momentum,fx_level_z_252,-0.008440067060291767
81,B,persist,kospi_return_1d,-0.02463037520647049
81,B,persist,fx_level_z_252,0.006618521176278591
81,B,underwater,kospi_return_1d,0.00048246144433505833
81,B,underwater,fx_level_z_252,-0.03203967958688736
81,alpha,,kospi_return_1d,0.00974924024194479
81,alpha,,fx_level_z_252,0.03092893213033676
82,beta,momentum,,-0.037242915481328964
82,beta,persist,,0.08443475514650345
82,beta,underwater,,0.027766868472099304
82,B,momentum,kospi_return_1d,-0.009193086065351963
82,B,momentum,fx_level_z_252,-0.008593679405748844
82,B,persist,kospi_return_1d,-0.024618033319711685
82,B,persist,fx_level_z_252,0.006644172128289938
82,B,underwater,kospi_return_1d,0.0006225975812412798
82,B,underwater,fx_level_z_252,-0.03183923289179802
82,alpha,,kospi_return_1d,0.009871667250990868
82,alpha,,fx_level_z_252,0.031013470143079758
83,beta,momentum,,-0.037107180804014206
83,beta,persist,,0.08500093966722488
83,beta,underwater,,0.027696020901203156
83,B,momentum,kospi_return_1d,-0.009008631110191345
83,B,momentum,fx_level_z_252,-0.008614235557615757
83,B,persist,kospi_return_1d,-0.024529511108994484
83,B,persist,fx_level_z_252,0.006519312039017677
83,B,underwater,kospi_return_1d,0.0006243067909963429
83,B,underwater,fx_level_z_252,-0.03179604187607765
83,alpha,,kospi_return_1d,0.009904250502586365
83,alpha,,fx_level_z_252,0.031114785000681877
84,beta,momentum,,-0.036952000111341476
84,beta,persist,,0.08550933003425598
84,beta,underwater,,0.02760813757777214
84,B,momentum,kospi_return_1d,-0.00885345134884119
84,B,momentum,fx_level_z_252,-0.008383617736399174
84,B,persist,kospi_return_1d,-0.024280982092022896
84,B,persist,fx_level_z_252,0.006083643063902855
84,B,underwater,kospi_return_1d,0.0006063723121769726
84,B,underwater,fx_level_z_252,-0.031867269426584244
84,alpha,,kospi_return_1d,0.009921705350279808
84,alpha,,fx_level_z_252,0.031228940933942795
85,beta,momentum,,-0.0368301160633564
85,beta,persist,,0.0860111191868782
85,beta,underwater,,0.027579328045248985
85,B,momentum,kospi_return_1d,-0.008850080892443657
85,B,momentum,fx_level_z_252,-0.008018198423087597
85,B,persist,kospi_return_1d,-0.024017106741666794
85,B,persist,fx_level_z_252,0.00563601590692997
85,B,underwater,kospi_return_1d,0.0005476937512867153
85,B,underwater,fx_level_z_252,-0.031859587877988815
85,alpha,,kospi_return_1d,0.01001330278813839
85,alpha,,fx_level_z_252,0.0314713791012764
86,beta,momentum,,-0.036665987223386765
86,beta,persist,,0.08650169521570206
86,beta,underwater,,0.02749491110444069
86,B,momentum,kospi_return_1d,-0.008940826170146465
86,B,momentum,fx_level_z_252,-0.007567760068923235
86,B,persist,kospi_return_1d,-0.023682117462158203
86,B,persist,fx_level_z_252,0.0052388450130820274
86,B,underwater,kospi_return_1d,0.0004935433971695602
86,B,underwater,fx_level_z_252,-0.0320298857986927
86,alpha,,kospi_return_1d,0.01028031762689352
86,alpha,,fx_level_z_252,0.031677138060331345
87,beta,momentum,,-0.03648156672716141
87,beta,persist,,0.08691278845071793
87,beta,underwater,,0.027451369911432266
87,B,momentum,kospi_return_1d,-0.009047011844813824
87,B,momentum,fx_level_z_252,-0.007254402618855238
87,B,persist,kospi_return_1d,-0.023423032835125923
87,B,persist,fx_level_z_252,0.005038581322878599
87,B,underwater,kospi_return_1d,0.00036931459908373654
87,B,underwater,fx_level_z_252,-0.03208864480257034
87,alpha,,kospi_return_1d,0.010571319609880447
87,alpha,,fx_level_z_252,0.031856972724199295
88,beta,momentum,,-0.03632950782775879
88,beta,persist,,0.08731412887573242
88,beta,underwater,,0.02741697058081627
88,B,momentum,kospi_return_1d,-0.009154582396149635
88,B,momentum,fx_level_z_252,-0.006995155476033688
88,B,persist,kospi_return_1d,-0.023313799872994423
88,B,persist,fx_level_z_252,0.00498140137642622
88,B,underwater,kospi_return_1d,0.0002930068876594305
88,B,underwater,fx_level_z_252,-0.03209957852959633
88,alpha,,kospi_return_1d,0.010850396007299423
88,alpha,,fx_level_z_252,0.03197314962744713
89,beta,momentum,,-0.03614712506532669
89,beta,persist,,0.08769015222787857
89,beta,underwater,,0.027362823486328125
89,B,momentum,kospi_return_1d,-0.0093295993283391
89,B,momentum,fx_level_z_252,-0.006911993958055973
89,B,persist,kospi_return_1d,-0.023404793813824654
89,B,persist,fx_level_z_252,0.004947537090629339
89,B,underwater,kospi_return_1d,0.00012911774683743715
89,B,underwater,fx_level_z_252,-0.03195035457611084
89,alpha,,kospi_return_1d,0.011173113249242306
89,alpha,,fx_level_z_252,0.03204641491174698
90,beta,momentum,,-0.03599424287676811
90,beta,persist,,0.08805261552333832
90,beta,underwater,,0.027343295514583588
90,B,momentum,kospi_return_1d,-0.00959436222910881
90,B,momentum,fx_level_z_252,-0.006966986693441868
90,B,persist,kospi_return_1d,-0.023479865863919258
90,B,persist,fx_level_z_252,0.004854544997215271
90,B,underwater,kospi_return_1d,-0.00011759169865399599
90,B,underwater,fx_level_z_252,-0.03183033689856529
90,alpha,,kospi_return_1d,0.01151594240218401
90,alpha,,fx_level_z_252,0.03207443282008171
91,beta,momentum,,-0.03582780435681343
91,beta,persist,,0.08842507004737854
91,beta,underwater,,0.027341686189174652
91,B,momentum,kospi_return_1d,-0.009798301383852959
91,B,momentum,fx_level_z_252,-0.007047927938401699
91,B,persist,kospi_return_1d,-0.023582201451063156
91,B,persist,fx_level_z_252,0.004925954155623913
91,B,underwater,kospi_return_1d,-0.00030330524896271527
91,B,underwater,fx_level_z_252,-0.03161977231502533
91,alpha,,kospi_return_1d,0.011828240938484669
91,alpha,,fx_level_z_252,0.032069459557533264
92,beta,momentum,,-0.03573993965983391
92,beta,persist,,0.08884955942630768
92,beta,underwater,,0.02738732099533081
92,B,momentum,kospi_return_1d,-0.009971900843083858
92,B,momentum,fx_level_z_252,-0.007063942030072212
92,B,persist,kospi_return_1d,-0.02377607487142086
92,B,persist,fx_level_z_252,0.005124025512486696
92,B,underwater,kospi_return_1d,-0.0004149607557337731
92,B,underwater,fx_level_z_252,-0.03139390051364899
92,alpha,,kospi_return_1d,0.012140575796365738
92,alpha,,fx_level_z_252,0.03211168199777603
93,beta,momentum,,-0.03569414094090462
93,beta,persist,,0.08923853933811188
93,beta,underwater,,0.02749335765838623
93,B,momentum,kospi_return_1d,-0.009883342310786247
93,B,momentum,fx_level_z_252,-0.007100349757820368
93,B,persist,kospi_return_1d,-0.02403988689184189
93,B,persist,fx_level_z_252,0.005312337540090084
93,B,underwater,kospi_return_1d,-0.0004606382572092116
93,B,underwater,fx_level_z_252,-0.031087642535567284
93,alpha,,kospi_return_1d,0.012461033649742603
93,alpha,,fx_level_z_252,0.03213402256369591
94,beta,momentum,,-0.03558671474456787
94,beta,persist,,0.08949151635169983
94,beta,underwater,,0.027396967634558678
94,B,momentum,kospi_return_1d,-0.009680669754743576
94,B,momentum,fx_level_z_252,-0.007101105991750956
94,B,persist,kospi_return_1d,-0.024533336982131004
94,B,persist,fx_level_z_252,0.005601995624601841
94,B,underwater,kospi_return_1d,-0.0005187236238270998
94,B,underwater,fx_level_z_252,-0.030980480834841728
94,alpha,,kospi_return_1d,0.012857484631240368
94,alpha,,fx_level_z_252,0.03190440684556961
95,beta,momentum,,-0.03546025604009628
95,beta,persist,,0.08970493823289871
95,beta,underwater,,0.02723386511206627
95,B,momentum,kospi_return_1d,-0.009453129954636097
95,B,momentum,fx_level_z_252,-0.007205117028206587
95,B,persist,kospi_return_1d,-0.024984925985336304
95,B,persist,fx_level_z_252,0.005860390607267618
95,B,underwater,kospi_return_1d,-0.0005477729719132185
95,B,underwater,fx_level_z_252,-0.030803555622696877
95,alpha,,kospi_return_1d,0.01331484317779541
95,alpha,,fx_level_z_252,0.0316617526113987
96,beta,momentum,,-0.03537309169769287
96,beta,persist,,0.08999459445476532
96,beta,underwater,,0.027023766189813614
96,B,momentum,kospi_return_1d,-0.009424778632819653
96,B,momentum,fx_level_z_252,-0.007093727122992277
96,B,persist,kospi_return_1d,-0.025345569476485252
96,B,persist,fx_level_z_252,0.006187926512211561
96,B,underwater,kospi_return_1d,-0.00020348768157418817
96,B,underwater,fx_level_z_252,-0.03080095537006855
96,alpha,,kospi_return_1d,0.013716819696128368
96,alpha,,fx_level_z_252,0.03156082332134247
97,beta,momentum,,-0.03523581102490425
97,beta,persist,,0.09025202691555023
97,beta,underwater,,0.026710137724876404
97,B,momentum,kospi_return_1d,-0.009559807367622852
97,B,momentum,fx_level_z_252,-0.0067892191000282764
97,B,persist,kospi_return_1d,-0.02561924420297146
97,B,persist,fx_level_z_252,0.006420259829610586
97,B,underwater,kospi_return_1d,0.00022843330225441605
97,B,underwater,fx_level_z_252,-0.030999688431620598
97,alpha,,kospi_return_1d,0.014199894852936268
97,alpha,,fx_level_z_252,0.0313304178416729
98,beta,momentum,,-0.03511478751897812
98,beta,persist,,0.09051918983459473
98,beta,underwater,,0.02648877166211605
98,B,momentum,kospi_return_1d,-0.00960946548730135
98,B,momentum,fx_level_z_252,-0.006648896262049675
98,B,persist,kospi_return_1d,-0.02574819326400757
98,B,persist,fx_level_z_252,0.006604256108403206
98,B,underwater,kospi_return_1d,0.0005060182302258909
98,B,underwater,fx_level_z_252,-0.031089559197425842
98,alpha,,kospi_return_1d,0.014546121470630169
98,alpha,,fx_level_z_252,0.031081069260835648
99,beta,momentum,,-0.03508330136537552
99,beta,persist,,0.09078386425971985
99,beta,underwater,,0.02634194679558277
99,B,momentum,kospi_return_1d,-0.009613348171114922
99,B,momentum,fx_level_z_252,-0.006418157368898392
99,B,persist,kospi_return_1d,-0.025763612240552902
99,B,persist,fx_level_z_252,0.00687445979565382
99,B,underwater,kospi_return_1d,0.0006116022123023868
99,B,underwater,fx_level_z_252,-0.03118531033396721
99,alpha,,kospi_return_1d,0.014889161102473736
99,alpha,,fx_level_z_252,0.031035978347063065
100,beta,momentum,,-0.03501752018928528
100,beta,persist,,0.09106795489788055
100,beta,underwater,,0.026242820546030998
100,B,momentum,kospi_return_1d,-0.009557182900607586
100,B,momentum,fx_level_z_252,-0.0061448561027646065
100,B,persist,kospi_return_1d,-0.025870272889733315
100,B,persist,fx_level_z_252,0.007220407482236624
100,B,underwater,kospi_return_1d,0.0006279261433519423
100,B,underwater,fx_level_z_252,-0.031299665570259094
100,alpha,,kospi_return_1d,0.015207894146442413
100,alpha,,fx_level_z_252,0.03095313161611557
101,beta,momentum,,-0.03484556823968887
101,beta,persist,,0.0913126990199089
101,beta,underwater,,0.026128992438316345
101,B,momentum,kospi_return_1d,-0.009432666935026646
101,B,momentum,fx_level_z_252,-0.005932974629104137
101,B,persist,kospi_return_1d,-0.026099225506186485
101,B,persist,fx_level_z_252,0.007472899742424488
101,B,underwater,kospi_return_1d,0.000532965234015137
101,B,underwater,fx_level_z_252,-0.031467802822589874
101,alpha,,kospi_return_1d,0.015547160059213638
101,alpha,,fx_level_z_252,0.03092334046959877
102,beta,momentum,,-0.03462885692715645
102,beta,persist,,0.09160421043634415
102,beta,underwater,,0.026106582954525948
102,B,momentum,kospi_return_1d,-0.009454476647078991
102,B,momentum,fx_level_z_252,-0.005916418973356485
102,B,persist,kospi_return_1d,-0.02604641206562519
102,B,persist,fx_level_z_252,0.00773922074586153
102,B,underwater,kospi_return_1d,0.00045587349450215697
102,B,underwater,fx_level_z_252,-0.03145795315504074
102,alpha,,kospi_return_1d,0.015725446864962578
102,alpha,,fx_level_z_252,0.030873559415340424
103,beta,momentum,,-0.034546200186014175
103,beta,persist,,0.09186661243438721
103,beta,underwater,,0.02613423392176628
103,B,momentum,kospi_return_1d,-0.009443895891308784
103,B,momentum,fx_level_z_252,-0.00603818241506815
103,B,persist,kospi_return_1d,-0.026035234332084656
103,B,persist,fx_level_z_252,0.0079963942989707
103,B,underwater,kospi_return_1d,0.000185085300472565
103,B,underwater,fx_level_z_252,-0.03132930025458336
103,alpha,,kospi_return_1d,0.01594557613134384
103,alpha,,fx_level_z_252,0.030866360291838646
104,beta,momentum,,-0.03450772538781166
104,beta,persist,,0.09215055406093597
104,beta,underwater,,0.026233354583382607
104,B,momentum,kospi_return_1d,-0.009469404816627502
104,B,momentum,fx_level_z_252,-0.006131887435913086
104,B,persist,kospi_return_1d,-0.025957634672522545
104,B,persist,fx_level_z_252,0.008047837764024734
104,B,underwater,kospi_return_1d,-7.840942998882383e-05
104,B,underwater,fx_level_z_252,-0.031152036041021347
104,alpha,,kospi_return_1d,0.016237137839198112
104,alpha,,fx_level_z_252,0.031068839132785797
105,beta,momentum,,-0.034506767988204956
105,beta,persist,,0.09237636625766754
105,beta,underwater,,0.026262976229190826
105,B,momentum,kospi_return_1d,-0.009441749192774296
105,B,momentum,fx_level_z_252,-0.0059920623898506165
105,B,persist,kospi_return_1d,-0.026014218106865883
105,B,persist,fx_level_z_252,0.007959873415529728
105,B,underwater,kospi_return_1d,-0.0002773311280179769
105,B,underwater,fx_level_z_252,-0.031001921743154526
105,alpha,,kospi_return_1d,0.01658332161605358
105,alpha,,fx_level_z_252,0.031251247972249985
106,beta,momentum,,-0.03451068699359894
106,beta,persist,,0.09260667115449905
106,beta,underwater,,0.02627357468008995
106,B,momentum,kospi_return_1d,-0.009305188432335854
106,B,momentum,fx_level_z_252,-0.005884576588869095
106,B,persist,kospi_return_1d,-0.0262056365609169
106,B,persist,fx_level_z_252,0.007868872955441475
106,B,underwater,kospi_return_1d,-0.0004221218987368047
106,B,underwater,fx_level_z_252,-0.030929815024137497
106,alpha,,kospi_return_1d,0.01676352508366108
106,alpha,,fx_level_z_252,0.03144297003746033
107,beta,momentum,,-0.03451061248779297
107,beta,persist,,0.09287440776824951
107,beta,underwater,,0.026265667751431465
107,B,momentum,kospi_return_1d,-0.009314770810306072
107,B,momentum,fx_level_z_252,-0.005723575130105019
107,B,persist,kospi_return_1d,-0.02636685036122799
107,B,persist,fx_level_z_252,0.00787206832319498
107,B,underwater,kospi_return_1d,-0.0005468105664476752
107,B,underwater,fx_level_z_252,-0.030828747898340225
107,alpha,,kospi_return_1d,0.016770489513874054
107,alpha,,fx_level_z_252,0.03158004581928253
108,beta,momentum,,-0.034655891358852386
108,beta,persist,,0.09315843135118484
108,beta,underwater,,0.026306884363293648
108,B,momentum,kospi_return_1d,-0.009587761014699936
108,B,momentum,fx_level_z_252,-0.005319621879607439
108,B,persist,kospi_return_1d,-0.0262783020734787
108,B,persist,fx_level_z_252,0.007613321300595999
108,B,underwater,kospi_return_1d,-0.0004926740657538176
108,B,underwater,fx_level_z_252,-0.030896738171577454
108,alpha,,kospi_return_1d,0.016724489629268646
108,alpha,,fx_level_z_252,0.03175113722681999
109,beta,momentum,,-0.03481241688132286
109,beta,persist,,0.09351392835378647
109,beta,underwater,,0.026369081810116768
109,B,momentum,kospi_return_1d,-0.009825889021158218
109,B,momentum,fx_level_z_252,-0.005107852630317211
109,B,persist,kospi_return_1d,-0.02608945593237877
109,B,persist,fx_level_z_252,0.007325746119022369
109,B,underwater,kospi_return_1d,-0.00022521392384078354
109,B,underwater,fx_level_z_252,-0.03086451254785061
109,alpha,,kospi_return_1d,0.016717350110411644
109,alpha,,fx_level_z_252,0.031842030584812164
110,beta,momentum,,-0.034868307411670685
110,beta,persist,,0.09380722045898438
110,beta,underwater,,0.02638593688607216
110,B,momentum,kospi_return_1d,-0.009882026351988316
110,B,momentum,fx_level_z_252,-0.00487643713131547
110,B,persist,kospi_return_1d,-0.025840187445282936
110,B,persist,fx_level_z_252,0.007011477369815111
110,B,underwater,kospi_return_1d,-6.400980055332184e-06
110,B,underwater,fx_level_z_252,-0.030827190726995468
110,alpha,,kospi_return_1d,0.016737690195441246
110,alpha,,fx_level_z_252,0.031847238540649414
111,beta,momentum,,-0.03489300236105919
111,beta,persist,,0.09400440007448196
111,beta,underwater,,0.02637096680700779
111,B,momentum,kospi_return_1d,-0.009786536917090416
111,B,momentum,fx_level_z_252,-0.004713456146419048
111,B,persist,kospi_return_1d,-0.025820286944508553
111,B,persist,fx_level_z_252,0.006716322153806686
111,B,underwater,kospi_return_1d,0.00021866367023903877
111,B,underwater,fx_level_z_252,-0.030699219554662704
111,alpha,,kospi_return_1d,0.016763295978307724
111,alpha,,fx_level_z_252,0.03189358487725258
112,beta,momentum,,-0.03494022414088249
112,beta,persist,,0.09423636645078659
112,beta,underwater,,0.026328876614570618
112,B,momentum,kospi_return_1d,-0.009599819779396057
112,B,momentum,fx_level_z_252,-0.004468692000955343
112,B,persist,kospi_return_1d,-0.025632642209529877
112,B,persist,fx_level_z_252,0.006387900561094284
112,B,underwater,kospi_return_1d,0.00045093102380633354
112,B,underwater,fx_level_z_252,-0.030586713925004005
112,alpha,,kospi_return_1d,0.01676718331873417
112,alpha,,fx_level_z_252,0.031854160130023956
113,beta,momentum,,-0.034902509301900864
113,beta,persist,,0.09447483718395233
113,beta,underwater,,0.02627377398312092
113,B,momentum,kospi_return_1d,-0.009509007446467876
113,B,momentum,fx_level_z_252,-0.004340287297964096
113,B,persist,kospi_return_1d,-0.02536315657198429
113,B,persist,fx_level_z_252,0.006094629410654306
113,B,underwater,kospi_return_1d,0.0006868992932140827
113,B,underwater,fx_level_z_252,-0.030549488961696625
113,alpha,,kospi_return_1d,0.016706349328160286
113,alpha,,fx_level_z_252,0.03176269680261612
114,beta,momentum,,-0.03477630019187927
114,beta,persist,,0.09467633813619614
114,beta,underwater,,0.02615399658679962
114,B,momentum,kospi_return_1d,-0.009437602944672108
114,B,momentum,fx_level_z_252,-0.004287498537451029
114,B,persist,kospi_return_1d,-0.025271130725741386
114,B,persist,fx_level_z_252,0.005963137373328209
114,B,underwater,kospi_return_1d,0.0008627329953014851
114,B,underwater,fx_level_z_252,-0.030482351779937744
114,alpha,,kospi_return_1d,0.01681615598499775
114,alpha,,fx_level_z_252,0.031683605164289474
115,beta,momentum,,-0.03472520038485527
115,beta,persist,,0.09491638839244843
115,beta,underwater,,0.02609906904399395
115,B,momentum,kospi_return_1d,-0.00920225027948618
115,B,momentum,fx_level_z_252,-0.004164698999375105
115,B,persist,kospi_return_1d,-0.02500833384692669
115,B,persist,fx_level_z_252,0.005790370050817728
115,B,underwater,kospi_return_1d,0.0010070193093270063
115,B,underwater,fx_level_z_252,-0.03048809804022312
115,alpha,,kospi_return_1d,0.016918757930397987
115,alpha,,fx_level_z_252,0.031663451343774796
116,beta,momentum,,-0.034697603434324265
116,beta,persist,,0.09510508179664612
116,beta,underwater,,0.025960808619856834
116,B,momentum,kospi_return_1d,-0.008962489664554596
116,B,momentum,fx_level_z_252,-0.003922707866877317
116,B,persist,kospi_return_1d,-0.024864928796887398
116,B,persist,fx_level_z_252,0.005689351353794336
116,B,underwater,kospi_return_1d,0.0009947133949026465
116,B,underwater,fx_level_z_252,-0.030610589310526848
116,alpha,,kospi_return_1d,0.017131127417087555
116,alpha,,fx_level_z_252,0.03170723840594292
117,beta,momentum,,-0.03466592729091644
117,beta,persist,,0.09528212249279022
117,beta,underwater,,0.025847462937235832
117,B,momentum,kospi_return_1d,-0.0086738346144557
117,B,momentum,fx_level_z_252,-0.003730684518814087
117,B,persist,kospi_return_1d,-0.02493984065949917
117,B,persist,fx_level_z_252,0.0055601769126951694
117,B,underwater,kospi_return_1d,0.000767873483709991
117,B,underwater,fx_level_z_252,-0.030714884400367737
117,alpha,,kospi_return_1d,0.01736411452293396
117,alpha,,fx_level_z_252,0.031785860657691956
118,beta,momentum,,-0.034484121948480606
118,beta,persist,,0.0954238623380661
118,beta,underwater,,0.02569545805454254
118,B,momentum,kospi_return_1d,-0.008355449885129929
118,B,momentum,fx_level_z_252,-0.0038336082361638546
118,B,persist,kospi_return_1d,-0.02506774105131626
118,B,persist,fx_level_z_252,0.005613237619400024
118,B,underwater,kospi_return_1d,0.0005597596173174679
118,B,underwater,fx_level_z_252,-0.03066142648458481
118,alpha,,kospi_return_1d,0.017440583556890488
118,alpha,,fx_level_z_252,0.03173309192061424
119,beta,momentum,,-0.03435865417122841
119,beta,persist,,0.09558653831481934
119,beta,underwater,,0.025633344426751137
119,B,momentum,kospi_return_1d,-0.007875640876591206
119,B,momentum,fx_level_z_252,-0.00401288690045476
119,B,persist,kospi_return_1d,-0.0252035241574049
119,B,persist,fx_level_z_252,0.005551076028496027
119,B,underwater,kospi_return_1d,0.00012034433893859386
119,B,underwater,fx_level_z_252,-0.030499041080474854
119,alpha,,kospi_return_1d,0.017543094232678413
119,alpha,,fx_level_z_252,0.03179660439491272
120,beta,momentum,,-0.03426293283700943
120,beta,persist,,0.0956607460975647
120,beta,underwater,,0.02558191679418087
120,B,momentum,kospi_return_1d,-0.007383149582892656
120,B,momentum,fx_level_z_252,-0.004089005757123232
120,B,persist,kospi_return_1d,-0.02527511678636074
120,B,persist,fx_level_z_252,0.005458469968289137
120,B,underwater,kospi_return_1d,-0.00029933510813862085
120,B,underwater,fx_level_z_252,-0.03038792684674263
120,alpha,,kospi_return_1d,0.017770029604434967
120,alpha,,fx_level_z_252,0.03196609765291214
121,beta,momentum,,-0.034155383706092834
121,beta,persist,,0.09569822996854782
121,beta,underwater,,0.025615613907575607
121,B,momentum,kospi_return_1d,-0.006947551853954792
121,B,momentum,fx_level_z_252,-0.004152598325163126
121,B,persist,kospi_return_1d,-0.025447513908147812
121,B,persist,fx_level_z_252,0.005315694026648998
121,B,underwater,kospi_return_1d,-0.0006090815295465291
121,B,underwater,fx_level_z_252,-0.030169861391186714
121,alpha,,kospi_return_1d,0.018101926892995834
121,alpha,,fx_level_z_252,0.03213438391685486
122,beta,momentum,,-0.03405109792947769
122,beta,persist,,0.09579679369926453
122,beta,underwater,,0.025708327069878578
122,B,momentum,kospi_return_1d,-0.00645038764923811
122,B,momentum,fx_level_z_252,-0.004133281297981739
122,B,persist,kospi_return_1d,-0.025539660826325417
122,B,persist,fx_level_z_252,0.005314890295267105
122,B,underwater,kospi_return_1d,-0.0008561930153518915
122,B,underwater,fx_level_z_252,-0.02998856082558632
122,alpha,,kospi_return_1d,0.018186237663030624
122,alpha,,fx_level_z_252,0.03216513618826866
123,beta,momentum,,-0.03395892679691315
123,beta,persist,,0.09589637070894241
123,beta,underwater,,0.025736087933182716
123,B,momentum,kospi_return_1d,-0.006218847818672657
123,B,momentum,fx_level_z_252,-0.004247460979968309
123,B,persist,kospi_return_1d,-0.025458617135882378
123,B,persist,fx_level_z_252,0.005420789122581482
123,B,underwater,kospi_return_1d,-0.0008572522783651948
123,B,underwater,fx_level_z_252,-0.02968495339155197
123,alpha,,kospi_return_1d,0.018338100984692574
123,alpha,,fx_level_z_252,0.03201461210846901
124,beta,momentum,,-0.03385095298290253
124,beta,persist,,0.09598656743764877
124,beta,underwater,,0.025687579065561295
124,B,momentum,kospi_return_1d,-0.006211618892848492
124,B,momentum,fx_level_z_252,-0.00428458396345377
124,B,persist,kospi_return_1d,-0.025239376351237297
124,B,persist,fx_level_z_252,0.0055791097693145275
124,B,underwater,kospi_return_1d,-0.0007390519022010267
124,B,underwater,fx_level_z_252,-0.029423793777823448
124,alpha,,kospi_return_1d,0.018640683963894844
124,alpha,,fx_level_z_252,0.031883709132671356
125,beta,momentum,,-0.0337541289627552
125,beta,persist,,0.09611118584871292
125,beta,underwater,,0.025690501555800438
125,B,momentum,kospi_return_1d,-0.006194725167006254
125,B,momentum,fx_level_z_252,-0.0044177197851240635
125,B,persist,kospi_return_1d,-0.02522004395723343
125,B,persist,fx_level_z_252,0.005860361736267805
125,B,underwater,kospi_return_1d,-0.0006043860339559615
125,B,underwater,fx_level_z_252,-0.029113546013832092
125,alpha,,kospi_return_1d,0.018899474292993546
125,alpha,,fx_level_z_252,0.031703170388936996
126,beta,momentum,,-0.03360069915652275
126,beta,persist,,0.09622114151716232
126,beta,underwater,,0.02565297856926918
126,B,momentum,kospi_return_1d,-0.00624594883993268
126,B,momentum,fx_level_z_252,-0.004749043378978968
126,B,persist,kospi_return_1d,-0.025171887129545212
126,B,persist,fx_level_z_252,0.006224244367331266
126,B,underwater,kospi_return_1d,-0.0003694080514833331
126,B,underwater,fx_level_z_252,-0.028782622888684273
126,alpha,,kospi_return_1d,0.01910099945962429
126,alpha,,fx_level_z_252,0.03156027942895889
127,beta,momentum,,-0.033510006964206696
127,beta,persist,,0.09634803980588913
127,beta,underwater,,0.025609998032450676
127,B,momentum,kospi_return_1d,-0.00623530987650156
127,B,momentum,fx_level_z_252,-0.005092113744467497
127,B,persist,kospi_return_1d,-0.025034867227077484
127,B,persist,fx_level_z_252,0.006341784726828337
127,B,underwater,kospi_return_1d,-0.00012817770766559988
127,B,underwater,fx_level_z_252,-0.028428198769688606
127,alpha,,kospi_return_1d,0.019270021468400955
127,alpha,,fx_level_z_252,0.031412750482559204
128,beta,momentum,,-0.03355393931269646
128,beta,persist,,0.09652478992938995
128,beta,underwater,,0.025610964745283127
128,B,momentum,kospi_return_1d,-0.006470500957220793
128,B,momentum,fx_level_z_252,-0.005260273814201355
128,B,persist,kospi_return_1d,-0.024833548814058304
128,B,persist,fx_level_z_252,0.006171567365527153
128,B,underwater,kospi_return_1d,0.00021590778487734497
128,B,underwater,fx_level_z_252,-0.028148602694272995
128,alpha,,kospi_return_1d,0.019407855346798897
128,alpha,,fx_level_z_252,0.03142378479242325
129,beta,momentum,,-0.03368779644370079
129,beta,persist,,0.09672427177429199
129,beta,underwater,,0.02563447505235672
129,B,momentum,kospi_return_1d,-0.00679696723818779
129,B,momentum,fx_level_z_252,-0.00529107078909874
129,B,persist,kospi_return_1d,-0.024769846349954605
129,B,persist,fx_level_z_252,0.006102999672293663
129,B,underwater,kospi_return_1d,0.0004671406059060246
129,B,underwater,fx_level_z_252,-0.027904562652111053
129,alpha,,kospi_return_1d,0.019536735489964485
129,alpha,,fx_level_z_252,0.031438831239938736
130,beta,momentum,,-0.03381148725748062
130,beta,persist,,0.09694983065128326
130,beta,underwater,,0.025653023272752762
130,B,momentum,kospi_return_1d,-0.0071352459490299225
130,B,momentum,fx_level_z_252,-0.005241964012384415
130,B,persist,kospi_return_1d,-0.024736298248171806
130,B,persist,fx_level_z_252,0.00603068619966507
130,B,underwater,kospi_return_1d,0.0005824362742714584
130,B,underwater,fx_level_z_252,-0.027727851644158363
130,alpha,,kospi_return_1d,0.01954968273639679
130,alpha,,fx_level_z_252,0.03150103613734245
131,beta,momentum,,-0.03404659405350685
131,beta,persist,,0.09724697470664978
131,beta,underwater,,0.025742894038558006
131,B,momentum,kospi_return_1d,-0.007431368809193373
131,B,momentum,fx_level_z_252,-0.005055744666606188
131,B,persist,kospi_return_1d,-0.024648696184158325
131,B,persist,fx_level_z_252,0.005897225346416235
131,B,underwater,kospi_return_1d,0.0005078169051557779
131,B,underwater,fx_level_z_252,-0.027708133682608604
131,alpha,,kospi_return_1d,0.019453683868050575
131,alpha,,fx_level_z_252,0.031538739800453186
132,beta,momentum,,-0.03429694473743439
132,beta,persist,,0.09754786640405655
132,beta,underwater,,0.02574053220450878
132,B,momentum,kospi_return_1d,-0.007501624990254641
132,B,momentum,fx_level_z_252,-0.004790924955159426
132,B,persist,kospi_return_1d,-0.024882404133677483
132,B,persist,fx_level_z_252,0.005977792199701071
132,B,underwater,kospi_return_1d,0.00032729347003623843
132,B,underwater,fx_level_z_252,-0.0278690904378891
132,alpha,,kospi_return_1d,0.019231710582971573
132,alpha,,fx_level_z_252,0.031596433371305466
133,beta,momentum,,-0.034545138478279114
133,beta,persist,,0.09786182641983032
133,beta,underwater,,0.02577275224030018
133,B,momentum,kospi_return_1d,-0.0073822117410600185
133,B,momentum,fx_level_z_252,-0.004736304748803377
133,B,persist,kospi_return_1d,-0.024990996345877647
133,B,persist,fx_level_z_252,0.00618982408195734
133,B,underwater,kospi_return_1d,6.395888340193778e-05
133,B,underwater,fx_level_z_252,-0.027854714542627335
133,alpha,,kospi_return_1d,0.019020725041627884
133,alpha,,fx_level_z_252,0.03162591531872749
134,beta,momentum,,-0.03471985459327698
134,beta,persist,,0.09815970063209534
134,beta,underwater,,0.02573021873831749
134,B,momentum,kospi_return_1d,-0.007305080071091652
134,B,momentum,fx_level_z_252,-0.0046798717230558395
134,B,persist,kospi_return_1d,-0.024970822036266327
134,B,persist,fx_level_z_252,0.006288871634751558
134,B,underwater,kospi_return_1d,-0.00015681792865507305
134,B,underwater,fx_level_z_252,-0.028066352009773254
134,alpha,,kospi_return_1d,0.018989330157637596
134,alpha,,fx_level_z_252,0.031566962599754333
135,beta,momentum,,-0.034832388162612915
135,beta,persist,,0.09840865433216095
135,beta,underwater,,0.025684088468551636
135,B,momentum,kospi_return_1d,-0.007322266697883606
135,B,momentum,fx_level_z_252,-0.0047641322016716
135,B,persist,kospi_return_1d,-0.025036146864295006
135,B,persist,fx_level_z_252,0.006466906517744064
135,B,underwater,kospi_return_1d,-0.00016970664728432894
135,B,underwater,fx_level_z_252,-0.028186310082674026
135,alpha,,kospi_return_1d,0.018987298011779785
135,alpha,,fx_level_z_252,0.03147970512509346
136,beta,momentum,,-0.03482896834611893
136,beta,persist,,0.09855081140995026
136,beta,underwater,,0.025589874014258385
136,B,momentum,kospi_return_1d,-0.007254078518599272
136,B,momentum,fx_level_z_252,-0.004844539798796177
136,B,persist,kospi_return_1d,-0.02517753280699253
136,B,persist,fx_level_z_252,0.006663810927420855
136,B,underwater,kospi_return_1d,-6.689569272566587e-05
136,B,underwater,fx_level_z_252,-0.028366640210151672
136,alpha,,kospi_return_1d,0.01915167272090912
136,alpha,,fx_level_z_252,0.03141272813081741
137,beta,momentum,,-0.03479195386171341
137,beta,persist,,0.09866221249103546
137,beta,underwater,,0.025492550805211067
137,B,momentum,kospi_return_1d,-0.0073302872478961945
137,B,momentum,fx_level_z_252,-0.004964845255017281
137,B,persist,kospi_return_1d,-0.025070684030652046
137,B,persist,fx_level_z_252,0.006813047453761101
137,B,underwater,kospi_return_1d,0.00019804027397185564
137,B,underwater,fx_level_z_252,-0.028637485578656197
137,alpha,,kospi_return_1d,0.019372057169675827
137,alpha,,fx_level_z_252,0.031381282955408096
138,beta,momentum,,-0.034740302711725235
138,beta,persist,,0.09868986904621124
138,beta,underwater,,0.025397706776857376
138,B,momentum,kospi_return_1d,-0.007282216567546129
138,B,momentum,fx_level_z_252,-0.005115855485200882
138,B,persist,kospi_return_1d,-0.024985525757074356
138,B,persist,fx_level_z_252,0.007003983482718468
138,B,underwater,kospi_return_1d,0.00024962093448266387
138,B,underwater,fx_level_z_252,-0.02871091477572918
138,alpha,,kospi_return_1d,0.0197577066719532
138,alpha,,fx_level_z_252,0.031252481043338776
139,beta,momentum,,-0.03460429981350899
139,beta,persist,,0.09868913888931274
139,beta,underwater,,0.02527914009988308
139,B,momentum,kospi_return_1d,-0.007114335894584656
139,B,momentum,fx_level_z_252,-0.0052377269603312016
139,B,persist,kospi_return_1d,-0.02498508058488369
139,B,persist,fx_level_z_252,0.0073093087412416935
139,B,underwater,kospi_return_1d,0.00017205871699843556
139,B,underwater,fx_level_z_252,-0.02882927842438221
139,alpha,,kospi_return_1d,0.020182723179459572
139,alpha,,fx_level_z_252,0.031189274042844772
140,beta,momentum,,-0.03447369858622551
140,beta,persist,,0.09866659343242645
140,beta,underwater,,0.025176173076033592
140,B,momentum,kospi_return_1d,-0.006980586796998978
140,B,momentum,fx_level_z_252,-0.00541983637958765
140,B,persist,kospi_return_1d,-0.02486599050462246
140,B,persist,fx_level_z_252,0.007719502318650484
140,B,underwater,kospi_return_1d,-7.00577802490443e-05
140,B,underwater,fx_level_z_252,-0.02890622988343239
140,alpha,,kospi_return_1d,0.020554358139634132
140,alpha,,fx_level_z_252,0.03115667775273323
141,beta,momentum,,-0.034352660179138184
141,beta,persist,,0.09865162521600723
141,beta,underwater,,0.02499270997941494
141,B,momentum,kospi_return_1d,-0.006889703217893839
141,B,momentum,fx_level_z_252,-0.005567552056163549
141,B,persist,kospi_return_1d,-0.0248972587287426
141,B,persist,fx_level_z_252,0.00800592452287674
141,B,underwater,kospi_return_1d,-0.00027325437986291945
141,B,underwater,fx_level_z_252,-0.028964966535568237
141,alpha,,kospi_return_1d,0.020958710461854935
141,alpha,,fx_level_z_252,0.031113505363464355
142,beta,momentum,,-0.034277282655239105
142,beta,persist,,0.0987456813454628
142,beta,underwater,,0.024885699152946472
142,B,momentum,kospi_return_1d,-0.006821068935096264
142,B,momentum,fx_level_z_252,-0.005931186024099588
142,B,persist,kospi_return_1d,-0.02497982047498226
142,B,persist,fx_level_z_252,0.008225595578551292
142,B,underwater,kospi_return_1d,-0.00026554721989668906
142,B,underwater,fx_level_z_252,-0.028868984431028366
142,alpha,,kospi_return_1d,0.02110263891518116
142,alpha,,fx_level_z_252,0.0310349278151989
143,beta,momentum,,-0.0342060886323452
143,beta,persist,,0.0989488959312439
143,beta,underwater,,0.024745313450694084
143,B,momentum,kospi_return_1d,-0.006892947480082512
143,B,momentum,fx_level_z_252,-0.006185522302985191
143,B,persist,kospi_return_1d,-0.024912334978580475
143,B,persist,fx_level_z_252,0.008387708105146885
143,B,underwater,kospi_return_1d,-0.000101151701528579
143,B,underwater,fx_level_z_252,-0.02890847995877266
143,alpha,,kospi_return_1d,0.021118219941854477
143,alpha,,fx_level_z_252,0.03098413720726967
144,beta,momentum,,-0.03421427682042122
144,beta,persist,,0.09921908378601074
144,beta,underwater,,0.024663133546710014
144,B,momentum,kospi_return_1d,-0.007266199681907892
144,B,momentum,fx_level_z_252,-0.006401539780199528
144,B,persist,kospi_return_1d,-0.024439403787255287
144,B,persist,fx_level_z_252,0.008328321389853954
144,B,underwater,kospi_return_1d,0.0003036004491150379
144,B,underwater,fx_level_z_252,-0.029034528881311417
144,alpha,,kospi_return_1d,0.020984826609492302
144,alpha,,fx_level_z_252,0.031058039516210556
145,beta,momentum,,-0.034256234765052795
145,beta,persist,,0.09949910640716553
145,beta,underwater,,0.024544276297092438
145,B,momentum,kospi_return_1d,-0.0076509881764650345
145,B,momentum,fx_level_z_252,-0.006318099796772003
145,B,persist,kospi_return_1d,-0.02408512495458126
145,B,persist,fx_level_z_252,0.007930926978588104
145,B,underwater,kospi_return_1d,0.0005052773049101233
145,B,underwater,fx_level_z_252,-0.029390761628746986
145,alpha,,kospi_return_1d,0.020858118310570717
145,alpha,,fx_level_z_252,0.031138818711042404
146,beta,momentum,,-0.03431742265820503
146,beta,persist,,0.09976214915513992
146,beta,underwater,,0.0244494266808033
146,B,momentum,kospi_return_1d,-0.007640879135578871
146,B,momentum,fx_level_z_252,-0.00608815997838974
146,B,persist,kospi_return_1d,-0.024149252101778984
146,B,persist,fx_level_z_252,0.007682016585022211
146,B,underwater,kospi_return_1d,0.00039081033901311457
146,B,underwater,fx_level_z_252,-0.02978132665157318
146,alpha,,kospi_return_1d,0.020752133801579475
146,alpha,,fx_level_z_252,0.03141554817557335
147,beta,momentum,,-0.034305278211832047
147,beta,persist,,0.09996015578508377
147,beta,underwater,,0.02429955080151558
147,B,momentum,kospi_return_1d,-0.0076639908365905285
147,B,momentum,fx_level_z_252,-0.005873202811926603
147,B,persist,kospi_return_1d,-0.02417612448334694
147,B,persist,fx_level_z_252,0.007555296178907156
147,B,underwater,kospi_return_1d,0.00023419088392984122
147,B,underwater,fx_level_z_252,-0.030122946947813034
147,alpha,,kospi_return_1d,0.020687704905867577
147,alpha,,fx_level_z_252,0.03148777782917023
148,beta,momentum,,-0.034311916679143906
148,beta,persist,,0.10021638125181198
148,beta,underwater,,0.02420022152364254
148,B,momentum,kospi_return_1d,-0.007686976343393326
148,B,momentum,fx_level_z_252,-0.0057760197669267654
148,B,persist,kospi_return_1d,-0.024294715374708176
148,B,persist,fx_level_z_252,0.007443833630532026
148,B,underwater,kospi_return_1d,-9.211937140207738e-05
148,B,underwater,fx_level_z_252,-0.03038264438509941
148,alpha,,kospi_return_1d,0.020578565075993538
148,alpha,,fx_level_z_252,0.031602129340171814
149,beta,momentum,,-0.03435857221484184
149,beta,persist,,0.10052018612623215
149,beta,underwater,,0.024213064461946487
149,B,momentum,kospi_return_1d,-0.007505469489842653
149,B,momentum,fx_level_z_252,-0.005615163128823042
149,B,persist,kospi_return_1d,-0.024355007335543633
149,B,persist,fx_level_z_252,0.0072500696405768394
149,B,underwater,kospi_return_1d,-0.0002805597032420337
149,B,underwater,fx_level_z_252,-0.03046019934117794
149,alpha,,kospi_return_1d,0.02030491642653942
149,alpha,,fx_level_z_252,0.03171864524483681
150,beta,momentum,,-0.034359849989414215
150,beta,persist,,0.10083527117967606
150,beta,underwater,,0.024190062656998634
150,B,momentum,kospi_return_1d,-0.007283039391040802
150,B,momentum,fx_level_z_252,-0.005689084995537996
150,B,persist,kospi_return_1d,-0.024460047483444214
150,B,persist,fx_level_z_252,0.006948031019419432
150,B,underwater,kospi_return_1d,-0.00025391840608790517
150,B,underwater,fx_level_z_252,-0.030474409461021423
150,alpha,,kospi_return_1d,0.01982489414513111
150,alpha,,fx_level_z_252,0.03174503892660141
151,beta,momentum,,-0.03430637717247009
151,beta,persist,,0.10113507509231567
151,beta,underwater,,0.024089736863970757
151,B,momentum,kospi_return_1d,-0.0070559498853981495
151,B,momentum,fx_level_z_252,-0.005890452302992344
151,B,persist,kospi_return_1d,-0.024616707116365433
151,B,persist,fx_level_z_252,0.006854857783764601
151,B,underwater,kospi_return_1d,-6.960835889913142e-05
151,B,underwater,fx_level_z_252,-0.030410969629883766
151,alpha,,kospi_return_1d,0.01931016705930233
151,alpha,,fx_level_z_252,0.0317947082221508
152,beta,momentum,,-0.03413206711411476
152,beta,persist,,0.10132545977830887
152,beta,underwater,,0.023914244025945663
152,B,momentum,kospi_return_1d,-0.00688076252117753
152,B,momentum,fx_level_z_252,-0.0060552991926670074
152,B,persist,kospi_return_1d,-0.024637630209326744
152,B,persist,fx_level_z_252,0.0069621349684894085
152,B,underwater,kospi_return_1d,0.00022488247486762702
152,B,underwater,fx_level_z_252,-0.03048972226679325
152,alpha,,kospi_return_1d,0.018880067393183708
152,alpha,,fx_level_z_252,0.03183549642562866
153,beta,momentum,,-0.033865924924612045
153,beta,persist,,0.10150467604398727
153,beta,underwater,,0.023674875497817993
153,B,momentum,kospi_return_1d,-0.00680564483627677
153,B,momentum,fx_level_z_252,-0.0061293174512684345
153,B,persist,kospi_return_1d,-0.024620773270726204
153,B,persist,fx_level_z_252,0.006985971238464117
153,B,underwater,kospi_return_1d,0.00036153043038211763
153,B,underwater,fx_level_z_252,-0.03077627345919609
153,alpha,,kospi_return_1d,0.018575727939605713
153,alpha,,fx_level_z_252,0.03177404776215553
154,beta,momentum,,-0.03366890922188759
154,beta,persist,,0.1016332358121872
154,beta,underwater,,0.023533694446086884
154,B,momentum,kospi_return_1d,-0.006696184165775776
154,B,momentum,fx_level_z_252,-0.006050200201570988
154,B,persist,kospi_return_1d,-0.02454485185444355
154,B,persist,fx_level_z_252,0.007087430451065302
154,B,underwater,kospi_return_1d,0.0004311540105845779
154,B,underwater,fx_level_z_252,-0.031089069321751595
154,alpha,,kospi_return_1d,0.01838855817914009
154,alpha,,fx_level_z_252,0.031876396387815475
155,beta,momentum,,-0.033520907163619995
155,beta,persist,,0.10169751942157745
155,beta,underwater,,0.023408783599734306
155,B,momentum,kospi_return_1d,-0.006576562765985727
155,B,momentum,fx_level_z_252,-0.0059557328931987286
155,B,persist,kospi_return_1d,-0.024566546082496643
155,B,persist,fx_level_z_252,0.007118121720850468
155,B,underwater,kospi_return_1d,0.0002762356889434159
155,B,underwater,fx_level_z_252,-0.03125870227813721
155,alpha,,kospi_return_1d,0.018330438062548637
155,alpha,,fx_level_z_252,0.03198682889342308
156,beta,momentum,,-0.03332338482141495
156,beta,persist,,0.10168935358524323
156,beta,underwater,,0.023225361481308937
156,B,momentum,kospi_return_1d,-0.006606735289096832
156,B,momentum,fx_level_z_252,-0.0059900046326220036
156,B,persist,kospi_return_1d,-0.0243697352707386
156,B,persist,fx_level_z_252,0.007197587285190821
156,B,underwater,kospi_return_1d,0.00011163858289364725
156,B,underwater,fx_level_z_252,-0.03135542571544647
156,alpha,,kospi_return_1d,0.0184963196516037
156,alpha,,fx_level_z_252,0.032081179320812225
157,beta,momentum,,-0.03315956890583038
157,beta,persist,,0.10168103873729706
157,beta,underwater,,0.022996602579951286
157,B,momentum,kospi_return_1d,-0.006526635494083166
157,B,momentum,fx_level_z_252,-0.0059377411380410194
157,B,persist,kospi_return_1d,-0.02418113313615322
157,B,persist,fx_level_z_252,0.007240778300911188
157,B,underwater,kospi_return_1d,-0.0001755814882926643
157,B,underwater,fx_level_z_252,-0.03142441436648369
157,alpha,,kospi_return_1d,0.018677372485399246
157,alpha,,fx_level_z_252,0.032177120447158813
158,beta,momentum,,-0.03311076760292053
158,beta,persist,,0.10164675861597061
158,beta,underwater,,0.022865362465381622
158,B,momentum,kospi_return_1d,-0.006559301633387804
158,B,momentum,fx_level_z_252,-0.005959783680737019
158,B,persist,kospi_return_1d,-0.02388962358236313
158,B,persist,fx_level_z_252,0.007292851340025663
158,B,underwater,kospi_return_1d,-0.00031744103762321174
158,B,underwater,fx_level_z_252,-0.03127781301736832
158,alpha,,kospi_return_1d,0.018826378509402275
158,alpha,,fx_level_z_252,0.03239348903298378
159,beta,momentum,,-0.03303990513086319
159,beta,persist,,0.10159952193498611
159,beta,underwater,,0.022855982184410095
159,B,momentum,kospi_return_1d,-0.006439293269068003
159,B,momentum,fx_level_z_252,-0.0060805375687778
159,B,persist,kospi_return_1d,-0.023732097819447517
159,B,persist,fx_level_z_252,0.007440517190843821
159,B,underwater,kospi_return_1d,-0.00045568239875137806
159,B,underwater,fx_level_z_252,-0.030873427167534828
159,alpha,,kospi_return_1d,0.01890956610441208
159,alpha,,fx_level_z_252,0.032551199197769165
160,beta,momentum,,-0.03302820026874542
160,beta,persist,,0.1015196219086647
160,beta,underwater,,0.0229182168841362
160,B,momentum,kospi_return_1d,-0.00631711445748806
160,B,momentum,fx_level_z_252,-0.006160966120660305
160,B,persist,kospi_return_1d,-0.023627303540706635
160,B,persist,fx_level_z_252,0.007517371792346239
160,B,underwater,kospi_return_1d,-0.0007428467506542802
160,B,underwater,fx_level_z_252,-0.03046782687306404
160,alpha,,kospi_return_1d,0.019129501655697823
160,alpha,,fx_level_z_252,0.03277187794446945
161,beta,momentum,,-0.03294790908694267
161,beta,persist,,0.10145886987447739
161,beta,underwater,,0.02286410890519619
161,B,momentum,kospi_return_1d,-0.006317061837762594
161,B,momentum,fx_level_z_252,-0.00615525059401989
161,B,persist,kospi_return_1d,-0.023518992587924004
161,B,persist,fx_level_z_252,0.0075365533120930195
161,B,underwater,kospi_return_1d,-0.0008905901340767741
161,B,underwater,fx_level_z_252,-0.03012239933013916
161,alpha,,kospi_return_1d,0.019354892894625664
161,alpha,,fx_level_z_252,0.03283991664648056
162,beta,momentum,,-0.03282773867249489
162,beta,persist,,0.10141048580408096
162,beta,underwater,,0.022842328995466232
162,B,momentum,kospi_return_1d,-0.006447538733482361
162,B,momentum,fx_level_z_252,-0.006186516489833593
162,B,persist,kospi_return_1d,-0.0234313253313303
162,B,persist,fx_level_z_252,0.007549721281975508
162,B,underwater,kospi_return_1d,-0.0008215255220420659
162,B,underwater,fx_level_z_252,-0.029723012819886208
162,alpha,,kospi_return_1d,0.019560672342777252
162,alpha,,fx_level_z_252,0.03290410339832306
163,beta,momentum,,-0.032717738300561905
163,beta,persist,,0.1013500839471817
163,beta,underwater,,0.022880103439092636
163,B,momentum,kospi_return_1d,-0.006589661352336407
163,B,momentum,fx_level_z_252,-0.006309280171990395
163,B,persist,kospi_return_1d,-0.023526741191744804
163,B,persist,fx_level_z_252,0.007700739428400993
163,B,underwater,kospi_return_1d,-0.0008103783475235105
163,B,underwater,fx_level_z_252,-0.029256682842969894
163,alpha,,kospi_return_1d,0.019672377035021782
163,alpha,,fx_level_z_252,0.032875146716833115
164,beta,momentum,,-0.032462891191244125
164,beta,persist,,0.10124119371175766
164,beta,underwater,,0.022751182317733765
164,B,momentum,kospi_return_1d,-0.0069228410720825195
164,B,momentum,fx_level_z_252,-0.0063622803427278996
164,B,persist,kospi_return_1d,-0.023578833788633347
164,B,persist,fx_level_z_252,0.007975521497428417
164,B,underwater,kospi_return_1d,-0.0006175254820846021
164,B,underwater,fx_level_z_252,-0.02894551120698452
164,alpha,,kospi_return_1d,0.019914040341973305
164,alpha,,fx_level_z_252,0.032864514738321304
165,beta,momentum,,-0.032301343977451324
165,beta,persist,,0.10111742466688156
165,beta,underwater,,0.022609710693359375
165,B,momentum,kospi_return_1d,-0.007365745957940817
165,B,momentum,fx_level_z_252,-0.0063396478071808815
165,B,persist,kospi_return_1d,-0.023427752777934074
165,B,persist,fx_level_z_252,0.007996595464646816
165,B,underwater,kospi_return_1d,-0.00018713441386353225
165,B,underwater,fx_level_z_252,-0.028817610815167427
165,alpha,,kospi_return_1d,0.020154641941189766
165,alpha,,fx_level_z_252,0.032756511121988297
166,beta,momentum,,-0.03226538375020027
166,beta,persist,,0.1010420024394989
166,beta,underwater,,0.022507864981889725
166,B,momentum,kospi_return_1d,-0.00765429949387908
166,B,momentum,fx_level_z_252,-0.006354521028697491
166,B,persist,kospi_return_1d,-0.02319958433508873
166,B,persist,fx_level_z_252,0.007909851148724556
166,B,underwater,kospi_return_1d,0.00021679217752534896
166,B,underwater,fx_level_z_252,-0.028646858409047127
166,alpha,,kospi_return_1d,0.020444218069314957
166,alpha,,fx_level_z_252,0.03283471614122391
167,beta,momentum,,-0.03232106566429138
167,beta,persist,,0.10098200291395187
167,beta,underwater,,0.02247459627687931
167,B,momentum,kospi_return_1d,-0.00788106769323349
167,B,momentum,fx_level_z_252,-0.00638555409386754
167,B,persist,kospi_return_1d,-0.02300894632935524
167,B,persist,fx_level_z_252,0.008053041994571686
167,B,underwater,kospi_return_1d,0.00033976996201090515
167,B,underwater,fx_level_z_252,-0.028408899903297424
167,alpha,,kospi_return_1d,0.020643699914216995
167,alpha,,fx_level_z_252,0.032923128455877304
168,beta,momentum,,-0.03235195577144623
168,beta,persist,,0.10098269581794739
168,beta,underwater,,0.02248881198465824
168,B,momentum,kospi_return_1d,-0.00793619453907013
168,B,momentum,fx_level_z_252,-0.006633578334003687
168,B,persist,kospi_return_1d,-0.02293846569955349
168,B,persist,fx_level_z_252,0.008274643681943417
168,B,underwater,kospi_return_1d,0.00038570078322663903
168,B,underwater,fx_level_z_252,-0.02809596061706543
168,alpha,,kospi_return_1d,0.020808149129152298
168,alpha,,fx_level_z_252,0.03286754712462425
169,beta,momentum,,-0.03243405371904373
169,beta,persist,,0.10104478895664215
169,beta,underwater,,0.02256801724433899
169,B,momentum,kospi_return_1d,-0.0077407220378518105
169,B,momentum,fx_level_z_252,-0.0067668198607862
169,B,persist,kospi_return_1d,-0.022954531013965607
169,B,persist,fx_level_z_252,0.008381420746445656
169,B,underwater,kospi_return_1d,0.00023863370006438345
169,B,underwater,fx_level_z_252,-0.02783748134970665
169,alpha,,kospi_return_1d,0.020911555737257004
169,alpha,,fx_level_z_252,0.03288587927818298
170,beta,momentum,,-0.03253304585814476
170,beta,persist,,0.10107497125864029
170,beta,underwater,,0.022736987099051476
170,B,momentum,kospi_return_1d,-0.007387078832834959
170,B,momentum,fx_level_z_252,-0.006892021745443344
170,B,persist,kospi_return_1d,-0.02310142107307911
170,B,persist,fx_level_z_252,0.00853407196700573
170,B,underwater,kospi_return_1d,-7.532951713073999e-05
170,B,underwater,fx_level_z_252,-0.02757367305457592
170,alpha,,kospi_return_1d,0.02101299725472927
170,alpha,,fx_level_z_252,0.03298400714993477
171,beta,momentum,,-0.03262263163924217
171,beta,persist,,0.10120831429958344
171,beta,underwater,,0.022899942472577095
171,B,momentum,kospi_return_1d,-0.006940846797078848
171,B,momentum,fx_level_z_252,-0.006947638466954231
171,B,persist,kospi_return_1d,-0.023351453244686127
171,B,persist,fx_level_z_252,0.008565005846321583
171,B,underwater,kospi_return_1d,-0.0003272065077908337
171,B,underwater,fx_level_z_252,-0.027424460276961327
171,alpha,,kospi_return_1d,0.020888498052954674
171,alpha,,fx_level_z_252,0.03297581896185875
172,beta,momentum,,-0.03274957090616226
172,beta,persist,,0.10131283104419708
172,beta,underwater,,0.022933844476938248
172,B,momentum,kospi_return_1d,-0.00649701664224267
172,B,momentum,fx_level_z_252,-0.0067645893432199955
172,B,persist,kospi_return_1d,-0.023707617074251175
172,B,persist,fx_level_z_252,0.008467518724501133
172,B,underwater,kospi_return_1d,-0.0005364372627809644
172,B,underwater,fx_level_z_252,-0.02750452607870102
172,alpha,,kospi_return_1d,0.020854875445365906
172,alpha,,fx_level_z_252,0.03276700899004936
173,beta,momentum,,-0.03281164541840553
173,beta,persist,,0.10136708617210388
173,beta,underwater,,0.022987045347690582
173,B,momentum,kospi_return_1d,-0.006146326661109924
173,B,momentum,fx_level_z_252,-0.006735202390700579
173,B,persist,kospi_return_1d,-0.02401181496679783
173,B,persist,fx_level_z_252,0.008638049475848675
173,B,underwater,kospi_return_1d,-0.0006900831358507276
173,B,underwater,fx_level_z_252,-0.027452712878584862
173,alpha,,kospi_return_1d,0.020872339606285095
173,alpha,,fx_level_z_252,0.032594334334135056
174,beta,momentum,,-0.03279368206858635
174,beta,persist,,0.10132023692131042
174,beta,underwater,,0.022962136194109917
174,B,momentum,kospi_return_1d,-0.005778572056442499
174,B,momentum,fx_level_z_252,-0.006755956914275885
174,B,persist,kospi_return_1d,-0.02434571087360382
174,B,persist,fx_level_z_252,0.008920060470700264
174,B,underwater,kospi_return_1d,-0.0008053381461650133
174,B,underwater,fx_level_z_252,-0.027422431856393814
174,alpha,,kospi_return_1d,0.02105049416422844
174,alpha,,fx_level_z_252,0.03230686113238335
175,beta,momentum,,-0.03278582543134689
175,beta,persist,,0.10125316679477692
175,beta,underwater,,0.022849541157484055
175,B,momentum,kospi_return_1d,-0.005628237500786781
175,B,momentum,fx_level_z_252,-0.006490136496722698
175,B,persist,kospi_return_1d,-0.024571044370532036
175,B,persist,fx_level_z_252,0.00915552955120802
175,B,underwater,kospi_return_1d,-0.0006056064739823341
175,B,underwater,fx_level_z_252,-0.027626777067780495
175,alpha,,kospi_return_1d,0.021244129166007042
175,alpha,,fx_level_z_252,0.03187951445579529
176,beta,momentum,,-0.03275724872946739
176,beta,persist,,0.1012522354722023
176,beta,underwater,,0.022704286500811577
176,B,momentum,kospi_return_1d,-0.005519946571439505
176,B,momentum,fx_level_z_252,-0.006230391561985016
176,B,persist,kospi_return_1d,-0.02469458617269993
176,B,persist,fx_level_z_252,0.009069161489605904
176,B,underwater,kospi_return_1d,-0.00022353939129970968
176,B,underwater,fx_level_z_252,-0.0277076568454504
176,alpha,,kospi_return_1d,0.02141753025352955
176,alpha,,fx_level_z_252,0.031500548124313354
177,beta,momentum,,-0.03273266553878784
177,beta,persist,,0.10130060464143753
177,beta,underwater,,0.022698288783431053
177,B,momentum,kospi_return_1d,-0.0055180382914841175
177,B,momentum,fx_level_z_252,-0.005865674465894699
177,B,persist,kospi_return_1d,-0.024706343188881874
177,B,persist,fx_level_z_252,0.00884460099041462
177,B,underwater,kospi_return_1d,0.00019447242084424943
177,B,underwater,fx_level_z_252,-0.027878915891051292
177,alpha,,kospi_return_1d,0.021525878459215164
177,alpha,,fx_level_z_252,0.03110017627477646
178,beta,momentum,,-0.03273514285683632
178,beta,persist,,0.10136251151561737
178,beta,underwater,,0.022686418145895004
178,B,momentum,kospi_return_1d,-0.005433035548776388
178,B,momentum,fx_level_z_252,-0.005559562239795923
178,B,persist,kospi_return_1d,-0.02480834536254406
178,B,persist,fx_level_z_252,0.008640270680189133
178,B,underwater,kospi_return_1d,0.00032945437123999
178,B,underwater,fx_level_z_252,-0.02800368331372738
178,alpha,,kospi_return_1d,0.021592777222394943
178,alpha,,fx_level_z_252,0.030709676444530487
179,beta,momentum,,-0.032692112028598785
179,beta,persist,,0.10144763439893723
179,beta,underwater,,0.02264302410185337
179,B,momentum,kospi_return_1d,-0.005595997907221317
179,B,momentum,fx_level_z_252,-0.0053313602693378925
179,B,persist,kospi_return_1d,-0.02476787008345127
179,B,persist,fx_level_z_252,0.008338658139109612
179,B,underwater,kospi_return_1d,0.00042436696821823716
179,B,underwater,fx_level_z_252,-0.028202585875988007
179,alpha,,kospi_return_1d,0.021478164941072464
179,alpha,,fx_level_z_252,0.030354442074894905
180,beta,momentum,,-0.03265543654561043
180,beta,persist,,0.10144373774528503
180,beta,underwater,,0.022503752261400223
180,B,momentum,kospi_return_1d,-0.005842885468155146
180,B,momentum,fx_level_z_252,-0.005085946526378393
180,B,persist,kospi_return_1d,-0.02475416474044323
180,B,persist,fx_level_z_252,0.008036274462938309
180,B,underwater,kospi_return_1d,0.0005010241293348372
180,B,underwater,fx_level_z_252,-0.02848449908196926
180,alpha,,kospi_return_1d,0.021480649709701538
180,alpha,,fx_level_z_252,0.030017292127013206
181,beta,momentum,,-0.03259545564651489
181,beta,persist,,0.1014886125922203
181,beta,underwater,,0.022448357194662094
181,B,momentum,kospi_return_1d,-0.006138698197901249
181,B,momentum,fx_level_z_252,-0.004888215567916632
181,B,persist,kospi_return_1d,-0.024570515379309654
181,B,persist,fx_level_z_252,0.007700060028582811
181,B,underwater,kospi_return_1d,0.00047428623656742275
181,B,underwater,fx_level_z_252,-0.02864259108901024
181,alpha,,kospi_return_1d,0.021344898268580437
181,alpha,,fx_level_z_252,0.02984238974750042
182,beta,momentum,,-0.03258783742785454
182,beta,persist,,0.101521335542202
182,beta,underwater,,0.02246418595314026
182,B,momentum,kospi_return_1d,-0.0063675204291939735
182,B,momentum,fx_level_z_252,-0.004798595793545246
182,B,persist,kospi_return_1d,-0.024641670286655426
182,B,persist,fx_level_z_252,0.0076404898427426815
182,B,underwater,kospi_return_1d,0.0002743914956226945
182,B,underwater,fx_level_z_252,-0.02858114242553711
182,alpha,,kospi_return_1d,0.021224161610007286
182,alpha,,fx_level_z_252,0.02974151074886322
183,beta,momentum,,-0.03282265365123749
183,beta,persist,,0.10165152698755264
183,beta,underwater,,0.022708134725689888
183,B,momentum,kospi_return_1d,-0.006660898216068745
183,B,momentum,fx_level_z_252,-0.004706898704171181
183,B,persist,kospi_return_1d,-0.02458813227713108
183,B,persist,fx_level_z_252,0.007565401494503021
183,B,underwater,kospi_return_1d,-5.085098382551223e-05
183,B,underwater,fx_level_z_252,-0.028305169194936752
183,alpha,,kospi_return_1d,0.020977908745408058
183,alpha,,fx_level_z_252,0.029719235375523567
184,beta,momentum,,-0.033009082078933716
184,beta,persist,,0.1017327830195427
184,beta,underwater,,0.022970370948314667
184,B,momentum,kospi_return_1d,-0.007152768317610025
184,B,momentum,fx_level_z_252,-0.0046577779576182365
184,B,persist,kospi_return_1d,-0.024444207549095154
184,B,persist,fx_level_z_252,0.00735686719417572
184,B,underwater,kospi_return_1d,-0.00025256851222366095
184,B,underwater,fx_level_z_252,-0.027957063168287277
184,alpha,,kospi_return_1d,0.02077552117407322
184,alpha,,fx_level_z_252,0.02965076081454754
185,beta,momentum,,-0.03316371887922287
185,beta,persist,,0.10180412977933884
185,beta,underwater,,0.023232681676745415
185,B,momentum,kospi_return_1d,-0.007566755171865225
185,B,momentum,fx_level_z_252,-0.004649335518479347
185,B,persist,kospi_return_1d,-0.02450508624315262
185,B,persist,fx_level_z_252,0.007303682621568441
185,B,underwater,kospi_return_1d,-0.0003739696112461388
185,B,underwater,fx_level_z_252,-0.027588743716478348
185,alpha,,kospi_return_1d,0.02070089429616928
185,alpha,,fx_level_z_252,0.029759882017970085
186,beta,momentum,,-0.033278752118349075
186,beta,persist,,0.1018223688006401
186,beta,underwater,,0.023484300822019577
186,B,momentum,kospi_return_1d,-0.008109232410788536
186,B,momentum,fx_level_z_252,-0.0045571825467050076
186,B,persist,kospi_return_1d,-0.024488048627972603
186,B,persist,fx_level_z_252,0.007398147135972977
186,B,underwater,kospi_return_1d,-0.0004414698341861367
186,B,underwater,fx_level_z_252,-0.027229802682995796
186,alpha,,kospi_return_1d,0.020687106996774673
186,alpha,,fx_level_z_252,0.02998071163892746
187,beta,momentum,,-0.033305130898952484
187,beta,persist,,0.101784348487854
187,beta,underwater,,0.02363671362400055
187,B,momentum,kospi_return_1d,-0.008637167513370514
187,B,momentum,fx_level_z_252,-0.0045698657631874084
187,B,persist,kospi_return_1d,-0.024426408112049103
187,B,persist,fx_level_z_252,0.00754275219514966
187,B,underwater,kospi_return_1d,-0.0002697621821425855
187,B,underwater,fx_level_z_252,-0.02691681869328022
187,alpha,,kospi_return_1d,0.020763887092471123
187,alpha,,fx_level_z_252,0.030150556936860085
188,beta,momentum,,-0.0333653949201107
188,beta,persist,,0.1017385795712471
188,beta,underwater,,0.02367353066802025
188,B,momentum,kospi_return_1d,-0.008995622396469116
188,B,momentum,fx_level_z_252,-0.004440081771463156
188,B,persist,kospi_return_1d,-0.02456185221672058
188,B,persist,fx_level_z_252,0.007633332163095474
188,B,underwater,kospi_return_1d,-0.00017669187218416482
188,B,underwater,fx_level_z_252,-0.026853065937757492
188,alpha,,kospi_return_1d,0.02084926888346672
188,alpha,,fx_level_z_252,0.03024136833846569
189,beta,momentum,,-0.03339916467666626
189,beta,persist,,0.10180781036615372
189,beta,underwater,,0.02372356876730919
189,B,momentum,kospi_return_1d,-0.008980891667306423
189,B,momentum,fx_level_z_252,-0.004425975028425455
189,B,persist,kospi_return_1d,-0.024793505668640137
189,B,persist,fx_level_z_252,0.0076787350699305534
189,B,underwater,kospi_return_1d,-8.9579465566203e-05
189,B,underwater,fx_level_z_252,-0.026835793629288673
189,alpha,,kospi_return_1d,0.020890474319458008
189,alpha,,fx_level_z_252,0.030418146401643753
190,beta,momentum,,-0.03343721106648445
190,beta,persist,,0.10183826088905334
190,beta,underwater,,0.023592930287122726
190,B,momentum,kospi_return_1d,-0.008701931685209274
190,B,momentum,fx_level_z_252,-0.0043459259904921055
190,B,persist,kospi_return_1d,-0.025081725791096687
190,B,persist,fx_level_z_252,0.0076137143187224865
190,B,underwater,kospi_return_1d,-0.0001098429347621277
190,B,underwater,fx_level_z_252,-0.026985783129930496
190,alpha,,kospi_return_1d,0.020836273208260536
190,alpha,,fx_level_z_252,0.030567241832613945
191,beta,momentum,,-0.03350062295794487
191,beta,persist,,0.10189291089773178
191,beta,underwater,,0.023569880053400993
191,B,momentum,kospi_return_1d,-0.008422926999628544
191,B,momentum,fx_level_z_252,-0.004056798759847879
191,B,persist,kospi_return_1d,-0.025121362879872322
191,B,persist,fx_level_z_252,0.007408649194985628
191,B,underwater,kospi_return_1d,-7.517320045735687e-05
191,B,underwater,fx_level_z_252,-0.02726258523762226
191,alpha,,kospi_return_1d,0.020777195692062378
191,alpha,,fx_level_z_252,0.03074605017900467
192,beta,momentum,,-0.03366807848215103
192,beta,persist,,0.10198672860860825
192,beta,underwater,,0.02365531027317047
192,B,momentum,kospi_return_1d,-0.008043333888053894
192,B,momentum,fx_level_z_252,-0.0037595918402075768
192,B,persist,kospi_return_1d,-0.025218509137630463
192,B,persist,fx_level_z_252,0.007140484172850847
192,B,underwater,kospi_return_1d,-7.008900138316676e-05
192,B,underwater,fx_level_z_252,-0.027345696464180946
192,alpha,,kospi_return_1d,0.020752619951963425
192,alpha,,fx_level_z_252,0.03105241246521473
193,beta,momentum,,-0.033763427287340164
193,beta,persist,,0.10209318995475769
193,beta,underwater,,0.023744305595755577
193,B,momentum,kospi_return_1d,-0.007531336043030024
193,B,momentum,fx_level_z_252,-0.003456320846453309
193,B,persist,kospi_return_1d,-0.025471873581409454
193,B,persist,fx_level_z_252,0.006971621420234442
193,B,underwater,kospi_return_1d,-0.00010407970694359392
193,B,underwater,fx_level_z_252,-0.027486462146043777
193,alpha,,kospi_return_1d,0.02057158201932907
193,alpha,,fx_level_z_252,0.03125475347042084
194,beta,momentum,,-0.033695612102746964
194,beta,persist,,0.10213639587163925
194,beta,underwater,,0.023743432015180588
194,B,momentum,kospi_return_1d,-0.007266348693519831
194,B,momentum,fx_level_z_252,-0.0032051661983132362
194,B,persist,kospi_return_1d,-0.025662511587142944
194,B,persist,fx_level_z_252,0.006745307706296444
194,B,underwater,kospi_return_1d,3.061680035898462e-05
194,B,underwater,fx_level_z_252,-0.02764444798231125
194,alpha,,kospi_return_1d,0.020548181608319283
194,alpha,,fx_level_z_252,0.031261082738637924
195,beta,momentum,,-0.033684175461530685
195,beta,persist,,0.10209981352090836
195,beta,underwater,,0.02373204566538334
195,B,momentum,kospi_return_1d,-0.007043847348541021
195,B,momentum,fx_level_z_252,-0.003028344130143523
195,B,persist,kospi_return_1d,-0.02579081617295742
195,B,persist,fx_level_z_252,0.006711026653647423
195,B,underwater,kospi_return_1d,0.00014567685138899833
195,B,underwater,fx_level_z_252,-0.02769717387855053
195,alpha,,kospi_return_1d,0.020784366875886917
195,alpha,,fx_level_z_252,0.03125675022602081
196,beta,momentum,,-0.033647432923316956
196,beta,persist,,0.1020636335015297
196,beta,underwater,,0.02381335012614727
196,B,momentum,kospi_return_1d,-0.0068036518059670925
196,B,momentum,fx_level_z_252,-0.0029505593702197075
196,B,persist,kospi_return_1d,-0.025924593210220337
196,B,persist,fx_level_z_252,0.00686116237193346
196,B,underwater,kospi_return_1d,0.00010624097194522619
196,B,underwater,fx_level_z_252,-0.027585897594690323
196,alpha,,kospi_return_1d,0.021012388169765472
196,alpha,,fx_level_z_252,0.03138114511966705
197,beta,momentum,,-0.03357281908392906
197,beta,persist,,0.10197046399116516
197,beta,underwater,,0.02388586290180683
197,B,momentum,kospi_return_1d,-0.0064408257603645325
197,B,momentum,fx_level_z_252,-0.002889038994908333
197,B,persist,kospi_return_1d,-0.02602226659655571
197,B,persist,fx_level_z_252,0.007068582344800234
197,B,underwater,kospi_return_1d,-9.226959082297981e-05
197,B,underwater,fx_level_z_252,-0.027387777343392372
197,alpha,,kospi_return_1d,0.021228060126304626
197,alpha,,fx_level_z_252,0.03154676407575607
198,beta,momentum,,-0.033503975719213486
198,beta,persist,,0.10187356919050217
198,beta,underwater,,0.023957164958119392
198,B,momentum,kospi_return_1d,-0.006253717467188835
198,B,momentum,fx_level_z_252,-0.0028068155515938997
198,B,persist,kospi_return_1d,-0.026166465133428574
198,B,persist,fx_level_z_252,0.007300568278878927
198,B,underwater,kospi_return_1d,-5.1695285947062075e-05
198,B,underwater,fx_level_z_252,-0.02722681313753128
198,alpha,,kospi_return_1d,0.021414482966065407
198,alpha,,fx_level_z_252,0.03166009113192558
199,beta,momentum,,-0.03336653485894203
199,beta,persist,,0.10184887796640396
199,beta,underwater,,0.02384626865386963
199,B,momentum,kospi_return_1d,-0.006285273469984531
199,B,momentum,fx_level_z_252,-0.002735261572524905
199,B,persist,kospi_return_1d,-0.02611183375120163
199,B,persist,fx_level_z_252,0.0073277922347188
199,B,underwater,kospi_return_1d,0.0002578154089860618
199,B,underwater,fx_level_z_252,-0.027235491201281548
199,alpha,,kospi_return_1d,0.021479137241840363
199,alpha,,fx_level_z_252,0.03182215616106987
200,beta,momentum,,-0.03332243859767914
200,beta,persist,,0.1018480658531189
200,beta,underwater,,0.02368130534887314
200,B,momentum,kospi_return_1d,-0.006533762440085411
200,B,momentum,fx_level_z_252,-0.002593076089397073
200,B,persist,kospi_return_1d,-0.025819336995482445
200,B,persist,fx_level_z_252,0.007212318945676088
200,B,underwater,kospi_return_1d,0.0006594497826881707
200,B,underwater,fx_level_z_252,-0.027332013472914696
200,alpha,,kospi_return_1d,0.021522095426917076
200,alpha,,fx_level_z_252,0.031806208193302155
201,beta,momentum,,-0.033248208463191986
201,beta,persist,,0.10186707973480225
201,beta,underwater,,0.023586880415678024
201,B,momentum,kospi_return_1d,-0.00676295580342412
201,B,momentum,fx_level_z_252,-0.00269880099222064
201,B,persist,kospi_return_1d,-0.025663891807198524
201,B,persist,fx_level_z_252,0.00727225374430418
201,B,underwater,kospi_return_1d,0.0008461293182335794
201,B,underwater,fx_level_z_252,-0.02733360230922699
201,alpha,,kospi_return_1d,0.021670015528798103
201,alpha,,fx_level_z_252,0.031811218708753586
202,beta,momentum,,-0.03315890580415726
202,beta,persist,,0.10187997668981552
202,beta,underwater,,0.02352653443813324
202,B,momentum,kospi_return_1d,-0.006816334091126919
202,B,momentum,fx_level_z_252,-0.002982111182063818
202,B,persist,kospi_return_1d,-0.02560194954276085
202,B,persist,fx_level_z_252,0.00738125154748559
202,B,underwater,kospi_return_1d,0.0007793960394337773
202,B,underwater,fx_level_z_252,-0.027275584638118744
202,alpha,,kospi_return_1d,0.02171330340206623
202,alpha,,fx_level_z_252,0.031657423824071884
203,beta,momentum,,-0.033118750900030136
203,beta,persist,,0.10188711434602737
203,beta,underwater,,0.02342783287167549
203,B,momentum,kospi_return_1d,-0.006802848074585199
203,B,momentum,fx_level_z_252,-0.0032852499280124903
203,B,persist,kospi_return_1d,-0.025687875226140022
203,B,persist,fx_level_z_252,0.007543718442320824
203,B,underwater,kospi_return_1d,0.0005571355577558279
203,B,underwater,fx_level_z_252,-0.02726650796830654
203,alpha,,kospi_return_1d,0.021885912865400314
203,alpha,,fx_level_z_252,0.031455665826797485
204,beta,momentum,,-0.033034879714250565
204,beta,persist,,0.10184779763221741
204,beta,underwater,,0.02328183315694332
204,B,momentum,kospi_return_1d,-0.006746123544871807
204,B,momentum,fx_level_z_252,-0.0034605381079018116
204,B,persist,kospi_return_1d,-0.02578008733689785
204,B,persist,fx_level_z_252,0.007762631867080927
204,B,underwater,kospi_return_1d,0.0002439505624352023
204,B,underwater,fx_level_z_252,-0.027382895350456238
204,alpha,,kospi_return_1d,0.022125346586108208
204,alpha,,fx_level_z_252,0.03130527213215828
205,beta,momentum,,-0.033054813742637634
205,beta,persist,,0.10177893936634064
205,beta,underwater,,0.02307487279176712
205,B,momentum,kospi_return_1d,-0.006745538674294949
205,B,momentum,fx_level_z_252,-0.003407374955713749
205,B,persist,kospi_return_1d,-0.025888929143548012
205,B,persist,fx_level_z_252,0.008032982237637043
205,B,underwater,kospi_return_1d,-0.00018468601047061384
205,B,underwater,fx_level_z_252,-0.027529852464795113
205,alpha,,kospi_return_1d,0.022458359599113464
205,alpha,,fx_level_z_252,0.031192652881145477
206,beta,momentum,,-0.0331728532910347
206,beta,persist,,0.10170086473226547
206,beta,underwater,,0.022956356406211853
206,B,momentum,kospi_return_1d,-0.007044947240501642
206,B,momentum,fx_level_z_252,-0.003429858945310116
206,B,persist,kospi_return_1d,-0.02584145963191986
206,B,persist,fx_level_z_252,0.00809150468558073
206,B,underwater,kospi_return_1d,-0.00041747582145035267
206,B,underwater,fx_level_z_252,-0.02759798988699913
206,alpha,,kospi_return_1d,0.022931357845664024
206,alpha,,fx_level_z_252,0.03122021071612835
207,beta,momentum,,-0.033238887786865234
207,beta,persist,,0.10175549238920212
207,beta,underwater,,0.02289769798517227
207,B,momentum,kospi_return_1d,-0.00725202402099967
207,B,momentum,fx_level_z_252,-0.00339475623331964
207,B,persist,kospi_return_1d,-0.025731882080435753
207,B,persist,fx_level_z_252,0.00804173294454813
207,B,underwater,kospi_return_1d,-0.000520787260029465
207,B,underwater,fx_level_z_252,-0.027622761204838753
207,alpha,,kospi_return_1d,0.023149872198700905
207,alpha,,fx_level_z_252,0.03120623715221882
208,beta,momentum,,-0.03334302827715874
208,beta,persist,,0.10184149444103241
208,beta,underwater,,0.022926121950149536
208,B,momentum,kospi_return_1d,-0.007589961402118206
208,B,momentum,fx_level_z_252,-0.003307801904156804
208,B,persist,kospi_return_1d,-0.025390205904841423
208,B,persist,fx_level_z_252,0.007963556796312332
208,B,underwater,kospi_return_1d,-0.0003666530246846378
208,B,underwater,fx_level_z_252,-0.02774868905544281
208,alpha,,kospi_return_1d,0.023218031972646713
208,alpha,,fx_level_z_252,0.031222499907016754
209,beta,momentum,,-0.03337854892015457
209,beta,persist,,0.1018698513507843
209,beta,underwater,,0.022912824526429176
209,B,momentum,kospi_return_1d,-0.007667613681405783
209,B,momentum,fx_level_z_252,-0.0030929851345717907
209,B,persist,kospi_return_1d,-0.025122350081801414
209,B,persist,fx_level_z_252,0.007967714220285416
209,B,underwater,kospi_return_1d,-0.00010221358388662338
209,B,underwater,fx_level_z_252,-0.027923133224248886
209,alpha,,kospi_return_1d,0.02320054918527603
209,alpha,,fx_level_z_252,0.0313706211745739
210,beta,momentum,,-0.03337639942765236
210,beta,persist,,0.10197006165981293
210,beta,underwater,,0.022903569042682648
210,B,momentum,kospi_return_1d,-0.0077903843484818935
210,B,momentum,fx_level_z_252,-0.002811893355101347
210,B,persist,kospi_return_1d,-0.02485818974673748
210,B,persist,fx_level_z_252,0.007820730097591877
210,B,underwater,kospi_return_1d,0.0003012234519701451
210,B,underwater,fx_level_z_252,-0.02821117825806141
210,alpha,,kospi_return_1d,0.023038599640130997
210,alpha,,fx_level_z_252,0.03137758746743202
211,beta,momentum,,-0.03333798423409462
211,beta,persist,,0.10199858993291855
211,beta,underwater,,0.022833021357655525
211,B,momentum,kospi_return_1d,-0.00775593426078558
211,B,momentum,fx_level_z_252,-0.0027024466544389725
211,B,persist,kospi_return_1d,-0.024895943701267242
211,B,persist,fx_level_z_252,0.007755456026643515
211,B,underwater,kospi_return_1d,0.00024064769968390465
211,B,underwater,fx_level_z_252,-0.028321266174316406
211,alpha,,kospi_return_1d,0.022875910624861717
211,alpha,,fx_level_z_252,0.03129331022500992
212,beta,momentum,,-0.0334729366004467
212,beta,persist,,0.10216261446475983
212,beta,underwater,,0.022737642750144005
212,B,momentum,kospi_return_1d,-0.007821029983460903
212,B,momentum,fx_level_z_252,-0.002553027356043458
212,B,persist,kospi_return_1d,-0.024742400273680687
212,B,persist,fx_level_z_252,0.007617669645696878
212,B,underwater,kospi_return_1d,0.00018846418242901564
212,B,underwater,fx_level_z_252,-0.028409311547875404
212,alpha,,kospi_return_1d,0.02257092483341694
212,alpha,,fx_level_z_252,0.03121226280927658
213,beta,momentum,,-0.03365984559059143
213,beta,persist,,0.10228199511766434
213,beta,underwater,,0.02279009111225605
213,B,momentum,kospi_return_1d,-0.00787950400263071
213,B,momentum,fx_level_z_252,-0.0025200790259987116
213,B,persist,kospi_return_1d,-0.024575479328632355
213,B,persist,fx_level_z_252,0.007488955743610859
213,B,underwater,kospi_return_1d,-0.00015197385801002383
213,B,underwater,fx_level_z_252,-0.028274215757846832
213,alpha,,kospi_return_1d,0.022316327318549156
213,alpha,,fx_level_z_252,0.031334687024354935
214,beta,momentum,,-0.03379775583744049
214,beta,persist,,0.10239928960800171
214,beta,underwater,,0.02279413491487503
214,B,momentum,kospi_return_1d,-0.007978315465152264
214,B,momentum,fx_level_z_252,-0.0024452770594507456
214,B,persist,kospi_return_1d,-0.02446933276951313
214,B,persist,fx_level_z_252,0.007329578511416912
214,B,underwater,kospi_return_1d,-0.0004419561300892383
214,B,underwater,fx_level_z_252,-0.02823314070701599
214,alpha,,kospi_return_1d,0.022054871544241905
214,alpha,,fx_level_z_252,0.031332649290561676
215,beta,momentum,,-0.03385749086737633
215,beta,persist,,0.10250096023082733
215,beta,underwater,,0.02281023934483528
215,B,momentum,kospi_return_1d,-0.008002457208931446
215,B,momentum,fx_level_z_252,-0.002498738467693329
215,B,persist,kospi_return_1d,-0.024473946541547775
215,B,persist,fx_level_z_252,0.0073231291025877
215,B,underwater,kospi_return_1d,-0.0007123394752852619
215,B,underwater,fx_level_z_252,-0.028136473149061203
215,alpha,,kospi_return_1d,0.021818086504936218
215,alpha,,fx_level_z_252,0.03137963265180588
216,beta,momentum,,-0.033847227692604065
216,beta,persist,,0.10264813899993896
216,beta,underwater,,0.022925499826669693
216,B,momentum,kospi_return_1d,-0.007731476798653603
216,B,momentum,fx_level_z_252,-0.002508168574422598
216,B,persist,kospi_return_1d,-0.024522097781300545
216,B,persist,fx_level_z_252,0.007247850298881531
216,B,underwater,kospi_return_1d,-0.0008588023483753204
216,B,underwater,fx_level_z_252,-0.02802821807563305
216,alpha,,kospi_return_1d,0.021509617567062378
216,alpha,,fx_level_z_252,0.03150740638375282
217,beta,momentum,,-0.0338670052587986
217,beta,persist,,0.10284696519374847
217,beta,underwater,,0.02300255373120308
217,B,momentum,kospi_return_1d,-0.007322350982576609
217,B,momentum,fx_level_z_252,-0.0025450873654335737
217,B,persist,kospi_return_1d,-0.02476106770336628
217,B,persist,fx_level_z_252,0.007238516118377447
217,B,underwater,kospi_return_1d,-0.0010516219772398472
217,B,underwater,fx_level_z_252,-0.02795354463160038
217,alpha,,kospi_return_1d,0.021137498319149017
217,alpha,,fx_level_z_252,0.031713489443063736
218,beta,momentum,,-0.03389346972107887
218,beta,persist,,0.10304433107376099
218,beta,underwater,,0.023137763142585754
218,B,momentum,kospi_return_1d,-0.007151522673666477
218,B,momentum,fx_level_z_252,-0.0026192213408648968
218,B,persist,kospi_return_1d,-0.024959692731499672
218,B,persist,fx_level_z_252,0.007297232281416655
218,B,underwater,kospi_return_1d,-0.0009624451049603522
218,B,underwater,fx_level_z_252,-0.027766643092036247
218,alpha,,kospi_return_1d,0.020747043192386627
218,alpha,,fx_level_z_252,0.03185988590121269
219,beta,momentum,,-0.03397690877318382
219,beta,persist,,0.10320945084095001
219,beta,underwater,,0.023238835856318474
219,B,momentum,kospi_return_1d,-0.007090650964528322
219,B,momentum,fx_level_z_252,-0.002494148211553693
219,B,persist,kospi_return_1d,-0.02503693476319313
219,B,persist,fx_level_z_252,0.007392056751996279
219,B,underwater,kospi_return_1d,-0.0006956197321414948
219,B,underwater,fx_level_z_252,-0.027735311537981033
219,alpha,,kospi_return_1d,0.020594488829374313
219,alpha,,fx_level_z_252,0.03189172223210335
220,beta,momentum,,-0.03393830731511116
220,beta,persist,,0.1033441573381424
220,beta,underwater,,0.023188460618257523
220,B,momentum,kospi_return_1d,-0.007040312513709068
220,B,momentum,fx_level_z_252,-0.00235922378487885
220,B,persist,kospi_return_1d,-0.025095151737332344
220,B,persist,fx_level_z_252,0.007316235452890396
220,B,underwater,kospi_return_1d,-0.00044492672896012664
220,B,underwater,fx_level_z_252,-0.027838943526148796
220,alpha,,kospi_return_1d,0.020458245649933815
220,alpha,,fx_level_z_252,0.0319051668047905
221,beta,momentum,,-0.03400930017232895
221,beta,persist,,0.10342001169919968
221,beta,underwater,,0.023192424327135086
221,B,momentum,kospi_return_1d,-0.007027163170278072
221,B,momentum,fx_level_z_252,-0.0023558223620057106
221,B,persist,kospi_return_1d,-0.025047358125448227
221,B,persist,fx_level_z_252,0.007491958327591419
221,B,underwater,kospi_return_1d,-0.00013737697736360133
221,B,underwater,fx_level_z_252,-0.027933573350310326
221,alpha,,kospi_return_1d,0.020386552438139915
221,alpha,,fx_level_z_252,0.03204216808080673
222,beta,momentum,,-0.033994417637586594
222,beta,persist,,0.1033744141459465
222,beta,underwater,,0.023009423166513443
222,B,momentum,kospi_return_1d,-0.006876757368445396
222,B,momentum,fx_level_z_252,-0.002460581250488758
222,B,persist,kospi_return_1d,-0.025139467790722847
222,B,persist,fx_level_z_252,0.007801676634699106
222,B,underwater,kospi_return_1d,0.00018860655836760998
222,B,underwater,fx_level_z_252,-0.027997661381959915
222,alpha,,kospi_return_1d,0.020414747297763824
222,alpha,,fx_level_z_252,0.03203796222805977
223,beta,momentum,,-0.03400672972202301
223,beta,persist,,0.1033252626657486
223,beta,underwater,,0.02292064018547535
223,B,momentum,kospi_return_1d,-0.00693365978077054
223,B,momentum,fx_level_z_252,-0.0025417732540518045
223,B,persist,kospi_return_1d,-0.02506333589553833
223,B,persist,fx_level_z_252,0.00786510668694973
223,B,underwater,kospi_return_1d,0.0005791992298327386
223,B,underwater,fx_level_z_252,-0.027991482987999916
223,alpha,,kospi_return_1d,0.02049575001001358
223,alpha,,fx_level_z_252,0.03211113065481186
224,beta,momentum,,-0.03398337587714195
224,beta,persist,,0.10320644825696945
224,beta,underwater,,0.022835437208414078
224,B,momentum,kospi_return_1d,-0.007042471319437027
224,B,momentum,fx_level_z_252,-0.002547070849686861
224,B,persist,kospi_return_1d,-0.025086738169193268
224,B,persist,fx_level_z_252,0.007888121530413628
224,B,underwater,kospi_return_1d,0.0007605800637975335
224,B,underwater,fx_level_z_252,-0.02802811563014984
224,alpha,,kospi_return_1d,0.020661717280745506
224,alpha,,fx_level_z_252,0.0322742685675621
225,beta,momentum,,-0.033888813108205795
225,beta,persist,,0.10306844115257263
225,beta,underwater,,0.022812454029917717
225,B,momentum,kospi_return_1d,-0.007020832970738411
225,B,momentum,fx_level_z_252,-0.002749290084466338
225,B,persist,kospi_return_1d,-0.025240980088710785
225,B,persist,fx_level_z_252,0.00787267740815878
225,B,underwater,kospi_return_1d,0.0006907911156304181
225,B,underwater,fx_level_z_252,-0.027852844446897507
225,alpha,,kospi_return_1d,0.020832834765315056
225,alpha,,fx_level_z_252,0.032357364892959595
226,beta,momentum,,-0.03375469893217087
226,beta,persist,,0.10291846841573715
226,beta,underwater,,0.02273399755358696
226,B,momentum,kospi_return_1d,-0.006999223027378321
226,B,momentum,fx_level_z_252,-0.0028950469568371773
226,B,persist,kospi_return_1d,-0.025355851277709007
226,B,persist,fx_level_z_252,0.007824323140084743
226,B,underwater,kospi_return_1d,0.0007022626814432442
226,B,underwater,fx_level_z_252,-0.02771446295082569
226,alpha,,kospi_return_1d,0.020860930904746056
226,alpha,,fx_level_z_252,0.032424524426460266
227,beta,momentum,,-0.03363285958766937
227,beta,persist,,0.10278929024934769
227,beta,underwater,,0.022559432312846184
227,B,momentum,kospi_return_1d,-0.007066624239087105
227,B,momentum,fx_level_z_252,-0.0031114572193473577
227,B,persist,kospi_return_1d,-0.02560414932668209
227,B,persist,fx_level_z_252,0.007927476428449154
227,B,underwater,kospi_return_1d,0.0005883011617697775
227,B,underwater,fx_level_z_252,-0.027678845450282097
227,alpha,,kospi_return_1d,0.020595544949173927
227,alpha,,fx_level_z_252,0.03234018385410309
228,beta,momentum,,-0.03357485309243202
228,beta,persist,,0.10264568775892258
228,beta,underwater,,0.02230813354253769
228,B,momentum,kospi_return_1d,-0.0071722641587257385
228,B,momentum,fx_level_z_252,-0.0032423101365566254
228,B,persist,kospi_return_1d,-0.025738585740327835
228,B,persist,fx_level_z_252,0.007930572144687176
228,B,underwater,kospi_return_1d,0.00042097087134607136
228,B,underwater,fx_level_z_252,-0.027829928323626518
228,alpha,,kospi_return_1d,0.020516159012913704
228,alpha,,fx_level_z_252,0.03210237994790077
229,beta,momentum,,-0.03357021510601044
229,beta,persist,,0.10251863300800323
229,beta,underwater,,0.022019194439053535
229,B,momentum,kospi_return_1d,-0.007292529102414846
229,B,momentum,fx_level_z_252,-0.00340845063328743
229,B,persist,kospi_return_1d,-0.025807151570916176
229,B,persist,fx_level_z_252,0.007812295574694872
229,B,underwater,kospi_return_1d,0.0003708269796334207
229,B,underwater,fx_level_z_252,-0.028064873069524765
229,alpha,,kospi_return_1d,0.020523540675640106
229,alpha,,fx_level_z_252,0.0318421795964241
230,beta,momentum,,-0.03344091400504112
230,beta,persist,,0.10245027393102646
230,beta,underwater,,0.02169368974864483
230,B,momentum,kospi_return_1d,-0.007367042358964682
230,B,momentum,fx_level_z_252,-0.0034676308277994394
230,B,persist,kospi_return_1d,-0.025890322402119637
230,B,persist,fx_level_z_252,0.007466739509254694
230,B,underwater,kospi_return_1d,0.0002979920245707035
230,B,underwater,fx_level_z_252,-0.02835155464708805
230,alpha,,kospi_return_1d,0.020471571013331413
230,alpha,,fx_level_z_252,0.03171378746628761
231,beta,momentum,,-0.03335834667086601
231,beta,persist,,0.1024305447936058
231,beta,underwater,,0.021467776969075203
231,B,momentum,kospi_return_1d,-0.007584611885249615
231,B,momentum,fx_level_z_252,-0.0037164916284382343
231,B,persist,kospi_return_1d,-0.02590823546051979
231,B,persist,fx_level_z_252,0.0072238873690366745
231,B,underwater,kospi_return_1d,0.00013199100794736296
231,B,underwater,fx_level_z_252,-0.0284442026168108
231,alpha,,kospi_return_1d,0.020368779078125954
231,alpha,,fx_level_z_252,0.03154585510492325
232,beta,momentum,,-0.03324725106358528
232,beta,persist,,0.1023489460349083
232,beta,underwater,,0.021307945251464844
232,B,momentum,kospi_return_1d,-0.007803888991475105
232,B,momentum,fx_level_z_252,-0.0040421197190880775
232,B,persist,kospi_return_1d,-0.025794178247451782
232,B,persist,fx_level_z_252,0.00703267939388752
232,B,underwater,kospi_return_1d,-2.6438072382006794e-05
232,B,underwater,fx_level_z_252,-0.028473734855651855
232,alpha,,kospi_return_1d,0.020271187648177147
232,alpha,,fx_level_z_252,0.03126290813088417
233,beta,momentum,,-0.033208709210157394
233,beta,persist,,0.10224436968564987
233,beta,underwater,,0.021281542256474495
233,B,momentum,kospi_return_1d,-0.008031675592064857
233,B,momentum,fx_level_z_252,-0.004377393517643213
233,B,persist,kospi_return_1d,-0.025582266971468925
233,B,persist,fx_level_z_252,0.006968483794480562
233,B,underwater,kospi_return_1d,-0.00013634176866617054
233,B,underwater,fx_level_z_252,-0.028307760134339333
233,alpha,,kospi_return_1d,0.020068814978003502
233,alpha,,fx_level_z_252,0.031017305329442024
234,beta,momentum,,-0.03319162130355835
234,beta,persist,,0.1021551713347435
234,beta,underwater,,0.0211917906999588
234,B,momentum,kospi_return_1d,-0.008150111883878708
234,B,momentum,fx_level_z_252,-0.00470472639426589
234,B,persist,kospi_return_1d,-0.025304719805717468
234,B,persist,fx_level_z_252,0.006910731550306082
234,B,underwater,kospi_return_1d,-3.479134102235548e-05
234,B,underwater,fx_level_z_252,-0.028230790048837662
234,alpha,,kospi_return_1d,0.019816195592284203
234,alpha,,fx_level_z_252,0.030896389856934547
235,beta,momentum,,-0.03327121585607529
235,beta,persist,,0.1020871251821518
235,beta,underwater,,0.02114482969045639
235,B,momentum,kospi_return_1d,-0.008288586512207985
235,B,momentum,fx_level_z_252,-0.005022076424211264
235,B,persist,kospi_return_1d,-0.025011008605360985
235,B,persist,fx_level_z_252,0.006929933559149504
235,B,underwater,kospi_return_1d,-6.503314943984151e-05
235,B,underwater,fx_level_z_252,-0.02815626747906208
235,alpha,,kospi_return_1d,0.019526198506355286
235,alpha,,fx_level_z_252,0.0308698620647192
236,beta,momentum,,-0.03329289332032204
236,beta,persist,,0.10206232964992523
236,beta,underwater,,0.02107795514166355
236,B,momentum,kospi_return_1d,-0.008360804989933968
236,B,momentum,fx_level_z_252,-0.005211568903177977
236,B,persist,kospi_return_1d,-0.0247908104211092
236,B,persist,fx_level_z_252,0.006861529778689146
236,B,underwater,kospi_return_1d,-3.646002005552873e-05
236,B,underwater,fx_level_z_252,-0.028167735785245895
236,alpha,,kospi_return_1d,0.019186563789844513
236,alpha,,fx_level_z_252,0.030750973150134087
237,beta,momentum,,-0.0332857146859169
237,beta,persist,,0.10196448862552643
237,beta,underwater,,0.021024685353040695
237,B,momentum,kospi_return_1d,-0.008267111144959927
237,B,momentum,fx_level_z_252,-0.005448697600513697
237,B,persist,kospi_return_1d,-0.024867914617061615
237,B,persist,fx_level_z_252,0.006905942223966122
237,B,underwater,kospi_return_1d,-2.2894690118846484e-05
237,B,underwater,fx_level_z_252,-0.028076475486159325
237,alpha,,kospi_return_1d,0.01911313645541668
237,alpha,,fx_level_z_252,0.03049447387456894
238,beta,momentum,,-0.03337347134947777
238,beta,persist,,0.10190751403570175
238,beta,underwater,,0.021008320152759552
238,B,momentum,kospi_return_1d,-0.008135051466524601
238,B,momentum,fx_level_z_252,-0.005693937186151743
238,B,persist,kospi_return_1d,-0.02498479373753071
238,B,persist,fx_level_z_252,0.0069691501557827
238,B,underwater,kospi_return_1d,-8.496503141941503e-06
238,B,underwater,fx_level_z_252,-0.02800578624010086
238,alpha,,kospi_return_1d,0.019059017300605774
238,alpha,,fx_level_z_252,0.030232418328523636
239,beta,momentum,,-0.03343240171670914
239,beta,persist,,0.10183493793010712
239,beta,underwater,,0.02095365710556507
239,B,momentum,kospi_return_1d,-0.008199415169656277
239,B,momentum,fx_level_z_252,-0.005885609425604343
239,B,persist,kospi_return_1d,-0.025116385892033577
239,B,persist,fx_level_z_252,0.006942426785826683
239,B,underwater,kospi_return_1d,5.4637530411127955e-05
239,B,underwater,fx_level_z_252,-0.02790350839495659
239,alpha,,kospi_return_1d,0.018935266882181168
239,alpha,,fx_level_z_252,0.029997536912560463
240,beta,momentum,,-0.033531151711940765
240,beta,persist,,0.10173661261796951
240,beta,underwater,,0.020963970571756363
240,B,momentum,kospi_return_1d,-0.00833037868142128
240,B,momentum,fx_level_z_252,-0.0061178733594715595
240,B,persist,kospi_return_1d,-0.02504720725119114
240,B,persist,fx_level_z_252,0.007069930899888277
240,B,underwater,kospi_return_1d,-0.00010675296653062105
240,B,underwater,fx_level_z_252,-0.02769439108669758
240,alpha,,kospi_return_1d,0.01882646232843399
240,alpha,,fx_level_z_252,0.0298957247287035
241,beta,momentum,,-0.03373204544186592
241,beta,persist,,0.1016898974776268
241,beta,underwater,,0.021050401031970978
241,B,momentum,kospi_return_1d,-0.008417685516178608
241,B,momentum,fx_level_z_252,-0.0061574107967317104
241,B,persist,kospi_return_1d,-0.024959126487374306
241,B,persist,fx_level_z_252,0.0071709975600242615
241,B,underwater,kospi_return_1d,-0.00011239179002586752
241,B,underwater,fx_level_z_252,-0.02753734029829502
241,alpha,,kospi_return_1d,0.018756765872240067
241,alpha,,fx_level_z_252,0.02990555204451084
242,beta,momentum,,-0.03381532430648804
242,beta,persist,,0.10167533904314041
242,beta,underwater,,0.021045329049229622
242,B,momentum,kospi_return_1d,-0.008492518216371536
242,B,momentum,fx_level_z_252,-0.00607572915032506
242,B,persist,kospi_return_1d,-0.024810662493109703
242,B,persist,fx_level_z_252,0.00723043829202652
242,B,underwater,kospi_return_1d,0.00011322894715704024
242,B,underwater,fx_level_z_252,-0.027687065303325653
242,alpha,,kospi_return_1d,0.018528643995523453
242,alpha,,fx_level_z_252,0.029936524108052254
243,beta,momentum,,-0.033894941210746765
243,beta,persist,,0.10170353204011917
243,beta,underwater,,0.020965933799743652
243,B,momentum,kospi_return_1d,-0.008691445924341679
243,B,momentum,fx_level_z_252,-0.006001487839967012
243,B,persist,kospi_return_1d,-0.02492239698767662
243,B,persist,fx_level_z_252,0.007336624898016453
243,B,underwater,kospi_return_1d,0.00021970897796563804
243,B,underwater,fx_level_z_252,-0.02780170738697052
243,alpha,,kospi_return_1d,0.018553156405687332
243,alpha,,fx_level_z_252,0.029959890991449356
244,beta,momentum,,-0.034033287316560745
244,beta,persist,,0.10178907960653305
244,beta,underwater,,0.02085217647254467
244,B,momentum,kospi_return_1d,-0.009031477384269238
244,B,momentum,fx_level_z_252,-0.00561028067022562
244,B,persist,kospi_return_1d,-0.024983679875731468
244,B,persist,fx_level_z_252,0.007369569502770901
244,B,underwater,kospi_return_1d,0.000486819539219141
244,B,underwater,fx_level_z_252,-0.028119979426264763
244,alpha,,kospi_return_1d,0.01856498420238495
244,alpha,,fx_level_z_252,0.03002184070646763
245,beta,momentum,,-0.03419254720211029
245,beta,persist,,0.10183756798505783
245,beta,underwater,,0.02095898613333702
245,B,momentum,kospi_return_1d,-0.009105276316404343
245,B,momentum,fx_level_z_252,-0.005330986343324184
245,B,persist,kospi_return_1d,-0.02503315359354019
245,B,persist,fx_level_z_252,0.007493665441870689
245,B,underwater,kospi_return_1d,0.00040199700742959976
245,B,underwater,fx_level_z_252,-0.028319241479039192
245,alpha,,kospi_return_1d,0.018627505749464035
245,alpha,,fx_level_z_252,0.03032529540359974
246,beta,momentum,,-0.03444308415055275
246,beta,persist,,0.10182441771030426
246,beta,underwater,,0.021231643855571747
246,B,momentum,kospi_return_1d,-0.008947948925197124
246,B,momentum,fx_level_z_252,-0.004957415163516998
246,B,persist,kospi_return_1d,-0.025057746097445488
246,B,persist,fx_level_z_252,0.007504068315029144
246,B,underwater,kospi_return_1d,1.3258424587547779e-05
246,B,underwater,fx_level_z_252,-0.0284857340157032
246,alpha,,kospi_return_1d,0.01870626024901867
246,alpha,,fx_level_z_252,0.030695393681526184
247,beta,momentum,,-0.03453054651618004
247,beta,persist,,0.10180723667144775
247,beta,underwater,,0.021447032690048218
247,B,momentum,kospi_return_1d,-0.008859689347445965
247,B,momentum,fx_level_z_252,-0.004763066302984953
247,B,persist,kospi_return_1d,-0.02501462958753109
247,B,persist,fx_level_z_252,0.007600313052535057
247,B,underwater,kospi_return_1d,-0.00033266033278778195
247,B,underwater,fx_level_z_252,-0.028638716787099838
247,alpha,,kospi_return_1d,0.018874136731028557
247,alpha,,fx_level_z_252,0.03098202869296074
248,beta,momentum,,-0.034532997757196426
248,beta,persist,,0.10174009948968887
248,beta,underwater,,0.02175080217421055
248,B,momentum,kospi_return_1d,-0.008791743777692318
248,B,momentum,fx_level_z_252,-0.00467922305688262
248,B,persist,kospi_return_1d,-0.024995770305395126
248,B,persist,fx_level_z_252,0.0076513634994626045
248,B,underwater,kospi_return_1d,-0.00048261586925946176
248,B,underwater,fx_level_z_252,-0.02860068716108799
248,alpha,,kospi_return_1d,0.01898982562124729
248,alpha,,fx_level_z_252,0.03127515688538551
249,beta,momentum,,-0.03458014130592346
249,beta,persist,,0.10164007544517517
249,beta,underwater,,0.02207239530980587
249,B,momentum,kospi_return_1d,-0.008405887521803379
249,B,momentum,fx_level_z_252,-0.004575974307954311
249,B,persist,kospi_return_1d,-0.025198666378855705
249,B,persist,fx_level_z_252,0.007757389452308416
249,B,underwater,kospi_return_1d,-0.0008316172752529383
249,B,underwater,fx_level_z_252,-0.028453806415200233
249,alpha,,kospi_return_1d,0.019192500039935112
249,alpha,,fx_level_z_252,0.03148258849978447
250,beta,momentum,,-0.034421131014823914
250,beta,persist,,0.10149028152227402
250,beta,underwater,,0.022124778479337692
250,B,momentum,kospi_return_1d,-0.00805639661848545
250,B,momentum,fx_level_z_252,-0.004469274077564478
250,B,persist,kospi_return_1d,-0.025258714333176613
250,B,persist,fx_level_z_252,0.007767608854919672
250,B,underwater,kospi_return_1d,-0.0009808834875002503
250,B,underwater,fx_level_z_252,-0.02857976220548153
250,alpha,,kospi_return_1d,0.01957259513437748
250,alpha,,fx_level_z_252,0.03143543377518654
251,beta,momentum,,-0.034245871007442474
251,beta,persist,,0.10139095783233643
251,beta,underwater,,0.022093839943408966
251,B,momentum,kospi_return_1d,-0.007834000512957573
251,B,momentum,fx_level_z_252,-0.004314767196774483
251,B,persist,kospi_return_1d,-0.02526647225022316
251,B,persist,fx_level_z_252,0.007555212359875441
251,B,underwater,kospi_return_1d,-0.0008299733744934201
251,B,underwater,fx_level_z_252,-0.02872307412326336
251,alpha,,kospi_return_1d,0.019864525645971298
251,alpha,,fx_level_z_252,0.03135290741920471
252,beta,momentum,,-0.03417927771806717
252,beta,persist,,0.10132282972335815
252,beta,underwater,,0.022152649238705635
252,B,momentum,kospi_return_1d,-0.007447337731719017
252,B,momentum,fx_level_z_252,-0.0041768187656998634
252,B,persist,kospi_return_1d,-0.025196658447384834
252,B,persist,fx_level_z_252,0.007307702209800482
252,B,underwater,kospi_return_1d,-0.00062702433206141
252,B,underwater,fx_level_z_252,-0.028904644772410393
252,alpha,,kospi_return_1d,0.020080752670764923
252,alpha,,fx_level_z_252,0.03131844103336334
253,beta,momentum,,-0.03404252976179123
253,beta,persist,,0.10119718313217163
253,beta,underwater,,0.022181399166584015
253,B,momentum,kospi_return_1d,-0.007040309254080057
253,B,momentum,fx_level_z_252,-0.004109652247279882
253,B,persist,kospi_return_1d,-0.025274911895394325
253,B,persist,fx_level_z_252,0.007151112426072359
253,B,underwater,kospi_return_1d,-0.00044058309867978096
253,B,underwater,fx_level_z_252,-0.02903449535369873
253,alpha,,kospi_return_1d,0.02038184367120266
253,alpha,,fx_level_z_252,0.031231669709086418
254,beta,momentum,,-0.03396500274538994
254,beta,persist,,0.10123216360807419
254,beta,underwater,,0.022375717759132385
254,B,momentum,kospi_return_1d,-0.0066101509146392345
254,B,momentum,fx_level_z_252,-0.003978278487920761
254,B,persist,kospi_return_1d,-0.025177955627441406
254,B,persist,fx_level_z_252,0.006901776418089867
254,B,underwater,kospi_return_1d,-6.70508889015764e-05
254,B,underwater,fx_level_z_252,-0.029151551425457
254,alpha,,kospi_return_1d,0.02036825194954872
254,alpha,,fx_level_z_252,0.03136834874749184
255,beta,momentum,,-0.03384831175208092
255,beta,persist,,0.10117826610803604
255,beta,underwater,,0.022627580910921097
255,B,momentum,kospi_return_1d,-0.00638930406421423
255,B,momentum,fx_level_z_252,-0.004093491937965155
255,B,persist,kospi_return_1d,-0.025126095861196518
255,B,persist,fx_level_z_252,0.006833421997725964
255,B,underwater,kospi_return_1d,0.00019746317411772907
255,B,underwater,fx_level_z_252,-0.029049644246697426
255,alpha,,kospi_return_1d,0.020439015701413155
255,alpha,,fx_level_z_252,0.03147565573453903
256,beta,momentum,,-0.03380750119686127
256,beta,persist,,0.10111715644598007
256,beta,underwater,,0.022886894643306732
256,B,momentum,kospi_return_1d,-0.006170331966131926
256,B,momentum,fx_level_z_252,-0.004429271444678307
256,B,persist,kospi_return_1d,-0.02509137988090515
256,B,persist,fx_level_z_252,0.0070639257319271564
256,B,underwater,kospi_return_1d,0.0002640197053551674
256,B,underwater,fx_level_z_252,-0.028765490278601646
256,alpha,,kospi_return_1d,0.0205047857016325
256,alpha,,fx_level_z_252,0.031549759209156036
257,beta,momentum,,-0.033824361860752106
257,beta,persist,,0.10108830779790878
257,beta,underwater,,0.02304844744503498
257,B,momentum,kospi_return_1d,-0.0060790469869971275
257,B,momentum,fx_level_z_252,-0.004669471178203821
257,B,persist,kospi_return_1d,-0.025051023811101913
257,B,persist,fx_level_z_252,0.00722547946497798
257,B,underwater,kospi_return_1d,0.00035228035994805396
257,B,underwater,fx_level_z_252,-0.02852965146303177
257,alpha,,kospi_return_1d,0.020658407360315323
257,alpha,,fx_level_z_252,0.031598009169101715
258,beta,momentum,,-0.03382403776049614
258,beta,persist,,0.10105251520872116
258,beta,underwater,,0.023013615980744362
258,B,momentum,kospi_return_1d,-0.006322515197098255
258,B,momentum,fx_level_z_252,-0.004760282579809427
258,B,persist,kospi_return_1d,-0.024962056428194046
258,B,persist,fx_level_z_252,0.007223718333989382
258,B,underwater,kospi_return_1d,0.0005591905792243779
258,B,underwater,fx_level_z_252,-0.02854662574827671
258,alpha,,kospi_return_1d,0.020669981837272644
258,alpha,,fx_level_z_252,0.03160099685192108
259,beta,momentum,,-0.03389953076839447
259,beta,persist,,0.10102517157793045
259,beta,underwater,,0.02308204397559166
259,B,momentum,kospi_return_1d,-0.00647099269554019
259,B,momentum,fx_level_z_252,-0.004806273151189089
259,B,persist,kospi_return_1d,-0.024869952350854874
259,B,persist,fx_level_z_252,0.0069358753971755505
259,B,underwater,kospi_return_1d,0.0006443099118769169
259,B,underwater,fx_level_z_252,-0.028578704223036766
259,alpha,,kospi_return_1d,0.020768024027347565
259,alpha,,fx_level_z_252,0.03169320523738861
260,beta,momentum,,-0.03410385921597481
260,beta,persist,,0.10107428580522537
260,beta,underwater,,0.02317913994193077
260,B,momentum,kospi_return_1d,-0.00669484119862318
260,B,momentum,fx_level_z_252,-0.0047813113778829575
260,B,persist,kospi_return_1d,-0.024906402453780174
260,B,persist,fx_level_z_252,0.0067790537141263485
260,B,underwater,kospi_return_1d,0.0004955100594088435
260,B,underwater,fx_level_z_252,-0.028469491750001907
260,alpha,,kospi_return_1d,0.020774051547050476
260,alpha,,fx_level_z_252,0.03182587772607803
261,beta,momentum,,-0.03431239351630211
261,beta,persist,,0.10123824328184128
261,beta,underwater,,0.023195896297693253
261,B,momentum,kospi_return_1d,-0.0067289466969668865
261,B,momentum,fx_level_z_252,-0.004832383245229721
261,B,persist,kospi_return_1d,-0.024986619129776955
261,B,persist,fx_level_z_252,0.006474744528532028
261,B,underwater,kospi_return_1d,0.00022121728397905827
261,B,underwater,fx_level_z_252,-0.02835635282099247
261,alpha,,kospi_return_1d,0.020786765962839127
261,alpha,,fx_level_z_252,0.03177335113286972
262,beta,momentum,,-0.03440025821328163
262,beta,persist,,0.10136546194553375
262,beta,underwater,,0.02310795709490776
262,B,momentum,kospi_return_1d,-0.006656181532889605
262,B,momentum,fx_level_z_252,-0.0049261050298810005
262,B,persist,kospi_return_1d,-0.025012707337737083
262,B,persist,fx_level_z_252,0.006262009032070637
262,B,underwater,kospi_return_1d,3.0278890335466713e-05
262,B,underwater,fx_level_z_252,-0.028201991692185402
262,alpha,,kospi_return_1d,0.02064870297908783
262,alpha,,fx_level_z_252,0.031630318611860275
263,beta,momentum,,-0.034432366490364075
263,beta,persist,,0.10154111683368683
263,beta,underwater,,0.02305101789534092
263,B,momentum,kospi_return_1d,-0.006751490756869316
263,B,momentum,fx_level_z_252,-0.005127138923853636
263,B,persist,kospi_return_1d,-0.02514767274260521
263,B,persist,fx_level_z_252,0.0061425878666341305
263,B,underwater,kospi_return_1d,3.292262408649549e-05
263,B,underwater,fx_level_z_252,-0.027957428246736526
263,alpha,,kospi_return_1d,0.020504260435700417
263,alpha,,fx_level_z_252,0.03140264004468918
264,beta,momentum,,-0.034377098083496094
264,beta,persist,,0.10170258581638336
264,beta,underwater,,0.022974209859967232
264,B,momentum,kospi_return_1d,-0.006788254249840975
264,B,momentum,fx_level_z_252,-0.0052497778087854385
264,B,persist,kospi_return_1d,-0.025380173698067665
264,B,persist,fx_level_z_252,0.006095434073358774
264,B,underwater,kospi_return_1d,1.3458484318107367e-06
264,B,underwater,fx_level_z_252,-0.02775121107697487
264,alpha,,kospi_return_1d,0.02038697898387909
264,alpha,,fx_level_z_252,0.031233645975589752
265,beta,momentum,,-0.03425895422697067
265,beta,persist,,0.10178957134485245
265,beta,underwater,,0.022704197093844414
265,B,momentum,kospi_return_1d,-0.006745758466422558
265,B,momentum,fx_level_z_252,-0.005315867252647877
265,B,persist,kospi_return_1d,-0.02568415179848671
265,B,persist,fx_level_z_252,0.0060924747958779335
265,B,underwater,kospi_return_1d,-0.0001317196001764387
265,B,underwater,fx_level_z_252,-0.027695007622241974
265,alpha,,kospi_return_1d,0.02053341642022133
265,alpha,,fx_level_z_252,0.03105037473142147
266,beta,momentum,,-0.03409816697239876
266,beta,persist,,0.10183709859848022
266,beta,underwater,,0.022377945482730865
266,B,momentum,kospi_return_1d,-0.006590474862605333
266,B,momentum,fx_level_z_252,-0.005193485412746668
266,B,persist,kospi_return_1d,-0.025995753705501556
266,B,persist,fx_level_z_252,0.006145324092358351
266,B,underwater,kospi_return_1d,-0.0001809502427931875
266,B,underwater,fx_level_z_252,-0.027795961126685143
266,alpha,,kospi_return_1d,0.02074918895959854
266,alpha,,fx_level_z_252,0.030990609899163246
267,beta,momentum,,-0.03392506018280983
267,beta,persist,,0.10185705870389938
267,beta,underwater,,0.022196730598807335
267,B,momentum,kospi_return_1d,-0.00629277341067791
267,B,momentum,fx_level_z_252,-0.005197416990995407
267,B,persist,kospi_return_1d,-0.02628146857023239
267,B,persist,fx_level_z_252,0.00641305185854435
267,B,underwater,kospi_return_1d,-0.00013856682926416397
267,B,underwater,fx_level_z_252,-0.027769673615694046
267,alpha,,kospi_return_1d,0.021030083298683167
267,alpha,,fx_level_z_252,0.03094112128019333
268,beta,momentum,,-0.033872559666633606
268,beta,persist,,0.10192222148180008
268,beta,underwater,,0.022025668993592262
268,B,momentum,kospi_return_1d,-0.006135875359177589
268,B,momentum,fx_level_z_252,-0.005086797755211592
268,B,persist,kospi_return_1d,-0.026511557400226593
268,B,persist,fx_level_z_252,0.00651224609464407
268,B,underwater,kospi_return_1d,6.182734068715945e-05
268,B,underwater,fx_level_z_252,-0.02796178124845028
268,alpha,,kospi_return_1d,0.021300993859767914
268,alpha,,fx_level_z_252,0.030843088403344154
269,beta,momentum,,-0.03401228412985802
269,beta,persist,,0.10198790580034256
269,beta,underwater,,0.021941877901554108
269,B,momentum,kospi_return_1d,-0.0060625202022492886
269,B,momentum,fx_level_z_252,-0.004822036251425743
269,B,persist,kospi_return_1d,-0.026479482650756836
269,B,persist,fx_level_z_252,0.006557582877576351
269,B,underwater,kospi_return_1d,0.00023318600142374635
269,B,underwater,fx_level_z_252,-0.028238538652658463
269,alpha,,kospi_return_1d,0.02158360183238983
269,alpha,,fx_level_z_252,0.030814703553915024
270,beta,momentum,,-0.03397172689437866
270,beta,persist,,0.10206279158592224
270,beta,underwater,,0.021798713132739067
270,B,momentum,kospi_return_1d,-0.00619261572137475
270,B,momentum,fx_level_z_252,-0.004619315732270479
270,B,persist,kospi_return_1d,-0.026242490857839584
270,B,persist,fx_level_z_252,0.00648178905248642
270,B,underwater,kospi_return_1d,0.0005285226507112384
270,B,underwater,fx_level_z_252,-0.02871750108897686
270,alpha,,kospi_return_1d,0.021848421543836594
270,alpha,,fx_level_z_252,0.0308169424533844
271,beta,momentum,,-0.03394118696451187
271,beta,persist,,0.10223604738712311
271,beta,underwater,,0.021833525970578194
271,B,momentum,kospi_return_1d,-0.0062828208319842815
271,B,momentum,fx_level_z_252,-0.004589671269059181
271,B,persist,kospi_return_1d,-0.025885412469506264
271,B,persist,fx_level_z_252,0.0064165941439569
271,B,underwater,kospi_return_1d,0.0005663352203555405
271,B,underwater,fx_level_z_252,-0.028951898217201233
271,alpha,,kospi_return_1d,0.02193247713148594
271,alpha,,fx_level_z_252,0.03084063157439232
272,beta,momentum,,-0.0338565930724144
272,beta,persist,,0.10247384011745453
272,beta,underwater,,0.0219154953956604
272,B,momentum,kospi_return_1d,-0.006348832976073027
272,B,momentum,fx_level_z_252,-0.004684009589254856
272,B,persist,kospi_return_1d,-0.02554158866405487
272,B,persist,fx_level_z_252,0.006466470193117857
272,B,underwater,kospi_return_1d,0.0004861166817136109
272,B,underwater,fx_level_z_252,-0.02900700271129608
272,alpha,,kospi_return_1d,0.02185845747590065
272,alpha,,fx_level_z_252,0.03085355833172798
273,beta,momentum,,-0.033759377896785736
273,beta,persist,,0.10264857858419418
273,beta,underwater,,0.022025061771273613
273,B,momentum,kospi_return_1d,-0.0064962999895215034
273,B,momentum,fx_level_z_252,-0.004691161215305328
273,B,persist,kospi_return_1d,-0.025100458413362503
273,B,persist,fx_level_z_252,0.0064664422534406185
273,B,underwater,kospi_return_1d,0.0005368957063183188
273,B,underwater,fx_level_z_252,-0.02907460369169712
273,alpha,,kospi_return_1d,0.02173992618918419
273,alpha,,fx_level_z_252,0.030834708362817764
274,beta,momentum,,-0.03357458487153053
274,beta,persist,,0.10280318558216095
274,beta,underwater,,0.022133296355605125
274,B,momentum,kospi_return_1d,-0.0066529237665236
274,B,momentum,fx_level_z_252,-0.0047319442965090275
274,B,persist,kospi_return_1d,-0.02478635497391224
274,B,persist,fx_level_z_252,0.006150159053504467
274,B,underwater,kospi_return_1d,0.00042071554344147444
274,B,underwater,fx_level_z_252,-0.029197348281741142
274,alpha,,kospi_return_1d,0.021756168454885483
274,alpha,,fx_level_z_252,0.030688758939504623
275,beta,momentum,,-0.033497050404548645
275,beta,persist,,0.10304771363735199
275,beta,underwater,,0.022313961759209633
275,B,momentum,kospi_return_1d,-0.00669615063816309
275,B,momentum,fx_level_z_252,-0.00480240723118186
275,B,persist,kospi_return_1d,-0.02446954883635044
275,B,persist,fx_level_z_252,0.005800463724881411
275,B,underwater,kospi_return_1d,0.00021078468125779182
275,B,underwater,fx_level_z_252,-0.029235512018203735
275,alpha,,kospi_return_1d,0.02161594294011593
275,alpha,,fx_level_z_252,0.030462443828582764
276,beta,momentum,,-0.03335593640804291
276,beta,persist,,0.10312093049287796
276,beta,underwater,,0.022425174713134766
276,B,momentum,kospi_return_1d,-0.006867656018584967
276,B,momentum,fx_level_z_252,-0.004617324098944664
276,B,persist,kospi_return_1d,-0.024076664820313454
276,B,persist,fx_level_z_252,0.005576538387686014
276,B,underwater,kospi_return_1d,0.00013421964831650257
276,B,underwater,fx_level_z_252,-0.029301324859261513
276,alpha,,kospi_return_1d,0.021495990455150604
276,alpha,,fx_level_z_252,0.030480969697237015
277,beta,momentum,,-0.03316861763596535
277,beta,persist,,0.10311859101057053
277,beta,underwater,,0.022474555298686028
277,B,momentum,kospi_return_1d,-0.007060800213366747
277,B,momentum,fx_level_z_252,-0.004477847833186388
277,B,persist,kospi_return_1d,-0.023658275604248047
277,B,persist,fx_level_z_252,0.005444763228297234
277,B,underwater,kospi_return_1d,-3.1607458367943764e-05
277,B,underwater,fx_level_z_252,-0.02943623997271061
277,alpha,,kospi_return_1d,0.021553579717874527
277,alpha,,fx_level_z_252,0.030382024124264717
278,beta,momentum,,-0.03303752839565277
278,beta,persist,,0.10297169536352158
278,beta,underwater,,0.022503260523080826
278,B,momentum,kospi_return_1d,-0.007130329962819815
278,B,momentum,fx_level_z_252,-0.004407793749123812
278,B,persist,kospi_return_1d,-0.023501742631196976
278,B,persist,fx_level_z_252,0.0053678639233112335
278,B,underwater,kospi_return_1d,-0.0003718703519552946
278,B,underwater,fx_level_z_252,-0.029573766514658928
278,alpha,,kospi_return_1d,0.021734105423092842
278,alpha,,fx_level_z_252,0.030356047675013542
279,beta,momentum,,-0.03290706127882004
279,beta,persist,,0.10284692794084549
279,beta,underwater,,0.02258598431944847
279,B,momentum,kospi_return_1d,-0.007293406408280134
279,B,momentum,fx_level_z_252,-0.004320416133850813
279,B,persist,kospi_return_1d,-0.02330654487013817
279,B,persist,fx_level_z_252,0.005272467155009508
279,B,underwater,kospi_return_1d,-0.0006056380225345492
279,B,underwater,fx_level_z_252,-0.02983580157160759
279,alpha,,kospi_return_1d,0.021903270855545998
279,alpha,,fx_level_z_252,0.030365820974111557
280,beta,momentum,,-0.03266637399792671
280,beta,persist,,0.10266830027103424
280,beta,underwater,,0.02271079272031784
280,B,momentum,kospi_return_1d,-0.00737634114921093
280,B,momentum,fx_level_z_252,-0.004570695571601391
280,B,persist,kospi_return_1d,-0.023296143859624863
280,B,persist,fx_level_z_252,0.005542334634810686
280,B,underwater,kospi_return_1d,-0.0008968433830887079
280,B,underwater,fx_level_z_252,-0.029650339856743813
280,alpha,,kospi_return_1d,0.022035649046301842
280,alpha,,fx_level_z_252,0.030523983761668205
281,beta,momentum,,-0.03250827267765999
281,beta,persist,,0.10254447162151337
281,beta,underwater,,0.022890737280249596
281,B,momentum,kospi_return_1d,-0.007298843935132027
281,B,momentum,fx_level_z_252,-0.004790174774825573
281,B,persist,kospi_return_1d,-0.023419685661792755
281,B,persist,fx_level_z_252,0.00589382229372859
281,B,underwater,kospi_return_1d,-0.000980227254331112
281,B,underwater,fx_level_z_252,-0.029391970485448837
281,alpha,,kospi_return_1d,0.02197253331542015
281,alpha,,fx_level_z_252,0.030762942507863045
282,beta,momentum,,-0.03233158960938454
282,beta,persist,,0.10233719646930695
282,beta,underwater,,0.022902419790625572
282,B,momentum,kospi_return_1d,-0.00730469124391675
282,B,momentum,fx_level_z_252,-0.0049245646223425865
282,B,persist,kospi_return_1d,-0.023547152057290077
282,B,persist,fx_level_z_252,0.006172270514070988
282,B,underwater,kospi_return_1d,-0.001144680194556713
282,B,underwater,fx_level_z_252,-0.02920464240014553
282,alpha,,kospi_return_1d,0.022023407742381096
282,alpha,,fx_level_z_252,0.03098311834037304
283,beta,momentum,,-0.03216169774532318
283,beta,persist,,0.10214972496032715
283,beta,underwater,,0.02298402227461338
283,B,momentum,kospi_return_1d,-0.007351952139288187
283,B,momentum,fx_level_z_252,-0.005022090394049883
283,B,persist,kospi_return_1d,-0.023615632206201553
283,B,persist,fx_level_z_252,0.006445755250751972
283,B,underwater,kospi_return_1d,-0.0011546883033588529
283,B,underwater,fx_level_z_252,-0.028969386592507362
283,alpha,,kospi_return_1d,0.021994661539793015
283,alpha,,fx_level_z_252,0.03135908767580986
284,beta,momentum,,-0.03215890750288963
284,beta,persist,,0.10202198475599289
284,beta,underwater,,0.023193012923002243
284,B,momentum,kospi_return_1d,-0.007296986877918243
284,B,momentum,fx_level_z_252,-0.005041924770921469
284,B,persist,kospi_return_1d,-0.023619497194886208
284,B,persist,fx_level_z_252,0.006708385888487101
284,B,underwater,kospi_return_1d,-0.001074779313057661
284,B,underwater,fx_level_z_252,-0.0287599079310894
284,alpha,,kospi_return_1d,0.022044597193598747
284,alpha,,fx_level_z_252,0.03173883259296417
285,beta,momentum,,-0.032182298600673676
285,beta,persist,,0.10185706615447998
285,beta,underwater,,0.02330809272825718
285,B,momentum,kospi_return_1d,-0.007316479925066233
285,B,momentum,fx_level_z_252,-0.00506019638851285
285,B,persist,kospi_return_1d,-0.02353932335972786
285,B,persist,fx_level_z_252,0.006929351948201656
285,B,underwater,kospi_return_1d,-0.0008610702934674919
285,B,underwater,fx_level_z_252,-0.028615569695830345
285,alpha,,kospi_return_1d,0.02227417752146721
285,alpha,,fx_level_z_252,0.03197961300611496
286,beta,momentum,,-0.032403141260147095
286,beta,persist,,0.10177575796842575
286,beta,underwater,,0.023527182638645172
286,B,momentum,kospi_return_1d,-0.0075126951560378075
286,B,momentum,fx_level_z_252,-0.004882501903921366
286,B,persist,kospi_return_1d,-0.023471353575587273
286,B,persist,fx_level_z_252,0.007171671371906996
286,B,underwater,kospi_return_1d,-0.000620839127805084
286,B,underwater,fx_level_z_252,-0.028527291491627693
286,alpha,,kospi_return_1d,0.022569112479686737
286,alpha,,fx_level_z_252,0.03217039629817009
287,beta,momentum,,-0.03280189633369446
287,beta,persist,,0.1017717570066452
287,beta,underwater,,0.023867039009928703
287,B,momentum,kospi_return_1d,-0.007509241346269846
287,B,momentum,fx_level_z_252,-0.004640568047761917
287,B,persist,kospi_return_1d,-0.023500118404626846
287,B,persist,fx_level_z_252,0.0073662567883729935
287,B,underwater,kospi_return_1d,-0.0004975870251655579
287,B,underwater,fx_level_z_252,-0.02836509793996811
287,alpha,,kospi_return_1d,0.02275613695383072
287,alpha,,fx_level_z_252,0.032379165291786194
288,beta,momentum,,-0.03313985466957092
288,beta,persist,,0.10183988511562347
288,beta,underwater,,0.024187110364437103
288,B,momentum,kospi_return_1d,-0.0074476213194429874
288,B,momentum,fx_level_z_252,-0.004480139818042517
288,B,persist,kospi_return_1d,-0.023581981658935547
288,B,persist,fx_level_z_252,0.00748531986027956
288,B,underwater,kospi_return_1d,-0.0003744673158507794
288,B,underwater,fx_level_z_252,-0.02818205952644348
288,alpha,,kospi_return_1d,0.022937549278140068
288,alpha,,fx_level_z_252,0.03259529545903206
289,beta,momentum,,-0.033364713191986084
289,beta,persist,,0.10192845016717911
289,beta,underwater,,0.024478962644934654
289,B,momentum,kospi_return_1d,-0.0074006072245538235
289,B,momentum,fx_level_z_252,-0.004602107219398022
289,B,persist,kospi_return_1d,-0.02371501922607422
289,B,persist,fx_level_z_252,0.007644344121217728
289,B,underwater,kospi_return_1d,-0.00022118433844298124
289,B,underwater,fx_level_z_252,-0.027873698621988297
289,alpha,,kospi_return_1d,0.022863812744617462
289,alpha,,fx_level_z_252,0.03262094408273697
290,beta,momentum,,-0.03356827050447464
290,beta,persist,,0.1019996851682663
290,beta,underwater,,0.024664277210831642
290,B,momentum,kospi_return_1d,-0.007513468619436026
290,B,momentum,fx_level_z_252,-0.004520340822637081
290,B,persist,kospi_return_1d,-0.02366405725479126
290,B,persist,fx_level_z_252,0.007701970636844635
290,B,underwater,kospi_return_1d,0.00011037735384888947
290,B,underwater,fx_level_z_252,-0.027641475200653076
290,alpha,,kospi_return_1d,0.022656019777059555
290,alpha,,fx_level_z_252,0.03261635825037956
291,beta,momentum,,-0.03372599184513092
291,beta,persist,,0.10196241736412048
291,beta,underwater,,0.02465370111167431
291,B,momentum,kospi_return_1d,-0.007469266653060913
291,B,momentum,fx_level_z_252,-0.004224081989377737
291,B,persist,kospi_return_1d,-0.023589428514242172
291,B,persist,fx_level_z_252,0.0076366751454770565
291,B,underwater,kospi_return_1d,0.00032506324350833893
291,B,underwater,fx_level_z_252,-0.027651309967041016
291,alpha,,kospi_return_1d,0.022612983360886574
291,alpha,,fx_level_z_252,0.03254895657300949
292,beta,momentum,,-0.03383902087807655
292,beta,persist,,0.10195660591125488
292,beta,underwater,,0.024594895541667938
292,B,momentum,kospi_return_1d,-0.007523493375629187
292,B,momentum,fx_level_z_252,-0.003982498776167631
292,B,persist,kospi_return_1d,-0.023413240909576416
292,B,persist,fx_level_z_252,0.007436742074787617
292,B,underwater,kospi_return_1d,0.0005063628777861595
292,B,underwater,fx_level_z_252,-0.027764128521084785
292,alpha,,kospi_return_1d,0.022693006321787834
292,alpha,,fx_level_z_252,0.032556768506765366
293,beta,momentum,,-0.033972904086112976
293,beta,persist,,0.10194128751754761
293,beta,underwater,,0.024574099108576775
293,B,momentum,kospi_return_1d,-0.007347247563302517
293,B,momentum,fx_level_z_252,-0.0039156051352620125
293,B,persist,kospi_return_1d,-0.023428739979863167
293,B,persist,fx_level_z_252,0.007395448163151741
293,B,underwater,kospi_return_1d,0.00036369491135701537
293,B,underwater,fx_level_z_252,-0.027669131755828857
293,alpha,,kospi_return_1d,0.02275210991501808
293,alpha,,fx_level_z_252,0.03251390531659126
294,beta,momentum,,-0.03402095288038254
294,beta,persist,,0.10192639380693436
294,beta,underwater,,0.024529188871383667
294,B,momentum,kospi_return_1d,-0.007349020801484585
294,B,momentum,fx_level_z_252,-0.0040312474593520164
294,B,persist,kospi_return_1d,-0.02349727973341942
294,B,persist,fx_level_z_252,0.007545968517661095
294,B,underwater,kospi_return_1d,0.00019379847799427807
294,B,underwater,fx_level_z_252,-0.027346722781658173
294,alpha,,kospi_return_1d,0.02269316464662552
294,alpha,,fx_level_z_252,0.03248666599392891
295,beta,momentum,,-0.034090060740709305
295,beta,persist,,0.10189292579889297
295,beta,underwater,,0.024547554552555084
295,B,momentum,kospi_return_1d,-0.00721755251288414
295,B,momentum,fx_level_z_252,-0.004190618637949228
295,B,persist,kospi_return_1d,-0.0236368291079998
295,B,persist,fx_level_z_252,0.007737359963357449
295,B,underwater,kospi_return_1d,-0.00012894338578917086
295,B,underwater,fx_level_z_252,-0.02702918089926243
295,alpha,,kospi_return_1d,0.0226611215621233
295,alpha,,fx_level_z_252,0.032384369522333145
296,beta,momentum,,-0.03403451293706894
296,beta,persist,,0.1017991453409195
296,beta,underwater,,0.024478720501065254
296,B,momentum,kospi_return_1d,-0.007130422163754702
296,B,momentum,fx_level_z_252,-0.004233068320900202
296,B,persist,kospi_return_1d,-0.023635538294911385
296,B,persist,fx_level_z_252,0.00787295401096344
296,B,underwater,kospi_return_1d,-0.000391263427445665
296,B,underwater,fx_level_z_252,-0.02683400735259056
296,alpha,,kospi_return_1d,0.022722676396369934
296,alpha,,fx_level_z_252,0.03216373920440674
297,beta,momentum,,-0.0338437557220459
297,beta,persist,,0.10170147567987442
297,beta,underwater,,0.024306656792759895
297,B,momentum,kospi_return_1d,-0.007031562738120556
297,B,momentum,fx_level_z_252,-0.004324998240917921
297,B,persist,kospi_return_1d,-0.0237408597022295
297,B,persist,fx_level_z_252,0.007958486676216125
297,B,underwater,kospi_return_1d,-0.000578392471652478
297,B,underwater,fx_level_z_252,-0.0267763864248991
297,alpha,,kospi_return_1d,0.02260170876979828
297,alpha,,fx_level_z_252,0.031798671931028366
298,beta,momentum,,-0.033670131117105484
298,beta,persist,,0.10158216953277588
298,beta,underwater,,0.02401435188949108
298,B,momentum,kospi_return_1d,-0.006844894029200077
298,B,momentum,fx_level_z_252,-0.004479117225855589
298,B,persist,kospi_return_1d,-0.02391345053911209
298,B,persist,fx_level_z_252,0.00820766668766737
298,B,underwater,kospi_return_1d,-0.0005457716761156917
298,B,underwater,fx_level_z_252,-0.026806924492120743
298,alpha,,kospi_return_1d,0.022542092949151993
298,alpha,,fx_level_z_252,0.03162837401032448
299,beta,momentum,,-0.03345901519060135
299,beta,persist,,0.10134155303239822
299,beta,underwater,,0.023748397827148438
299,B,momentum,kospi_return_1d,-0.006747447419911623
299,B,momentum,fx_level_z_252,-0.004520150367170572
299,B,persist,kospi_return_1d,-0.02410651184618473
299,B,persist,fx_level_z_252,0.008514801040291786
299,B,underwater,kospi_return_1d,-0.0004565081908367574
299,B,underwater,fx_level_z_252,-0.026966892182826996
299,alpha,,kospi_return_1d,0.022555138915777206
299,alpha,,fx_level_z_252,0.03156351298093796
300,beta,momentum,,-0.03328113257884979
300,beta,persist,,0.10112352669239044
300,beta,underwater,,0.02342771738767624
300,B,momentum,kospi_return_1d,-0.006831364706158638
300,B,momentum,fx_level_z_252,-0.004650202579796314
300,B,persist,kospi_return_1d,-0.024357622489333153
300,B,persist,fx_level_z_252,0.008808847516775131
300,B,underwater,kospi_return_1d,-0.00024512497475370765
300,B,underwater,fx_level_z_252,-0.027037134394049644
300,alpha,,kospi_return_1d,0.02272087149322033
300,alpha,,fx_level_z_252,0.031272441148757935
