experiment,epochs,batch_size,learning_rate,lambda_l1,investor,accuracy_mean,accuracy_std,macro_f1_mean,macro_f1_std,nll_mean,nll_std,accuracy_rank,nll_rank
ep_35_bs_2048_lr_0p00125_l1_0p01,35,2048,0.00125,0.01,foreign,0.6301981032788505,0.030349348221654894,0.6174405516772665,0.03519179323549161,0.6651344524489509,0.015530735520306432,1.0,1.0
ep_15_bs_2048_lr_0p0005_l1_0p01,15,2048,0.0005,0.01,institution,0.5456684168600019,0.032360814694318854,0.53556686452348,0.03491625808122243,0.6923019210497539,0.0015612984071152558,1.0,11.0
ep_30_bs_2048_lr_0p00125_l1_0p01,30,2048,0.00125,0.01,retail,0.5985608875399027,0.05051026592451662,0.5850712675371486,0.05290696430109574,0.6791753729184469,0.012853258882181797,1.0,2.0
