experiment,epochs,learning_rate,lambda_l1,investor,accuracy_mean,accuracy_std,macro_f1_mean,macro_f1_std,nll_mean,nll_std,accuracy_rank,nll_rank
lr_0p001_l1_0p01,50,0.001,0.01,foreign,0.6356475424610858,0.032020379026581475,0.6199215664006528,0.03953825315487484,0.6505080077383253,0.028445235949276962,1.0,6.0
lr_0p001_l1_0p0001,50,0.001,0.0001,institution,0.5338078043504806,0.03283605632712888,0.5235607970095791,0.031549101254952076,0.6989051673147414,0.013150132345449417,1.0,5.0
lr_0p001_l1_0p0003,50,0.001,0.0003,retail,0.595110506393148,0.050424018385353875,0.5800740519228406,0.05434908745311141,0.6790731694963243,0.026663205495935732,1.0,4.0
