epoch,parameter,feature,context,weight
0,beta,momentum,,0.0
0,beta,persist,,0.0
0,beta,underwater,,0.0
0,B,momentum,kospi_return_1d,0.0
0,B,momentum,fx_level_z_252,0.0
0,B,persist,kospi_return_1d,0.0
0,B,persist,fx_level_z_252,0.0
0,B,underwater,kospi_return_1d,0.0
0,B,underwater,fx_level_z_252,0.0
0,alpha,,kospi_return_1d,0.0
0,alpha,,fx_level_z_252,0.0
1,beta,momentum,,-0.0020008340943604708
1,beta,persist,,0.001994510181248188
1,beta,underwater,,0.0020011989399790764
1,B,momentum,kospi_return_1d,-0.0005051822517998517
1,B,momentum,fx_level_z_252,0.0020013474859297276
1,B,persist,kospi_return_1d,0.00031563284574076533
1,B,persist,fx_level_z_252,-0.0019977923948317766
1,B,underwater,kospi_return_1d,-0.0017647752538323402
1,B,underwater,fx_level_z_252,-0.0019337646663188934
1,alpha,,kospi_return_1d,-0.001971774734556675
1,alpha,,fx_level_z_252,0.001994661521166563
2,beta,momentum,,-0.003982335329055786
2,beta,persist,,0.0039784773252904415
2,beta,underwater,,0.003983127418905497
2,B,momentum,kospi_return_1d,0.00027724550454877317
2,B,momentum,fx_level_z_252,0.003946706186980009
2,B,persist,kospi_return_1d,-0.000804918585345149
2,B,persist,fx_level_z_252,-0.0039657112210989
2,B,underwater,kospi_return_1d,-0.003175897989422083
2,B,underwater,fx_level_z_252,-0.0038213860243558884
2,alpha,,kospi_return_1d,-0.003857273608446121
2,alpha,,fx_level_z_252,0.00397595576941967
3,beta,momentum,,-0.005914905574172735
3,beta,persist,,0.005953580141067505
3,beta,underwater,,0.005920634604990482
3,B,momentum,kospi_return_1d,0.0004932824522256851
3,B,momentum,fx_level_z_252,0.005835984833538532
3,B,persist,kospi_return_1d,-0.0012435331009328365
3,B,persist,fx_level_z_252,-0.0059135304763913155
3,B,underwater,kospi_return_1d,-0.00425680773332715
3,B,underwater,fx_level_z_252,-0.0056930729188025
3,alpha,,kospi_return_1d,-0.005675934255123138
3,alpha,,fx_level_z_252,0.005926282610744238
4,beta,momentum,,-0.007797807455062866
4,beta,persist,,0.007922649383544922
4,beta,underwater,,0.00780867226421833
4,B,momentum,kospi_return_1d,0.0005309504922479391
4,B,momentum,fx_level_z_252,0.007695809472352266
4,B,persist,kospi_return_1d,-0.0013149367878213525
4,B,persist,fx_level_z_252,-0.00781428162008524
4,B,underwater,kospi_return_1d,-0.004818733781576157
4,B,underwater,fx_level_z_252,-0.007513599004596472
4,alpha,,kospi_return_1d,-0.007463514339178801
4,alpha,,fx_level_z_252,0.00782099086791277
5,beta,momentum,,-0.00968685932457447
5,beta,persist,,0.00988680962473154
5,beta,underwater,,0.009705016389489174
5,B,momentum,kospi_return_1d,0.0002225989883299917
5,B,momentum,fx_level_z_252,0.009481789544224739
5,B,persist,kospi_return_1d,-0.0010008553508669138
5,B,persist,fx_level_z_252,-0.009615873917937279
5,B,underwater,kospi_return_1d,-0.004979556892067194
5,B,underwater,fx_level_z_252,-0.009191910736262798
5,alpha,,kospi_return_1d,-0.009192785248160362
5,alpha,,fx_level_z_252,0.00972580537199974
6,beta,momentum,,-0.011554263532161713
6,beta,persist,,0.011834206059575081
6,beta,underwater,,0.011568686924874783
6,B,momentum,kospi_return_1d,-0.00012439608690328896
6,B,momentum,fx_level_z_252,0.011201301589608192
6,B,persist,kospi_return_1d,-0.0008734517614357173
6,B,persist,fx_level_z_252,-0.011365051381289959
6,B,underwater,kospi_return_1d,-0.005140708293765783
6,B,underwater,fx_level_z_252,-0.010811912827193737
6,alpha,,kospi_return_1d,-0.010829824022948742
6,alpha,,fx_level_z_252,0.01160462573170662
7,beta,momentum,,-0.013371123932301998
7,beta,persist,,0.013748236000537872
7,beta,underwater,,0.013378600589931011
7,B,momentum,kospi_return_1d,-0.00019196172070223838
7,B,momentum,fx_level_z_252,0.012811589986085892
7,B,persist,kospi_return_1d,-0.0007046678219921887
7,B,persist,fx_level_z_252,-0.012910649180412292
7,B,underwater,kospi_return_1d,-0.005170024465769529
7,B,underwater,fx_level_z_252,-0.012369045987725258
7,alpha,,kospi_return_1d,-0.012309160083532333
7,alpha,,fx_level_z_252,0.013453877530992031
8,beta,momentum,,-0.015132486820220947
8,beta,persist,,0.0156405009329319
8,beta,underwater,,0.015134088695049286
8,B,momentum,kospi_return_1d,0.00016028611571528018
8,B,momentum,fx_level_z_252,0.014182659797370434
8,B,persist,kospi_return_1d,-0.0008896797080524266
8,B,persist,fx_level_z_252,-0.014149312861263752
8,B,underwater,kospi_return_1d,-0.005341705866158009
8,B,underwater,fx_level_z_252,-0.013768347911536694
8,alpha,,kospi_return_1d,-0.013614734634757042
8,alpha,,fx_level_z_252,0.015252649784088135
9,beta,momentum,,-0.01685188338160515
9,beta,persist,,0.017498452216386795
9,beta,underwater,,0.01683053746819496
9,B,momentum,kospi_return_1d,0.0005690257530659437
9,B,momentum,fx_level_z_252,0.015448290854692459
9,B,persist,kospi_return_1d,-0.0010829492239281535
9,B,persist,fx_level_z_252,-0.015262098051607609
9,B,underwater,kospi_return_1d,-0.005412282422184944
9,B,underwater,fx_level_z_252,-0.015040088444948196
9,alpha,,kospi_return_1d,-0.014800472185015678
9,alpha,,fx_level_z_252,0.01697707176208496
10,beta,momentum,,-0.018504468724131584
10,beta,persist,,0.019320441409945488
10,beta,underwater,,0.01847769133746624
10,B,momentum,kospi_return_1d,0.0010074087185785174
10,B,momentum,fx_level_z_252,0.016525615006685257
10,B,persist,kospi_return_1d,-0.0013402997283264995
10,B,persist,fx_level_z_252,-0.016190143302083015
10,B,underwater,kospi_return_1d,-0.005389764904975891
10,B,underwater,fx_level_z_252,-0.01607542857527733
10,alpha,,kospi_return_1d,-0.015908140689134598
10,alpha,,fx_level_z_252,0.018630627542734146
11,beta,momentum,,-0.020091630518436432
11,beta,persist,,0.021121544763445854
11,beta,underwater,,0.020058300346136093
11,B,momentum,kospi_return_1d,0.001393565908074379
11,B,momentum,fx_level_z_252,0.017321331426501274
11,B,persist,kospi_return_1d,-0.0017279856838285923
11,B,persist,fx_level_z_252,-0.01699516549706459
11,B,underwater,kospi_return_1d,-0.005370781756937504
11,B,underwater,fx_level_z_252,-0.01697215810418129
11,alpha,,kospi_return_1d,-0.016806447878479958
11,alpha,,fx_level_z_252,0.020245708525180817
12,beta,momentum,,-0.02159704826772213
12,beta,persist,,0.022890938445925713
12,beta,underwater,,0.021544285118579865
12,B,momentum,kospi_return_1d,0.0018925920594483614
12,B,momentum,fx_level_z_252,0.017849087715148926
12,B,persist,kospi_return_1d,-0.002176463371142745
12,B,persist,fx_level_z_252,-0.01763088069856167
12,B,underwater,kospi_return_1d,-0.005460327956825495
12,B,underwater,fx_level_z_252,-0.01773056946694851
12,alpha,,kospi_return_1d,-0.017569370567798615
12,alpha,,fx_level_z_252,0.021800914779305458
13,beta,momentum,,-0.023020369932055473
13,beta,persist,,0.024621684104204178
13,beta,underwater,,0.0229286327958107
13,B,momentum,kospi_return_1d,0.0021883114241063595
13,B,momentum,fx_level_z_252,0.0182587169110775
13,B,persist,kospi_return_1d,-0.002404314000159502
13,B,persist,fx_level_z_252,-0.01813453622162342
13,B,underwater,kospi_return_1d,-0.005235775373876095
13,B,underwater,fx_level_z_252,-0.01847364939749241
13,alpha,,kospi_return_1d,-0.01817411184310913
13,alpha,,fx_level_z_252,0.023261386901140213
14,beta,momentum,,-0.024340324103832245
14,beta,persist,,0.026288874447345734
14,beta,underwater,,0.02422628365457058
14,B,momentum,kospi_return_1d,0.0024182198103517294
14,B,momentum,fx_level_z_252,0.018394701182842255
14,B,persist,kospi_return_1d,-0.002587837167084217
14,B,persist,fx_level_z_252,-0.018459223210811615
14,B,underwater,kospi_return_1d,-0.004895338322967291
14,B,underwater,fx_level_z_252,-0.019064487889409065
14,alpha,,kospi_return_1d,-0.01851090043783188
14,alpha,,fx_level_z_252,0.024668410420417786
15,beta,momentum,,-0.025595160201191902
15,beta,persist,,0.02793538197875023
15,beta,underwater,,0.025479096919298172
15,B,momentum,kospi_return_1d,0.0025259635876864195
15,B,momentum,fx_level_z_252,0.0183169674128294
15,B,persist,kospi_return_1d,-0.0027761710807681084
15,B,persist,fx_level_z_252,-0.018694018945097923
15,B,underwater,kospi_return_1d,-0.0044408394023776054
15,B,underwater,fx_level_z_252,-0.019491540268063545
15,alpha,,kospi_return_1d,-0.01879742555320263
15,alpha,,fx_level_z_252,0.025984667241573334
16,beta,momentum,,-0.026764079928398132
16,beta,persist,,0.0295498576015234
16,beta,underwater,,0.026663988828659058
16,B,momentum,kospi_return_1d,0.002740604570135474
16,B,momentum,fx_level_z_252,0.018013056367635727
16,B,persist,kospi_return_1d,-0.0029904658440500498
16,B,persist,fx_level_z_252,-0.018766021355986595
16,B,underwater,kospi_return_1d,-0.003963925875723362
16,B,underwater,fx_level_z_252,-0.019730282947421074
16,alpha,,kospi_return_1d,-0.018852580338716507
16,alpha,,fx_level_z_252,0.027235131710767746
17,beta,momentum,,-0.027849702164530754
17,beta,persist,,0.03113546222448349
17,beta,underwater,,0.027780571952462196
17,B,momentum,kospi_return_1d,0.0030060873832553625
17,B,momentum,fx_level_z_252,0.017480982467532158
17,B,persist,kospi_return_1d,-0.0032206920441240072
17,B,persist,fx_level_z_252,-0.01865585520863533
17,B,underwater,kospi_return_1d,-0.0034695432987064123
17,B,underwater,fx_level_z_252,-0.019775591790676117
17,alpha,,kospi_return_1d,-0.01873725838959217
17,alpha,,fx_level_z_252,0.028365710750222206
18,beta,momentum,,-0.02885512448847294
18,beta,persist,,0.03267780691385269
18,beta,underwater,,0.028785070404410362
18,B,momentum,kospi_return_1d,0.0032824259251356125
18,B,momentum,fx_level_z_252,0.016817258670926094
18,B,persist,kospi_return_1d,-0.0036581428721547127
18,B,persist,fx_level_z_252,-0.01823532208800316
18,B,underwater,kospi_return_1d,-0.003163756802678108
18,B,underwater,fx_level_z_252,-0.019731443375349045
18,alpha,,kospi_return_1d,-0.018431203439831734
18,alpha,,fx_level_z_252,0.02942931093275547
19,beta,momentum,,-0.02975105307996273
19,beta,persist,,0.03420272096991539
19,beta,underwater,,0.029709262773394585
19,B,momentum,kospi_return_1d,0.0036009852774441242
19,B,momentum,fx_level_z_252,0.016064230352640152
19,B,persist,kospi_return_1d,-0.0039750016294419765
19,B,persist,fx_level_z_252,-0.017664296552538872
19,B,underwater,kospi_return_1d,-0.002716532675549388
19,B,underwater,fx_level_z_252,-0.01970098353922367
19,alpha,,kospi_return_1d,-0.017978478223085403
19,alpha,,fx_level_z_252,0.030416779220104218
20,beta,momentum,,-0.030564215034246445
20,beta,persist,,0.03568277508020401
20,beta,underwater,,0.030517378821969032
20,B,momentum,kospi_return_1d,0.003893168643116951
20,B,momentum,fx_level_z_252,0.015330350957810879
20,B,persist,kospi_return_1d,-0.004109708126634359
20,B,persist,fx_level_z_252,-0.017142251133918762
20,B,underwater,kospi_return_1d,-0.0021891670767217875
20,B,underwater,fx_level_z_252,-0.01988930068910122
20,alpha,,kospi_return_1d,-0.017255887389183044
20,alpha,,fx_level_z_252,0.03134308010339737
21,beta,momentum,,-0.031318627297878265
21,beta,persist,,0.037146106362342834
21,beta,underwater,,0.031254224479198456
21,B,momentum,kospi_return_1d,0.003995101898908615
21,B,momentum,fx_level_z_252,0.014585797674953938
21,B,persist,kospi_return_1d,-0.004183564335107803
21,B,persist,fx_level_z_252,-0.016726847738027573
21,B,underwater,kospi_return_1d,-0.0015788651071488857
21,B,underwater,fx_level_z_252,-0.020284999161958694
21,alpha,,kospi_return_1d,-0.01640007086098194
21,alpha,,fx_level_z_252,0.03218429163098335
22,beta,momentum,,-0.03202081099152565
22,beta,persist,,0.03859531506896019
22,beta,underwater,,0.03192516416311264
22,B,momentum,kospi_return_1d,0.004141094628721476
22,B,momentum,fx_level_z_252,0.013786129653453827
22,B,persist,kospi_return_1d,-0.004236123524606228
22,B,persist,fx_level_z_252,-0.016310295090079308
22,B,underwater,kospi_return_1d,-0.0009148065000772476
22,B,underwater,fx_level_z_252,-0.02071649208664894
22,alpha,,kospi_return_1d,-0.015348711982369423
22,alpha,,fx_level_z_252,0.0329926572740078
23,beta,momentum,,-0.0326613187789917
23,beta,persist,,0.03999176248908043
23,beta,underwater,,0.0325532890856266
23,B,momentum,kospi_return_1d,0.004088734742254019
23,B,momentum,fx_level_z_252,0.012935617938637733
23,B,persist,kospi_return_1d,-0.004388634115457535
23,B,persist,fx_level_z_252,-0.01592998579144478
23,B,underwater,kospi_return_1d,-0.00027836591470986605
23,B,underwater,fx_level_z_252,-0.021001670509576797
23,alpha,,kospi_return_1d,-0.014210681430995464
23,alpha,,fx_level_z_252,0.03370368480682373
24,beta,momentum,,-0.03323205187916756
24,beta,persist,,0.041342854499816895
24,beta,underwater,,0.033054374158382416
24,B,momentum,kospi_return_1d,0.004027141723781824
24,B,momentum,fx_level_z_252,0.012085055001080036
24,B,persist,kospi_return_1d,-0.004609776195138693
24,B,persist,fx_level_z_252,-0.015528006479144096
24,B,underwater,kospi_return_1d,0.00042429036693647504
24,B,underwater,fx_level_z_252,-0.021325919777154922
24,alpha,,kospi_return_1d,-0.012974804267287254
24,alpha,,fx_level_z_252,0.0342719592154026
25,beta,momentum,,-0.03373588249087334
25,beta,persist,,0.04266832023859024
25,beta,underwater,,0.03346081078052521
25,B,momentum,kospi_return_1d,0.003851526416838169
25,B,momentum,fx_level_z_252,0.011220053769648075
25,B,persist,kospi_return_1d,-0.004808575846254826
25,B,persist,fx_level_z_252,-0.015066729858517647
25,B,underwater,kospi_return_1d,0.0010210080072283745
25,B,underwater,fx_level_z_252,-0.02170114777982235
25,alpha,,kospi_return_1d,-0.011640668846666813
25,alpha,,fx_level_z_252,0.03474291414022446
26,beta,momentum,,-0.03417115658521652
26,beta,persist,,0.043971795588731766
26,beta,underwater,,0.03377149626612663
26,B,momentum,kospi_return_1d,0.0037243361584842205
26,B,momentum,fx_level_z_252,0.010353616438806057
26,B,persist,kospi_return_1d,-0.005183991976082325
26,B,persist,fx_level_z_252,-0.01447240263223648
26,B,underwater,kospi_return_1d,0.001490969443693757
26,B,underwater,fx_level_z_252,-0.022127751260995865
26,alpha,,kospi_return_1d,-0.010297165252268314
26,alpha,,fx_level_z_252,0.03508930653333664
27,beta,momentum,,-0.03452087938785553
27,beta,persist,,0.04524184763431549
27,beta,underwater,,0.03401901200413704
27,B,momentum,kospi_return_1d,0.003615681082010269
27,B,momentum,fx_level_z_252,0.009556397795677185
27,B,persist,kospi_return_1d,-0.005376666784286499
27,B,persist,fx_level_z_252,-0.013945179060101509
27,B,underwater,kospi_return_1d,0.0020173564553260803
27,B,underwater,fx_level_z_252,-0.022703977301716805
27,alpha,,kospi_return_1d,-0.00875721126794815
27,alpha,,fx_level_z_252,0.035358089953660965
28,beta,momentum,,-0.034831248223781586
28,beta,persist,,0.046481747180223465
28,beta,underwater,,0.03422153741121292
28,B,momentum,kospi_return_1d,0.0034352466464042664
28,B,momentum,fx_level_z_252,0.008906745351850986
28,B,persist,kospi_return_1d,-0.005505161359906197
28,B,persist,fx_level_z_252,-0.013293800875544548
28,B,underwater,kospi_return_1d,0.0024049831554293633
28,B,underwater,fx_level_z_252,-0.02350408397614956
28,alpha,,kospi_return_1d,-0.007215606048703194
28,alpha,,fx_level_z_252,0.03556177765130997
29,beta,momentum,,-0.03505658730864525
29,beta,persist,,0.047715261578559875
29,beta,underwater,,0.03438331186771393
29,B,momentum,kospi_return_1d,0.0033515864051878452
29,B,momentum,fx_level_z_252,0.00812496431171894
29,B,persist,kospi_return_1d,-0.005572106689214706
29,B,persist,fx_level_z_252,-0.012751355767250061
29,B,underwater,kospi_return_1d,0.0027681647334247828
29,B,underwater,fx_level_z_252,-0.024249214679002762
29,alpha,,kospi_return_1d,-0.005722211208194494
29,alpha,,fx_level_z_252,0.035681258887052536
30,beta,momentum,,-0.03521820157766342
30,beta,persist,,0.0489397756755352
30,beta,underwater,,0.03447374701499939
30,B,momentum,kospi_return_1d,0.0034350338391959667
30,B,momentum,fx_level_z_252,0.007395102176815271
30,B,persist,kospi_return_1d,-0.005655425600707531
30,B,persist,fx_level_z_252,-0.012197207659482956
30,B,underwater,kospi_return_1d,0.0030884824227541685
30,B,underwater,fx_level_z_252,-0.02510932646691799
30,alpha,,kospi_return_1d,-0.004201027099043131
30,alpha,,fx_level_z_252,0.035766784101724625
31,beta,momentum,,-0.03530299663543701
31,beta,persist,,0.05014852061867714
31,beta,underwater,,0.034487705677747726
31,B,momentum,kospi_return_1d,0.0035817374009639025
31,B,momentum,fx_level_z_252,0.006602831184864044
31,B,persist,kospi_return_1d,-0.00577818788588047
31,B,persist,fx_level_z_252,-0.011707412078976631
31,B,underwater,kospi_return_1d,0.003352631814777851
31,B,underwater,fx_level_z_252,-0.025935132056474686
31,alpha,,kospi_return_1d,-0.0026711984537541866
31,alpha,,fx_level_z_252,0.03582610562443733
32,beta,momentum,,-0.03532414883375168
32,beta,persist,,0.05135296285152435
32,beta,underwater,,0.034462545067071915
32,B,momentum,kospi_return_1d,0.003975182306021452
32,B,momentum,fx_level_z_252,0.005849978420883417
32,B,persist,kospi_return_1d,-0.006091917399317026
32,B,persist,fx_level_z_252,-0.01118271704763174
32,B,underwater,kospi_return_1d,0.0035643510054796934
32,B,underwater,fx_level_z_252,-0.026878559961915016
32,alpha,,kospi_return_1d,-0.001131424680352211
32,alpha,,fx_level_z_252,0.03591233491897583
33,beta,momentum,,-0.03532163053750992
33,beta,persist,,0.052531927824020386
33,beta,underwater,,0.03439338877797127
33,B,momentum,kospi_return_1d,0.004302700981497765
33,B,momentum,fx_level_z_252,0.005288173910230398
33,B,persist,kospi_return_1d,-0.006118530873209238
33,B,persist,fx_level_z_252,-0.010730871930718422
33,B,underwater,kospi_return_1d,0.003878001356497407
33,B,underwater,fx_level_z_252,-0.027931179851293564
33,alpha,,kospi_return_1d,0.00029951008036732674
33,alpha,,fx_level_z_252,0.035943057388067245
34,beta,momentum,,-0.03533345088362694
34,beta,persist,,0.053711164742708206
34,beta,underwater,,0.034295693039894104
34,B,momentum,kospi_return_1d,0.004541856702417135
34,B,momentum,fx_level_z_252,0.004733904264867306
34,B,persist,kospi_return_1d,-0.006144379265606403
34,B,persist,fx_level_z_252,-0.010342923924326897
34,B,underwater,kospi_return_1d,0.00405185716226697
34,B,underwater,fx_level_z_252,-0.028972279280424118
34,alpha,,kospi_return_1d,0.0016526414547115564
34,alpha,,fx_level_z_252,0.03595920279622078
35,beta,momentum,,-0.035371679812669754
35,beta,persist,,0.05488044023513794
35,beta,underwater,,0.034252967685461044
35,B,momentum,kospi_return_1d,0.00482630031183362
35,B,momentum,fx_level_z_252,0.004115861840546131
35,B,persist,kospi_return_1d,-0.00615052180364728
35,B,persist,fx_level_z_252,-0.010060683824121952
35,B,underwater,kospi_return_1d,0.004044613800942898
35,B,underwater,fx_level_z_252,-0.029921535402536392
35,alpha,,kospi_return_1d,0.0028589200228452682
35,alpha,,fx_level_z_252,0.036023639142513275
36,beta,momentum,,-0.03545110300183296
36,beta,persist,,0.056040000170469284
36,beta,underwater,,0.0341510996222496
36,B,momentum,kospi_return_1d,0.004874188452959061
36,B,momentum,fx_level_z_252,0.0036390270106494427
36,B,persist,kospi_return_1d,-0.0061801401898264885
36,B,persist,fx_level_z_252,-0.009661541320383549
36,B,underwater,kospi_return_1d,0.004065648652613163
36,B,underwater,fx_level_z_252,-0.030914489179849625
36,alpha,,kospi_return_1d,0.0038974727503955364
36,alpha,,fx_level_z_252,0.03604312986135483
37,beta,momentum,,-0.035497523844242096
37,beta,persist,,0.057174112647771835
37,beta,underwater,,0.033990565687417984
37,B,momentum,kospi_return_1d,0.0047246795147657394
37,B,momentum,fx_level_z_252,0.003174574812874198
37,B,persist,kospi_return_1d,-0.006158610340207815
37,B,persist,fx_level_z_252,-0.009161651134490967
37,B,underwater,kospi_return_1d,0.00417933939024806
37,B,underwater,fx_level_z_252,-0.03177856281399727
37,alpha,,kospi_return_1d,0.004785716533660889
37,alpha,,fx_level_z_252,0.03591737523674965
38,beta,momentum,,-0.03551078215241432
38,beta,persist,,0.05827484652400017
38,beta,underwater,,0.03379060700535774
38,B,momentum,kospi_return_1d,0.004558158107101917
38,B,momentum,fx_level_z_252,0.00265318201854825
38,B,persist,kospi_return_1d,-0.006083197426050901
38,B,persist,fx_level_z_252,-0.008717913180589676
38,B,underwater,kospi_return_1d,0.004224478732794523
38,B,underwater,fx_level_z_252,-0.03261515498161316
38,alpha,,kospi_return_1d,0.005688197910785675
38,alpha,,fx_level_z_252,0.03576081618666649
39,beta,momentum,,-0.03548348322510719
39,beta,persist,,0.05939793214201927
39,beta,underwater,,0.033627960830926895
39,B,momentum,kospi_return_1d,0.004511550534516573
39,B,momentum,fx_level_z_252,0.002102283062413335
39,B,persist,kospi_return_1d,-0.006358270067721605
39,B,persist,fx_level_z_252,-0.008327889256179333
39,B,underwater,kospi_return_1d,0.003975071012973785
39,B,underwater,fx_level_z_252,-0.033310417085886
39,alpha,,kospi_return_1d,0.00637349858880043
39,alpha,,fx_level_z_252,0.03560301288962364
40,beta,momentum,,-0.03544829413294792
40,beta,persist,,0.0605342723429203
40,beta,underwater,,0.03351283073425293
40,B,momentum,kospi_return_1d,0.004482649266719818
40,B,momentum,fx_level_z_252,0.001529488479718566
40,B,persist,kospi_return_1d,-0.006525225471705198
40,B,persist,fx_level_z_252,-0.007866532541811466
40,B,underwater,kospi_return_1d,0.003681536763906479
40,B,underwater,fx_level_z_252,-0.033936455845832825
40,alpha,,kospi_return_1d,0.006873704958707094
40,alpha,,fx_level_z_252,0.03550458326935768
41,beta,momentum,,-0.035446565598249435
41,beta,persist,,0.0616484172642231
41,beta,underwater,,0.033393386751413345
41,B,momentum,kospi_return_1d,0.004344242159277201
41,B,momentum,fx_level_z_252,0.001004749909043312
41,B,persist,kospi_return_1d,-0.006758722942322493
41,B,persist,fx_level_z_252,-0.00748436339199543
41,B,underwater,kospi_return_1d,0.0032199460547417402
41,B,underwater,fx_level_z_252,-0.03449934720993042
41,alpha,,kospi_return_1d,0.007381833624094725
41,alpha,,fx_level_z_252,0.03544029965996742
42,beta,momentum,,-0.035515546798706055
42,beta,persist,,0.0627821832895279
42,beta,underwater,,0.033328741788864136
42,B,momentum,kospi_return_1d,0.0042266761884093285
42,B,momentum,fx_level_z_252,0.0003755010257009417
42,B,persist,kospi_return_1d,-0.006977843586355448
42,B,persist,fx_level_z_252,-0.006981743033975363
42,B,underwater,kospi_return_1d,0.002618159633129835
42,B,underwater,fx_level_z_252,-0.0347200371325016
42,alpha,,kospi_return_1d,0.0075926389545202255
42,alpha,,fx_level_z_252,0.035312820225954056
43,beta,momentum,,-0.03554520010948181
43,beta,persist,,0.06392126530408859
43,beta,underwater,,0.03315874934196472
43,B,momentum,kospi_return_1d,0.004039035644382238
43,B,momentum,fx_level_z_252,-0.00017410804866813123
43,B,persist,kospi_return_1d,-0.007097718771547079
43,B,persist,fx_level_z_252,-0.00648410152643919
43,B,underwater,kospi_return_1d,0.002279575914144516
43,B,underwater,fx_level_z_252,-0.035007115453481674
43,alpha,,kospi_return_1d,0.007688445970416069
43,alpha,,fx_level_z_252,0.03513101115822792
44,beta,momentum,,-0.035495348274707794
44,beta,persist,,0.06500881165266037
44,beta,underwater,,0.03296392783522606
44,B,momentum,kospi_return_1d,0.003956304397433996
44,B,momentum,fx_level_z_252,-0.0006712684407830238
44,B,persist,kospi_return_1d,-0.007274595554918051
44,B,persist,fx_level_z_252,-0.006001748144626617
44,B,underwater,kospi_return_1d,0.0020260184537619352
44,B,underwater,fx_level_z_252,-0.0352259986102581
44,alpha,,kospi_return_1d,0.007803815416991711
44,alpha,,fx_level_z_252,0.03489506244659424
45,beta,momentum,,-0.035464849323034286
45,beta,persist,,0.06611092388629913
45,beta,underwater,,0.03281214460730553
45,B,momentum,kospi_return_1d,0.003740164218470454
45,B,momentum,fx_level_z_252,-0.0011217002756893635
45,B,persist,kospi_return_1d,-0.007393700070679188
45,B,persist,fx_level_z_252,-0.005502055399119854
45,B,underwater,kospi_return_1d,0.0018459736602380872
45,B,underwater,fx_level_z_252,-0.03542200103402138
45,alpha,,kospi_return_1d,0.007851630449295044
45,alpha,,fx_level_z_252,0.0347505658864975
46,beta,momentum,,-0.035471681505441666
46,beta,persist,,0.0672452300786972
46,beta,underwater,,0.03272721543908119
46,B,momentum,kospi_return_1d,0.003667796030640602
46,B,momentum,fx_level_z_252,-0.0014744959771633148
46,B,persist,kospi_return_1d,-0.00751768983900547
46,B,persist,fx_level_z_252,-0.005119329318404198
46,B,underwater,kospi_return_1d,0.0016008191742002964
46,B,underwater,fx_level_z_252,-0.03551702946424484
46,alpha,,kospi_return_1d,0.007840078324079514
46,alpha,,fx_level_z_252,0.03468421846628189
47,beta,momentum,,-0.03542226925492287
47,beta,persist,,0.06835003942251205
47,beta,underwater,,0.03257178142666817
47,B,momentum,kospi_return_1d,0.0033460541162639856
47,B,momentum,fx_level_z_252,-0.0017280799802392721
47,B,persist,kospi_return_1d,-0.0075153205543756485
47,B,persist,fx_level_z_252,-0.004896791186183691
47,B,underwater,kospi_return_1d,0.0015960466116666794
47,B,underwater,fx_level_z_252,-0.03581094369292259
47,alpha,,kospi_return_1d,0.007951777428388596
47,alpha,,fx_level_z_252,0.034489281475543976
48,beta,momentum,,-0.03542579710483551
48,beta,persist,,0.06946999579668045
48,beta,underwater,,0.032484184950590134
48,B,momentum,kospi_return_1d,0.00304930517449975
48,B,momentum,fx_level_z_252,-0.0018638655310496688
48,B,persist,kospi_return_1d,-0.007499454542994499
48,B,persist,fx_level_z_252,-0.004851747304201126
48,B,underwater,kospi_return_1d,0.001523870276287198
48,B,underwater,fx_level_z_252,-0.03611170873045921
48,alpha,,kospi_return_1d,0.008025798946619034
48,alpha,,fx_level_z_252,0.03429548814892769
49,beta,momentum,,-0.03545944020152092
49,beta,persist,,0.0705738440155983
49,beta,underwater,,0.03244329243898392
49,B,momentum,kospi_return_1d,0.0027834007050842047
49,B,momentum,fx_level_z_252,-0.0019718229304999113
49,B,persist,kospi_return_1d,-0.007431773468852043
49,B,persist,fx_level_z_252,-0.004833504557609558
49,B,underwater,kospi_return_1d,0.001397306565195322
49,B,underwater,fx_level_z_252,-0.036401089280843735
49,alpha,,kospi_return_1d,0.00823482871055603
49,alpha,,fx_level_z_252,0.03418145701289177
50,beta,momentum,,-0.035467687994241714
50,beta,persist,,0.07164301723241806
50,beta,underwater,,0.03239904344081879
50,B,momentum,kospi_return_1d,0.0025953464210033417
50,B,momentum,fx_level_z_252,-0.0021441741846501827
50,B,persist,kospi_return_1d,-0.007362884934991598
50,B,persist,fx_level_z_252,-0.004637255799025297
50,B,underwater,kospi_return_1d,0.0011620556470006704
50,B,underwater,fx_level_z_252,-0.03650254011154175
50,alpha,,kospi_return_1d,0.008420459926128387
50,alpha,,fx_level_z_252,0.03408917784690857
51,beta,momentum,,-0.03544190526008606
51,beta,persist,,0.07267060875892639
51,beta,underwater,,0.032319169491529465
51,B,momentum,kospi_return_1d,0.002508233767002821
51,B,momentum,fx_level_z_252,-0.0022886511869728565
51,B,persist,kospi_return_1d,-0.007215476129204035
51,B,persist,fx_level_z_252,-0.004415856674313545
51,B,underwater,kospi_return_1d,0.0009649934945628047
51,B,underwater,fx_level_z_252,-0.03648516908288002
51,alpha,,kospi_return_1d,0.0086427703499794
51,alpha,,fx_level_z_252,0.034005649387836456
52,beta,momentum,,-0.03544287756085396
52,beta,persist,,0.0737050324678421
52,beta,underwater,,0.03222647309303284
52,B,momentum,kospi_return_1d,0.00231726816855371
52,B,momentum,fx_level_z_252,-0.0023747398518025875
52,B,persist,kospi_return_1d,-0.007136662490665913
52,B,persist,fx_level_z_252,-0.0041489978320896626
52,B,underwater,kospi_return_1d,0.0008819907088764012
52,B,underwater,fx_level_z_252,-0.03647688776254654
52,alpha,,kospi_return_1d,0.008770572952926159
52,alpha,,fx_level_z_252,0.03393446281552315
53,beta,momentum,,-0.03543999046087265
53,beta,persist,,0.07470965385437012
53,beta,underwater,,0.032117415219545364
53,B,momentum,kospi_return_1d,0.002277676947414875
53,B,momentum,fx_level_z_252,-0.002540915971621871
53,B,persist,kospi_return_1d,-0.007116058841347694
53,B,persist,fx_level_z_252,-0.00396902859210968
53,B,underwater,kospi_return_1d,0.0006912462413311005
53,B,underwater,fx_level_z_252,-0.03646688163280487
53,alpha,,kospi_return_1d,0.00909311231225729
53,alpha,,fx_level_z_252,0.03382367268204689
54,beta,momentum,,-0.03542959690093994
54,beta,persist,,0.07569461315870285
54,beta,underwater,,0.031919240951538086
54,B,momentum,kospi_return_1d,0.002115641487762332
54,B,momentum,fx_level_z_252,-0.0025739921256899834
54,B,persist,kospi_return_1d,-0.007141896523535252
54,B,persist,fx_level_z_252,-0.0037321331910789013
54,B,underwater,kospi_return_1d,0.0005937152891419828
54,B,underwater,fx_level_z_252,-0.036554966121912
54,alpha,,kospi_return_1d,0.009399640373885632
54,alpha,,fx_level_z_252,0.03373703360557556
55,beta,momentum,,-0.03546319529414177
55,beta,persist,,0.07666341215372086
55,beta,underwater,,0.031718164682388306
55,B,momentum,kospi_return_1d,0.0019374635303393006
55,B,momentum,fx_level_z_252,-0.002486372599378228
55,B,persist,kospi_return_1d,-0.007170928176492453
55,B,persist,fx_level_z_252,-0.0035025672987103462
55,B,underwater,kospi_return_1d,0.00045633947593159974
55,B,underwater,fx_level_z_252,-0.03658933565020561
55,alpha,,kospi_return_1d,0.009612152352929115
55,alpha,,fx_level_z_252,0.033559929579496384
56,beta,momentum,,-0.03543458878993988
56,beta,persist,,0.0775880366563797
56,beta,underwater,,0.0314420722424984
56,B,momentum,kospi_return_1d,0.0016904082149267197
56,B,momentum,fx_level_z_252,-0.0024909568019211292
56,B,persist,kospi_return_1d,-0.007131179794669151
56,B,persist,fx_level_z_252,-0.0031763878650963306
56,B,underwater,kospi_return_1d,0.00035877578193321824
56,B,underwater,fx_level_z_252,-0.036612559109926224
56,alpha,,kospi_return_1d,0.009790647774934769
56,alpha,,fx_level_z_252,0.03336010500788689
57,beta,momentum,,-0.03540554270148277
57,beta,persist,,0.07846082746982574
57,beta,underwater,,0.031173575669527054
57,B,momentum,kospi_return_1d,0.0016353247920051217
57,B,momentum,fx_level_z_252,-0.0025077813770622015
57,B,persist,kospi_return_1d,-0.00727896299213171
57,B,persist,fx_level_z_252,-0.0028309563640505075
57,B,underwater,kospi_return_1d,0.0002348177949897945
57,B,underwater,fx_level_z_252,-0.036586254835128784
57,alpha,,kospi_return_1d,0.01017184928059578
57,alpha,,fx_level_z_252,0.03317619860172272
58,beta,momentum,,-0.03533002734184265
58,beta,persist,,0.07930393517017365
58,beta,underwater,,0.030896248295903206
58,B,momentum,kospi_return_1d,0.0015949620865285397
58,B,momentum,fx_level_z_252,-0.002659661928191781
58,B,persist,kospi_return_1d,-0.007364543620496988
58,B,persist,fx_level_z_252,-0.0025232990738004446
58,B,underwater,kospi_return_1d,0.00024776149075478315
58,B,underwater,fx_level_z_252,-0.03658943995833397
58,alpha,,kospi_return_1d,0.010645957663655281
58,alpha,,fx_level_z_252,0.03302589803934097
59,beta,momentum,,-0.035289790481328964
59,beta,persist,,0.08015056699514389
59,beta,underwater,,0.030720587819814682
59,B,momentum,kospi_return_1d,0.0017880020895972848
59,B,momentum,fx_level_z_252,-0.0027007288299500942
59,B,persist,kospi_return_1d,-0.007602073717862368
59,B,persist,fx_level_z_252,-0.002306729555130005
59,B,underwater,kospi_return_1d,0.00018070248188450933
59,B,underwater,fx_level_z_252,-0.0365740992128849
59,alpha,,kospi_return_1d,0.01111556589603424
59,alpha,,fx_level_z_252,0.032936882227659225
60,beta,momentum,,-0.035273898392915726
60,beta,persist,,0.08102753013372421
60,beta,underwater,,0.030557630583643913
60,B,momentum,kospi_return_1d,0.0020571337081491947
60,B,momentum,fx_level_z_252,-0.0026693791151046753
60,B,persist,kospi_return_1d,-0.007817900739610195
60,B,persist,fx_level_z_252,-0.0023291297256946564
60,B,underwater,kospi_return_1d,0.00013629251043312252
60,B,underwater,fx_level_z_252,-0.036667369306087494
60,alpha,,kospi_return_1d,0.011555654928088188
60,alpha,,fx_level_z_252,0.03284246847033501
61,beta,momentum,,-0.035221315920352936
61,beta,persist,,0.08188290894031525
61,beta,underwater,,0.030355870723724365
61,B,momentum,kospi_return_1d,0.002324714558199048
61,B,momentum,fx_level_z_252,-0.0027110902592539787
61,B,persist,kospi_return_1d,-0.008012412115931511
61,B,persist,fx_level_z_252,-0.002298546489328146
61,B,underwater,kospi_return_1d,0.00017505673167761415
61,B,underwater,fx_level_z_252,-0.03656141459941864
61,alpha,,kospi_return_1d,0.01199533324688673
61,alpha,,fx_level_z_252,0.032675210386514664
62,beta,momentum,,-0.03514528274536133
62,beta,persist,,0.08271162211894989
62,beta,underwater,,0.03013414889574051
62,B,momentum,kospi_return_1d,0.0026686147321015596
62,B,momentum,fx_level_z_252,-0.0028453245759010315
62,B,persist,kospi_return_1d,-0.00819736160337925
62,B,persist,fx_level_z_252,-0.0021433569490909576
62,B,underwater,kospi_return_1d,0.00019338344282004982
62,B,underwater,fx_level_z_252,-0.03641430661082268
62,alpha,,kospi_return_1d,0.01236729696393013
62,alpha,,fx_level_z_252,0.03242608904838562
63,beta,momentum,,-0.0351017601788044
63,beta,persist,,0.0835041031241417
63,beta,underwater,,0.029943933710455894
63,B,momentum,kospi_return_1d,0.0032009785063564777
63,B,momentum,fx_level_z_252,-0.002848490374162793
63,B,persist,kospi_return_1d,-0.00846655759960413
63,B,persist,fx_level_z_252,-0.0021910383366048336
63,B,underwater,kospi_return_1d,0.00011921534314751625
63,B,underwater,fx_level_z_252,-0.03637735918164253
63,alpha,,kospi_return_1d,0.012837855145335197
63,alpha,,fx_level_z_252,0.032209958881139755
64,beta,momentum,,-0.03502316400408745
64,beta,persist,,0.08431341499090195
64,beta,underwater,,0.029699940234422684
64,B,momentum,kospi_return_1d,0.0035052886232733727
64,B,momentum,fx_level_z_252,-0.0027940161526203156
64,B,persist,kospi_return_1d,-0.008561172522604465
64,B,persist,fx_level_z_252,-0.002396176801994443
64,B,underwater,kospi_return_1d,0.00011471279140096158
64,B,underwater,fx_level_z_252,-0.03645756095647812
64,alpha,,kospi_return_1d,0.013382031582295895
64,alpha,,fx_level_z_252,0.03196274861693382
65,beta,momentum,,-0.034863561391830444
65,beta,persist,,0.0850960910320282
65,beta,underwater,,0.029370009899139404
65,B,momentum,kospi_return_1d,0.0035636257380247116
65,B,momentum,fx_level_z_252,-0.0025832965038716793
65,B,persist,kospi_return_1d,-0.008363448083400726
65,B,persist,fx_level_z_252,-0.0026146802119910717
65,B,underwater,kospi_return_1d,0.00024398684035986662
65,B,underwater,fx_level_z_252,-0.03677532449364662
65,alpha,,kospi_return_1d,0.013890895061194897
65,alpha,,fx_level_z_252,0.03175283968448639
66,beta,momentum,,-0.034715618938207626
66,beta,persist,,0.08584749698638916
66,beta,underwater,,0.02908937633037567
66,B,momentum,kospi_return_1d,0.0036594762932509184
66,B,momentum,fx_level_z_252,-0.002367516979575157
66,B,persist,kospi_return_1d,-0.00836553331464529
66,B,persist,fx_level_z_252,-0.0027300294023007154
66,B,underwater,kospi_return_1d,0.0003008392232004553
66,B,underwater,fx_level_z_252,-0.03708246722817421
66,alpha,,kospi_return_1d,0.014452868141233921
66,alpha,,fx_level_z_252,0.03157542273402214
67,beta,momentum,,-0.03458670899271965
67,beta,persist,,0.08664001524448395
67,beta,underwater,,0.028860794380307198
67,B,momentum,kospi_return_1d,0.0035139957908540964
67,B,momentum,fx_level_z_252,-0.0022521133068948984
67,B,persist,kospi_return_1d,-0.008280569687485695
67,B,persist,fx_level_z_252,-0.0029361837077885866
67,B,underwater,kospi_return_1d,0.0004244019219186157
67,B,underwater,fx_level_z_252,-0.03729459270834923
67,alpha,,kospi_return_1d,0.014938400126993656
67,alpha,,fx_level_z_252,0.03135031461715698
68,beta,momentum,,-0.034505445510149
68,beta,persist,,0.08741917461156845
68,beta,underwater,,0.028735913336277008
68,B,momentum,kospi_return_1d,0.003372509963810444
68,B,momentum,fx_level_z_252,-0.002412893110886216
68,B,persist,kospi_return_1d,-0.008102050982415676
68,B,persist,fx_level_z_252,-0.0029768035747110844
68,B,underwater,kospi_return_1d,0.0004518073401413858
68,B,underwater,fx_level_z_252,-0.03721119090914726
68,alpha,,kospi_return_1d,0.015462679788470268
68,alpha,,fx_level_z_252,0.031168432906270027
69,beta,momentum,,-0.034325387328863144
69,beta,persist,,0.08816004544496536
69,beta,underwater,,0.02856779843568802
69,B,momentum,kospi_return_1d,0.0033524641767144203
69,B,momentum,fx_level_z_252,-0.0026436932384967804
69,B,persist,kospi_return_1d,-0.008066323585808277
69,B,persist,fx_level_z_252,-0.0028729576151818037
69,B,underwater,kospi_return_1d,0.0003739824751392007
69,B,underwater,fx_level_z_252,-0.03709809482097626
69,alpha,,kospi_return_1d,0.015988947823643684
69,alpha,,fx_level_z_252,0.03100357949733734
70,beta,momentum,,-0.03416171297430992
70,beta,persist,,0.08891847729682922
70,beta,underwater,,0.028432615101337433
70,B,momentum,kospi_return_1d,0.0032571256160736084
70,B,momentum,fx_level_z_252,-0.0028015202842652798
70,B,persist,kospi_return_1d,-0.008060041815042496
70,B,persist,fx_level_z_252,-0.0028060905169695616
70,B,underwater,kospi_return_1d,0.0002520417037885636
70,B,underwater,fx_level_z_252,-0.037081725895404816
70,alpha,,kospi_return_1d,0.01637996733188629
70,alpha,,fx_level_z_252,0.03092312440276146
71,beta,momentum,,-0.03396321460604668
71,beta,persist,,0.08964678645133972
71,beta,underwater,,0.02830629236996174
71,B,momentum,kospi_return_1d,0.003038950962945819
71,B,momentum,fx_level_z_252,-0.002807235112413764
71,B,persist,kospi_return_1d,-0.007747633848339319
71,B,persist,fx_level_z_252,-0.002885576104745269
71,B,underwater,kospi_return_1d,0.0002761321375146508
71,B,underwater,fx_level_z_252,-0.03717591613531113
71,alpha,,kospi_return_1d,0.01678144372999668
71,alpha,,fx_level_z_252,0.030933531001210213
72,beta,momentum,,-0.03378468379378319
72,beta,persist,,0.09033273160457611
72,beta,underwater,,0.02821406163275242
72,B,momentum,kospi_return_1d,0.0030722732190042734
72,B,momentum,fx_level_z_252,-0.0028454726561903954
72,B,persist,kospi_return_1d,-0.007713619619607925
72,B,persist,fx_level_z_252,-0.0029115094803273678
72,B,underwater,kospi_return_1d,0.0001827580272220075
72,B,underwater,fx_level_z_252,-0.037162214517593384
72,alpha,,kospi_return_1d,0.01718055084347725
72,alpha,,fx_level_z_252,0.030842145904898643
73,beta,momentum,,-0.033584460616111755
73,beta,persist,,0.0910005196928978
73,beta,underwater,,0.028054213151335716
73,B,momentum,kospi_return_1d,0.003282759338617325
73,B,momentum,fx_level_z_252,-0.0028821146115660667
73,B,persist,kospi_return_1d,-0.0077357543632388115
73,B,persist,fx_level_z_252,-0.002799132140353322
73,B,underwater,kospi_return_1d,-0.00011085740698035806
73,B,underwater,fx_level_z_252,-0.037143953144550323
73,alpha,,kospi_return_1d,0.017588309943675995
73,alpha,,fx_level_z_252,0.03071846440434456
74,beta,momentum,,-0.03338375315070152
74,beta,persist,,0.09166320413351059
74,beta,underwater,,0.02787570096552372
74,B,momentum,kospi_return_1d,0.0036664328072220087
74,B,momentum,fx_level_z_252,-0.002866729162633419
74,B,persist,kospi_return_1d,-0.007784793619066477
74,B,persist,fx_level_z_252,-0.0027574351988732815
74,B,underwater,kospi_return_1d,-0.00032474612817168236
74,B,underwater,fx_level_z_252,-0.037132006138563156
74,alpha,,kospi_return_1d,0.017975017428398132
74,alpha,,fx_level_z_252,0.030533572658896446
75,beta,momentum,,-0.03317287564277649
75,beta,persist,,0.09236271679401398
75,beta,underwater,,0.02768091857433319
75,B,momentum,kospi_return_1d,0.0039012411143630743
75,B,momentum,fx_level_z_252,-0.0027669165283441544
75,B,persist,kospi_return_1d,-0.007561743725091219
75,B,persist,fx_level_z_252,-0.0027120050508528948
75,B,underwater,kospi_return_1d,-0.0002565814065746963
75,B,underwater,fx_level_z_252,-0.0372665598988533
75,alpha,,kospi_return_1d,0.01823487877845764
75,alpha,,fx_level_z_252,0.03047494776546955
76,beta,momentum,,-0.032987598329782486
76,beta,persist,,0.09303566813468933
76,beta,underwater,,0.027504196390509605
76,B,momentum,kospi_return_1d,0.004066323395818472
76,B,momentum,fx_level_z_252,-0.0027475575916469097
76,B,persist,kospi_return_1d,-0.0073262969963252544
76,B,persist,fx_level_z_252,-0.002531586680561304
76,B,underwater,kospi_return_1d,-4.32631786679849e-05
76,B,underwater,fx_level_z_252,-0.03728678822517395
76,alpha,,kospi_return_1d,0.018643897026777267
76,alpha,,fx_level_z_252,0.030359890311956406
77,beta,momentum,,-0.03279637545347214
77,beta,persist,,0.09369860589504242
77,beta,underwater,,0.02731906622648239
77,B,momentum,kospi_return_1d,0.004272965248674154
77,B,momentum,fx_level_z_252,-0.0027646697126328945
77,B,persist,kospi_return_1d,-0.007226157933473587
77,B,persist,fx_level_z_252,-0.0022959276102483273
77,B,underwater,kospi_return_1d,0.00020787942048627883
77,B,underwater,fx_level_z_252,-0.03719553351402283
77,alpha,,kospi_return_1d,0.01909036934375763
77,alpha,,fx_level_z_252,0.03028055839240551
78,beta,momentum,,-0.032566871494054794
78,beta,persist,,0.09436424821615219
78,beta,underwater,,0.02710666134953499
78,B,momentum,kospi_return_1d,0.0045378319919109344
78,B,momentum,fx_level_z_252,-0.0028897086158394814
78,B,persist,kospi_return_1d,-0.007104207761585712
78,B,persist,fx_level_z_252,-0.0020799185149371624
78,B,underwater,kospi_return_1d,0.0003912251559086144
78,B,underwater,fx_level_z_252,-0.03699536621570587
78,alpha,,kospi_return_1d,0.019478587433695793
78,alpha,,fx_level_z_252,0.030194547027349472
79,beta,momentum,,-0.03238557279109955
79,beta,persist,,0.09502551704645157
79,beta,underwater,,0.026938004419207573
79,B,momentum,kospi_return_1d,0.004806390032172203
79,B,momentum,fx_level_z_252,-0.003185739042237401
79,B,persist,kospi_return_1d,-0.007130106911063194
79,B,persist,fx_level_z_252,-0.001784539665095508
79,B,underwater,kospi_return_1d,0.0003624376840889454
79,B,underwater,fx_level_z_252,-0.03653181344270706
79,alpha,,kospi_return_1d,0.019892072305083275
79,alpha,,fx_level_z_252,0.030133847147226334
80,beta,momentum,,-0.032278984785079956
80,beta,persist,,0.09569621831178665
80,beta,underwater,,0.026740461587905884
80,B,momentum,kospi_return_1d,0.005062793847173452
80,B,momentum,fx_level_z_252,-0.0034035486169159412
80,B,persist,kospi_return_1d,-0.007265729829668999
80,B,persist,fx_level_z_252,-0.0014468312729150057
80,B,underwater,kospi_return_1d,0.00014418218052014709
80,B,underwater,fx_level_z_252,-0.03606384992599487
80,alpha,,kospi_return_1d,0.020196622237563133
80,alpha,,fx_level_z_252,0.03007935918867588
81,beta,momentum,,-0.032243240624666214
81,beta,persist,,0.09640098363161087
81,beta,underwater,,0.026625005528330803
81,B,momentum,kospi_return_1d,0.004987973254173994
81,B,momentum,fx_level_z_252,-0.0035725031048059464
81,B,persist,kospi_return_1d,-0.0071183149702847
81,B,persist,fx_level_z_252,-0.0012859089765697718
81,B,underwater,kospi_return_1d,0.00013525177200790495
81,B,underwater,fx_level_z_252,-0.035635560750961304
81,alpha,,kospi_return_1d,0.020380700007081032
81,alpha,,fx_level_z_252,0.030086304992437363
82,beta,momentum,,-0.03221607208251953
82,beta,persist,,0.09707297384738922
82,beta,underwater,,0.02648627571761608
82,B,momentum,kospi_return_1d,0.004695691633969545
82,B,momentum,fx_level_z_252,-0.0035953079350292683
82,B,persist,kospi_return_1d,-0.006882120855152607
82,B,persist,fx_level_z_252,-0.001133014797233045
82,B,underwater,kospi_return_1d,0.00019821900059469044
82,B,underwater,fx_level_z_252,-0.035427581518888474
82,alpha,,kospi_return_1d,0.020554276183247566
82,alpha,,fx_level_z_252,0.030087009072303772
83,beta,momentum,,-0.03213915601372719
83,beta,persist,,0.0977264866232872
83,beta,underwater,,0.026354949921369553
83,B,momentum,kospi_return_1d,0.004499520640820265
83,B,momentum,fx_level_z_252,-0.0036237810272723436
83,B,persist,kospi_return_1d,-0.006649768445640802
83,B,persist,fx_level_z_252,-0.0010592684848234057
83,B,underwater,kospi_return_1d,0.00023519049864262342
83,B,underwater,fx_level_z_252,-0.03525933623313904
83,alpha,,kospi_return_1d,0.020692750811576843
83,alpha,,fx_level_z_252,0.030085356906056404
84,beta,momentum,,-0.03215499594807625
84,beta,persist,,0.09840474277734756
84,beta,underwater,,0.026282981038093567
84,B,momentum,kospi_return_1d,0.004283724818378687
84,B,momentum,fx_level_z_252,-0.0036345962435007095
84,B,persist,kospi_return_1d,-0.006258739624172449
84,B,persist,fx_level_z_252,-0.0009805995505303144
84,B,underwater,kospi_return_1d,0.00022795525728724897
84,B,underwater,fx_level_z_252,-0.0350336991250515
84,alpha,,kospi_return_1d,0.0209124144166708
84,alpha,,fx_level_z_252,0.030141681432724
85,beta,momentum,,-0.03217089921236038
85,beta,persist,,0.09907077997922897
85,beta,underwater,,0.026237282902002335
85,B,momentum,kospi_return_1d,0.004158067051321268
85,B,momentum,fx_level_z_252,-0.003646624041721225
85,B,persist,kospi_return_1d,-0.006061968393623829
85,B,persist,fx_level_z_252,-0.0007712687947787344
85,B,underwater,kospi_return_1d,0.00013414485147222877
85,B,underwater,fx_level_z_252,-0.03481103852391243
85,alpha,,kospi_return_1d,0.02108285389840603
85,alpha,,fx_level_z_252,0.0303437989205122
86,beta,momentum,,-0.032240238040685654
86,beta,persist,,0.09975427389144897
86,beta,underwater,,0.026162011548876762
86,B,momentum,kospi_return_1d,0.0038313695695251226
86,B,momentum,fx_level_z_252,-0.003412073478102684
86,B,persist,kospi_return_1d,-0.005641704425215721
86,B,persist,fx_level_z_252,-0.0007877771276980639
86,B,underwater,kospi_return_1d,0.0003018855059053749
86,B,underwater,fx_level_z_252,-0.034644849598407745
86,alpha,,kospi_return_1d,0.021208414807915688
86,alpha,,fx_level_z_252,0.030528057366609573
87,beta,momentum,,-0.0322699137032032
87,beta,persist,,0.10042816400527954
87,beta,underwater,,0.0261104516685009
87,B,momentum,kospi_return_1d,0.0037379374261945486
87,B,momentum,fx_level_z_252,-0.003241615602746606
87,B,persist,kospi_return_1d,-0.005425971932709217
87,B,persist,fx_level_z_252,-0.0007947866688482463
87,B,underwater,kospi_return_1d,0.0003084313648287207
87,B,underwater,fx_level_z_252,-0.03446668013930321
87,alpha,,kospi_return_1d,0.02122824639081955
87,alpha,,fx_level_z_252,0.030693108215928078
88,beta,momentum,,-0.03232736513018608
88,beta,persist,,0.10108563303947449
88,beta,underwater,,0.026021186262369156
88,B,momentum,kospi_return_1d,0.003518599085509777
88,B,momentum,fx_level_z_252,-0.0029583617579191923
88,B,persist,kospi_return_1d,-0.005277477670460939
88,B,persist,fx_level_z_252,-0.0008453764021396637
88,B,underwater,kospi_return_1d,0.0002570251526776701
88,B,underwater,fx_level_z_252,-0.03448793664574623
88,alpha,,kospi_return_1d,0.021311067044734955
88,alpha,,fx_level_z_252,0.030909892171621323
89,beta,momentum,,-0.0323091521859169
89,beta,persist,,0.10169320553541183
89,beta,underwater,,0.025826655328273773
89,B,momentum,kospi_return_1d,0.003362362738698721
89,B,momentum,fx_level_z_252,-0.0027989079244434834
89,B,persist,kospi_return_1d,-0.005195606499910355
89,B,persist,fx_level_z_252,-0.0010683139553293586
89,B,underwater,kospi_return_1d,0.00028168049175292253
89,B,underwater,fx_level_z_252,-0.03463185951113701
89,alpha,,kospi_return_1d,0.02158402092754841
89,alpha,,fx_level_z_252,0.031021514907479286
90,beta,momentum,,-0.03226494789123535
90,beta,persist,,0.10225629061460495
90,beta,underwater,,0.025581814348697662
90,B,momentum,kospi_return_1d,0.0033308970741927624
90,B,momentum,fx_level_z_252,-0.002679977333173156
90,B,persist,kospi_return_1d,-0.0052735027857124805
90,B,persist,fx_level_z_252,-0.001251431182026863
90,B,underwater,kospi_return_1d,0.00024153117556124926
90,B,underwater,fx_level_z_252,-0.03477367013692856
90,alpha,,kospi_return_1d,0.02197522111237049
90,alpha,,fx_level_z_252,0.03099730797111988
91,beta,momentum,,-0.0322999581694603
91,beta,persist,,0.10282444208860397
91,beta,underwater,,0.02535296604037285
91,B,momentum,kospi_return_1d,0.0032786112278699875
91,B,momentum,fx_level_z_252,-0.0026057211216539145
91,B,persist,kospi_return_1d,-0.0053953565657138824
91,B,persist,fx_level_z_252,-0.0013893154682591558
91,B,underwater,kospi_return_1d,0.00010663902503438294
91,B,underwater,fx_level_z_252,-0.03495749086141586
91,alpha,,kospi_return_1d,0.0222295131534338
91,alpha,,fx_level_z_252,0.031125949695706367
92,beta,momentum,,-0.032220516353845596
92,beta,persist,,0.10336823761463165
92,beta,underwater,,0.02507976070046425
92,B,momentum,kospi_return_1d,0.0032207572367042303
92,B,momentum,fx_level_z_252,-0.0027496078982949257
92,B,persist,kospi_return_1d,-0.0056527527049183846
92,B,persist,fx_level_z_252,-0.0012789558386430144
92,B,underwater,kospi_return_1d,-7.21048709237948e-05
92,B,underwater,fx_level_z_252,-0.034958917647600174
92,alpha,,kospi_return_1d,0.022442597895860672
92,alpha,,fx_level_z_252,0.031237516552209854
93,beta,momentum,,-0.03211690112948418
93,beta,persist,,0.10390330851078033
93,beta,underwater,,0.02481226809322834
93,B,momentum,kospi_return_1d,0.0030520858708769083
93,B,momentum,fx_level_z_252,-0.0029174822848290205
93,B,persist,kospi_return_1d,-0.005994108505547047
93,B,persist,fx_level_z_252,-0.0011641415767371655
93,B,underwater,kospi_return_1d,-0.00011710647959262133
93,B,underwater,fx_level_z_252,-0.03492159768939018
93,alpha,,kospi_return_1d,0.02259225770831108
93,alpha,,fx_level_z_252,0.03134771063923836
94,beta,momentum,,-0.03195420280098915
94,beta,persist,,0.10436534136533737
94,beta,underwater,,0.024561097845435143
94,B,momentum,kospi_return_1d,0.003053708467632532
94,B,momentum,fx_level_z_252,-0.0031081598717719316
94,B,persist,kospi_return_1d,-0.006434665992856026
94,B,persist,fx_level_z_252,-0.0008180947625078261
94,B,underwater,kospi_return_1d,-0.00015560757310595363
94,B,underwater,fx_level_z_252,-0.034849025309085846
94,alpha,,kospi_return_1d,0.022739889100193977
94,alpha,,fx_level_z_252,0.03148888051509857
95,beta,momentum,,-0.031841881573200226
95,beta,persist,,0.10483898222446442
95,beta,underwater,,0.024308787658810616
95,B,momentum,kospi_return_1d,0.003066779114305973
95,B,momentum,fx_level_z_252,-0.0032616632524877787
95,B,persist,kospi_return_1d,-0.006796042900532484
95,B,persist,fx_level_z_252,-0.0005836438504047692
95,B,underwater,kospi_return_1d,5.042355041950941e-06
95,B,underwater,fx_level_z_252,-0.034767016768455505
95,alpha,,kospi_return_1d,0.022792408242821693
95,alpha,,fx_level_z_252,0.0315653420984745
96,beta,momentum,,-0.03168843686580658
96,beta,persist,,0.10529596358537674
96,beta,underwater,,0.024034790694713593
96,B,momentum,kospi_return_1d,0.0031859141308814287
96,B,momentum,fx_level_z_252,-0.003383603412657976
96,B,persist,kospi_return_1d,-0.007165335118770599
96,B,persist,fx_level_z_252,-0.0004361400497145951
96,B,underwater,kospi_return_1d,0.0001651583006605506
96,B,underwater,fx_level_z_252,-0.03472314774990082
96,alpha,,kospi_return_1d,0.022817905992269516
96,alpha,,fx_level_z_252,0.031703170388936996
97,beta,momentum,,-0.03149471431970596
97,beta,persist,,0.10574351996183395
97,beta,underwater,,0.02374405227601528
97,B,momentum,kospi_return_1d,0.003375483676791191
97,B,momentum,fx_level_z_252,-0.003437237348407507
97,B,persist,kospi_return_1d,-0.007603331934660673
97,B,persist,fx_level_z_252,-0.00012577156303450465
97,B,underwater,kospi_return_1d,5.69828916923143e-05
97,B,underwater,fx_level_z_252,-0.03465228155255318
97,alpha,,kospi_return_1d,0.023009993135929108
97,alpha,,fx_level_z_252,0.03185306489467621
98,beta,momentum,,-0.0313023142516613
98,beta,persist,,0.10619597136974335
98,beta,underwater,,0.023534899577498436
98,B,momentum,kospi_return_1d,0.003662478644400835
98,B,momentum,fx_level_z_252,-0.0034957376774400473
98,B,persist,kospi_return_1d,-0.008013566955924034
98,B,persist,fx_level_z_252,0.0002190151863032952
98,B,underwater,kospi_return_1d,-0.00017813462181948125
98,B,underwater,fx_level_z_252,-0.034515924751758575
98,alpha,,kospi_return_1d,0.02313060127198696
98,alpha,,fx_level_z_252,0.03195471689105034
99,beta,momentum,,-0.031078951433300972
99,beta,persist,,0.10664668679237366
99,beta,underwater,,0.023331956937909126
99,B,momentum,kospi_return_1d,0.004030287731438875
99,B,momentum,fx_level_z_252,-0.0035643449518829584
99,B,persist,kospi_return_1d,-0.008281699381768703
99,B,persist,fx_level_z_252,0.00034178164787590504
99,B,underwater,kospi_return_1d,-0.00037735694786533713
99,B,underwater,fx_level_z_252,-0.03451475501060486
99,alpha,,kospi_return_1d,0.023336851969361305
99,alpha,,fx_level_z_252,0.032026953995227814
100,beta,momentum,,-0.030859535560011864
100,beta,persist,,0.10711531341075897
100,beta,underwater,,0.023148268461227417
100,B,momentum,kospi_return_1d,0.0043173059821128845
100,B,momentum,fx_level_z_252,-0.003469974733889103
100,B,persist,kospi_return_1d,-0.008357309736311436
100,B,persist,fx_level_z_252,0.00017717631999403238
100,B,underwater,kospi_return_1d,-0.0003437930718064308
100,B,underwater,fx_level_z_252,-0.03451749309897423
100,alpha,,kospi_return_1d,0.023498909547924995
100,alpha,,fx_level_z_252,0.03183647617697716
101,beta,momentum,,-0.030602790415287018
101,beta,persist,,0.10755409300327301
101,beta,underwater,,0.022961115464568138
101,B,momentum,kospi_return_1d,0.004476390313357115
101,B,momentum,fx_level_z_252,-0.0033777530770748854
101,B,persist,kospi_return_1d,-0.008435413241386414
101,B,persist,fx_level_z_252,-6.022155866958201e-05
101,B,underwater,kospi_return_1d,-6.962665065657347e-05
101,B,underwater,fx_level_z_252,-0.034491073340177536
101,alpha,,kospi_return_1d,0.02375626750290394
101,alpha,,fx_level_z_252,0.031590912491083145
102,beta,momentum,,-0.030339917168021202
102,beta,persist,,0.10797275602817535
102,beta,underwater,,0.02268516644835472
102,B,momentum,kospi_return_1d,0.004438318312168121
102,B,momentum,fx_level_z_252,-0.0032523965928703547
102,B,persist,kospi_return_1d,-0.008432856760919094
102,B,persist,fx_level_z_252,-0.0003752869670279324
102,B,underwater,kospi_return_1d,0.0002797063207253814
102,B,underwater,fx_level_z_252,-0.03457454964518547
102,alpha,,kospi_return_1d,0.024021847173571587
102,alpha,,fx_level_z_252,0.031330790370702744
103,beta,momentum,,-0.030090991407632828
103,beta,persist,,0.10840415209531784
103,beta,underwater,,0.02248060330748558
103,B,momentum,kospi_return_1d,0.004543258808553219
103,B,momentum,fx_level_z_252,-0.003152188379317522
103,B,persist,kospi_return_1d,-0.008439387194812298
103,B,persist,fx_level_z_252,-0.0003613558947108686
103,B,underwater,kospi_return_1d,0.0004645356093533337
103,B,underwater,fx_level_z_252,-0.03468417748808861
103,alpha,,kospi_return_1d,0.024248728528618813
103,alpha,,fx_level_z_252,0.031127799302339554
104,beta,momentum,,-0.02980078011751175
104,beta,persist,,0.10883206129074097
104,beta,underwater,,0.02221689000725746
104,B,momentum,kospi_return_1d,0.004682695958763361
104,B,momentum,fx_level_z_252,-0.0033382917754352093
104,B,persist,kospi_return_1d,-0.008563396520912647
104,B,persist,fx_level_z_252,-0.00018187015666626394
104,B,underwater,kospi_return_1d,0.0005525290034711361
104,B,underwater,fx_level_z_252,-0.034563206136226654
104,alpha,,kospi_return_1d,0.024476220831274986
104,alpha,,fx_level_z_252,0.030863143503665924
105,beta,momentum,,-0.02957502380013466
105,beta,persist,,0.10931979864835739
105,beta,underwater,,0.02199837565422058
105,B,momentum,kospi_return_1d,0.004792663734406233
105,B,momentum,fx_level_z_252,-0.0033208902459591627
105,B,persist,kospi_return_1d,-0.008891021832823753
105,B,persist,fx_level_z_252,-6.4486084738746285e-06
105,B,underwater,kospi_return_1d,0.0005877783987671137
105,B,underwater,fx_level_z_252,-0.03453530743718147
105,alpha,,kospi_return_1d,0.02465205453336239
105,alpha,,fx_level_z_252,0.030531400814652443
106,beta,momentum,,-0.029505111277103424
106,beta,persist,,0.10985568910837173
106,beta,underwater,,0.02193080447614193
106,B,momentum,kospi_return_1d,0.004817558918148279
106,B,momentum,fx_level_z_252,-0.0033297629561275244
106,B,persist,kospi_return_1d,-0.009105121716856956
106,B,persist,fx_level_z_252,0.00014906897558830678
106,B,underwater,kospi_return_1d,0.0005442368565127254
106,B,underwater,fx_level_z_252,-0.03443068265914917
106,alpha,,kospi_return_1d,0.02470557950437069
106,alpha,,fx_level_z_252,0.030330199748277664
107,beta,momentum,,-0.029412148520350456
107,beta,persist,,0.11030709743499756
107,beta,underwater,,0.02175375074148178
107,B,momentum,kospi_return_1d,0.004924130626022816
107,B,momentum,fx_level_z_252,-0.003179720602929592
107,B,persist,kospi_return_1d,-0.00942245777696371
107,B,persist,fx_level_z_252,0.00011750835255952552
107,B,underwater,kospi_return_1d,0.000310697709210217
107,B,underwater,fx_level_z_252,-0.034448154270648956
107,alpha,,kospi_return_1d,0.0249779112637043
107,alpha,,fx_level_z_252,0.030014267191290855
108,beta,momentum,,-0.029396021738648415
108,beta,persist,,0.11076042801141739
108,beta,underwater,,0.02166770026087761
108,B,momentum,kospi_return_1d,0.005123956128954887
108,B,momentum,fx_level_z_252,-0.002956160344183445
108,B,persist,kospi_return_1d,-0.009657053276896477
108,B,persist,fx_level_z_252,-3.6093173548579216e-05
108,B,underwater,kospi_return_1d,5.6958626373670995e-05
108,B,underwater,fx_level_z_252,-0.03437197580933571
108,alpha,,kospi_return_1d,0.025196712464094162
108,alpha,,fx_level_z_252,0.02988184057176113
109,beta,momentum,,-0.02941988781094551
109,beta,persist,,0.11129031330347061
109,beta,underwater,,0.02163705788552761
109,B,momentum,kospi_return_1d,0.005403507966548204
109,B,momentum,fx_level_z_252,-0.0028970742132514715
109,B,persist,kospi_return_1d,-0.00973495189100504
109,B,persist,fx_level_z_252,-0.0003540108446031809
109,B,underwater,kospi_return_1d,-0.00015114646521396935
109,B,underwater,fx_level_z_252,-0.03418252617120743
109,alpha,,kospi_return_1d,0.025371678173542023
109,alpha,,fx_level_z_252,0.029768232256174088
110,beta,momentum,,-0.02944459207355976
110,beta,persist,,0.11177558451890945
110,beta,underwater,,0.021558908745646477
110,B,momentum,kospi_return_1d,0.0054901824332773685
110,B,momentum,fx_level_z_252,-0.002785258926451206
110,B,persist,kospi_return_1d,-0.009648685343563557
110,B,persist,fx_level_z_252,-0.0006493835826404393
110,B,underwater,kospi_return_1d,-0.00019745950703509152
110,B,underwater,fx_level_z_252,-0.03402438387274742
110,alpha,,kospi_return_1d,0.025686178356409073
110,alpha,,fx_level_z_252,0.02961050532758236
111,beta,momentum,,-0.029416637495160103
111,beta,persist,,0.11222456395626068
111,beta,underwater,,0.021444834768772125
111,B,momentum,kospi_return_1d,0.005489575210958719
111,B,momentum,fx_level_z_252,-0.002816256135702133
111,B,persist,kospi_return_1d,-0.009475925005972385
111,B,persist,fx_level_z_252,-0.0009433587547391653
111,B,underwater,kospi_return_1d,-0.0002523474395275116
111,B,underwater,fx_level_z_252,-0.033791180700063705
111,alpha,,kospi_return_1d,0.026038821786642075
111,alpha,,fx_level_z_252,0.02946772798895836
112,beta,momentum,,-0.02929738536477089
112,beta,persist,,0.11266203224658966
112,beta,underwater,,0.02125362493097782
112,B,momentum,kospi_return_1d,0.005262111779302359
112,B,momentum,fx_level_z_252,-0.002867739647626877
112,B,persist,kospi_return_1d,-0.009236419573426247
112,B,persist,fx_level_z_252,-0.0013428425882011652
112,B,underwater,kospi_return_1d,6.956480501685292e-05
112,B,underwater,fx_level_z_252,-0.03356108441948891
112,alpha,,kospi_return_1d,0.026257025077939034
112,alpha,,fx_level_z_252,0.029272619634866714
113,beta,momentum,,-0.02920132875442505
113,beta,persist,,0.11305509507656097
113,beta,underwater,,0.02113756351172924
113,B,momentum,kospi_return_1d,0.004954122938215733
113,B,momentum,fx_level_z_252,-0.0028969906270503998
113,B,persist,kospi_return_1d,-0.009009791538119316
113,B,persist,fx_level_z_252,-0.0015821994747966528
113,B,underwater,kospi_return_1d,0.00039412660407833755
113,B,underwater,fx_level_z_252,-0.033352240920066833
113,alpha,,kospi_return_1d,0.026529569178819656
113,alpha,,fx_level_z_252,0.029180891811847687
114,beta,momentum,,-0.029202202335000038
114,beta,persist,,0.1134302094578743
114,beta,underwater,,0.021083056926727295
114,B,momentum,kospi_return_1d,0.004542851354926825
114,B,momentum,fx_level_z_252,-0.0029490147717297077
114,B,persist,kospi_return_1d,-0.008870106190443039
114,B,persist,fx_level_z_252,-0.0018611366394907236
114,B,underwater,kospi_return_1d,0.0006874239770695567
114,B,underwater,fx_level_z_252,-0.03314689174294472
114,alpha,,kospi_return_1d,0.026821862906217575
114,alpha,,fx_level_z_252,0.029215220361948013
115,beta,momentum,,-0.029187895357608795
115,beta,persist,,0.1137603297829628
115,beta,underwater,,0.02097260393202305
115,B,momentum,kospi_return_1d,0.004200528841465712
115,B,momentum,fx_level_z_252,-0.0030534847173839808
115,B,persist,kospi_return_1d,-0.00868076179176569
115,B,persist,fx_level_z_252,-0.0020195043180137873
115,B,underwater,kospi_return_1d,0.0008879242232069373
115,B,underwater,fx_level_z_252,-0.03306301683187485
115,alpha,,kospi_return_1d,0.027258921414613724
115,alpha,,fx_level_z_252,0.02916696108877659
116,beta,momentum,,-0.029255466535687447
116,beta,persist,,0.11414486169815063
116,beta,underwater,,0.0208971556276083
116,B,momentum,kospi_return_1d,0.00400483887642622
116,B,momentum,fx_level_z_252,-0.003051613224670291
116,B,persist,kospi_return_1d,-0.008617628365755081
116,B,persist,fx_level_z_252,-0.002072586677968502
116,B,underwater,kospi_return_1d,0.0008349960553459823
116,B,underwater,fx_level_z_252,-0.03292199596762657
116,alpha,,kospi_return_1d,0.027496006339788437
116,alpha,,fx_level_z_252,0.029121484607458115
117,beta,momentum,,-0.029267188161611557
117,beta,persist,,0.11444549262523651
117,beta,underwater,,0.02080896869301796
117,B,momentum,kospi_return_1d,0.003795617027208209
117,B,momentum,fx_level_z_252,-0.002965789521113038
117,B,persist,kospi_return_1d,-0.00844432134181261
117,B,persist,fx_level_z_252,-0.001999389613047242
117,B,underwater,kospi_return_1d,0.0007503667147830129
117,B,underwater,fx_level_z_252,-0.032790061086416245
117,alpha,,kospi_return_1d,0.02776150032877922
117,alpha,,fx_level_z_252,0.02898572012782097
118,beta,momentum,,-0.02945077233016491
118,beta,persist,,0.11477337777614594
118,beta,underwater,,0.02092650905251503
118,B,momentum,kospi_return_1d,0.0035061053931713104
118,B,momentum,fx_level_z_252,-0.0029635787941515446
118,B,persist,kospi_return_1d,-0.00820003543049097
118,B,persist,fx_level_z_252,-0.0017081859987229109
118,B,underwater,kospi_return_1d,0.0006761775002814829
118,B,underwater,fx_level_z_252,-0.03249822184443474
118,alpha,,kospi_return_1d,0.027953747659921646
118,alpha,,fx_level_z_252,0.029002314433455467
119,beta,momentum,,-0.029643191024661064
119,beta,persist,,0.11509741842746735
119,beta,underwater,,0.021093878895044327
119,B,momentum,kospi_return_1d,0.003353096777573228
119,B,momentum,fx_level_z_252,-0.0027923421002924442
119,B,persist,kospi_return_1d,-0.007881885394454002
119,B,persist,fx_level_z_252,-0.0014025259297341108
119,B,underwater,kospi_return_1d,0.0005512235802598298
119,B,underwater,fx_level_z_252,-0.03229017183184624
119,alpha,,kospi_return_1d,0.028072651475667953
119,alpha,,fx_level_z_252,0.0291756521910429
120,beta,momentum,,-0.02984216809272766
120,beta,persist,,0.11540890485048294
120,beta,underwater,,0.021192308515310287
120,B,momentum,kospi_return_1d,0.0032003221567720175
120,B,momentum,fx_level_z_252,-0.002610513474792242
120,B,persist,kospi_return_1d,-0.0075546992011368275
120,B,persist,fx_level_z_252,-0.0011967172613367438
120,B,underwater,kospi_return_1d,0.0003358876856509596
120,B,underwater,fx_level_z_252,-0.03215039521455765
120,alpha,,kospi_return_1d,0.028149735182523727
120,alpha,,fx_level_z_252,0.029451003298163414
121,beta,momentum,,-0.029952485114336014
121,beta,persist,,0.11569642275571823
121,beta,underwater,,0.021213706582784653
121,B,momentum,kospi_return_1d,0.002992981346324086
121,B,momentum,fx_level_z_252,-0.0024082374293357134
121,B,persist,kospi_return_1d,-0.007182225119322538
121,B,persist,fx_level_z_252,-0.0010464952792972326
121,B,underwater,kospi_return_1d,0.00020759852486662567
121,B,underwater,fx_level_z_252,-0.03209255263209343
121,alpha,,kospi_return_1d,0.02823890559375286
121,alpha,,fx_level_z_252,0.029744407162070274
122,beta,momentum,,-0.029968295246362686
122,beta,persist,,0.11595045030117035
122,beta,underwater,,0.021116890013217926
122,B,momentum,kospi_return_1d,0.0028555539902299643
122,B,momentum,fx_level_z_252,-0.0022689574398100376
122,B,persist,kospi_return_1d,-0.006754251662641764
122,B,persist,fx_level_z_252,-0.0007845271611586213
122,B,underwater,kospi_return_1d,-9.9015305750072e-06
122,B,underwater,fx_level_z_252,-0.031992312520742416
122,alpha,,kospi_return_1d,0.028280356898903847
122,alpha,,fx_level_z_252,0.029914915561676025
123,beta,momentum,,-0.029958978295326233
123,beta,persist,,0.11616723984479904
123,beta,underwater,,0.02093488536775112
123,B,momentum,kospi_return_1d,0.0027642096392810345
123,B,momentum,fx_level_z_252,-0.0021221437491476536
123,B,persist,kospi_return_1d,-0.006577670108526945
123,B,persist,fx_level_z_252,-0.0006424662424251437
123,B,underwater,kospi_return_1d,-0.00016341661103069782
123,B,underwater,fx_level_z_252,-0.032038766890764236
123,alpha,,kospi_return_1d,0.028428899124264717
123,alpha,,fx_level_z_252,0.030102360993623734
124,beta,momentum,,-0.02993622235953808
124,beta,persist,,0.11637154221534729
124,beta,underwater,,0.020668625831604004
124,B,momentum,kospi_return_1d,0.002795830834656954
124,B,momentum,fx_level_z_252,-0.0018740873783826828
124,B,persist,kospi_return_1d,-0.006473840679973364
124,B,persist,fx_level_z_252,-0.0005977090331725776
124,B,underwater,kospi_return_1d,-4.82120958622545e-06
124,B,underwater,fx_level_z_252,-0.03230993077158928
124,alpha,,kospi_return_1d,0.028663506731390953
124,alpha,,fx_level_z_252,0.03014940768480301
125,beta,momentum,,-0.02992362715303898
125,beta,persist,,0.11663121730089188
125,beta,underwater,,0.02035878412425518
125,B,momentum,kospi_return_1d,0.002766469493508339
125,B,momentum,fx_level_z_252,-0.0016092236619442701
125,B,persist,kospi_return_1d,-0.006486646831035614
125,B,persist,fx_level_z_252,-0.0004187130252830684
125,B,underwater,kospi_return_1d,9.862799197435379e-05
125,B,underwater,fx_level_z_252,-0.03250762075185776
125,alpha,,kospi_return_1d,0.02890045940876007
125,alpha,,fx_level_z_252,0.030149303376674652
126,beta,momentum,,-0.029940171167254448
126,beta,persist,,0.11690637469291687
126,beta,underwater,,0.020167037844657898
126,B,momentum,kospi_return_1d,0.0027449806220829487
126,B,momentum,fx_level_z_252,-0.0014930929755792022
126,B,persist,kospi_return_1d,-0.006561292801052332
126,B,persist,fx_level_z_252,-0.000133270223159343
126,B,underwater,kospi_return_1d,8.999511192087084e-05
126,B,underwater,fx_level_z_252,-0.03255073353648186
126,alpha,,kospi_return_1d,0.029116595163941383
126,alpha,,fx_level_z_252,0.030104830861091614
127,beta,momentum,,-0.02991355024278164
127,beta,persist,,0.1171848401427269
127,beta,underwater,,0.019867990165948868
127,B,momentum,kospi_return_1d,0.0028371368534862995
127,B,momentum,fx_level_z_252,-0.001412876881659031
127,B,persist,kospi_return_1d,-0.006713889539241791
127,B,persist,fx_level_z_252,2.6517082005739212e-05
127,B,underwater,kospi_return_1d,-9.035513357957825e-05
127,B,underwater,fx_level_z_252,-0.0325210839509964
127,alpha,,kospi_return_1d,0.029385464265942574
127,alpha,,fx_level_z_252,0.029979147017002106
128,beta,momentum,,-0.02993536740541458
128,beta,persist,,0.11748003959655762
128,beta,underwater,,0.019643545150756836
128,B,momentum,kospi_return_1d,0.002886812901124358
128,B,momentum,fx_level_z_252,-0.0013045304222032428
128,B,persist,kospi_return_1d,-0.006882103160023689
128,B,persist,fx_level_z_252,0.00016797460557427257
128,B,underwater,kospi_return_1d,-0.00021904823370277882
128,B,underwater,fx_level_z_252,-0.03248254582285881
128,alpha,,kospi_return_1d,0.02946002408862114
128,alpha,,fx_level_z_252,0.029845502227544785
129,beta,momentum,,-0.029965607449412346
129,beta,persist,,0.11779320985078812
129,beta,underwater,,0.019460830837488174
129,B,momentum,kospi_return_1d,0.0029293184634298086
129,B,momentum,fx_level_z_252,-0.0012468182248994708
129,B,persist,kospi_return_1d,-0.007028003688901663
129,B,persist,fx_level_z_252,0.0001827434462029487
129,B,underwater,kospi_return_1d,-9.720951493363827e-05
129,B,underwater,fx_level_z_252,-0.03233984485268593
129,alpha,,kospi_return_1d,0.02950374037027359
129,alpha,,fx_level_z_252,0.029839402064681053
130,beta,momentum,,-0.02998284064233303
130,beta,persist,,0.1181178167462349
130,beta,underwater,,0.019336512312293053
130,B,momentum,kospi_return_1d,0.0030154185369610786
130,B,momentum,fx_level_z_252,-0.0010904516093432903
130,B,persist,kospi_return_1d,-0.007070951163768768
130,B,persist,fx_level_z_252,-4.531358717940748e-05
130,B,underwater,kospi_return_1d,9.672947635408491e-05
130,B,underwater,fx_level_z_252,-0.032480839639902115
130,alpha,,kospi_return_1d,0.02961987443268299
130,alpha,,fx_level_z_252,0.02990097552537918
131,beta,momentum,,-0.030026765540242195
131,beta,persist,,0.11847008019685745
131,beta,underwater,,0.01923462003469467
131,B,momentum,kospi_return_1d,0.0031933579593896866
131,B,momentum,fx_level_z_252,-0.0009239165810868144
131,B,persist,kospi_return_1d,-0.007264094427227974
131,B,persist,fx_level_z_252,-0.00040316698141396046
131,B,underwater,kospi_return_1d,0.00025229001767002046
131,B,underwater,fx_level_z_252,-0.03263935074210167
131,alpha,,kospi_return_1d,0.02953045256435871
131,alpha,,fx_level_z_252,0.03007919155061245
132,beta,momentum,,-0.029992878437042236
132,beta,persist,,0.11879074573516846
132,beta,underwater,,0.019089486449956894
132,B,momentum,kospi_return_1d,0.00345404539257288
132,B,momentum,fx_level_z_252,-0.000850742100737989
132,B,persist,kospi_return_1d,-0.007428403943777084
132,B,persist,fx_level_z_252,-0.0006131519912742078
132,B,underwater,kospi_return_1d,0.0003155395679641515
132,B,underwater,fx_level_z_252,-0.032755207270383835
132,alpha,,kospi_return_1d,0.029484665021300316
132,alpha,,fx_level_z_252,0.030170366168022156
133,beta,momentum,,-0.029866764321923256
133,beta,persist,,0.11901538074016571
133,beta,underwater,,0.01896458864212036
133,B,momentum,kospi_return_1d,0.003621382173150778
133,B,momentum,fx_level_z_252,-0.0009247759007848799
133,B,persist,kospi_return_1d,-0.007628839462995529
133,B,persist,fx_level_z_252,-0.0005962403956800699
133,B,underwater,kospi_return_1d,0.00011109987099189311
133,B,underwater,fx_level_z_252,-0.032776813954114914
133,alpha,,kospi_return_1d,0.029496431350708008
133,alpha,,fx_level_z_252,0.030294135212898254
134,beta,momentum,,-0.029737506061792374
134,beta,persist,,0.11923910677433014
134,beta,underwater,,0.018908163532614708
134,B,momentum,kospi_return_1d,0.003807517932727933
134,B,momentum,fx_level_z_252,-0.0010154454503208399
134,B,persist,kospi_return_1d,-0.007831928320229053
134,B,persist,fx_level_z_252,-0.0004035141901113093
134,B,underwater,kospi_return_1d,-0.00014684000052511692
134,B,underwater,fx_level_z_252,-0.03276975452899933
134,alpha,,kospi_return_1d,0.02951878122985363
134,alpha,,fx_level_z_252,0.030322609469294548
135,beta,momentum,,-0.02962450124323368
135,beta,persist,,0.11942741274833679
135,beta,underwater,,0.018835527822375298
135,B,momentum,kospi_return_1d,0.00392385246232152
135,B,momentum,fx_level_z_252,-0.0012769915629178286
135,B,persist,kospi_return_1d,-0.007998519577085972
135,B,persist,fx_level_z_252,-7.587578147649765e-05
135,B,underwater,kospi_return_1d,-0.00026404164964333177
135,B,underwater,fx_level_z_252,-0.03251144289970398
135,alpha,,kospi_return_1d,0.02957937866449356
135,alpha,,fx_level_z_252,0.030307676643133163
136,beta,momentum,,-0.02955387346446514
136,beta,persist,,0.11958877742290497
136,beta,underwater,,0.01888403296470642
136,B,momentum,kospi_return_1d,0.004161783028393984
136,B,momentum,fx_level_z_252,-0.0016120132058858871
136,B,persist,kospi_return_1d,-0.008339105173945427
136,B,persist,fx_level_z_252,0.00037876854185014963
136,B,underwater,kospi_return_1d,-0.0004466852988116443
136,B,underwater,fx_level_z_252,-0.03208095207810402
136,alpha,,kospi_return_1d,0.029743297025561333
136,alpha,,fx_level_z_252,0.03030332736670971
137,beta,momentum,,-0.029466750100255013
137,beta,persist,,0.11974960565567017
137,beta,underwater,,0.01898537389934063
137,B,momentum,kospi_return_1d,0.0044730110093951225
137,B,momentum,fx_level_z_252,-0.0020852764137089252
137,B,persist,kospi_return_1d,-0.00864551030099392
137,B,persist,fx_level_z_252,0.0008451895555481315
137,B,underwater,kospi_return_1d,-0.0006545804208144546
137,B,underwater,fx_level_z_252,-0.03142521530389786
137,alpha,,kospi_return_1d,0.029854781925678253
137,alpha,,fx_level_z_252,0.030229033902287483
138,beta,momentum,,-0.029396193102002144
138,beta,persist,,0.11993726342916489
138,beta,underwater,,0.01910347118973732
138,B,momentum,kospi_return_1d,0.004653176758438349
138,B,momentum,fx_level_z_252,-0.0024784556590020657
138,B,persist,kospi_return_1d,-0.008961454033851624
138,B,persist,fx_level_z_252,0.0012858842965215445
138,B,underwater,kospi_return_1d,-0.0006527273799292743
138,B,underwater,fx_level_z_252,-0.030879924073815346
138,alpha,,kospi_return_1d,0.029863186180591583
138,alpha,,fx_level_z_252,0.030169755220413208
139,beta,momentum,,-0.029413407668471336
139,beta,persist,,0.12010923773050308
139,beta,underwater,,0.019208408892154694
139,B,momentum,kospi_return_1d,0.004535974934697151
139,B,momentum,fx_level_z_252,-0.0025811539962887764
139,B,persist,kospi_return_1d,-0.009209501557052135
139,B,persist,fx_level_z_252,0.0014497042866423726
139,B,underwater,kospi_return_1d,-0.0002791701699607074
139,B,underwater,fx_level_z_252,-0.030508073046803474
139,alpha,,kospi_return_1d,0.029775071889162064
139,alpha,,fx_level_z_252,0.030185874551534653
140,beta,momentum,,-0.02946745976805687
140,beta,persist,,0.12022715061903
140,beta,underwater,,0.01919097825884819
140,B,momentum,kospi_return_1d,0.004328183364123106
140,B,momentum,fx_level_z_252,-0.0025589640717953444
140,B,persist,kospi_return_1d,-0.00919971615076065
140,B,persist,fx_level_z_252,0.0015054878313094378
140,B,underwater,kospi_return_1d,9.221301297657192e-05
140,B,underwater,fx_level_z_252,-0.030298516154289246
140,alpha,,kospi_return_1d,0.029818695038557053
140,alpha,,fx_level_z_252,0.030124971643090248
141,beta,momentum,,-0.02945985645055771
141,beta,persist,,0.12037771195173264
141,beta,underwater,,0.019166186451911926
141,B,momentum,kospi_return_1d,0.004133765585720539
141,B,momentum,fx_level_z_252,-0.0024225686211138964
141,B,persist,kospi_return_1d,-0.009026178158819675
141,B,persist,fx_level_z_252,0.0012920203153043985
141,B,underwater,kospi_return_1d,0.0004665427841246128
141,B,underwater,fx_level_z_252,-0.030339393764734268
141,alpha,,kospi_return_1d,0.029966600239276886
141,alpha,,fx_level_z_252,0.03016214817762375
142,beta,momentum,,-0.029463965445756912
142,beta,persist,,0.12052872776985168
142,beta,underwater,,0.019136805087327957
142,B,momentum,kospi_return_1d,0.0038546714931726456
142,B,momentum,fx_level_z_252,-0.002236773492768407
142,B,persist,kospi_return_1d,-0.008819992654025555
142,B,persist,fx_level_z_252,0.0009391281055286527
142,B,underwater,kospi_return_1d,0.0006944370688870549
142,B,underwater,fx_level_z_252,-0.03040812350809574
142,alpha,,kospi_return_1d,0.03017302416265011
142,alpha,,fx_level_z_252,0.030131220817565918
143,beta,momentum,,-0.029430361464619637
143,beta,persist,,0.1206548660993576
143,beta,underwater,,0.019133036956191063
143,B,momentum,kospi_return_1d,0.003516116179525852
143,B,momentum,fx_level_z_252,-0.0020729023963212967
143,B,persist,kospi_return_1d,-0.008517836220562458
143,B,persist,fx_level_z_252,0.0006093958509154618
143,B,underwater,kospi_return_1d,0.0008399343932978809
143,B,underwater,fx_level_z_252,-0.030563073232769966
143,alpha,,kospi_return_1d,0.03042791411280632
143,alpha,,fx_level_z_252,0.030191753059625626
144,beta,momentum,,-0.0294471625238657
144,beta,persist,,0.12074516713619232
144,beta,underwater,,0.01911323517560959
144,B,momentum,kospi_return_1d,0.0031927558593451977
144,B,momentum,fx_level_z_252,-0.0019154776819050312
144,B,persist,kospi_return_1d,-0.008112053386867046
144,B,persist,fx_level_z_252,0.00013383175246417522
144,B,underwater,kospi_return_1d,0.0009005760657601058
144,B,underwater,fx_level_z_252,-0.03072235733270645
144,alpha,,kospi_return_1d,0.03089050203561783
144,alpha,,fx_level_z_252,0.030256981030106544
145,beta,momentum,,-0.02937607280910015
145,beta,persist,,0.12084644287824631
145,beta,underwater,,0.019046055153012276
145,B,momentum,kospi_return_1d,0.0029496722854673862
145,B,momentum,fx_level_z_252,-0.0017623716266825795
145,B,persist,kospi_return_1d,-0.007913203909993172
145,B,persist,fx_level_z_252,-0.0003468403883744031
145,B,underwater,kospi_return_1d,0.0007205764413811266
145,B,underwater,fx_level_z_252,-0.03092813678085804
145,alpha,,kospi_return_1d,0.03130907192826271
145,alpha,,fx_level_z_252,0.0302035603672266
146,beta,momentum,,-0.02927311882376671
146,beta,persist,,0.12101950496435165
146,beta,underwater,,0.01889447495341301
146,B,momentum,kospi_return_1d,0.002835208782926202
146,B,momentum,fx_level_z_252,-0.0015445377212017775
146,B,persist,kospi_return_1d,-0.007791745942085981
146,B,persist,fx_level_z_252,-0.0007676597451791167
146,B,underwater,kospi_return_1d,0.0004910133429802954
146,B,underwater,fx_level_z_252,-0.03127400577068329
146,alpha,,kospi_return_1d,0.0316443033516407
146,alpha,,fx_level_z_252,0.030025364831089973
147,beta,momentum,,-0.02901599556207657
147,beta,persist,,0.1211160346865654
147,beta,underwater,,0.018593115732073784
147,B,momentum,kospi_return_1d,0.0028735657688230276
147,B,momentum,fx_level_z_252,-0.0013098455965518951
147,B,persist,kospi_return_1d,-0.007691675331443548
147,B,persist,fx_level_z_252,-0.0010468428954482079
147,B,underwater,kospi_return_1d,0.00026668902137316763
147,B,underwater,fx_level_z_252,-0.031638629734516144
147,alpha,,kospi_return_1d,0.03199855238199234
147,alpha,,fx_level_z_252,0.029753517359495163
148,beta,momentum,,-0.028779515996575356
148,beta,persist,,0.12121263146400452
148,beta,underwater,,0.018336020410060883
148,B,momentum,kospi_return_1d,0.0029978665988892317
148,B,momentum,fx_level_z_252,-0.0012534575071185827
148,B,persist,kospi_return_1d,-0.007710401900112629
148,B,persist,fx_level_z_252,-0.0011392290471121669
148,B,underwater,kospi_return_1d,-0.00010167159780394286
148,B,underwater,fx_level_z_252,-0.0317254476249218
148,alpha,,kospi_return_1d,0.03224487230181694
148,alpha,,fx_level_z_252,0.02946334332227707
149,beta,momentum,,-0.02861742489039898
149,beta,persist,,0.12129726260900497
149,beta,underwater,,0.018165351822972298
149,B,momentum,kospi_return_1d,0.003198653692379594
149,B,momentum,fx_level_z_252,-0.001302213640883565
149,B,persist,kospi_return_1d,-0.007916299626231194
149,B,persist,fx_level_z_252,-0.0011223623296245933
149,B,underwater,kospi_return_1d,-0.0005041120457462966
149,B,underwater,fx_level_z_252,-0.03172125667333603
149,alpha,,kospi_return_1d,0.03244044631719589
149,alpha,,fx_level_z_252,0.02912142314016819
150,beta,momentum,,-0.028437059372663498
150,beta,persist,,0.12141714245080948
150,beta,underwater,,0.018022023141384125
150,B,momentum,kospi_return_1d,0.0035471159499138594
150,B,momentum,fx_level_z_252,-0.001447621500119567
150,B,persist,kospi_return_1d,-0.008175957947969437
150,B,persist,fx_level_z_252,-0.001045390497893095
150,B,underwater,kospi_return_1d,-0.0006562188500538468
150,B,underwater,fx_level_z_252,-0.03171743452548981
150,alpha,,kospi_return_1d,0.03264181688427925
150,alpha,,fx_level_z_252,0.028936026617884636
151,beta,momentum,,-0.028209511190652847
151,beta,persist,,0.12153054773807526
151,beta,underwater,,0.017869746312499046
151,B,momentum,kospi_return_1d,0.0037310111802071333
151,B,momentum,fx_level_z_252,-0.0014982232823967934
151,B,persist,kospi_return_1d,-0.008254848420619965
151,B,persist,fx_level_z_252,-0.0011410744627937675
151,B,underwater,kospi_return_1d,-0.0005594210233539343
151,B,underwater,fx_level_z_252,-0.03182373568415642
151,alpha,,kospi_return_1d,0.03294968232512474
151,alpha,,fx_level_z_252,0.02870156243443489
152,beta,momentum,,-0.028011757880449295
152,beta,persist,,0.12161782383918762
152,beta,underwater,,0.017657555639743805
152,B,momentum,kospi_return_1d,0.003933271858841181
152,B,momentum,fx_level_z_252,-0.0016576459165662527
152,B,persist,kospi_return_1d,-0.008390877395868301
152,B,persist,fx_level_z_252,-0.0013097681803628802
152,B,underwater,kospi_return_1d,-0.00020048710575792938
152,B,underwater,fx_level_z_252,-0.031884245574474335
152,alpha,,kospi_return_1d,0.033221758902072906
152,alpha,,fx_level_z_252,0.028387626633048058
153,beta,momentum,,-0.027846813201904297
153,beta,persist,,0.12171058356761932
153,beta,underwater,,0.017520513385534286
153,B,momentum,kospi_return_1d,0.004140895791351795
153,B,momentum,fx_level_z_252,-0.0016799912555143237
153,B,persist,kospi_return_1d,-0.008471019566059113
153,B,persist,fx_level_z_252,-0.0012963718036189675
153,B,underwater,kospi_return_1d,0.00021056448167655617
153,B,underwater,fx_level_z_252,-0.03187889605760574
153,alpha,,kospi_return_1d,0.033279165625572205
153,alpha,,fx_level_z_252,0.028243185952305794
154,beta,momentum,,-0.027720140293240547
154,beta,persist,,0.12184625118970871
154,beta,underwater,,0.0173646230250597
154,B,momentum,kospi_return_1d,0.004405704326927662
154,B,momentum,fx_level_z_252,-0.0017828561831265688
154,B,persist,kospi_return_1d,-0.008479814976453781
154,B,persist,fx_level_z_252,-0.0012237797491252422
154,B,underwater,kospi_return_1d,0.0005757420440204442
154,B,underwater,fx_level_z_252,-0.03179667145013809
154,alpha,,kospi_return_1d,0.03320292383432388
154,alpha,,fx_level_z_252,0.028062978759407997
155,beta,momentum,,-0.027650367468595505
155,beta,persist,,0.12196791172027588
155,beta,underwater,,0.01725783385336399
155,B,momentum,kospi_return_1d,0.004628642462193966
155,B,momentum,fx_level_z_252,-0.001960715977475047
155,B,persist,kospi_return_1d,-0.00849061831831932
155,B,persist,fx_level_z_252,-0.000923738582059741
155,B,underwater,kospi_return_1d,0.0007389046368189156
155,B,underwater,fx_level_z_252,-0.031526707112789154
155,alpha,,kospi_return_1d,0.033082619309425354
155,alpha,,fx_level_z_252,0.02790909633040428
156,beta,momentum,,-0.027519499883055687
156,beta,persist,,0.12204377353191376
156,beta,underwater,,0.017063550651073456
156,B,momentum,kospi_return_1d,0.004845055751502514
156,B,momentum,fx_level_z_252,-0.002157040638849139
156,B,persist,kospi_return_1d,-0.008734547533094883
156,B,persist,fx_level_z_252,-0.0005794477183371782
156,B,underwater,kospi_return_1d,0.0007719575078226626
156,B,underwater,fx_level_z_252,-0.03132857009768486
156,alpha,,kospi_return_1d,0.03307155892252922
156,alpha,,fx_level_z_252,0.027638427913188934
157,beta,momentum,,-0.027413100004196167
157,beta,persist,,0.12206327170133591
157,beta,underwater,,0.016885846853256226
157,B,momentum,kospi_return_1d,0.005028065759688616
157,B,momentum,fx_level_z_252,-0.002226395532488823
157,B,persist,kospi_return_1d,-0.008966260589659214
157,B,persist,fx_level_z_252,-0.00012909664656035602
157,B,underwater,kospi_return_1d,0.0006141327903605998
157,B,underwater,fx_level_z_252,-0.031123746186494827
157,alpha,,kospi_return_1d,0.03302508220076561
157,alpha,,fx_level_z_252,0.027531318366527557
158,beta,momentum,,-0.02750782109797001
158,beta,persist,,0.12210249155759811
158,beta,underwater,,0.016819234937429428
158,B,momentum,kospi_return_1d,0.005231187213212252
158,B,momentum,fx_level_z_252,-0.002219362184405327
158,B,persist,kospi_return_1d,-0.009135591797530651
158,B,persist,fx_level_z_252,0.0002595740952529013
158,B,underwater,kospi_return_1d,0.00015735650958959013
158,B,underwater,fx_level_z_252,-0.03089030086994171
158,alpha,,kospi_return_1d,0.03305511549115181
158,alpha,,fx_level_z_252,0.02765864133834839
159,beta,momentum,,-0.027639413252472878
159,beta,persist,,0.12212973833084106
159,beta,underwater,,0.016773050650954247
159,B,momentum,kospi_return_1d,0.005419821012765169
159,B,momentum,fx_level_z_252,-0.0021184429060667753
159,B,persist,kospi_return_1d,-0.009371653199195862
159,B,persist,fx_level_z_252,0.00032035631011240184
159,B,underwater,kospi_return_1d,-0.00026191474171355367
159,B,underwater,fx_level_z_252,-0.030836397781968117
159,alpha,,kospi_return_1d,0.033270031213760376
159,alpha,,fx_level_z_252,0.02790454961359501
160,beta,momentum,,-0.02789483405649662
160,beta,persist,,0.12220046669244766
160,beta,underwater,,0.016832897439599037
160,B,momentum,kospi_return_1d,0.005519246682524681
160,B,momentum,fx_level_z_252,-0.0017484116833657026
160,B,persist,kospi_return_1d,-0.009634491987526417
160,B,persist,fx_level_z_252,0.00026412750594317913
160,B,underwater,kospi_return_1d,-0.0004735926049761474
160,B,underwater,fx_level_z_252,-0.0308089479804039
160,alpha,,kospi_return_1d,0.033311206847429276
160,alpha,,fx_level_z_252,0.02824861742556095
161,beta,momentum,,-0.028142359107732773
161,beta,persist,,0.12233090400695801
161,beta,underwater,,0.016836442053318024
161,B,momentum,kospi_return_1d,0.005568410269916058
161,B,momentum,fx_level_z_252,-0.0013286805478855968
161,B,persist,kospi_return_1d,-0.00978147890418768
161,B,persist,fx_level_z_252,-9.050563676282763e-05
161,B,underwater,kospi_return_1d,-0.0005437441868707538
161,B,underwater,fx_level_z_252,-0.030977966263890266
161,alpha,,kospi_return_1d,0.03327807039022446
161,alpha,,fx_level_z_252,0.028601886704564095
162,beta,momentum,,-0.028437716886401176
162,beta,persist,,0.12248344719409943
162,beta,underwater,,0.01691776141524315
162,B,momentum,kospi_return_1d,0.005429087672382593
162,B,momentum,fx_level_z_252,-0.000923238112591207
162,B,persist,kospi_return_1d,-0.009783642366528511
162,B,persist,fx_level_z_252,-0.0004170030006207526
162,B,underwater,kospi_return_1d,-0.0005325361271388829
162,B,underwater,fx_level_z_252,-0.03114073909819126
162,alpha,,kospi_return_1d,0.033203672617673874
162,alpha,,fx_level_z_252,0.028962470591068268
163,beta,momentum,,-0.0287360567599535
163,beta,persist,,0.12263946980237961
163,beta,underwater,,0.01710434816777706
163,B,momentum,kospi_return_1d,0.00526891415938735
163,B,momentum,fx_level_z_252,-0.0006352924974635243
163,B,persist,kospi_return_1d,-0.00986633449792862
163,B,persist,fx_level_z_252,-0.0007110756705515087
163,B,underwater,kospi_return_1d,-0.0004902830114588141
163,B,underwater,fx_level_z_252,-0.03113149106502533
163,alpha,,kospi_return_1d,0.03298579901456833
163,alpha,,fx_level_z_252,0.029377775266766548
164,beta,momentum,,-0.02887618914246559
164,beta,persist,,0.12277481704950333
164,beta,underwater,,0.017282122746109962
164,B,momentum,kospi_return_1d,0.005006289109587669
164,B,momentum,fx_level_z_252,-0.0005155348335392773
164,B,persist,kospi_return_1d,-0.00989794172346592
164,B,persist,fx_level_z_252,-0.0008505829027853906
164,B,underwater,kospi_return_1d,-0.00025191131862811744
164,B,underwater,fx_level_z_252,-0.03106011636555195
164,alpha,,kospi_return_1d,0.03275519609451294
164,alpha,,fx_level_z_252,0.02961035631597042
165,beta,momentum,,-0.028936902061104774
165,beta,persist,,0.12287478148937225
165,beta,underwater,,0.017381053417921066
165,B,momentum,kospi_return_1d,0.0049033151008188725
165,B,momentum,fx_level_z_252,-0.0004609712050296366
165,B,persist,kospi_return_1d,-0.009889883920550346
165,B,persist,fx_level_z_252,-0.0008878077496774495
165,B,underwater,kospi_return_1d,-0.0001230658235726878
165,B,underwater,fx_level_z_252,-0.031052831560373306
165,alpha,,kospi_return_1d,0.03264237940311432
165,alpha,,fx_level_z_252,0.02980351634323597
166,beta,momentum,,-0.0289873406291008
166,beta,persist,,0.12299410998821259
166,beta,underwater,,0.0175198782235384
166,B,momentum,kospi_return_1d,0.004810485988855362
166,B,momentum,fx_level_z_252,-0.0003887830243911594
166,B,persist,kospi_return_1d,-0.009776761755347252
166,B,persist,fx_level_z_252,-0.0008900180691853166
166,B,underwater,kospi_return_1d,2.5029818061739206e-05
166,B,underwater,fx_level_z_252,-0.031039968132972717
166,alpha,,kospi_return_1d,0.03258100524544716
166,alpha,,fx_level_z_252,0.030038289725780487
167,beta,momentum,,-0.02908102422952652
167,beta,persist,,0.12313412874937057
167,beta,underwater,,0.01766817271709442
167,B,momentum,kospi_return_1d,0.004576459527015686
167,B,momentum,fx_level_z_252,-0.0002767725964076817
167,B,persist,kospi_return_1d,-0.009445794858038425
167,B,persist,fx_level_z_252,-0.0010161767713725567
167,B,underwater,kospi_return_1d,0.0003093285777140409
167,B,underwater,fx_level_z_252,-0.030905693769454956
167,alpha,,kospi_return_1d,0.032452698796987534
167,alpha,,fx_level_z_252,0.030032295733690262
168,beta,momentum,,-0.029164176434278488
168,beta,persist,,0.12329398095607758
168,beta,underwater,,0.017680780962109566
168,B,momentum,kospi_return_1d,0.004254675470292568
168,B,momentum,fx_level_z_252,-5.9431171393953264e-05
168,B,persist,kospi_return_1d,-0.009091105312108994
168,B,persist,fx_level_z_252,-0.0013157177018001676
168,B,underwater,kospi_return_1d,0.00039846787694841623
168,B,underwater,fx_level_z_252,-0.03102894313633442
168,alpha,,kospi_return_1d,0.03247601538896561
168,alpha,,fx_level_z_252,0.029992250725626945
169,beta,momentum,,-0.02923404611647129
169,beta,persist,,0.12342380732297897
169,beta,underwater,,0.017607390880584717
169,B,momentum,kospi_return_1d,0.004187169950455427
169,B,momentum,fx_level_z_252,-5.4967917094472796e-05
169,B,persist,kospi_return_1d,-0.008919388987123966
169,B,persist,fx_level_z_252,-0.0014393293531611562
169,B,underwater,kospi_return_1d,0.00037665487616322935
169,B,underwater,fx_level_z_252,-0.03108138218522072
169,alpha,,kospi_return_1d,0.03237082064151764
169,alpha,,fx_level_z_252,0.030019504949450493
170,beta,momentum,,-0.02927890233695507
170,beta,persist,,0.12350897490978241
170,beta,underwater,,0.017609812319278717
170,B,momentum,kospi_return_1d,0.004077759571373463
170,B,momentum,fx_level_z_252,-0.00013403574121184647
170,B,persist,kospi_return_1d,-0.008848722092807293
170,B,persist,fx_level_z_252,-0.0015193483559414744
170,B,underwater,kospi_return_1d,0.00040246351272799075
170,B,underwater,fx_level_z_252,-0.030927015468478203
170,alpha,,kospi_return_1d,0.03226768225431442
170,alpha,,fx_level_z_252,0.03010936640202999
171,beta,momentum,,-0.029257122427225113
171,beta,persist,,0.12352776527404785
171,beta,underwater,,0.017561474815011024
171,B,momentum,kospi_return_1d,0.003987422678619623
171,B,momentum,fx_level_z_252,-0.00015531963435932994
171,B,persist,kospi_return_1d,-0.008729654364287853
171,B,persist,fx_level_z_252,-0.0015769528690725565
171,B,underwater,kospi_return_1d,0.000311395589960739
171,B,underwater,fx_level_z_252,-0.030738316476345062
171,alpha,,kospi_return_1d,0.03232327476143837
171,alpha,,fx_level_z_252,0.030107226222753525
172,beta,momentum,,-0.02919348143041134
172,beta,persist,,0.12358435988426208
172,beta,underwater,,0.01748466119170189
172,B,momentum,kospi_return_1d,0.004110395442694426
172,B,momentum,fx_level_z_252,-0.0003851718211080879
172,B,persist,kospi_return_1d,-0.00888011697679758
172,B,persist,fx_level_z_252,-0.001440108404494822
172,B,underwater,kospi_return_1d,-0.00011502979032229632
172,B,underwater,fx_level_z_252,-0.030299343168735504
172,alpha,,kospi_return_1d,0.03235577791929245
172,alpha,,fx_level_z_252,0.030063334852457047
173,beta,momentum,,-0.029061177745461464
173,beta,persist,,0.12358826398849487
173,beta,underwater,,0.017368538305163383
173,B,momentum,kospi_return_1d,0.004255283623933792
173,B,momentum,fx_level_z_252,-0.0006227035191841424
173,B,persist,kospi_return_1d,-0.009170802310109138
173,B,persist,fx_level_z_252,-0.001247912528924644
173,B,underwater,kospi_return_1d,-0.00040933163836598396
173,B,underwater,fx_level_z_252,-0.029950695112347603
173,alpha,,kospi_return_1d,0.032509446144104004
173,alpha,,fx_level_z_252,0.030047738924622536
174,beta,momentum,,-0.02888118289411068
174,beta,persist,,0.12361106276512146
174,beta,underwater,,0.017271142452955246
174,B,momentum,kospi_return_1d,0.004153792280703783
174,B,momentum,fx_level_z_252,-0.0008508256287313998
174,B,persist,kospi_return_1d,-0.00918047409504652
174,B,persist,fx_level_z_252,-0.001202740939334035
174,B,underwater,kospi_return_1d,-0.0003194167511537671
174,B,underwater,fx_level_z_252,-0.029707252979278564
174,alpha,,kospi_return_1d,0.03259703889489174
174,alpha,,fx_level_z_252,0.03005487471818924
175,beta,momentum,,-0.02864963933825493
175,beta,persist,,0.12356673926115036
175,beta,underwater,,0.017165256664156914
175,B,momentum,kospi_return_1d,0.004144593607634306
175,B,momentum,fx_level_z_252,-0.001064553391188383
175,B,persist,kospi_return_1d,-0.00906230229884386
175,B,persist,fx_level_z_252,-0.0011475831270217896
175,B,underwater,kospi_return_1d,-0.00024015277449507266
175,B,underwater,fx_level_z_252,-0.029376620426774025
175,alpha,,kospi_return_1d,0.032895758748054504
175,alpha,,fx_level_z_252,0.029982855543494225
176,beta,momentum,,-0.02835731953382492
176,beta,persist,,0.12354295700788498
176,beta,underwater,,0.01700669899582863
176,B,momentum,kospi_return_1d,0.004119031131267548
176,B,momentum,fx_level_z_252,-0.001221368438564241
176,B,persist,kospi_return_1d,-0.0089924531057477
176,B,persist,fx_level_z_252,-0.0011592884548008442
176,B,underwater,kospi_return_1d,-0.00015478613204322755
176,B,underwater,fx_level_z_252,-0.029038172215223312
176,alpha,,kospi_return_1d,0.03318637236952782
176,alpha,,fx_level_z_252,0.029798991978168488
177,beta,momentum,,-0.028215499594807625
177,beta,persist,,0.12356969714164734
177,beta,underwater,,0.016950810328125954
177,B,momentum,kospi_return_1d,0.0041360678151249886
177,B,momentum,fx_level_z_252,-0.0011801504297181964
177,B,persist,kospi_return_1d,-0.009035267867147923
177,B,persist,fx_level_z_252,-0.001010541571304202
177,B,underwater,kospi_return_1d,0.00011458872177172452
177,B,underwater,fx_level_z_252,-0.028818752616643906
177,alpha,,kospi_return_1d,0.033276088535785675
177,alpha,,fx_level_z_252,0.029630083590745926
178,beta,momentum,,-0.02813144028186798
178,beta,persist,,0.12362407147884369
178,beta,underwater,,0.016887009143829346
178,B,momentum,kospi_return_1d,0.004091986920684576
178,B,momentum,fx_level_z_252,-0.0011832378804683685
178,B,persist,kospi_return_1d,-0.009121048264205456
178,B,persist,fx_level_z_252,-0.000873197743203491
178,B,underwater,kospi_return_1d,0.00028024398488923907
178,B,underwater,fx_level_z_252,-0.02865627221763134
178,alpha,,kospi_return_1d,0.033300869166851044
178,alpha,,fx_level_z_252,0.029486702755093575
179,beta,momentum,,-0.027965564280748367
179,beta,persist,,0.12364847213029861
179,beta,underwater,,0.016828102990984917
179,B,momentum,kospi_return_1d,0.004217235837131739
179,B,momentum,fx_level_z_252,-0.0011160210706293583
179,B,persist,kospi_return_1d,-0.009323028847575188
179,B,persist,fx_level_z_252,-0.000764470431022346
179,B,underwater,kospi_return_1d,0.00027785426937043667
179,B,underwater,fx_level_z_252,-0.028695866465568542
179,alpha,,kospi_return_1d,0.033426087349653244
179,alpha,,fx_level_z_252,0.029318027198314667
180,beta,momentum,,-0.0279545895755291
180,beta,persist,,0.1236719936132431
180,beta,underwater,,0.016888737678527832
180,B,momentum,kospi_return_1d,0.004250324331223965
180,B,momentum,fx_level_z_252,-0.0009814831428229809
180,B,persist,kospi_return_1d,-0.009312405250966549
180,B,persist,fx_level_z_252,-0.0005149029893800616
180,B,underwater,kospi_return_1d,0.00023389760463032871
180,B,underwater,fx_level_z_252,-0.02856777049601078
180,alpha,,kospi_return_1d,0.033398691564798355
180,alpha,,fx_level_z_252,0.029215240851044655
181,beta,momentum,,-0.027984296903014183
181,beta,persist,,0.12370938062667847
181,beta,underwater,,0.017009099945425987
181,B,momentum,kospi_return_1d,0.0041160923428833485
181,B,momentum,fx_level_z_252,-0.000661976111587137
181,B,persist,kospi_return_1d,-0.009277448989450932
181,B,persist,fx_level_z_252,-0.00033820123644545674
181,B,underwater,kospi_return_1d,3.302442928543314e-05
181,B,underwater,fx_level_z_252,-0.02873527817428112
181,alpha,,kospi_return_1d,0.03320961818099022
181,alpha,,fx_level_z_252,0.029173286631703377
182,beta,momentum,,-0.028079690411686897
182,beta,persist,,0.12377899885177612
182,beta,underwater,,0.017263270914554596
182,B,momentum,kospi_return_1d,0.003960530273616314
182,B,momentum,fx_level_z_252,-0.0006119891768321395
182,B,persist,kospi_return_1d,-0.009254139848053455
182,B,persist,fx_level_z_252,-0.000128659259644337
182,B,underwater,kospi_return_1d,-0.00016090588178485632
182,B,underwater,fx_level_z_252,-0.028641602024435997
182,alpha,,kospi_return_1d,0.033099666237831116
182,alpha,,fx_level_z_252,0.029222585260868073
183,beta,momentum,,-0.028256159275770187
183,beta,persist,,0.12391156703233719
183,beta,underwater,,0.017463726922869682
183,B,momentum,kospi_return_1d,0.0037305306177586317
183,B,momentum,fx_level_z_252,-0.00041708280332386494
183,B,persist,kospi_return_1d,-0.009119030088186264
183,B,persist,fx_level_z_252,-3.7307036109268665e-05
183,B,underwater,kospi_return_1d,-4.5125478209229186e-05
183,B,underwater,fx_level_z_252,-0.028561968356370926
183,alpha,,kospi_return_1d,0.03293133154511452
183,alpha,,fx_level_z_252,0.02931170165538788
184,beta,momentum,,-0.028355039656162262
184,beta,persist,,0.12397442758083344
184,beta,underwater,,0.017614366486668587
184,B,momentum,kospi_return_1d,0.0036761558149009943
184,B,momentum,fx_level_z_252,-0.00044916151091456413
184,B,persist,kospi_return_1d,-0.009133355692029
184,B,persist,fx_level_z_252,0.00017037855286616832
184,B,underwater,kospi_return_1d,6.891737575642765e-05
184,B,underwater,fx_level_z_252,-0.028435641899704933
184,alpha,,kospi_return_1d,0.03291209414601326
184,alpha,,fx_level_z_252,0.02936079539358616
185,beta,momentum,,-0.02840564027428627
185,beta,persist,,0.12400540709495544
185,beta,underwater,,0.017606612294912338
185,B,momentum,kospi_return_1d,0.0035219367127865553
185,B,momentum,fx_level_z_252,-0.00048115511890500784
185,B,persist,kospi_return_1d,-0.009003202430903912
185,B,persist,fx_level_z_252,0.00011041555262636393
185,B,underwater,kospi_return_1d,0.00026387209072709084
185,B,underwater,fx_level_z_252,-0.028459016233682632
185,alpha,,kospi_return_1d,0.032897066324949265
185,alpha,,fx_level_z_252,0.02941335178911686
186,beta,momentum,,-0.028434479609131813
186,beta,persist,,0.12404298037290573
186,beta,underwater,,0.017552273347973824
186,B,momentum,kospi_return_1d,0.0032106880098581314
186,B,momentum,fx_level_z_252,-0.000580178399104625
186,B,persist,kospi_return_1d,-0.008809937164187431
186,B,persist,fx_level_z_252,-5.9395755670266226e-05
186,B,underwater,kospi_return_1d,0.00048084143782034516
186,B,underwater,fx_level_z_252,-0.028418373316526413
186,alpha,,kospi_return_1d,0.032855719327926636
186,alpha,,fx_level_z_252,0.02946632355451584
187,beta,momentum,,-0.02854364551603794
187,beta,persist,,0.12410231679677963
187,beta,underwater,,0.017625531181693077
187,B,momentum,kospi_return_1d,0.0028442719485610723
187,B,momentum,fx_level_z_252,-0.0008107265457510948
187,B,persist,kospi_return_1d,-0.008631471544504166
187,B,persist,fx_level_z_252,-6.164504156913608e-05
187,B,underwater,kospi_return_1d,0.00048095881356857717
187,B,underwater,fx_level_z_252,-0.02828323468565941
187,alpha,,kospi_return_1d,0.03282187879085541
187,alpha,,fx_level_z_252,0.029684709385037422
188,beta,momentum,,-0.02867426723241806
188,beta,persist,,0.1241624504327774
188,beta,underwater,,0.0176707673817873
188,B,momentum,kospi_return_1d,0.0024448700714856386
188,B,momentum,fx_level_z_252,-0.000988619402050972
188,B,persist,kospi_return_1d,-0.008707133121788502
188,B,persist,fx_level_z_252,-3.8204307202249765e-05
188,B,underwater,kospi_return_1d,0.00021035036479588598
188,B,underwater,fx_level_z_252,-0.028120264410972595
188,alpha,,kospi_return_1d,0.03283543512225151
188,alpha,,fx_level_z_252,0.029801473021507263
189,beta,momentum,,-0.02879081293940544
189,beta,persist,,0.12421850860118866
189,beta,underwater,,0.01771138608455658
189,B,momentum,kospi_return_1d,0.0021022907458245754
189,B,momentum,fx_level_z_252,-0.001206354470923543
189,B,persist,kospi_return_1d,-0.008771389722824097
189,B,persist,fx_level_z_252,0.00010350010416004807
189,B,underwater,kospi_return_1d,-9.363348362967372e-05
189,B,underwater,fx_level_z_252,-0.027958238497376442
189,alpha,,kospi_return_1d,0.03271840885281563
189,alpha,,fx_level_z_252,0.030092373490333557
190,beta,momentum,,-0.028894882649183273
190,beta,persist,,0.12432055920362473
190,beta,underwater,,0.01786922849714756
190,B,momentum,kospi_return_1d,0.001585163758136332
190,B,momentum,fx_level_z_252,-0.0014908579178154469
190,B,persist,kospi_return_1d,-0.008744134567677975
190,B,persist,fx_level_z_252,0.0003180768107995391
190,B,underwater,kospi_return_1d,-8.414361218456179e-05
190,B,underwater,fx_level_z_252,-0.02768881618976593
190,alpha,,kospi_return_1d,0.03244826942682266
190,alpha,,fx_level_z_252,0.030235372483730316
191,beta,momentum,,-0.028967561200261116
191,beta,persist,,0.12441294640302658
191,beta,underwater,,0.017892932519316673
191,B,momentum,kospi_return_1d,0.0011500708060339093
191,B,momentum,fx_level_z_252,-0.001774288946762681
191,B,persist,kospi_return_1d,-0.008715911768376827
191,B,persist,fx_level_z_252,0.0003762340929824859
191,B,underwater,kospi_return_1d,3.463663597358391e-05
191,B,underwater,fx_level_z_252,-0.027577850967645645
191,alpha,,kospi_return_1d,0.03227309137582779
191,alpha,,fx_level_z_252,0.03020380809903145
192,beta,momentum,,-0.028964301571249962
192,beta,persist,,0.1244596615433693
192,beta,underwater,,0.017967991530895233
192,B,momentum,kospi_return_1d,0.0008798370836302638
192,B,momentum,fx_level_z_252,-0.0020330683328211308
192,B,persist,kospi_return_1d,-0.008687804453074932
192,B,persist,fx_level_z_252,0.00026391790015622973
192,B,underwater,kospi_return_1d,0.00014507892774417996
192,B,underwater,fx_level_z_252,-0.02749663218855858
192,alpha,,kospi_return_1d,0.03236110508441925
192,alpha,,fx_level_z_252,0.03005911596119404
193,beta,momentum,,-0.028955545276403427
193,beta,persist,,0.12457425892353058
193,beta,underwater,,0.01811758428812027
193,B,momentum,kospi_return_1d,0.0009869469795376062
193,B,momentum,fx_level_z_252,-0.0022302891593426466
193,B,persist,kospi_return_1d,-0.008689840324223042
193,B,persist,fx_level_z_252,-0.00017511377518530935
193,B,underwater,kospi_return_1d,7.719610584899783e-05
193,B,underwater,fx_level_z_252,-0.027510615065693855
193,alpha,,kospi_return_1d,0.03243503347039223
193,alpha,,fx_level_z_252,0.0300043523311615
194,beta,momentum,,-0.0288675669580698
194,beta,persist,,0.12461194396018982
194,beta,underwater,,0.018225526437163353
194,B,momentum,kospi_return_1d,0.001317631104029715
194,B,momentum,fx_level_z_252,-0.002353980438783765
194,B,persist,kospi_return_1d,-0.008690120652318
194,B,persist,fx_level_z_252,-0.0005532746436074376
194,B,underwater,kospi_return_1d,-9.969521488528699e-05
194,B,underwater,fx_level_z_252,-0.027599409222602844
194,alpha,,kospi_return_1d,0.032666150480508804
194,alpha,,fx_level_z_252,0.029955372214317322
195,beta,momentum,,-0.028662579134106636
195,beta,persist,,0.12457801401615143
195,beta,underwater,,0.018206093460321426
195,B,momentum,kospi_return_1d,0.001441855332814157
195,B,momentum,fx_level_z_252,-0.0023732006084173918
195,B,persist,kospi_return_1d,-0.0086931511759758
195,B,persist,fx_level_z_252,-0.0010010069236159325
195,B,underwater,kospi_return_1d,-0.00012863302254118025
195,B,underwater,fx_level_z_252,-0.027857821434736252
195,alpha,,kospi_return_1d,0.03279297798871994
195,alpha,,fx_level_z_252,0.02978646755218506
196,beta,momentum,,-0.028521593660116196
196,beta,persist,,0.1245528906583786
196,beta,underwater,,0.018225092440843582
196,B,momentum,kospi_return_1d,0.0017452387837693095
196,B,momentum,fx_level_z_252,-0.0023978326935321093
196,B,persist,kospi_return_1d,-0.008622005581855774
196,B,persist,fx_level_z_252,-0.0013191818725317717
196,B,underwater,kospi_return_1d,-0.00012658916239161044
196,B,underwater,fx_level_z_252,-0.02800002321600914
196,alpha,,kospi_return_1d,0.03294118866324425
196,alpha,,fx_level_z_252,0.029684675857424736
197,beta,momentum,,-0.028442833572626114
197,beta,persist,,0.12455129623413086
197,beta,underwater,,0.01828864775598049
197,B,momentum,kospi_return_1d,0.0019872754346579313
197,B,momentum,fx_level_z_252,-0.0023688040673732758
197,B,persist,kospi_return_1d,-0.008406626991927624
197,B,persist,fx_level_z_252,-0.0013900919584557414
197,B,underwater,kospi_return_1d,6.235351611394435e-05
197,B,underwater,fx_level_z_252,-0.028094587847590446
197,alpha,,kospi_return_1d,0.03320657089352608
197,alpha,,fx_level_z_252,0.02958039566874504
198,beta,momentum,,-0.02825740911066532
198,beta,persist,,0.12453063577413559
198,beta,underwater,,0.018227593973279
198,B,momentum,kospi_return_1d,0.002456240588799119
198,B,momentum,fx_level_z_252,-0.0025425434578210115
198,B,persist,kospi_return_1d,-0.00837674643844366
198,B,persist,fx_level_z_252,-0.0014388284180313349
198,B,underwater,kospi_return_1d,0.00014931801706552505
198,B,underwater,fx_level_z_252,-0.02812141738831997
198,alpha,,kospi_return_1d,0.033421505242586136
198,alpha,,fx_level_z_252,0.02945942059159279
199,beta,momentum,,-0.028033845126628876
199,beta,persist,,0.12449595332145691
199,beta,underwater,,0.01805095560848713
199,B,momentum,kospi_return_1d,0.0028521514032036066
199,B,momentum,fx_level_z_252,-0.0025790187064558268
199,B,persist,kospi_return_1d,-0.008547665551304817
199,B,persist,fx_level_z_252,-0.001550614950247109
199,B,underwater,kospi_return_1d,0.00010077560727950186
199,B,underwater,fx_level_z_252,-0.02826814167201519
199,alpha,,kospi_return_1d,0.03368230536580086
199,alpha,,fx_level_z_252,0.029332183301448822
200,beta,momentum,,-0.027809103950858116
200,beta,persist,,0.12440552562475204
200,beta,underwater,,0.01788129284977913
200,B,momentum,kospi_return_1d,0.0032250233925879
200,B,momentum,fx_level_z_252,-0.0025318602565675974
200,B,persist,kospi_return_1d,-0.00866551510989666
200,B,persist,fx_level_z_252,-0.0015286264242604375
200,B,underwater,kospi_return_1d,4.0691935282666236e-05
200,B,underwater,fx_level_z_252,-0.028464466333389282
200,alpha,,kospi_return_1d,0.033999003469944
200,alpha,,fx_level_z_252,0.029359666630625725
201,beta,momentum,,-0.027654562145471573
201,beta,persist,,0.12433144450187683
201,beta,underwater,,0.017755679786205292
201,B,momentum,kospi_return_1d,0.0034287539310753345
201,B,momentum,fx_level_z_252,-0.0023844593670219183
201,B,persist,kospi_return_1d,-0.00897212140262127
201,B,persist,fx_level_z_252,-0.001488560694269836
201,B,underwater,kospi_return_1d,-0.0001455495657864958
201,B,underwater,fx_level_z_252,-0.02870284952223301
201,alpha,,kospi_return_1d,0.034139566123485565
201,alpha,,fx_level_z_252,0.02943519502878189
202,beta,momentum,,-0.027452196925878525
202,beta,persist,,0.12426439672708511
202,beta,underwater,,0.017657076939940453
202,B,momentum,kospi_return_1d,0.003767087822780013
202,B,momentum,fx_level_z_252,-0.0021560359746217728
202,B,persist,kospi_return_1d,-0.009311876259744167
202,B,persist,fx_level_z_252,-0.0014515046495944262
202,B,underwater,kospi_return_1d,-0.00031396554550155997
202,B,underwater,fx_level_z_252,-0.029090143740177155
202,alpha,,kospi_return_1d,0.03430430591106415
202,alpha,,fx_level_z_252,0.02941885031759739
203,beta,momentum,,-0.027303852140903473
203,beta,persist,,0.12411587685346603
203,beta,underwater,,0.017566099762916565
203,B,momentum,kospi_return_1d,0.004059957806020975
203,B,momentum,fx_level_z_252,-0.0018402960849925876
203,B,persist,kospi_return_1d,-0.009624006226658821
203,B,persist,fx_level_z_252,-0.0014205470215529203
203,B,underwater,kospi_return_1d,-0.0003565549268387258
203,B,underwater,fx_level_z_252,-0.02948232926428318
203,alpha,,kospi_return_1d,0.03424651920795441
203,alpha,,fx_level_z_252,0.029434839263558388
204,beta,momentum,,-0.027204465121030807
204,beta,persist,,0.12406447529792786
204,beta,underwater,,0.01751875691115856
204,B,momentum,kospi_return_1d,0.004137862008064985
204,B,momentum,fx_level_z_252,-0.0014953346690163016
204,B,persist,kospi_return_1d,-0.009823787957429886
204,B,persist,fx_level_z_252,-0.0013028518296778202
204,B,underwater,kospi_return_1d,-0.00020187691552564502
204,B,underwater,fx_level_z_252,-0.029807966202497482
204,alpha,,kospi_return_1d,0.03393753990530968
204,alpha,,fx_level_z_252,0.029321514070034027
205,beta,momentum,,-0.027095332741737366
205,beta,persist,,0.12400542944669724
205,beta,underwater,,0.01741158775985241
205,B,momentum,kospi_return_1d,0.0041285851038992405
205,B,momentum,fx_level_z_252,-0.001172090182080865
205,B,persist,kospi_return_1d,-0.009784798137843609
205,B,persist,fx_level_z_252,-0.0010619214735925198
205,B,underwater,kospi_return_1d,0.0001232802460435778
205,B,underwater,fx_level_z_252,-0.03006932884454727
205,alpha,,kospi_return_1d,0.03370556980371475
205,alpha,,fx_level_z_252,0.029102804139256477
206,beta,momentum,,-0.026986587792634964
206,beta,persist,,0.12395250797271729
206,beta,underwater,,0.017230220139026642
206,B,momentum,kospi_return_1d,0.004112650640308857
206,B,momentum,fx_level_z_252,-0.0009003586019389331
206,B,persist,kospi_return_1d,-0.009894111193716526
206,B,persist,fx_level_z_252,-0.0007523020030930638
206,B,underwater,kospi_return_1d,0.0002353335585212335
206,B,underwater,fx_level_z_252,-0.030217941850423813
206,alpha,,kospi_return_1d,0.03339609503746033
206,alpha,,fx_level_z_252,0.028820201754570007
207,beta,momentum,,-0.026971591636538506
207,beta,persist,,0.12397843599319458
207,beta,underwater,,0.017124002799391747
207,B,momentum,kospi_return_1d,0.004140074364840984
207,B,momentum,fx_level_z_252,-0.0005878062220290303
207,B,persist,kospi_return_1d,-0.009809860959649086
207,B,persist,fx_level_z_252,-0.0003702729009091854
207,B,underwater,kospi_return_1d,0.00030648469692096114
207,B,underwater,fx_level_z_252,-0.030444396659731865
207,alpha,,kospi_return_1d,0.03305051848292351
207,alpha,,fx_level_z_252,0.028487391769886017
208,beta,momentum,,-0.026934221386909485
208,beta,persist,,0.12397055327892303
208,beta,underwater,,0.016951557248830795
208,B,momentum,kospi_return_1d,0.004117458127439022
208,B,momentum,fx_level_z_252,-0.0002228363009635359
208,B,persist,kospi_return_1d,-0.009545251727104187
208,B,persist,fx_level_z_252,-0.00022179014922585338
208,B,underwater,kospi_return_1d,0.0003661791270133108
208,B,underwater,fx_level_z_252,-0.030678775161504745
208,alpha,,kospi_return_1d,0.03291165828704834
208,alpha,,fx_level_z_252,0.028175484389066696
209,beta,momentum,,-0.027066439390182495
209,beta,persist,,0.12402071803808212
209,beta,underwater,,0.01685408689081669
209,B,momentum,kospi_return_1d,0.0041208029724657536
209,B,momentum,fx_level_z_252,6.910994852660224e-05
209,B,persist,kospi_return_1d,-0.009468491189181805
209,B,persist,fx_level_z_252,-0.00013368463260121644
209,B,underwater,kospi_return_1d,1.824715582188219e-05
209,B,underwater,fx_level_z_252,-0.03070560283958912
209,alpha,,kospi_return_1d,0.03274255618453026
209,alpha,,fx_level_z_252,0.028052499517798424
210,beta,momentum,,-0.027358785271644592
210,beta,persist,,0.12407156825065613
210,beta,underwater,,0.016887353733181953
210,B,momentum,kospi_return_1d,0.0038066869601607323
210,B,momentum,fx_level_z_252,0.00010257989197270945
210,B,persist,kospi_return_1d,-0.009342124685645103
210,B,persist,fx_level_z_252,-3.8950405723880976e-05
210,B,underwater,kospi_return_1d,-0.00032821018248796463
210,B,underwater,fx_level_z_252,-0.030641283839941025
210,alpha,,kospi_return_1d,0.032627467066049576
210,alpha,,fx_level_z_252,0.028102247044444084
211,beta,momentum,,-0.02770272083580494
211,beta,persist,,0.12417922914028168
211,beta,underwater,,0.016968222334980965
211,B,momentum,kospi_return_1d,0.0033569694496691227
211,B,momentum,fx_level_z_252,-6.781834235880524e-05
211,B,persist,kospi_return_1d,-0.009295559488236904
211,B,persist,fx_level_z_252,-4.1884297388605773e-05
211,B,underwater,kospi_return_1d,-0.0004084531683474779
211,B,underwater,fx_level_z_252,-0.030516888946294785
211,alpha,,kospi_return_1d,0.03244980052113533
211,alpha,,fx_level_z_252,0.0283459834754467
212,beta,momentum,,-0.028081946074962616
212,beta,persist,,0.12427597492933273
212,beta,underwater,,0.017076782882213593
212,B,momentum,kospi_return_1d,0.002947542816400528
212,B,momentum,fx_level_z_252,-0.00039721530629321933
212,B,persist,kospi_return_1d,-0.009173561818897724
212,B,persist,fx_level_z_252,8.093711221590638e-05
212,B,underwater,kospi_return_1d,-0.0005030236789025366
212,B,underwater,fx_level_z_252,-0.03031347505748272
212,alpha,,kospi_return_1d,0.03226105868816376
212,alpha,,fx_level_z_252,0.028465352952480316
213,beta,momentum,,-0.028528790920972824
213,beta,persist,,0.12444084882736206
213,beta,underwater,,0.01728665456175804
213,B,momentum,kospi_return_1d,0.0023628943599760532
213,B,momentum,fx_level_z_252,-0.0005400757072493434
213,B,persist,kospi_return_1d,-0.008910252712666988
213,B,persist,fx_level_z_252,-4.676148819271475e-06
213,B,underwater,kospi_return_1d,-0.00043587121763266623
213,B,underwater,fx_level_z_252,-0.03008488565683365
213,alpha,,kospi_return_1d,0.03210258111357689
213,alpha,,fx_level_z_252,0.02856419049203396
214,beta,momentum,,-0.0288846455514431
214,beta,persist,,0.1245812401175499
214,beta,underwater,,0.017428556457161903
214,B,momentum,kospi_return_1d,0.0018431621138006449
214,B,momentum,fx_level_z_252,-0.0006859824643470347
214,B,persist,kospi_return_1d,-0.008840173482894897
214,B,persist,fx_level_z_252,-9.197336476063356e-05
214,B,underwater,kospi_return_1d,-0.0003363136202096939
214,B,underwater,fx_level_z_252,-0.029883189126849174
214,alpha,,kospi_return_1d,0.03185373917222023
214,alpha,,fx_level_z_252,0.028624849393963814
215,beta,momentum,,-0.0291476808488369
215,beta,persist,,0.12461179494857788
215,beta,underwater,,0.0174332894384861
215,B,momentum,kospi_return_1d,0.0015485103940591216
215,B,momentum,fx_level_z_252,-0.0008581136935390532
215,B,persist,kospi_return_1d,-0.00893761683255434
215,B,persist,fx_level_z_252,5.511772178579122e-05
215,B,underwater,kospi_return_1d,-0.00026340968906879425
215,B,underwater,fx_level_z_252,-0.02969149872660637
215,alpha,,kospi_return_1d,0.03184627369046211
215,alpha,,fx_level_z_252,0.028679054230451584
216,beta,momentum,,-0.029329096898436546
216,beta,persist,,0.12470757961273193
216,beta,underwater,,0.017433136701583862
216,B,momentum,kospi_return_1d,0.0014570410130545497
216,B,momentum,fx_level_z_252,-0.001019381801597774
216,B,persist,kospi_return_1d,-0.009116156026721
216,B,persist,fx_level_z_252,6.06858084211126e-05
216,B,underwater,kospi_return_1d,-0.0001133994446718134
216,B,underwater,fx_level_z_252,-0.029531482607126236
216,alpha,,kospi_return_1d,0.03179776668548584
216,alpha,,fx_level_z_252,0.02871086820960045
217,beta,momentum,,-0.029567060992121696
217,beta,persist,,0.12483195960521698
217,beta,underwater,,0.017568008974194527
217,B,momentum,kospi_return_1d,0.0016105188988149166
217,B,momentum,fx_level_z_252,-0.0012493381509557366
217,B,persist,kospi_return_1d,-0.009457818232476711
217,B,persist,fx_level_z_252,0.00012279412476345897
217,B,underwater,kospi_return_1d,-6.560664041899145e-05
217,B,underwater,fx_level_z_252,-0.02924334444105625
217,alpha,,kospi_return_1d,0.03170390799641609
217,alpha,,fx_level_z_252,0.02887340448796749
218,beta,momentum,,-0.029644927009940147
218,beta,persist,,0.12488346546888351
218,beta,underwater,,0.017555098980665207
218,B,momentum,kospi_return_1d,0.001858386560343206
218,B,momentum,fx_level_z_252,-0.0014128426555544138
218,B,persist,kospi_return_1d,-0.009772073477506638
218,B,persist,fx_level_z_252,0.00019350355432834476
218,B,underwater,kospi_return_1d,3.742616536328569e-05
218,B,underwater,fx_level_z_252,-0.029011359438300133
218,alpha,,kospi_return_1d,0.03179419785737991
218,alpha,,fx_level_z_252,0.028945481404662132
219,beta,momentum,,-0.02976376749575138
219,beta,persist,,0.12497539818286896
219,beta,underwater,,0.017587093636393547
219,B,momentum,kospi_return_1d,0.002126368461176753
219,B,momentum,fx_level_z_252,-0.001414436032064259
219,B,persist,kospi_return_1d,-0.00996947567909956
219,B,persist,fx_level_z_252,7.152002217480913e-05
219,B,underwater,kospi_return_1d,0.00023769729887135327
219,B,underwater,fx_level_z_252,-0.02885250188410282
219,alpha,,kospi_return_1d,0.0317092165350914
219,alpha,,fx_level_z_252,0.02898401767015457
220,beta,momentum,,-0.029841724783182144
220,beta,persist,,0.12506715953350067
220,beta,underwater,,0.017667066305875778
220,B,momentum,kospi_return_1d,0.0023631807416677475
220,B,momentum,fx_level_z_252,-0.0012638147454708815
220,B,persist,kospi_return_1d,-0.009879491291940212
220,B,persist,fx_level_z_252,-0.00016296550165861845
220,B,underwater,kospi_return_1d,0.00036995610571466386
220,B,underwater,fx_level_z_252,-0.02886595018208027
220,alpha,,kospi_return_1d,0.0317014716565609
220,alpha,,fx_level_z_252,0.02894781529903412
221,beta,momentum,,-0.029904557392001152
221,beta,persist,,0.12506969273090363
221,beta,underwater,,0.017658814787864685
221,B,momentum,kospi_return_1d,0.002717112423852086
221,B,momentum,fx_level_z_252,-0.0010258883703500032
221,B,persist,kospi_return_1d,-0.009790956042706966
221,B,persist,fx_level_z_252,-0.0004599869716912508
221,B,underwater,kospi_return_1d,0.0004799740854650736
221,B,underwater,fx_level_z_252,-0.02914069965481758
221,alpha,,kospi_return_1d,0.03174791857600212
221,alpha,,fx_level_z_252,0.029018234461545944
222,beta,momentum,,-0.029892554506659508
222,beta,persist,,0.12504886090755463
222,beta,underwater,,0.01761114038527012
222,B,momentum,kospi_return_1d,0.00305282068438828
222,B,momentum,fx_level_z_252,-0.0007630701875314116
222,B,persist,kospi_return_1d,-0.00964348204433918
222,B,persist,fx_level_z_252,-0.0006095850840210915
222,B,underwater,kospi_return_1d,0.0006086892099119723
222,B,underwater,fx_level_z_252,-0.029347509145736694
222,alpha,,kospi_return_1d,0.03196704387664795
222,alpha,,fx_level_z_252,0.029072167351841927
223,beta,momentum,,-0.02979224920272827
223,beta,persist,,0.1250237077474594
223,beta,underwater,,0.017446624115109444
223,B,momentum,kospi_return_1d,0.003603232093155384
223,B,momentum,fx_level_z_252,-0.0005522751016542315
223,B,persist,kospi_return_1d,-0.009869173169136047
223,B,persist,fx_level_z_252,-0.0007199728861451149
223,B,underwater,kospi_return_1d,0.0005078104441054165
223,B,underwater,fx_level_z_252,-0.029546620324254036
223,alpha,,kospi_return_1d,0.032363567501306534
223,alpha,,fx_level_z_252,0.02912156842648983
224,beta,momentum,,-0.029626937583088875
224,beta,persist,,0.1250036209821701
224,beta,underwater,,0.017232295125722885
224,B,momentum,kospi_return_1d,0.00420566787943244
224,B,momentum,fx_level_z_252,-0.00043546472443267703
224,B,persist,kospi_return_1d,-0.009982852265238762
224,B,persist,fx_level_z_252,-0.0006802899297326803
224,B,underwater,kospi_return_1d,0.00020394896273501217
224,B,underwater,fx_level_z_252,-0.029696565121412277
224,alpha,,kospi_return_1d,0.032866720110177994
224,alpha,,fx_level_z_252,0.029274336993694305
225,beta,momentum,,-0.02929096110165119
225,beta,persist,,0.12490833550691605
225,beta,underwater,,0.016944773495197296
225,B,momentum,kospi_return_1d,0.004867841489613056
225,B,momentum,fx_level_z_252,-0.0005248493398539722
225,B,persist,kospi_return_1d,-0.010125459171831608
225,B,persist,fx_level_z_252,-0.0006481357850134373
225,B,underwater,kospi_return_1d,-7.727518095634878e-05
225,B,underwater,fx_level_z_252,-0.029844656586647034
225,alpha,,kospi_return_1d,0.03333570435643196
225,alpha,,fx_level_z_252,0.02934896945953369
226,beta,momentum,,-0.0289994515478611
226,beta,persist,,0.12485315650701523
226,beta,underwater,,0.01664847508072853
226,B,momentum,kospi_return_1d,0.0054241809993982315
226,B,momentum,fx_level_z_252,-0.0006831290666013956
226,B,persist,kospi_return_1d,-0.010227713733911514
226,B,persist,fx_level_z_252,-0.0005893189809285104
226,B,underwater,kospi_return_1d,-0.00040012970566749573
226,B,underwater,fx_level_z_252,-0.029881389811635017
226,alpha,,kospi_return_1d,0.03380408138036728
226,alpha,,fx_level_z_252,0.029418744146823883
227,beta,momentum,,-0.02871312014758587
227,beta,persist,,0.12488846480846405
227,beta,underwater,,0.016378704458475113
227,B,momentum,kospi_return_1d,0.00575991440564394
227,B,momentum,fx_level_z_252,-0.0009909846121445298
227,B,persist,kospi_return_1d,-0.010134058073163033
227,B,persist,fx_level_z_252,-0.0006290361634455621
227,B,underwater,kospi_return_1d,-0.0005129358032718301
227,B,underwater,fx_level_z_252,-0.02981124259531498
227,alpha,,kospi_return_1d,0.03426920622587204
227,alpha,,fx_level_z_252,0.029545681551098824
228,beta,momentum,,-0.02836708351969719
228,beta,persist,,0.12489902973175049
228,beta,underwater,,0.016222365200519562
228,B,momentum,kospi_return_1d,0.006003489717841148
228,B,momentum,fx_level_z_252,-0.0013521596556529403
228,B,persist,kospi_return_1d,-0.010060817934572697
228,B,persist,fx_level_z_252,-0.0005890564061701298
228,B,underwater,kospi_return_1d,-0.0004908603732474148
228,B,underwater,fx_level_z_252,-0.029684746637940407
228,alpha,,kospi_return_1d,0.03472422808408737
228,alpha,,fx_level_z_252,0.02954130619764328
229,beta,momentum,,-0.028169598430395126
229,beta,persist,,0.12487839162349701
229,beta,underwater,,0.016102151945233345
229,B,momentum,kospi_return_1d,0.006129383109509945
229,B,momentum,fx_level_z_252,-0.001613484462723136
229,B,persist,kospi_return_1d,-0.010003061033785343
229,B,persist,fx_level_z_252,-0.0005334062734618783
229,B,underwater,kospi_return_1d,-0.0005223387270234525
229,B,underwater,fx_level_z_252,-0.029586652293801308
229,alpha,,kospi_return_1d,0.03524409607052803
229,alpha,,fx_level_z_252,0.029518641531467438
230,beta,momentum,,-0.02815188281238079
230,beta,persist,,0.1249377429485321
230,beta,underwater,,0.016108499839901924
230,B,momentum,kospi_return_1d,0.006047051399946213
230,B,momentum,fx_level_z_252,-0.0017757784808054566
230,B,persist,kospi_return_1d,-0.009726672433316708
230,B,persist,fx_level_z_252,-0.0003105974174104631
230,B,underwater,kospi_return_1d,-0.00030626801890321076
230,B,underwater,fx_level_z_252,-0.029397660866379738
230,alpha,,kospi_return_1d,0.035560935735702515
230,alpha,,fx_level_z_252,0.029600726440548897
231,beta,momentum,,-0.0281835850328207
231,beta,persist,,0.12503384053707123
231,beta,underwater,,0.016166403889656067
231,B,momentum,kospi_return_1d,0.005773437675088644
231,B,momentum,fx_level_z_252,-0.001797533710487187
231,B,persist,kospi_return_1d,-0.00961997639387846
231,B,persist,fx_level_z_252,-0.00017763531650416553
231,B,underwater,kospi_return_1d,6.00890489295125e-05
231,B,underwater,fx_level_z_252,-0.029168086126446724
231,alpha,,kospi_return_1d,0.03566870093345642
231,alpha,,fx_level_z_252,0.029534460976719856
232,beta,momentum,,-0.02810075506567955
232,beta,persist,,0.12514463067054749
232,beta,underwater,,0.016021545976400375
232,B,momentum,kospi_return_1d,0.005268950015306473
232,B,momentum,fx_level_z_252,-0.0017613463569432497
232,B,persist,kospi_return_1d,-0.00941059272736311
232,B,persist,fx_level_z_252,-2.4901317374315113e-05
232,B,underwater,kospi_return_1d,0.0004928926355205476
232,B,underwater,fx_level_z_252,-0.029082993045449257
232,alpha,,kospi_return_1d,0.035812269896268845
232,alpha,,fx_level_z_252,0.029375065118074417
233,beta,momentum,,-0.028194578364491463
233,beta,persist,,0.1252162605524063
233,beta,underwater,,0.015889573842287064
233,B,momentum,kospi_return_1d,0.004711186047643423
233,B,momentum,fx_level_z_252,-0.0015489461366087198
233,B,persist,kospi_return_1d,-0.00906375888735056
233,B,persist,fx_level_z_252,1.7636568372836336e-05
233,B,underwater,kospi_return_1d,0.000724644516594708
233,B,underwater,fx_level_z_252,-0.029191341251134872
233,alpha,,kospi_return_1d,0.036125123500823975
233,alpha,,fx_level_z_252,0.02939486689865589
234,beta,momentum,,-0.02833983488380909
234,beta,persist,,0.12529639899730682
234,beta,underwater,,0.01590939611196518
234,B,momentum,kospi_return_1d,0.0043664490804076195
234,B,momentum,fx_level_z_252,-0.00119146762881428
234,B,persist,kospi_return_1d,-0.008752799592912197
234,B,persist,fx_level_z_252,-3.938065128750168e-05
234,B,underwater,kospi_return_1d,0.0007673922227695584
234,B,underwater,fx_level_z_252,-0.029342295601963997
234,alpha,,kospi_return_1d,0.036320943385362625
234,alpha,,fx_level_z_252,0.029551444575190544
235,beta,momentum,,-0.02849370799958706
235,beta,persist,,0.12533581256866455
235,beta,underwater,,0.015935193747282028
235,B,momentum,kospi_return_1d,0.004064242821186781
235,B,momentum,fx_level_z_252,-0.0008462018449790776
235,B,persist,kospi_return_1d,-0.00848296470940113
235,B,persist,fx_level_z_252,8.254183921962976e-05
235,B,underwater,kospi_return_1d,0.0007098536589182913
235,B,underwater,fx_level_z_252,-0.02941019833087921
235,alpha,,kospi_return_1d,0.03649551421403885
235,alpha,,fx_level_z_252,0.02975793555378914
236,beta,momentum,,-0.02864248678088188
236,beta,persist,,0.12538975477218628
236,beta,underwater,,0.016035111621022224
236,B,momentum,kospi_return_1d,0.003742743982002139
236,B,momentum,fx_level_z_252,-0.0006611855933442712
236,B,persist,kospi_return_1d,-0.008400576189160347
236,B,persist,fx_level_z_252,0.00021593387646134943
236,B,underwater,kospi_return_1d,0.0003805068554356694
236,B,underwater,fx_level_z_252,-0.029358580708503723
236,alpha,,kospi_return_1d,0.03645080700516701
236,alpha,,fx_level_z_252,0.02981708012521267
237,beta,momentum,,-0.028742430731654167
237,beta,persist,,0.12543457746505737
237,beta,underwater,,0.01621081493794918
237,B,momentum,kospi_return_1d,0.0036224648356437683
237,B,momentum,fx_level_z_252,-0.0005627342034131289
237,B,persist,kospi_return_1d,-0.00844416581094265
237,B,persist,fx_level_z_252,0.0001828221429605037
237,B,underwater,kospi_return_1d,-0.00013811388635076582
237,B,underwater,fx_level_z_252,-0.029304467141628265
237,alpha,,kospi_return_1d,0.03645831346511841
237,alpha,,fx_level_z_252,0.029903331771492958
238,beta,momentum,,-0.028727013617753983
238,beta,persist,,0.12555423378944397
238,beta,underwater,,0.01634237729012966
238,B,momentum,kospi_return_1d,0.003777729347348213
238,B,momentum,fx_level_z_252,-0.0004944318789057434
238,B,persist,kospi_return_1d,-0.00847006868571043
238,B,persist,fx_level_z_252,4.371399700175971e-05
238,B,underwater,kospi_return_1d,-0.0005624601617455482
238,B,underwater,fx_level_z_252,-0.0292406864464283
238,alpha,,kospi_return_1d,0.03638123720884323
238,alpha,,fx_level_z_252,0.029926668852567673
239,beta,momentum,,-0.02868315950036049
239,beta,persist,,0.1256016194820404
239,beta,underwater,,0.016454825177788734
239,B,momentum,kospi_return_1d,0.003993542864918709
239,B,momentum,fx_level_z_252,-0.0005745628150179982
239,B,persist,kospi_return_1d,-0.008556579239666462
239,B,persist,fx_level_z_252,-3.3779360819607973e-07
239,B,underwater,kospi_return_1d,-0.0009460966102778912
239,B,underwater,fx_level_z_252,-0.029086235910654068
239,alpha,,kospi_return_1d,0.036350272595882416
239,alpha,,fx_level_z_252,0.030058762058615685
240,beta,momentum,,-0.028736507520079613
240,beta,persist,,0.1256868541240692
240,beta,underwater,,0.016623467206954956
240,B,momentum,kospi_return_1d,0.004104634281247854
240,B,momentum,fx_level_z_252,-0.0005473479395732284
240,B,persist,kospi_return_1d,-0.008713068440556526
240,B,persist,fx_level_z_252,-0.00020892340398859233
240,B,underwater,kospi_return_1d,-0.0011075111106038094
240,B,underwater,fx_level_z_252,-0.02894211933016777
240,alpha,,kospi_return_1d,0.03620505705475807
240,alpha,,fx_level_z_252,0.030134279280900955
241,beta,momentum,,-0.02887050434947014
241,beta,persist,,0.12571381032466888
241,beta,underwater,,0.016747644171118736
241,B,momentum,kospi_return_1d,0.004291235003620386
241,B,momentum,fx_level_z_252,-0.0004578397492878139
241,B,persist,kospi_return_1d,-0.008902238681912422
241,B,persist,fx_level_z_252,-0.00026075696223415434
241,B,underwater,kospi_return_1d,-0.001287972554564476
241,B,underwater,fx_level_z_252,-0.02881806157529354
241,alpha,,kospi_return_1d,0.03608515113592148
241,alpha,,fx_level_z_252,0.030138708651065826
242,beta,momentum,,-0.029047925025224686
242,beta,persist,,0.1258232593536377
242,beta,underwater,,0.016960320994257927
242,B,momentum,kospi_return_1d,0.00431300513446331
242,B,momentum,fx_level_z_252,-0.00029251238447614014
242,B,persist,kospi_return_1d,-0.008790466003119946
242,B,persist,fx_level_z_252,-0.00020280989701859653
242,B,underwater,kospi_return_1d,-0.0011329089757055044
242,B,underwater,fx_level_z_252,-0.02875843271613121
242,alpha,,kospi_return_1d,0.03591933473944664
242,alpha,,fx_level_z_252,0.03012809529900551
243,beta,momentum,,-0.02908787876367569
243,beta,persist,,0.12591932713985443
243,beta,underwater,,0.017150091007351875
243,B,momentum,kospi_return_1d,0.004225713200867176
243,B,momentum,fx_level_z_252,-0.00035773240961134434
243,B,persist,kospi_return_1d,-0.008661122061312199
243,B,persist,fx_level_z_252,-0.00019995856564491987
243,B,underwater,kospi_return_1d,-0.0008156190742738545
243,B,underwater,fx_level_z_252,-0.02872695028781891
243,alpha,,kospi_return_1d,0.03564216569066048
243,alpha,,fx_level_z_252,0.030135076493024826
244,beta,momentum,,-0.029057061299681664
244,beta,persist,,0.12599289417266846
244,beta,underwater,,0.017289845272898674
244,B,momentum,kospi_return_1d,0.0040472205728292465
244,B,momentum,fx_level_z_252,-0.000541105808224529
244,B,persist,kospi_return_1d,-0.008586615324020386
244,B,persist,fx_level_z_252,-5.7769961131270975e-05
244,B,underwater,kospi_return_1d,-0.000437634764239192
244,B,underwater,fx_level_z_252,-0.02865234576165676
244,alpha,,kospi_return_1d,0.03540550172328949
244,alpha,,fx_level_z_252,0.030255833640694618
245,beta,momentum,,-0.028974132612347603
245,beta,persist,,0.12603572010993958
245,beta,underwater,,0.017283499240875244
245,B,momentum,kospi_return_1d,0.0037818283308297396
245,B,momentum,fx_level_z_252,-0.0006190531421452761
245,B,persist,kospi_return_1d,-0.008538750000298023
245,B,persist,fx_level_z_252,5.0140777602791786e-05
245,B,underwater,kospi_return_1d,0.0001078506902558729
245,B,underwater,fx_level_z_252,-0.02863832376897335
245,alpha,,kospi_return_1d,0.03507819026708603
245,alpha,,fx_level_z_252,0.030197404325008392
246,beta,momentum,,-0.028902815654873848
246,beta,persist,,0.12610644102096558
246,beta,underwater,,0.017347799614071846
246,B,momentum,kospi_return_1d,0.0036560387816280127
246,B,momentum,fx_level_z_252,-0.0005323148216120899
246,B,persist,kospi_return_1d,-0.008385961875319481
246,B,persist,fx_level_z_252,-1.6638150555081666e-06
246,B,underwater,kospi_return_1d,0.0005744100781157613
246,B,underwater,fx_level_z_252,-0.028544673696160316
246,alpha,,kospi_return_1d,0.03466162085533142
246,alpha,,fx_level_z_252,0.030066123232245445
247,beta,momentum,,-0.028785763308405876
247,beta,persist,,0.12610343098640442
247,beta,underwater,,0.017371054738759995
247,B,momentum,kospi_return_1d,0.0035578468814492226
247,B,momentum,fx_level_z_252,-0.0005722575006075203
247,B,persist,kospi_return_1d,-0.008286782540380955
247,B,persist,fx_level_z_252,-1.2739594239974394e-05
247,B,underwater,kospi_return_1d,0.001003243844024837
247,B,underwater,fx_level_z_252,-0.028288492932915688
247,alpha,,kospi_return_1d,0.03426525741815567
247,alpha,,fx_level_z_252,0.029888032004237175
248,beta,momentum,,-0.028686506673693657
248,beta,persist,,0.12603949010372162
248,beta,underwater,,0.01735345460474491
248,B,momentum,kospi_return_1d,0.003542318008840084
248,B,momentum,fx_level_z_252,-0.0006184036610648036
248,B,persist,kospi_return_1d,-0.008177473209798336
248,B,persist,fx_level_z_252,5.965352465864271e-05
248,B,underwater,kospi_return_1d,0.0012674935860559344
248,B,underwater,fx_level_z_252,-0.028185518458485603
248,alpha,,kospi_return_1d,0.03402799367904663
248,alpha,,fx_level_z_252,0.029738442972302437
249,beta,momentum,,-0.028655268251895905
249,beta,persist,,0.12598763406276703
249,beta,underwater,,0.017376383766531944
249,B,momentum,kospi_return_1d,0.0038288659416139126
249,B,momentum,fx_level_z_252,-0.0006040841108188033
249,B,persist,kospi_return_1d,-0.00833649467676878
249,B,persist,fx_level_z_252,-9.567628876538947e-05
249,B,underwater,kospi_return_1d,0.00119343725964427
249,B,underwater,fx_level_z_252,-0.02818240225315094
249,alpha,,kospi_return_1d,0.033814169466495514
249,alpha,,fx_level_z_252,0.02979748137295246
250,beta,momentum,,-0.028685856610536575
250,beta,persist,,0.12603458762168884
250,beta,underwater,,0.01743767224252224
250,B,momentum,kospi_return_1d,0.004331741016358137
250,B,momentum,fx_level_z_252,-0.0005310858832672238
250,B,persist,kospi_return_1d,-0.008576670661568642
250,B,persist,fx_level_z_252,-0.0001334731059614569
250,B,underwater,kospi_return_1d,0.0008556207176297903
250,B,underwater,fx_level_z_252,-0.02815837226808071
250,alpha,,kospi_return_1d,0.033567775040864944
250,alpha,,fx_level_z_252,0.029878828674554825
251,beta,momentum,,-0.028707003220915794
251,beta,persist,,0.12606054544448853
251,beta,underwater,,0.017476145178079605
251,B,momentum,kospi_return_1d,0.004609140567481518
251,B,momentum,fx_level_z_252,-0.00048502138815820217
251,B,persist,kospi_return_1d,-0.008656247518956661
251,B,persist,fx_level_z_252,-0.00022095584427006543
251,B,underwater,kospi_return_1d,0.0005303172511048615
251,B,underwater,fx_level_z_252,-0.02813604846596718
251,alpha,,kospi_return_1d,0.03334750607609749
251,alpha,,fx_level_z_252,0.02991940639913082
252,beta,momentum,,-0.02880200929939747
252,beta,persist,,0.12608927488327026
252,beta,underwater,,0.017478851601481438
252,B,momentum,kospi_return_1d,0.0047853668220341206
252,B,momentum,fx_level_z_252,-0.00040806643664836884
252,B,persist,kospi_return_1d,-0.008725728839635849
252,B,persist,fx_level_z_252,-0.0002643856860231608
252,B,underwater,kospi_return_1d,8.96659039426595e-05
252,B,underwater,fx_level_z_252,-0.028091799467802048
252,alpha,,kospi_return_1d,0.033145274966955185
252,alpha,,fx_level_z_252,0.030075250193476677
253,beta,momentum,,-0.02882104180753231
253,beta,persist,,0.1259918361902237
253,beta,underwater,,0.017404325306415558
253,B,momentum,kospi_return_1d,0.0050795539282262325
253,B,momentum,fx_level_z_252,-0.0003276946663390845
253,B,persist,kospi_return_1d,-0.008690282702445984
253,B,persist,fx_level_z_252,-0.00015673959569539875
253,B,underwater,kospi_return_1d,-0.00029510073363780975
253,B,underwater,fx_level_z_252,-0.028087342157959938
253,alpha,,kospi_return_1d,0.03301125392317772
253,alpha,,fx_level_z_252,0.030165214091539383
254,beta,momentum,,-0.028872383758425713
254,beta,persist,,0.12594501674175262
254,beta,underwater,,0.01736515574157238
254,B,momentum,kospi_return_1d,0.005310959182679653
254,B,momentum,fx_level_z_252,-0.00021748490689788014
254,B,persist,kospi_return_1d,-0.00860400591045618
254,B,persist,fx_level_z_252,-8.607777999714017e-05
254,B,underwater,kospi_return_1d,-0.0005581332952715456
254,B,underwater,fx_level_z_252,-0.028105735778808594
254,alpha,,kospi_return_1d,0.03293120115995407
254,alpha,,fx_level_z_252,0.030279194936156273
255,beta,momentum,,-0.02893621101975441
255,beta,persist,,0.12596264481544495
255,beta,underwater,,0.017297513782978058
255,B,momentum,kospi_return_1d,0.005468923598527908
255,B,momentum,fx_level_z_252,0.0001074570172931999
255,B,persist,kospi_return_1d,-0.008441771380603313
255,B,persist,fx_level_z_252,-0.00013185075658839196
255,B,underwater,kospi_return_1d,-0.00047778437146916986
255,B,underwater,fx_level_z_252,-0.028492946177721024
255,alpha,,kospi_return_1d,0.03290128335356712
255,alpha,,fx_level_z_252,0.03045097179710865
256,beta,momentum,,-0.028892777860164642
256,beta,persist,,0.12593890726566315
256,beta,underwater,,0.017118822783231735
256,B,momentum,kospi_return_1d,0.005483982618898153
256,B,momentum,fx_level_z_252,0.00039084331365302205
256,B,persist,kospi_return_1d,-0.008346689864993095
256,B,persist,fx_level_z_252,-8.139671990647912e-05
256,B,underwater,kospi_return_1d,-0.00018122584151569754
256,B,underwater,fx_level_z_252,-0.028989246115088463
256,alpha,,kospi_return_1d,0.03296821936964989
256,alpha,,fx_level_z_252,0.030522482469677925
257,beta,momentum,,-0.028858328238129616
257,beta,persist,,0.12591060996055603
257,beta,underwater,,0.01693965122103691
257,B,momentum,kospi_return_1d,0.005479172803461552
257,B,momentum,fx_level_z_252,0.0003431936784181744
257,B,persist,kospi_return_1d,-0.008297840133309364
257,B,persist,fx_level_z_252,-3.2924817787716165e-05
257,B,underwater,kospi_return_1d,0.00012099411833332852
257,B,underwater,fx_level_z_252,-0.029169611632823944
257,alpha,,kospi_return_1d,0.032925546169281006
257,alpha,,fx_level_z_252,0.03038364090025425
258,beta,momentum,,-0.028720492497086525
258,beta,persist,,0.12584857642650604
258,beta,underwater,,0.016721732914447784
258,B,momentum,kospi_return_1d,0.005403846502304077
258,B,momentum,fx_level_z_252,8.608205826021731e-05
258,B,persist,kospi_return_1d,-0.008167466148734093
258,B,persist,fx_level_z_252,-4.634666765923612e-06
258,B,underwater,kospi_return_1d,0.00026095903012901545
258,B,underwater,fx_level_z_252,-0.02933395840227604
258,alpha,,kospi_return_1d,0.03290604427456856
258,alpha,,fx_level_z_252,0.03019336797297001
259,beta,momentum,,-0.028635960072278976
259,beta,persist,,0.1257929503917694
259,beta,underwater,,0.01660127565264702
259,B,momentum,kospi_return_1d,0.005005258601158857
259,B,momentum,fx_level_z_252,-0.0003552737762220204
259,B,persist,kospi_return_1d,-0.008057846687734127
259,B,persist,fx_level_z_252,3.6814730265177786e-05
259,B,underwater,kospi_return_1d,0.0003700020315591246
259,B,underwater,fx_level_z_252,-0.029394224286079407
259,alpha,,kospi_return_1d,0.03277375176548958
259,alpha,,fx_level_z_252,0.030048532411456108
260,beta,momentum,,-0.028562994673848152
260,beta,persist,,0.1257566213607788
260,beta,underwater,,0.016630398109555244
260,B,momentum,kospi_return_1d,0.00487521942704916
260,B,momentum,fx_level_z_252,-0.0007711591897532344
260,B,persist,kospi_return_1d,-0.007929523475468159
260,B,persist,fx_level_z_252,8.032318874029443e-05
260,B,underwater,kospi_return_1d,0.00038207508623600006
260,B,underwater,fx_level_z_252,-0.029359245672822
260,alpha,,kospi_return_1d,0.032859254628419876
260,alpha,,fx_level_z_252,0.029905593022704124
261,beta,momentum,,-0.028499094769358635
261,beta,persist,,0.12574653327465057
261,beta,underwater,,0.016676826402544975
261,B,momentum,kospi_return_1d,0.004693985916674137
261,B,momentum,fx_level_z_252,-0.001140123582445085
261,B,persist,kospi_return_1d,-0.007764732465147972
261,B,persist,fx_level_z_252,0.0002418330986984074
261,B,underwater,kospi_return_1d,0.00032210140489041805
261,B,underwater,fx_level_z_252,-0.02918947860598564
261,alpha,,kospi_return_1d,0.03273405134677887
261,alpha,,fx_level_z_252,0.02971741184592247
262,beta,momentum,,-0.02849692851305008
262,beta,persist,,0.12571018934249878
262,beta,underwater,,0.016807885840535164
262,B,momentum,kospi_return_1d,0.004417210817337036
262,B,momentum,fx_level_z_252,-0.0014376756735146046
262,B,persist,kospi_return_1d,-0.007525434251874685
262,B,persist,fx_level_z_252,0.00029863795498386025
262,B,underwater,kospi_return_1d,0.0002844305126927793
262,B,underwater,fx_level_z_252,-0.028937850147485733
262,alpha,,kospi_return_1d,0.03256047144532204
262,alpha,,fx_level_z_252,0.029706597328186035
263,beta,momentum,,-0.028445329517126083
263,beta,persist,,0.1256175935268402
263,beta,underwater,,0.01688471809029579
263,B,momentum,kospi_return_1d,0.004279005341231823
263,B,momentum,fx_level_z_252,-0.0016017918242141604
263,B,persist,kospi_return_1d,-0.007424425333738327
263,B,persist,fx_level_z_252,0.0001788529916666448
263,B,underwater,kospi_return_1d,0.00019210102618671954
263,B,underwater,fx_level_z_252,-0.0287400521337986
263,alpha,,kospi_return_1d,0.032620321959257126
263,alpha,,fx_level_z_252,0.02975277416408062
264,beta,momentum,,-0.028419669717550278
264,beta,persist,,0.12547798454761505
264,beta,underwater,,0.016842206940054893
264,B,momentum,kospi_return_1d,0.004078533500432968
264,B,momentum,fx_level_z_252,-0.0015679438365623355
264,B,persist,kospi_return_1d,-0.007213461212813854
264,B,persist,fx_level_z_252,-0.00010677015234250575
264,B,underwater,kospi_return_1d,0.00015504745533689857
264,B,underwater,fx_level_z_252,-0.0287768617272377
264,alpha,,kospi_return_1d,0.03269986808300018
264,alpha,,fx_level_z_252,0.02973632887005806
265,beta,momentum,,-0.028438439592719078
265,beta,persist,,0.1253548115491867
265,beta,underwater,,0.016743863001465797
265,B,momentum,kospi_return_1d,0.003909639548510313
265,B,momentum,fx_level_z_252,-0.0013587473658844829
265,B,persist,kospi_return_1d,-0.007006167899817228
265,B,persist,fx_level_z_252,-0.00048757815966382623
265,B,underwater,kospi_return_1d,0.000137620372697711
265,B,underwater,fx_level_z_252,-0.02899067848920822
265,alpha,,kospi_return_1d,0.03301115334033966
265,alpha,,fx_level_z_252,0.0296790711581707
266,beta,momentum,,-0.028583651408553123
266,beta,persist,,0.12526381015777588
266,beta,underwater,,0.016753580421209335
266,B,momentum,kospi_return_1d,0.0036564150359481573
266,B,momentum,fx_level_z_252,-0.0010874519357457757
266,B,persist,kospi_return_1d,-0.0067606824450194836
266,B,persist,fx_level_z_252,-0.0007184275891631842
266,B,underwater,kospi_return_1d,3.8137950468808413e-06
266,B,underwater,fx_level_z_252,-0.02922835387289524
266,alpha,,kospi_return_1d,0.033380862325429916
266,alpha,,fx_level_z_252,0.029776204377412796
267,beta,momentum,,-0.028622575104236603
267,beta,persist,,0.1251915991306305
267,beta,underwater,,0.016796493902802467
267,B,momentum,kospi_return_1d,0.003456011414527893
267,B,momentum,fx_level_z_252,-0.0011014565825462341
267,B,persist,kospi_return_1d,-0.0068839797750115395
267,B,persist,fx_level_z_252,-0.0007424108916893601
267,B,underwater,kospi_return_1d,-0.0002555647224653512
267,B,underwater,fx_level_z_252,-0.02924065664410591
267,alpha,,kospi_return_1d,0.03348791226744652
267,alpha,,fx_level_z_252,0.02967425435781479
268,beta,momentum,,-0.028653837740421295
268,beta,persist,,0.12516933679580688
268,beta,underwater,,0.016809051856398582
268,B,momentum,kospi_return_1d,0.003334722248837352
268,B,momentum,fx_level_z_252,-0.0012075853301212192
268,B,persist,kospi_return_1d,-0.007125368341803551
268,B,persist,fx_level_z_252,-0.0007033807341940701
268,B,underwater,kospi_return_1d,-0.0006574392900802195
268,B,underwater,fx_level_z_252,-0.028967829421162605
268,alpha,,kospi_return_1d,0.03367536514997482
268,alpha,,fx_level_z_252,0.029515843838453293
269,beta,momentum,,-0.02861652337014675
269,beta,persist,,0.12508855760097504
269,beta,underwater,,0.01673772931098938
269,B,momentum,kospi_return_1d,0.0032146840821951628
269,B,momentum,fx_level_z_252,-0.0013544450048357248
269,B,persist,kospi_return_1d,-0.007184662390500307
269,B,persist,fx_level_z_252,-0.0006032934179529548
269,B,underwater,kospi_return_1d,-0.0007597043877467513
269,B,underwater,fx_level_z_252,-0.02869361639022827
269,alpha,,kospi_return_1d,0.03386731445789337
269,alpha,,fx_level_z_252,0.029274458065629005
270,beta,momentum,,-0.028573904186487198
270,beta,persist,,0.12508726119995117
270,beta,underwater,,0.016745980829000473
270,B,momentum,kospi_return_1d,0.0031894135754555464
270,B,momentum,fx_level_z_252,-0.001591330743394792
270,B,persist,kospi_return_1d,-0.0072852494195103645
270,B,persist,fx_level_z_252,-0.0004305193433538079
270,B,underwater,kospi_return_1d,-0.0008172841626219451
270,B,underwater,fx_level_z_252,-0.028385376557707787
270,alpha,,kospi_return_1d,0.033942583948373795
270,alpha,,fx_level_z_252,0.02902478352189064
271,beta,momentum,,-0.02860070765018463
271,beta,persist,,0.1250726729631424
271,beta,underwater,,0.016725413501262665
271,B,momentum,kospi_return_1d,0.0033334135077893734
271,B,momentum,fx_level_z_252,-0.0015917335404083133
271,B,persist,kospi_return_1d,-0.0073380013927817345
271,B,persist,fx_level_z_252,-0.0003337482921779156
271,B,underwater,kospi_return_1d,-0.0007184417336247861
271,B,underwater,fx_level_z_252,-0.028222745284438133
271,alpha,,kospi_return_1d,0.03403289243578911
271,alpha,,fx_level_z_252,0.028859741985797882
272,beta,momentum,,-0.02841598354279995
272,beta,persist,,0.12496381253004074
272,beta,underwater,,0.016542986035346985
272,B,momentum,kospi_return_1d,0.003563046222552657
272,B,momentum,fx_level_z_252,-0.0016692710341885686
272,B,persist,kospi_return_1d,-0.007434377446770668
272,B,persist,fx_level_z_252,-0.00018129583622794598
272,B,underwater,kospi_return_1d,-0.0006071495590731502
272,B,underwater,fx_level_z_252,-0.028192950412631035
272,alpha,,kospi_return_1d,0.03429418429732323
272,alpha,,fx_level_z_252,0.028785552829504013
273,beta,momentum,,-0.028221333399415016
273,beta,persist,,0.12482865154743195
273,beta,underwater,,0.01625368930399418
273,B,momentum,kospi_return_1d,0.003680072957649827
273,B,momentum,fx_level_z_252,-0.001467510941438377
273,B,persist,kospi_return_1d,-0.007322552148252726
273,B,persist,fx_level_z_252,4.879807238467038e-05
273,B,underwater,kospi_return_1d,-0.00017623021267354488
273,B,underwater,fx_level_z_252,-0.02842859737575054
273,alpha,,kospi_return_1d,0.0346028134226799
273,alpha,,fx_level_z_252,0.02866417169570923
274,beta,momentum,,-0.02804359421133995
274,beta,persist,,0.12468644231557846
274,beta,underwater,,0.016126127913594246
274,B,momentum,kospi_return_1d,0.0038365116342902184
274,B,momentum,fx_level_z_252,-0.0011848625726997852
274,B,persist,kospi_return_1d,-0.007177120074629784
274,B,persist,fx_level_z_252,6.921788008185104e-05
274,B,underwater,kospi_return_1d,0.0001480066275689751
274,B,underwater,fx_level_z_252,-0.028705157339572906
274,alpha,,kospi_return_1d,0.034984588623046875
274,alpha,,fx_level_z_252,0.028685055673122406
275,beta,momentum,,-0.028056195005774498
275,beta,persist,,0.12460988759994507
275,beta,underwater,,0.016115827485919
275,B,momentum,kospi_return_1d,0.004001829773187637
275,B,momentum,fx_level_z_252,-0.0007170839235186577
275,B,persist,kospi_return_1d,-0.006972381845116615
275,B,persist,fx_level_z_252,-0.00015184888616204262
275,B,underwater,kospi_return_1d,0.000189369180588983
275,B,underwater,fx_level_z_252,-0.029068024829030037
275,alpha,,kospi_return_1d,0.03541206195950508
275,alpha,,fx_level_z_252,0.028831876814365387
276,beta,momentum,,-0.02817571721971035
276,beta,persist,,0.12460038810968399
276,beta,underwater,,0.01614752784371376
276,B,momentum,kospi_return_1d,0.004034038633108139
276,B,momentum,fx_level_z_252,-0.00023078889353200793
276,B,persist,kospi_return_1d,-0.006670583970844746
276,B,persist,fx_level_z_252,-0.00041107041761279106
276,B,underwater,kospi_return_1d,0.0001886686950456351
276,B,underwater,fx_level_z_252,-0.029577458277344704
276,alpha,,kospi_return_1d,0.03578603267669678
276,alpha,,fx_level_z_252,0.02898588217794895
277,beta,momentum,,-0.02830422669649124
277,beta,persist,,0.12467712163925171
277,beta,underwater,,0.016192395240068436
277,B,momentum,kospi_return_1d,0.004049976356327534
277,B,momentum,fx_level_z_252,0.0001911659346660599
277,B,persist,kospi_return_1d,-0.006331929937005043
277,B,persist,fx_level_z_252,-0.0005256670992821455
277,B,underwater,kospi_return_1d,0.0001379069872200489
277,B,underwater,fx_level_z_252,-0.030018366873264313
277,alpha,,kospi_return_1d,0.036008451133966446
277,alpha,,fx_level_z_252,0.02913610264658928
278,beta,momentum,,-0.02827719785273075
278,beta,persist,,0.12471630424261093
278,beta,underwater,,0.016239827498793602
278,B,momentum,kospi_return_1d,0.0041861217468976974
278,B,momentum,fx_level_z_252,0.00033034474472515285
278,B,persist,kospi_return_1d,-0.006124257110059261
278,B,persist,fx_level_z_252,-0.000433014880400151
278,B,underwater,kospi_return_1d,-3.2025418477132916e-05
278,B,underwater,fx_level_z_252,-0.03036659024655819
278,alpha,,kospi_return_1d,0.0361386314034462
278,alpha,,fx_level_z_252,0.029114719480276108
279,beta,momentum,,-0.028316713869571686
279,beta,persist,,0.12476754933595657
279,beta,underwater,,0.016364602372050285
279,B,momentum,kospi_return_1d,0.004397020675241947
279,B,momentum,fx_level_z_252,0.0002847530413419008
279,B,persist,kospi_return_1d,-0.005906630773097277
279,B,persist,fx_level_z_252,-0.0003640638606157154
279,B,underwater,kospi_return_1d,-0.00025167898274958134
279,B,underwater,fx_level_z_252,-0.030443834140896797
279,alpha,,kospi_return_1d,0.036228012293577194
279,alpha,,fx_level_z_252,0.02893858402967453
280,beta,momentum,,-0.028388984501361847
280,beta,persist,,0.12477140873670578
280,beta,underwater,,0.01657240465283394
280,B,momentum,kospi_return_1d,0.004641790874302387
280,B,momentum,fx_level_z_252,-0.00014677018043585122
280,B,persist,kospi_return_1d,-0.00587129732593894
280,B,persist,fx_level_z_252,-6.643762753810734e-05
280,B,underwater,kospi_return_1d,-0.0007030016859062016
280,B,underwater,fx_level_z_252,-0.030314967036247253
280,alpha,,kospi_return_1d,0.03628096356987953
280,alpha,,fx_level_z_252,0.02883356250822544
281,beta,momentum,,-0.028599616140127182
281,beta,persist,,0.12480862438678741
281,beta,underwater,,0.01689620316028595
281,B,momentum,kospi_return_1d,0.004800316412001848
281,B,momentum,fx_level_z_252,-0.0005073716165497899
281,B,persist,kospi_return_1d,-0.006016538478434086
281,B,persist,fx_level_z_252,0.00023483342374674976
281,B,underwater,kospi_return_1d,-0.0010795362759381533
281,B,underwater,fx_level_z_252,-0.030156297609210014
281,alpha,,kospi_return_1d,0.03615840524435043
281,alpha,,fx_level_z_252,0.028807315975427628
282,beta,momentum,,-0.028740808367729187
282,beta,persist,,0.12480960041284561
282,beta,underwater,,0.017145132645964622
282,B,momentum,kospi_return_1d,0.004837479908019304
282,B,momentum,fx_level_z_252,-0.0008672323310747743
282,B,persist,kospi_return_1d,-0.0064434753730893135
282,B,persist,fx_level_z_252,0.00046373927034437656
282,B,underwater,kospi_return_1d,-0.0013327235355973244
282,B,underwater,fx_level_z_252,-0.029957832768559456
282,alpha,,kospi_return_1d,0.03585706278681755
282,alpha,,fx_level_z_252,0.028736548498272896
283,beta,momentum,,-0.028853846713900566
283,beta,persist,,0.12482964247465134
283,beta,underwater,,0.017285291105508804
283,B,momentum,kospi_return_1d,0.005042569246143103
283,B,momentum,fx_level_z_252,-0.0010989834554493427
283,B,persist,kospi_return_1d,-0.006894366350024939
283,B,persist,fx_level_z_252,0.0003093058185186237
283,B,underwater,kospi_return_1d,-0.0014682525070384145
283,B,underwater,fx_level_z_252,-0.029840417206287384
283,alpha,,kospi_return_1d,0.03559648618102074
283,alpha,,fx_level_z_252,0.02875400334596634
284,beta,momentum,,-0.028923144564032555
284,beta,persist,,0.1248752623796463
284,beta,underwater,,0.017423566430807114
284,B,momentum,kospi_return_1d,0.004978716839104891
284,B,momentum,fx_level_z_252,-0.0013363260077312589
284,B,persist,kospi_return_1d,-0.007248314563184977
284,B,persist,fx_level_z_252,5.46780793229118e-05
284,B,underwater,kospi_return_1d,-0.0013889329275116324
284,B,underwater,fx_level_z_252,-0.029928913339972496
284,alpha,,kospi_return_1d,0.03531179204583168
284,alpha,,fx_level_z_252,0.028896063566207886
285,beta,momentum,,-0.02897205576300621
285,beta,persist,,0.12499117106199265
285,beta,underwater,,0.01763298176229
285,B,momentum,kospi_return_1d,0.004832315258681774
285,B,momentum,fx_level_z_252,-0.0015171387931331992
285,B,persist,kospi_return_1d,-0.007443124894052744
285,B,persist,fx_level_z_252,-0.00034877064172178507
285,B,underwater,kospi_return_1d,-0.0011574289528653026
285,B,underwater,fx_level_z_252,-0.029923122376203537
285,alpha,,kospi_return_1d,0.03502720594406128
285,alpha,,fx_level_z_252,0.028953900560736656
286,beta,momentum,,-0.028918446972966194
286,beta,persist,,0.1250474900007248
286,beta,underwater,,0.01769035868346691
286,B,momentum,kospi_return_1d,0.004710126202553511
286,B,momentum,fx_level_z_252,-0.001601734897121787
286,B,persist,kospi_return_1d,-0.007828638888895512
286,B,persist,fx_level_z_252,-0.0004842639318667352
286,B,underwater,kospi_return_1d,-0.0007551404996775091
286,B,underwater,fx_level_z_252,-0.03007756732404232
286,alpha,,kospi_return_1d,0.03481770679354668
286,alpha,,fx_level_z_252,0.02904491499066353
287,beta,momentum,,-0.02888036146759987
287,beta,persist,,0.12517355382442474
287,beta,underwater,,0.01779676228761673
287,B,momentum,kospi_return_1d,0.004477725829929113
287,B,momentum,fx_level_z_252,-0.0018970626406371593
287,B,persist,kospi_return_1d,-0.008101949468255043
287,B,persist,fx_level_z_252,-0.00045590437366627157
287,B,underwater,kospi_return_1d,-0.00022247382730711251
287,B,underwater,fx_level_z_252,-0.030053606256842613
287,alpha,,kospi_return_1d,0.03450128436088562
287,alpha,,fx_level_z_252,0.029156917706131935
288,beta,momentum,,-0.02876242808997631
288,beta,persist,,0.12529245018959045
288,beta,underwater,,0.017889559268951416
288,B,momentum,kospi_return_1d,0.004273569211363792
288,B,momentum,fx_level_z_252,-0.0020298000890761614
288,B,persist,kospi_return_1d,-0.008281835354864597
288,B,persist,fx_level_z_252,-0.00048573006642982364
288,B,underwater,kospi_return_1d,0.00021931208902969956
288,B,underwater,fx_level_z_252,-0.030186815187335014
288,alpha,,kospi_return_1d,0.03412184491753578
288,alpha,,fx_level_z_252,0.029343171045184135
289,beta,momentum,,-0.028812535107135773
289,beta,persist,,0.12548890709877014
289,beta,underwater,,0.018105842173099518
289,B,momentum,kospi_return_1d,0.004044335335493088
289,B,momentum,fx_level_z_252,-0.00217892462387681
289,B,persist,kospi_return_1d,-0.008360645733773708
289,B,persist,fx_level_z_252,-0.0005108934128656983
289,B,underwater,kospi_return_1d,0.0004301993758417666
289,B,underwater,fx_level_z_252,-0.030124563723802567
289,alpha,,kospi_return_1d,0.03350793197751045
289,alpha,,fx_level_z_252,0.029456423595547676
290,beta,momentum,,-0.028905706480145454
290,beta,persist,,0.12566956877708435
290,beta,underwater,,0.018325380980968475
290,B,momentum,kospi_return_1d,0.004006871487945318
290,B,momentum,fx_level_z_252,-0.002176510402932763
290,B,persist,kospi_return_1d,-0.008374910801649094
290,B,persist,fx_level_z_252,-0.0005216416320763528
290,B,underwater,kospi_return_1d,0.0004937701160088181
290,B,underwater,fx_level_z_252,-0.030155371874570847
290,alpha,,kospi_return_1d,0.0331309549510479
290,alpha,,fx_level_z_252,0.029479840770363808
291,beta,momentum,,-0.028813475742936134
291,beta,persist,,0.1257687658071518
291,beta,underwater,,0.01821507140994072
291,B,momentum,kospi_return_1d,0.003917604684829712
291,B,momentum,fx_level_z_252,-0.002376152900978923
291,B,persist,kospi_return_1d,-0.008455093950033188
291,B,persist,fx_level_z_252,-0.0004908547853119671
291,B,underwater,kospi_return_1d,0.0005560140707530081
291,B,underwater,fx_level_z_252,-0.030134709551930428
291,alpha,,kospi_return_1d,0.03282088413834572
291,alpha,,fx_level_z_252,0.02931194379925728
292,beta,momentum,,-0.028789198026061058
292,beta,persist,,0.12584488093852997
292,beta,underwater,,0.018132401630282402
292,B,momentum,kospi_return_1d,0.0038075055927038193
292,B,momentum,fx_level_z_252,-0.002449415624141693
292,B,persist,kospi_return_1d,-0.008463872596621513
292,B,persist,fx_level_z_252,-0.00038290992961265147
292,B,underwater,kospi_return_1d,0.0006286220741458237
292,B,underwater,fx_level_z_252,-0.03010495752096176
292,alpha,,kospi_return_1d,0.032648809254169464
292,alpha,,fx_level_z_252,0.02924979291856289
293,beta,momentum,,-0.028848228976130486
293,beta,persist,,0.12593434751033783
293,beta,underwater,,0.018028827384114265
293,B,momentum,kospi_return_1d,0.003587299259379506
293,B,momentum,fx_level_z_252,-0.002204843331128359
293,B,persist,kospi_return_1d,-0.008450520224869251
293,B,persist,fx_level_z_252,-0.00038059602957218885
293,B,underwater,kospi_return_1d,0.0006941620958968997
293,B,underwater,fx_level_z_252,-0.03029174916446209
293,alpha,,kospi_return_1d,0.032442353665828705
293,alpha,,fx_level_z_252,0.029370365664362907
294,beta,momentum,,-0.028846988454461098
294,beta,persist,,0.12595273554325104
294,beta,underwater,,0.0179915614426136
294,B,momentum,kospi_return_1d,0.003571765962988138
294,B,momentum,fx_level_z_252,-0.0019300346029922366
294,B,persist,kospi_return_1d,-0.008579112589359283
294,B,persist,fx_level_z_252,-0.00030371409957297146
294,B,underwater,kospi_return_1d,0.0004933868767693639
294,B,underwater,fx_level_z_252,-0.03038542903959751
294,alpha,,kospi_return_1d,0.03229428455233574
294,alpha,,fx_level_z_252,0.029591228812932968
295,beta,momentum,,-0.028768228366971016
295,beta,persist,,0.12589502334594727
295,beta,underwater,,0.017861731350421906
295,B,momentum,kospi_return_1d,0.003675340209156275
295,B,momentum,fx_level_z_252,-0.0017783353105187416
295,B,persist,kospi_return_1d,-0.008976146578788757
295,B,persist,fx_level_z_252,8.3824124885723e-05
295,B,underwater,kospi_return_1d,0.00016311844228766859
295,B,underwater,fx_level_z_252,-0.030349692329764366
295,alpha,,kospi_return_1d,0.032248541712760925
295,alpha,,fx_level_z_252,0.02974568121135235
296,beta,momentum,,-0.028786273673176765
296,beta,persist,,0.12581273913383484
296,beta,underwater,,0.017886705696582794
296,B,momentum,kospi_return_1d,0.0038718876894563437
296,B,momentum,fx_level_z_252,-0.0016201077960431576
296,B,persist,kospi_return_1d,-0.009166914038360119
296,B,persist,fx_level_z_252,0.00035098002990707755
296,B,underwater,kospi_return_1d,-0.00030016625532880425
296,B,underwater,fx_level_z_252,-0.03027835488319397
296,alpha,,kospi_return_1d,0.03230245038866997
296,alpha,,fx_level_z_252,0.029912985861301422
297,beta,momentum,,-0.028731556609272957
297,beta,persist,,0.12582561373710632
297,beta,underwater,,0.01786327175796032
297,B,momentum,kospi_return_1d,0.004054653458297253
297,B,momentum,fx_level_z_252,-0.0013241112465038896
297,B,persist,kospi_return_1d,-0.009300461038947105
297,B,persist,fx_level_z_252,0.00033284793607890606
297,B,underwater,kospi_return_1d,-0.0003541688492987305
297,B,underwater,fx_level_z_252,-0.030471423640847206
297,alpha,,kospi_return_1d,0.03231130167841911
297,alpha,,fx_level_z_252,0.030113354325294495
298,beta,momentum,,-0.028718629851937294
298,beta,persist,,0.1257747858762741
298,beta,underwater,,0.01791493035852909
298,B,momentum,kospi_return_1d,0.004269431810826063
298,B,momentum,fx_level_z_252,-0.0011192483361810446
298,B,persist,kospi_return_1d,-0.009409128688275814
298,B,persist,fx_level_z_252,0.0003227315901312977
298,B,underwater,kospi_return_1d,-0.0003958214074373245
298,B,underwater,fx_level_z_252,-0.030446691438555717
298,alpha,,kospi_return_1d,0.03241490572690964
298,alpha,,fx_level_z_252,0.030351528897881508
299,beta,momentum,,-0.028752977028489113
299,beta,persist,,0.1256490796804428
299,beta,underwater,,0.0179226566106081
299,B,momentum,kospi_return_1d,0.004344380926340818
299,B,momentum,fx_level_z_252,-0.00111221126280725
299,B,persist,kospi_return_1d,-0.009501298889517784
299,B,persist,fx_level_z_252,0.0004798570298589766
299,B,underwater,kospi_return_1d,-0.000260285334661603
299,B,underwater,fx_level_z_252,-0.030292492359876633
299,alpha,,kospi_return_1d,0.032695889472961426
299,alpha,,fx_level_z_252,0.030545674264431
300,beta,momentum,,-0.028720572590827942
300,beta,persist,,0.1255890280008316
300,beta,underwater,,0.01788218319416046
300,B,momentum,kospi_return_1d,0.004597698338329792
300,B,momentum,fx_level_z_252,-0.0011994539527222514
300,B,persist,kospi_return_1d,-0.009640004485845566
300,B,persist,fx_level_z_252,0.00045624797348864377
300,B,underwater,kospi_return_1d,-9.828123438637704e-05
300,B,underwater,fx_level_z_252,-0.03001965582370758
300,alpha,,kospi_return_1d,0.03304586559534073
300,alpha,,fx_level_z_252,0.03065052069723606
