epoch,parameter,feature,context,weight
0,beta,momentum,,0.0
0,beta,persist,,0.0
0,beta,underwater,,0.0
0,B,momentum,kospi_return_1d,0.0
0,B,momentum,fx_level_z_252,0.0
0,B,persist,kospi_return_1d,0.0
0,B,persist,fx_level_z_252,0.0
0,B,underwater,kospi_return_1d,0.0
0,B,underwater,fx_level_z_252,0.0
0,alpha,,kospi_return_1d,0.0
0,alpha,,fx_level_z_252,0.0
1,beta,momentum,,-0.0020011276938021183
1,beta,persist,,0.0019785077311098576
1,beta,underwater,,0.0019715363159775734
1,B,momentum,kospi_return_1d,0.000542369787581265
1,B,momentum,fx_level_z_252,0.0019982843659818172
1,B,persist,kospi_return_1d,-0.0004021055647172034
1,B,persist,fx_level_z_252,-0.0019777908455580473
1,B,underwater,kospi_return_1d,-0.0009050389053300023
1,B,underwater,fx_level_z_252,-0.0018655837047845125
1,alpha,,kospi_return_1d,-0.0018235393799841404
1,alpha,,fx_level_z_252,0.0019556893967092037
2,beta,momentum,,-0.003990883938968182
2,beta,persist,,0.003945799544453621
2,beta,underwater,,0.003938599023967981
2,B,momentum,kospi_return_1d,-0.00024348287843167782
2,B,momentum,fx_level_z_252,0.003708663396537304
2,B,persist,kospi_return_1d,0.0007111315499059856
2,B,persist,fx_level_z_252,-0.003367049852386117
2,B,underwater,kospi_return_1d,-0.0010319132125005126
2,B,underwater,fx_level_z_252,-0.002722787903621793
2,alpha,,kospi_return_1d,-0.003583386540412903
2,alpha,,fx_level_z_252,0.0038995356298983097
3,beta,momentum,,-0.005970061756670475
3,beta,persist,,0.005912800319492817
3,beta,underwater,,0.005907852202653885
3,B,momentum,kospi_return_1d,-0.0007890563574619591
3,B,momentum,fx_level_z_252,0.005139507353305817
3,B,persist,kospi_return_1d,0.0014664087211713195
3,B,persist,fx_level_z_252,-0.004188050050288439
3,B,underwater,kospi_return_1d,-0.0014833083841949701
3,B,underwater,fx_level_z_252,-0.0027848505415022373
3,alpha,,kospi_return_1d,-0.005356408655643463
3,alpha,,fx_level_z_252,0.005858187563717365
4,beta,momentum,,-0.007928633131086826
4,beta,persist,,0.007872771471738815
4,beta,underwater,,0.007864094339311123
4,B,momentum,kospi_return_1d,-0.0006840735441073775
4,B,momentum,fx_level_z_252,0.006519277114421129
4,B,persist,kospi_return_1d,0.0017000866355374455
4,B,persist,fx_level_z_252,-0.004729870241135359
4,B,underwater,kospi_return_1d,-0.002173067769035697
4,B,underwater,fx_level_z_252,-0.0027349411975592375
4,alpha,,kospi_return_1d,-0.006952896248549223
4,alpha,,fx_level_z_252,0.007795831188559532
5,beta,momentum,,-0.00986037403345108
5,beta,persist,,0.009809293784201145
5,beta,underwater,,0.009805462323129177
5,B,momentum,kospi_return_1d,-0.0003740654792636633
5,B,momentum,fx_level_z_252,0.007937302812933922
5,B,persist,kospi_return_1d,0.001987601164728403
5,B,persist,fx_level_z_252,-0.005036434158682823
5,B,underwater,kospi_return_1d,-0.0026304437778890133
5,B,underwater,fx_level_z_252,-0.0028178368229418993
5,alpha,,kospi_return_1d,-0.008273567073047161
5,alpha,,fx_level_z_252,0.00972691923379898
6,beta,momentum,,-0.01174227800220251
6,beta,persist,,0.011734258383512497
6,beta,underwater,,0.011707388795912266
6,B,momentum,kospi_return_1d,9.523192420601845e-05
6,B,momentum,fx_level_z_252,0.00928469281643629
6,B,persist,kospi_return_1d,0.002399214543402195
6,B,persist,fx_level_z_252,-0.005526753142476082
6,B,underwater,kospi_return_1d,-0.0030909727793186903
6,B,underwater,fx_level_z_252,-0.003073720261454582
6,alpha,,kospi_return_1d,-0.009515592828392982
6,alpha,,fx_level_z_252,0.011622278951108456
7,beta,momentum,,-0.013609937392175198
7,beta,persist,,0.013641559518873692
7,beta,underwater,,0.013573974370956421
7,B,momentum,kospi_return_1d,0.0005092566134408116
7,B,momentum,fx_level_z_252,0.010497772134840488
7,B,persist,kospi_return_1d,0.0025505484081804752
7,B,persist,fx_level_z_252,-0.006056336220353842
7,B,underwater,kospi_return_1d,-0.0034772250801324844
7,B,underwater,fx_level_z_252,-0.0035436227917671204
7,alpha,,kospi_return_1d,-0.010592772625386715
7,alpha,,fx_level_z_252,0.013488581404089928
8,beta,momentum,,-0.01542430929839611
8,beta,persist,,0.015516486018896103
8,beta,underwater,,0.015399049036204815
8,B,momentum,kospi_return_1d,0.0008301069028675556
8,B,momentum,fx_level_z_252,0.011311261914670467
8,B,persist,kospi_return_1d,0.0027896007522940636
8,B,persist,fx_level_z_252,-0.006456740666180849
8,B,underwater,kospi_return_1d,-0.0038054739125072956
8,B,underwater,fx_level_z_252,-0.00423022685572505
8,alpha,,kospi_return_1d,-0.01141415536403656
8,alpha,,fx_level_z_252,0.015290958806872368
9,beta,momentum,,-0.01719493232667446
9,beta,persist,,0.017352169379591942
9,beta,underwater,,0.017154665663838387
9,B,momentum,kospi_return_1d,0.0009739974630065262
9,B,momentum,fx_level_z_252,0.011980993673205376
9,B,persist,kospi_return_1d,0.002844049595296383
9,B,persist,fx_level_z_252,-0.006742945406585932
9,B,underwater,kospi_return_1d,-0.0040247500874102116
9,B,underwater,fx_level_z_252,-0.005036064889281988
9,alpha,,kospi_return_1d,-0.012227113358676434
9,alpha,,fx_level_z_252,0.017011543735861778
10,beta,momentum,,-0.018917830660939217
10,beta,persist,,0.019153257831931114
10,beta,underwater,,0.018861597403883934
10,B,momentum,kospi_return_1d,0.0008891948964446783
10,B,momentum,fx_level_z_252,0.012453272007405758
10,B,persist,kospi_return_1d,0.002919527469202876
10,B,persist,fx_level_z_252,-0.0070366039872169495
10,B,underwater,kospi_return_1d,-0.004120290279388428
10,B,underwater,fx_level_z_252,-0.005854080431163311
10,alpha,,kospi_return_1d,-0.012917286716401577
10,alpha,,fx_level_z_252,0.018701491877436638
11,beta,momentum,,-0.0205618254840374
11,beta,persist,,0.020930184051394463
11,beta,underwater,,0.020493105053901672
11,B,momentum,kospi_return_1d,0.0008187552448362112
11,B,momentum,fx_level_z_252,0.01275232620537281
11,B,persist,kospi_return_1d,0.0029689345974475145
11,B,persist,fx_level_z_252,-0.007289794739335775
11,B,underwater,kospi_return_1d,-0.00419090548530221
11,B,underwater,fx_level_z_252,-0.006741104647517204
11,alpha,,kospi_return_1d,-0.013508561998605728
11,alpha,,fx_level_z_252,0.020322022959589958
12,beta,momentum,,-0.022163379937410355
12,beta,persist,,0.02269466035068035
12,beta,underwater,,0.022037437185645103
12,B,momentum,kospi_return_1d,0.0005594887770712376
12,B,momentum,fx_level_z_252,0.013190194964408875
12,B,persist,kospi_return_1d,0.0029908092692494392
12,B,persist,fx_level_z_252,-0.007376828230917454
12,B,underwater,kospi_return_1d,-0.004023443907499313
12,B,underwater,fx_level_z_252,-0.007868483662605286
12,alpha,,kospi_return_1d,-0.014122349210083485
12,alpha,,fx_level_z_252,0.021822869777679443
13,beta,momentum,,-0.023684615269303322
13,beta,persist,,0.0244247168302536
13,beta,underwater,,0.02350626513361931
13,B,momentum,kospi_return_1d,0.0001325600314885378
13,B,momentum,fx_level_z_252,0.013509457930922508
13,B,persist,kospi_return_1d,0.0028849178925156593
13,B,persist,fx_level_z_252,-0.007462093140929937
13,B,underwater,kospi_return_1d,-0.0035498407669365406
13,B,underwater,fx_level_z_252,-0.009057383053004742
13,alpha,,kospi_return_1d,-0.014631613157689571
13,alpha,,fx_level_z_252,0.023208091035485268
14,beta,momentum,,-0.025135587900877
14,beta,persist,,0.026109332218766212
14,beta,underwater,,0.02490082196891308
14,B,momentum,kospi_return_1d,-0.00025435484712943435
14,B,momentum,fx_level_z_252,0.0138240410014987
14,B,persist,kospi_return_1d,0.0028397738933563232
14,B,persist,fx_level_z_252,-0.007518845610320568
14,B,underwater,kospi_return_1d,-0.002932236297056079
14,B,underwater,fx_level_z_252,-0.010159222409129143
14,alpha,,kospi_return_1d,-0.014994083903729916
14,alpha,,fx_level_z_252,0.024468522518873215
15,beta,momentum,,-0.026530303061008453
15,beta,persist,,0.027783840894699097
15,beta,underwater,,0.02624288573861122
15,B,momentum,kospi_return_1d,-0.0005943484138697386
15,B,momentum,fx_level_z_252,0.014116117730736732
15,B,persist,kospi_return_1d,0.003015760565176606
15,B,persist,fx_level_z_252,-0.007587359752506018
15,B,underwater,kospi_return_1d,-0.0021914243698120117
15,B,underwater,fx_level_z_252,-0.011338574811816216
15,alpha,,kospi_return_1d,-0.01528589241206646
15,alpha,,fx_level_z_252,0.025692936033010483
16,beta,momentum,,-0.02784556709229946
16,beta,persist,,0.02942918799817562
16,beta,underwater,,0.027530623599886894
16,B,momentum,kospi_return_1d,-0.0006057231221348047
16,B,momentum,fx_level_z_252,0.014094077050685883
16,B,persist,kospi_return_1d,0.0027913502417504787
16,B,persist,fx_level_z_252,-0.007244262844324112
16,B,underwater,kospi_return_1d,-0.0016275511588901281
16,B,underwater,fx_level_z_252,-0.01221245713531971
16,alpha,,kospi_return_1d,-0.015490727499127388
16,alpha,,fx_level_z_252,0.02689751610159874
17,beta,momentum,,-0.029084673151373863
17,beta,persist,,0.031036565080285072
17,beta,underwater,,0.02872723527252674
17,B,momentum,kospi_return_1d,-0.00042498757829889655
17,B,momentum,fx_level_z_252,0.014062177389860153
17,B,persist,kospi_return_1d,0.0024910869542509317
17,B,persist,fx_level_z_252,-0.006745156366378069
17,B,underwater,kospi_return_1d,-0.0011020149104297161
17,B,underwater,fx_level_z_252,-0.013138838112354279
17,alpha,,kospi_return_1d,-0.015520603395998478
17,alpha,,fx_level_z_252,0.028080036863684654
18,beta,momentum,,-0.030260514467954636
18,beta,persist,,0.032606907188892365
18,beta,underwater,,0.02986154891550541
18,B,momentum,kospi_return_1d,-0.00012975395657122135
18,B,momentum,fx_level_z_252,0.013863558880984783
18,B,persist,kospi_return_1d,0.0021368335001170635
18,B,persist,fx_level_z_252,-0.006184895057231188
18,B,underwater,kospi_return_1d,-0.000554931175429374
18,B,underwater,fx_level_z_252,-0.013854936696588993
18,alpha,,kospi_return_1d,-0.015324082225561142
18,alpha,,fx_level_z_252,0.02923072688281536
19,beta,momentum,,-0.03132012113928795
19,beta,persist,,0.03413315862417221
19,beta,underwater,,0.03090490773320198
19,B,momentum,kospi_return_1d,0.0004207525635138154
19,B,momentum,fx_level_z_252,0.013713274151086807
19,B,persist,kospi_return_1d,0.001572254579514265
19,B,persist,fx_level_z_252,-0.005689461249858141
19,B,underwater,kospi_return_1d,-1.8941209418699145e-05
19,B,underwater,fx_level_z_252,-0.01473500207066536
19,alpha,,kospi_return_1d,-0.014939890243113041
19,alpha,,fx_level_z_252,0.030388839542865753
20,beta,momentum,,-0.0323379710316658
20,beta,persist,,0.03563546761870384
20,beta,underwater,,0.031912822276353836
20,B,momentum,kospi_return_1d,0.0008038070518523455
20,B,momentum,fx_level_z_252,0.013483592309057713
20,B,persist,kospi_return_1d,0.0011669315863400698
20,B,persist,fx_level_z_252,-0.005372729152441025
20,B,underwater,kospi_return_1d,0.0005816001212224364
20,B,underwater,fx_level_z_252,-0.015538118779659271
20,alpha,,kospi_return_1d,-0.0143926115706563
20,alpha,,fx_level_z_252,0.03148415684700012
21,beta,momentum,,-0.03325102478265762
21,beta,persist,,0.03706829249858856
21,beta,underwater,,0.032788462936878204
21,B,momentum,kospi_return_1d,0.001002695644274354
21,B,momentum,fx_level_z_252,0.013166001997888088
21,B,persist,kospi_return_1d,0.0007816644501872361
21,B,persist,fx_level_z_252,-0.00494565162807703
21,B,underwater,kospi_return_1d,0.0012581683695316315
21,B,underwater,fx_level_z_252,-0.016354432329535484
21,alpha,,kospi_return_1d,-0.01376546360552311
21,alpha,,fx_level_z_252,0.03247206285595894
22,beta,momentum,,-0.034126464277505875
22,beta,persist,,0.03846919164061546
22,beta,underwater,,0.03364577516913414
22,B,momentum,kospi_return_1d,0.0012124140048399568
22,B,momentum,fx_level_z_252,0.01252992544323206
22,B,persist,kospi_return_1d,0.00039121840381994843
22,B,persist,fx_level_z_252,-0.004273440223187208
22,B,underwater,kospi_return_1d,0.0017593962838873267
22,B,underwater,fx_level_z_252,-0.01699618622660637
22,alpha,,kospi_return_1d,-0.013022167608141899
22,alpha,,fx_level_z_252,0.03338273614645004
23,beta,momentum,,-0.034940205514431
23,beta,persist,,0.03983861207962036
23,beta,underwater,,0.03443967550992966
23,B,momentum,kospi_return_1d,0.0014100041007623076
23,B,momentum,fx_level_z_252,0.01175051648169756
23,B,persist,kospi_return_1d,8.402351522818208e-05
23,B,persist,fx_level_z_252,-0.003675218438729644
23,B,underwater,kospi_return_1d,0.002039243234321475
23,B,underwater,fx_level_z_252,-0.017533766105771065
23,alpha,,kospi_return_1d,-0.012173544615507126
23,alpha,,fx_level_z_252,0.03415486216545105
24,beta,momentum,,-0.03567895293235779
24,beta,persist,,0.04120367765426636
24,beta,underwater,,0.035183135420084
24,B,momentum,kospi_return_1d,0.0015911346999928355
24,B,momentum,fx_level_z_252,0.010807007551193237
24,B,persist,kospi_return_1d,-0.0003485775087028742
24,B,persist,fx_level_z_252,-0.0029725434724241495
24,B,underwater,kospi_return_1d,0.0022027555387467146
24,B,underwater,fx_level_z_252,-0.01808924973011017
24,alpha,,kospi_return_1d,-0.011344201862812042
24,alpha,,fx_level_z_252,0.03488660231232643
25,beta,momentum,,-0.03635017201304436
25,beta,persist,,0.04253431037068367
25,beta,underwater,,0.035851478576660156
25,B,momentum,kospi_return_1d,0.0017760973423719406
25,B,momentum,fx_level_z_252,0.009940044954419136
25,B,persist,kospi_return_1d,-0.0005182648892514408
25,B,persist,fx_level_z_252,-0.0023209229111671448
25,B,underwater,kospi_return_1d,0.0024061643052846193
25,B,underwater,fx_level_z_252,-0.018705597147345543
25,alpha,,kospi_return_1d,-0.010374973528087139
25,alpha,,fx_level_z_252,0.0355573408305645
26,beta,momentum,,-0.036963582038879395
26,beta,persist,,0.04382576048374176
26,beta,underwater,,0.03641517087817192
26,B,momentum,kospi_return_1d,0.0018370163161307573
26,B,momentum,fx_level_z_252,0.009064804762601852
26,B,persist,kospi_return_1d,-0.0006059962906874716
26,B,persist,fx_level_z_252,-0.0018351710168644786
26,B,underwater,kospi_return_1d,0.0025800196453928947
26,B,underwater,fx_level_z_252,-0.01942383125424385
26,alpha,,kospi_return_1d,-0.009299593046307564
26,alpha,,fx_level_z_252,0.03607383742928505
27,beta,momentum,,-0.037492889910936356
27,beta,persist,,0.045080989599227905
27,beta,underwater,,0.03688843175768852
27,B,momentum,kospi_return_1d,0.001783173531293869
27,B,momentum,fx_level_z_252,0.008223175071179867
27,B,persist,kospi_return_1d,-0.0006232865271158516
27,B,persist,fx_level_z_252,-0.001356108346953988
27,B,underwater,kospi_return_1d,0.0028831863310188055
27,B,underwater,fx_level_z_252,-0.02028573490679264
27,alpha,,kospi_return_1d,-0.008273052051663399
27,alpha,,fx_level_z_252,0.036560412496328354
28,beta,momentum,,-0.03797365725040436
28,beta,persist,,0.046318475157022476
28,beta,underwater,,0.0373079888522625
28,B,momentum,kospi_return_1d,0.0017315743025392294
28,B,momentum,fx_level_z_252,0.007414943538606167
28,B,persist,kospi_return_1d,-0.0006488097715191543
28,B,persist,fx_level_z_252,-0.000963078869972378
28,B,underwater,kospi_return_1d,0.0030867643654346466
28,B,underwater,fx_level_z_252,-0.02111412025988102
28,alpha,,kospi_return_1d,-0.007252344861626625
28,alpha,,fx_level_z_252,0.03702884539961815
29,beta,momentum,,-0.03842904418706894
29,beta,persist,,0.04750386252999306
29,beta,underwater,,0.037721145898103714
29,B,momentum,kospi_return_1d,0.0017396612092852592
29,B,momentum,fx_level_z_252,0.006672147195786238
29,B,persist,kospi_return_1d,-0.0005416073836386204
29,B,persist,fx_level_z_252,-0.00042946747271344066
29,B,underwater,kospi_return_1d,0.0032547148875892162
29,B,underwater,fx_level_z_252,-0.021948397159576416
29,alpha,,kospi_return_1d,-0.006063263397663832
29,alpha,,fx_level_z_252,0.03749554231762886
30,beta,momentum,,-0.03884097561240196
30,beta,persist,,0.048623256385326385
30,beta,underwater,,0.038062166422605515
30,B,momentum,kospi_return_1d,0.0016954272286966443
30,B,momentum,fx_level_z_252,0.005957912188023329
30,B,persist,kospi_return_1d,-0.0004377927107270807
30,B,persist,fx_level_z_252,0.00018404242291580886
30,B,underwater,kospi_return_1d,0.003353876993060112
30,B,underwater,fx_level_z_252,-0.02274724654853344
30,alpha,,kospi_return_1d,-0.004838947206735611
30,alpha,,fx_level_z_252,0.03782808408141136
31,beta,momentum,,-0.03913966193795204
31,beta,persist,,0.04967692494392395
31,beta,underwater,,0.038248516619205475
31,B,momentum,kospi_return_1d,0.0016215125797316432
31,B,momentum,fx_level_z_252,0.00525669613853097
31,B,persist,kospi_return_1d,-0.0003646901750471443
31,B,persist,fx_level_z_252,0.0007630398031324148
31,B,underwater,kospi_return_1d,0.0035766044165939093
31,B,underwater,fx_level_z_252,-0.0236440971493721
31,alpha,,kospi_return_1d,-0.0035869465209543705
31,alpha,,fx_level_z_252,0.03793221339583397
32,beta,momentum,,-0.039404384791851044
32,beta,persist,,0.05070466920733452
32,beta,underwater,,0.03839600458741188
32,B,momentum,kospi_return_1d,0.0017305464716628194
32,B,momentum,fx_level_z_252,0.004620102234184742
32,B,persist,kospi_return_1d,-0.00024861947167664766
32,B,persist,fx_level_z_252,0.0010312559315934777
32,B,underwater,kospi_return_1d,0.0036651853006333113
32,B,underwater,fx_level_z_252,-0.024610118940472603
32,alpha,,kospi_return_1d,-0.0022842076141387224
32,alpha,,fx_level_z_252,0.038007739931344986
33,beta,momentum,,-0.03959628567099571
33,beta,persist,,0.051748935133218765
33,beta,underwater,,0.03857933357357979
33,B,momentum,kospi_return_1d,0.002001665998250246
33,B,momentum,fx_level_z_252,0.0038445494137704372
33,B,persist,kospi_return_1d,-0.00013068789849057794
33,B,persist,fx_level_z_252,0.001148735755123198
33,B,underwater,kospi_return_1d,0.003710330231115222
33,B,underwater,fx_level_z_252,-0.025387322530150414
33,alpha,,kospi_return_1d,-0.0010632113553583622
33,alpha,,fx_level_z_252,0.038071371614933014
34,beta,momentum,,-0.03969166800379753
34,beta,persist,,0.052748795598745346
34,beta,underwater,,0.03869796544313431
34,B,momentum,kospi_return_1d,0.002317846054211259
34,B,momentum,fx_level_z_252,0.003073981497436762
34,B,persist,kospi_return_1d,9.781128028407693e-06
34,B,persist,fx_level_z_252,0.0011882514227181673
34,B,underwater,kospi_return_1d,0.0037939944304525852
34,B,underwater,fx_level_z_252,-0.026178287342190742
34,alpha,,kospi_return_1d,0.00012968480587005615
34,alpha,,fx_level_z_252,0.03800978139042854
35,beta,momentum,,-0.039765000343322754
35,beta,persist,,0.05373416095972061
35,beta,underwater,,0.03875485807657242
35,B,momentum,kospi_return_1d,0.0026950801257044077
35,B,momentum,fx_level_z_252,0.002301697386428714
35,B,persist,kospi_return_1d,5.893426714465022e-05
35,B,persist,fx_level_z_252,0.0012770516332238913
35,B,underwater,kospi_return_1d,0.0038578093517571688
35,B,underwater,fx_level_z_252,-0.026967033743858337
35,alpha,,kospi_return_1d,0.00127444660756737
35,alpha,,fx_level_z_252,0.0378805473446846
36,beta,momentum,,-0.03981274738907814
36,beta,persist,,0.05473916977643967
36,beta,underwater,,0.03872281312942505
36,B,momentum,kospi_return_1d,0.00302709499374032
36,B,momentum,fx_level_z_252,0.0015108216321095824
36,B,persist,kospi_return_1d,-1.399339089402929e-05
36,B,persist,fx_level_z_252,0.0012942891335114837
36,B,underwater,kospi_return_1d,0.0039154281839728355
36,B,underwater,fx_level_z_252,-0.027887513861060143
36,alpha,,kospi_return_1d,0.0022685742005705833
36,alpha,,fx_level_z_252,0.03779327869415283
37,beta,momentum,,-0.039877306669950485
37,beta,persist,,0.055725276470184326
37,beta,underwater,,0.038741469383239746
37,B,momentum,kospi_return_1d,0.0031754004303365946
37,B,momentum,fx_level_z_252,0.00081153295468539
37,B,persist,kospi_return_1d,2.1867876057513058e-05
37,B,persist,fx_level_z_252,0.0011022292310371995
37,B,underwater,kospi_return_1d,0.003993136342614889
37,B,underwater,fx_level_z_252,-0.02868054248392582
37,alpha,,kospi_return_1d,0.0031102532520890236
37,alpha,,fx_level_z_252,0.03770352527499199
38,beta,momentum,,-0.03991834819316864
38,beta,persist,,0.0567038469016552
38,beta,underwater,,0.03878284618258476
38,B,momentum,kospi_return_1d,0.003312231507152319
38,B,momentum,fx_level_z_252,-9.77242598310113e-05
38,B,persist,kospi_return_1d,5.707581294700503e-06
38,B,persist,fx_level_z_252,0.0011166776530444622
38,B,underwater,kospi_return_1d,0.003975085914134979
38,B,underwater,fx_level_z_252,-0.02912040427327156
38,alpha,,kospi_return_1d,0.003872569417580962
38,alpha,,fx_level_z_252,0.03762654960155487
39,beta,momentum,,-0.03991156443953514
39,beta,persist,,0.05768190324306488
39,beta,underwater,,0.0388018973171711
39,B,momentum,kospi_return_1d,0.003372414503246546
39,B,momentum,fx_level_z_252,-0.0009502395987510681
39,B,persist,kospi_return_1d,7.690299389651045e-05
39,B,persist,fx_level_z_252,0.0010626347502693534
39,B,underwater,kospi_return_1d,0.003954064100980759
39,B,underwater,fx_level_z_252,-0.02956174500286579
39,alpha,,kospi_return_1d,0.004657949320971966
39,alpha,,fx_level_z_252,0.03755855932831764
40,beta,momentum,,-0.03995878994464874
40,beta,persist,,0.058684270828962326
40,beta,underwater,,0.038848187774419785
40,B,momentum,kospi_return_1d,0.0034389407373964787
40,B,momentum,fx_level_z_252,-0.0015688315033912659
40,B,persist,kospi_return_1d,0.00011740024638129398
40,B,persist,fx_level_z_252,0.0009883856400847435
40,B,underwater,kospi_return_1d,0.004090968519449234
40,B,underwater,fx_level_z_252,-0.029940051957964897
40,alpha,,kospi_return_1d,0.0053416029550135136
40,alpha,,fx_level_z_252,0.03750593960285187
41,beta,momentum,,-0.03997764736413956
41,beta,persist,,0.05969243496656418
41,beta,underwater,,0.03884733468294144
41,B,momentum,kospi_return_1d,0.00350593077018857
41,B,momentum,fx_level_z_252,-0.002104440936818719
41,B,persist,kospi_return_1d,5.467493974720128e-05
41,B,persist,fx_level_z_252,0.0009025092585943639
41,B,underwater,kospi_return_1d,0.004141604993492365
41,B,underwater,fx_level_z_252,-0.030366601422429085
41,alpha,,kospi_return_1d,0.005938270594924688
41,alpha,,fx_level_z_252,0.03750719502568245
42,beta,momentum,,-0.039996206760406494
42,beta,persist,,0.06071353703737259
42,beta,underwater,,0.038860734552145004
42,B,momentum,kospi_return_1d,0.0034423547331243753
42,B,momentum,fx_level_z_252,-0.002403897000476718
42,B,persist,kospi_return_1d,2.7875204978045076e-05
42,B,persist,fx_level_z_252,0.0009045032784342766
42,B,underwater,kospi_return_1d,0.004213568288832903
42,B,underwater,fx_level_z_252,-0.030895210802555084
42,alpha,,kospi_return_1d,0.0063870977610349655
42,alpha,,fx_level_z_252,0.03753418102860451
43,beta,momentum,,-0.03998750448226929
43,beta,persist,,0.0617450512945652
43,beta,underwater,,0.03885286673903465
43,B,momentum,kospi_return_1d,0.003466210560873151
43,B,momentum,fx_level_z_252,-0.0028503378853201866
43,B,persist,kospi_return_1d,-0.00015070787048898637
43,B,persist,fx_level_z_252,0.000837212719488889
43,B,underwater,kospi_return_1d,0.004182629287242889
43,B,underwater,fx_level_z_252,-0.03131907433271408
43,alpha,,kospi_return_1d,0.006737885065376759
43,alpha,,fx_level_z_252,0.037525828927755356
44,beta,momentum,,-0.03996392339468002
44,beta,persist,,0.06277692317962646
44,beta,underwater,,0.03881355747580528
44,B,momentum,kospi_return_1d,0.0033580204471945763
44,B,momentum,fx_level_z_252,-0.003202923107892275
44,B,persist,kospi_return_1d,-0.0002613015240058303
44,B,persist,fx_level_z_252,0.0007904382655397058
44,B,underwater,kospi_return_1d,0.004083880223333836
44,B,underwater,fx_level_z_252,-0.031850192695856094
44,alpha,,kospi_return_1d,0.007078907918184996
44,alpha,,fx_level_z_252,0.03752106800675392
45,beta,momentum,,-0.03997216001152992
45,beta,persist,,0.06382788717746735
45,beta,underwater,,0.03879828751087189
45,B,momentum,kospi_return_1d,0.003341643838211894
45,B,momentum,fx_level_z_252,-0.0035099340602755547
45,B,persist,kospi_return_1d,-0.00039023635326884687
45,B,persist,fx_level_z_252,0.0008060449035838246
45,B,underwater,kospi_return_1d,0.0037450254894793034
45,B,underwater,fx_level_z_252,-0.03234682232141495
45,alpha,,kospi_return_1d,0.007367664948105812
45,alpha,,fx_level_z_252,0.037507470697164536
46,beta,momentum,,-0.040000904351472855
46,beta,persist,,0.06483794003725052
46,beta,underwater,,0.038721729069948196
46,B,momentum,kospi_return_1d,0.003292349399998784
46,B,momentum,fx_level_z_252,-0.0036824094131588936
46,B,persist,kospi_return_1d,-0.000493754108902067
46,B,persist,fx_level_z_252,0.0010129797738045454
46,B,underwater,kospi_return_1d,0.003482116386294365
46,B,underwater,fx_level_z_252,-0.03285731002688408
46,alpha,,kospi_return_1d,0.007632603868842125
46,alpha,,fx_level_z_252,0.03756170719861984
47,beta,momentum,,-0.04006515443325043
47,beta,persist,,0.0658336728811264
47,beta,underwater,,0.03870829567313194
47,B,momentum,kospi_return_1d,0.0031920429319143295
47,B,momentum,fx_level_z_252,-0.0038814113941043615
47,B,persist,kospi_return_1d,-0.000503344286698848
47,B,persist,fx_level_z_252,0.0013106184778735042
47,B,underwater,kospi_return_1d,0.003205781802535057
47,B,underwater,fx_level_z_252,-0.0332188755273819
47,alpha,,kospi_return_1d,0.00788963958621025
47,alpha,,fx_level_z_252,0.03759675472974777
48,beta,momentum,,-0.040139809250831604
48,beta,persist,,0.06681059300899506
48,beta,underwater,,0.038694240152835846
48,B,momentum,kospi_return_1d,0.0031224803533405066
48,B,momentum,fx_level_z_252,-0.004261630587279797
48,B,persist,kospi_return_1d,-0.00040553248254582286
48,B,persist,fx_level_z_252,0.0016052877763286233
48,B,underwater,kospi_return_1d,0.0028821337036788464
48,B,underwater,fx_level_z_252,-0.033381249755620956
48,alpha,,kospi_return_1d,0.008250071667134762
48,alpha,,fx_level_z_252,0.037644144147634506
49,beta,momentum,,-0.04019013047218323
49,beta,persist,,0.06773605197668076
49,beta,underwater,,0.03866082429885864
49,B,momentum,kospi_return_1d,0.002886654809117317
49,B,momentum,fx_level_z_252,-0.004700395278632641
49,B,persist,kospi_return_1d,-0.0002309379487996921
49,B,persist,fx_level_z_252,0.0018349670572206378
49,B,underwater,kospi_return_1d,0.002693721791729331
49,B,underwater,fx_level_z_252,-0.03342259302735329
49,alpha,,kospi_return_1d,0.008789551444351673
49,alpha,,fx_level_z_252,0.03764767572283745
50,beta,momentum,,-0.040209464728832245
50,beta,persist,,0.06867609173059464
50,beta,underwater,,0.03859609737992287
50,B,momentum,kospi_return_1d,0.0026200818829238415
50,B,momentum,fx_level_z_252,-0.0051354398019611835
50,B,persist,kospi_return_1d,6.793286593165249e-05
50,B,persist,fx_level_z_252,0.0019361326703801751
50,B,underwater,kospi_return_1d,0.0025866227224469185
50,B,underwater,fx_level_z_252,-0.033450398594141006
50,alpha,,kospi_return_1d,0.009192808531224728
50,alpha,,fx_level_z_252,0.03757607564330101
51,beta,momentum,,-0.04023298993706703
51,beta,persist,,0.06964090466499329
51,beta,underwater,,0.03857327625155449
51,B,momentum,kospi_return_1d,0.0025547114200890064
51,B,momentum,fx_level_z_252,-0.005518781486898661
51,B,persist,kospi_return_1d,0.00021530812955461442
51,B,persist,fx_level_z_252,0.0019990920554846525
51,B,underwater,kospi_return_1d,0.0023920158855617046
51,B,underwater,fx_level_z_252,-0.03337651491165161
51,alpha,,kospi_return_1d,0.009589982219040394
51,alpha,,fx_level_z_252,0.037587106227874756
52,beta,momentum,,-0.04022946208715439
52,beta,persist,,0.07061352580785751
52,beta,underwater,,0.03858429938554764
52,B,momentum,kospi_return_1d,0.0025443737395107746
52,B,momentum,fx_level_z_252,-0.005873395595699549
52,B,persist,kospi_return_1d,0.00018318004731554538
52,B,persist,fx_level_z_252,0.001977368723601103
52,B,underwater,kospi_return_1d,0.00204634596593678
52,B,underwater,fx_level_z_252,-0.0332549549639225
52,alpha,,kospi_return_1d,0.00988599844276905
52,alpha,,fx_level_z_252,0.03768571838736534
53,beta,momentum,,-0.040213290601968765
53,beta,persist,,0.07158032804727554
53,beta,underwater,,0.03861632198095322
53,B,momentum,kospi_return_1d,0.0024547409266233444
53,B,momentum,fx_level_z_252,-0.006078803446143866
53,B,persist,kospi_return_1d,0.00026824267115443945
53,B,persist,fx_level_z_252,0.0018978776643052697
53,B,underwater,kospi_return_1d,0.0018515181727707386
53,B,underwater,fx_level_z_252,-0.03318826109170914
53,alpha,,kospi_return_1d,0.010041755624115467
53,alpha,,fx_level_z_252,0.03775328770279884
54,beta,momentum,,-0.040186069905757904
54,beta,persist,,0.07255767285823822
54,beta,underwater,,0.03865104541182518
54,B,momentum,kospi_return_1d,0.0023224877659231424
54,B,momentum,fx_level_z_252,-0.006342804990708828
54,B,persist,kospi_return_1d,0.00019918542238883674
54,B,persist,fx_level_z_252,0.0016402257606387138
54,B,underwater,kospi_return_1d,0.0015987369697540998
54,B,underwater,fx_level_z_252,-0.03305414691567421
54,alpha,,kospi_return_1d,0.010134442709386349
54,alpha,,fx_level_z_252,0.03784554451704025
55,beta,momentum,,-0.040106598287820816
55,beta,persist,,0.07344171404838562
55,beta,underwater,,0.0386178120970726
55,B,momentum,kospi_return_1d,0.002390055451542139
55,B,momentum,fx_level_z_252,-0.006548718549311161
55,B,persist,kospi_return_1d,-3.378711699042469e-05
55,B,persist,fx_level_z_252,0.0014125490561127663
55,B,underwater,kospi_return_1d,0.0012997380690649152
55,B,underwater,fx_level_z_252,-0.03308878466486931
55,alpha,,kospi_return_1d,0.010363143868744373
55,alpha,,fx_level_z_252,0.03794758766889572
56,beta,momentum,,-0.040032703429460526
56,beta,persist,,0.07428660988807678
56,beta,underwater,,0.03851499408483505
56,B,momentum,kospi_return_1d,0.0024462700821459293
56,B,momentum,fx_level_z_252,-0.006618437822908163
56,B,persist,kospi_return_1d,-0.0004473624867387116
56,B,persist,fx_level_z_252,0.0011911062756553292
56,B,underwater,kospi_return_1d,0.001039107097312808
56,B,underwater,fx_level_z_252,-0.0332612581551075
56,alpha,,kospi_return_1d,0.010602368041872978
56,alpha,,fx_level_z_252,0.037961747497320175
57,beta,momentum,,-0.039927925914525986
57,beta,persist,,0.07509636133909225
57,beta,underwater,,0.03838127851486206
57,B,momentum,kospi_return_1d,0.00234796735458076
57,B,momentum,fx_level_z_252,-0.006661287508904934
57,B,persist,kospi_return_1d,-0.0007057973998598754
57,B,persist,fx_level_z_252,0.0009638223564252257
57,B,underwater,kospi_return_1d,0.000848078983835876
57,B,underwater,fx_level_z_252,-0.0335184745490551
57,alpha,,kospi_return_1d,0.010833906009793282
57,alpha,,fx_level_z_252,0.03790077939629555
58,beta,momentum,,-0.03981525078415871
58,beta,persist,,0.07583101838827133
58,beta,underwater,,0.038218360394239426
58,B,momentum,kospi_return_1d,0.0023374869488179684
58,B,momentum,fx_level_z_252,-0.006852063350379467
58,B,persist,kospi_return_1d,-0.0009433520608581603
58,B,persist,fx_level_z_252,0.0008691829862073064
58,B,underwater,kospi_return_1d,0.0006500006420537829
58,B,underwater,fx_level_z_252,-0.03367285430431366
58,alpha,,kospi_return_1d,0.01124362088739872
58,alpha,,fx_level_z_252,0.03779548034071922
59,beta,momentum,,-0.03969631344079971
59,beta,persist,,0.07655695825815201
59,beta,underwater,,0.03807071968913078
59,B,momentum,kospi_return_1d,0.002169909654185176
59,B,momentum,fx_level_z_252,-0.0069322120398283005
59,B,persist,kospi_return_1d,-0.0010067488765344024
59,B,persist,fx_level_z_252,0.00048739323392510414
59,B,underwater,kospi_return_1d,0.0006254659965634346
59,B,underwater,fx_level_z_252,-0.03390880674123764
59,alpha,,kospi_return_1d,0.011620170436799526
59,alpha,,fx_level_z_252,0.03771157190203667
60,beta,momentum,,-0.03956916555762291
60,beta,persist,,0.0772705078125
60,beta,underwater,,0.037946924567222595
60,B,momentum,kospi_return_1d,0.0021632544230669737
60,B,momentum,fx_level_z_252,-0.007021541241556406
60,B,persist,kospi_return_1d,-0.0009129457175731659
60,B,persist,fx_level_z_252,0.00017338980978820473
60,B,underwater,kospi_return_1d,0.0007191405165940523
60,B,underwater,fx_level_z_252,-0.0340786874294281
60,alpha,,kospi_return_1d,0.012185284867882729
60,alpha,,fx_level_z_252,0.03763259947299957
61,beta,momentum,,-0.039381757378578186
61,beta,persist,,0.07797926664352417
61,beta,underwater,,0.03783859685063362
61,B,momentum,kospi_return_1d,0.00214577279984951
61,B,momentum,fx_level_z_252,-0.007334141992032528
61,B,persist,kospi_return_1d,-0.0008152182563208044
61,B,persist,fx_level_z_252,8.383249951293692e-05
61,B,underwater,kospi_return_1d,0.0008503090939484537
61,B,underwater,fx_level_z_252,-0.033995259553194046
61,alpha,,kospi_return_1d,0.012772131711244583
61,alpha,,fx_level_z_252,0.037483956664800644
62,beta,momentum,,-0.039230022579431534
62,beta,persist,,0.0787186324596405
62,beta,underwater,,0.037788815796375275
62,B,momentum,kospi_return_1d,0.002178468508645892
62,B,momentum,fx_level_z_252,-0.007669673301279545
62,B,persist,kospi_return_1d,-0.0007431830745190382
62,B,persist,fx_level_z_252,-4.904487286694348e-05
62,B,underwater,kospi_return_1d,0.0008825702825561166
62,B,underwater,fx_level_z_252,-0.03395719826221466
62,alpha,,kospi_return_1d,0.013180652633309364
62,alpha,,fx_level_z_252,0.037445541471242905
63,beta,momentum,,-0.03904610872268677
63,beta,persist,,0.07944947481155396
63,beta,underwater,,0.03765527904033661
63,B,momentum,kospi_return_1d,0.0022257030941545963
63,B,momentum,fx_level_z_252,-0.008017588406801224
63,B,persist,kospi_return_1d,-0.0007384093478322029
63,B,persist,fx_level_z_252,-8.941210398916155e-05
63,B,underwater,kospi_return_1d,0.0009302761754952371
63,B,underwater,fx_level_z_252,-0.033937130123376846
63,alpha,,kospi_return_1d,0.013592326082289219
63,alpha,,fx_level_z_252,0.03734210878610611
64,beta,momentum,,-0.03890709951519966
64,beta,persist,,0.08017182350158691
64,beta,underwater,,0.03752594813704491
64,B,momentum,kospi_return_1d,0.002303594723343849
64,B,momentum,fx_level_z_252,-0.008286893367767334
64,B,persist,kospi_return_1d,-0.0005448666634038091
64,B,persist,fx_level_z_252,-0.0001835092407418415
64,B,underwater,kospi_return_1d,0.0010214728536084294
64,B,underwater,fx_level_z_252,-0.03394533693790436
64,alpha,,kospi_return_1d,0.014019900001585484
64,alpha,,fx_level_z_252,0.03726588934659958
65,beta,momentum,,-0.038769159466028214
65,beta,persist,,0.0808669850230217
65,beta,underwater,,0.03738947585225105
65,B,momentum,kospi_return_1d,0.0024171515833586454
65,B,momentum,fx_level_z_252,-0.008358731865882874
65,B,persist,kospi_return_1d,-9.600055636838078e-05
65,B,persist,fx_level_z_252,-9.235071775037795e-05
65,B,underwater,kospi_return_1d,0.0011347323888912797
65,B,underwater,fx_level_z_252,-0.03408486768603325
65,alpha,,kospi_return_1d,0.014438359998166561
65,alpha,,fx_level_z_252,0.03723056986927986
66,beta,momentum,,-0.03861517459154129
66,beta,persist,,0.08151905983686447
66,beta,underwater,,0.0372161939740181
66,B,momentum,kospi_return_1d,0.002559470012784004
66,B,momentum,fx_level_z_252,-0.008481763303279877
66,B,persist,kospi_return_1d,0.00027874225634150207
66,B,persist,fx_level_z_252,9.917312854668126e-05
66,B,underwater,kospi_return_1d,0.0011671058600768447
66,B,underwater,fx_level_z_252,-0.03421970456838608
66,alpha,,kospi_return_1d,0.01492810808122158
66,alpha,,fx_level_z_252,0.037106823176145554
67,beta,momentum,,-0.0384058952331543
67,beta,persist,,0.08210894465446472
67,beta,underwater,,0.03693946450948715
67,B,momentum,kospi_return_1d,0.0025425897911190987
67,B,momentum,fx_level_z_252,-0.008484737947583199
67,B,persist,kospi_return_1d,0.00039354999898932874
67,B,persist,fx_level_z_252,0.00035440371721051633
67,B,underwater,kospi_return_1d,0.0012604126241058111
67,B,underwater,fx_level_z_252,-0.03450678288936615
67,alpha,,kospi_return_1d,0.015594673343002796
67,alpha,,fx_level_z_252,0.03690782189369202
68,beta,momentum,,-0.0382208526134491
68,beta,persist,,0.08268898725509644
68,beta,underwater,,0.03667599335312843
68,B,momentum,kospi_return_1d,0.0024259488563984632
68,B,momentum,fx_level_z_252,-0.008444676175713539
68,B,persist,kospi_return_1d,0.0003939938615076244
68,B,persist,fx_level_z_252,0.0005963973817415535
68,B,underwater,kospi_return_1d,0.0012557880254462361
68,B,underwater,fx_level_z_252,-0.03481956943869591
68,alpha,,kospi_return_1d,0.01618446782231331
68,alpha,,fx_level_z_252,0.036773066967725754
69,beta,momentum,,-0.038031645119190216
69,beta,persist,,0.08328516036272049
69,beta,underwater,,0.036421358585357666
69,B,momentum,kospi_return_1d,0.0023886284325271845
69,B,momentum,fx_level_z_252,-0.00841500610113144
69,B,persist,kospi_return_1d,0.0003027473285328597
69,B,persist,fx_level_z_252,0.0005829628207720816
69,B,underwater,kospi_return_1d,0.001121455105021596
69,B,underwater,fx_level_z_252,-0.03505374491214752
69,alpha,,kospi_return_1d,0.0167399775236845
69,alpha,,fx_level_z_252,0.03664880990982056
70,beta,momentum,,-0.03779798746109009
70,beta,persist,,0.08383883535861969
70,beta,underwater,,0.03617219999432564
70,B,momentum,kospi_return_1d,0.0024472817312926054
70,B,momentum,fx_level_z_252,-0.008479460142552853
70,B,persist,kospi_return_1d,0.00014713841665070504
70,B,persist,fx_level_z_252,0.0006019374122843146
70,B,underwater,kospi_return_1d,0.0009079384617507458
70,B,underwater,fx_level_z_252,-0.03514861315488815
70,alpha,,kospi_return_1d,0.017440102994441986
70,alpha,,fx_level_z_252,0.03656564652919769
71,beta,momentum,,-0.03755185380578041
71,beta,persist,,0.08439510315656662
71,beta,underwater,,0.03594689443707466
71,B,momentum,kospi_return_1d,0.002431343076750636
71,B,momentum,fx_level_z_252,-0.008516835048794746
71,B,persist,kospi_return_1d,-0.00011872992035932839
71,B,persist,fx_level_z_252,0.0007284912280738354
71,B,underwater,kospi_return_1d,0.0007847118540666997
71,B,underwater,fx_level_z_252,-0.03518328443169594
71,alpha,,kospi_return_1d,0.01803147792816162
71,alpha,,fx_level_z_252,0.036455534398555756
72,beta,momentum,,-0.03728248551487923
72,beta,persist,,0.08499275147914886
72,beta,underwater,,0.03571958839893341
72,B,momentum,kospi_return_1d,0.002432739594951272
72,B,momentum,fx_level_z_252,-0.008583348244428635
72,B,persist,kospi_return_1d,-0.0004905526293441653
72,B,persist,fx_level_z_252,0.0007769428193569183
72,B,underwater,kospi_return_1d,0.0006439874996431172
72,B,underwater,fx_level_z_252,-0.03516677767038345
72,alpha,,kospi_return_1d,0.018371393904089928
72,alpha,,fx_level_z_252,0.036249905824661255
73,beta,momentum,,-0.03702009096741676
73,beta,persist,,0.0855594277381897
73,beta,underwater,,0.03546471893787384
73,B,momentum,kospi_return_1d,0.0024101941380649805
73,B,momentum,fx_level_z_252,-0.00871251430362463
73,B,persist,kospi_return_1d,-0.0007334797410294414
73,B,persist,fx_level_z_252,0.000689784821588546
73,B,underwater,kospi_return_1d,0.0004904379020445049
73,B,underwater,fx_level_z_252,-0.035174984484910965
73,alpha,,kospi_return_1d,0.018876124173402786
73,alpha,,fx_level_z_252,0.036043763160705566
74,beta,momentum,,-0.03682327643036842
74,beta,persist,,0.08614621311426163
74,beta,underwater,,0.03520946577191353
74,B,momentum,kospi_return_1d,0.0022628672886639833
74,B,momentum,fx_level_z_252,-0.008878427557647228
74,B,persist,kospi_return_1d,-0.0008582213777117431
74,B,persist,fx_level_z_252,0.0007079470087774098
74,B,underwater,kospi_return_1d,0.00038211100036278367
74,B,underwater,fx_level_z_252,-0.03507302701473236
74,alpha,,kospi_return_1d,0.019140534102916718
74,alpha,,fx_level_z_252,0.03592570871114731
75,beta,momentum,,-0.0365920215845108
75,beta,persist,,0.08672056347131729
75,beta,underwater,,0.03497167304158211
75,B,momentum,kospi_return_1d,0.0022589745931327343
75,B,momentum,fx_level_z_252,-0.008970937691628933
75,B,persist,kospi_return_1d,-0.0009120188187807798
75,B,persist,fx_level_z_252,0.0007608850137330592
75,B,underwater,kospi_return_1d,0.0001711715740384534
75,B,underwater,fx_level_z_252,-0.03494866192340851
75,alpha,,kospi_return_1d,0.01940344274044037
75,alpha,,fx_level_z_252,0.03578946739435196
76,beta,momentum,,-0.03641364350914955
76,beta,persist,,0.08728226274251938
76,beta,underwater,,0.03480276092886925
76,B,momentum,kospi_return_1d,0.0024416735395789146
76,B,momentum,fx_level_z_252,-0.009104319848120213
76,B,persist,kospi_return_1d,-0.0009412711951881647
76,B,persist,fx_level_z_252,0.000988426967523992
76,B,underwater,kospi_return_1d,-0.00012045206676702946
76,B,underwater,fx_level_z_252,-0.03467762842774391
76,alpha,,kospi_return_1d,0.01970955729484558
76,alpha,,fx_level_z_252,0.03568483889102936
77,beta,momentum,,-0.03627067431807518
77,beta,persist,,0.0878463014960289
77,beta,underwater,,0.03462352231144905
77,B,momentum,kospi_return_1d,0.0026982827112078667
77,B,momentum,fx_level_z_252,-0.009191199205815792
77,B,persist,kospi_return_1d,-0.0010508784325793386
77,B,persist,fx_level_z_252,0.0012707144487649202
77,B,underwater,kospi_return_1d,-0.0002032503834925592
77,B,underwater,fx_level_z_252,-0.034412115812301636
77,alpha,,kospi_return_1d,0.01994434930384159
77,alpha,,fx_level_z_252,0.03548185154795647
78,beta,momentum,,-0.03615956008434296
78,beta,persist,,0.08842316269874573
78,beta,underwater,,0.03448954597115517
78,B,momentum,kospi_return_1d,0.0029540187679231167
78,B,momentum,fx_level_z_252,-0.009226605296134949
78,B,persist,kospi_return_1d,-0.0010321250883862376
78,B,persist,fx_level_z_252,0.0013594351476058364
78,B,underwater,kospi_return_1d,-0.0002495784137863666
78,B,underwater,fx_level_z_252,-0.034156881272792816
78,alpha,,kospi_return_1d,0.020134346559643745
78,alpha,,fx_level_z_252,0.03534065559506416
79,beta,momentum,,-0.03603994846343994
79,beta,persist,,0.08903276920318604
79,beta,underwater,,0.03443293273448944
79,B,momentum,kospi_return_1d,0.003119533881545067
79,B,momentum,fx_level_z_252,-0.00927028339356184
79,B,persist,kospi_return_1d,-0.0008635897538624704
79,B,persist,fx_level_z_252,0.0013344435719773173
79,B,underwater,kospi_return_1d,-0.00011463354167062789
79,B,underwater,fx_level_z_252,-0.03386969864368439
79,alpha,,kospi_return_1d,0.0202617384493351
79,alpha,,fx_level_z_252,0.03530775010585785
80,beta,momentum,,-0.03591984510421753
80,beta,persist,,0.08961000293493271
80,beta,underwater,,0.03432275727391243
80,B,momentum,kospi_return_1d,0.0031027875375002623
80,B,momentum,fx_level_z_252,-0.009288991801440716
80,B,persist,kospi_return_1d,-0.0006038207793608308
80,B,persist,fx_level_z_252,0.0013070310233160853
80,B,underwater,kospi_return_1d,0.0002127518819179386
80,B,underwater,fx_level_z_252,-0.033702701330184937
80,alpha,,kospi_return_1d,0.020427081733942032
80,alpha,,fx_level_z_252,0.03519023582339287
81,beta,momentum,,-0.03579549491405487
81,beta,persist,,0.09022572636604309
81,beta,underwater,,0.03422791138291359
81,B,momentum,kospi_return_1d,0.002936196979135275
81,B,momentum,fx_level_z_252,-0.009290955029428005
81,B,persist,kospi_return_1d,-0.000401647062972188
81,B,persist,fx_level_z_252,0.0012152439448982477
81,B,underwater,kospi_return_1d,0.0006447276100516319
81,B,underwater,fx_level_z_252,-0.03366797789931297
81,alpha,,kospi_return_1d,0.02054004557430744
81,alpha,,fx_level_z_252,0.03506814315915108
82,beta,momentum,,-0.03573239594697952
82,beta,persist,,0.0908118262887001
82,beta,underwater,,0.03411076217889786
82,B,momentum,kospi_return_1d,0.0025457320734858513
82,B,momentum,fx_level_z_252,-0.009205728769302368
82,B,persist,kospi_return_1d,-0.00014010367158334702
82,B,persist,fx_level_z_252,0.0010105065302923322
82,B,underwater,kospi_return_1d,0.0011331416899338365
82,B,underwater,fx_level_z_252,-0.03374509885907173
82,alpha,,kospi_return_1d,0.020650694146752357
82,alpha,,fx_level_z_252,0.034928251057863235
83,beta,momentum,,-0.03579806163907051
83,beta,persist,,0.09145515412092209
83,beta,underwater,,0.03408050909638405
83,B,momentum,kospi_return_1d,0.0021325205452740192
83,B,momentum,fx_level_z_252,-0.00906244944781065
83,B,persist,kospi_return_1d,5.449086893349886e-05
83,B,persist,fx_level_z_252,0.0006754188798367977
83,B,underwater,kospi_return_1d,0.00146404595579952
83,B,underwater,fx_level_z_252,-0.033765535801649094
83,alpha,,kospi_return_1d,0.020648540928959846
83,alpha,,fx_level_z_252,0.03478220850229263
84,beta,momentum,,-0.03582993149757385
84,beta,persist,,0.09208273887634277
84,beta,underwater,,0.034088730812072754
84,B,momentum,kospi_return_1d,0.0017252896213904023
84,B,momentum,fx_level_z_252,-0.009077150374650955
84,B,persist,kospi_return_1d,6.037324055796489e-05
84,B,persist,fx_level_z_252,0.0004720690776593983
84,B,underwater,kospi_return_1d,0.0015737967332825065
84,B,underwater,fx_level_z_252,-0.03364706039428711
84,alpha,,kospi_return_1d,0.020648807287216187
84,alpha,,fx_level_z_252,0.034709952771663666
85,beta,momentum,,-0.03580984100699425
85,beta,persist,,0.09269518405199051
85,beta,underwater,,0.03406909108161926
85,B,momentum,kospi_return_1d,0.0013855674769729376
85,B,momentum,fx_level_z_252,-0.00909833051264286
85,B,persist,kospi_return_1d,-5.522106584976427e-05
85,B,persist,fx_level_z_252,0.00033125682966783643
85,B,underwater,kospi_return_1d,0.0015675741015002131
85,B,underwater,fx_level_z_252,-0.03355744481086731
85,alpha,,kospi_return_1d,0.020769111812114716
85,alpha,,fx_level_z_252,0.03467966243624687
86,beta,momentum,,-0.035770267248153687
86,beta,persist,,0.09326177835464478
86,beta,underwater,,0.033920031040906906
86,B,momentum,kospi_return_1d,0.0011754339793697
86,B,momentum,fx_level_z_252,-0.009145052172243595
86,B,persist,kospi_return_1d,-0.0002774894528556615
86,B,persist,fx_level_z_252,0.00027786919963546097
86,B,underwater,kospi_return_1d,0.0015473945531994104
86,B,underwater,fx_level_z_252,-0.033550020307302475
86,alpha,,kospi_return_1d,0.021002711728215218
86,alpha,,fx_level_z_252,0.034567609429359436
87,beta,momentum,,-0.03574780002236366
87,beta,persist,,0.09377912431955338
87,beta,underwater,,0.03378671780228615
87,B,momentum,kospi_return_1d,0.0011505932779982686
87,B,momentum,fx_level_z_252,-0.009075467474758625
87,B,persist,kospi_return_1d,-0.0007574036717414856
87,B,persist,fx_level_z_252,0.0004300217842683196
87,B,underwater,kospi_return_1d,0.0012819056864827871
87,B,underwater,fx_level_z_252,-0.03354528918862343
87,alpha,,kospi_return_1d,0.021228140220046043
87,alpha,,fx_level_z_252,0.034480370581150055
88,beta,momentum,,-0.035592276602983475
88,beta,persist,,0.0942358672618866
88,beta,underwater,,0.033648401498794556
88,B,momentum,kospi_return_1d,0.0011547011090442538
88,B,momentum,fx_level_z_252,-0.009170029312372208
88,B,persist,kospi_return_1d,-0.0010386621579527855
88,B,persist,fx_level_z_252,0.0006625884561799467
88,B,underwater,kospi_return_1d,0.0010131333256140351
88,B,underwater,fx_level_z_252,-0.03346366435289383
88,alpha,,kospi_return_1d,0.021471844986081123
88,alpha,,fx_level_z_252,0.03438085690140724
89,beta,momentum,,-0.03552815690636635
89,beta,persist,,0.0947282537817955
89,beta,underwater,,0.03362509235739708
89,B,momentum,kospi_return_1d,0.001101466710679233
89,B,momentum,fx_level_z_252,-0.009289541281759739
89,B,persist,kospi_return_1d,-0.001071674283593893
89,B,persist,fx_level_z_252,0.0007476801401935518
89,B,underwater,kospi_return_1d,0.0007816969300620258
89,B,underwater,fx_level_z_252,-0.03341937065124512
89,alpha,,kospi_return_1d,0.021715253591537476
89,alpha,,fx_level_z_252,0.034442346543073654
90,beta,momentum,,-0.03543924167752266
90,beta,persist,,0.09518422931432724
90,beta,underwater,,0.03354189917445183
90,B,momentum,kospi_return_1d,0.0010032065911218524
90,B,momentum,fx_level_z_252,-0.009234952740371227
90,B,persist,kospi_return_1d,-0.0008732757996767759
90,B,persist,fx_level_z_252,0.0006525403587147593
90,B,underwater,kospi_return_1d,0.0007341065793298185
90,B,underwater,fx_level_z_252,-0.03357340022921562
90,alpha,,kospi_return_1d,0.022138848900794983
90,alpha,,fx_level_z_252,0.03451954573392868
91,beta,momentum,,-0.035397790372371674
91,beta,persist,,0.09559345990419388
91,beta,underwater,,0.033485595136880875
91,B,momentum,kospi_return_1d,0.0010016546584665775
91,B,momentum,fx_level_z_252,-0.00920963566750288
91,B,persist,kospi_return_1d,-0.0007964780670590699
91,B,persist,fx_level_z_252,0.0007729350472800434
91,B,underwater,kospi_return_1d,0.0004781750321853906
91,B,underwater,fx_level_z_252,-0.03366926312446594
91,alpha,,kospi_return_1d,0.022764574736356735
91,alpha,,fx_level_z_252,0.03452174738049507
92,beta,momentum,,-0.03542713820934296
92,beta,persist,,0.09605298936367035
92,beta,underwater,,0.0334186889231205
92,B,momentum,kospi_return_1d,0.0009001758880913258
92,B,momentum,fx_level_z_252,-0.009130620397627354
92,B,persist,kospi_return_1d,-0.0005108112236484885
92,B,persist,fx_level_z_252,0.000948611123021692
92,B,underwater,kospi_return_1d,0.0002664577914401889
92,B,underwater,fx_level_z_252,-0.03388723358511925
92,alpha,,kospi_return_1d,0.02331743948161602
92,alpha,,fx_level_z_252,0.03462772071361542
93,beta,momentum,,-0.03540182113647461
93,beta,persist,,0.09653113037347794
93,beta,underwater,,0.03333236649632454
93,B,momentum,kospi_return_1d,0.0009116567089222372
93,B,momentum,fx_level_z_252,-0.009067530743777752
93,B,persist,kospi_return_1d,-0.0004528298741206527
93,B,persist,fx_level_z_252,0.0012623581569641829
93,B,underwater,kospi_return_1d,-0.0002000400418182835
93,B,underwater,fx_level_z_252,-0.03403802588582039
93,alpha,,kospi_return_1d,0.023734208196401596
93,alpha,,fx_level_z_252,0.03467295691370964
94,beta,momentum,,-0.03534310683608055
94,beta,persist,,0.09696678072214127
94,beta,underwater,,0.03321656957268715
94,B,momentum,kospi_return_1d,0.0013174895429983735
94,B,momentum,fx_level_z_252,-0.008907482959330082
94,B,persist,kospi_return_1d,-0.0005784043460153043
94,B,persist,fx_level_z_252,0.0015303051332011819
94,B,underwater,kospi_return_1d,-0.0007238001562654972
94,B,underwater,fx_level_z_252,-0.034174300730228424
94,alpha,,kospi_return_1d,0.024118566885590553
94,alpha,,fx_level_z_252,0.034657351672649384
95,beta,momentum,,-0.035249531269073486
95,beta,persist,,0.09737179428339005
95,beta,underwater,,0.03311244770884514
95,B,momentum,kospi_return_1d,0.0016699566040188074
95,B,momentum,fx_level_z_252,-0.00870615802705288
95,B,persist,kospi_return_1d,-0.000685390317812562
95,B,persist,fx_level_z_252,0.001701884437352419
95,B,underwater,kospi_return_1d,-0.0010792877292260528
95,B,underwater,fx_level_z_252,-0.0342380553483963
95,alpha,,kospi_return_1d,0.02455572597682476
95,alpha,,fx_level_z_252,0.03468751162290573
96,beta,momentum,,-0.035120561718940735
96,beta,persist,,0.09777946770191193
96,beta,underwater,,0.03298404440283775
96,B,momentum,kospi_return_1d,0.001918089808896184
96,B,momentum,fx_level_z_252,-0.008439465425908566
96,B,persist,kospi_return_1d,-0.0009550988906994462
96,B,persist,fx_level_z_252,0.00176560680847615
96,B,underwater,kospi_return_1d,-0.001290032989345491
96,B,underwater,fx_level_z_252,-0.03439261019229889
96,alpha,,kospi_return_1d,0.02487322874367237
96,alpha,,fx_level_z_252,0.03478899225592613
97,beta,momentum,,-0.034934621304273605
97,beta,persist,,0.09814047068357468
97,beta,underwater,,0.032899972051382065
97,B,momentum,kospi_return_1d,0.00226364703848958
97,B,momentum,fx_level_z_252,-0.008381902240216732
97,B,persist,kospi_return_1d,-0.0013089096173644066
97,B,persist,fx_level_z_252,0.0018777749501168728
97,B,underwater,kospi_return_1d,-0.001438877428881824
97,B,underwater,fx_level_z_252,-0.03433884307742119
97,alpha,,kospi_return_1d,0.025135094299912453
97,alpha,,fx_level_z_252,0.03475766256451607
98,beta,momentum,,-0.034764159470796585
98,beta,persist,,0.09850607812404633
98,beta,underwater,,0.03280338644981384
98,B,momentum,kospi_return_1d,0.0024787948932498693
98,B,momentum,fx_level_z_252,-0.008260009810328484
98,B,persist,kospi_return_1d,-0.0014783588703721762
98,B,persist,fx_level_z_252,0.0018182608764618635
98,B,underwater,kospi_return_1d,-0.001284826546907425
98,B,underwater,fx_level_z_252,-0.034449197351932526
98,alpha,,kospi_return_1d,0.02542911097407341
98,alpha,,fx_level_z_252,0.034706421196460724
99,beta,momentum,,-0.0345458909869194
99,beta,persist,,0.09881772100925446
99,beta,underwater,,0.032530754804611206
99,B,momentum,kospi_return_1d,0.0024898583069443703
99,B,momentum,fx_level_z_252,-0.00805586762726307
99,B,persist,kospi_return_1d,-0.0017200710717588663
99,B,persist,fx_level_z_252,0.001743381842970848
99,B,underwater,kospi_return_1d,-0.0008993817609734833
99,B,underwater,fx_level_z_252,-0.03458791598677635
99,alpha,,kospi_return_1d,0.025767754763364792
99,alpha,,fx_level_z_252,0.034679993987083435
100,beta,momentum,,-0.03441843017935753
100,beta,persist,,0.09916919469833374
100,beta,underwater,,0.03228650987148285
100,B,momentum,kospi_return_1d,0.0024314012844115496
100,B,momentum,fx_level_z_252,-0.007728509604930878
100,B,persist,kospi_return_1d,-0.001999475294724107
100,B,persist,fx_level_z_252,0.0017964246217161417
100,B,underwater,kospi_return_1d,-0.00046285917051136494
100,B,underwater,fx_level_z_252,-0.03475072607398033
100,alpha,,kospi_return_1d,0.026155998930335045
100,alpha,,fx_level_z_252,0.03470807522535324
101,beta,momentum,,-0.034241676330566406
101,beta,persist,,0.09952118992805481
101,beta,underwater,,0.03206464648246765
101,B,momentum,kospi_return_1d,0.002462137956172228
101,B,momentum,fx_level_z_252,-0.007607370615005493
101,B,persist,kospi_return_1d,-0.0022462557535618544
101,B,persist,fx_level_z_252,0.0020705380011349916
101,B,underwater,kospi_return_1d,0.00013841537293046713
101,B,underwater,fx_level_z_252,-0.03481009602546692
101,alpha,,kospi_return_1d,0.026459280401468277
101,alpha,,fx_level_z_252,0.03477204591035843
102,beta,momentum,,-0.03408767655491829
102,beta,persist,,0.0998694971203804
102,beta,underwater,,0.0318496935069561
102,B,momentum,kospi_return_1d,0.0023735263384878635
102,B,momentum,fx_level_z_252,-0.007561906706541777
102,B,persist,kospi_return_1d,-0.002487940015271306
102,B,persist,fx_level_z_252,0.002317773411050439
102,B,underwater,kospi_return_1d,0.0005780152860097587
102,B,underwater,fx_level_z_252,-0.0347336009144783
102,alpha,,kospi_return_1d,0.026667753234505653
102,alpha,,fx_level_z_252,0.03473662957549095
103,beta,momentum,,-0.03396506607532501
103,beta,persist,,0.10017423331737518
103,beta,underwater,,0.03168506547808647
103,B,momentum,kospi_return_1d,0.002273269696161151
103,B,momentum,fx_level_z_252,-0.0076218643225729465
103,B,persist,kospi_return_1d,-0.002560686320066452
103,B,persist,fx_level_z_252,0.0025784275494515896
103,B,underwater,kospi_return_1d,0.0008635183912701905
103,B,underwater,fx_level_z_252,-0.034596528857946396
103,alpha,,kospi_return_1d,0.02687002718448639
103,alpha,,fx_level_z_252,0.034722987562417984
104,beta,momentum,,-0.03380564600229263
104,beta,persist,,0.10048140585422516
104,beta,underwater,,0.0315224789083004
104,B,momentum,kospi_return_1d,0.00204770197160542
104,B,momentum,fx_level_z_252,-0.00764884240925312
104,B,persist,kospi_return_1d,-0.0025608157739043236
104,B,persist,fx_level_z_252,0.002635336248204112
104,B,underwater,kospi_return_1d,0.0010148317087441683
104,B,underwater,fx_level_z_252,-0.0344768725335598
104,alpha,,kospi_return_1d,0.02690858393907547
104,alpha,,fx_level_z_252,0.0346435010433197
105,beta,momentum,,-0.03364937752485275
105,beta,persist,,0.10084381699562073
105,beta,underwater,,0.031417276710271835
105,B,momentum,kospi_return_1d,0.0017702463082969189
105,B,momentum,fx_level_z_252,-0.007586645428091288
105,B,persist,kospi_return_1d,-0.002404771978035569
105,B,persist,fx_level_z_252,0.0026533533819019794
105,B,underwater,kospi_return_1d,0.0011132446816191077
105,B,underwater,fx_level_z_252,-0.03437971696257591
105,alpha,,kospi_return_1d,0.026827987283468246
105,alpha,,fx_level_z_252,0.03451542183756828
106,beta,momentum,,-0.033482275903224945
106,beta,persist,,0.10122253745794296
106,beta,underwater,,0.03130315989255905
106,B,momentum,kospi_return_1d,0.0015331353060901165
106,B,momentum,fx_level_z_252,-0.00757264019921422
106,B,persist,kospi_return_1d,-0.002078270772472024
106,B,persist,fx_level_z_252,0.00259265024214983
106,B,underwater,kospi_return_1d,0.00119162502232939
106,B,underwater,fx_level_z_252,-0.0342818908393383
106,alpha,,kospi_return_1d,0.026766933500766754
106,alpha,,fx_level_z_252,0.03442353010177612
107,beta,momentum,,-0.03329604119062424
107,beta,persist,,0.1015765368938446
107,beta,underwater,,0.03121969848871231
107,B,momentum,kospi_return_1d,0.0014517116360366344
107,B,momentum,fx_level_z_252,-0.007674095686525106
107,B,persist,kospi_return_1d,-0.0018215453019365668
107,B,persist,fx_level_z_252,0.0025072393473237753
107,B,underwater,kospi_return_1d,0.0010357869323343039
107,B,underwater,fx_level_z_252,-0.03413139656186104
107,alpha,,kospi_return_1d,0.026919225230813026
107,alpha,,fx_level_z_252,0.03431957587599754
108,beta,momentum,,-0.033220354467630386
108,beta,persist,,0.10194791853427887
108,beta,underwater,,0.03124235011637211
108,B,momentum,kospi_return_1d,0.001382984803058207
108,B,momentum,fx_level_z_252,-0.007954224944114685
108,B,persist,kospi_return_1d,-0.0017872070893645287
108,B,persist,fx_level_z_252,0.002476943889632821
108,B,underwater,kospi_return_1d,0.0005430087330751121
108,B,underwater,fx_level_z_252,-0.033754780888557434
108,alpha,,kospi_return_1d,0.02698838710784912
108,alpha,,fx_level_z_252,0.03433765843510628
109,beta,momentum,,-0.03316434472799301
109,beta,persist,,0.10230250656604767
109,beta,underwater,,0.03126412257552147
109,B,momentum,kospi_return_1d,0.0013470775447785854
109,B,momentum,fx_level_z_252,-0.008302949368953705
109,B,persist,kospi_return_1d,-0.0019898295868188143
109,B,persist,fx_level_z_252,0.0024631882552057505
109,B,underwater,kospi_return_1d,-0.0001493130112066865
109,B,underwater,fx_level_z_252,-0.03331388533115387
109,alpha,,kospi_return_1d,0.027070583775639534
109,alpha,,fx_level_z_252,0.034345902502536774
110,beta,momentum,,-0.03328755497932434
110,beta,persist,,0.1026751771569252
110,beta,underwater,,0.031330134719610214
110,B,momentum,kospi_return_1d,0.0014837131602689624
110,B,momentum,fx_level_z_252,-0.008639154955744743
110,B,persist,kospi_return_1d,-0.002262671710923314
110,B,persist,fx_level_z_252,0.00253954972140491
110,B,underwater,kospi_return_1d,-0.0007334814872592688
110,B,underwater,fx_level_z_252,-0.03281949833035469
110,alpha,,kospi_return_1d,0.027153773233294487
110,alpha,,fx_level_z_252,0.03441157564520836
111,beta,momentum,,-0.0334436260163784
111,beta,persist,,0.10307271778583527
111,beta,underwater,,0.0313635915517807
111,B,momentum,kospi_return_1d,0.0014030885649845004
111,B,momentum,fx_level_z_252,-0.008729903027415276
111,B,persist,kospi_return_1d,-0.002484489930793643
111,B,persist,fx_level_z_252,0.0025403271429240704
111,B,underwater,kospi_return_1d,-0.0010018532630056143
111,B,underwater,fx_level_z_252,-0.03247915208339691
111,alpha,,kospi_return_1d,0.02713828906416893
111,alpha,,fx_level_z_252,0.03451402112841606
112,beta,momentum,,-0.033576324582099915
112,beta,persist,,0.1034528985619545
112,beta,underwater,,0.03125951439142227
112,B,momentum,kospi_return_1d,0.001056446461006999
112,B,momentum,fx_level_z_252,-0.00867490191012621
112,B,persist,kospi_return_1d,-0.002627762034535408
112,B,persist,fx_level_z_252,0.0025543340016156435
112,B,underwater,kospi_return_1d,-0.0009425530442968011
112,B,underwater,fx_level_z_252,-0.03237485513091087
112,alpha,,kospi_return_1d,0.02717798948287964
112,alpha,,fx_level_z_252,0.034677814692258835
113,beta,momentum,,-0.03366732969880104
113,beta,persist,,0.1038481667637825
113,beta,underwater,,0.03119407594203949
113,B,momentum,kospi_return_1d,0.0006371013587340713
113,B,momentum,fx_level_z_252,-0.008562306873500347
113,B,persist,kospi_return_1d,-0.002495010383427143
113,B,persist,fx_level_z_252,0.0025043513160198927
113,B,underwater,kospi_return_1d,-0.0005969102494418621
113,B,underwater,fx_level_z_252,-0.03236846998333931
113,alpha,,kospi_return_1d,0.027165111154317856
113,alpha,,fx_level_z_252,0.034799546003341675
114,beta,momentum,,-0.033745214343070984
114,beta,persist,,0.10421005636453629
114,beta,underwater,,0.03112645633518696
114,B,momentum,kospi_return_1d,0.00023702674661763012
114,B,momentum,fx_level_z_252,-0.008445627056062222
114,B,persist,kospi_return_1d,-0.0023219361901283264
114,B,persist,fx_level_z_252,0.002478229347616434
114,B,underwater,kospi_return_1d,-0.00012329794117249548
114,B,underwater,fx_level_z_252,-0.03235222399234772
114,alpha,,kospi_return_1d,0.02715257927775383
114,alpha,,fx_level_z_252,0.03481988236308098
115,beta,momentum,,-0.033861011266708374
115,beta,persist,,0.10454265028238297
115,beta,underwater,,0.03112112358212471
115,B,momentum,kospi_return_1d,0.00016642847913317382
115,B,momentum,fx_level_z_252,-0.008242971263825893
115,B,persist,kospi_return_1d,-0.0023093975614756346
115,B,persist,fx_level_z_252,0.0024890536442399025
115,B,underwater,kospi_return_1d,3.711609315359965e-05
115,B,underwater,fx_level_z_252,-0.03235571086406708
115,alpha,,kospi_return_1d,0.027277830988168716
115,alpha,,fx_level_z_252,0.03488824516534805
116,beta,momentum,,-0.033946726471185684
116,beta,persist,,0.10484975576400757
116,beta,underwater,,0.031090402975678444
116,B,momentum,kospi_return_1d,0.00027149904053658247
116,B,momentum,fx_level_z_252,-0.008177774026989937
116,B,persist,kospi_return_1d,-0.0024104216136038303
116,B,persist,fx_level_z_252,0.0025010097306221724
116,B,underwater,kospi_return_1d,-2.2484382498078048e-05
116,B,underwater,fx_level_z_252,-0.03238285705447197
116,alpha,,kospi_return_1d,0.027479181066155434
116,alpha,,fx_level_z_252,0.03487814590334892
117,beta,momentum,,-0.033946141600608826
117,beta,persist,,0.10522333532571793
117,beta,underwater,,0.031026190146803856
117,B,momentum,kospi_return_1d,0.00040996872121468186
117,B,momentum,fx_level_z_252,-0.00798228569328785
117,B,persist,kospi_return_1d,-0.0021753497421741486
117,B,persist,fx_level_z_252,0.0023519222158938646
117,B,underwater,kospi_return_1d,0.00024226514506153762
117,B,underwater,fx_level_z_252,-0.03261116147041321
117,alpha,,kospi_return_1d,0.02775583602488041
117,alpha,,fx_level_z_252,0.034853432327508926
118,beta,momentum,,-0.03396588936448097
118,beta,persist,,0.10562391579151154
118,beta,underwater,,0.03102613054215908
118,B,momentum,kospi_return_1d,0.000561919470783323
118,B,momentum,fx_level_z_252,-0.007806292735040188
118,B,persist,kospi_return_1d,-0.0019286249298602343
118,B,persist,fx_level_z_252,0.002113582566380501
118,B,underwater,kospi_return_1d,0.000314965785946697
118,B,underwater,fx_level_z_252,-0.03286447003483772
118,alpha,,kospi_return_1d,0.027959736064076424
118,alpha,,fx_level_z_252,0.034894153475761414
119,beta,momentum,,-0.03389505669474602
119,beta,persist,,0.10598929971456528
119,beta,underwater,,0.030994907021522522
119,B,momentum,kospi_return_1d,0.0009352890774607658
119,B,momentum,fx_level_z_252,-0.0078086089342832565
119,B,persist,kospi_return_1d,-0.0017457602079957724
119,B,persist,fx_level_z_252,0.0020130646880716085
119,B,underwater,kospi_return_1d,0.0002815985935740173
119,B,underwater,fx_level_z_252,-0.03287311643362045
119,alpha,,kospi_return_1d,0.028177086263895035
119,alpha,,fx_level_z_252,0.03483615070581436
120,beta,momentum,,-0.03379771485924721
120,beta,persist,,0.10630733519792557
120,beta,underwater,,0.031037284061312675
120,B,momentum,kospi_return_1d,0.0013136685593053699
120,B,momentum,fx_level_z_252,-0.007976195774972439
120,B,persist,kospi_return_1d,-0.0015643378719687462
120,B,persist,fx_level_z_252,0.0019269490148872137
120,B,underwater,kospi_return_1d,0.0001781708560883999
120,B,underwater,fx_level_z_252,-0.03270604833960533
120,alpha,,kospi_return_1d,0.028385834768414497
120,alpha,,fx_level_z_252,0.03487825021147728
121,beta,momentum,,-0.03369946777820587
121,beta,persist,,0.10663899779319763
121,beta,underwater,,0.03101571835577488
121,B,momentum,kospi_return_1d,0.0013835923746228218
121,B,momentum,fx_level_z_252,-0.008217583410441875
121,B,persist,kospi_return_1d,-0.0012920332374051213
121,B,persist,fx_level_z_252,0.00195909827016294
121,B,underwater,kospi_return_1d,7.339307921938598e-05
121,B,underwater,fx_level_z_252,-0.03255103528499603
121,alpha,,kospi_return_1d,0.028636384755373
121,alpha,,fx_level_z_252,0.03481878712773323
122,beta,momentum,,-0.03349759057164192
122,beta,persist,,0.10689133405685425
122,beta,underwater,,0.03091711923480034
122,B,momentum,kospi_return_1d,0.0015736771747469902
122,B,momentum,fx_level_z_252,-0.008518986403942108
122,B,persist,kospi_return_1d,-0.001053593005053699
122,B,persist,fx_level_z_252,0.0020529855974018574
122,B,underwater,kospi_return_1d,-0.0001656384556554258
122,B,underwater,fx_level_z_252,-0.03240165486931801
122,alpha,,kospi_return_1d,0.029008900746703148
122,alpha,,fx_level_z_252,0.0346517413854599
123,beta,momentum,,-0.0332336500287056
123,beta,persist,,0.10707513988018036
123,beta,underwater,,0.030740167945623398
123,B,momentum,kospi_return_1d,0.001730901887640357
123,B,momentum,fx_level_z_252,-0.008743321523070335
123,B,persist,kospi_return_1d,-0.0006319487583823502
123,B,persist,fx_level_z_252,0.0024024927988648415
123,B,underwater,kospi_return_1d,-0.00011829432332888246
123,B,underwater,fx_level_z_252,-0.03233858570456505
123,alpha,,kospi_return_1d,0.02941533923149109
123,alpha,,fx_level_z_252,0.034515317529439926
124,beta,momentum,,-0.03300437703728676
124,beta,persist,,0.10723589360713959
124,beta,underwater,,0.030505044385790825
124,B,momentum,kospi_return_1d,0.0018756071804091334
124,B,momentum,fx_level_z_252,-0.008778832852840424
124,B,persist,kospi_return_1d,-0.0003927383804693818
124,B,persist,fx_level_z_252,0.0027183510828763247
124,B,underwater,kospi_return_1d,-4.608494054991752e-05
124,B,underwater,fx_level_z_252,-0.03236495703458786
124,alpha,,kospi_return_1d,0.029748572036623955
124,alpha,,fx_level_z_252,0.034407034516334534
125,beta,momentum,,-0.03279509022831917
125,beta,persist,,0.10737256705760956
125,beta,underwater,,0.030264079570770264
125,B,momentum,kospi_return_1d,0.0019055537413805723
125,B,momentum,fx_level_z_252,-0.008903199806809425
125,B,persist,kospi_return_1d,-0.00020082513219676912
125,B,persist,fx_level_z_252,0.003075213870033622
125,B,underwater,kospi_return_1d,6.140346522442997e-05
125,B,underwater,fx_level_z_252,-0.03230613097548485
125,alpha,,kospi_return_1d,0.02989918924868107
125,alpha,,fx_level_z_252,0.034261543303728104
126,beta,momentum,,-0.032562006264925
126,beta,persist,,0.10743202269077301
126,beta,underwater,,0.0299867931753397
126,B,momentum,kospi_return_1d,0.002120793331414461
126,B,momentum,fx_level_z_252,-0.009064448066055775
126,B,persist,kospi_return_1d,-0.00011715175060089678
126,B,persist,fx_level_z_252,0.0035098532680422068
126,B,underwater,kospi_return_1d,-1.7386541003361344e-05
126,B,underwater,fx_level_z_252,-0.03230226784944534
126,alpha,,kospi_return_1d,0.030176961794495583
126,alpha,,fx_level_z_252,0.03401888534426689
127,beta,momentum,,-0.03238256648182869
127,beta,persist,,0.10750867426395416
127,beta,underwater,,0.029708700254559517
127,B,momentum,kospi_return_1d,0.0024329517036676407
127,B,momentum,fx_level_z_252,-0.00924250204116106
127,B,persist,kospi_return_1d,-0.0001259290729649365
127,B,persist,fx_level_z_252,0.004060587380081415
127,B,underwater,kospi_return_1d,1.888756378320977e-05
127,B,underwater,fx_level_z_252,-0.032285820692777634
127,alpha,,kospi_return_1d,0.03041129745543003
127,alpha,,fx_level_z_252,0.03375649079680443
128,beta,momentum,,-0.03229750320315361
128,beta,persist,,0.10756141692399979
128,beta,underwater,,0.02947472780942917
128,B,momentum,kospi_return_1d,0.002667477820068598
128,B,momentum,fx_level_z_252,-0.00935566145926714
128,B,persist,kospi_return_1d,-0.000175316643435508
128,B,persist,fx_level_z_252,0.004553890321403742
128,B,underwater,kospi_return_1d,-8.096129749901593e-05
128,B,underwater,fx_level_z_252,-0.03227277845144272
128,alpha,,kospi_return_1d,0.0306544229388237
128,alpha,,fx_level_z_252,0.03356141969561577
129,beta,momentum,,-0.03219882771372795
129,beta,persist,,0.10770335048437119
129,beta,underwater,,0.02929253689944744
129,B,momentum,kospi_return_1d,0.0031341155990958214
129,B,momentum,fx_level_z_252,-0.009434564970433712
129,B,persist,kospi_return_1d,-0.0004298374115023762
129,B,persist,fx_level_z_252,0.005025224760174751
129,B,underwater,kospi_return_1d,-0.00025365734472870827
129,B,underwater,fx_level_z_252,-0.032275304198265076
129,alpha,,kospi_return_1d,0.030799321830272675
129,alpha,,fx_level_z_252,0.03337639942765236
130,beta,momentum,,-0.032158952206373215
130,beta,persist,,0.10785473138093948
130,beta,underwater,,0.029171854257583618
130,B,momentum,kospi_return_1d,0.0038194991648197174
130,B,momentum,fx_level_z_252,-0.009413663297891617
130,B,persist,kospi_return_1d,-0.000814341357909143
130,B,persist,fx_level_z_252,0.0052439505234360695
130,B,underwater,kospi_return_1d,-0.00042973397648893297
130,B,underwater,fx_level_z_252,-0.032244566828012466
130,alpha,,kospi_return_1d,0.03093777410686016
130,alpha,,fx_level_z_252,0.03319007158279419
131,beta,momentum,,-0.0321718230843544
131,beta,persist,,0.10799874365329742
131,beta,underwater,,0.029133379459381104
131,B,momentum,kospi_return_1d,0.00447203079238534
131,B,momentum,fx_level_z_252,-0.00931101106107235
131,B,persist,kospi_return_1d,-0.0012209973065182567
131,B,persist,fx_level_z_252,0.005277066491544247
131,B,underwater,kospi_return_1d,-0.0004254296072758734
131,B,underwater,fx_level_z_252,-0.03219197690486908
131,alpha,,kospi_return_1d,0.031007537618279457
131,alpha,,fx_level_z_252,0.03290640935301781
132,beta,momentum,,-0.03215697035193443
132,beta,persist,,0.10813005268573761
132,beta,underwater,,0.029138311743736267
132,B,momentum,kospi_return_1d,0.0049845995381474495
132,B,momentum,fx_level_z_252,-0.009303281083703041
132,B,persist,kospi_return_1d,-0.0015902954619377851
132,B,persist,fx_level_z_252,0.005248470231890678
132,B,underwater,kospi_return_1d,-0.00039576826384291053
132,B,underwater,fx_level_z_252,-0.03210539370775223
132,alpha,,kospi_return_1d,0.031246280297636986
132,alpha,,fx_level_z_252,0.032655708491802216
133,beta,momentum,,-0.03209133818745613
133,beta,persist,,0.10827870666980743
133,beta,underwater,,0.02912309020757675
133,B,momentum,kospi_return_1d,0.005421003792434931
133,B,momentum,fx_level_z_252,-0.009367273189127445
133,B,persist,kospi_return_1d,-0.002106288680806756
133,B,persist,fx_level_z_252,0.0052735814824700356
133,B,underwater,kospi_return_1d,-0.0002628639340400696
133,B,underwater,fx_level_z_252,-0.03199787810444832
133,alpha,,kospi_return_1d,0.031390734016895294
133,alpha,,fx_level_z_252,0.03243592008948326
134,beta,momentum,,-0.03209853917360306
134,beta,persist,,0.1084771454334259
134,beta,underwater,,0.02920181304216385
134,B,momentum,kospi_return_1d,0.005631857085973024
134,B,momentum,fx_level_z_252,-0.009234528057277203
134,B,persist,kospi_return_1d,-0.002495654858648777
134,B,persist,fx_level_z_252,0.005202205386012793
134,B,underwater,kospi_return_1d,-6.465344631578773e-05
134,B,underwater,fx_level_z_252,-0.031938984990119934
134,alpha,,kospi_return_1d,0.03146236017346382
134,alpha,,fx_level_z_252,0.03219844773411751
135,beta,momentum,,-0.03209710121154785
135,beta,persist,,0.10869980603456497
135,beta,underwater,,0.029387161135673523
135,B,momentum,kospi_return_1d,0.0057334075681865215
135,B,momentum,fx_level_z_252,-0.00905509851872921
135,B,persist,kospi_return_1d,-0.0027054615784436464
135,B,persist,fx_level_z_252,0.00510608684271574
135,B,underwater,kospi_return_1d,0.00013457817840389907
135,B,underwater,fx_level_z_252,-0.03188924491405487
135,alpha,,kospi_return_1d,0.03145939111709595
135,alpha,,fx_level_z_252,0.03206497058272362
136,beta,momentum,,-0.03221123293042183
136,beta,persist,,0.1089048758149147
136,beta,underwater,,0.02963854931294918
136,B,momentum,kospi_return_1d,0.005618826486170292
136,B,momentum,fx_level_z_252,-0.008907319977879524
136,B,persist,kospi_return_1d,-0.002729973988607526
136,B,persist,fx_level_z_252,0.0050704278983175755
136,B,underwater,kospi_return_1d,0.0004332509124651551
136,B,underwater,fx_level_z_252,-0.03175559639930725
136,alpha,,kospi_return_1d,0.03152899071574211
136,alpha,,fx_level_z_252,0.031996387988328934
137,beta,momentum,,-0.03234431520104408
137,beta,persist,,0.1090734526515007
137,beta,underwater,,0.029801644384860992
137,B,momentum,kospi_return_1d,0.005490678362548351
137,B,momentum,fx_level_z_252,-0.008612154051661491
137,B,persist,kospi_return_1d,-0.0028206962160766125
137,B,persist,fx_level_z_252,0.00515995267778635
137,B,underwater,kospi_return_1d,0.0006085162167437375
137,B,underwater,fx_level_z_252,-0.03166079893708229
137,alpha,,kospi_return_1d,0.03169896826148033
137,alpha,,fx_level_z_252,0.03207824379205704
138,beta,momentum,,-0.03242179751396179
138,beta,persist,,0.10928909480571747
138,beta,underwater,,0.02990962564945221
138,B,momentum,kospi_return_1d,0.005180629435926676
138,B,momentum,fx_level_z_252,-0.008302112109959126
138,B,persist,kospi_return_1d,-0.0027888533659279346
138,B,persist,fx_level_z_252,0.0051434761844575405
138,B,underwater,kospi_return_1d,0.0006676583434455097
138,B,underwater,fx_level_z_252,-0.03167898952960968
138,alpha,,kospi_return_1d,0.031712811440229416
138,alpha,,fx_level_z_252,0.032117146998643875
139,beta,momentum,,-0.032509930431842804
139,beta,persist,,0.10949008166790009
139,beta,underwater,,0.030013438314199448
139,B,momentum,kospi_return_1d,0.004843196365982294
139,B,momentum,fx_level_z_252,-0.007993564009666443
139,B,persist,kospi_return_1d,-0.002804408548399806
139,B,persist,fx_level_z_252,0.005185863468796015
139,B,underwater,kospi_return_1d,0.0004872912832070142
139,B,underwater,fx_level_z_252,-0.03163312003016472
139,alpha,,kospi_return_1d,0.03177844360470772
139,alpha,,fx_level_z_252,0.0321444533765316
140,beta,momentum,,-0.03253094106912613
140,beta,persist,,0.10971122235059738
140,beta,underwater,,0.030133239924907684
140,B,momentum,kospi_return_1d,0.004527484532445669
140,B,momentum,fx_level_z_252,-0.007883288897573948
140,B,persist,kospi_return_1d,-0.0026888407301157713
140,B,persist,fx_level_z_252,0.005196873098611832
140,B,underwater,kospi_return_1d,0.00032040904625318944
140,B,underwater,fx_level_z_252,-0.03164561465382576
140,alpha,,kospi_return_1d,0.0317465178668499
140,alpha,,fx_level_z_252,0.03218347206711769
141,beta,momentum,,-0.03265223652124405
141,beta,persist,,0.11002247780561447
141,beta,underwater,,0.030315518379211426
141,B,momentum,kospi_return_1d,0.004042147193104029
141,B,momentum,fx_level_z_252,-0.0077723488211631775
141,B,persist,kospi_return_1d,-0.0025543353985995054
141,B,persist,fx_level_z_252,0.005158592015504837
141,B,underwater,kospi_return_1d,0.00033809858723543584
141,B,underwater,fx_level_z_252,-0.03157282993197441
141,alpha,,kospi_return_1d,0.03158232569694519
141,alpha,,fx_level_z_252,0.03225278481841087
142,beta,momentum,,-0.03275533393025398
142,beta,persist,,0.11038978397846222
142,beta,underwater,,0.030549103394150734
142,B,momentum,kospi_return_1d,0.003484769258648157
142,B,momentum,fx_level_z_252,-0.007870636880397797
142,B,persist,kospi_return_1d,-0.0023700620513409376
142,B,persist,fx_level_z_252,0.005127346608787775
142,B,underwater,kospi_return_1d,0.0003174196754116565
142,B,underwater,fx_level_z_252,-0.031306978315114975
142,alpha,,kospi_return_1d,0.03137064725160599
142,alpha,,fx_level_z_252,0.032331496477127075
143,beta,momentum,,-0.03284521773457527
143,beta,persist,,0.11071190237998962
143,beta,underwater,,0.030617134645581245
143,B,momentum,kospi_return_1d,0.002955896779894829
143,B,momentum,fx_level_z_252,-0.007872628048062325
143,B,persist,kospi_return_1d,-0.0023007795680314302
143,B,persist,fx_level_z_252,0.0050964062102139
143,B,underwater,kospi_return_1d,0.0003073120315093547
143,B,underwater,fx_level_z_252,-0.031084805727005005
143,alpha,,kospi_return_1d,0.031107328832149506
143,alpha,,fx_level_z_252,0.03226098790764809
144,beta,momentum,,-0.03275969997048378
144,beta,persist,,0.11087890714406967
144,beta,underwater,,0.03055587410926819
144,B,momentum,kospi_return_1d,0.002345520071685314
144,B,momentum,fx_level_z_252,-0.007803360000252724
144,B,persist,kospi_return_1d,-0.002148361410945654
144,B,persist,fx_level_z_252,0.004908369388431311
144,B,underwater,kospi_return_1d,0.00032214089878834784
144,B,underwater,fx_level_z_252,-0.031062567606568336
144,alpha,,kospi_return_1d,0.03108307719230652
144,alpha,,fx_level_z_252,0.03219449147582054
145,beta,momentum,,-0.03259840980172157
145,beta,persist,,0.11100029200315475
145,beta,underwater,,0.030426645651459694
145,B,momentum,kospi_return_1d,0.0019079939229413867
145,B,momentum,fx_level_z_252,-0.007632778957486153
145,B,persist,kospi_return_1d,-0.0018882806180045009
145,B,persist,fx_level_z_252,0.004687976092100143
145,B,underwater,kospi_return_1d,0.0002641166211105883
145,B,underwater,fx_level_z_252,-0.031107855960726738
145,alpha,,kospi_return_1d,0.031262386590242386
145,alpha,,fx_level_z_252,0.03220672532916069
146,beta,momentum,,-0.032491061836481094
146,beta,persist,,0.11110086739063263
146,beta,underwater,,0.030324120074510574
146,B,momentum,kospi_return_1d,0.0015427431790158153
146,B,momentum,fx_level_z_252,-0.00736438762396574
146,B,persist,kospi_return_1d,-0.0014626168413087726
146,B,persist,fx_level_z_252,0.004306759685277939
146,B,underwater,kospi_return_1d,8.502412674715742e-05
146,B,underwater,fx_level_z_252,-0.031149614602327347
146,alpha,,kospi_return_1d,0.031471315771341324
146,alpha,,fx_level_z_252,0.03220618888735771
147,beta,momentum,,-0.03251190111041069
147,beta,persist,,0.11125513911247253
147,beta,underwater,,0.03022942505776882
147,B,momentum,kospi_return_1d,0.0013665162259712815
147,B,momentum,fx_level_z_252,-0.007086805533617735
147,B,persist,kospi_return_1d,-0.0012728048022836447
147,B,persist,fx_level_z_252,0.0038206512108445168
147,B,underwater,kospi_return_1d,-0.00013522731023840606
147,B,underwater,fx_level_z_252,-0.03126445412635803
147,alpha,,kospi_return_1d,0.03152928128838539
147,alpha,,fx_level_z_252,0.03226228803396225
148,beta,momentum,,-0.032493483275175095
148,beta,persist,,0.11145119369029999
148,beta,underwater,,0.03015354834496975
148,B,momentum,kospi_return_1d,0.0013353410176932812
148,B,momentum,fx_level_z_252,-0.006774313282221556
148,B,persist,kospi_return_1d,-0.0012076853308826685
148,B,persist,fx_level_z_252,0.003526372369378805
148,B,underwater,kospi_return_1d,-0.0001159132516477257
148,B,underwater,fx_level_z_252,-0.031463272869586945
148,alpha,,kospi_return_1d,0.03143417090177536
148,alpha,,fx_level_z_252,0.03238661214709282
149,beta,momentum,,-0.032427504658699036
149,beta,persist,,0.11162224411964417
149,beta,underwater,,0.030032768845558167
149,B,momentum,kospi_return_1d,0.0011842451058328152
149,B,momentum,fx_level_z_252,-0.0063416799530386925
149,B,persist,kospi_return_1d,-0.0010782667668536305
149,B,persist,fx_level_z_252,0.0032795164734125137
149,B,underwater,kospi_return_1d,9.045230399351567e-05
149,B,underwater,fx_level_z_252,-0.031726639717817307
149,alpha,,kospi_return_1d,0.031245050951838493
149,alpha,,fx_level_z_252,0.03239263594150543
150,beta,momentum,,-0.032403890043497086
150,beta,persist,,0.11177878081798553
150,beta,underwater,,0.029972106218338013
150,B,momentum,kospi_return_1d,0.0012723758118227124
150,B,momentum,fx_level_z_252,-0.006104812957346439
150,B,persist,kospi_return_1d,-0.001174828503280878
150,B,persist,fx_level_z_252,0.0032495667692273855
150,B,underwater,kospi_return_1d,0.0001018691691569984
150,B,underwater,fx_level_z_252,-0.031728990375995636
150,alpha,,kospi_return_1d,0.031136516481637955
150,alpha,,fx_level_z_252,0.032652366906404495
151,beta,momentum,,-0.03239467367529869
151,beta,persist,,0.1118810623884201
151,beta,underwater,,0.02991623617708683
151,B,momentum,kospi_return_1d,0.0013354537077248096
151,B,momentum,fx_level_z_252,-0.005970710888504982
151,B,persist,kospi_return_1d,-0.001173291471786797
151,B,persist,fx_level_z_252,0.003424725728109479
151,B,underwater,kospi_return_1d,0.00016308552585542202
151,B,underwater,fx_level_z_252,-0.03158336505293846
151,alpha,,kospi_return_1d,0.031035423278808594
151,alpha,,fx_level_z_252,0.032867901027202606
152,beta,momentum,,-0.03234066441655159
152,beta,persist,,0.11195596307516098
152,beta,underwater,,0.029871510341763496
152,B,momentum,kospi_return_1d,0.0015333524206653237
152,B,momentum,fx_level_z_252,-0.006102177780121565
152,B,persist,kospi_return_1d,-0.0012041020672768354
152,B,persist,fx_level_z_252,0.0036472976207733154
152,B,underwater,kospi_return_1d,0.0002790027647279203
152,B,underwater,fx_level_z_252,-0.0312984436750412
152,alpha,,kospi_return_1d,0.03105904534459114
152,alpha,,fx_level_z_252,0.03295375034213066
153,beta,momentum,,-0.03239760920405388
153,beta,persist,,0.11203416436910629
153,beta,underwater,,0.029827168211340904
153,B,momentum,kospi_return_1d,0.0017378695774823427
153,B,momentum,fx_level_z_252,-0.0061646816320717335
153,B,persist,kospi_return_1d,-0.0013544087996706367
153,B,persist,fx_level_z_252,0.003976016771048307
153,B,underwater,kospi_return_1d,0.00037055829307064414
153,B,underwater,fx_level_z_252,-0.031040960922837257
153,alpha,,kospi_return_1d,0.030959993600845337
153,alpha,,fx_level_z_252,0.033099256455898285
154,beta,momentum,,-0.0324256531894207
154,beta,persist,,0.11203180998563766
154,beta,underwater,,0.029719185084104538
154,B,momentum,kospi_return_1d,0.001784950727596879
154,B,momentum,fx_level_z_252,-0.006383558269590139
154,B,persist,kospi_return_1d,-0.001482220133766532
154,B,persist,fx_level_z_252,0.004262172617018223
154,B,underwater,kospi_return_1d,0.00037997402250766754
154,B,underwater,fx_level_z_252,-0.030725574120879173
154,alpha,,kospi_return_1d,0.031033411622047424
154,alpha,,fx_level_z_252,0.03328576311469078
155,beta,momentum,,-0.032431621104478836
155,beta,persist,,0.11201539635658264
155,beta,underwater,,0.029552236199378967
155,B,momentum,kospi_return_1d,0.0018253211164847016
155,B,momentum,fx_level_z_252,-0.006544364150613546
155,B,persist,kospi_return_1d,-0.001620566938072443
155,B,persist,fx_level_z_252,0.0045096087269485
155,B,underwater,kospi_return_1d,0.0002980530553031713
155,B,underwater,fx_level_z_252,-0.03054117225110531
155,alpha,,kospi_return_1d,0.031058480963110924
155,alpha,,fx_level_z_252,0.03348443657159805
156,beta,momentum,,-0.032409608364105225
156,beta,persist,,0.11204754561185837
156,beta,underwater,,0.02942482940852642
156,B,momentum,kospi_return_1d,0.0019265535520389676
156,B,momentum,fx_level_z_252,-0.006527957506477833
156,B,persist,kospi_return_1d,-0.0017648639623075724
156,B,persist,fx_level_z_252,0.0046777985990047455
156,B,underwater,kospi_return_1d,0.00023021994275040925
156,B,underwater,fx_level_z_252,-0.030534541234374046
156,alpha,,kospi_return_1d,0.031101861968636513
156,alpha,,fx_level_z_252,0.03372129797935486
157,beta,momentum,,-0.032459061592817307
157,beta,persist,,0.11204709112644196
157,beta,underwater,,0.029345737770199776
157,B,momentum,kospi_return_1d,0.0020391950383782387
157,B,momentum,fx_level_z_252,-0.006384891923516989
157,B,persist,kospi_return_1d,-0.0018928439822047949
157,B,persist,fx_level_z_252,0.004885225091129541
157,B,underwater,kospi_return_1d,6.288144504651427e-05
157,B,underwater,fx_level_z_252,-0.03064040280878544
157,alpha,,kospi_return_1d,0.03125297278165817
157,alpha,,fx_level_z_252,0.0340132936835289
158,beta,momentum,,-0.03254380077123642
158,beta,persist,,0.11202291399240494
158,beta,underwater,,0.029312653467059135
158,B,momentum,kospi_return_1d,0.0018107234500348568
158,B,momentum,fx_level_z_252,-0.006306239869445562
158,B,persist,kospi_return_1d,-0.0019710264168679714
158,B,persist,fx_level_z_252,0.005119422450661659
158,B,underwater,kospi_return_1d,-0.00014723977074027061
158,B,underwater,fx_level_z_252,-0.030660953372716904
158,alpha,,kospi_return_1d,0.031445808708667755
158,alpha,,fx_level_z_252,0.03425717353820801
159,beta,momentum,,-0.03257292881608009
159,beta,persist,,0.11202415078878403
159,beta,underwater,,0.02931274101138115
159,B,momentum,kospi_return_1d,0.0016968526178970933
159,B,momentum,fx_level_z_252,-0.0062776366248726845
159,B,persist,kospi_return_1d,-0.001992303878068924
159,B,persist,fx_level_z_252,0.005300210323184729
159,B,underwater,kospi_return_1d,-0.00022260969853959978
159,B,underwater,fx_level_z_252,-0.030666286125779152
159,alpha,,kospi_return_1d,0.03177591785788536
159,alpha,,fx_level_z_252,0.03452269360423088
160,beta,momentum,,-0.03240852430462837
160,beta,persist,,0.11198841780424118
160,beta,underwater,,0.02916349098086357
160,B,momentum,kospi_return_1d,0.0015370778273791075
160,B,momentum,fx_level_z_252,-0.00618206849321723
160,B,persist,kospi_return_1d,-0.001963880378752947
160,B,persist,fx_level_z_252,0.005406124051660299
160,B,underwater,kospi_return_1d,-1.969677396118641e-05
160,B,underwater,fx_level_z_252,-0.030740581452846527
160,alpha,,kospi_return_1d,0.032062314450740814
160,alpha,,fx_level_z_252,0.03470119833946228
161,beta,momentum,,-0.03215732425451279
161,beta,persist,,0.11198427528142929
161,beta,underwater,,0.0289665088057518
161,B,momentum,kospi_return_1d,0.0014970377087593079
161,B,momentum,fx_level_z_252,-0.006079650018364191
161,B,persist,kospi_return_1d,-0.0018732990138232708
161,B,persist,fx_level_z_252,0.005473812576383352
161,B,underwater,kospi_return_1d,0.00032572157215327024
161,B,underwater,fx_level_z_252,-0.03086593747138977
161,alpha,,kospi_return_1d,0.032387200742959976
161,alpha,,fx_level_z_252,0.03488366678357124
162,beta,momentum,,-0.031828105449676514
162,beta,persist,,0.11194141209125519
162,beta,underwater,,0.028647413477301598
162,B,momentum,kospi_return_1d,0.0014838516945019364
162,B,momentum,fx_level_z_252,-0.005871911998838186
162,B,persist,kospi_return_1d,-0.0017959896940737963
162,B,persist,fx_level_z_252,0.005620568059384823
162,B,underwater,kospi_return_1d,0.0005712496349588037
162,B,underwater,fx_level_z_252,-0.03115738183259964
162,alpha,,kospi_return_1d,0.03267720714211464
162,alpha,,fx_level_z_252,0.03494632989168167
163,beta,momentum,,-0.031601302325725555
163,beta,persist,,0.11189915984869003
163,beta,underwater,,0.028432833030819893
163,B,momentum,kospi_return_1d,0.0014465447748079896
163,B,momentum,fx_level_z_252,-0.005676575005054474
163,B,persist,kospi_return_1d,-0.001791288610547781
163,B,persist,fx_level_z_252,0.005649155005812645
163,B,underwater,kospi_return_1d,0.0005657384172081947
163,B,underwater,fx_level_z_252,-0.031423863023519516
163,alpha,,kospi_return_1d,0.03288143128156662
163,alpha,,fx_level_z_252,0.03493843972682953
164,beta,momentum,,-0.03143864497542381
164,beta,persist,,0.11193042248487473
164,beta,underwater,,0.028343671932816505
164,B,momentum,kospi_return_1d,0.0015209586126729846
164,B,momentum,fx_level_z_252,-0.0056621721014380455
164,B,persist,kospi_return_1d,-0.0019193445332348347
164,B,persist,fx_level_z_252,0.005649113561958075
164,B,underwater,kospi_return_1d,0.0003851224319078028
164,B,underwater,fx_level_z_252,-0.03155464679002762
164,alpha,,kospi_return_1d,0.03294680267572403
164,alpha,,fx_level_z_252,0.03494982048869133
165,beta,momentum,,-0.031296614557504654
165,beta,persist,,0.11195224523544312
165,beta,underwater,,0.028299951925873756
165,B,momentum,kospi_return_1d,0.0017766422824934125
165,B,momentum,fx_level_z_252,-0.00590125797316432
165,B,persist,kospi_return_1d,-0.0022394622210413218
165,B,persist,fx_level_z_252,0.00560218608006835
165,B,underwater,kospi_return_1d,-0.00010419997852295637
165,B,underwater,fx_level_z_252,-0.03141229972243309
165,alpha,,kospi_return_1d,0.03280188515782356
165,alpha,,fx_level_z_252,0.03480064496397972
166,beta,momentum,,-0.031145434826612473
166,beta,persist,,0.11188856512308121
166,beta,underwater,,0.028134094551205635
166,B,momentum,kospi_return_1d,0.0020893141627311707
166,B,momentum,fx_level_z_252,-0.006113034673035145
166,B,persist,kospi_return_1d,-0.0024888364132493734
166,B,persist,fx_level_z_252,0.005535551346838474
166,B,underwater,kospi_return_1d,-0.0005288001266308129
166,B,underwater,fx_level_z_252,-0.03133102133870125
166,alpha,,kospi_return_1d,0.03282288461923599
166,alpha,,fx_level_z_252,0.03458632528781891
167,beta,momentum,,-0.031091876327991486
167,beta,persist,,0.11193463206291199
167,beta,underwater,,0.028070790693163872
167,B,momentum,kospi_return_1d,0.0022847370710223913
167,B,momentum,fx_level_z_252,-0.006271026097238064
167,B,persist,kospi_return_1d,-0.002478208625689149
167,B,persist,fx_level_z_252,0.005503341555595398
167,B,underwater,kospi_return_1d,-0.0008144179009832442
167,B,underwater,fx_level_z_252,-0.031147342175245285
167,alpha,,kospi_return_1d,0.032627444714307785
167,alpha,,fx_level_z_252,0.03444049507379532
168,beta,momentum,,-0.031066972762346268
168,beta,persist,,0.11204850673675537
168,beta,underwater,,0.02799876406788826
168,B,momentum,kospi_return_1d,0.0022351015359163284
168,B,momentum,fx_level_z_252,-0.006261531263589859
168,B,persist,kospi_return_1d,-0.0023443913087248802
168,B,persist,fx_level_z_252,0.005362750496715307
168,B,underwater,kospi_return_1d,-0.0008317152387462556
168,B,underwater,fx_level_z_252,-0.031072596088051796
168,alpha,,kospi_return_1d,0.03226442635059357
168,alpha,,fx_level_z_252,0.03429507836699486
169,beta,momentum,,-0.03099268488585949
169,beta,persist,,0.11213544756174088
169,beta,underwater,,0.027837399393320084
169,B,momentum,kospi_return_1d,0.002012405311688781
169,B,momentum,fx_level_z_252,-0.005950125865638256
169,B,persist,kospi_return_1d,-0.0020385519601404667
169,B,persist,fx_level_z_252,0.005076957400888205
169,B,underwater,kospi_return_1d,-0.0005743101937696338
169,B,underwater,fx_level_z_252,-0.03126649558544159
169,alpha,,kospi_return_1d,0.03202188387513161
169,alpha,,fx_level_z_252,0.03421925753355026
170,beta,momentum,,-0.030986124649643898
170,beta,persist,,0.11216272413730621
170,beta,underwater,,0.027652893215417862
170,B,momentum,kospi_return_1d,0.0017067159060388803
170,B,momentum,fx_level_z_252,-0.00554679473862052
170,B,persist,kospi_return_1d,-0.0018425385933369398
170,B,persist,fx_level_z_252,0.004840787034481764
170,B,underwater,kospi_return_1d,-0.0004950379370711744
170,B,underwater,fx_level_z_252,-0.03156130015850067
170,alpha,,kospi_return_1d,0.031941406428813934
170,alpha,,fx_level_z_252,0.03432261571288109
171,beta,momentum,,-0.03110859915614128
171,beta,persist,,0.11225052177906036
171,beta,underwater,,0.027581648901104927
171,B,momentum,kospi_return_1d,0.0013828063383698463
171,B,momentum,fx_level_z_252,-0.005295255221426487
171,B,persist,kospi_return_1d,-0.0017300558974966407
171,B,persist,fx_level_z_252,0.004617673344910145
171,B,underwater,kospi_return_1d,-0.00044912760495208204
171,B,underwater,fx_level_z_252,-0.03165958821773529
171,alpha,,kospi_return_1d,0.03192955628037453
171,alpha,,fx_level_z_252,0.03441242128610611
172,beta,momentum,,-0.031224006786942482
172,beta,persist,,0.11239101737737656
172,beta,underwater,,0.02741072326898575
172,B,momentum,kospi_return_1d,0.0011140871793031693
172,B,momentum,fx_level_z_252,-0.005169662646949291
172,B,persist,kospi_return_1d,-0.0016396366991102695
172,B,persist,fx_level_z_252,0.004313938319683075
172,B,underwater,kospi_return_1d,-0.00030560127925127745
172,B,underwater,fx_level_z_252,-0.031698573380708694
172,alpha,,kospi_return_1d,0.031917646527290344
172,alpha,,fx_level_z_252,0.03442474827170372
173,beta,momentum,,-0.03135611489415169
173,beta,persist,,0.1124936193227768
173,beta,underwater,,0.02736787311732769
173,B,momentum,kospi_return_1d,0.0007817624718882143
173,B,momentum,fx_level_z_252,-0.005244020838290453
173,B,persist,kospi_return_1d,-0.0014197772834450006
173,B,persist,fx_level_z_252,0.004021527711302042
173,B,underwater,kospi_return_1d,-0.00010115055192727596
173,B,underwater,fx_level_z_252,-0.03151664882898331
173,alpha,,kospi_return_1d,0.0318622812628746
173,alpha,,fx_level_z_252,0.03437485173344612
174,beta,momentum,,-0.03147932514548302
174,beta,persist,,0.11258964985609055
174,beta,underwater,,0.027344737201929092
174,B,momentum,kospi_return_1d,0.000654981064144522
174,B,momentum,fx_level_z_252,-0.005501844920217991
174,B,persist,kospi_return_1d,-0.0014234179398044944
174,B,persist,fx_level_z_252,0.00391939003020525
174,B,underwater,kospi_return_1d,-3.829614433925599e-05
174,B,underwater,fx_level_z_252,-0.03112895041704178
174,alpha,,kospi_return_1d,0.03185414895415306
174,alpha,,fx_level_z_252,0.03421376273036003
175,beta,momentum,,-0.03162621334195137
175,beta,persist,,0.11268941313028336
175,beta,underwater,,0.02746092714369297
175,B,momentum,kospi_return_1d,0.0006146361702121794
175,B,momentum,fx_level_z_252,-0.005940558388829231
175,B,persist,kospi_return_1d,-0.0015611598500981927
175,B,persist,fx_level_z_252,0.0038725866470485926
175,B,underwater,kospi_return_1d,-0.00012025765317957848
175,B,underwater,fx_level_z_252,-0.030492566525936127
175,alpha,,kospi_return_1d,0.03185173124074936
175,alpha,,fx_level_z_252,0.034148506820201874
176,beta,momentum,,-0.03178853541612625
176,beta,persist,,0.11284613609313965
176,beta,underwater,,0.02755744755268097
176,B,momentum,kospi_return_1d,0.000742389471270144
176,B,momentum,fx_level_z_252,-0.006277426145970821
176,B,persist,kospi_return_1d,-0.001676271203905344
176,B,persist,fx_level_z_252,0.0036931922659277916
176,B,underwater,kospi_return_1d,-3.161674248985946e-05
176,B,underwater,fx_level_z_252,-0.0299807358533144
176,alpha,,kospi_return_1d,0.03188483044505119
176,alpha,,fx_level_z_252,0.03398938104510307
177,beta,momentum,,-0.03193744644522667
177,beta,persist,,0.11293599009513855
177,beta,underwater,,0.02755906991660595
177,B,momentum,kospi_return_1d,0.0009765247814357281
177,B,momentum,fx_level_z_252,-0.0066163442097604275
177,B,persist,kospi_return_1d,-0.0018445102032274008
177,B,persist,fx_level_z_252,0.003594411304220557
177,B,underwater,kospi_return_1d,9.664712706580758e-05
177,B,underwater,fx_level_z_252,-0.029540270566940308
177,alpha,,kospi_return_1d,0.03198941797018051
177,alpha,,fx_level_z_252,0.03375566005706787
178,beta,momentum,,-0.032068997621536255
178,beta,persist,,0.11301910877227783
178,beta,underwater,,0.027543339878320694
178,B,momentum,kospi_return_1d,0.0010540237417444587
178,B,momentum,fx_level_z_252,-0.0068792677484452724
178,B,persist,kospi_return_1d,-0.002030012896284461
178,B,persist,fx_level_z_252,0.0035643347073346376
178,B,underwater,kospi_return_1d,0.0001446929236408323
178,B,underwater,fx_level_z_252,-0.02930493652820587
178,alpha,,kospi_return_1d,0.03196512535214424
178,alpha,,fx_level_z_252,0.03370063751935959
179,beta,momentum,,-0.03219488263130188
179,beta,persist,,0.11309093981981277
179,beta,underwater,,0.027479643002152443
179,B,momentum,kospi_return_1d,0.0011838237987831235
179,B,momentum,fx_level_z_252,-0.0069701941683888435
179,B,persist,kospi_return_1d,-0.00205251295119524
179,B,persist,fx_level_z_252,0.00349020236171782
179,B,underwater,kospi_return_1d,0.00016062479699030519
179,B,underwater,fx_level_z_252,-0.029155567288398743
179,alpha,,kospi_return_1d,0.03202717378735542
179,alpha,,fx_level_z_252,0.0335734561085701
180,beta,momentum,,-0.03233586996793747
180,beta,persist,,0.11313233524560928
180,beta,underwater,,0.027415571734309196
180,B,momentum,kospi_return_1d,0.0014030933380126953
180,B,momentum,fx_level_z_252,-0.006969566456973553
180,B,persist,kospi_return_1d,-0.002064022235572338
180,B,persist,fx_level_z_252,0.003497916040942073
180,B,underwater,kospi_return_1d,0.00014504851424135268
180,B,underwater,fx_level_z_252,-0.029090886935591698
180,alpha,,kospi_return_1d,0.03221723809838295
180,alpha,,fx_level_z_252,0.0334523543715477
181,beta,momentum,,-0.03244686871767044
181,beta,persist,,0.11318979412317276
181,beta,underwater,,0.02743995189666748
181,B,momentum,kospi_return_1d,0.0016823322512209415
181,B,momentum,fx_level_z_252,-0.0070287794806063175
181,B,persist,kospi_return_1d,-0.0021664404775947332
181,B,persist,fx_level_z_252,0.0038010231219232082
181,B,underwater,kospi_return_1d,-0.00013125815894454718
181,B,underwater,fx_level_z_252,-0.02889237552881241
181,alpha,,kospi_return_1d,0.03229546174407005
181,alpha,,fx_level_z_252,0.03356130048632622
182,beta,momentum,,-0.03261185809969902
182,beta,persist,,0.11323017627000809
182,beta,underwater,,0.027433335781097412
182,B,momentum,kospi_return_1d,0.002033355413004756
182,B,momentum,fx_level_z_252,-0.007090180180966854
182,B,persist,kospi_return_1d,-0.002269444288685918
182,B,persist,fx_level_z_252,0.004252539481967688
182,B,underwater,kospi_return_1d,-0.00031686946749687195
182,B,underwater,fx_level_z_252,-0.028675517067313194
182,alpha,,kospi_return_1d,0.03242892771959305
182,alpha,,fx_level_z_252,0.03379114717245102
183,beta,momentum,,-0.03274070844054222
183,beta,persist,,0.1133834645152092
183,beta,underwater,,0.02743097022175789
183,B,momentum,kospi_return_1d,0.0023629828356206417
183,B,momentum,fx_level_z_252,-0.007092365063726902
183,B,persist,kospi_return_1d,-0.002391747897490859
183,B,persist,fx_level_z_252,0.004490778315812349
183,B,underwater,kospi_return_1d,-0.0002879660460166633
183,B,underwater,fx_level_z_252,-0.02846735343337059
183,alpha,,kospi_return_1d,0.032334230840206146
183,alpha,,fx_level_z_252,0.03384191170334816
184,beta,momentum,,-0.03280933201313019
184,beta,persist,,0.11354322731494904
184,beta,underwater,,0.027495920658111572
184,B,momentum,kospi_return_1d,0.00251661310903728
184,B,momentum,fx_level_z_252,-0.007031451445072889
184,B,persist,kospi_return_1d,-0.00242135813459754
184,B,persist,fx_level_z_252,0.004648261703550816
184,B,underwater,kospi_return_1d,-0.00010589930752757937
184,B,underwater,fx_level_z_252,-0.028331788256764412
184,alpha,,kospi_return_1d,0.03207087889313698
184,alpha,,fx_level_z_252,0.03398214653134346
185,beta,momentum,,-0.032769717276096344
185,beta,persist,,0.11359824240207672
185,beta,underwater,,0.02750435285270214
185,B,momentum,kospi_return_1d,0.0027731345035135746
185,B,momentum,fx_level_z_252,-0.006890635006129742
185,B,persist,kospi_return_1d,-0.0024985666386783123
185,B,persist,fx_level_z_252,0.0047009349800646305
185,B,underwater,kospi_return_1d,7.486045797122642e-05
185,B,underwater,fx_level_z_252,-0.028347250074148178
185,alpha,,kospi_return_1d,0.03201274946331978
185,alpha,,fx_level_z_252,0.034211721271276474
186,beta,momentum,,-0.03269781544804573
186,beta,persist,,0.11358563601970673
186,beta,underwater,,0.027355238795280457
186,B,momentum,kospi_return_1d,0.002845191862434149
186,B,momentum,fx_level_z_252,-0.006532872561365366
186,B,persist,kospi_return_1d,-0.002376672811806202
186,B,persist,fx_level_z_252,0.004611194133758545
186,B,underwater,kospi_return_1d,0.00033549510408192873
186,B,underwater,fx_level_z_252,-0.028720710426568985
186,alpha,,kospi_return_1d,0.03217761218547821
186,alpha,,fx_level_z_252,0.0342826284468174
187,beta,momentum,,-0.03270108252763748
187,beta,persist,,0.11354123055934906
187,beta,underwater,,0.027277439832687378
187,B,momentum,kospi_return_1d,0.002897750586271286
187,B,momentum,fx_level_z_252,-0.006154234055429697
187,B,persist,kospi_return_1d,-0.002231447957456112
187,B,persist,fx_level_z_252,0.004588067997246981
187,B,underwater,kospi_return_1d,0.0004303546738810837
187,B,underwater,fx_level_z_252,-0.028995079919695854
187,alpha,,kospi_return_1d,0.032346419990062714
187,alpha,,fx_level_z_252,0.03429652750492096
188,beta,momentum,,-0.03273003548383713
188,beta,persist,,0.1134786531329155
188,beta,underwater,,0.027018459513783455
188,B,momentum,kospi_return_1d,0.002928690752014518
188,B,momentum,fx_level_z_252,-0.005599919240921736
188,B,persist,kospi_return_1d,-0.0020879318471997976
188,B,persist,fx_level_z_252,0.004533366300165653
188,B,underwater,kospi_return_1d,0.0003889820945914835
188,B,underwater,fx_level_z_252,-0.02948598377406597
188,alpha,,kospi_return_1d,0.032620109617710114
188,alpha,,fx_level_z_252,0.034166015684604645
189,beta,momentum,,-0.03265773877501488
189,beta,persist,,0.11344409734010696
189,beta,underwater,,0.02674725465476513
189,B,momentum,kospi_return_1d,0.0032745497301220894
189,B,momentum,fx_level_z_252,-0.005246337968856096
189,B,persist,kospi_return_1d,-0.0020331013947725296
189,B,persist,fx_level_z_252,0.004516977816820145
189,B,underwater,kospi_return_1d,0.00020591892825905234
189,B,underwater,fx_level_z_252,-0.029902275651693344
189,alpha,,kospi_return_1d,0.0328747034072876
189,alpha,,fx_level_z_252,0.034061580896377563
190,beta,momentum,,-0.032622329890728
190,beta,persist,,0.11343105882406235
190,beta,underwater,,0.026543304324150085
190,B,momentum,kospi_return_1d,0.0033427204471081495
190,B,momentum,fx_level_z_252,-0.004839478991925716
190,B,persist,kospi_return_1d,-0.0018382373964414
190,B,persist,fx_level_z_252,0.004556237254291773
190,B,underwater,kospi_return_1d,0.00015826281742192805
190,B,underwater,fx_level_z_252,-0.03034878522157669
190,alpha,,kospi_return_1d,0.033026039600372314
190,alpha,,fx_level_z_252,0.03408298268914223
191,beta,momentum,,-0.032603614032268524
191,beta,persist,,0.11340422928333282
191,beta,underwater,,0.026449328288435936
191,B,momentum,kospi_return_1d,0.0034250228200107813
191,B,momentum,fx_level_z_252,-0.004651299212127924
191,B,persist,kospi_return_1d,-0.0017465933924540877
191,B,persist,fx_level_z_252,0.004781118128448725
191,B,underwater,kospi_return_1d,-0.00011710506805684417
191,B,underwater,fx_level_z_252,-0.030613141134381294
191,alpha,,kospi_return_1d,0.033082012087106705
191,alpha,,fx_level_z_252,0.03422055393457413
192,beta,momentum,,-0.03246043249964714
192,beta,persist,,0.11335810273885727
192,beta,underwater,,0.02632708102464676
192,B,momentum,kospi_return_1d,0.003468266688287258
192,B,momentum,fx_level_z_252,-0.004601351451128721
192,B,persist,kospi_return_1d,-0.0017661150777712464
192,B,persist,fx_level_z_252,0.005121427122503519
192,B,underwater,kospi_return_1d,-0.000258764426689595
192,B,underwater,fx_level_z_252,-0.030802913010120392
192,alpha,,kospi_return_1d,0.033044084906578064
192,alpha,,fx_level_z_252,0.03441110998392105
193,beta,momentum,,-0.032267604023218155
193,beta,persist,,0.11329080164432526
193,beta,underwater,,0.02618652768433094
193,B,momentum,kospi_return_1d,0.0032638907432556152
193,B,momentum,fx_level_z_252,-0.004673874471336603
193,B,persist,kospi_return_1d,-0.0018367227166891098
193,B,persist,fx_level_z_252,0.005438674241304398
193,B,underwater,kospi_return_1d,-0.0001993817713810131
193,B,underwater,fx_level_z_252,-0.030852334573864937
193,alpha,,kospi_return_1d,0.033052489161491394
193,alpha,,fx_level_z_252,0.03462785854935646
194,beta,momentum,,-0.0321536622941494
194,beta,persist,,0.11316948384046555
194,beta,underwater,,0.026147274300456047
194,B,momentum,kospi_return_1d,0.003090629121288657
194,B,momentum,fx_level_z_252,-0.0047638737596571445
194,B,persist,kospi_return_1d,-0.0018576416186988354
194,B,persist,fx_level_z_252,0.005557785276323557
194,B,underwater,kospi_return_1d,-0.00024323280376847833
194,B,underwater,fx_level_z_252,-0.030870772898197174
194,alpha,,kospi_return_1d,0.03312988951802254
194,alpha,,fx_level_z_252,0.034697145223617554
195,beta,momentum,,-0.03208630904555321
195,beta,persist,,0.11313469707965851
195,beta,underwater,,0.026154622435569763
195,B,momentum,kospi_return_1d,0.00312978052534163
195,B,momentum,fx_level_z_252,-0.004696212708950043
195,B,persist,kospi_return_1d,-0.0020882629323750734
195,B,persist,fx_level_z_252,0.005433978047221899
195,B,underwater,kospi_return_1d,-0.0002141667646355927
195,B,underwater,fx_level_z_252,-0.03089052066206932
195,alpha,,kospi_return_1d,0.03313465043902397
195,alpha,,fx_level_z_252,0.03482463210821152
196,beta,momentum,,-0.03191383183002472
196,beta,persist,,0.113072969019413
196,beta,underwater,,0.026244644075632095
196,B,momentum,kospi_return_1d,0.003289148211479187
196,B,momentum,fx_level_z_252,-0.004832340404391289
196,B,persist,kospi_return_1d,-0.0023675633128732443
196,B,persist,fx_level_z_252,0.005488515365868807
196,B,underwater,kospi_return_1d,-0.00026946954312734306
196,B,underwater,fx_level_z_252,-0.030666150152683258
196,alpha,,kospi_return_1d,0.033170077949762344
196,alpha,,fx_level_z_252,0.035075485706329346
197,beta,momentum,,-0.03179985284805298
197,beta,persist,,0.11298965662717819
197,beta,underwater,,0.026275252923369408
197,B,momentum,kospi_return_1d,0.0032051894813776016
197,B,momentum,fx_level_z_252,-0.005006913095712662
197,B,persist,kospi_return_1d,-0.0024064737372100353
197,B,persist,fx_level_z_252,0.005520727951079607
197,B,underwater,kospi_return_1d,-0.00018632678256835788
197,B,underwater,fx_level_z_252,-0.030467631295323372
197,alpha,,kospi_return_1d,0.03328714147210121
197,alpha,,fx_level_z_252,0.035297691822052
198,beta,momentum,,-0.03154687210917473
198,beta,persist,,0.11289731413125992
198,beta,underwater,,0.026124970987439156
198,B,momentum,kospi_return_1d,0.0031101068016141653
198,B,momentum,fx_level_z_252,-0.005098420195281506
198,B,persist,kospi_return_1d,-0.0024546768981963396
198,B,persist,fx_level_z_252,0.005359408911317587
198,B,underwater,kospi_return_1d,4.213571810396388e-05
198,B,underwater,fx_level_z_252,-0.030392447486519814
198,alpha,,kospi_return_1d,0.0334882028400898
198,alpha,,fx_level_z_252,0.0352519154548645
199,beta,momentum,,-0.03131721168756485
199,beta,persist,,0.1129799336194992
199,beta,underwater,,0.02609661966562271
199,B,momentum,kospi_return_1d,0.0029845184180885553
199,B,momentum,fx_level_z_252,-0.005214119795709848
199,B,persist,kospi_return_1d,-0.0025597643107175827
199,B,persist,fx_level_z_252,0.005390343721956015
199,B,underwater,kospi_return_1d,7.198977255029604e-05
199,B,underwater,fx_level_z_252,-0.030191883444786072
199,alpha,,kospi_return_1d,0.03339996933937073
199,alpha,,fx_level_z_252,0.03532716631889343
200,beta,momentum,,-0.031259771436452866
200,beta,persist,,0.11315600574016571
200,beta,underwater,,0.02625885233283043
200,B,momentum,kospi_return_1d,0.0028417562134563923
200,B,momentum,fx_level_z_252,-0.00524620246142149
200,B,persist,kospi_return_1d,-0.0026563762221485376
200,B,persist,fx_level_z_252,0.005224162712693214
200,B,underwater,kospi_return_1d,-9.738952212501317e-05
200,B,underwater,fx_level_z_252,-0.02997983619570732
200,alpha,,kospi_return_1d,0.03308499976992607
200,alpha,,fx_level_z_252,0.03548908233642578
201,beta,momentum,,-0.03129250928759575
201,beta,persist,,0.11335697770118713
201,beta,underwater,,0.026399053633213043
201,B,momentum,kospi_return_1d,0.0027418758254498243
201,B,momentum,fx_level_z_252,-0.005114818923175335
201,B,persist,kospi_return_1d,-0.002625033725053072
201,B,persist,fx_level_z_252,0.0050092656165361404
201,B,underwater,kospi_return_1d,-3.7730227631982416e-05
201,B,underwater,fx_level_z_252,-0.029929017648100853
201,alpha,,kospi_return_1d,0.03266586735844612
201,alpha,,fx_level_z_252,0.035652730613946915
202,beta,momentum,,-0.03139037638902664
202,beta,persist,,0.11351946741342545
202,beta,underwater,,0.026534369215369225
202,B,momentum,kospi_return_1d,0.002678182441741228
202,B,momentum,fx_level_z_252,-0.005024908576160669
202,B,persist,kospi_return_1d,-0.0026946011930704117
202,B,persist,fx_level_z_252,0.004810765851289034
202,B,underwater,kospi_return_1d,2.3597778636030853e-05
202,B,underwater,fx_level_z_252,-0.029893314465880394
202,alpha,,kospi_return_1d,0.03233817592263222
202,alpha,,fx_level_z_252,0.03571413457393646
203,beta,momentum,,-0.03150148689746857
203,beta,persist,,0.11370395869016647
203,beta,underwater,,0.026634858921170235
203,B,momentum,kospi_return_1d,0.0025328698102384806
203,B,momentum,fx_level_z_252,-0.0048778788186609745
203,B,persist,kospi_return_1d,-0.002673029899597168
203,B,persist,fx_level_z_252,0.004380945581942797
203,B,underwater,kospi_return_1d,0.00014746458327863365
203,B,underwater,fx_level_z_252,-0.030032217502593994
203,alpha,,kospi_return_1d,0.03198863938450813
203,alpha,,fx_level_z_252,0.035762298852205276
204,beta,momentum,,-0.03160015493631363
204,beta,persist,,0.11376901715993881
204,beta,underwater,,0.02677282877266407
204,B,momentum,kospi_return_1d,0.0024816771037876606
204,B,momentum,fx_level_z_252,-0.004863417707383633
204,B,persist,kospi_return_1d,-0.002679239260032773
204,B,persist,fx_level_z_252,0.004193720407783985
204,B,underwater,kospi_return_1d,0.0002720995689742267
204,B,underwater,fx_level_z_252,-0.03001467138528824
204,alpha,,kospi_return_1d,0.03180428966879845
204,alpha,,fx_level_z_252,0.035782478749752045
205,beta,momentum,,-0.03161841630935669
205,beta,persist,,0.1137823686003685
205,beta,underwater,,0.026803147047758102
205,B,momentum,kospi_return_1d,0.0025104291271418333
205,B,momentum,fx_level_z_252,-0.004999497439712286
205,B,persist,kospi_return_1d,-0.0028719918336719275
205,B,persist,fx_level_z_252,0.0041390834376215935
205,B,underwater,kospi_return_1d,0.0003666300035547465
205,B,underwater,fx_level_z_252,-0.029969090595841408
205,alpha,,kospi_return_1d,0.031892236322164536
205,alpha,,fx_level_z_252,0.035533126443624496
206,beta,momentum,,-0.0315578430891037
206,beta,persist,,0.11388593912124634
206,beta,underwater,,0.02681354247033596
206,B,momentum,kospi_return_1d,0.002547659445554018
206,B,momentum,fx_level_z_252,-0.005051883403211832
206,B,persist,kospi_return_1d,-0.0029398303013294935
206,B,persist,fx_level_z_252,0.003948419354856014
206,B,underwater,kospi_return_1d,0.00037049761158414185
206,B,underwater,fx_level_z_252,-0.03003760240972042
206,alpha,,kospi_return_1d,0.03182964771986008
206,alpha,,fx_level_z_252,0.035246968269348145
207,beta,momentum,,-0.03149455040693283
207,beta,persist,,0.11394892632961273
207,beta,underwater,,0.026730170473456383
207,B,momentum,kospi_return_1d,0.0025533426087349653
207,B,momentum,fx_level_z_252,-0.005071738269180059
207,B,persist,kospi_return_1d,-0.002941037528216839
207,B,persist,fx_level_z_252,0.003884886158630252
207,B,underwater,kospi_return_1d,0.00038495429907925427
207,B,underwater,fx_level_z_252,-0.030134953558444977
207,alpha,,kospi_return_1d,0.03174838796257973
207,alpha,,fx_level_z_252,0.03487604111433029
208,beta,momentum,,-0.031409405171871185
208,beta,persist,,0.11398781090974808
208,beta,underwater,,0.026686815544962883
208,B,momentum,kospi_return_1d,0.0026695304550230503
208,B,momentum,fx_level_z_252,-0.005205111112445593
208,B,persist,kospi_return_1d,-0.0030036908574402332
208,B,persist,fx_level_z_252,0.003751977114006877
208,B,underwater,kospi_return_1d,0.00022917742899153382
208,B,underwater,fx_level_z_252,-0.030157003551721573
208,alpha,,kospi_return_1d,0.03168094530701637
208,alpha,,fx_level_z_252,0.03447270393371582
209,beta,momentum,,-0.03152995556592941
209,beta,persist,,0.11403514444828033
209,beta,underwater,,0.02681807614862919
209,B,momentum,kospi_return_1d,0.0027184465434402227
209,B,momentum,fx_level_z_252,-0.005267376080155373
209,B,persist,kospi_return_1d,-0.0029860481154173613
209,B,persist,fx_level_z_252,0.003645888762548566
209,B,underwater,kospi_return_1d,-2.2492204152513295e-05
209,B,underwater,fx_level_z_252,-0.03007732518017292
209,alpha,,kospi_return_1d,0.031740881502628326
209,alpha,,fx_level_z_252,0.03421235829591751
210,beta,momentum,,-0.03154265135526657
210,beta,persist,,0.11407610028982162
210,beta,underwater,,0.02695760689675808
210,B,momentum,kospi_return_1d,0.0026425879914313555
210,B,momentum,fx_level_z_252,-0.0055616470053792
210,B,persist,kospi_return_1d,-0.0028079685289412737
210,B,persist,fx_level_z_252,0.003469958668574691
210,B,underwater,kospi_return_1d,-0.00015215182793326676
210,B,underwater,fx_level_z_252,-0.029899466782808304
210,alpha,,kospi_return_1d,0.031851112842559814
210,alpha,,fx_level_z_252,0.03401808440685272
211,beta,momentum,,-0.03156895935535431
211,beta,persist,,0.11416222900152206
211,beta,underwater,,0.027154605835676193
211,B,momentum,kospi_return_1d,0.0026394918095320463
211,B,momentum,fx_level_z_252,-0.005778600927442312
211,B,persist,kospi_return_1d,-0.002605470595881343
211,B,persist,fx_level_z_252,0.003296144772320986
211,B,underwater,kospi_return_1d,-0.00018001184798777103
211,B,underwater,fx_level_z_252,-0.029724467545747757
211,alpha,,kospi_return_1d,0.031978264451026917
211,alpha,,fx_level_z_252,0.033964529633522034
212,beta,momentum,,-0.03162398561835289
212,beta,persist,,0.11427248269319534
212,beta,underwater,,0.027287978678941727
212,B,momentum,kospi_return_1d,0.002480402123183012
212,B,momentum,fx_level_z_252,-0.006037780083715916
212,B,persist,kospi_return_1d,-0.0023564265575259924
212,B,persist,fx_level_z_252,0.003190877614542842
212,B,underwater,kospi_return_1d,-0.00010126432607648894
212,B,underwater,fx_level_z_252,-0.029529955238103867
212,alpha,,kospi_return_1d,0.032150596380233765
212,alpha,,fx_level_z_252,0.034021005034446716
213,beta,momentum,,-0.03172486647963524
213,beta,persist,,0.11437477171421051
213,beta,underwater,,0.027466995641589165
213,B,momentum,kospi_return_1d,0.0022510262206196785
213,B,momentum,fx_level_z_252,-0.006516478955745697
213,B,persist,kospi_return_1d,-0.0022205093409866095
213,B,persist,fx_level_z_252,0.003406536066904664
213,B,underwater,kospi_return_1d,5.205089109949768e-06
213,B,underwater,fx_level_z_252,-0.029151316732168198
213,alpha,,kospi_return_1d,0.032298821955919266
213,alpha,,fx_level_z_252,0.034091413021087646
214,beta,momentum,,-0.03177134692668915
214,beta,persist,,0.11446431279182434
214,beta,underwater,,0.027589891105890274
214,B,momentum,kospi_return_1d,0.0020859551150351763
214,B,momentum,fx_level_z_252,-0.006813935004174709
214,B,persist,kospi_return_1d,-0.0021343212574720383
214,B,persist,fx_level_z_252,0.003593035275116563
214,B,underwater,kospi_return_1d,0.00010148587170988321
214,B,underwater,fx_level_z_252,-0.02889111638069153
214,alpha,,kospi_return_1d,0.03244169056415558
214,alpha,,fx_level_z_252,0.034133706241846085
215,beta,momentum,,-0.03182586655020714
215,beta,persist,,0.11449121683835983
215,beta,underwater,,0.02776995487511158
215,B,momentum,kospi_return_1d,0.001955261919647455
215,B,momentum,fx_level_z_252,-0.007231452502310276
215,B,persist,kospi_return_1d,-0.002086344873532653
215,B,persist,fx_level_z_252,0.003973489161580801
215,B,underwater,kospi_return_1d,0.00011731780978152528
215,B,underwater,fx_level_z_252,-0.02853326126933098
215,alpha,,kospi_return_1d,0.03241666033864021
215,alpha,,fx_level_z_252,0.034155841916799545
216,beta,momentum,,-0.03192555531859398
216,beta,persist,,0.11452874541282654
216,beta,underwater,,0.02792545035481453
216,B,momentum,kospi_return_1d,0.0017300850013270974
216,B,momentum,fx_level_z_252,-0.007474771235138178
216,B,persist,kospi_return_1d,-0.0020380723290145397
216,B,persist,fx_level_z_252,0.004295864142477512
216,B,underwater,kospi_return_1d,2.0008941646665335e-05
216,B,underwater,fx_level_z_252,-0.028237439692020416
216,alpha,,kospi_return_1d,0.03238719701766968
216,alpha,,fx_level_z_252,0.034216366708278656
217,beta,momentum,,-0.03197753429412842
217,beta,persist,,0.11447533965110779
217,beta,underwater,,0.028050485998392105
217,B,momentum,kospi_return_1d,0.0014724575448781252
217,B,momentum,fx_level_z_252,-0.007724363822489977
217,B,persist,kospi_return_1d,-0.001968838507309556
217,B,persist,fx_level_z_252,0.0044637112878263
217,B,underwater,kospi_return_1d,-0.00011935449583688751
217,B,underwater,fx_level_z_252,-0.02797994203865528
217,alpha,,kospi_return_1d,0.03252033889293671
217,alpha,,fx_level_z_252,0.03423040732741356
218,beta,momentum,,-0.031913746148347855
218,beta,persist,,0.11441782116889954
218,beta,underwater,,0.02797532081604004
218,B,momentum,kospi_return_1d,0.001141674816608429
218,B,momentum,fx_level_z_252,-0.00782057549804449
218,B,persist,kospi_return_1d,-0.0018105190247297287
218,B,persist,fx_level_z_252,0.0043730586767196655
218,B,underwater,kospi_return_1d,7.701322465436533e-05
218,B,underwater,fx_level_z_252,-0.02800743654370308
218,alpha,,kospi_return_1d,0.03274903446435928
218,alpha,,fx_level_z_252,0.03408702835440636
219,beta,momentum,,-0.03179958835244179
219,beta,persist,,0.11437208205461502
219,beta,underwater,,0.027888327836990356
219,B,momentum,kospi_return_1d,0.0007153210463002324
219,B,momentum,fx_level_z_252,-0.007919881492853165
219,B,persist,kospi_return_1d,-0.0015391722554340959
219,B,persist,fx_level_z_252,0.004342647735029459
219,B,underwater,kospi_return_1d,0.0003476730198599398
219,B,underwater,fx_level_z_252,-0.02802794799208641
219,alpha,,kospi_return_1d,0.03283172845840454
219,alpha,,fx_level_z_252,0.033974941819906235
220,beta,momentum,,-0.03177247941493988
220,beta,persist,,0.11434108763933182
220,beta,underwater,,0.027813542634248734
220,B,momentum,kospi_return_1d,0.0004039533669129014
220,B,momentum,fx_level_z_252,-0.00790228508412838
220,B,persist,kospi_return_1d,-0.0013454266590997577
220,B,persist,fx_level_z_252,0.004321658983826637
220,B,underwater,kospi_return_1d,0.00044101435923948884
220,B,underwater,fx_level_z_252,-0.028029778972268105
220,alpha,,kospi_return_1d,0.032879628241062164
220,alpha,,fx_level_z_252,0.03400528058409691
221,beta,momentum,,-0.0317169651389122
221,beta,persist,,0.11428765952587128
221,beta,underwater,,0.02771914005279541
221,B,momentum,kospi_return_1d,7.019052281975746e-05
221,B,momentum,fx_level_z_252,-0.007837356999516487
221,B,persist,kospi_return_1d,-0.0011373506858944893
221,B,persist,fx_level_z_252,0.004138856194913387
221,B,underwater,kospi_return_1d,0.0005121557042002678
221,B,underwater,fx_level_z_252,-0.028125427663326263
221,alpha,,kospi_return_1d,0.03305158391594887
221,alpha,,fx_level_z_252,0.033836301416158676
222,beta,momentum,,-0.031624555587768555
222,beta,persist,,0.11424854397773743
222,beta,underwater,,0.027511626482009888
222,B,momentum,kospi_return_1d,-0.00020183881861157715
222,B,momentum,fx_level_z_252,-0.007788709830492735
222,B,persist,kospi_return_1d,-0.0010079874191433191
222,B,persist,fx_level_z_252,0.0039112926460802555
222,B,underwater,kospi_return_1d,0.00047576360520906746
222,B,underwater,fx_level_z_252,-0.028240034356713295
222,alpha,,kospi_return_1d,0.03327113017439842
222,alpha,,fx_level_z_252,0.03360551968216896
223,beta,momentum,,-0.03157754987478256
223,beta,persist,,0.1142122894525528
223,beta,underwater,,0.027254242449998856
223,B,momentum,kospi_return_1d,-0.00040647565037943423
223,B,momentum,fx_level_z_252,-0.007585103623569012
223,B,persist,kospi_return_1d,-0.000790288089774549
223,B,persist,fx_level_z_252,0.0035961857065558434
223,B,underwater,kospi_return_1d,0.0003452402597758919
223,B,underwater,fx_level_z_252,-0.028483888134360313
223,alpha,,kospi_return_1d,0.03342479467391968
223,alpha,,fx_level_z_252,0.03332725167274475
224,beta,momentum,,-0.031629402190446854
224,beta,persist,,0.11427697539329529
224,beta,underwater,,0.02721262536942959
224,B,momentum,kospi_return_1d,-0.00027310900622978806
224,B,momentum,fx_level_z_252,-0.0074532064609229565
224,B,persist,kospi_return_1d,-0.0004039173945784569
224,B,persist,fx_level_z_252,0.0032953082118183374
224,B,underwater,kospi_return_1d,0.00022164054098539054
224,B,underwater,fx_level_z_252,-0.028640054166316986
224,alpha,,kospi_return_1d,0.03360641747713089
224,alpha,,fx_level_z_252,0.033299289643764496
225,beta,momentum,,-0.03166096657514572
225,beta,persist,,0.1144942119717598
225,beta,underwater,,0.02723292075097561
225,B,momentum,kospi_return_1d,0.0003124544455204159
225,B,momentum,fx_level_z_252,-0.0072595407254993916
225,B,persist,kospi_return_1d,-0.00022413296392187476
225,B,persist,fx_level_z_252,0.0029358225874602795
225,B,underwater,kospi_return_1d,-5.9584279370028526e-05
225,B,underwater,fx_level_z_252,-0.028874319046735764
225,alpha,,kospi_return_1d,0.03353125974535942
225,alpha,,fx_level_z_252,0.033408716320991516
226,beta,momentum,,-0.031685810536146164
226,beta,persist,,0.11461926251649857
226,beta,underwater,,0.02725544385612011
226,B,momentum,kospi_return_1d,0.0008435859344899654
226,B,momentum,fx_level_z_252,-0.006910872180014849
226,B,persist,kospi_return_1d,-8.538386464351788e-05
226,B,persist,fx_level_z_252,0.0025354886893182993
226,B,underwater,kospi_return_1d,-0.00020446188864298165
226,B,underwater,fx_level_z_252,-0.02916698157787323
226,alpha,,kospi_return_1d,0.03347504511475563
226,alpha,,fx_level_z_252,0.03338980674743652
227,beta,momentum,,-0.031601354479789734
227,beta,persist,,0.11463645100593567
227,beta,underwater,,0.027093948796391487
227,B,momentum,kospi_return_1d,0.0013586989371106029
227,B,momentum,fx_level_z_252,-0.0064108348451554775
227,B,persist,kospi_return_1d,2.075087104458362e-05
227,B,persist,fx_level_z_252,0.0020890221931040287
227,B,underwater,kospi_return_1d,-0.00027260161004960537
227,B,underwater,fx_level_z_252,-0.029608674347400665
227,alpha,,kospi_return_1d,0.03357556089758873
227,alpha,,fx_level_z_252,0.033251043409109116
228,beta,momentum,,-0.03161964192986488
228,beta,persist,,0.11468910425901413
228,beta,underwater,,0.026998337358236313
228,B,momentum,kospi_return_1d,0.0018564779311418533
228,B,momentum,fx_level_z_252,-0.006001620087772608
228,B,persist,kospi_return_1d,0.00010488214320503175
228,B,persist,fx_level_z_252,0.0018033292144536972
228,B,underwater,kospi_return_1d,-0.00043431820813566446
228,B,underwater,fx_level_z_252,-0.029995834454894066
228,alpha,,kospi_return_1d,0.03364863246679306
228,alpha,,fx_level_z_252,0.03309062868356705
229,beta,momentum,,-0.03155543655157089
229,beta,persist,,0.11475217342376709
229,beta,underwater,,0.02681756019592285
229,B,momentum,kospi_return_1d,0.0023296393919736147
229,B,momentum,fx_level_z_252,-0.005673068575561047
229,B,persist,kospi_return_1d,-5.7463366829324514e-05
229,B,persist,fx_level_z_252,0.0015218222979456186
229,B,underwater,kospi_return_1d,-0.0005421173409558833
229,B,underwater,fx_level_z_252,-0.030460426583886147
229,alpha,,kospi_return_1d,0.03365252912044525
229,alpha,,fx_level_z_252,0.032950226217508316
230,beta,momentum,,-0.03149576112627983
230,beta,persist,,0.114834725856781
230,beta,underwater,,0.026698550209403038
230,B,momentum,kospi_return_1d,0.0026845205575227737
230,B,momentum,fx_level_z_252,-0.005539101082831621
230,B,persist,kospi_return_1d,-0.00038408522959798574
230,B,persist,fx_level_z_252,0.0014659750740975142
230,B,underwater,kospi_return_1d,-0.0006600258639082313
230,B,underwater,fx_level_z_252,-0.030648907646536827
230,alpha,,kospi_return_1d,0.0335719995200634
230,alpha,,fx_level_z_252,0.0328683964908123
231,beta,momentum,,-0.03138350695371628
231,beta,persist,,0.11490508168935776
231,beta,underwater,,0.026691731065511703
231,B,momentum,kospi_return_1d,0.0030220719054341316
231,B,momentum,fx_level_z_252,-0.005646093282848597
231,B,persist,kospi_return_1d,-0.0006221975199878216
231,B,persist,fx_level_z_252,0.0016170867020264268
231,B,underwater,kospi_return_1d,-0.0006803987198509276
231,B,underwater,fx_level_z_252,-0.030635768547654152
231,alpha,,kospi_return_1d,0.03354869782924652
231,alpha,,fx_level_z_252,0.032900143414735794
232,beta,momentum,,-0.03125445917248726
232,beta,persist,,0.11488723009824753
232,beta,underwater,,0.026651188731193542
232,B,momentum,kospi_return_1d,0.0032527376897633076
232,B,momentum,fx_level_z_252,-0.005888928193598986
232,B,persist,kospi_return_1d,-0.0008860344532877207
232,B,persist,fx_level_z_252,0.001980947330594063
232,B,underwater,kospi_return_1d,-0.0005961314309388399
232,B,underwater,fx_level_z_252,-0.030347948893904686
232,alpha,,kospi_return_1d,0.033648531883955
232,alpha,,fx_level_z_252,0.03290427848696709
233,beta,momentum,,-0.031203700229525566
233,beta,persist,,0.11488001048564911
233,beta,underwater,,0.02664031647145748
233,B,momentum,kospi_return_1d,0.0033003189601004124
233,B,momentum,fx_level_z_252,-0.006249311380088329
233,B,persist,kospi_return_1d,-0.0010301643051207066
233,B,persist,fx_level_z_252,0.0024406728334724903
233,B,underwater,kospi_return_1d,-0.00042446528095752
233,B,underwater,fx_level_z_252,-0.029986372217535973
233,alpha,,kospi_return_1d,0.03379540145397186
233,alpha,,fx_level_z_252,0.03288544341921806
234,beta,momentum,,-0.031138595193624496
234,beta,persist,,0.11483584344387054
234,beta,underwater,,0.02659531868994236
234,B,momentum,kospi_return_1d,0.0033162450417876244
234,B,momentum,fx_level_z_252,-0.006688614841550589
234,B,persist,kospi_return_1d,-0.001136110513471067
234,B,persist,fx_level_z_252,0.00289559131488204
234,B,underwater,kospi_return_1d,-0.00011067713785450906
234,B,underwater,fx_level_z_252,-0.029483612626791
234,alpha,,kospi_return_1d,0.03401000052690506
234,alpha,,fx_level_z_252,0.03279610350728035
235,beta,momentum,,-0.03106812946498394
235,beta,persist,,0.11479661613702774
235,beta,underwater,,0.026572352275252342
235,B,momentum,kospi_return_1d,0.0032417376060038805
235,B,momentum,fx_level_z_252,-0.007180529180914164
235,B,persist,kospi_return_1d,-0.0012469823705032468
235,B,persist,fx_level_z_252,0.0031733280047774315
235,B,underwater,kospi_return_1d,0.0002243784547317773
235,B,underwater,fx_level_z_252,-0.029023969545960426
235,alpha,,kospi_return_1d,0.03410899266600609
235,alpha,,fx_level_z_252,0.03273211792111397
236,beta,momentum,,-0.031038006767630577
236,beta,persist,,0.11475389450788498
236,beta,underwater,,0.02655653841793537
236,B,momentum,kospi_return_1d,0.0031636180356144905
236,B,momentum,fx_level_z_252,-0.007537554483860731
236,B,persist,kospi_return_1d,-0.0015362049452960491
236,B,persist,fx_level_z_252,0.003552947426214814
236,B,underwater,kospi_return_1d,0.00027930442593060434
236,B,underwater,fx_level_z_252,-0.028749410063028336
236,alpha,,kospi_return_1d,0.03413980454206467
236,alpha,,fx_level_z_252,0.032622773200273514
237,beta,momentum,,-0.031048757955431938
237,beta,persist,,0.11468923836946487
237,beta,underwater,,0.026537645608186722
237,B,momentum,kospi_return_1d,0.0032341822516173124
237,B,momentum,fx_level_z_252,-0.007736505009233952
237,B,persist,kospi_return_1d,-0.001846026279963553
237,B,persist,fx_level_z_252,0.0038071845192462206
237,B,underwater,kospi_return_1d,0.00014132121577858925
237,B,underwater,fx_level_z_252,-0.02859598584473133
237,alpha,,kospi_return_1d,0.034180402755737305
237,alpha,,fx_level_z_252,0.03259681910276413
238,beta,momentum,,-0.03113666921854019
238,beta,persist,,0.11474373936653137
238,beta,underwater,,0.026580369099974632
238,B,momentum,kospi_return_1d,0.003124465001747012
238,B,momentum,fx_level_z_252,-0.007767606992274523
238,B,persist,kospi_return_1d,-0.0019877811428159475
238,B,persist,fx_level_z_252,0.003950123209506273
238,B,underwater,kospi_return_1d,5.08203956997022e-05
238,B,underwater,fx_level_z_252,-0.028568830341100693
238,alpha,,kospi_return_1d,0.03408879041671753
238,alpha,,fx_level_z_252,0.032633498311042786
239,beta,momentum,,-0.03131306543946266
239,beta,persist,,0.11482439190149307
239,beta,underwater,,0.02663225680589676
239,B,momentum,kospi_return_1d,0.0028997838962823153
239,B,momentum,fx_level_z_252,-0.007576085161417723
239,B,persist,kospi_return_1d,-0.0020289949607104063
239,B,persist,fx_level_z_252,0.004031236283481121
239,B,underwater,kospi_return_1d,-0.00012655009049922228
239,B,underwater,fx_level_z_252,-0.028674926608800888
239,alpha,,kospi_return_1d,0.03413898125290871
239,alpha,,fx_level_z_252,0.03268938511610031
240,beta,momentum,,-0.03152439370751381
240,beta,persist,,0.1148577407002449
240,beta,underwater,,0.02673780359327793
240,B,momentum,kospi_return_1d,0.002657634438946843
240,B,momentum,fx_level_z_252,-0.00743363332003355
240,B,persist,kospi_return_1d,-0.0021399667020887136
240,B,persist,fx_level_z_252,0.004075136501342058
240,B,underwater,kospi_return_1d,-0.00017756185843609273
240,B,underwater,fx_level_z_252,-0.028736364096403122
240,alpha,,kospi_return_1d,0.03417642414569855
240,alpha,,fx_level_z_252,0.032740186899900436
241,beta,momentum,,-0.0316614955663681
241,beta,persist,,0.11482103168964386
241,beta,underwater,,0.026730572804808617
241,B,momentum,kospi_return_1d,0.0023866542614996433
241,B,momentum,fx_level_z_252,-0.0071813492104411125
241,B,persist,kospi_return_1d,-0.002206995617598295
241,B,persist,fx_level_z_252,0.003968152683228254
241,B,underwater,kospi_return_1d,-0.00029797820025123656
241,B,underwater,fx_level_z_252,-0.028942227363586426
241,alpha,,kospi_return_1d,0.03410303592681885
241,alpha,,fx_level_z_252,0.03263108432292938
242,beta,momentum,,-0.031780071556568146
242,beta,persist,,0.11479214578866959
242,beta,underwater,,0.02662007324397564
242,B,momentum,kospi_return_1d,0.0022067150566726923
242,B,momentum,fx_level_z_252,-0.006825616117566824
242,B,persist,kospi_return_1d,-0.0023388839326798916
242,B,persist,fx_level_z_252,0.003944875672459602
242,B,underwater,kospi_return_1d,-0.0003276096540503204
242,B,underwater,fx_level_z_252,-0.029334936290979385
242,alpha,,kospi_return_1d,0.03418855369091034
242,alpha,,fx_level_z_252,0.03231636434793472
243,beta,momentum,,-0.031847186386585236
243,beta,persist,,0.1147758886218071
243,beta,underwater,,0.026505079120397568
243,B,momentum,kospi_return_1d,0.0022727602627128363
243,B,momentum,fx_level_z_252,-0.006410860922187567
243,B,persist,kospi_return_1d,-0.002606139052659273
243,B,persist,fx_level_z_252,0.00392477260902524
243,B,underwater,kospi_return_1d,-0.0004281923465896398
243,B,underwater,fx_level_z_252,-0.02975020371377468
243,alpha,,kospi_return_1d,0.03426121920347214
243,alpha,,fx_level_z_252,0.03204808011651039
244,beta,momentum,,-0.031956277787685394
244,beta,persist,,0.11467435210943222
244,beta,underwater,,0.02637762576341629
244,B,momentum,kospi_return_1d,0.0022876320872455835
244,B,momentum,fx_level_z_252,-0.006029519252479076
244,B,persist,kospi_return_1d,-0.002818862209096551
244,B,persist,fx_level_z_252,0.003946446347981691
244,B,underwater,kospi_return_1d,-0.00045941199641674757
244,B,underwater,fx_level_z_252,-0.030084921047091484
244,alpha,,kospi_return_1d,0.034415703266859055
244,alpha,,fx_level_z_252,0.03192146122455597
245,beta,momentum,,-0.032165106385946274
245,beta,persist,,0.11464705318212509
245,beta,underwater,,0.026265349239110947
245,B,momentum,kospi_return_1d,0.0022258698008954525
245,B,momentum,fx_level_z_252,-0.005551737733185291
245,B,persist,kospi_return_1d,-0.0029143160209059715
245,B,persist,fx_level_z_252,0.003988367505371571
245,B,underwater,kospi_return_1d,-0.0002973911468870938
245,B,underwater,fx_level_z_252,-0.03035912476480007
245,alpha,,kospi_return_1d,0.03452201187610626
245,alpha,,fx_level_z_252,0.0318831242620945
246,beta,momentum,,-0.032320596277713776
246,beta,persist,,0.11456304788589478
246,beta,underwater,,0.0261808130890131
246,B,momentum,kospi_return_1d,0.002265147864818573
246,B,momentum,fx_level_z_252,-0.00522394385188818
246,B,persist,kospi_return_1d,-0.0029725024942308664
246,B,persist,fx_level_z_252,0.0041399453766644
246,B,underwater,kospi_return_1d,-4.919143975712359e-05
246,B,underwater,fx_level_z_252,-0.030526096001267433
246,alpha,,kospi_return_1d,0.03466767817735672
246,alpha,,fx_level_z_252,0.03191174194216728
247,beta,momentum,,-0.03240933269262314
247,beta,persist,,0.11450549215078354
247,beta,underwater,,0.02619163691997528
247,B,momentum,kospi_return_1d,0.002296618651598692
247,B,momentum,fx_level_z_252,-0.005221270024776459
247,B,persist,kospi_return_1d,-0.003096775384619832
247,B,persist,fx_level_z_252,0.004182741511613131
247,B,underwater,kospi_return_1d,0.00010065698006656021
247,B,underwater,fx_level_z_252,-0.03036532923579216
247,alpha,,kospi_return_1d,0.03458108380436897
247,alpha,,fx_level_z_252,0.03193126246333122
248,beta,momentum,,-0.03240698203444481
248,beta,persist,,0.11446098983287811
248,beta,underwater,,0.02620575949549675
248,B,momentum,kospi_return_1d,0.002213903935626149
248,B,momentum,fx_level_z_252,-0.005099158734083176
248,B,persist,kospi_return_1d,-0.003153199329972267
248,B,persist,fx_level_z_252,0.003944745287299156
248,B,underwater,kospi_return_1d,2.4410859623458236e-05
248,B,underwater,fx_level_z_252,-0.030353205278515816
248,alpha,,kospi_return_1d,0.03459158539772034
248,alpha,,fx_level_z_252,0.031879473477602005
249,beta,momentum,,-0.03226672112941742
249,beta,persist,,0.11437807977199554
249,beta,underwater,,0.026174645870923996
249,B,momentum,kospi_return_1d,0.0023081237450242043
249,B,momentum,fx_level_z_252,-0.005016819573938847
249,B,persist,kospi_return_1d,-0.003320245770737529
249,B,persist,fx_level_z_252,0.0037034901324659586
249,B,underwater,kospi_return_1d,-8.93457981874235e-05
249,B,underwater,fx_level_z_252,-0.030331142246723175
249,alpha,,kospi_return_1d,0.03463660553097725
249,alpha,,fx_level_z_252,0.031779609620571136
250,beta,momentum,,-0.03221956640481949
250,beta,persist,,0.11434268951416016
250,beta,underwater,,0.02621682733297348
250,B,momentum,kospi_return_1d,0.0023523911368101835
250,B,momentum,fx_level_z_252,-0.004923707339912653
250,B,persist,kospi_return_1d,-0.003385692136362195
250,B,persist,fx_level_z_252,0.0035051777958869934
250,B,underwater,kospi_return_1d,-9.863780724117532e-05
250,B,underwater,fx_level_z_252,-0.030354483053088188
250,alpha,,kospi_return_1d,0.03474544361233711
250,alpha,,fx_level_z_252,0.03184318542480469
251,beta,momentum,,-0.032181430608034134
251,beta,persist,,0.11430519074201584
251,beta,underwater,,0.026372523978352547
251,B,momentum,kospi_return_1d,0.0024101906456053257
251,B,momentum,fx_level_z_252,-0.004910071846097708
251,B,persist,kospi_return_1d,-0.0033966924529522657
251,B,persist,fx_level_z_252,0.003398224478587508
251,B,underwater,kospi_return_1d,-0.00020595331443473697
251,B,underwater,fx_level_z_252,-0.030271554365754128
251,alpha,,kospi_return_1d,0.03485377877950668
251,alpha,,fx_level_z_252,0.032005853950977325
252,beta,momentum,,-0.03226637840270996
252,beta,persist,,0.11434730887413025
252,beta,underwater,,0.02657087706029415
252,B,momentum,kospi_return_1d,0.0023851359728723764
252,B,momentum,fx_level_z_252,-0.004826685413718224
252,B,persist,kospi_return_1d,-0.003364522708579898
252,B,persist,fx_level_z_252,0.003373494604602456
252,B,underwater,kospi_return_1d,-0.00019731897918973118
252,B,underwater,fx_level_z_252,-0.030229395255446434
252,alpha,,kospi_return_1d,0.03479139134287834
252,alpha,,fx_level_z_252,0.03220592439174652
253,beta,momentum,,-0.032232191413640976
253,beta,persist,,0.11439543962478638
253,beta,underwater,,0.026796327903866768
253,B,momentum,kospi_return_1d,0.002464446472004056
253,B,momentum,fx_level_z_252,-0.00485152006149292
253,B,persist,kospi_return_1d,-0.003189816139638424
253,B,persist,fx_level_z_252,0.003466067835688591
253,B,underwater,kospi_return_1d,-0.000166429701494053
253,B,underwater,fx_level_z_252,-0.030063319951295853
253,alpha,,kospi_return_1d,0.03475812450051308
253,alpha,,fx_level_z_252,0.03246951848268509
254,beta,momentum,,-0.032111167907714844
254,beta,persist,,0.1144006997346878
254,beta,underwater,,0.027018040418624878
254,B,momentum,kospi_return_1d,0.002745586447417736
254,B,momentum,fx_level_z_252,-0.004935617092996836
254,B,persist,kospi_return_1d,-0.0032080858945846558
254,B,persist,fx_level_z_252,0.003621380077674985
254,B,underwater,kospi_return_1d,-0.0002632007235661149
254,B,underwater,fx_level_z_252,-0.029801305383443832
254,alpha,,kospi_return_1d,0.03479866683483124
254,alpha,,fx_level_z_252,0.032717470079660416
255,beta,momentum,,-0.03195579722523689
255,beta,persist,,0.11444307863712311
255,beta,underwater,,0.027232525870203972
255,B,momentum,kospi_return_1d,0.0030368268489837646
255,B,momentum,fx_level_z_252,-0.005223589483648539
255,B,persist,kospi_return_1d,-0.0033508222550153732
255,B,persist,fx_level_z_252,0.0038577564992010593
255,B,underwater,kospi_return_1d,-0.000394243688788265
255,B,underwater,fx_level_z_252,-0.02943303994834423
255,alpha,,kospi_return_1d,0.034861303865909576
255,alpha,,fx_level_z_252,0.03302225470542908
256,beta,momentum,,-0.03185094892978668
256,beta,persist,,0.11438141018152237
256,beta,underwater,,0.027417493984103203
256,B,momentum,kospi_return_1d,0.003085814416408539
256,B,momentum,fx_level_z_252,-0.0056587387807667255
256,B,persist,kospi_return_1d,-0.0032778067979961634
256,B,persist,fx_level_z_252,0.0040049441158771515
256,B,underwater,kospi_return_1d,-0.0003804090665653348
256,B,underwater,fx_level_z_252,-0.02903876267373562
256,alpha,,kospi_return_1d,0.03493848443031311
256,alpha,,fx_level_z_252,0.033303290605545044
257,beta,momentum,,-0.03183163329958916
257,beta,persist,,0.1143808364868164
257,beta,underwater,,0.02765105664730072
257,B,momentum,kospi_return_1d,0.003069350030273199
257,B,momentum,fx_level_z_252,-0.005982082802802324
257,B,persist,kospi_return_1d,-0.003088446334004402
257,B,persist,fx_level_z_252,0.003949887119233608
257,B,underwater,kospi_return_1d,-0.00027278426568955183
257,B,underwater,fx_level_z_252,-0.028682107105851173
257,alpha,,kospi_return_1d,0.0347970649600029
257,alpha,,fx_level_z_252,0.033609796315431595
258,beta,momentum,,-0.031813737004995346
258,beta,persist,,0.11433737725019455
258,beta,underwater,,0.027734199538826942
258,B,momentum,kospi_return_1d,0.0030497610569000244
258,B,momentum,fx_level_z_252,-0.006246853154152632
258,B,persist,kospi_return_1d,-0.002988779451698065
258,B,persist,fx_level_z_252,0.003918276634067297
258,B,underwater,kospi_return_1d,-6.368681351887062e-05
258,B,underwater,fx_level_z_252,-0.028515314683318138
258,alpha,,kospi_return_1d,0.03471607714891434
258,alpha,,fx_level_z_252,0.03384927287697792
259,beta,momentum,,-0.0318739116191864
259,beta,persist,,0.11441362649202347
259,beta,underwater,,0.02779460698366165
259,B,momentum,kospi_return_1d,0.003042462281882763
259,B,momentum,fx_level_z_252,-0.006455921567976475
259,B,persist,kospi_return_1d,-0.0028383955359458923
259,B,persist,fx_level_z_252,0.0038225639145821333
259,B,underwater,kospi_return_1d,0.00019193781190551817
259,B,underwater,fx_level_z_252,-0.028482800349593163
259,alpha,,kospi_return_1d,0.03444983810186386
259,alpha,,fx_level_z_252,0.03396276757121086
260,beta,momentum,,-0.032046277076005936
260,beta,persist,,0.1145360991358757
260,beta,underwater,,0.027883557602763176
260,B,momentum,kospi_return_1d,0.003043373581022024
260,B,momentum,fx_level_z_252,-0.00647416478022933
260,B,persist,kospi_return_1d,-0.00275587709620595
260,B,persist,fx_level_z_252,0.0038468772545456886
260,B,underwater,kospi_return_1d,0.0003179291670676321
260,B,underwater,fx_level_z_252,-0.02856152318418026
260,alpha,,kospi_return_1d,0.03410939872264862
260,alpha,,fx_level_z_252,0.03423643484711647
261,beta,momentum,,-0.03226080164313316
261,beta,persist,,0.11469531804323196
261,beta,underwater,,0.027985665947198868
261,B,momentum,kospi_return_1d,0.003117492888122797
261,B,momentum,fx_level_z_252,-0.006383736617863178
261,B,persist,kospi_return_1d,-0.002673112554475665
261,B,persist,fx_level_z_252,0.0038441927172243595
261,B,underwater,kospi_return_1d,0.00032312667462974787
261,B,underwater,fx_level_z_252,-0.028633268550038338
261,alpha,,kospi_return_1d,0.03360180929303169
261,alpha,,fx_level_z_252,0.03460414335131645
262,beta,momentum,,-0.03252096101641655
262,beta,persist,,0.1148192435503006
262,beta,underwater,,0.02807903289794922
262,B,momentum,kospi_return_1d,0.0031011824030429125
262,B,momentum,fx_level_z_252,-0.006308688782155514
262,B,persist,kospi_return_1d,-0.002443049568682909
262,B,persist,fx_level_z_252,0.003700431203469634
262,B,underwater,kospi_return_1d,0.00029233217355795205
262,B,underwater,fx_level_z_252,-0.02870304137468338
262,alpha,,kospi_return_1d,0.03314352035522461
262,alpha,,fx_level_z_252,0.034946080297231674
263,beta,momentum,,-0.03265544772148132
263,beta,persist,,0.11480756849050522
263,beta,underwater,,0.028073325753211975
263,B,momentum,kospi_return_1d,0.003011604305356741
263,B,momentum,fx_level_z_252,-0.0063140178099274635
263,B,persist,kospi_return_1d,-0.0023306135553866625
263,B,persist,fx_level_z_252,0.0036539400462061167
263,B,underwater,kospi_return_1d,0.00026012840680778027
263,B,underwater,fx_level_z_252,-0.02867906168103218
263,alpha,,kospi_return_1d,0.03284231200814247
263,alpha,,fx_level_z_252,0.03507194668054581
264,beta,momentum,,-0.032800592482089996
264,beta,persist,,0.11483380943536758
264,beta,underwater,,0.027966968715190887
264,B,momentum,kospi_return_1d,0.002783723408356309
264,B,momentum,fx_level_z_252,-0.006181946024298668
264,B,persist,kospi_return_1d,-0.00212307833135128
264,B,persist,fx_level_z_252,0.0035533341579139233
264,B,underwater,kospi_return_1d,0.000404096907004714
264,B,underwater,fx_level_z_252,-0.0286574587225914
264,alpha,,kospi_return_1d,0.03262412175536156
264,alpha,,fx_level_z_252,0.03502765670418739
265,beta,momentum,,-0.03294867277145386
265,beta,persist,,0.11496767401695251
265,beta,underwater,,0.02792162448167801
265,B,momentum,kospi_return_1d,0.002501305192708969
265,B,momentum,fx_level_z_252,-0.006202373653650284
265,B,persist,kospi_return_1d,-0.0018014432862401009
265,B,persist,fx_level_z_252,0.003494383068755269
265,B,underwater,kospi_return_1d,0.0003961994661949575
265,B,underwater,fx_level_z_252,-0.02864718623459339
265,alpha,,kospi_return_1d,0.03241826593875885
265,alpha,,fx_level_z_252,0.03501330316066742
266,beta,momentum,,-0.03308296576142311
266,beta,persist,,0.11507859081029892
266,beta,underwater,,0.027834519743919373
266,B,momentum,kospi_return_1d,0.002193065360188484
266,B,momentum,fx_level_z_252,-0.006117325276136398
266,B,persist,kospi_return_1d,-0.0014317481545731425
266,B,persist,fx_level_z_252,0.003394070779904723
266,B,underwater,kospi_return_1d,0.0004860454355366528
266,B,underwater,fx_level_z_252,-0.028756344690918922
266,alpha,,kospi_return_1d,0.0322347991168499
266,alpha,,fx_level_z_252,0.0349893793463707
267,beta,momentum,,-0.03318510204553604
267,beta,persist,,0.11518093943595886
267,beta,underwater,,0.027784353122115135
267,B,momentum,kospi_return_1d,0.0018850533524528146
267,B,momentum,fx_level_z_252,-0.006101498380303383
267,B,persist,kospi_return_1d,-0.0010133367031812668
267,B,persist,fx_level_z_252,0.003430514130741358
267,B,underwater,kospi_return_1d,0.0005887476727366447
267,B,underwater,fx_level_z_252,-0.028975415974855423
267,alpha,,kospi_return_1d,0.03207619860768318
267,alpha,,fx_level_z_252,0.03503189608454704
268,beta,momentum,,-0.033039700239896774
268,beta,persist,,0.11523456126451492
268,beta,underwater,,0.027614213526248932
268,B,momentum,kospi_return_1d,0.0017143333097919822
268,B,momentum,fx_level_z_252,-0.006301186978816986
268,B,persist,kospi_return_1d,-0.000761381525080651
268,B,persist,fx_level_z_252,0.0034919935278594494
268,B,underwater,kospi_return_1d,0.0005280615878291428
268,B,underwater,fx_level_z_252,-0.02914891205728054
268,alpha,,kospi_return_1d,0.03198864683508873
268,alpha,,fx_level_z_252,0.034850891679525375
269,beta,momentum,,-0.032811447978019714
269,beta,persist,,0.1152736023068428
269,beta,underwater,,0.02746889740228653
269,B,momentum,kospi_return_1d,0.0017024308908730745
269,B,momentum,fx_level_z_252,-0.0063606146723032
269,B,persist,kospi_return_1d,-0.0005947544705122709
269,B,persist,fx_level_z_252,0.0036961270961910486
269,B,underwater,kospi_return_1d,0.0003145826340187341
269,B,underwater,fx_level_z_252,-0.02925206907093525
269,alpha,,kospi_return_1d,0.03190957382321358
269,alpha,,fx_level_z_252,0.034680113196372986
270,beta,momentum,,-0.032570306211709976
270,beta,persist,,0.11526529490947723
270,beta,underwater,,0.027199119329452515
270,B,momentum,kospi_return_1d,0.0017314266879111528
270,B,momentum,fx_level_z_252,-0.0064695668406784534
270,B,persist,kospi_return_1d,-0.0004783057956956327
270,B,persist,fx_level_z_252,0.003928312566131353
270,B,underwater,kospi_return_1d,9.211379801854491e-05
270,B,underwater,fx_level_z_252,-0.029335541650652885
270,alpha,,kospi_return_1d,0.03194265812635422
270,alpha,,fx_level_z_252,0.03445478528738022
271,beta,momentum,,-0.032069552689790726
271,beta,persist,,0.11511003971099854
271,beta,underwater,,0.026854487136006355
271,B,momentum,kospi_return_1d,0.0018261631485074759
271,B,momentum,fx_level_z_252,-0.006698732264339924
271,B,persist,kospi_return_1d,-0.00031330669298768044
271,B,persist,fx_level_z_252,0.003939615562558174
271,B,underwater,kospi_return_1d,-0.00019670705660246313
271,B,underwater,fx_level_z_252,-0.029382804408669472
271,alpha,,kospi_return_1d,0.03227152302861214
271,alpha,,fx_level_z_252,0.03414887934923172
272,beta,momentum,,-0.031645555049180984
272,beta,persist,,0.1149025559425354
272,beta,underwater,,0.026632865890860558
272,B,momentum,kospi_return_1d,0.0019061457132920623
272,B,momentum,fx_level_z_252,-0.006914391648024321
272,B,persist,kospi_return_1d,-0.00026984221767634153
272,B,persist,fx_level_z_252,0.004130335059016943
272,B,underwater,kospi_return_1d,-0.0004285318427719176
272,B,underwater,fx_level_z_252,-0.029378587380051613
272,alpha,,kospi_return_1d,0.03267824277281761
272,alpha,,fx_level_z_252,0.03392750397324562
273,beta,momentum,,-0.031551752239465714
273,beta,persist,,0.11473720520734787
273,beta,underwater,,0.02656296268105507
273,B,momentum,kospi_return_1d,0.0020563132129609585
273,B,momentum,fx_level_z_252,-0.007189522031694651
273,B,persist,kospi_return_1d,-0.0003141181659884751
273,B,persist,fx_level_z_252,0.004426535218954086
273,B,underwater,kospi_return_1d,-0.0005949859041720629
273,B,underwater,fx_level_z_252,-0.029208041727542877
273,alpha,,kospi_return_1d,0.03298691287636757
273,alpha,,fx_level_z_252,0.033868636935949326
274,beta,momentum,,-0.031535983085632324
274,beta,persist,,0.11459788680076599
274,beta,underwater,,0.026605945080518723
274,B,momentum,kospi_return_1d,0.0021993902046233416
274,B,momentum,fx_level_z_252,-0.007407080382108688
274,B,persist,kospi_return_1d,-0.00030359887750819325
274,B,persist,fx_level_z_252,0.004724890924990177
274,B,underwater,kospi_return_1d,-0.0006913394900038838
274,B,underwater,fx_level_z_252,-0.02907341532409191
274,alpha,,kospi_return_1d,0.03331935033202171
274,alpha,,fx_level_z_252,0.033937860280275345
275,beta,momentum,,-0.03174085542559624
275,beta,persist,,0.11458703130483627
275,beta,underwater,,0.026759181171655655
275,B,momentum,kospi_return_1d,0.0022680286783725023
275,B,momentum,fx_level_z_252,-0.007448580116033554
275,B,persist,kospi_return_1d,-0.0002612320240586996
275,B,persist,fx_level_z_252,0.004722702782601118
275,B,underwater,kospi_return_1d,-0.0006179573247209191
275,B,underwater,fx_level_z_252,-0.02899393066763878
275,alpha,,kospi_return_1d,0.03346367925405502
275,alpha,,fx_level_z_252,0.0339641198515892
276,beta,momentum,,-0.031919922679662704
276,beta,persist,,0.11459845304489136
276,beta,underwater,,0.026783090084791183
276,B,momentum,kospi_return_1d,0.0022616502828896046
276,B,momentum,fx_level_z_252,-0.007342719938606024
276,B,persist,kospi_return_1d,-0.00011672596156131476
276,B,persist,fx_level_z_252,0.004663755185902119
276,B,underwater,kospi_return_1d,-0.0003998378524556756
276,B,underwater,fx_level_z_252,-0.028988534584641457
276,alpha,,kospi_return_1d,0.0335102304816246
276,alpha,,fx_level_z_252,0.033904582262039185
277,beta,momentum,,-0.032155781984329224
277,beta,persist,,0.1146126314997673
277,beta,underwater,,0.026843680068850517
277,B,momentum,kospi_return_1d,0.002500969683751464
277,B,momentum,fx_level_z_252,-0.007263834588229656
277,B,persist,kospi_return_1d,-0.0001256680698134005
277,B,persist,fx_level_z_252,0.004545313771814108
277,B,underwater,kospi_return_1d,-0.00022521540813613683
277,B,underwater,fx_level_z_252,-0.028947507962584496
277,alpha,,kospi_return_1d,0.033375974744558334
277,alpha,,fx_level_z_252,0.033790331333875656
278,beta,momentum,,-0.032384179532527924
278,beta,persist,,0.11465327441692352
278,beta,underwater,,0.026930855587124825
278,B,momentum,kospi_return_1d,0.002673615235835314
278,B,momentum,fx_level_z_252,-0.007189642172306776
278,B,persist,kospi_return_1d,-0.0001855748996604234
278,B,persist,fx_level_z_252,0.004523749463260174
278,B,underwater,kospi_return_1d,-3.118399763479829e-05
278,B,underwater,fx_level_z_252,-0.028878824785351753
278,alpha,,kospi_return_1d,0.03313273563981056
278,alpha,,fx_level_z_252,0.033765438944101334
279,beta,momentum,,-0.032641056925058365
279,beta,persist,,0.11466867476701736
279,beta,underwater,,0.02709168568253517
279,B,momentum,kospi_return_1d,0.0027096469420939684
279,B,momentum,fx_level_z_252,-0.007210420910269022
279,B,persist,kospi_return_1d,-0.0002061406266875565
279,B,persist,fx_level_z_252,0.00461833318695426
279,B,underwater,kospi_return_1d,0.00017473215120844543
279,B,underwater,fx_level_z_252,-0.028666416183114052
279,alpha,,kospi_return_1d,0.03285495564341545
279,alpha,,fx_level_z_252,0.033712320029735565
280,beta,momentum,,-0.032916683703660965
280,beta,persist,,0.1146494671702385
280,beta,underwater,,0.027109934017062187
280,B,momentum,kospi_return_1d,0.0025793341919779778
280,B,momentum,fx_level_z_252,-0.0073137409053742886
280,B,persist,kospi_return_1d,-0.00037202663952484727
280,B,persist,fx_level_z_252,0.004775415640324354
280,B,underwater,kospi_return_1d,0.00022419790911953896
280,B,underwater,fx_level_z_252,-0.028521351516246796
280,alpha,,kospi_return_1d,0.032567333430051804
280,alpha,,fx_level_z_252,0.03370862081646919
281,beta,momentum,,-0.0329754613339901
281,beta,persist,,0.11458592861890793
281,beta,underwater,,0.027075709775090218
281,B,momentum,kospi_return_1d,0.0025433513801544905
281,B,momentum,fx_level_z_252,-0.007385002449154854
281,B,persist,kospi_return_1d,-0.00046132999705150723
281,B,persist,fx_level_z_252,0.0048540555872023106
281,B,underwater,kospi_return_1d,0.00014904324780218303
281,B,underwater,fx_level_z_252,-0.028630327433347702
281,alpha,,kospi_return_1d,0.03253583237528801
281,alpha,,fx_level_z_252,0.03374021127820015
282,beta,momentum,,-0.03305179625749588
282,beta,persist,,0.11453186720609665
282,beta,underwater,,0.026979215443134308
282,B,momentum,kospi_return_1d,0.0026126429438591003
282,B,momentum,fx_level_z_252,-0.007399614900350571
282,B,persist,kospi_return_1d,-0.0007545846165157855
282,B,persist,fx_level_z_252,0.005069209728389978
282,B,underwater,kospi_return_1d,-5.078055983176455e-05
282,B,underwater,fx_level_z_252,-0.02884332835674286
282,alpha,,kospi_return_1d,0.03265147656202316
282,alpha,,fx_level_z_252,0.03382034972310066
283,beta,momentum,,-0.03311244025826454
283,beta,persist,,0.11442899703979492
283,beta,underwater,,0.026810551062226295
283,B,momentum,kospi_return_1d,0.0027475873939692974
283,B,momentum,fx_level_z_252,-0.007363194599747658
283,B,persist,kospi_return_1d,-0.0010904900263994932
283,B,persist,fx_level_z_252,0.0052858334966003895
283,B,underwater,kospi_return_1d,-0.00012962038454134017
283,B,underwater,fx_level_z_252,-0.029000984504818916
283,alpha,,kospi_return_1d,0.03276434168219566
283,alpha,,fx_level_z_252,0.03377683833241463
284,beta,momentum,,-0.03315401077270508
284,beta,persist,,0.11430582404136658
284,beta,underwater,,0.026515385136008263
284,B,momentum,kospi_return_1d,0.0028555134776979685
284,B,momentum,fx_level_z_252,-0.007276708725839853
284,B,persist,kospi_return_1d,-0.001448699738830328
284,B,persist,fx_level_z_252,0.0053026145324110985
284,B,underwater,kospi_return_1d,-7.728808850515634e-05
284,B,underwater,fx_level_z_252,-0.02941747196018696
284,alpha,,kospi_return_1d,0.032855063676834106
284,alpha,,fx_level_z_252,0.03351302072405815
285,beta,momentum,,-0.033194251358509064
285,beta,persist,,0.11423823237419128
285,beta,underwater,,0.026216620579361916
285,B,momentum,kospi_return_1d,0.0029458689969033003
285,B,momentum,fx_level_z_252,-0.007268734276294708
285,B,persist,kospi_return_1d,-0.0017512548947706819
285,B,persist,fx_level_z_252,0.005181274376809597
285,B,underwater,kospi_return_1d,-0.0001033856242429465
285,B,underwater,fx_level_z_252,-0.029789285734295845
285,alpha,,kospi_return_1d,0.03289169818162918
285,alpha,,fx_level_z_252,0.03323690965771675
286,beta,momentum,,-0.0332937054336071
286,beta,persist,,0.11425020545721054
286,beta,underwater,,0.025960370898246765
286,B,momentum,kospi_return_1d,0.0028082835488021374
286,B,momentum,fx_level_z_252,-0.007202679291367531
286,B,persist,kospi_return_1d,-0.0020824228413403034
286,B,persist,fx_level_z_252,0.004983317106962204
286,B,underwater,kospi_return_1d,-4.0525268559576944e-05
286,B,underwater,fx_level_z_252,-0.03017446957528591
286,alpha,,kospi_return_1d,0.03293709456920624
286,alpha,,fx_level_z_252,0.033006083220243454
287,beta,momentum,,-0.03343913331627846
287,beta,persist,,0.11425032466650009
287,beta,underwater,,0.025843480601906776
287,B,momentum,kospi_return_1d,0.0025778140407055616
287,B,momentum,fx_level_z_252,-0.0069917961955070496
287,B,persist,kospi_return_1d,-0.0021797316148877144
287,B,persist,fx_level_z_252,0.004735107067972422
287,B,underwater,kospi_return_1d,5.621469608740881e-05
287,B,underwater,fx_level_z_252,-0.03048005886375904
287,alpha,,kospi_return_1d,0.03303225710988045
287,alpha,,fx_level_z_252,0.032867878675460815
288,beta,momentum,,-0.03358396515250206
288,beta,persist,,0.11414624750614166
288,beta,underwater,,0.0259319506585598
288,B,momentum,kospi_return_1d,0.0023692103568464518
288,B,momentum,fx_level_z_252,-0.006821518763899803
288,B,persist,kospi_return_1d,-0.0021082377061247826
288,B,persist,fx_level_z_252,0.004628240596503019
288,B,underwater,kospi_return_1d,5.9953308664262295e-06
288,B,underwater,fx_level_z_252,-0.03051021695137024
288,alpha,,kospi_return_1d,0.03331275284290314
288,alpha,,fx_level_z_252,0.032667867839336395
289,beta,momentum,,-0.03360709547996521
289,beta,persist,,0.11401359736919403
289,beta,underwater,,0.026008374989032745
289,B,momentum,kospi_return_1d,0.002050460083410144
289,B,momentum,fx_level_z_252,-0.006727314088493586
289,B,persist,kospi_return_1d,-0.0018843695288524032
289,B,persist,fx_level_z_252,0.004583665169775486
289,B,underwater,kospi_return_1d,7.648472092114389e-05
289,B,underwater,fx_level_z_252,-0.03049250692129135
289,alpha,,kospi_return_1d,0.033616188913583755
289,alpha,,fx_level_z_252,0.0322953499853611
290,beta,momentum,,-0.033620379865169525
290,beta,persist,,0.11384442448616028
290,beta,underwater,,0.02617439068853855
290,B,momentum,kospi_return_1d,0.0018042571609839797
290,B,momentum,fx_level_z_252,-0.0066515253856778145
290,B,persist,kospi_return_1d,-0.0017126882448792458
290,B,persist,fx_level_z_252,0.0045636240392923355
290,B,underwater,kospi_return_1d,3.0006513043190353e-05
290,B,underwater,fx_level_z_252,-0.030388513579964638
290,alpha,,kospi_return_1d,0.03395741805434227
290,alpha,,fx_level_z_252,0.03196769207715988
291,beta,momentum,,-0.033731043338775635
291,beta,persist,,0.1136975958943367
291,beta,underwater,,0.02633015811443329
291,B,momentum,kospi_return_1d,0.0016669128090143204
291,B,momentum,fx_level_z_252,-0.006623470690101385
291,B,persist,kospi_return_1d,-0.001334987347945571
291,B,persist,fx_level_z_252,0.004564657341688871
291,B,underwater,kospi_return_1d,-3.940093665733002e-05
291,B,underwater,fx_level_z_252,-0.03031739592552185
291,alpha,,kospi_return_1d,0.0342729426920414
291,alpha,,fx_level_z_252,0.03160875290632248
292,beta,momentum,,-0.03377906233072281
292,beta,persist,,0.11352337151765823
292,beta,underwater,,0.026476603001356125
292,B,momentum,kospi_return_1d,0.001708464347757399
292,B,momentum,fx_level_z_252,-0.006540711037814617
292,B,persist,kospi_return_1d,-0.0010332479141652584
292,B,persist,fx_level_z_252,0.004474175162613392
292,B,underwater,kospi_return_1d,-1.7417807612218894e-05
292,B,underwater,fx_level_z_252,-0.030440937727689743
292,alpha,,kospi_return_1d,0.0345885306596756
292,alpha,,fx_level_z_252,0.03147859126329422
293,beta,momentum,,-0.03381945565342903
293,beta,persist,,0.11341250687837601
293,beta,underwater,,0.026670757681131363
293,B,momentum,kospi_return_1d,0.0018573732813820243
293,B,momentum,fx_level_z_252,-0.006518050096929073
293,B,persist,kospi_return_1d,-0.0009332044865004718
293,B,persist,fx_level_z_252,0.00426471559330821
293,B,underwater,kospi_return_1d,-6.375532393576577e-05
293,B,underwater,fx_level_z_252,-0.030415190383791924
293,alpha,,kospi_return_1d,0.03484633192420006
293,alpha,,fx_level_z_252,0.031540535390377045
294,beta,momentum,,-0.03369838371872902
294,beta,persist,,0.11338725686073303
294,beta,underwater,,0.026819070801138878
294,B,momentum,kospi_return_1d,0.002264139475300908
294,B,momentum,fx_level_z_252,-0.006673560012131929
294,B,persist,kospi_return_1d,-0.0011327292304486036
294,B,persist,fx_level_z_252,0.004161057528108358
294,B,underwater,kospi_return_1d,-0.00022847155923955142
294,B,underwater,fx_level_z_252,-0.03035796619951725
294,alpha,,kospi_return_1d,0.03509373590350151
294,alpha,,fx_level_z_252,0.031707365065813065
295,beta,momentum,,-0.03360264003276825
295,beta,persist,,0.11338341236114502
295,beta,underwater,,0.027032487094402313
295,B,momentum,kospi_return_1d,0.002675495343282819
295,B,momentum,fx_level_z_252,-0.007082734256982803
295,B,persist,kospi_return_1d,-0.0012757026124745607
295,B,persist,fx_level_z_252,0.00420290557667613
295,B,underwater,kospi_return_1d,-0.00048133451491594315
295,B,underwater,fx_level_z_252,-0.030134394764900208
295,alpha,,kospi_return_1d,0.03531815856695175
295,alpha,,fx_level_z_252,0.03187615051865578
296,beta,momentum,,-0.03344837203621864
296,beta,persist,,0.11332317441701889
296,beta,underwater,,0.02706545777618885
296,B,momentum,kospi_return_1d,0.002863989444449544
296,B,momentum,fx_level_z_252,-0.007551703602075577
296,B,persist,kospi_return_1d,-0.001260586897842586
296,B,persist,fx_level_z_252,0.004375571385025978
296,B,underwater,kospi_return_1d,-0.00039013769128359854
296,B,underwater,fx_level_z_252,-0.029992401599884033
296,alpha,,kospi_return_1d,0.03552297130227089
296,alpha,,fx_level_z_252,0.03207584470510483
297,beta,momentum,,-0.03324894607067108
297,beta,persist,,0.1132885292172432
297,beta,underwater,,0.02708613872528076
297,B,momentum,kospi_return_1d,0.0031653870828449726
297,B,momentum,fx_level_z_252,-0.00797698087990284
297,B,persist,kospi_return_1d,-0.001317935180850327
297,B,persist,fx_level_z_252,0.004586926661431789
297,B,underwater,kospi_return_1d,-0.0002965860767289996
297,B,underwater,fx_level_z_252,-0.02987194061279297
297,alpha,,kospi_return_1d,0.03568292781710625
297,alpha,,fx_level_z_252,0.03228333964943886
298,beta,momentum,,-0.03306450694799423
298,beta,persist,,0.11336682736873627
298,beta,underwater,,0.027205495163798332
298,B,momentum,kospi_return_1d,0.003438990330323577
298,B,momentum,fx_level_z_252,-0.00841322261840105
298,B,persist,kospi_return_1d,-0.0014153852825984359
298,B,persist,fx_level_z_252,0.004760117270052433
298,B,underwater,kospi_return_1d,-0.0001635176013223827
298,B,underwater,fx_level_z_252,-0.029660547152161598
298,alpha,,kospi_return_1d,0.035768721252679825
298,alpha,,fx_level_z_252,0.032592497766017914
299,beta,momentum,,-0.0328984335064888
299,beta,persist,,0.11341377347707748
299,beta,underwater,,0.027245108038187027
299,B,momentum,kospi_return_1d,0.0036466391757130623
299,B,momentum,fx_level_z_252,-0.008618153631687164
299,B,persist,kospi_return_1d,-0.0016879590693861246
299,B,persist,fx_level_z_252,0.004915712866932154
299,B,underwater,kospi_return_1d,0.00022495642770081758
299,B,underwater,fx_level_z_252,-0.029677389189600945
299,alpha,,kospi_return_1d,0.03583366423845291
299,alpha,,fx_level_z_252,0.03285611420869827
300,beta,momentum,,-0.03280509263277054
300,beta,persist,,0.11349744349718094
300,beta,underwater,,0.027265453711152077
300,B,momentum,kospi_return_1d,0.003826814005151391
300,B,momentum,fx_level_z_252,-0.008715605363249779
300,B,persist,kospi_return_1d,-0.0020502787083387375
300,B,persist,fx_level_z_252,0.005076614208519459
300,B,underwater,kospi_return_1d,0.00027965029585175216
300,B,underwater,fx_level_z_252,-0.02976803481578827
300,alpha,,kospi_return_1d,0.035793717950582504
300,alpha,,fx_level_z_252,0.03329133242368698
