epoch,parameter,feature,context,weight
0,beta,momentum,,0.0
0,beta,persist,,0.0
0,beta,underwater,,0.0
0,B,momentum,kospi_return_1d,0.0
0,B,momentum,fx_level_z_252,0.0
0,B,persist,kospi_return_1d,0.0
0,B,persist,fx_level_z_252,0.0
0,B,underwater,kospi_return_1d,0.0
0,B,underwater,fx_level_z_252,0.0
0,alpha,,kospi_return_1d,0.0
0,alpha,,fx_level_z_252,0.0
1,beta,momentum,,-0.0019996250048279762
1,beta,persist,,0.002000408712774515
1,beta,underwater,,0.0019108960404992104
1,B,momentum,kospi_return_1d,0.0004448357503861189
1,B,momentum,fx_level_z_252,-0.0003471608506515622
1,B,persist,kospi_return_1d,0.0020008503925055265
1,B,persist,fx_level_z_252,-0.0020011928863823414
1,B,underwater,kospi_return_1d,-0.0013426863588392735
1,B,underwater,fx_level_z_252,0.0010522729717195034
1,alpha,,kospi_return_1d,-0.0019876037258654833
1,alpha,,fx_level_z_252,0.0019757230766117573
2,beta,momentum,,-0.00396181084215641
2,beta,persist,,0.003963924013078213
2,beta,underwater,,0.0036915582604706287
2,B,momentum,kospi_return_1d,-0.0005043473793193698
2,B,momentum,fx_level_z_252,0.0009854405652731657
2,B,persist,kospi_return_1d,0.003819758305326104
2,B,persist,fx_level_z_252,-0.003963710740208626
2,B,underwater,kospi_return_1d,-0.0018784150015562773
2,B,underwater,fx_level_z_252,0.0012557951267808676
2,alpha,,kospi_return_1d,-0.0036742836236953735
2,alpha,,fx_level_z_252,0.0039025754667818546
3,beta,momentum,,-0.00585784949362278
3,beta,persist,,0.005899528972804546
3,beta,underwater,,0.005414012353867292
3,B,momentum,kospi_return_1d,-0.0009647397673688829
3,B,momentum,fx_level_z_252,0.002281981287524104
3,B,persist,kospi_return_1d,0.0055733066983520985
3,B,persist,fx_level_z_252,-0.005627223290503025
3,B,underwater,kospi_return_1d,-0.0018732245080173016
3,B,underwater,fx_level_z_252,0.0012444524327293038
3,alpha,,kospi_return_1d,-0.005140979308634996
3,alpha,,fx_level_z_252,0.005786591675132513
4,beta,momentum,,-0.007702138740569353
4,beta,persist,,0.007824609987437725
4,beta,underwater,,0.007144094444811344
4,B,momentum,kospi_return_1d,-0.0011136374669149518
4,B,momentum,fx_level_z_252,0.003548799082636833
4,B,persist,kospi_return_1d,0.006798914633691311
4,B,persist,fx_level_z_252,-0.007258178666234016
4,B,underwater,kospi_return_1d,-0.00170049793086946
4,B,underwater,fx_level_z_252,0.001040999311953783
4,alpha,,kospi_return_1d,-0.006485363934189081
4,alpha,,fx_level_z_252,0.007649092469364405
5,beta,momentum,,-0.009532341733574867
5,beta,persist,,0.009755096398293972
5,beta,underwater,,0.008909329771995544
5,B,momentum,kospi_return_1d,-0.0007457518950104713
5,B,momentum,fx_level_z_252,0.004628853406757116
5,B,persist,kospi_return_1d,0.007396646775305271
5,B,persist,fx_level_z_252,-0.00879587884992361
5,B,underwater,kospi_return_1d,-0.002125483239069581
5,B,underwater,fx_level_z_252,0.0010416550794616342
5,alpha,,kospi_return_1d,-0.007934280671179295
5,alpha,,fx_level_z_252,0.009532084688544273
6,beta,momentum,,-0.011323493905365467
6,beta,persist,,0.011660278774797916
6,beta,underwater,,0.010638217441737652
6,B,momentum,kospi_return_1d,-0.00024417450185865164
6,B,momentum,fx_level_z_252,0.00547263165935874
6,B,persist,kospi_return_1d,0.008016631938517094
6,B,persist,fx_level_z_252,-0.010199947282671928
6,B,underwater,kospi_return_1d,-0.002407012740150094
6,B,underwater,fx_level_z_252,0.0011098941322416067
6,alpha,,kospi_return_1d,-0.009353899396955967
6,alpha,,fx_level_z_252,0.011396372690796852
7,beta,momentum,,-0.013041866011917591
7,beta,persist,,0.01353519968688488
7,beta,underwater,,0.012240785174071789
7,B,momentum,kospi_return_1d,0.00019054111908189952
7,B,momentum,fx_level_z_252,0.00634792260825634
7,B,persist,kospi_return_1d,0.008520095609128475
7,B,persist,fx_level_z_252,-0.011501873843371868
7,B,underwater,kospi_return_1d,-0.0025103415828198195
7,B,underwater,fx_level_z_252,0.0007348288781940937
7,alpha,,kospi_return_1d,-0.01070916373282671
7,alpha,,fx_level_z_252,0.013221079483628273
8,beta,momentum,,-0.014603856019675732
8,beta,persist,,0.01536466646939516
8,beta,underwater,,0.013738882727921009
8,B,momentum,kospi_return_1d,0.000526856747455895
8,B,momentum,fx_level_z_252,0.007171490229666233
8,B,persist,kospi_return_1d,0.009157219901680946
8,B,persist,fx_level_z_252,-0.01261462364345789
8,B,underwater,kospi_return_1d,-0.002296997467055917
8,B,underwater,fx_level_z_252,0.0001971478050108999
8,alpha,,kospi_return_1d,-0.011894317343831062
8,alpha,,fx_level_z_252,0.01499144732952118
9,beta,momentum,,-0.01607426069676876
9,beta,persist,,0.017121916636824608
9,beta,underwater,,0.015119551680982113
9,B,momentum,kospi_return_1d,0.0009629396954551339
9,B,momentum,fx_level_z_252,0.00794003251940012
9,B,persist,kospi_return_1d,0.009562886320054531
9,B,persist,fx_level_z_252,-0.013473798520863056
9,B,underwater,kospi_return_1d,-0.001991677563637495
9,B,underwater,fx_level_z_252,-0.0005551697686314583
9,alpha,,kospi_return_1d,-0.012880629859864712
9,alpha,,fx_level_z_252,0.016724014654755592
10,beta,momentum,,-0.017450643703341484
10,beta,persist,,0.018819987773895264
10,beta,underwater,,0.016381949186325073
10,B,momentum,kospi_return_1d,0.001417153631336987
10,B,momentum,fx_level_z_252,0.00883125513792038
10,B,persist,kospi_return_1d,0.009837368503212929
10,B,persist,fx_level_z_252,-0.014249489642679691
10,B,underwater,kospi_return_1d,-0.0015407719183713198
10,B,underwater,fx_level_z_252,-0.0013829295057803392
10,alpha,,kospi_return_1d,-0.013711025007069111
10,alpha,,fx_level_z_252,0.018362388014793396
11,beta,momentum,,-0.018744051456451416
11,beta,persist,,0.02049724943935871
11,beta,underwater,,0.01754981279373169
11,B,momentum,kospi_return_1d,0.0019151114393025637
11,B,momentum,fx_level_z_252,0.009670395404100418
11,B,persist,kospi_return_1d,0.010008426383137703
11,B,persist,fx_level_z_252,-0.014989862218499184
11,B,underwater,kospi_return_1d,-0.0010883695213124156
11,B,underwater,fx_level_z_252,-0.002218419685959816
11,alpha,,kospi_return_1d,-0.014423768036067486
11,alpha,,fx_level_z_252,0.019951187074184418
12,beta,momentum,,-0.019931809976696968
12,beta,persist,,0.022153940051794052
12,beta,underwater,,0.018623974174261093
12,B,momentum,kospi_return_1d,0.002436145907267928
12,B,momentum,fx_level_z_252,0.010394035838544369
12,B,persist,kospi_return_1d,0.010009907186031342
12,B,persist,fx_level_z_252,-0.01571516878902912
12,B,underwater,kospi_return_1d,-0.0005599032156169415
12,B,underwater,fx_level_z_252,-0.0031197078060358763
12,alpha,,kospi_return_1d,-0.015043319202959538
12,alpha,,fx_level_z_252,0.021471239626407623
13,beta,momentum,,-0.020975813269615173
13,beta,persist,,0.023771319538354874
13,beta,underwater,,0.019671378657221794
13,B,momentum,kospi_return_1d,0.003009115345776081
13,B,momentum,fx_level_z_252,0.010822740383446217
13,B,persist,kospi_return_1d,0.009916380979120731
13,B,persist,fx_level_z_252,-0.01616489514708519
13,B,underwater,kospi_return_1d,3.643165109679103e-05
13,B,underwater,fx_level_z_252,-0.004042120184749365
13,alpha,,kospi_return_1d,-0.015491201542317867
13,alpha,,fx_level_z_252,0.022921310737729073
14,beta,momentum,,-0.02191774547100067
14,beta,persist,,0.02533341571688652
14,beta,underwater,,0.020603077486157417
14,B,momentum,kospi_return_1d,0.0034635826013982296
14,B,momentum,fx_level_z_252,0.01117541454732418
14,B,persist,kospi_return_1d,0.009820702485740185
14,B,persist,fx_level_z_252,-0.016423020511865616
14,B,underwater,kospi_return_1d,0.0006397489341907203
14,B,underwater,fx_level_z_252,-0.004939919337630272
14,alpha,,kospi_return_1d,-0.01579314097762108
14,alpha,,fx_level_z_252,0.024264557287096977
15,beta,momentum,,-0.022757956758141518
15,beta,persist,,0.026828529313206673
15,beta,underwater,,0.02139090560376644
15,B,momentum,kospi_return_1d,0.003992768004536629
15,B,momentum,fx_level_z_252,0.011562050320208073
15,B,persist,kospi_return_1d,0.009396223351359367
15,B,persist,fx_level_z_252,-0.016451170668005943
15,B,underwater,kospi_return_1d,0.0010465076193213463
15,B,underwater,fx_level_z_252,-0.005821868311613798
15,alpha,,kospi_return_1d,-0.01581854186952114
15,alpha,,fx_level_z_252,0.0255318321287632
16,beta,momentum,,-0.023404087871313095
16,beta,persist,,0.02823452465236187
16,beta,underwater,,0.022031385451555252
16,B,momentum,kospi_return_1d,0.0042808642610907555
16,B,momentum,fx_level_z_252,0.011713800951838493
16,B,persist,kospi_return_1d,0.008948463946580887
16,B,persist,fx_level_z_252,-0.016166940331459045
16,B,underwater,kospi_return_1d,0.0015989136882126331
16,B,underwater,fx_level_z_252,-0.006645123474299908
16,alpha,,kospi_return_1d,-0.015610471367835999
16,alpha,,fx_level_z_252,0.026730025187134743
17,beta,momentum,,-0.0238675344735384
17,beta,persist,,0.029591785743832588
17,beta,underwater,,0.022518504410982132
17,B,momentum,kospi_return_1d,0.004439640790224075
17,B,momentum,fx_level_z_252,0.012028409168124199
17,B,persist,kospi_return_1d,0.008636816404759884
17,B,persist,fx_level_z_252,-0.01580691710114479
17,B,underwater,kospi_return_1d,0.0022788632195442915
17,B,underwater,fx_level_z_252,-0.007703911513090134
17,alpha,,kospi_return_1d,-0.015233093872666359
17,alpha,,fx_level_z_252,0.027801422402262688
18,beta,momentum,,-0.024141082540154457
18,beta,persist,,0.0308979582041502
18,beta,underwater,,0.02290605753660202
18,B,momentum,kospi_return_1d,0.004583811853080988
18,B,momentum,fx_level_z_252,0.012307580560445786
18,B,persist,kospi_return_1d,0.00821770541369915
18,B,persist,fx_level_z_252,-0.015385018661618233
18,B,underwater,kospi_return_1d,0.0028992588631808758
18,B,underwater,fx_level_z_252,-0.00876899715512991
18,alpha,,kospi_return_1d,-0.014720912091434002
18,alpha,,fx_level_z_252,0.02867722697556019
19,beta,momentum,,-0.02434692718088627
19,beta,persist,,0.032129377126693726
19,beta,underwater,,0.02321857586503029
19,B,momentum,kospi_return_1d,0.0047235493548214436
19,B,momentum,fx_level_z_252,0.012397575192153454
19,B,persist,kospi_return_1d,0.007693200837820768
19,B,persist,fx_level_z_252,-0.014707515016198158
19,B,underwater,kospi_return_1d,0.0032506247516721487
19,B,underwater,fx_level_z_252,-0.009665988385677338
19,alpha,,kospi_return_1d,-0.013986455276608467
19,alpha,,fx_level_z_252,0.029401039704680443
20,beta,momentum,,-0.024472152814269066
20,beta,persist,,0.03336255997419357
20,beta,underwater,,0.023489464074373245
20,B,momentum,kospi_return_1d,0.004676170647144318
20,B,momentum,fx_level_z_252,0.012305538170039654
20,B,persist,kospi_return_1d,0.00703857745975256
20,B,persist,fx_level_z_252,-0.014014910906553268
20,B,underwater,kospi_return_1d,0.0036758841015398502
20,B,underwater,fx_level_z_252,-0.010600545443594456
20,alpha,,kospi_return_1d,-0.013268052600324154
20,alpha,,fx_level_z_252,0.03010682202875614
21,beta,momentum,,-0.024581601843237877
21,beta,persist,,0.034599315375089645
21,beta,underwater,,0.023800602182745934
21,B,momentum,kospi_return_1d,0.00465339794754982
21,B,momentum,fx_level_z_252,0.012159316800534725
21,B,persist,kospi_return_1d,0.006424747407436371
21,B,persist,fx_level_z_252,-0.013396171852946281
21,B,underwater,kospi_return_1d,0.004012707620859146
21,B,underwater,fx_level_z_252,-0.011382853612303734
21,alpha,,kospi_return_1d,-0.01257791742682457
21,alpha,,fx_level_z_252,0.030785780400037766
22,beta,momentum,,-0.024679889902472496
22,beta,persist,,0.03582579270005226
22,beta,underwater,,0.02407030388712883
22,B,momentum,kospi_return_1d,0.0045766024850308895
22,B,momentum,fx_level_z_252,0.012053987942636013
22,B,persist,kospi_return_1d,0.006117379758507013
22,B,persist,fx_level_z_252,-0.012791049666702747
22,B,underwater,kospi_return_1d,0.004307345021516085
22,B,underwater,fx_level_z_252,-0.01219381857663393
22,alpha,,kospi_return_1d,-0.01189198438078165
22,alpha,,fx_level_z_252,0.031457625329494476
23,beta,momentum,,-0.024758966639637947
23,beta,persist,,0.03705805540084839
23,beta,underwater,,0.024262256920337677
23,B,momentum,kospi_return_1d,0.004388624802231789
23,B,momentum,fx_level_z_252,0.011874355375766754
23,B,persist,kospi_return_1d,0.0060634491965174675
23,B,persist,fx_level_z_252,-0.012195604853332043
23,B,underwater,kospi_return_1d,0.004651431459933519
23,B,underwater,fx_level_z_252,-0.013055462390184402
23,alpha,,kospi_return_1d,-0.01122728269547224
23,alpha,,fx_level_z_252,0.03208170458674431
24,beta,momentum,,-0.024795303121209145
24,beta,persist,,0.03824641928076744
24,beta,underwater,,0.02444583922624588
24,B,momentum,kospi_return_1d,0.00440631341189146
24,B,momentum,fx_level_z_252,0.011350925080478191
24,B,persist,kospi_return_1d,0.005768002476543188
24,B,persist,fx_level_z_252,-0.01156321819871664
24,B,underwater,kospi_return_1d,0.004723804071545601
24,B,underwater,fx_level_z_252,-0.013737648725509644
24,alpha,,kospi_return_1d,-0.01044466719031334
24,alpha,,fx_level_z_252,0.032736532390117645
25,beta,momentum,,-0.0248152706772089
25,beta,persist,,0.03940217196941376
25,beta,underwater,,0.02468818612396717
25,B,momentum,kospi_return_1d,0.004523423500359058
25,B,momentum,fx_level_z_252,0.01079255249351263
25,B,persist,kospi_return_1d,0.0053607262670993805
25,B,persist,fx_level_z_252,-0.010975256562232971
25,B,underwater,kospi_return_1d,0.0045811450108885765
25,B,underwater,fx_level_z_252,-0.014342204667627811
25,alpha,,kospi_return_1d,-0.009669788181781769
25,alpha,,fx_level_z_252,0.03336973860859871
26,beta,momentum,,-0.02488706447184086
26,beta,persist,,0.04052088037133217
26,beta,underwater,,0.02491632290184498
26,B,momentum,kospi_return_1d,0.004692524671554565
26,B,momentum,fx_level_z_252,0.010304795578122139
26,B,persist,kospi_return_1d,0.005064056254923344
26,B,persist,fx_level_z_252,-0.01030883938074112
26,B,underwater,kospi_return_1d,0.004342128522694111
26,B,underwater,fx_level_z_252,-0.014894114807248116
26,alpha,,kospi_return_1d,-0.008883245289325714
26,alpha,,fx_level_z_252,0.034064460545778275
27,beta,momentum,,-0.02490353211760521
27,beta,persist,,0.04163019359111786
27,beta,underwater,,0.025072680786252022
27,B,momentum,kospi_return_1d,0.004794116131961346
27,B,momentum,fx_level_z_252,0.00986388884484768
27,B,persist,kospi_return_1d,0.005040407180786133
27,B,persist,fx_level_z_252,-0.00990229845046997
27,B,underwater,kospi_return_1d,0.0042229038663208485
27,B,underwater,fx_level_z_252,-0.015474021434783936
27,alpha,,kospi_return_1d,-0.008008724078536034
27,alpha,,fx_level_z_252,0.03459880128502846
28,beta,momentum,,-0.024877648800611496
28,beta,persist,,0.04275331646203995
28,beta,underwater,,0.025133458897471428
28,B,momentum,kospi_return_1d,0.004724294412881136
28,B,momentum,fx_level_z_252,0.00968127977102995
28,B,persist,kospi_return_1d,0.0051459576934576035
28,B,persist,fx_level_z_252,-0.009619763121008873
28,B,underwater,kospi_return_1d,0.004187136888504028
28,B,underwater,fx_level_z_252,-0.016203511506319046
28,alpha,,kospi_return_1d,-0.007273969240486622
28,alpha,,fx_level_z_252,0.035045940428972244
29,beta,momentum,,-0.02477356791496277
29,beta,persist,,0.043853070586919785
29,beta,underwater,,0.02532348223030567
29,B,momentum,kospi_return_1d,0.0047048903070390224
29,B,momentum,fx_level_z_252,0.009346110746264458
29,B,persist,kospi_return_1d,0.005182669498026371
29,B,persist,fx_level_z_252,-0.009243843145668507
29,B,underwater,kospi_return_1d,0.004081987775862217
29,B,underwater,fx_level_z_252,-0.016700010746717453
29,alpha,,kospi_return_1d,-0.006577870808541775
29,alpha,,fx_level_z_252,0.03546110540628433
30,beta,momentum,,-0.024729179218411446
30,beta,persist,,0.0449225977063179
30,beta,underwater,,0.02552797645330429
30,B,momentum,kospi_return_1d,0.004838828928768635
30,B,momentum,fx_level_z_252,0.008992757648229599
30,B,persist,kospi_return_1d,0.0049720630049705505
30,B,persist,fx_level_z_252,-0.008866292424499989
30,B,underwater,kospi_return_1d,0.003746143775060773
30,B,underwater,fx_level_z_252,-0.01712496392428875
30,alpha,,kospi_return_1d,-0.0058811563067138195
30,alpha,,fx_level_z_252,0.035835523158311844
31,beta,momentum,,-0.024540256708860397
31,beta,persist,,0.045980170369148254
31,beta,underwater,,0.025723867118358612
31,B,momentum,kospi_return_1d,0.004806559067219496
31,B,momentum,fx_level_z_252,0.008463590405881405
31,B,persist,kospi_return_1d,0.004784011282026768
31,B,persist,fx_level_z_252,-0.008477757684886456
31,B,underwater,kospi_return_1d,0.003516613971441984
31,B,underwater,fx_level_z_252,-0.017429009079933167
31,alpha,,kospi_return_1d,-0.005167499650269747
31,alpha,,fx_level_z_252,0.036194294691085815
32,beta,momentum,,-0.024323519319295883
32,beta,persist,,0.04703114181756973
32,beta,underwater,,0.025884555652737617
32,B,momentum,kospi_return_1d,0.004785627592355013
32,B,momentum,fx_level_z_252,0.00786119420081377
32,B,persist,kospi_return_1d,0.004614843986928463
32,B,persist,fx_level_z_252,-0.008084312081336975
32,B,underwater,kospi_return_1d,0.0033279992640018463
32,B,underwater,fx_level_z_252,-0.01770678348839283
32,alpha,,kospi_return_1d,-0.004397489596158266
32,alpha,,fx_level_z_252,0.03645269572734833
33,beta,momentum,,-0.02404654398560524
33,beta,persist,,0.04807679355144501
33,beta,underwater,,0.026055924594402313
33,B,momentum,kospi_return_1d,0.004599826876074076
33,B,momentum,fx_level_z_252,0.007307598367333412
33,B,persist,kospi_return_1d,0.004580019041895866
33,B,persist,fx_level_z_252,-0.007807116489857435
33,B,underwater,kospi_return_1d,0.0032983701676130295
33,B,underwater,fx_level_z_252,-0.01801452785730362
33,alpha,,kospi_return_1d,-0.003705952549353242
33,alpha,,fx_level_z_252,0.03672722727060318
34,beta,momentum,,-0.023730238899588585
34,beta,persist,,0.049106333404779434
34,beta,underwater,,0.026090728119015694
34,B,momentum,kospi_return_1d,0.004495999775826931
34,B,momentum,fx_level_z_252,0.0069701713509857655
34,B,persist,kospi_return_1d,0.004444356542080641
34,B,persist,fx_level_z_252,-0.007729851175099611
34,B,underwater,kospi_return_1d,0.0032555554062128067
34,B,underwater,fx_level_z_252,-0.018460845574736595
34,alpha,,kospi_return_1d,-0.0029589731711894274
34,alpha,,fx_level_z_252,0.03693065419793129
35,beta,momentum,,-0.023460883647203445
35,beta,persist,,0.05016165226697922
35,beta,underwater,,0.02612380124628544
35,B,momentum,kospi_return_1d,0.004276500549167395
35,B,momentum,fx_level_z_252,0.006786113139241934
35,B,persist,kospi_return_1d,0.0042939861305058
35,B,persist,fx_level_z_252,-0.007730064447969198
35,B,underwater,kospi_return_1d,0.00329211144708097
35,B,underwater,fx_level_z_252,-0.019024131819605827
35,alpha,,kospi_return_1d,-0.0023366310633718967
35,alpha,,fx_level_z_252,0.037131134420633316
36,beta,momentum,,-0.023196881636977196
36,beta,persist,,0.051190752536058426
36,beta,underwater,,0.026088761165738106
36,B,momentum,kospi_return_1d,0.004072767682373524
36,B,momentum,fx_level_z_252,0.006571052595973015
36,B,persist,kospi_return_1d,0.004021977074444294
36,B,persist,fx_level_z_252,-0.007654749322682619
36,B,underwater,kospi_return_1d,0.0033148492220789194
36,B,underwater,fx_level_z_252,-0.019518256187438965
36,alpha,,kospi_return_1d,-0.0017670518718659878
36,alpha,,fx_level_z_252,0.03735552728176117
37,beta,momentum,,-0.022958749905228615
37,beta,persist,,0.052234575152397156
37,beta,underwater,,0.026174794882535934
37,B,momentum,kospi_return_1d,0.0038828847464174032
37,B,momentum,fx_level_z_252,0.006058263126760721
37,B,persist,kospi_return_1d,0.0036613764241337776
37,B,persist,fx_level_z_252,-0.007438678294420242
37,B,underwater,kospi_return_1d,0.0033029254991561174
37,B,underwater,fx_level_z_252,-0.019721774384379387
37,alpha,,kospi_return_1d,-0.0012834568042308092
37,alpha,,fx_level_z_252,0.03752502053976059
38,beta,momentum,,-0.022697800770401955
38,beta,persist,,0.0532580204308033
38,beta,underwater,,0.026265818625688553
38,B,momentum,kospi_return_1d,0.0037208865396678448
38,B,momentum,fx_level_z_252,0.00554081192240119
38,B,persist,kospi_return_1d,0.0033442990388721228
38,B,persist,fx_level_z_252,-0.0072475094348192215
38,B,underwater,kospi_return_1d,0.0033392240293323994
38,B,underwater,fx_level_z_252,-0.019896887242794037
38,alpha,,kospi_return_1d,-0.0007234974764287472
38,alpha,,fx_level_z_252,0.03767222911119461
39,beta,momentum,,-0.022411055862903595
39,beta,persist,,0.05428067222237587
39,beta,underwater,,0.026427870616316795
39,B,momentum,kospi_return_1d,0.0034776702523231506
39,B,momentum,fx_level_z_252,0.0050752735696733
39,B,persist,kospi_return_1d,0.00307213282212615
39,B,persist,fx_level_z_252,-0.007162636611610651
39,B,underwater,kospi_return_1d,0.0033657769672572613
39,B,underwater,fx_level_z_252,-0.020024575293064117
39,alpha,,kospi_return_1d,-0.00012878287816420197
39,alpha,,fx_level_z_252,0.03777921944856644
40,beta,momentum,,-0.022119829431176186
40,beta,persist,,0.05529480800032616
40,beta,underwater,,0.026577115058898926
40,B,momentum,kospi_return_1d,0.0032668225467205048
40,B,momentum,fx_level_z_252,0.004810432903468609
40,B,persist,kospi_return_1d,0.002803846262395382
40,B,persist,fx_level_z_252,-0.00695214094594121
40,B,underwater,kospi_return_1d,0.0034346648026257753
40,B,underwater,fx_level_z_252,-0.020313603803515434
40,alpha,,kospi_return_1d,0.000551188422832638
40,alpha,,fx_level_z_252,0.03778459131717682
41,beta,momentum,,-0.0216952133923769
41,beta,persist,,0.05623229593038559
41,beta,underwater,,0.026710620149970055
41,B,momentum,kospi_return_1d,0.0030122387688606977
41,B,momentum,fx_level_z_252,0.004523588344454765
41,B,persist,kospi_return_1d,0.0025215186178684235
41,B,persist,fx_level_z_252,-0.0065979245118796825
41,B,underwater,kospi_return_1d,0.0035185771994292736
41,B,underwater,fx_level_z_252,-0.020584966987371445
41,alpha,,kospi_return_1d,0.0012136752484366298
41,alpha,,fx_level_z_252,0.03776288032531738
42,beta,momentum,,-0.021358110010623932
42,beta,persist,,0.05714600533246994
42,beta,underwater,,0.026910768821835518
42,B,momentum,kospi_return_1d,0.0028388178907334805
42,B,momentum,fx_level_z_252,0.004211308900266886
42,B,persist,kospi_return_1d,0.0023178192786872387
42,B,persist,fx_level_z_252,-0.0062338560819625854
42,B,underwater,kospi_return_1d,0.0035587388556450605
42,B,underwater,fx_level_z_252,-0.020724905654788017
42,alpha,,kospi_return_1d,0.0018504391191527247
42,alpha,,fx_level_z_252,0.03774009272456169
43,beta,momentum,,-0.02093624323606491
43,beta,persist,,0.058020882308483124
43,beta,underwater,,0.02697225660085678
43,B,momentum,kospi_return_1d,0.002513288985937834
43,B,momentum,fx_level_z_252,0.004123116843402386
43,B,persist,kospi_return_1d,0.0022069402039051056
43,B,persist,fx_level_z_252,-0.005964004434645176
43,B,underwater,kospi_return_1d,0.0036595973651856184
43,B,underwater,fx_level_z_252,-0.021105464547872543
43,alpha,,kospi_return_1d,0.002407057909294963
43,alpha,,fx_level_z_252,0.03765126317739487
44,beta,momentum,,-0.020553436130285263
44,beta,persist,,0.05894871801137924
44,beta,underwater,,0.027172287926077843
44,B,momentum,kospi_return_1d,0.0024021475110203028
44,B,momentum,fx_level_z_252,0.004028143361210823
44,B,persist,kospi_return_1d,0.002016649814322591
44,B,persist,fx_level_z_252,-0.005665330216288567
44,B,underwater,kospi_return_1d,0.0034794253297150135
44,B,underwater,fx_level_z_252,-0.021415000781416893
44,alpha,,kospi_return_1d,0.0028470908291637897
44,alpha,,fx_level_z_252,0.03769580274820328
45,beta,momentum,,-0.020216582342982292
45,beta,persist,,0.059891387820243835
45,beta,underwater,,0.02737305499613285
45,B,momentum,kospi_return_1d,0.0022460236214101315
45,B,momentum,fx_level_z_252,0.004081591498106718
45,B,persist,kospi_return_1d,0.0018161589978262782
45,B,persist,fx_level_z_252,-0.005347555503249168
45,B,underwater,kospi_return_1d,0.0031480351462960243
45,B,underwater,fx_level_z_252,-0.021787960082292557
45,alpha,,kospi_return_1d,0.0032566592562943697
45,alpha,,fx_level_z_252,0.037819985300302505
46,beta,momentum,,-0.019850943237543106
46,beta,persist,,0.060848549008369446
46,beta,underwater,,0.027478625997900963
46,B,momentum,kospi_return_1d,0.0019578656647354364
46,B,momentum,fx_level_z_252,0.004243769217282534
46,B,persist,kospi_return_1d,0.0017296344740316272
46,B,persist,fx_level_z_252,-0.00505545549094677
46,B,underwater,kospi_return_1d,0.002968206536024809
46,B,underwater,fx_level_z_252,-0.022213764488697052
46,alpha,,kospi_return_1d,0.003574137343093753
46,alpha,,fx_level_z_252,0.037981145083904266
47,beta,momentum,,-0.019568994641304016
47,beta,persist,,0.061702463775873184
47,beta,underwater,,0.02770397812128067
47,B,momentum,kospi_return_1d,0.0016964689129963517
47,B,momentum,fx_level_z_252,0.0042829252779483795
47,B,persist,kospi_return_1d,0.0017541631823405623
47,B,persist,fx_level_z_252,-0.004666778724640608
47,B,underwater,kospi_return_1d,0.002771900501102209
47,B,underwater,fx_level_z_252,-0.022485148161649704
47,alpha,,kospi_return_1d,0.003936640918254852
47,alpha,,fx_level_z_252,0.038170572370290756
48,beta,momentum,,-0.0193231962621212
48,beta,persist,,0.06246006116271019
48,beta,underwater,,0.027825599536299706
48,B,momentum,kospi_return_1d,0.0015154790598899126
48,B,momentum,fx_level_z_252,0.00433454941958189
48,B,persist,kospi_return_1d,0.0018512285314500332
48,B,persist,fx_level_z_252,-0.004366584587842226
48,B,underwater,kospi_return_1d,0.0025469381362199783
48,B,underwater,fx_level_z_252,-0.022824052721261978
48,alpha,,kospi_return_1d,0.004347471985965967
48,alpha,,fx_level_z_252,0.0382617749273777
49,beta,momentum,,-0.01906382106244564
49,beta,persist,,0.06312966346740723
49,beta,underwater,,0.027855686843395233
49,B,momentum,kospi_return_1d,0.001417960156686604
49,B,momentum,fx_level_z_252,0.004276282619684935
49,B,persist,kospi_return_1d,0.0018410542979836464
49,B,persist,fx_level_z_252,-0.004023511428385973
49,B,underwater,kospi_return_1d,0.002273717662319541
49,B,underwater,fx_level_z_252,-0.023050973191857338
49,alpha,,kospi_return_1d,0.004977827426046133
49,alpha,,fx_level_z_252,0.0383293591439724
50,beta,momentum,,-0.018846167251467705
50,beta,persist,,0.06382856518030167
50,beta,underwater,,0.02785940282046795
50,B,momentum,kospi_return_1d,0.001293325680308044
50,B,momentum,fx_level_z_252,0.004126780666410923
50,B,persist,kospi_return_1d,0.0018195336451753974
50,B,persist,fx_level_z_252,-0.003646047320216894
50,B,underwater,kospi_return_1d,0.00199752114713192
50,B,underwater,fx_level_z_252,-0.023172874003648758
50,alpha,,kospi_return_1d,0.0055961040779948235
50,alpha,,fx_level_z_252,0.038376323878765106
51,beta,momentum,,-0.018696721643209457
51,beta,persist,,0.06456942111253738
51,beta,underwater,,0.027801718562841415
51,B,momentum,kospi_return_1d,0.0010728157358244061
51,B,momentum,fx_level_z_252,0.0039940932765603065
51,B,persist,kospi_return_1d,0.0018108462681993842
51,B,persist,fx_level_z_252,-0.0033520993310958147
51,B,underwater,kospi_return_1d,0.0017659999430179596
51,B,underwater,fx_level_z_252,-0.023338476195931435
51,alpha,,kospi_return_1d,0.006048973184078932
51,alpha,,fx_level_z_252,0.038372546434402466
52,beta,momentum,,-0.018627481535077095
52,beta,persist,,0.0652938187122345
52,beta,underwater,,0.02783733233809471
52,B,momentum,kospi_return_1d,0.0008586716139689088
52,B,momentum,fx_level_z_252,0.003845500061288476
52,B,persist,kospi_return_1d,0.001929274178110063
52,B,persist,fx_level_z_252,-0.003024799982085824
52,B,underwater,kospi_return_1d,0.001508867833763361
52,B,underwater,fx_level_z_252,-0.023437678813934326
52,alpha,,kospi_return_1d,0.0064679840579628944
52,alpha,,fx_level_z_252,0.03834013268351555
53,beta,momentum,,-0.018714074045419693
53,beta,persist,,0.06601276993751526
53,beta,underwater,,0.027999544516205788
53,B,momentum,kospi_return_1d,0.0006277682259678841
53,B,momentum,fx_level_z_252,0.003540303558111191
53,B,persist,kospi_return_1d,0.0018686337862163782
53,B,persist,fx_level_z_252,-0.0026519151870161295
53,B,underwater,kospi_return_1d,0.0011886461870744824
53,B,underwater,fx_level_z_252,-0.023376954719424248
53,alpha,,kospi_return_1d,0.006813173182308674
53,alpha,,fx_level_z_252,0.038448359817266464
54,beta,momentum,,-0.018798019737005234
54,beta,persist,,0.06673664599657059
54,beta,underwater,,0.0280391164124012
54,B,momentum,kospi_return_1d,0.00030626694206148386
54,B,momentum,fx_level_z_252,0.0032438491471111774
54,B,persist,kospi_return_1d,0.0019593629986047745
54,B,persist,fx_level_z_252,-0.0025634635239839554
54,B,underwater,kospi_return_1d,0.0011465938296169043
54,B,underwater,fx_level_z_252,-0.02342826873064041
54,alpha,,kospi_return_1d,0.0071792276576161385
54,alpha,,fx_level_z_252,0.03858225792646408
55,beta,momentum,,-0.018809419125318527
55,beta,persist,,0.06746158748865128
55,beta,underwater,,0.028019919991493225
55,B,momentum,kospi_return_1d,-7.092472515068948e-05
55,B,momentum,fx_level_z_252,0.00308059249073267
55,B,persist,kospi_return_1d,0.0021752025932073593
55,B,persist,fx_level_z_252,-0.0024688877165317535
55,B,underwater,kospi_return_1d,0.00120988127309829
55,B,underwater,fx_level_z_252,-0.023597143590450287
55,alpha,,kospi_return_1d,0.007425242103636265
55,alpha,,fx_level_z_252,0.03875725343823433
56,beta,momentum,,-0.01868864707648754
56,beta,persist,,0.0681474581360817
56,beta,underwater,,0.02787037193775177
56,B,momentum,kospi_return_1d,-0.00020004494581371546
56,B,momentum,fx_level_z_252,0.003043556585907936
56,B,persist,kospi_return_1d,0.0021733592730015516
56,B,persist,fx_level_z_252,-0.0020950932521373034
56,B,underwater,kospi_return_1d,0.0011162585578858852
56,B,underwater,fx_level_z_252,-0.023865267634391785
56,alpha,,kospi_return_1d,0.0076752626337111
56,alpha,,fx_level_z_252,0.03883917257189751
57,beta,momentum,,-0.018564442172646523
57,beta,persist,,0.06879280507564545
57,beta,underwater,,0.0276767760515213
57,B,momentum,kospi_return_1d,-0.00010737303819041699
57,B,momentum,fx_level_z_252,0.0029788517858833075
57,B,persist,kospi_return_1d,0.0019924063235521317
57,B,persist,fx_level_z_252,-0.001677622552961111
57,B,underwater,kospi_return_1d,0.000980798969976604
57,B,underwater,fx_level_z_252,-0.024056147783994675
57,alpha,,kospi_return_1d,0.008054704405367374
57,alpha,,fx_level_z_252,0.03882446140050888
58,beta,momentum,,-0.018432889133691788
58,beta,persist,,0.06940960884094238
58,beta,underwater,,0.02744445577263832
58,B,momentum,kospi_return_1d,1.5446803445229307e-05
58,B,momentum,fx_level_z_252,0.002854358870536089
58,B,persist,kospi_return_1d,0.0017854170873761177
58,B,persist,fx_level_z_252,-0.0012354602804407477
58,B,underwater,kospi_return_1d,0.0007829806418158114
58,B,underwater,fx_level_z_252,-0.024081524461507797
58,alpha,,kospi_return_1d,0.00833508837968111
58,alpha,,fx_level_z_252,0.038782574236392975
59,beta,momentum,,-0.018204884603619576
59,beta,persist,,0.07000186294317245
59,beta,underwater,,0.02721606008708477
59,B,momentum,kospi_return_1d,-2.245788164145779e-05
59,B,momentum,fx_level_z_252,0.002633843570947647
59,B,persist,kospi_return_1d,0.0016597491921857
59,B,persist,fx_level_z_252,-0.0007811799878254533
59,B,underwater,kospi_return_1d,0.0005817222408950329
59,B,underwater,fx_level_z_252,-0.024151796475052834
59,alpha,,kospi_return_1d,0.008604100905358791
59,alpha,,fx_level_z_252,0.03872574493288994
60,beta,momentum,,-0.018089374527335167
60,beta,persist,,0.07059595733880997
60,beta,underwater,,0.027040909975767136
60,B,momentum,kospi_return_1d,4.39619216194842e-05
60,B,momentum,fx_level_z_252,0.0024854654911905527
60,B,persist,kospi_return_1d,0.0016273536020889878
60,B,persist,fx_level_z_252,-0.0005191682139411569
60,B,underwater,kospi_return_1d,0.00021528279467020184
60,B,underwater,fx_level_z_252,-0.02420266903936863
60,alpha,,kospi_return_1d,0.00892539694905281
60,alpha,,fx_level_z_252,0.03863346204161644
61,beta,momentum,,-0.01797504723072052
61,beta,persist,,0.07116418331861496
61,beta,underwater,,0.026775071397423744
61,B,momentum,kospi_return_1d,0.00013307193876244128
61,B,momentum,fx_level_z_252,0.002507745986804366
61,B,persist,kospi_return_1d,0.001624840428121388
61,B,persist,fx_level_z_252,-0.0003388077602721751
61,B,underwater,kospi_return_1d,-8.434903429588303e-05
61,B,underwater,fx_level_z_252,-0.024426277726888657
61,alpha,,kospi_return_1d,0.009405333548784256
61,alpha,,fx_level_z_252,0.03850363940000534
62,beta,momentum,,-0.017738372087478638
62,beta,persist,,0.07173024863004684
62,beta,underwater,,0.026517802849411964
62,B,momentum,kospi_return_1d,0.00013803137699142098
62,B,momentum,fx_level_z_252,0.0025831374805420637
62,B,persist,kospi_return_1d,0.0016760551370680332
62,B,persist,fx_level_z_252,-0.00012548055383376777
62,B,underwater,kospi_return_1d,-0.0001442743232473731
62,B,underwater,fx_level_z_252,-0.024677244946360588
62,alpha,,kospi_return_1d,0.009859669953584671
62,alpha,,fx_level_z_252,0.03838455677032471
63,beta,momentum,,-0.017408613115549088
63,beta,persist,,0.07225298136472702
63,beta,underwater,,0.026284754276275635
63,B,momentum,kospi_return_1d,0.00027209942345507443
63,B,momentum,fx_level_z_252,0.0025114361196756363
63,B,persist,kospi_return_1d,0.0017527888994663954
63,B,persist,fx_level_z_252,3.447948256507516e-05
63,B,underwater,kospi_return_1d,-0.00014424386608880013
63,B,underwater,fx_level_z_252,-0.024909229949116707
63,alpha,,kospi_return_1d,0.010259993374347687
63,alpha,,fx_level_z_252,0.03820156678557396
64,beta,momentum,,-0.017062319442629814
64,beta,persist,,0.07277261465787888
64,beta,underwater,,0.026102988049387932
64,B,momentum,kospi_return_1d,0.00044365989742800593
64,B,momentum,fx_level_z_252,0.0024534077383577824
64,B,persist,kospi_return_1d,0.0017532386118546128
64,B,persist,fx_level_z_252,4.588030787999742e-05
64,B,underwater,kospi_return_1d,-6.14053278695792e-05
64,B,underwater,fx_level_z_252,-0.02516086772084236
64,alpha,,kospi_return_1d,0.01058674044907093
64,alpha,,fx_level_z_252,0.03795989975333214
65,beta,momentum,,-0.016699038445949554
65,beta,persist,,0.07331347465515137
65,beta,underwater,,0.02594849281013012
65,B,momentum,kospi_return_1d,0.000535506522282958
65,B,momentum,fx_level_z_252,0.0023626480251550674
65,B,persist,kospi_return_1d,0.0016106911934912205
65,B,persist,fx_level_z_252,-4.680914571508765e-06
65,B,underwater,kospi_return_1d,0.00012667664850596339
65,B,underwater,fx_level_z_252,-0.02527259662747383
65,alpha,,kospi_return_1d,0.010845495387911797
65,alpha,,fx_level_z_252,0.0377034917473793
66,beta,momentum,,-0.016475185751914978
66,beta,persist,,0.0738549530506134
66,beta,underwater,,0.025828462094068527
66,B,momentum,kospi_return_1d,0.0001925471588037908
66,B,momentum,fx_level_z_252,0.0023032384924590588
66,B,persist,kospi_return_1d,0.0018352674087509513
66,B,persist,fx_level_z_252,-0.00015000249550212175
66,B,underwater,kospi_return_1d,0.0003150584816467017
66,B,underwater,fx_level_z_252,-0.025504032149910927
66,alpha,,kospi_return_1d,0.011160612106323242
66,alpha,,fx_level_z_252,0.03750208392739296
67,beta,momentum,,-0.016292016953229904
67,beta,persist,,0.074439138174057
67,beta,underwater,,0.025873057544231415
67,B,momentum,kospi_return_1d,-0.00019725246238522232
67,B,momentum,fx_level_z_252,0.0021813749335706234
67,B,persist,kospi_return_1d,0.002106524771079421
67,B,persist,fx_level_z_252,-0.0003923870390281081
67,B,underwater,kospi_return_1d,0.0003715361235663295
67,B,underwater,fx_level_z_252,-0.025600992143154144
67,alpha,,kospi_return_1d,0.011372454464435577
67,alpha,,fx_level_z_252,0.03728537634015083
68,beta,momentum,,-0.016128050163388252
68,beta,persist,,0.07502826303243637
68,beta,underwater,,0.026120878756046295
68,B,momentum,kospi_return_1d,-0.00010598573862807825
68,B,momentum,fx_level_z_252,0.001876852591522038
68,B,persist,kospi_return_1d,0.002244172850623727
68,B,persist,fx_level_z_252,-0.0005740632768720388
68,B,underwater,kospi_return_1d,0.00020491886243689805
68,B,underwater,fx_level_z_252,-0.0253286175429821
68,alpha,,kospi_return_1d,0.01140064001083374
68,alpha,,fx_level_z_252,0.037108130753040314
69,beta,momentum,,-0.0160368699580431
69,beta,persist,,0.07552957534790039
69,beta,underwater,,0.026394039392471313
69,B,momentum,kospi_return_1d,0.0001467154361307621
69,B,momentum,fx_level_z_252,0.0016069483244791627
69,B,persist,kospi_return_1d,0.0022817712742835283
69,B,persist,fx_level_z_252,-0.0006837269174866378
69,B,underwater,kospi_return_1d,-0.00011573747178772464
69,B,underwater,fx_level_z_252,-0.02504654787480831
69,alpha,,kospi_return_1d,0.01151216495782137
69,alpha,,fx_level_z_252,0.03698187321424484
70,beta,momentum,,-0.016032645478844643
70,beta,persist,,0.07599078118801117
70,beta,underwater,,0.026597416028380394
70,B,momentum,kospi_return_1d,0.00045193408732302487
70,B,momentum,fx_level_z_252,0.0013614336494356394
70,B,persist,kospi_return_1d,0.002196639310568571
70,B,persist,fx_level_z_252,-0.00059462123317644
70,B,underwater,kospi_return_1d,-0.00042343634413555264
70,B,underwater,fx_level_z_252,-0.02474665269255638
70,alpha,,kospi_return_1d,0.01162279024720192
70,alpha,,fx_level_z_252,0.03688230738043785
71,beta,momentum,,-0.016086794435977936
71,beta,persist,,0.07648978382349014
71,beta,underwater,,0.026791082695126534
71,B,momentum,kospi_return_1d,0.0007000338518992066
71,B,momentum,fx_level_z_252,0.0011490093311294913
71,B,persist,kospi_return_1d,0.002100869081914425
71,B,persist,fx_level_z_252,-0.00047728134086355567
71,B,underwater,kospi_return_1d,-0.0004823528288397938
71,B,underwater,fx_level_z_252,-0.02440604940056801
71,alpha,,kospi_return_1d,0.011773452162742615
71,alpha,,fx_level_z_252,0.03678568825125694
72,beta,momentum,,-0.016098424792289734
72,beta,persist,,0.0769234374165535
72,beta,underwater,,0.026808347553014755
72,B,momentum,kospi_return_1d,0.0007772655226290226
72,B,momentum,fx_level_z_252,0.001006405451335013
72,B,persist,kospi_return_1d,0.0019294931553304195
72,B,persist,fx_level_z_252,-0.00029242748860269785
72,B,underwater,kospi_return_1d,-0.0003261231759097427
72,B,underwater,fx_level_z_252,-0.024205051362514496
72,alpha,,kospi_return_1d,0.011962121352553368
72,alpha,,fx_level_z_252,0.036638371646404266
73,beta,momentum,,-0.016087820753455162
73,beta,persist,,0.07733774930238724
73,beta,underwater,,0.026670701801776886
73,B,momentum,kospi_return_1d,0.0005757407052442431
73,B,momentum,fx_level_z_252,0.0009787266608327627
73,B,persist,kospi_return_1d,0.0018802396953105927
73,B,persist,fx_level_z_252,-5.8321718825027347e-05
73,B,underwater,kospi_return_1d,9.563840285409242e-05
73,B,underwater,fx_level_z_252,-0.02410009503364563
73,alpha,,kospi_return_1d,0.01209613960236311
73,alpha,,fx_level_z_252,0.03649571165442467
74,beta,momentum,,-0.016029663383960724
74,beta,persist,,0.07772442698478699
74,beta,underwater,,0.026514124125242233
74,B,momentum,kospi_return_1d,0.00020709958334919065
74,B,momentum,fx_level_z_252,0.001041217241436243
74,B,persist,kospi_return_1d,0.0020262522157281637
74,B,persist,fx_level_z_252,5.848164073540829e-05
74,B,underwater,kospi_return_1d,0.0005674005951732397
74,B,underwater,fx_level_z_252,-0.02421637997031212
74,alpha,,kospi_return_1d,0.012389769777655602
74,alpha,,fx_level_z_252,0.03635166957974434
75,beta,momentum,,-0.0159594789147377
75,beta,persist,,0.07812868803739548
75,beta,underwater,,0.026335379108786583
75,B,momentum,kospi_return_1d,-0.00017211581871379167
75,B,momentum,fx_level_z_252,0.0011707685189321637
75,B,persist,kospi_return_1d,0.002116361167281866
75,B,persist,fx_level_z_252,-1.3130276784067973e-05
75,B,underwater,kospi_return_1d,0.000925493601243943
75,B,underwater,fx_level_z_252,-0.0243284422904253
75,alpha,,kospi_return_1d,0.01274029165506363
75,alpha,,fx_level_z_252,0.036239493638277054
76,beta,momentum,,-0.015866074711084366
76,beta,persist,,0.07846210896968842
76,beta,underwater,,0.02622126042842865
76,B,momentum,kospi_return_1d,-0.00039646567893214524
76,B,momentum,fx_level_z_252,0.0012859408743679523
76,B,persist,kospi_return_1d,0.002171390922740102
76,B,persist,fx_level_z_252,-1.8353173800278455e-05
76,B,underwater,kospi_return_1d,0.001122772810049355
76,B,underwater,fx_level_z_252,-0.024433137848973274
76,alpha,,kospi_return_1d,0.013108239509165287
76,alpha,,fx_level_z_252,0.03608774021267891
77,beta,momentum,,-0.015900393947958946
77,beta,persist,,0.07883162051439285
77,beta,underwater,,0.02615009993314743
77,B,momentum,kospi_return_1d,-0.0004766852071043104
77,B,momentum,fx_level_z_252,0.0014314192812889814
77,B,persist,kospi_return_1d,0.0021091487724334
77,B,persist,fx_level_z_252,-0.0001821559708332643
77,B,underwater,kospi_return_1d,0.0012085193302482367
77,B,underwater,fx_level_z_252,-0.02455093525350094
77,alpha,,kospi_return_1d,0.013334019109606743
77,alpha,,fx_level_z_252,0.036026764661073685
78,beta,momentum,,-0.015930000692605972
78,beta,persist,,0.07923869043588638
78,beta,underwater,,0.026116421446204185
78,B,momentum,kospi_return_1d,-0.0004899082705378532
78,B,momentum,fx_level_z_252,0.0015296632191166282
78,B,persist,kospi_return_1d,0.002161017619073391
78,B,persist,fx_level_z_252,-0.000264298781985417
78,B,underwater,kospi_return_1d,0.001268233871087432
78,B,underwater,fx_level_z_252,-0.024582380428910255
78,alpha,,kospi_return_1d,0.013394012115895748
78,alpha,,fx_level_z_252,0.03591395169496536
79,beta,momentum,,-0.016025085002183914
79,beta,persist,,0.07962598651647568
79,beta,underwater,,0.02615066058933735
79,B,momentum,kospi_return_1d,-0.00042883705464191735
79,B,momentum,fx_level_z_252,0.0014735672157257795
79,B,persist,kospi_return_1d,0.002154228277504444
79,B,persist,fx_level_z_252,-8.90122028067708e-05
79,B,underwater,kospi_return_1d,0.0009991422994062304
79,B,underwater,fx_level_z_252,-0.024450093507766724
79,alpha,,kospi_return_1d,0.013525103218853474
79,alpha,,fx_level_z_252,0.03578247129917145
80,beta,momentum,,-0.016005253419280052
80,beta,persist,,0.08000857383012772
80,beta,underwater,,0.026232346892356873
80,B,momentum,kospi_return_1d,-0.0002442451077513397
80,B,momentum,fx_level_z_252,0.0013163809198886156
80,B,persist,kospi_return_1d,0.002237341133877635
80,B,persist,fx_level_z_252,0.0001286443293793127
80,B,underwater,kospi_return_1d,0.0007376068970188498
80,B,underwater,fx_level_z_252,-0.02428707666695118
80,alpha,,kospi_return_1d,0.013610275462269783
80,alpha,,fx_level_z_252,0.03573671355843544
81,beta,momentum,,-0.01606290228664875
81,beta,persist,,0.08040779829025269
81,beta,underwater,,0.026323996484279633
81,B,momentum,kospi_return_1d,-0.00013459155161399394
81,B,momentum,fx_level_z_252,0.001161277643404901
81,B,persist,kospi_return_1d,0.0023978238459676504
81,B,persist,fx_level_z_252,0.00011498267849674448
81,B,underwater,kospi_return_1d,0.0005713492864742875
81,B,underwater,fx_level_z_252,-0.024101970717310905
81,alpha,,kospi_return_1d,0.013682916760444641
81,alpha,,fx_level_z_252,0.03565550968050957
82,beta,momentum,,-0.0159715935587883
82,beta,persist,,0.08078906685113907
82,beta,underwater,,0.0263524129986763
82,B,momentum,kospi_return_1d,6.967079389141873e-05
82,B,momentum,fx_level_z_252,0.001031338470056653
82,B,persist,kospi_return_1d,0.0027149126399308443
82,B,persist,fx_level_z_252,-7.067866681609303e-05
82,B,underwater,kospi_return_1d,0.000523243157658726
82,B,underwater,fx_level_z_252,-0.024117950350046158
82,alpha,,kospi_return_1d,0.013833482749760151
82,alpha,,fx_level_z_252,0.035567522048950195
83,beta,momentum,,-0.01583496481180191
83,beta,persist,,0.08125471323728561
83,beta,underwater,,0.026426590979099274
83,B,momentum,kospi_return_1d,0.00028090219711884856
83,B,momentum,fx_level_z_252,0.0008483916753903031
83,B,persist,kospi_return_1d,0.0030850996263325214
83,B,persist,fx_level_z_252,-0.00012792786583304405
83,B,underwater,kospi_return_1d,0.0005499767721630633
83,B,underwater,fx_level_z_252,-0.024080373346805573
83,alpha,,kospi_return_1d,0.01389145664870739
83,alpha,,fx_level_z_252,0.03549051657319069
84,beta,momentum,,-0.015750648453831673
84,beta,persist,,0.0817556157708168
84,beta,underwater,,0.026464488357305527
84,B,momentum,kospi_return_1d,0.00046216591726988554
84,B,momentum,fx_level_z_252,0.0007097789784893394
84,B,persist,kospi_return_1d,0.0032416649628430605
84,B,persist,fx_level_z_252,2.812541788443923e-05
84,B,underwater,kospi_return_1d,0.00037133548175916076
84,B,underwater,fx_level_z_252,-0.024016711860895157
84,alpha,,kospi_return_1d,0.013751685619354248
84,alpha,,fx_level_z_252,0.03545626997947693
85,beta,momentum,,-0.01553268451243639
85,beta,persist,,0.0821586474776268
85,beta,underwater,,0.026439690962433815
85,B,momentum,kospi_return_1d,0.0005221961764618754
85,B,momentum,fx_level_z_252,0.0006019672146067023
85,B,persist,kospi_return_1d,0.0033547300845384598
85,B,persist,fx_level_z_252,0.00024862130521796644
85,B,underwater,kospi_return_1d,0.00011180846195202321
85,B,underwater,fx_level_z_252,-0.024103933945298195
85,alpha,,kospi_return_1d,0.013640569522976875
85,alpha,,fx_level_z_252,0.035368356853723526
86,beta,momentum,,-0.01533000823110342
86,beta,persist,,0.08251248300075531
86,beta,underwater,,0.026298202574253082
86,B,momentum,kospi_return_1d,0.0004660670820157975
86,B,momentum,fx_level_z_252,0.0005943585420027375
86,B,persist,kospi_return_1d,0.0034214630722999573
86,B,persist,fx_level_z_252,0.0001384385395795107
86,B,underwater,kospi_return_1d,-8.248002268373966e-05
86,B,underwater,fx_level_z_252,-0.024285532534122467
86,alpha,,kospi_return_1d,0.013601735234260559
86,alpha,,fx_level_z_252,0.03522258251905441
87,beta,momentum,,-0.01512695848941803
87,beta,persist,,0.082779161632061
87,beta,underwater,,0.026129543781280518
87,B,momentum,kospi_return_1d,0.00033062632428482175
87,B,momentum,fx_level_z_252,0.0006027424824424088
87,B,persist,kospi_return_1d,0.003735382342711091
87,B,persist,fx_level_z_252,-0.00013929058331996202
87,B,underwater,kospi_return_1d,-7.928911509225145e-05
87,B,underwater,fx_level_z_252,-0.024627016857266426
87,alpha,,kospi_return_1d,0.01381235383450985
87,alpha,,fx_level_z_252,0.03491223230957985
88,beta,momentum,,-0.014909133315086365
88,beta,persist,,0.08309600502252579
88,beta,underwater,,0.02591804973781109
88,B,momentum,kospi_return_1d,2.945488813566044e-05
88,B,momentum,fx_level_z_252,0.0006779773975722492
88,B,persist,kospi_return_1d,0.0040983292274177074
88,B,persist,fx_level_z_252,-0.00044657164835371077
88,B,underwater,kospi_return_1d,9.110123210120946e-05
88,B,underwater,fx_level_z_252,-0.025140905752778053
88,alpha,,kospi_return_1d,0.014085396192967892
88,alpha,,fx_level_z_252,0.034674473106861115
89,beta,momentum,,-0.014638335444033146
89,beta,persist,,0.08340414613485336
89,beta,underwater,,0.025737103074789047
89,B,momentum,kospi_return_1d,-8.944796718424186e-05
89,B,momentum,fx_level_z_252,0.0005526361637748778
89,B,persist,kospi_return_1d,0.004187112208455801
89,B,persist,fx_level_z_252,-0.00045782607048749924
89,B,underwater,kospi_return_1d,2.756594039965421e-05
89,B,underwater,fx_level_z_252,-0.02554534375667572
89,alpha,,kospi_return_1d,0.0143876438960433
89,alpha,,fx_level_z_252,0.03443937003612518
90,beta,momentum,,-0.014359688386321068
90,beta,persist,,0.08366727828979492
90,beta,underwater,,0.02548750676214695
90,B,momentum,kospi_return_1d,-0.0001486026303609833
90,B,momentum,fx_level_z_252,0.00039852154441177845
90,B,persist,kospi_return_1d,0.004141871351748705
90,B,persist,fx_level_z_252,-0.00020989500626455992
90,B,underwater,kospi_return_1d,-1.5137517038965598e-05
90,B,underwater,fx_level_z_252,-0.02580832503736019
90,alpha,,kospi_return_1d,0.014719800092279911
90,alpha,,fx_level_z_252,0.03414800763130188
91,beta,momentum,,-0.014184464700520039
91,beta,persist,,0.08399458229541779
91,beta,underwater,,0.025275642052292824
91,B,momentum,kospi_return_1d,-8.6791260400787e-05
91,B,momentum,fx_level_z_252,0.0003847937914542854
91,B,persist,kospi_return_1d,0.0040047126822173595
91,B,persist,fx_level_z_252,-7.269316120073199e-05
91,B,underwater,kospi_return_1d,-4.578502557706088e-05
91,B,underwater,fx_level_z_252,-0.02597026899456978
91,alpha,,kospi_return_1d,0.014878086745738983
91,alpha,,fx_level_z_252,0.0338616743683815
92,beta,momentum,,-0.01405391190201044
92,beta,persist,,0.08424634486436844
92,beta,underwater,,0.025140149518847466
92,B,momentum,kospi_return_1d,-7.42100746720098e-06
92,B,momentum,fx_level_z_252,0.00017673472757451236
92,B,persist,kospi_return_1d,0.0038926315028220415
92,B,persist,fx_level_z_252,7.171968172769994e-05
92,B,underwater,kospi_return_1d,-6.0581074649235234e-05
92,B,underwater,fx_level_z_252,-0.026062440127134323
92,alpha,,kospi_return_1d,0.015219641849398613
92,alpha,,fx_level_z_252,0.03369778394699097
93,beta,momentum,,-0.014125209301710129
93,beta,persist,,0.0845116451382637
93,beta,underwater,,0.025169840082526207
93,B,momentum,kospi_return_1d,4.7943532990757376e-05
93,B,momentum,fx_level_z_252,-0.0001086295087588951
93,B,persist,kospi_return_1d,0.0037059250753372908
93,B,persist,fx_level_z_252,0.00019128515850752592
93,B,underwater,kospi_return_1d,-6.439258868340403e-05
93,B,underwater,fx_level_z_252,-0.025938240811228752
93,alpha,,kospi_return_1d,0.015536549501121044
93,alpha,,fx_level_z_252,0.033716410398483276
94,beta,momentum,,-0.014329405501484871
94,beta,persist,,0.08483631908893585
94,beta,underwater,,0.02544420212507248
94,B,momentum,kospi_return_1d,0.00012712087482213974
94,B,momentum,fx_level_z_252,-0.00021417115931399167
94,B,persist,kospi_return_1d,0.003546977648511529
94,B,persist,fx_level_z_252,0.0001679438864812255
94,B,underwater,kospi_return_1d,-0.00014305481454357505
94,B,underwater,fx_level_z_252,-0.025574037805199623
94,alpha,,kospi_return_1d,0.01586744375526905
94,alpha,,fx_level_z_252,0.03372201696038246
95,beta,momentum,,-0.014523515477776527
95,beta,persist,,0.08515969663858414
95,beta,underwater,,0.025797724723815918
95,B,momentum,kospi_return_1d,0.0002868657174985856
95,B,momentum,fx_level_z_252,-0.00018600470502860844
95,B,persist,kospi_return_1d,0.0031651356257498264
95,B,persist,fx_level_z_252,0.00012675077596213669
95,B,underwater,kospi_return_1d,-0.0002818471984937787
95,B,underwater,fx_level_z_252,-0.02514643408358097
95,alpha,,kospi_return_1d,0.016221050173044205
95,alpha,,fx_level_z_252,0.03379248082637787
96,beta,momentum,,-0.014691673219203949
96,beta,persist,,0.08539824932813644
96,beta,underwater,,0.02617032825946808
96,B,momentum,kospi_return_1d,0.0002756533503998071
96,B,momentum,fx_level_z_252,2.7237998438067734e-05
96,B,persist,kospi_return_1d,0.0028945563826709986
96,B,persist,fx_level_z_252,0.00015242861991282552
96,B,underwater,kospi_return_1d,-0.0003370937192812562
96,B,underwater,fx_level_z_252,-0.024746116250753403
96,alpha,,kospi_return_1d,0.016581321135163307
96,alpha,,fx_level_z_252,0.033886950463056564
97,beta,momentum,,-0.014644318260252476
97,beta,persist,,0.08559197187423706
97,beta,underwater,,0.02634841948747635
97,B,momentum,kospi_return_1d,0.00027583749033510685
97,B,momentum,fx_level_z_252,0.0003552444977685809
97,B,persist,kospi_return_1d,0.002553527243435383
97,B,persist,fx_level_z_252,0.000195528962649405
97,B,underwater,kospi_return_1d,-0.0002743914956226945
97,B,underwater,fx_level_z_252,-0.024574531242251396
97,alpha,,kospi_return_1d,0.016784939914941788
97,alpha,,fx_level_z_252,0.0339643768966198
98,beta,momentum,,-0.01439659669995308
98,beta,persist,,0.08578762412071228
98,beta,underwater,,0.02636795863509178
98,B,momentum,kospi_return_1d,0.00037311975029297173
98,B,momentum,fx_level_z_252,0.00048278042231686413
98,B,persist,kospi_return_1d,0.0021899929270148277
98,B,persist,fx_level_z_252,0.00015132297994568944
98,B,underwater,kospi_return_1d,-0.00015141266339924186
98,B,underwater,fx_level_z_252,-0.024470524862408638
98,alpha,,kospi_return_1d,0.01697954349219799
98,alpha,,fx_level_z_252,0.03392616659402847
99,beta,momentum,,-0.014063467271625996
99,beta,persist,,0.08601777255535126
99,beta,underwater,,0.02632194384932518
99,B,momentum,kospi_return_1d,0.00043549196561798453
99,B,momentum,fx_level_z_252,0.0004917987389490008
99,B,persist,kospi_return_1d,0.0018435874953866005
99,B,persist,fx_level_z_252,-5.85964517085813e-06
99,B,underwater,kospi_return_1d,3.0127019272185862e-05
99,B,underwater,fx_level_z_252,-0.02446937933564186
99,alpha,,kospi_return_1d,0.01703433133661747
99,alpha,,fx_level_z_252,0.03398982435464859
100,beta,momentum,,-0.01381794735789299
100,beta,persist,,0.08628340065479279
100,beta,underwater,,0.026306958869099617
100,B,momentum,kospi_return_1d,0.0003261731471866369
100,B,momentum,fx_level_z_252,0.00025665698922239244
100,B,persist,kospi_return_1d,0.001482463558204472
100,B,persist,fx_level_z_252,-7.194569479906932e-05
100,B,underwater,kospi_return_1d,0.00014491798356175423
100,B,underwater,fx_level_z_252,-0.024344371631741524
100,alpha,,kospi_return_1d,0.01690269075334072
100,alpha,,fx_level_z_252,0.03400817885994911
101,beta,momentum,,-0.013498680666089058
101,beta,persist,,0.08648581057786942
101,beta,underwater,,0.026241440325975418
101,B,momentum,kospi_return_1d,0.00014481556718237698
101,B,momentum,fx_level_z_252,0.00014641352754551917
101,B,persist,kospi_return_1d,0.0011419482761994004
101,B,persist,fx_level_z_252,-7.598762022098526e-05
101,B,underwater,kospi_return_1d,0.00019984040409326553
101,B,underwater,fx_level_z_252,-0.02431829273700714
101,alpha,,kospi_return_1d,0.01694425940513611
101,alpha,,fx_level_z_252,0.03408798202872276
102,beta,momentum,,-0.013309694826602936
102,beta,persist,,0.08659049868583679
102,beta,underwater,,0.026093391701579094
102,B,momentum,kospi_return_1d,-0.00030885240994393826
102,B,momentum,fx_level_z_252,0.00019136544142384082
102,B,persist,kospi_return_1d,0.0009077738504856825
102,B,persist,fx_level_z_252,6.112279515946284e-05
102,B,underwater,kospi_return_1d,0.0004196090158075094
102,B,underwater,fx_level_z_252,-0.024298233911395073
102,alpha,,kospi_return_1d,0.016970431432127953
102,alpha,,fx_level_z_252,0.03421240672469139
103,beta,momentum,,-0.013145513832569122
103,beta,persist,,0.08674781769514084
103,beta,underwater,,0.02610781416296959
103,B,momentum,kospi_return_1d,-0.0006409455090761185
103,B,momentum,fx_level_z_252,5.4466727306135e-05
103,B,persist,kospi_return_1d,0.0007867589592933655
103,B,persist,fx_level_z_252,3.035479676327668e-05
103,B,underwater,kospi_return_1d,0.000599117367528379
103,B,underwater,fx_level_z_252,-0.024215633049607277
103,alpha,,kospi_return_1d,0.016896763816475868
103,alpha,,fx_level_z_252,0.03447306156158447
104,beta,momentum,,-0.01288878358900547
104,beta,persist,,0.08688991516828537
104,beta,underwater,,0.026194261386990547
104,B,momentum,kospi_return_1d,-0.0006789551698602736
104,B,momentum,fx_level_z_252,-8.567592885810882e-06
104,B,persist,kospi_return_1d,0.0006327600567601621
104,B,persist,fx_level_z_252,-0.00010814258712343872
104,B,underwater,kospi_return_1d,0.0006438112468458712
104,B,underwater,fx_level_z_252,-0.02410934679210186
104,alpha,,kospi_return_1d,0.01688152179121971
104,alpha,,fx_level_z_252,0.0348341204226017
105,beta,momentum,,-0.012733785435557365
105,beta,persist,,0.08702422678470612
105,beta,underwater,,0.02629850059747696
105,B,momentum,kospi_return_1d,-0.0005839457153342664
105,B,momentum,fx_level_z_252,0.00023718821466900408
105,B,persist,kospi_return_1d,0.0004497190529946238
105,B,persist,fx_level_z_252,-0.00018525205086916685
105,B,underwater,kospi_return_1d,0.0005155748804099858
105,B,underwater,fx_level_z_252,-0.02411685883998871
105,alpha,,kospi_return_1d,0.016806837171316147
105,alpha,,fx_level_z_252,0.035186298191547394
106,beta,momentum,,-0.012458921410143375
106,beta,persist,,0.0871267020702362
106,beta,underwater,,0.026323677971959114
106,B,momentum,kospi_return_1d,-0.00042457247036509216
106,B,momentum,fx_level_z_252,0.00046653382014483213
106,B,persist,kospi_return_1d,0.0004131795431021601
106,B,persist,fx_level_z_252,-0.0002940183039754629
106,B,underwater,kospi_return_1d,0.0004711501533165574
106,B,underwater,fx_level_z_252,-0.02422095462679863
106,alpha,,kospi_return_1d,0.016855327412486076
106,alpha,,fx_level_z_252,0.03542427346110344
107,beta,momentum,,-0.012279960326850414
107,beta,persist,,0.08715207129716873
107,beta,underwater,,0.02619672380387783
107,B,momentum,kospi_return_1d,-0.0005648997030220926
107,B,momentum,fx_level_z_252,0.0007260812562890351
107,B,persist,kospi_return_1d,0.0005479888641275465
107,B,persist,fx_level_z_252,-0.0001955949846887961
107,B,underwater,kospi_return_1d,0.0005056729423813522
107,B,underwater,fx_level_z_252,-0.024421146139502525
107,alpha,,kospi_return_1d,0.016991453245282173
107,alpha,,fx_level_z_252,0.035486187785863876
108,beta,momentum,,-0.012333275750279427
108,beta,persist,,0.08718908578157425
108,beta,underwater,,0.026095770299434662
108,B,momentum,kospi_return_1d,-0.0005736351595260203
108,B,momentum,fx_level_z_252,0.0009488204377703369
108,B,persist,kospi_return_1d,0.0006589090917259455
108,B,persist,fx_level_z_252,-9.558508463669568e-05
108,B,underwater,kospi_return_1d,0.00041921823867596686
108,B,underwater,fx_level_z_252,-0.024448739364743233
108,alpha,,kospi_return_1d,0.017056098207831383
108,alpha,,fx_level_z_252,0.03549989312887192
109,beta,momentum,,-0.012527166865766048
109,beta,persist,,0.08730492740869522
109,beta,underwater,,0.02616843208670616
109,B,momentum,kospi_return_1d,-0.0006545551586896181
109,B,momentum,fx_level_z_252,0.0011514503275975585
109,B,persist,kospi_return_1d,0.0008423140970990062
109,B,persist,fx_level_z_252,-4.8282829084200785e-05
109,B,underwater,kospi_return_1d,0.0004126123385503888
109,B,underwater,fx_level_z_252,-0.024368878453969955
109,alpha,,kospi_return_1d,0.017008503898978233
109,alpha,,fx_level_z_252,0.035526588559150696
110,beta,momentum,,-0.012790245935320854
110,beta,persist,,0.08739045262336731
110,beta,underwater,,0.026378965005278587
110,B,momentum,kospi_return_1d,-0.0006994345458224416
110,B,momentum,fx_level_z_252,0.0013862363994121552
110,B,persist,kospi_return_1d,0.0010052818106487393
110,B,persist,fx_level_z_252,4.8358233470935374e-05
110,B,underwater,kospi_return_1d,0.0002986806211993098
110,B,underwater,fx_level_z_252,-0.024210702627897263
110,alpha,,kospi_return_1d,0.017035698518157005
110,alpha,,fx_level_z_252,0.03559074178338051
111,beta,momentum,,-0.013078602030873299
111,beta,persist,,0.08741132915019989
111,beta,underwater,,0.02645166777074337
111,B,momentum,kospi_return_1d,-0.0007580560049973428
111,B,momentum,fx_level_z_252,0.0015534128760918975
111,B,persist,kospi_return_1d,0.0012617866741493344
111,B,persist,fx_level_z_252,6.547626981046051e-05
111,B,underwater,kospi_return_1d,0.0002395234041614458
111,B,underwater,fx_level_z_252,-0.023999255150556564
111,alpha,,kospi_return_1d,0.017120901495218277
111,alpha,,fx_level_z_252,0.0355871319770813
112,beta,momentum,,-0.013302885927259922
112,beta,persist,,0.0873880535364151
112,beta,underwater,,0.026428578421473503
112,B,momentum,kospi_return_1d,-0.0008802476222626865
112,B,momentum,fx_level_z_252,0.0018227014224976301
112,B,persist,kospi_return_1d,0.0014262940967455506
112,B,persist,fx_level_z_252,9.039790165843442e-05
112,B,underwater,kospi_return_1d,0.0002527595788706094
112,B,underwater,fx_level_z_252,-0.023829875513911247
112,alpha,,kospi_return_1d,0.017071710899472237
112,alpha,,fx_level_z_252,0.035635218024253845
113,beta,momentum,,-0.01339774765074253
113,beta,persist,,0.08735085278749466
113,beta,underwater,,0.02638634666800499
113,B,momentum,kospi_return_1d,-0.0008287150412797928
113,B,momentum,fx_level_z_252,0.0020720313768833876
113,B,persist,kospi_return_1d,0.0017379318596795201
113,B,persist,fx_level_z_252,1.2204385711811483e-05
113,B,underwater,kospi_return_1d,0.00017752234998624772
113,B,underwater,fx_level_z_252,-0.023783227428793907
113,alpha,,kospi_return_1d,0.017145618796348572
113,alpha,,fx_level_z_252,0.03565385565161705
114,beta,momentum,,-0.0133921317756176
114,beta,persist,,0.08732873201370239
114,beta,underwater,,0.02624286524951458
114,B,momentum,kospi_return_1d,-0.0007254173397086561
114,B,momentum,fx_level_z_252,0.0023597388062626123
114,B,persist,kospi_return_1d,0.0019732362125068903
114,B,persist,fx_level_z_252,-7.681790157221258e-05
114,B,underwater,kospi_return_1d,9.306783613283187e-05
114,B,underwater,fx_level_z_252,-0.023668190464377403
114,alpha,,kospi_return_1d,0.01727866195142269
114,alpha,,fx_level_z_252,0.03565178066492081
115,beta,momentum,,-0.01345109473913908
115,beta,persist,,0.0874195545911789
115,beta,underwater,,0.026203526183962822
115,B,momentum,kospi_return_1d,-0.0005558657576330006
115,B,momentum,fx_level_z_252,0.0025231437757611275
115,B,persist,kospi_return_1d,0.002293490804731846
115,B,persist,fx_level_z_252,-8.857539796736091e-06
115,B,underwater,kospi_return_1d,-5.1898845413234085e-05
115,B,underwater,fx_level_z_252,-0.02354368381202221
115,alpha,,kospi_return_1d,0.017268572002649307
115,alpha,,fx_level_z_252,0.03578030318021774
116,beta,momentum,,-0.0136931287124753
116,beta,persist,,0.08743613958358765
116,beta,underwater,,0.02620852179825306
116,B,momentum,kospi_return_1d,-0.000385511782951653
116,B,momentum,fx_level_z_252,0.0026031259912997484
116,B,persist,kospi_return_1d,0.002494361251592636
116,B,persist,fx_level_z_252,0.00018241677025798708
116,B,underwater,kospi_return_1d,-0.0002390766458120197
116,B,underwater,fx_level_z_252,-0.02342146262526512
116,alpha,,kospi_return_1d,0.017222901806235313
116,alpha,,fx_level_z_252,0.035878151655197144
117,beta,momentum,,-0.014232994057238102
117,beta,persist,,0.08750446140766144
117,beta,underwater,,0.026404788717627525
117,B,momentum,kospi_return_1d,-0.0001370282843708992
117,B,momentum,fx_level_z_252,0.002470067935064435
117,B,persist,kospi_return_1d,0.002625363180413842
117,B,persist,fx_level_z_252,0.0001589766179677099
117,B,underwater,kospi_return_1d,-0.00041729857912287116
117,B,underwater,fx_level_z_252,-0.023041553795337677
117,alpha,,kospi_return_1d,0.017172347754240036
117,alpha,,fx_level_z_252,0.03608449921011925
118,beta,momentum,,-0.014754395000636578
118,beta,persist,,0.08759211003780365
118,beta,underwater,,0.026734905317425728
118,B,momentum,kospi_return_1d,6.39367790427059e-05
118,B,momentum,fx_level_z_252,0.002162973629310727
118,B,persist,kospi_return_1d,0.002835386199876666
118,B,persist,fx_level_z_252,0.00010560883674770594
118,B,underwater,kospi_return_1d,-0.0005516520468518138
118,B,underwater,fx_level_z_252,-0.022516194730997086
118,alpha,,kospi_return_1d,0.01716063916683197
118,alpha,,fx_level_z_252,0.03634127601981163
119,beta,momentum,,-0.015144827775657177
119,beta,persist,,0.08769579976797104
119,beta,underwater,,0.02696940302848816
119,B,momentum,kospi_return_1d,-2.9571237973868847e-06
119,B,momentum,fx_level_z_252,0.002065893029794097
119,B,persist,kospi_return_1d,0.0030498432461172342
119,B,persist,fx_level_z_252,-6.970678805373609e-05
119,B,underwater,kospi_return_1d,-0.00043554199510253966
119,B,underwater,fx_level_z_252,-0.022291185334324837
119,alpha,,kospi_return_1d,0.01724463887512684
119,alpha,,fx_level_z_252,0.03659423440694809
120,beta,momentum,,-0.01520793978124857
120,beta,persist,,0.08770005404949188
120,beta,underwater,,0.026931198313832283
120,B,momentum,kospi_return_1d,-0.00023204920580610633
120,B,momentum,fx_level_z_252,0.0020948497112840414
120,B,persist,kospi_return_1d,0.0032734002452343702
120,B,persist,fx_level_z_252,-0.00013621654943563044
120,B,underwater,kospi_return_1d,1.8288468709215522e-05
120,B,underwater,fx_level_z_252,-0.022352050989866257
120,alpha,,kospi_return_1d,0.017491895705461502
120,alpha,,fx_level_z_252,0.03679894283413887
121,beta,momentum,,-0.015154686756432056
121,beta,persist,,0.0876699835062027
121,beta,underwater,,0.026866529136896133
121,B,momentum,kospi_return_1d,-0.00024492054944857955
121,B,momentum,fx_level_z_252,0.002044163877144456
121,B,persist,kospi_return_1d,0.0035592191852629185
121,B,persist,fx_level_z_252,-0.0001807344233384356
121,B,underwater,kospi_return_1d,0.0004355215351097286
121,B,underwater,fx_level_z_252,-0.022510193288326263
121,alpha,,kospi_return_1d,0.01775333844125271
121,alpha,,fx_level_z_252,0.03688379004597664
122,beta,momentum,,-0.014887982979416847
122,beta,persist,,0.08755501359701157
122,beta,underwater,,0.026652095839381218
122,B,momentum,kospi_return_1d,-0.0002490356273483485
122,B,momentum,fx_level_z_252,0.0018870735075324774
122,B,persist,kospi_return_1d,0.0036584599874913692
122,B,persist,fx_level_z_252,-0.00011971863568760455
122,B,underwater,kospi_return_1d,0.000728999322745949
122,B,underwater,fx_level_z_252,-0.022828541696071625
122,alpha,,kospi_return_1d,0.01806132309138775
122,alpha,,fx_level_z_252,0.03682667389512062
123,beta,momentum,,-0.014353505335748196
123,beta,persist,,0.08733922988176346
123,beta,underwater,,0.026097847148776054
123,B,momentum,kospi_return_1d,-0.00022028354578651488
123,B,momentum,fx_level_z_252,0.0019595136400312185
123,B,persist,kospi_return_1d,0.0037132822908461094
123,B,persist,fx_level_z_252,2.138547642971389e-05
123,B,underwater,kospi_return_1d,0.000955429975874722
123,B,underwater,fx_level_z_252,-0.023434514179825783
123,alpha,,kospi_return_1d,0.018442081287503242
123,alpha,,fx_level_z_252,0.036641430109739304
124,beta,momentum,,-0.013867382891476154
124,beta,persist,,0.08714717626571655
124,beta,underwater,,0.025539176538586617
124,B,momentum,kospi_return_1d,-0.00017649694927968085
124,B,momentum,fx_level_z_252,0.001999691827222705
124,B,persist,kospi_return_1d,0.0036434230860322714
124,B,persist,fx_level_z_252,5.3953335736878216e-05
124,B,underwater,kospi_return_1d,0.0010610531317070127
124,B,underwater,fx_level_z_252,-0.02396261878311634
124,alpha,,kospi_return_1d,0.018681105226278305
124,alpha,,fx_level_z_252,0.036469582468271255
125,beta,momentum,,-0.013546730391681194
125,beta,persist,,0.08708669245243073
125,beta,underwater,,0.02516620047390461
125,B,momentum,kospi_return_1d,7.790036033838987e-05
125,B,momentum,fx_level_z_252,0.0020369100384414196
125,B,persist,kospi_return_1d,0.0035348166711628437
125,B,persist,fx_level_z_252,-5.265043000690639e-05
125,B,underwater,kospi_return_1d,0.00100031029433012
125,B,underwater,fx_level_z_252,-0.02439688891172409
125,alpha,,kospi_return_1d,0.018834711983799934
125,alpha,,fx_level_z_252,0.03625979647040367
126,beta,momentum,,-0.013473940081894398
126,beta,persist,,0.08710245788097382
126,beta,underwater,,0.024925509467720985
126,B,momentum,kospi_return_1d,0.00031835888512432575
126,B,momentum,fx_level_z_252,0.0018696896731853485
126,B,persist,kospi_return_1d,0.00316438777372241
126,B,persist,fx_level_z_252,-5.248776142252609e-05
126,B,underwater,kospi_return_1d,0.0008025445858947933
126,B,underwater,fx_level_z_252,-0.024530166760087013
126,alpha,,kospi_return_1d,0.01880034990608692
126,alpha,,fx_level_z_252,0.035974543541669846
127,beta,momentum,,-0.013432957231998444
127,beta,persist,,0.08713684976100922
127,beta,underwater,,0.024729808792471886
127,B,momentum,kospi_return_1d,0.00035042542731389403
127,B,momentum,fx_level_z_252,0.0016626943834125996
127,B,persist,kospi_return_1d,0.0029694787226617336
127,B,persist,fx_level_z_252,3.894916153512895e-05
127,B,underwater,kospi_return_1d,0.0005952536012046039
127,B,underwater,fx_level_z_252,-0.024504028260707855
127,alpha,,kospi_return_1d,0.018657635897397995
127,alpha,,fx_level_z_252,0.03554205596446991
128,beta,momentum,,-0.013371514156460762
128,beta,persist,,0.08709045499563217
128,beta,underwater,,0.024643415585160255
128,B,momentum,kospi_return_1d,0.00033449073089286685
128,B,momentum,fx_level_z_252,0.0014016529312357306
128,B,persist,kospi_return_1d,0.0028112116269767284
128,B,persist,fx_level_z_252,0.0004806398064829409
128,B,underwater,kospi_return_1d,0.00029150419868528843
128,B,underwater,fx_level_z_252,-0.024338286370038986
128,alpha,,kospi_return_1d,0.01857738569378853
128,alpha,,fx_level_z_252,0.03522159159183502
129,beta,momentum,,-0.013436011970043182
129,beta,persist,,0.08718622475862503
129,beta,underwater,,0.024646509438753128
129,B,momentum,kospi_return_1d,5.613417306449264e-05
129,B,momentum,fx_level_z_252,0.0012874912936240435
129,B,persist,kospi_return_1d,0.0028568150009959936
129,B,persist,fx_level_z_252,0.0004931386793032289
129,B,underwater,kospi_return_1d,3.568112151697278e-05
129,B,underwater,fx_level_z_252,-0.024184970185160637
129,alpha,,kospi_return_1d,0.0184620451182127
129,alpha,,fx_level_z_252,0.03491192311048508
130,beta,momentum,,-0.013414465822279453
130,beta,persist,,0.08720798790454865
130,beta,underwater,,0.02447453886270523
130,B,momentum,kospi_return_1d,-0.0002247665834147483
130,B,momentum,fx_level_z_252,0.0013151520397514105
130,B,persist,kospi_return_1d,0.0028193609323352575
130,B,persist,fx_level_z_252,0.00039562673191539943
130,B,underwater,kospi_return_1d,-0.00022052039275877178
130,B,underwater,fx_level_z_252,-0.02438068389892578
130,alpha,,kospi_return_1d,0.018513603135943413
130,alpha,,fx_level_z_252,0.034656550735235214
131,beta,momentum,,-0.01349956076592207
131,beta,persist,,0.08721166849136353
131,beta,underwater,,0.024358883500099182
131,B,momentum,kospi_return_1d,-0.00046380251296795905
131,B,momentum,fx_level_z_252,0.0011480181710794568
131,B,persist,kospi_return_1d,0.002815442392602563
131,B,persist,fx_level_z_252,0.0003117308660876006
131,B,underwater,kospi_return_1d,-0.0004398941237013787
131,B,underwater,fx_level_z_252,-0.02432969957590103
131,alpha,,kospi_return_1d,0.018685853108763695
131,alpha,,fx_level_z_252,0.03438893333077431
132,beta,momentum,,-0.013295991346240044
132,beta,persist,,0.08709897100925446
132,beta,underwater,,0.024102404713630676
132,B,momentum,kospi_return_1d,-0.000656108430121094
132,B,momentum,fx_level_z_252,0.0007784474291838706
132,B,persist,kospi_return_1d,0.0028421669267117977
132,B,persist,fx_level_z_252,0.0001798182784114033
132,B,underwater,kospi_return_1d,-0.000512268568854779
132,B,underwater,fx_level_z_252,-0.024148523807525635
132,alpha,,kospi_return_1d,0.019012432545423508
132,alpha,,fx_level_z_252,0.03398174047470093
133,beta,momentum,,-0.013300326652824879
133,beta,persist,,0.08704093843698502
133,beta,underwater,,0.0239858515560627
133,B,momentum,kospi_return_1d,-0.0007327867206186056
133,B,momentum,fx_level_z_252,0.0004062420630361885
133,B,persist,kospi_return_1d,0.0028815444093197584
133,B,persist,fx_level_z_252,-5.0521579396445304e-05
133,B,underwater,kospi_return_1d,-0.0007160378154367208
133,B,underwater,fx_level_z_252,-0.02383994683623314
133,alpha,,kospi_return_1d,0.019327085465192795
133,alpha,,fx_level_z_252,0.03368162363767624
134,beta,momentum,,-0.013327435590326786
134,beta,persist,,0.08705975115299225
134,beta,underwater,,0.023935411125421524
134,B,momentum,kospi_return_1d,-0.0008533536456525326
134,B,momentum,fx_level_z_252,-0.00010137850767932832
134,B,persist,kospi_return_1d,0.002843150869011879
134,B,persist,fx_level_z_252,-0.0002431900065857917
134,B,underwater,kospi_return_1d,-0.0007050175336189568
134,B,underwater,fx_level_z_252,-0.023578718304634094
134,alpha,,kospi_return_1d,0.019429035484790802
134,alpha,,fx_level_z_252,0.03350675851106644
135,beta,momentum,,-0.013286108151078224
135,beta,persist,,0.08707328885793686
135,beta,underwater,,0.023868100717663765
135,B,momentum,kospi_return_1d,-0.0008157306583598256
135,B,momentum,fx_level_z_252,-0.00026641786098480225
135,B,persist,kospi_return_1d,0.0027396646328270435
135,B,persist,fx_level_z_252,-0.00031624746043235064
135,B,underwater,kospi_return_1d,-0.0006916627171449363
135,B,underwater,fx_level_z_252,-0.023378830403089523
135,alpha,,kospi_return_1d,0.01925024576485157
135,alpha,,fx_level_z_252,0.033253803849220276
136,beta,momentum,,-0.013082784600555897
136,beta,persist,,0.08706743270158768
136,beta,underwater,,0.023961765691637993
136,B,momentum,kospi_return_1d,-0.000567354669328779
136,B,momentum,fx_level_z_252,-0.0004390609101392329
136,B,persist,kospi_return_1d,0.0026294824201613665
136,B,persist,fx_level_z_252,-0.0001754273398546502
136,B,underwater,kospi_return_1d,-0.0007634628564119339
136,B,underwater,fx_level_z_252,-0.02308974228799343
136,alpha,,kospi_return_1d,0.019268475472927094
136,alpha,,fx_level_z_252,0.03320574387907982
137,beta,momentum,,-0.012872012332081795
137,beta,persist,,0.08717703074216843
137,beta,underwater,,0.024112625047564507
137,B,momentum,kospi_return_1d,-0.00021446487517096102
137,B,momentum,fx_level_z_252,-0.0005391822778619826
137,B,persist,kospi_return_1d,0.002662460319697857
137,B,persist,fx_level_z_252,-5.6919998314697295e-05
137,B,underwater,kospi_return_1d,-0.0007543665124103427
137,B,underwater,fx_level_z_252,-0.022819068282842636
137,alpha,,kospi_return_1d,0.019141634926199913
137,alpha,,fx_level_z_252,0.03324474021792412
138,beta,momentum,,-0.012756614945828915
138,beta,persist,,0.08725103735923767
138,beta,underwater,,0.024179818108677864
138,B,momentum,kospi_return_1d,-5.058873648522422e-05
138,B,momentum,fx_level_z_252,-0.0002338617923669517
138,B,persist,kospi_return_1d,0.002855979837477207
138,B,persist,fx_level_z_252,7.742844172753394e-05
138,B,underwater,kospi_return_1d,-0.00057795929023996
138,B,underwater,fx_level_z_252,-0.022689323872327805
138,alpha,,kospi_return_1d,0.018966354429721832
138,alpha,,fx_level_z_252,0.03322901204228401
139,beta,momentum,,-0.012790372595191002
139,beta,persist,,0.08737435936927795
139,beta,underwater,,0.02434835024178028
139,B,momentum,kospi_return_1d,7.817176083335653e-05
139,B,momentum,fx_level_z_252,0.00015474078827537596
139,B,persist,kospi_return_1d,0.0029122657142579556
139,B,persist,fx_level_z_252,0.00012799880641978234
139,B,underwater,kospi_return_1d,-0.0004122041573282331
139,B,underwater,fx_level_z_252,-0.022360140457749367
139,alpha,,kospi_return_1d,0.018694031983613968
139,alpha,,fx_level_z_252,0.033233702182769775
140,beta,momentum,,-0.01289508305490017
140,beta,persist,,0.08749300241470337
140,beta,underwater,,0.02442779205739498
140,B,momentum,kospi_return_1d,-9.340277756564319e-06
140,B,momentum,fx_level_z_252,0.0006580551853403449
140,B,persist,kospi_return_1d,0.00292262458242476
140,B,persist,fx_level_z_252,1.7680478777037933e-05
140,B,underwater,kospi_return_1d,-0.00027247233083471656
140,B,underwater,fx_level_z_252,-0.022234898060560226
140,alpha,,kospi_return_1d,0.018351495265960693
140,alpha,,fx_level_z_252,0.033364929258823395
141,beta,momentum,,-0.013077269308269024
141,beta,persist,,0.08753842860460281
141,beta,underwater,,0.024516621604561806
141,B,momentum,kospi_return_1d,-0.0001975168997887522
141,B,momentum,fx_level_z_252,0.0010908457916229963
141,B,persist,kospi_return_1d,0.0029700000304728746
141,B,persist,fx_level_z_252,1.2146905646659434e-05
141,B,underwater,kospi_return_1d,-1.9559854990802705e-05
141,B,underwater,fx_level_z_252,-0.02222295291721821
141,alpha,,kospi_return_1d,0.01817024126648903
141,alpha,,fx_level_z_252,0.03357292339205742
142,beta,momentum,,-0.013049927540123463
142,beta,persist,,0.087549589574337
142,beta,underwater,,0.024532487615942955
142,B,momentum,kospi_return_1d,-0.00024151228717528284
142,B,momentum,fx_level_z_252,0.001336237182840705
142,B,persist,kospi_return_1d,0.0029100035317242146
142,B,persist,fx_level_z_252,-0.00019267055904492736
142,B,underwater,kospi_return_1d,0.00029170664492994547
142,B,underwater,fx_level_z_252,-0.02228783443570137
142,alpha,,kospi_return_1d,0.017930738627910614
142,alpha,,fx_level_z_252,0.03374150022864342
143,beta,momentum,,-0.01304537896066904
143,beta,persist,,0.08752207458019257
143,beta,underwater,,0.02460249327123165
143,B,momentum,kospi_return_1d,-0.0001788775552995503
143,B,momentum,fx_level_z_252,0.0014711591647937894
143,B,persist,kospi_return_1d,0.002923795487731695
143,B,persist,fx_level_z_252,-0.0002695563598535955
143,B,underwater,kospi_return_1d,0.000478343601571396
143,B,underwater,fx_level_z_252,-0.022351978346705437
143,alpha,,kospi_return_1d,0.01790340058505535
143,alpha,,fx_level_z_252,0.03403240069746971
144,beta,momentum,,-0.013023771345615387
144,beta,persist,,0.087569959461689
144,beta,underwater,,0.02462596632540226
144,B,momentum,kospi_return_1d,-0.0001580360985826701
144,B,momentum,fx_level_z_252,0.0015130144311115146
144,B,persist,kospi_return_1d,0.00284454389475286
144,B,persist,fx_level_z_252,-0.000499557820148766
144,B,underwater,kospi_return_1d,0.0005414888728410006
144,B,underwater,fx_level_z_252,-0.02246110886335373
144,alpha,,kospi_return_1d,0.01765279844403267
144,alpha,,fx_level_z_252,0.03425813466310501
145,beta,momentum,,-0.013123023323714733
145,beta,persist,,0.08773583918809891
145,beta,underwater,,0.024708842858672142
145,B,momentum,kospi_return_1d,-0.00033204449573531747
145,B,momentum,fx_level_z_252,0.0015545900678262115
145,B,persist,kospi_return_1d,0.0029092540498822927
145,B,persist,fx_level_z_252,-0.0005593794048763812
145,B,underwater,kospi_return_1d,0.0006679936777800322
145,B,underwater,fx_level_z_252,-0.02257450297474861
145,alpha,,kospi_return_1d,0.017326785251498222
145,alpha,,fx_level_z_252,0.034547362476587296
146,beta,momentum,,-0.013229789212346077
146,beta,persist,,0.08789771050214767
146,beta,underwater,,0.02473754994571209
146,B,momentum,kospi_return_1d,-0.0005168128409422934
146,B,momentum,fx_level_z_252,0.0017636669799685478
146,B,persist,kospi_return_1d,0.002862533088773489
146,B,persist,fx_level_z_252,-0.0005611835513263941
146,B,underwater,kospi_return_1d,0.000703697616700083
146,B,underwater,fx_level_z_252,-0.022777413949370384
146,alpha,,kospi_return_1d,0.01703595370054245
146,alpha,,fx_level_z_252,0.03471066430211067
147,beta,momentum,,-0.013425393961369991
147,beta,persist,,0.08802532404661179
147,beta,underwater,,0.024830801412463188
147,B,momentum,kospi_return_1d,-0.0005999158602207899
147,B,momentum,fx_level_z_252,0.0019397144205868244
147,B,persist,kospi_return_1d,0.002722041681408882
147,B,persist,fx_level_z_252,-0.0005450080498121679
147,B,underwater,kospi_return_1d,0.0006498222355730832
147,B,underwater,fx_level_z_252,-0.023050721734762192
147,alpha,,kospi_return_1d,0.01679184101521969
147,alpha,,fx_level_z_252,0.034918662160634995
148,beta,momentum,,-0.013563443906605244
148,beta,persist,,0.08805825561285019
148,beta,underwater,,0.024897975847125053
148,B,momentum,kospi_return_1d,-0.0005762162618339062
148,B,momentum,fx_level_z_252,0.0018862385768443346
148,B,persist,kospi_return_1d,0.0026328114327043295
148,B,persist,fx_level_z_252,-0.00041318245348520577
148,B,underwater,kospi_return_1d,0.000575195939745754
148,B,underwater,fx_level_z_252,-0.023090146481990814
148,alpha,,kospi_return_1d,0.016746358945965767
148,alpha,,fx_level_z_252,0.03496165573596954
149,beta,momentum,,-0.013768690638244152
149,beta,persist,,0.08816758543252945
149,beta,underwater,,0.02500370889902115
149,B,momentum,kospi_return_1d,-0.00032729696249589324
149,B,momentum,fx_level_z_252,0.001700282678939402
149,B,persist,kospi_return_1d,0.002527754520997405
149,B,persist,fx_level_z_252,-0.000255886057857424
149,B,underwater,kospi_return_1d,0.00030250512645579875
149,B,underwater,fx_level_z_252,-0.023085014894604683
149,alpha,,kospi_return_1d,0.016773156821727753
149,alpha,,fx_level_z_252,0.035059452056884766
150,beta,momentum,,-0.013927715830504894
150,beta,persist,,0.08827842026948929
150,beta,underwater,,0.025143815204501152
150,B,momentum,kospi_return_1d,0.00013002486957702786
150,B,momentum,fx_level_z_252,0.0015278974315151572
150,B,persist,kospi_return_1d,0.002303200075402856
150,B,persist,fx_level_z_252,-8.574184903409332e-05
150,B,underwater,kospi_return_1d,-0.00019333427189849317
150,B,underwater,fx_level_z_252,-0.02305120974779129
150,alpha,,kospi_return_1d,0.016805170103907585
150,alpha,,fx_level_z_252,0.035186201333999634
151,beta,momentum,,-0.014024067670106888
151,beta,persist,,0.08834704756736755
151,beta,underwater,,0.025153301656246185
151,B,momentum,kospi_return_1d,0.0005912681808695197
151,B,momentum,fx_level_z_252,0.0015690859872847795
151,B,persist,kospi_return_1d,0.001977277919650078
151,B,persist,fx_level_z_252,0.00018923079187516123
151,B,underwater,kospi_return_1d,-0.0006344618741422892
151,B,underwater,fx_level_z_252,-0.02308674342930317
151,alpha,,kospi_return_1d,0.016825318336486816
151,alpha,,fx_level_z_252,0.03522602468729019
152,beta,momentum,,-0.014202606864273548
152,beta,persist,,0.0884917601943016
152,beta,underwater,,0.025185951963067055
152,B,momentum,kospi_return_1d,0.0008526419405825436
152,B,momentum,fx_level_z_252,0.0016747673507779837
152,B,persist,kospi_return_1d,0.0017651591915637255
152,B,persist,fx_level_z_252,0.00023300295288208872
152,B,underwater,kospi_return_1d,-0.000814798113424331
152,B,underwater,fx_level_z_252,-0.023201357573270798
152,alpha,,kospi_return_1d,0.017027083784341812
152,alpha,,fx_level_z_252,0.03527805954217911
153,beta,momentum,,-0.014286420308053493
153,beta,persist,,0.08848383277654648
153,beta,underwater,,0.02497860975563526
153,B,momentum,kospi_return_1d,0.0009353166678920388
153,B,momentum,fx_level_z_252,0.0018327344441786408
153,B,persist,kospi_return_1d,0.0016647677402943373
153,B,persist,fx_level_z_252,0.00020171106734778732
153,B,underwater,kospi_return_1d,-0.0007413224084302783
153,B,underwater,fx_level_z_252,-0.02342725545167923
153,alpha,,kospi_return_1d,0.01744905672967434
153,alpha,,fx_level_z_252,0.03516430780291557
154,beta,momentum,,-0.014394136145710945
154,beta,persist,,0.08844263851642609
154,beta,underwater,,0.024773569777607918
154,B,momentum,kospi_return_1d,0.00105870864354074
154,B,momentum,fx_level_z_252,0.001856056391261518
154,B,persist,kospi_return_1d,0.0013924256199970841
154,B,persist,fx_level_z_252,0.00037045698263682425
154,B,underwater,kospi_return_1d,-0.0007644893485121429
154,B,underwater,fx_level_z_252,-0.02364281564950943
154,alpha,,kospi_return_1d,0.017885522916913033
154,alpha,,fx_level_z_252,0.03510277718305588
155,beta,momentum,,-0.014460748061537743
155,beta,persist,,0.0883718803524971
155,beta,underwater,,0.024487584829330444
155,B,momentum,kospi_return_1d,0.0011012539034709334
155,B,momentum,fx_level_z_252,0.0017624947940930724
155,B,persist,kospi_return_1d,0.0013337729033082724
155,B,persist,fx_level_z_252,0.0004897722392342985
155,B,underwater,kospi_return_1d,-0.0005603468744084239
155,B,underwater,fx_level_z_252,-0.023830613121390343
155,alpha,,kospi_return_1d,0.01841144450008869
155,alpha,,fx_level_z_252,0.034932252019643784
156,beta,momentum,,-0.014467785134911537
156,beta,persist,,0.08830138295888901
156,beta,underwater,,0.024311646819114685
156,B,momentum,kospi_return_1d,0.0011371892178431153
156,B,momentum,fx_level_z_252,0.0015395951922982931
156,B,persist,kospi_return_1d,0.0012062760069966316
156,B,persist,fx_level_z_252,0.0005150901852175593
156,B,underwater,kospi_return_1d,-0.0003302805998828262
156,B,underwater,fx_level_z_252,-0.023906754329800606
156,alpha,,kospi_return_1d,0.018941493704915047
156,alpha,,fx_level_z_252,0.034784331917762756
157,beta,momentum,,-0.014633532613515854
157,beta,persist,,0.08816976845264435
157,beta,underwater,,0.024152519181370735
157,B,momentum,kospi_return_1d,0.0011816543992608786
157,B,momentum,fx_level_z_252,0.0012962798355147243
157,B,persist,kospi_return_1d,0.001175433280877769
157,B,persist,fx_level_z_252,0.0005214893026277423
157,B,underwater,kospi_return_1d,-0.00013740104623138905
157,B,underwater,fx_level_z_252,-0.023932943120598793
157,alpha,,kospi_return_1d,0.019510287791490555
157,alpha,,fx_level_z_252,0.034684959799051285
158,beta,momentum,,-0.014795782044529915
158,beta,persist,,0.08809312433004379
158,beta,underwater,,0.023968173190951347
158,B,momentum,kospi_return_1d,0.0011777286417782307
158,B,momentum,fx_level_z_252,0.0011835331097245216
158,B,persist,kospi_return_1d,0.0012892025988548994
158,B,persist,fx_level_z_252,0.00036343163810670376
158,B,underwater,kospi_return_1d,0.00018626176461111754
158,B,underwater,fx_level_z_252,-0.024141794070601463
158,alpha,,kospi_return_1d,0.020029354840517044
158,alpha,,fx_level_z_252,0.03464754670858383
159,beta,momentum,,-0.01493170578032732
159,beta,persist,,0.08812849968671799
159,beta,underwater,,0.02392263151705265
159,B,momentum,kospi_return_1d,0.0011612498201429844
159,B,momentum,fx_level_z_252,0.0010319295106455684
159,B,persist,kospi_return_1d,0.0016078776679933071
159,B,persist,fx_level_z_252,0.0001302073651459068
159,B,underwater,kospi_return_1d,0.00046139658661559224
159,B,underwater,fx_level_z_252,-0.024173932150006294
159,alpha,,kospi_return_1d,0.020372027531266212
159,alpha,,fx_level_z_252,0.034589193761348724
160,beta,momentum,,-0.014893298968672752
160,beta,persist,,0.08810946345329285
160,beta,underwater,,0.023796511813998222
160,B,momentum,kospi_return_1d,0.0011639114236459136
160,B,momentum,fx_level_z_252,0.0009059637086465955
160,B,persist,kospi_return_1d,0.0018794380594044924
160,B,persist,fx_level_z_252,-0.00012931878154631704
160,B,underwater,kospi_return_1d,0.0005332647706381977
160,B,underwater,fx_level_z_252,-0.0242374986410141
160,alpha,,kospi_return_1d,0.020700868219137192
160,alpha,,fx_level_z_252,0.034633442759513855
161,beta,momentum,,-0.014940246008336544
161,beta,persist,,0.08814205974340439
161,beta,underwater,,0.023765606805682182
161,B,momentum,kospi_return_1d,0.0011544714216142893
161,B,momentum,fx_level_z_252,0.0008138905395753682
161,B,persist,kospi_return_1d,0.002142899436876178
161,B,persist,fx_level_z_252,-0.0003356410306878388
161,B,underwater,kospi_return_1d,0.00035309846862219274
161,B,underwater,fx_level_z_252,-0.024234743788838387
161,alpha,,kospi_return_1d,0.020765000954270363
161,alpha,,fx_level_z_252,0.034657999873161316
162,beta,momentum,,-0.014835616573691368
162,beta,persist,,0.08812206983566284
162,beta,underwater,,0.02364182285964489
162,B,momentum,kospi_return_1d,0.0010468512773513794
162,B,momentum,fx_level_z_252,0.0007783594774082303
162,B,persist,kospi_return_1d,0.0025017003063112497
162,B,persist,fx_level_z_252,-0.0005341000505723059
162,B,underwater,kospi_return_1d,0.0002479956310708076
162,B,underwater,fx_level_z_252,-0.024339709430933
162,alpha,,kospi_return_1d,0.020872116088867188
162,alpha,,fx_level_z_252,0.03466874733567238
163,beta,momentum,,-0.01484181359410286
163,beta,persist,,0.0882040411233902
163,beta,underwater,,0.023618698120117188
163,B,momentum,kospi_return_1d,0.0007113867322914302
163,B,momentum,fx_level_z_252,0.0007561948732472956
163,B,persist,kospi_return_1d,0.0029606393072754145
163,B,persist,fx_level_z_252,-0.0006543871713802218
163,B,underwater,kospi_return_1d,0.0001008753024507314
163,B,underwater,fx_level_z_252,-0.024388225749135017
163,alpha,,kospi_return_1d,0.020872656255960464
163,alpha,,fx_level_z_252,0.03460033982992172
164,beta,momentum,,-0.014878485351800919
164,beta,persist,,0.0882963314652443
164,beta,underwater,,0.023735396564006805
164,B,momentum,kospi_return_1d,0.000663502374663949
164,B,momentum,fx_level_z_252,0.0005782692460343242
164,B,persist,kospi_return_1d,0.003162842709571123
164,B,persist,fx_level_z_252,-0.0007224458968266845
164,B,underwater,kospi_return_1d,-0.00036891739000566304
164,B,underwater,fx_level_z_252,-0.024310994893312454
164,alpha,,kospi_return_1d,0.020859412848949432
164,alpha,,fx_level_z_252,0.034619804471731186
165,beta,momentum,,-0.014881473034620285
165,beta,persist,,0.08845831453800201
165,beta,underwater,,0.023782284930348396
165,B,momentum,kospi_return_1d,0.0005159825668670237
165,B,momentum,fx_level_z_252,0.00046153151197358966
165,B,persist,kospi_return_1d,0.0031838035210967064
165,B,persist,fx_level_z_252,-0.0007960253860801458
165,B,underwater,kospi_return_1d,-0.0007777920691296458
165,B,underwater,fx_level_z_252,-0.024193642660975456
165,alpha,,kospi_return_1d,0.02076241932809353
165,alpha,,fx_level_z_252,0.034583866596221924
166,beta,momentum,,-0.014907958917319775
166,beta,persist,,0.08863072842359543
166,beta,underwater,,0.023739827796816826
166,B,momentum,kospi_return_1d,0.00023243052419275045
166,B,momentum,fx_level_z_252,0.00024326969287358224
166,B,persist,kospi_return_1d,0.0030989961232990026
166,B,persist,fx_level_z_252,-0.0007706531323492527
166,B,underwater,kospi_return_1d,-0.0009657044429332018
166,B,underwater,fx_level_z_252,-0.02395305596292019
166,alpha,,kospi_return_1d,0.020717082545161247
166,alpha,,fx_level_z_252,0.034541405737400055
167,beta,momentum,,-0.014776664786040783
167,beta,persist,,0.08879367262125015
167,beta,underwater,,0.023700455203652382
167,B,momentum,kospi_return_1d,-5.647538637276739e-05
167,B,momentum,fx_level_z_252,3.787505556829274e-05
167,B,persist,kospi_return_1d,0.0031100709456950426
167,B,persist,fx_level_z_252,-0.0005462581175379455
167,B,underwater,kospi_return_1d,-0.001011658227071166
167,B,underwater,fx_level_z_252,-0.023749221116304398
167,alpha,,kospi_return_1d,0.020619278773665428
167,alpha,,fx_level_z_252,0.03448794409632683
168,beta,momentum,,-0.0146314213052392
168,beta,persist,,0.08888733386993408
168,beta,underwater,,0.023719243705272675
168,B,momentum,kospi_return_1d,-0.0002850510354619473
168,B,momentum,fx_level_z_252,-0.00022098010231275111
168,B,persist,kospi_return_1d,0.0031913965940475464
168,B,persist,fx_level_z_252,-0.0003712379839271307
168,B,underwater,kospi_return_1d,-0.0009310825262218714
168,B,underwater,fx_level_z_252,-0.02353566512465477
168,alpha,,kospi_return_1d,0.020556937903165817
168,alpha,,fx_level_z_252,0.0344650037586689
169,beta,momentum,,-0.014384196139872074
169,beta,persist,,0.08895082026720047
169,beta,underwater,,0.02371254935860634
169,B,momentum,kospi_return_1d,-0.0004082206287421286
169,B,momentum,fx_level_z_252,-0.00045647408114746213
169,B,persist,kospi_return_1d,0.0032715376000851393
169,B,persist,fx_level_z_252,-0.0002676650765351951
169,B,underwater,kospi_return_1d,-0.0006469698855653405
169,B,underwater,fx_level_z_252,-0.02347075194120407
169,alpha,,kospi_return_1d,0.020583365112543106
169,alpha,,fx_level_z_252,0.03444567695260048
170,beta,momentum,,-0.014131978154182434
170,beta,persist,,0.08907933533191681
170,beta,underwater,,0.02364625781774521
170,B,momentum,kospi_return_1d,-0.00033605494536459446
170,B,momentum,fx_level_z_252,-0.0006282177055254579
170,B,persist,kospi_return_1d,0.003095035208389163
170,B,persist,fx_level_z_252,-7.273480878211558e-05
170,B,underwater,kospi_return_1d,-0.0004788059159182012
170,B,underwater,fx_level_z_252,-0.02328324131667614
170,alpha,,kospi_return_1d,0.020657891407608986
170,alpha,,fx_level_z_252,0.034455619752407074
171,beta,momentum,,-0.01395963691174984
171,beta,persist,,0.08926592767238617
171,beta,underwater,,0.023548182100057602
171,B,momentum,kospi_return_1d,-0.00026134197833016515
171,B,momentum,fx_level_z_252,-0.0005817021592520177
171,B,persist,kospi_return_1d,0.0028303093276917934
171,B,persist,fx_level_z_252,0.0001625501026865095
171,B,underwater,kospi_return_1d,-0.00031761761056259274
171,B,underwater,fx_level_z_252,-0.02316190116107464
171,alpha,,kospi_return_1d,0.02060595713555813
171,alpha,,fx_level_z_252,0.03441646322607994
172,beta,momentum,,-0.013776401989161968
172,beta,persist,,0.08945118635892868
172,beta,underwater,,0.023461103439331055
172,B,momentum,kospi_return_1d,-0.00010763545287773013
172,B,momentum,fx_level_z_252,-0.00045007100561633706
172,B,persist,kospi_return_1d,0.0026335676666349173
172,B,persist,fx_level_z_252,0.00016519099881406873
172,B,underwater,kospi_return_1d,-7.570943853352219e-05
172,B,underwater,fx_level_z_252,-0.02311399020254612
172,alpha,,kospi_return_1d,0.020465902984142303
172,alpha,,fx_level_z_252,0.03445184975862503
173,beta,momentum,,-0.013668379746377468
173,beta,persist,,0.08960021287202835
173,beta,underwater,,0.023416271433234215
173,B,momentum,kospi_return_1d,-4.534944309853017e-06
173,B,momentum,fx_level_z_252,-8.87314963620156e-05
173,B,persist,kospi_return_1d,0.002623033942654729
173,B,persist,fx_level_z_252,5.117838009027764e-05
173,B,underwater,kospi_return_1d,0.00024206269881688058
173,B,underwater,fx_level_z_252,-0.02307763509452343
173,alpha,,kospi_return_1d,0.020433686673641205
173,alpha,,fx_level_z_252,0.0344558022916317
174,beta,momentum,,-0.013592720031738281
174,beta,persist,,0.08968061208724976
174,beta,underwater,,0.023450858891010284
174,B,momentum,kospi_return_1d,1.700773646007292e-05
174,B,momentum,fx_level_z_252,0.00019309182243887335
174,B,persist,kospi_return_1d,0.00251765176653862
174,B,persist,fx_level_z_252,0.00015307703870348632
174,B,underwater,kospi_return_1d,0.0003518184239510447
174,B,underwater,fx_level_z_252,-0.022824199870228767
174,alpha,,kospi_return_1d,0.02030365541577339
174,alpha,,fx_level_z_252,0.034478913992643356
175,beta,momentum,,-0.013464056886732578
175,beta,persist,,0.0896613672375679
175,beta,underwater,,0.023325910791754723
175,B,momentum,kospi_return_1d,-6.0558180848602206e-05
175,B,momentum,fx_level_z_252,0.0003540912293829024
175,B,persist,kospi_return_1d,0.002326776273548603
175,B,persist,fx_level_z_252,0.0003707692085299641
175,B,underwater,kospi_return_1d,0.0001718498533591628
175,B,underwater,fx_level_z_252,-0.022607527673244476
175,alpha,,kospi_return_1d,0.020310821011662483
175,alpha,,fx_level_z_252,0.034487199038267136
176,beta,momentum,,-0.013421637937426567
176,beta,persist,,0.0895925834774971
176,beta,underwater,,0.02316458150744438
176,B,momentum,kospi_return_1d,-0.00010724843014031649
176,B,momentum,fx_level_z_252,0.0006043786997906864
176,B,persist,kospi_return_1d,0.002094832481816411
176,B,persist,fx_level_z_252,0.0003677787899505347
176,B,underwater,kospi_return_1d,-0.000144650912261568
176,B,underwater,fx_level_z_252,-0.022487659007310867
176,alpha,,kospi_return_1d,0.020519627258181572
176,alpha,,fx_level_z_252,0.03444496914744377
177,beta,momentum,,-0.013417643494904041
177,beta,persist,,0.08944999426603317
177,beta,underwater,,0.02286440320312977
177,B,momentum,kospi_return_1d,-0.00015336099022533745
177,B,momentum,fx_level_z_252,0.0009017123375087976
177,B,persist,kospi_return_1d,0.001800915109924972
177,B,persist,fx_level_z_252,0.00029600970447063446
177,B,underwater,kospi_return_1d,-0.00035833774018101394
177,B,underwater,fx_level_z_252,-0.02251211740076542
177,alpha,,kospi_return_1d,0.020561516284942627
177,alpha,,fx_level_z_252,0.03435984626412392
178,beta,momentum,,-0.013543951325118542
178,beta,persist,,0.08932017534971237
178,beta,underwater,,0.022716516628861427
178,B,momentum,kospi_return_1d,-0.00011551944044185802
178,B,momentum,fx_level_z_252,0.0010103367967531085
178,B,persist,kospi_return_1d,0.0013983125099912286
178,B,persist,fx_level_z_252,0.00028627802385017276
178,B,underwater,kospi_return_1d,-0.0005378156783990562
178,B,underwater,fx_level_z_252,-0.02240319736301899
178,alpha,,kospi_return_1d,0.02050173655152321
178,alpha,,fx_level_z_252,0.03424253314733505
179,beta,momentum,,-0.013665839098393917
179,beta,persist,,0.0892159715294838
179,beta,underwater,,0.022624803707003593
179,B,momentum,kospi_return_1d,-0.00011908343731192872
179,B,momentum,fx_level_z_252,0.0009800248080864549
179,B,persist,kospi_return_1d,0.0010537990601733327
179,B,persist,fx_level_z_252,0.0003844775492325425
179,B,underwater,kospi_return_1d,-0.0006974897696636617
179,B,underwater,fx_level_z_252,-0.022218745201826096
179,alpha,,kospi_return_1d,0.020429372787475586
179,alpha,,fx_level_z_252,0.03418493643403053
180,beta,momentum,,-0.013779815286397934
180,beta,persist,,0.08906059712171555
180,beta,underwater,,0.02249976247549057
180,B,momentum,kospi_return_1d,-0.00010359648149460554
180,B,momentum,fx_level_z_252,0.0008059549727477133
180,B,persist,kospi_return_1d,0.0008374591707251966
180,B,persist,fx_level_z_252,0.0004020141495857388
180,B,underwater,kospi_return_1d,-0.0006597999017685652
180,B,underwater,fx_level_z_252,-0.021952440962195396
180,alpha,,kospi_return_1d,0.020465176552534103
180,alpha,,fx_level_z_252,0.0342203825712204
181,beta,momentum,,-0.014151734299957752
181,beta,persist,,0.08905469626188278
181,beta,underwater,,0.022534193471074104
181,B,momentum,kospi_return_1d,4.311168595449999e-06
181,B,momentum,fx_level_z_252,0.0007499973871745169
181,B,persist,kospi_return_1d,0.0007479642517864704
181,B,persist,fx_level_z_252,0.00021908871713094413
181,B,underwater,kospi_return_1d,-0.0004485209356062114
181,B,underwater,fx_level_z_252,-0.02171056903898716
181,alpha,,kospi_return_1d,0.02048521861433983
181,alpha,,fx_level_z_252,0.034374505281448364
182,beta,momentum,,-0.014343740418553352
182,beta,persist,,0.08903186768293381
182,beta,underwater,,0.022668981924653053
182,B,momentum,kospi_return_1d,-1.141263055615127e-06
182,B,momentum,fx_level_z_252,0.0006515290006063879
182,B,persist,kospi_return_1d,0.0008007807773537934
182,B,persist,fx_level_z_252,6.442692392738536e-05
182,B,underwater,kospi_return_1d,-0.00017486712022218853
182,B,underwater,fx_level_z_252,-0.021521195769309998
182,alpha,,kospi_return_1d,0.02052006870508194
182,alpha,,fx_level_z_252,0.03461531922221184
183,beta,momentum,,-0.014367742463946342
183,beta,persist,,0.08891932666301727
183,beta,underwater,,0.02283518947660923
183,B,momentum,kospi_return_1d,-0.00013055777526460588
183,B,momentum,fx_level_z_252,0.0004409274843055755
183,B,persist,kospi_return_1d,0.0010488622356206179
183,B,persist,fx_level_z_252,-0.00014895011554472148
183,B,underwater,kospi_return_1d,0.00012433176743797958
183,B,underwater,fx_level_z_252,-0.021210692822933197
183,alpha,,kospi_return_1d,0.020683400332927704
183,alpha,,fx_level_z_252,0.03465612605214119
184,beta,momentum,,-0.014291626401245594
184,beta,persist,,0.08880436420440674
184,beta,underwater,,0.022856419906020164
184,B,momentum,kospi_return_1d,-0.00022178320796228945
184,B,momentum,fx_level_z_252,0.00030379105010069907
184,B,persist,kospi_return_1d,0.0011890114983543754
184,B,persist,fx_level_z_252,-0.00026197274564765394
184,B,underwater,kospi_return_1d,0.0002827167045325041
184,B,underwater,fx_level_z_252,-0.021082457154989243
184,alpha,,kospi_return_1d,0.02081909216940403
184,alpha,,fx_level_z_252,0.03469754010438919
185,beta,momentum,,-0.01405187975615263
185,beta,persist,,0.08870100229978561
185,beta,underwater,,0.022693555802106857
185,B,momentum,kospi_return_1d,-0.00041031595901586115
185,B,momentum,fx_level_z_252,0.00030315230833366513
185,B,persist,kospi_return_1d,0.0013524980749934912
185,B,persist,fx_level_z_252,-0.0001948886929312721
185,B,underwater,kospi_return_1d,0.00047893798910081387
185,B,underwater,fx_level_z_252,-0.02121553011238575
185,alpha,,kospi_return_1d,0.02095503732562065
185,alpha,,fx_level_z_252,0.034580208361148834
186,beta,momentum,,-0.013944022357463837
186,beta,persist,,0.08875419944524765
186,beta,underwater,,0.022599201649427414
186,B,momentum,kospi_return_1d,-0.0006790818297304213
186,B,momentum,fx_level_z_252,0.000475040462333709
186,B,persist,kospi_return_1d,0.0016939120832830667
186,B,persist,fx_level_z_252,-0.00010913387086475268
186,B,underwater,kospi_return_1d,0.000657749711535871
186,B,underwater,fx_level_z_252,-0.02153289131820202
186,alpha,,kospi_return_1d,0.020959466695785522
186,alpha,,fx_level_z_252,0.03473282232880592
187,beta,momentum,,-0.013808595947921276
187,beta,persist,,0.08887436985969543
187,beta,underwater,,0.02250671572983265
187,B,momentum,kospi_return_1d,-0.0009410385391674936
187,B,momentum,fx_level_z_252,0.0006212009466253221
187,B,persist,kospi_return_1d,0.0020365819800645113
187,B,persist,fx_level_z_252,-1.7192984159919433e-05
187,B,underwater,kospi_return_1d,0.0007608021842315793
187,B,underwater,fx_level_z_252,-0.021790802478790283
187,alpha,,kospi_return_1d,0.020876621827483177
187,alpha,,fx_level_z_252,0.03490187227725983
188,beta,momentum,,-0.013751265592873096
188,beta,persist,,0.08910313248634338
188,beta,underwater,,0.022389313206076622
188,B,momentum,kospi_return_1d,-0.0010387188522145152
188,B,momentum,fx_level_z_252,0.0007430488476529717
188,B,persist,kospi_return_1d,0.0021795639768242836
188,B,persist,fx_level_z_252,-1.3929998203821015e-05
188,B,underwater,kospi_return_1d,0.0006375359953381121
188,B,underwater,fx_level_z_252,-0.02212788537144661
188,alpha,,kospi_return_1d,0.02072809636592865
188,alpha,,fx_level_z_252,0.035056620836257935
189,beta,momentum,,-0.013776932843029499
189,beta,persist,,0.08925717324018478
189,beta,underwater,,0.022249940782785416
189,B,momentum,kospi_return_1d,-0.0010892816353589296
189,B,momentum,fx_level_z_252,0.000900012964848429
189,B,persist,kospi_return_1d,0.0023715004790574312
189,B,persist,fx_level_z_252,2.7201362172490917e-05
189,B,underwater,kospi_return_1d,0.00043309625471010804
189,B,underwater,fx_level_z_252,-0.022510183975100517
189,alpha,,kospi_return_1d,0.02064896933734417
189,alpha,,fx_level_z_252,0.03524469956755638
190,beta,momentum,,-0.013768753036856651
190,beta,persist,,0.08940394967794418
190,beta,underwater,,0.022283758968114853
190,B,momentum,kospi_return_1d,-0.0010273390216752887
190,B,momentum,fx_level_z_252,0.0010649171890690923
190,B,persist,kospi_return_1d,0.0023391293361783028
190,B,persist,fx_level_z_252,5.945305747445673e-05
190,B,underwater,kospi_return_1d,0.00010767823550850153
190,B,underwater,fx_level_z_252,-0.022821420803666115
190,alpha,,kospi_return_1d,0.020621834322810173
190,alpha,,fx_level_z_252,0.035414401441812515
191,beta,momentum,,-0.013583911582827568
191,beta,persist,,0.08946588635444641
191,beta,underwater,,0.022178426384925842
191,B,momentum,kospi_return_1d,-0.0009502698667347431
191,B,momentum,fx_level_z_252,0.001277252216823399
191,B,persist,kospi_return_1d,0.00235729175619781
191,B,persist,fx_level_z_252,5.297878306009807e-05
191,B,underwater,kospi_return_1d,-0.00021905588801018894
191,B,underwater,fx_level_z_252,-0.02315441146492958
191,alpha,,kospi_return_1d,0.02068283036351204
191,alpha,,fx_level_z_252,0.03552309423685074
192,beta,momentum,,-0.01333689410239458
192,beta,persist,,0.08949881792068481
192,beta,underwater,,0.022116152569651604
192,B,momentum,kospi_return_1d,-0.0007688157493248582
192,B,momentum,fx_level_z_252,0.001284675090573728
192,B,persist,kospi_return_1d,0.002410916378721595
192,B,persist,fx_level_z_252,-5.111609061714262e-05
192,B,underwater,kospi_return_1d,-0.0003693437611218542
192,B,underwater,fx_level_z_252,-0.023277584463357925
192,alpha,,kospi_return_1d,0.02079867012798786
192,alpha,,fx_level_z_252,0.03549879789352417
193,beta,momentum,,-0.013003097847104073
193,beta,persist,,0.08952441811561584
193,beta,underwater,,0.021952910348773003
193,B,momentum,kospi_return_1d,-0.0006054819095879793
193,B,momentum,fx_level_z_252,0.00143302115611732
193,B,persist,kospi_return_1d,0.0025242099072784185
193,B,persist,fx_level_z_252,-0.0001422133354935795
193,B,underwater,kospi_return_1d,-0.00038928596768528223
193,B,underwater,fx_level_z_252,-0.02346799708902836
193,alpha,,kospi_return_1d,0.021037062630057335
193,alpha,,fx_level_z_252,0.035480644553899765
194,beta,momentum,,-0.012772858142852783
194,beta,persist,,0.0894891545176506
194,beta,underwater,,0.02179296314716339
194,B,momentum,kospi_return_1d,-0.0004095642070751637
194,B,momentum,fx_level_z_252,0.0013678387040272355
194,B,persist,kospi_return_1d,0.002636931138113141
194,B,persist,fx_level_z_252,-3.4565986425150186e-05
194,B,underwater,kospi_return_1d,-0.00035932986065745354
194,B,underwater,fx_level_z_252,-0.02356533147394657
194,alpha,,kospi_return_1d,0.02127494290471077
194,alpha,,fx_level_z_252,0.03547285869717598
195,beta,momentum,,-0.012697153724730015
195,beta,persist,,0.08961799740791321
195,beta,underwater,,0.02198650687932968
195,B,momentum,kospi_return_1d,-0.0002873369085136801
195,B,momentum,fx_level_z_252,0.0009260600199922919
195,B,persist,kospi_return_1d,0.002832255559042096
195,B,persist,fx_level_z_252,7.723017915850505e-06
195,B,underwater,kospi_return_1d,-0.0003396971442271024
195,B,underwater,fx_level_z_252,-0.02331887185573578
195,alpha,,kospi_return_1d,0.02145175077021122
195,alpha,,fx_level_z_252,0.03557942807674408
196,beta,momentum,,-0.012786099687218666
196,beta,persist,,0.08971495926380157
196,beta,underwater,,0.022101126611232758
196,B,momentum,kospi_return_1d,-0.00019769158097915351
196,B,momentum,fx_level_z_252,0.0004953702446073294
196,B,persist,kospi_return_1d,0.0030535212717950344
196,B,persist,fx_level_z_252,2.306144597241655e-05
196,B,underwater,kospi_return_1d,-5.472789780469611e-05
196,B,underwater,fx_level_z_252,-0.023105798289179802
196,alpha,,kospi_return_1d,0.021575456485152245
196,alpha,,fx_level_z_252,0.03555311635136604
197,beta,momentum,,-0.013048834167420864
197,beta,persist,,0.08983250707387924
197,beta,underwater,,0.022441670298576355
197,B,momentum,kospi_return_1d,-7.278422708623111e-05
197,B,momentum,fx_level_z_252,3.632711013779044e-05
197,B,persist,kospi_return_1d,0.003084724536165595
197,B,persist,fx_level_z_252,4.802288458449766e-05
197,B,underwater,kospi_return_1d,2.8311311325524002e-05
197,B,underwater,fx_level_z_252,-0.022835159674286842
197,alpha,,kospi_return_1d,0.021422529593110085
197,alpha,,fx_level_z_252,0.03571372106671333
198,beta,momentum,,-0.013421276584267616
198,beta,persist,,0.08996953815221786
198,beta,underwater,,0.022792844101786613
198,B,momentum,kospi_return_1d,0.00016645154391881078
198,B,momentum,fx_level_z_252,-0.0006170512642711401
198,B,persist,kospi_return_1d,0.002904219552874565
198,B,persist,fx_level_z_252,0.0002603447646833956
198,B,underwater,kospi_return_1d,-0.0001380532921757549
198,B,underwater,fx_level_z_252,-0.022248312830924988
198,alpha,,kospi_return_1d,0.021048814058303833
198,alpha,,fx_level_z_252,0.0356733575463295
199,beta,momentum,,-0.013703742064535618
199,beta,persist,,0.09010180830955505
199,beta,underwater,,0.023010581731796265
199,B,momentum,kospi_return_1d,0.00016084627714008093
199,B,momentum,fx_level_z_252,-0.000929909641854465
199,B,persist,kospi_return_1d,0.002811451442539692
199,B,persist,fx_level_z_252,0.0004451604909263551
199,B,underwater,kospi_return_1d,-4.5142180169932544e-05
199,B,underwater,fx_level_z_252,-0.021786024793982506
199,alpha,,kospi_return_1d,0.020625656470656395
199,alpha,,fx_level_z_252,0.03558412194252014
200,beta,momentum,,-0.013909896835684776
200,beta,persist,,0.090141661465168
200,beta,underwater,,0.022995224222540855
200,B,momentum,kospi_return_1d,-7.608463783981279e-05
200,B,momentum,fx_level_z_252,-0.0008210696978494525
200,B,persist,kospi_return_1d,0.0026972831692546606
200,B,persist,fx_level_z_252,0.00046399832353927195
200,B,underwater,kospi_return_1d,0.00014020057278685272
200,B,underwater,fx_level_z_252,-0.02169404923915863
200,alpha,,kospi_return_1d,0.02034791186451912
200,alpha,,fx_level_z_252,0.035258758813142776
201,beta,momentum,,-0.01403477881103754
201,beta,persist,,0.09014566242694855
201,beta,underwater,,0.022881699725985527
201,B,momentum,kospi_return_1d,-8.458716183668002e-05
201,B,momentum,fx_level_z_252,-0.0005994685925543308
201,B,persist,kospi_return_1d,0.0024525763001292944
201,B,persist,fx_level_z_252,0.00047550300951115787
201,B,underwater,kospi_return_1d,8.44656242406927e-05
201,B,underwater,fx_level_z_252,-0.021651115268468857
201,alpha,,kospi_return_1d,0.020191017538309097
201,alpha,,fx_level_z_252,0.03494393080472946
202,beta,momentum,,-0.013969971798360348
202,beta,persist,,0.09008731693029404
202,beta,underwater,,0.022641703486442566
202,B,momentum,kospi_return_1d,-4.229224578011781e-05
202,B,momentum,fx_level_z_252,-0.00012714500189758837
202,B,persist,kospi_return_1d,0.0023902272805571556
202,B,persist,fx_level_z_252,0.00035106856375932693
202,B,underwater,kospi_return_1d,4.6280598326120526e-05
202,B,underwater,fx_level_z_252,-0.02183285541832447
202,alpha,,kospi_return_1d,0.020362893119454384
202,alpha,,fx_level_z_252,0.03471558168530464
203,beta,momentum,,-0.013930186629295349
203,beta,persist,,0.09000429511070251
203,beta,underwater,,0.02230844832956791
203,B,momentum,kospi_return_1d,0.00021835669758729637
203,B,momentum,fx_level_z_252,0.00048624479677528143
203,B,persist,kospi_return_1d,0.0022443507332354784
203,B,persist,fx_level_z_252,0.00024346666759811342
203,B,underwater,kospi_return_1d,-0.00013911424321122468
203,B,underwater,fx_level_z_252,-0.02217073179781437
203,alpha,,kospi_return_1d,0.02065177820622921
203,alpha,,fx_level_z_252,0.03450751304626465
204,beta,momentum,,-0.013765332289040089
204,beta,persist,,0.08988980203866959
204,beta,underwater,,0.02196161262691021
204,B,momentum,kospi_return_1d,0.0003005996986757964
204,B,momentum,fx_level_z_252,0.001027687219902873
204,B,persist,kospi_return_1d,0.0021548380609601736
204,B,persist,fx_level_z_252,0.0002571694494690746
204,B,underwater,kospi_return_1d,-0.00011686176003422588
204,B,underwater,fx_level_z_252,-0.022564418613910675
204,alpha,,kospi_return_1d,0.02090569958090782
204,alpha,,fx_level_z_252,0.03440243750810623
205,beta,momentum,,-0.01368800550699234
205,beta,persist,,0.08983903378248215
205,beta,underwater,,0.02195821888744831
205,B,momentum,kospi_return_1d,0.00038241749280132353
205,B,momentum,fx_level_z_252,0.0013212468475103378
205,B,persist,kospi_return_1d,0.002161609008908272
205,B,persist,fx_level_z_252,0.000238197433645837
205,B,underwater,kospi_return_1d,-0.0002921405539382249
205,B,underwater,fx_level_z_252,-0.022642044350504875
205,alpha,,kospi_return_1d,0.02115878090262413
205,alpha,,fx_level_z_252,0.03433706611394882
206,beta,momentum,,-0.013864055275917053
206,beta,persist,,0.08991484344005585
206,beta,underwater,,0.022085903212428093
206,B,momentum,kospi_return_1d,9.021528239827603e-05
206,B,momentum,fx_level_z_252,0.0015584665816277266
206,B,persist,kospi_return_1d,0.002109726658090949
206,B,persist,fx_level_z_252,0.00018119312881026417
206,B,underwater,kospi_return_1d,-0.0002756326284725219
206,B,underwater,fx_level_z_252,-0.022719064727425575
206,alpha,,kospi_return_1d,0.021287482231855392
206,alpha,,fx_level_z_252,0.03439612686634064
207,beta,momentum,,-0.013965340331196785
207,beta,persist,,0.0901213064789772
207,beta,underwater,,0.02208259142935276
207,B,momentum,kospi_return_1d,-0.00033533471287228167
207,B,momentum,fx_level_z_252,0.0019512725993990898
207,B,persist,kospi_return_1d,0.0020833099260926247
207,B,persist,fx_level_z_252,-8.845204865792766e-05
207,B,underwater,kospi_return_1d,-0.0001230499183293432
207,B,underwater,fx_level_z_252,-0.02287721075117588
207,alpha,,kospi_return_1d,0.02126009203493595
207,alpha,,fx_level_z_252,0.03436820209026337
208,beta,momentum,,-0.014039174653589725
208,beta,persist,,0.09032725542783737
208,beta,underwater,,0.022109437733888626
208,B,momentum,kospi_return_1d,-0.0006645966786891222
208,B,momentum,fx_level_z_252,0.002408419270068407
208,B,persist,kospi_return_1d,0.0021783760748803616
208,B,persist,fx_level_z_252,-0.00029550009639933705
208,B,underwater,kospi_return_1d,0.0002126192848663777
208,B,underwater,fx_level_z_252,-0.023172028362751007
208,alpha,,kospi_return_1d,0.021265404298901558
208,alpha,,fx_level_z_252,0.03441058099269867
209,beta,momentum,,-0.014252660796046257
209,beta,persist,,0.0905674621462822
209,beta,underwater,,0.02227136492729187
209,B,momentum,kospi_return_1d,-0.0009191022836603224
209,B,momentum,fx_level_z_252,0.0025640991516411304
209,B,persist,kospi_return_1d,0.002134113572537899
209,B,persist,fx_level_z_252,-0.00034177888301201165
209,B,underwater,kospi_return_1d,0.0003485901979729533
209,B,underwater,fx_level_z_252,-0.02309476025402546
209,alpha,,kospi_return_1d,0.02114751748740673
209,alpha,,fx_level_z_252,0.03449085354804993
210,beta,momentum,,-0.014704318717122078
210,beta,persist,,0.09084033221006393
210,beta,underwater,,0.022663747891783714
210,B,momentum,kospi_return_1d,-0.0010561436647549272
210,B,momentum,fx_level_z_252,0.0024589195381850004
210,B,persist,kospi_return_1d,0.0021369713358581066
210,B,persist,fx_level_z_252,-0.00026205478934571147
210,B,underwater,kospi_return_1d,0.0002287684183102101
210,B,underwater,fx_level_z_252,-0.02272103726863861
210,alpha,,kospi_return_1d,0.02099556103348732
210,alpha,,fx_level_z_252,0.034627024084329605
211,beta,momentum,,-0.01506786048412323
211,beta,persist,,0.0910572037100792
211,beta,underwater,,0.022995412349700928
211,B,momentum,kospi_return_1d,-0.0011242114705964923
211,B,momentum,fx_level_z_252,0.002363516017794609
211,B,persist,kospi_return_1d,0.00227369531057775
211,B,persist,fx_level_z_252,1.8408172763884068e-07
211,B,underwater,kospi_return_1d,-0.00012276337656658143
211,B,underwater,fx_level_z_252,-0.022393152117729187
211,alpha,,kospi_return_1d,0.020971056073904037
211,alpha,,fx_level_z_252,0.03466068208217621
212,beta,momentum,,-0.01521872915327549
212,beta,persist,,0.09115279465913773
212,beta,underwater,,0.023356709629297256
212,B,momentum,kospi_return_1d,-0.0010158825898543
212,B,momentum,fx_level_z_252,0.0020680760499089956
212,B,persist,kospi_return_1d,0.00249793054535985
212,B,persist,fx_level_z_252,0.00022061780327931046
212,B,underwater,kospi_return_1d,-0.00044502265518531203
212,B,underwater,fx_level_z_252,-0.02199690416455269
212,alpha,,kospi_return_1d,0.020911626517772675
212,alpha,,fx_level_z_252,0.03465575352311134
213,beta,momentum,,-0.015413481742143631
213,beta,persist,,0.09125897288322449
213,beta,underwater,,0.023701591417193413
213,B,momentum,kospi_return_1d,-0.0007175825303420424
213,B,momentum,fx_level_z_252,0.001588974380865693
213,B,persist,kospi_return_1d,0.0025088125839829445
213,B,persist,fx_level_z_252,0.00044784334022551775
213,B,underwater,kospi_return_1d,-0.0006990877445787191
213,B,underwater,fx_level_z_252,-0.021391896530985832
213,alpha,,kospi_return_1d,0.02087007276713848
213,alpha,,fx_level_z_252,0.0345798134803772
214,beta,momentum,,-0.015457991510629654
214,beta,persist,,0.09142852574586868
214,beta,underwater,,0.024061672389507294
214,B,momentum,kospi_return_1d,-0.0005195400444790721
214,B,momentum,fx_level_z_252,0.0011346284300088882
214,B,persist,kospi_return_1d,0.0026840094942599535
214,B,persist,fx_level_z_252,0.0004743832105305046
214,B,underwater,kospi_return_1d,-0.0007950776489451528
214,B,underwater,fx_level_z_252,-0.020876610651612282
214,alpha,,kospi_return_1d,0.02075822465121746
214,alpha,,fx_level_z_252,0.03461987525224686
215,beta,momentum,,-0.015448372811079025
215,beta,persist,,0.09146988391876221
215,beta,underwater,,0.02435881271958351
215,B,momentum,kospi_return_1d,-0.00040302466368302703
215,B,momentum,fx_level_z_252,0.0006793128559365869
215,B,persist,kospi_return_1d,0.00268728518858552
215,B,persist,fx_level_z_252,0.00037419001455418766
215,B,underwater,kospi_return_1d,-0.0007715054671280086
215,B,underwater,fx_level_z_252,-0.020455889403820038
215,alpha,,kospi_return_1d,0.020627198740839958
215,alpha,,fx_level_z_252,0.03469264507293701
216,beta,momentum,,-0.015356240794062614
216,beta,persist,,0.0914711281657219
216,beta,underwater,,0.024510584771633148
216,B,momentum,kospi_return_1d,-0.00016729230992496014
216,B,momentum,fx_level_z_252,0.0003514789859764278
216,B,persist,kospi_return_1d,0.0026234802789986134
216,B,persist,fx_level_z_252,0.00027219566982239485
216,B,underwater,kospi_return_1d,-0.0006488731014542282
216,B,underwater,fx_level_z_252,-0.020300764590501785
216,alpha,,kospi_return_1d,0.02044210024178028
216,alpha,,fx_level_z_252,0.03473988547921181
217,beta,momentum,,-0.015226145274937153
217,beta,persist,,0.09145136177539825
217,beta,underwater,,0.024477271363139153
217,B,momentum,kospi_return_1d,-0.00014516111696138978
217,B,momentum,fx_level_z_252,0.000271320779575035
217,B,persist,kospi_return_1d,0.0026951623149216175
217,B,persist,fx_level_z_252,-9.732865146361291e-05
217,B,underwater,kospi_return_1d,-0.0003511130635160953
217,B,underwater,fx_level_z_252,-0.02031175047159195
217,alpha,,kospi_return_1d,0.020371761173009872
217,alpha,,fx_level_z_252,0.03466719016432762
218,beta,momentum,,-0.015177976340055466
218,beta,persist,,0.09136515110731125
218,beta,underwater,,0.024349108338356018
218,B,momentum,kospi_return_1d,-0.00011417130735935643
218,B,momentum,fx_level_z_252,0.0003756902879104018
218,B,persist,kospi_return_1d,0.0026203414890915155
218,B,persist,fx_level_z_252,-0.0005446033319458365
218,B,underwater,kospi_return_1d,-9.150437836069614e-05
218,B,underwater,fx_level_z_252,-0.020413419231772423
218,alpha,,kospi_return_1d,0.02048739790916443
218,alpha,,fx_level_z_252,0.03461289033293724
219,beta,momentum,,-0.01507734227925539
219,beta,persist,,0.0912308394908905
219,beta,underwater,,0.024021243676543236
219,B,momentum,kospi_return_1d,-0.00019616448844317347
219,B,momentum,fx_level_z_252,0.0006317312363535166
219,B,persist,kospi_return_1d,0.0026054277550429106
219,B,persist,fx_level_z_252,-0.0008461473044008017
219,B,underwater,kospi_return_1d,0.00035086588468402624
219,B,underwater,fx_level_z_252,-0.02072146162390709
219,alpha,,kospi_return_1d,0.02060149610042572
219,alpha,,fx_level_z_252,0.034461356699466705
220,beta,momentum,,-0.015004280023276806
220,beta,persist,,0.09103861451148987
220,beta,underwater,,0.023745227605104446
220,B,momentum,kospi_return_1d,-0.0001529822329757735
220,B,momentum,fx_level_z_252,0.0007369939121417701
220,B,persist,kospi_return_1d,0.0024443245492875576
220,B,persist,fx_level_z_252,-0.000817258027382195
220,B,underwater,kospi_return_1d,0.0005915386136621237
220,B,underwater,fx_level_z_252,-0.02098028175532818
220,alpha,,kospi_return_1d,0.020809238776564598
220,alpha,,fx_level_z_252,0.03449750691652298
221,beta,momentum,,-0.014942619949579239
221,beta,persist,,0.09087106585502625
221,beta,underwater,,0.02339445985853672
221,B,momentum,kospi_return_1d,-0.00010281608410878107
221,B,momentum,fx_level_z_252,0.000890024530235678
221,B,persist,kospi_return_1d,0.002268314128741622
221,B,persist,fx_level_z_252,-0.000748034508433193
221,B,underwater,kospi_return_1d,0.0007107218843884766
221,B,underwater,fx_level_z_252,-0.02125115692615509
221,alpha,,kospi_return_1d,0.021007748320698738
221,alpha,,fx_level_z_252,0.03434544801712036
222,beta,momentum,,-0.014767813496291637
222,beta,persist,,0.0907326191663742
222,beta,underwater,,0.023038243874907494
222,B,momentum,kospi_return_1d,2.4960734663181938e-05
222,B,momentum,fx_level_z_252,0.0009929249063134193
222,B,persist,kospi_return_1d,0.002239425200968981
222,B,persist,fx_level_z_252,-0.0006523425690829754
222,B,underwater,kospi_return_1d,0.0007283403538167477
222,B,underwater,fx_level_z_252,-0.02154701016843319
222,alpha,,kospi_return_1d,0.021176636219024658
222,alpha,,fx_level_z_252,0.034187451004981995
223,beta,momentum,,-0.014593539759516716
223,beta,persist,,0.0905524417757988
223,beta,underwater,,0.02271510660648346
223,B,momentum,kospi_return_1d,-3.531058246153407e-05
223,B,momentum,fx_level_z_252,0.0009636758477427065
223,B,persist,kospi_return_1d,0.0022251317277550697
223,B,persist,fx_level_z_252,-0.00032871641451492906
223,B,underwater,kospi_return_1d,0.000582503154873848
223,B,underwater,fx_level_z_252,-0.02178792469203472
223,alpha,,kospi_return_1d,0.021165603771805763
223,alpha,,fx_level_z_252,0.03399941325187683
224,beta,momentum,,-0.014377781189978123
224,beta,persist,,0.0904402881860733
224,beta,underwater,,0.022399714216589928
224,B,momentum,kospi_return_1d,-9.245375986211002e-05
224,B,momentum,fx_level_z_252,0.0008418657234869897
224,B,persist,kospi_return_1d,0.002221467671915889
224,B,persist,fx_level_z_252,3.841108991764486e-06
224,B,underwater,kospi_return_1d,0.0004289568751119077
224,B,underwater,fx_level_z_252,-0.021939489990472794
224,alpha,,kospi_return_1d,0.0211196169257164
224,alpha,,fx_level_z_252,0.033826958388090134
225,beta,momentum,,-0.014309038408100605
225,beta,persist,,0.09028279781341553
225,beta,underwater,,0.02208821475505829
225,B,momentum,kospi_return_1d,-0.0001957014319486916
225,B,momentum,fx_level_z_252,0.0006591628771275282
225,B,persist,kospi_return_1d,0.002208964666351676
225,B,persist,fx_level_z_252,0.0002943163854070008
225,B,underwater,kospi_return_1d,0.0002281181514263153
225,B,underwater,fx_level_z_252,-0.02198687382042408
225,alpha,,kospi_return_1d,0.021095553413033485
225,alpha,,fx_level_z_252,0.033637695014476776
226,beta,momentum,,-0.014245551079511642
226,beta,persist,,0.09020187705755234
226,beta,underwater,,0.02190420776605606
226,B,momentum,kospi_return_1d,-0.00016214861534535885
226,B,momentum,fx_level_z_252,0.0004413197166286409
226,B,persist,kospi_return_1d,0.002177086193114519
226,B,persist,fx_level_z_252,0.0004417951568029821
226,B,underwater,kospi_return_1d,-3.58249235432595e-05
226,B,underwater,fx_level_z_252,-0.02208675816655159
226,alpha,,kospi_return_1d,0.0210989098995924
226,alpha,,fx_level_z_252,0.033661019057035446
227,beta,momentum,,-0.014463219791650772
227,beta,persist,,0.09018758684396744
227,beta,underwater,,0.022022394463419914
227,B,momentum,kospi_return_1d,5.780482752015814e-06
227,B,momentum,fx_level_z_252,0.0001476152683608234
227,B,persist,kospi_return_1d,0.001946514705196023
227,B,persist,fx_level_z_252,0.0005724231014028192
227,B,underwater,kospi_return_1d,-0.0006091484101489186
227,B,underwater,fx_level_z_252,-0.021999342367053032
227,alpha,,kospi_return_1d,0.020971165969967842
227,alpha,,fx_level_z_252,0.0338861308991909
228,beta,momentum,,-0.014563163742423058
228,beta,persist,,0.09007138758897781
228,beta,underwater,,0.022043609991669655
228,B,momentum,kospi_return_1d,1.6870944818947464e-06
228,B,momentum,fx_level_z_252,-2.4431923520751297e-05
228,B,persist,kospi_return_1d,0.001900932751595974
228,B,persist,fx_level_z_252,0.000563576933927834
228,B,underwater,kospi_return_1d,-0.0008722789352759719
228,B,underwater,fx_level_z_252,-0.02200680412352085
228,alpha,,kospi_return_1d,0.020943567156791687
228,alpha,,fx_level_z_252,0.03408418968319893
229,beta,momentum,,-0.014666112139821053
229,beta,persist,,0.09004192799329758
229,beta,underwater,,0.022093327715992928
229,B,momentum,kospi_return_1d,-8.208154031308368e-05
229,B,momentum,fx_level_z_252,6.004122406011447e-05
229,B,persist,kospi_return_1d,0.001971061574295163
229,B,persist,fx_level_z_252,0.0005422384710982442
229,B,underwater,kospi_return_1d,-0.0009721186943352222
229,B,underwater,fx_level_z_252,-0.022094450891017914
229,alpha,,kospi_return_1d,0.02078741043806076
229,alpha,,fx_level_z_252,0.034465305507183075
230,beta,momentum,,-0.01475482527166605
230,beta,persist,,0.08996088057756424
230,beta,underwater,,0.022194502875208855
230,B,momentum,kospi_return_1d,3.8189133192645386e-05
230,B,momentum,fx_level_z_252,0.00010686394671211019
230,B,persist,kospi_return_1d,0.0019192174077033997
230,B,persist,fx_level_z_252,0.0006265944102779031
230,B,underwater,kospi_return_1d,-0.0010975992772728205
230,B,underwater,fx_level_z_252,-0.02210223115980625
230,alpha,,kospi_return_1d,0.020786890760064125
230,alpha,,fx_level_z_252,0.03480548411607742
231,beta,momentum,,-0.01493496261537075
231,beta,persist,,0.08992309868335724
231,beta,underwater,,0.022295702248811722
231,B,momentum,kospi_return_1d,1.8985516362590715e-05
231,B,momentum,fx_level_z_252,0.00035649427445605397
231,B,persist,kospi_return_1d,0.0018351457547396421
231,B,persist,fx_level_z_252,0.0005803386447951198
231,B,underwater,kospi_return_1d,-0.0009629691485315561
231,B,underwater,fx_level_z_252,-0.022056039422750473
231,alpha,,kospi_return_1d,0.020836681127548218
231,alpha,,fx_level_z_252,0.03496413677930832
232,beta,momentum,,-0.014968481846153736
232,beta,persist,,0.08984211087226868
232,beta,underwater,,0.022386644035577774
232,B,momentum,kospi_return_1d,-0.00015251839067786932
232,B,momentum,fx_level_z_252,0.0005234316922724247
232,B,persist,kospi_return_1d,0.001956366002559662
232,B,persist,fx_level_z_252,0.0004815517459064722
232,B,underwater,kospi_return_1d,-0.0006848573684692383
232,B,underwater,fx_level_z_252,-0.022067630663514137
232,alpha,,kospi_return_1d,0.020866448059678078
232,alpha,,fx_level_z_252,0.0351531021296978
233,beta,momentum,,-0.014923982322216034
233,beta,persist,,0.08967719972133636
233,beta,underwater,,0.022312238812446594
233,B,momentum,kospi_return_1d,-0.0003126697847619653
233,B,momentum,fx_level_z_252,0.0006993753486312926
233,B,persist,kospi_return_1d,0.0021804007701575756
233,B,persist,fx_level_z_252,0.0003216751792933792
233,B,underwater,kospi_return_1d,-0.00030106835765764117
233,B,underwater,fx_level_z_252,-0.022230105474591255
233,alpha,,kospi_return_1d,0.0209675133228302
233,alpha,,fx_level_z_252,0.03521027788519859
234,beta,momentum,,-0.014934929087758064
234,beta,persist,,0.08952559530735016
234,beta,underwater,,0.022147858515381813
234,B,momentum,kospi_return_1d,-0.0004264714661985636
234,B,momentum,fx_level_z_252,0.0010825211647897959
234,B,persist,kospi_return_1d,0.002433247398585081
234,B,persist,fx_level_z_252,-7.124023977667093e-05
234,B,underwater,kospi_return_1d,0.00015001496649347246
234,B,underwater,fx_level_z_252,-0.022550275549292564
234,alpha,,kospi_return_1d,0.021021191030740738
234,alpha,,fx_level_z_252,0.03523099794983864
235,beta,momentum,,-0.015076356008648872
235,beta,persist,,0.08960529416799545
235,beta,underwater,,0.022206222638487816
235,B,momentum,kospi_return_1d,-0.0005157181876711547
235,B,momentum,fx_level_z_252,0.001296701724641025
235,B,persist,kospi_return_1d,0.0026255862321704626
235,B,persist,fx_level_z_252,-0.0006162251811474562
235,B,underwater,kospi_return_1d,0.0005136518157087266
235,B,underwater,fx_level_z_252,-0.02271769568324089
235,alpha,,kospi_return_1d,0.020892295986413956
235,alpha,,fx_level_z_252,0.03546266630291939
236,beta,momentum,,-0.01520486082881689
236,beta,persist,,0.08975831419229507
236,beta,underwater,,0.02245781384408474
236,B,momentum,kospi_return_1d,-0.000489325262606144
236,B,momentum,fx_level_z_252,0.001298901392146945
236,B,persist,kospi_return_1d,0.0028188766445964575
236,B,persist,fx_level_z_252,-0.0007813627598807216
236,B,underwater,kospi_return_1d,0.0007025122758932412
236,B,underwater,fx_level_z_252,-0.022674700245261192
236,alpha,,kospi_return_1d,0.020505612716078758
236,alpha,,fx_level_z_252,0.03582708537578583
237,beta,momentum,,-0.015242473222315311
237,beta,persist,,0.08990631997585297
237,beta,underwater,,0.0226365365087986
237,B,momentum,kospi_return_1d,-0.00035546612343750894
237,B,momentum,fx_level_z_252,0.0011648922227323055
237,B,persist,kospi_return_1d,0.0029157239478081465
237,B,persist,fx_level_z_252,-0.000845205329824239
237,B,underwater,kospi_return_1d,0.0006985991494730115
237,B,underwater,fx_level_z_252,-0.022501260042190552
237,alpha,,kospi_return_1d,0.020186880603432655
237,alpha,,fx_level_z_252,0.036006998270750046
238,beta,momentum,,-0.015241998247802258
238,beta,persist,,0.08999818563461304
238,beta,underwater,,0.02264466881752014
238,B,momentum,kospi_return_1d,-0.00011654001718852669
238,B,momentum,fx_level_z_252,0.0010664043948054314
238,B,persist,kospi_return_1d,0.002822570037096739
238,B,persist,fx_level_z_252,-0.0007803892949596047
238,B,underwater,kospi_return_1d,0.0006131702102720737
238,B,underwater,fx_level_z_252,-0.0224051084369421
238,alpha,,kospi_return_1d,0.019990572705864906
238,alpha,,fx_level_z_252,0.03589742258191109
239,beta,momentum,,-0.015303682535886765
239,beta,persist,,0.09012042731046677
239,beta,underwater,,0.022679783403873444
239,B,momentum,kospi_return_1d,5.523733125301078e-05
239,B,momentum,fx_level_z_252,0.0009041601442731917
239,B,persist,kospi_return_1d,0.0026810322888195515
239,B,persist,fx_level_z_252,-0.0007347074570134282
239,B,underwater,kospi_return_1d,0.0004250103665981442
239,B,underwater,fx_level_z_252,-0.02229003794491291
239,alpha,,kospi_return_1d,0.019672032445669174
239,alpha,,fx_level_z_252,0.035651516169309616
240,beta,momentum,,-0.015372761525213718
240,beta,persist,,0.09024317562580109
240,beta,underwater,,0.022770069539546967
240,B,momentum,kospi_return_1d,0.00022357815760187805
240,B,momentum,fx_level_z_252,0.0006696463096886873
240,B,persist,kospi_return_1d,0.0024921877775341272
240,B,persist,fx_level_z_252,-0.0005285463994368911
240,B,underwater,kospi_return_1d,0.00011692398402374238
240,B,underwater,fx_level_z_252,-0.022077767178416252
240,alpha,,kospi_return_1d,0.019267048686742783
240,alpha,,fx_level_z_252,0.035530202090740204
241,beta,momentum,,-0.01529742032289505
241,beta,persist,,0.09025099873542786
241,beta,underwater,,0.022751735523343086
241,B,momentum,kospi_return_1d,0.0003387301694601774
241,B,momentum,fx_level_z_252,0.00032522613764740527
241,B,persist,kospi_return_1d,0.0023006638512015343
241,B,persist,fx_level_z_252,-3.82335128961131e-05
241,B,underwater,kospi_return_1d,-0.00027835811488330364
241,B,underwater,fx_level_z_252,-0.02184595726430416
241,alpha,,kospi_return_1d,0.019109640270471573
241,alpha,,fx_level_z_252,0.03526061773300171
242,beta,momentum,,-0.01527787558734417
242,beta,persist,,0.09022592753171921
242,beta,underwater,,0.022764509543776512
242,B,momentum,kospi_return_1d,0.00025216382346116006
242,B,momentum,fx_level_z_252,-0.00010838017624337226
242,B,persist,kospi_return_1d,0.002187176141887903
242,B,persist,fx_level_z_252,0.0002886662259697914
242,B,underwater,kospi_return_1d,-0.00048581676674075425
242,B,underwater,fx_level_z_252,-0.02165755070745945
242,alpha,,kospi_return_1d,0.01898743025958538
242,alpha,,fx_level_z_252,0.0351107195019722
243,beta,momentum,,-0.01528059784322977
243,beta,persist,,0.09017693251371384
243,beta,underwater,,0.022828364744782448
243,B,momentum,kospi_return_1d,2.6035828341264278e-05
243,B,momentum,fx_level_z_252,-0.00042573193786665797
243,B,persist,kospi_return_1d,0.002311434829607606
243,B,persist,fx_level_z_252,0.0003914776025339961
243,B,underwater,kospi_return_1d,-0.0004191205953247845
243,B,underwater,fx_level_z_252,-0.021472100168466568
243,alpha,,kospi_return_1d,0.01884247362613678
243,alpha,,fx_level_z_252,0.034846436232328415
244,beta,momentum,,-0.015284029766917229
244,beta,persist,,0.09014789760112762
244,beta,underwater,,0.022770976647734642
244,B,momentum,kospi_return_1d,-0.00021476743859238923
244,B,momentum,fx_level_z_252,-0.0005941844428889453
244,B,persist,kospi_return_1d,0.002575857564806938
244,B,persist,fx_level_z_252,0.0005239510210230947
244,B,underwater,kospi_return_1d,-0.00019811633683275431
244,B,underwater,fx_level_z_252,-0.0214246716350317
244,alpha,,kospi_return_1d,0.018826238811016083
244,alpha,,fx_level_z_252,0.03446386381983757
245,beta,momentum,,-0.01531986054033041
245,beta,persist,,0.0901041105389595
245,beta,underwater,,0.0226399227976799
245,B,momentum,kospi_return_1d,-0.0005003220867365599
245,B,momentum,fx_level_z_252,-0.0005313224974088371
245,B,persist,kospi_return_1d,0.002769700950011611
245,B,persist,fx_level_z_252,0.00045958778355270624
245,B,underwater,kospi_return_1d,0.0001117865031119436
245,B,underwater,fx_level_z_252,-0.02145765908062458
245,alpha,,kospi_return_1d,0.018884308636188507
245,alpha,,fx_level_z_252,0.033982109278440475
246,beta,momentum,,-0.015324330888688564
246,beta,persist,,0.09010041505098343
246,beta,underwater,,0.0225935447961092
246,B,momentum,kospi_return_1d,-0.0005292261485010386
246,B,momentum,fx_level_z_252,-0.00037167908158153296
246,B,persist,kospi_return_1d,0.0029158610850572586
246,B,persist,fx_level_z_252,0.00022059159527998418
246,B,underwater,kospi_return_1d,0.00024970914819277823
246,B,underwater,fx_level_z_252,-0.021468469873070717
246,alpha,,kospi_return_1d,0.01895499788224697
246,alpha,,fx_level_z_252,0.03378861024975777
247,beta,momentum,,-0.015263252891600132
247,beta,persist,,0.09010472148656845
247,beta,underwater,,0.022487083449959755
247,B,momentum,kospi_return_1d,-0.00044153639464639127
247,B,momentum,fx_level_z_252,-0.0002157737035304308
247,B,persist,kospi_return_1d,0.0027918757405132055
247,B,persist,fx_level_z_252,0.00011272917618043721
247,B,underwater,kospi_return_1d,0.0002622786851134151
247,B,underwater,fx_level_z_252,-0.021435217931866646
247,alpha,,kospi_return_1d,0.018969185650348663
247,alpha,,fx_level_z_252,0.03358440846204758
248,beta,momentum,,-0.015163554809987545
248,beta,persist,,0.09000135213136673
248,beta,underwater,,0.022264063358306885
248,B,momentum,kospi_return_1d,-0.0005057540256530046
248,B,momentum,fx_level_z_252,9.287158900406212e-05
248,B,persist,kospi_return_1d,0.002832557074725628
248,B,persist,fx_level_z_252,-3.2116135116666555e-05
248,B,underwater,kospi_return_1d,0.0003716649080161005
248,B,underwater,fx_level_z_252,-0.021448997780680656
248,alpha,,kospi_return_1d,0.019087688997387886
248,alpha,,fx_level_z_252,0.03319668024778366
249,beta,momentum,,-0.015078172087669373
249,beta,persist,,0.08991122245788574
249,beta,underwater,,0.02204974927008152
249,B,momentum,kospi_return_1d,-0.0005204113549552858
249,B,momentum,fx_level_z_252,0.0002378325443714857
249,B,persist,kospi_return_1d,0.0029165290761739016
249,B,persist,fx_level_z_252,-4.594208803609945e-05
249,B,underwater,kospi_return_1d,0.00037616529152728617
249,B,underwater,fx_level_z_252,-0.021412210538983345
249,alpha,,kospi_return_1d,0.019197773188352585
249,alpha,,fx_level_z_252,0.03292557969689369
250,beta,momentum,,-0.015047725290060043
250,beta,persist,,0.08985695242881775
250,beta,underwater,,0.022035561501979828
250,B,momentum,kospi_return_1d,-0.0003759800165425986
250,B,momentum,fx_level_z_252,0.0004203864373266697
250,B,persist,kospi_return_1d,0.0029835745226591825
250,B,persist,fx_level_z_252,-2.9204889870015904e-05
250,B,underwater,kospi_return_1d,0.00017341438797302544
250,B,underwater,fx_level_z_252,-0.021346095949411392
250,alpha,,kospi_return_1d,0.019242379814386368
250,alpha,,fx_level_z_252,0.03288014605641365
251,beta,momentum,,-0.015028419904410839
251,beta,persist,,0.08980858325958252
251,beta,underwater,,0.022056452929973602
251,B,momentum,kospi_return_1d,-0.00017154548550024629
251,B,momentum,fx_level_z_252,0.0003982087364420295
251,B,persist,kospi_return_1d,0.0029571251943707466
251,B,persist,fx_level_z_252,4.154110865783878e-05
251,B,underwater,kospi_return_1d,-9.327025327365845e-05
251,B,underwater,fx_level_z_252,-0.021252255886793137
251,alpha,,kospi_return_1d,0.019396724179387093
251,alpha,,fx_level_z_252,0.03299426659941673
252,beta,momentum,,-0.015030665323138237
252,beta,persist,,0.08973629027605057
252,beta,underwater,,0.022191612049937248
252,B,momentum,kospi_return_1d,-8.719400648260489e-05
252,B,momentum,fx_level_z_252,0.00020425982074812055
252,B,persist,kospi_return_1d,0.0029309261590242386
252,B,persist,fx_level_z_252,7.42281845305115e-05
252,B,underwater,kospi_return_1d,-0.00031810501241125166
252,B,underwater,fx_level_z_252,-0.021070009097456932
252,alpha,,kospi_return_1d,0.019457727670669556
252,alpha,,fx_level_z_252,0.033125005662441254
253,beta,momentum,,-0.01491523813456297
253,beta,persist,,0.0897044762969017
253,beta,underwater,,0.02219775691628456
253,B,momentum,kospi_return_1d,5.101852002553642e-05
253,B,momentum,fx_level_z_252,0.00017490057507529855
253,B,persist,kospi_return_1d,0.002912986557930708
253,B,persist,fx_level_z_252,-8.502312994096428e-05
253,B,underwater,kospi_return_1d,-0.0002855371858458966
253,B,underwater,fx_level_z_252,-0.021072564646601677
253,alpha,,kospi_return_1d,0.01952550932765007
253,alpha,,fx_level_z_252,0.033292513340711594
254,beta,momentum,,-0.015070402063429356
254,beta,persist,,0.08972319960594177
254,beta,underwater,,0.022268109023571014
254,B,momentum,kospi_return_1d,8.492393681081012e-05
254,B,momentum,fx_level_z_252,4.6054210542934015e-05
254,B,persist,kospi_return_1d,0.0028144007083028555
254,B,persist,fx_level_z_252,-0.0002649915113579482
254,B,underwater,kospi_return_1d,-0.00024641657364554703
254,B,underwater,fx_level_z_252,-0.020971061661839485
254,alpha,,kospi_return_1d,0.019560255110263824
254,alpha,,fx_level_z_252,0.03332582116127014
255,beta,momentum,,-0.015316847711801529
255,beta,persist,,0.0898577943444252
255,beta,underwater,,0.022339636459946632
255,B,momentum,kospi_return_1d,4.164817801211029e-05
255,B,momentum,fx_level_z_252,1.214438452734612e-05
255,B,persist,kospi_return_1d,0.002790893195196986
255,B,persist,fx_level_z_252,-0.00046675041085109115
255,B,underwater,kospi_return_1d,-0.0001817381416913122
255,B,underwater,fx_level_z_252,-0.020950090140104294
255,alpha,,kospi_return_1d,0.019565358757972717
255,alpha,,fx_level_z_252,0.033588677644729614
256,beta,momentum,,-0.015358410775661469
256,beta,persist,,0.08989835530519485
256,beta,underwater,,0.022295113652944565
256,B,momentum,kospi_return_1d,-9.376132220495492e-05
256,B,momentum,fx_level_z_252,8.445816638413817e-05
256,B,persist,kospi_return_1d,0.0028050134424120188
256,B,persist,fx_level_z_252,-0.000538575230166316
256,B,underwater,kospi_return_1d,-0.00010882882634177804
256,B,underwater,fx_level_z_252,-0.021027985960245132
256,alpha,,kospi_return_1d,0.01961824670433998
256,alpha,,fx_level_z_252,0.03373514860868454
257,beta,momentum,,-0.015315004624426365
257,beta,persist,,0.08986645936965942
257,beta,underwater,,0.02205505780875683
257,B,momentum,kospi_return_1d,-0.00015353922208305448
257,B,momentum,fx_level_z_252,0.0004302171291783452
257,B,persist,kospi_return_1d,0.002888594288378954
257,B,persist,fx_level_z_252,-0.0006800687406212091
257,B,underwater,kospi_return_1d,0.00017063168343156576
257,B,underwater,fx_level_z_252,-0.021345818415284157
257,alpha,,kospi_return_1d,0.019815435633063316
257,alpha,,fx_level_z_252,0.03377585485577583
258,beta,momentum,,-0.015221558511257172
258,beta,persist,,0.08986004441976547
258,beta,underwater,,0.021879887208342552
258,B,momentum,kospi_return_1d,-6.594994920305908e-05
258,B,momentum,fx_level_z_252,0.0007746064802631736
258,B,persist,kospi_return_1d,0.003046915167942643
258,B,persist,fx_level_z_252,-0.0008190759690478444
258,B,underwater,kospi_return_1d,0.00023274940031114966
258,B,underwater,fx_level_z_252,-0.021643243730068207
258,alpha,,kospi_return_1d,0.01998581737279892
258,alpha,,fx_level_z_252,0.03374607115983963
259,beta,momentum,,-0.015025290660560131
259,beta,persist,,0.08975083380937576
259,beta,underwater,,0.02171311341226101
259,B,momentum,kospi_return_1d,-5.8712037571240216e-05
259,B,momentum,fx_level_z_252,0.0010718563571572304
259,B,persist,kospi_return_1d,0.0032169241458177567
259,B,persist,fx_level_z_252,-0.0009415933163836598
259,B,underwater,kospi_return_1d,0.00010134997864952311
259,B,underwater,fx_level_z_252,-0.021912401542067528
259,alpha,,kospi_return_1d,0.020233958959579468
259,alpha,,fx_level_z_252,0.03352842107415199
260,beta,momentum,,-0.014826290309429169
260,beta,persist,,0.0896570086479187
260,beta,underwater,,0.021586790680885315
260,B,momentum,kospi_return_1d,-0.0001659453264437616
260,B,momentum,fx_level_z_252,0.0011841637315228581
260,B,persist,kospi_return_1d,0.0035583972930908203
260,B,persist,fx_level_z_252,-0.0008334607700817287
260,B,underwater,kospi_return_1d,1.648263423703611e-05
260,B,underwater,fx_level_z_252,-0.022049155086278915
260,alpha,,kospi_return_1d,0.020317472517490387
260,alpha,,fx_level_z_252,0.033285558223724365
261,beta,momentum,,-0.014754170551896095
261,beta,persist,,0.08963413536548615
261,beta,underwater,,0.02153508923947811
261,B,momentum,kospi_return_1d,-0.00022996959160082042
261,B,momentum,fx_level_z_252,0.0012290828162804246
261,B,persist,kospi_return_1d,0.003821622347459197
261,B,persist,fx_level_z_252,-0.0007261654827743769
261,B,underwater,kospi_return_1d,-7.245302549563348e-05
261,B,underwater,fx_level_z_252,-0.022153468802571297
261,alpha,,kospi_return_1d,0.02023974433541298
261,alpha,,fx_level_z_252,0.03313414379954338
262,beta,momentum,,-0.01471780426800251
262,beta,persist,,0.0896589607000351
262,beta,underwater,,0.021491311490535736
262,B,momentum,kospi_return_1d,-6.592589488718659e-05
262,B,momentum,fx_level_z_252,0.0010382364271208644
262,B,persist,kospi_return_1d,0.003945226315408945
262,B,persist,fx_level_z_252,-0.0005071774357929826
262,B,underwater,kospi_return_1d,-0.0001928695710375905
262,B,underwater,fx_level_z_252,-0.022093873471021652
262,alpha,,kospi_return_1d,0.020210962742567062
262,alpha,,fx_level_z_252,0.03304344415664673
263,beta,momentum,,-0.014801546931266785
263,beta,persist,,0.0897597074508667
263,beta,underwater,,0.021537015214562416
263,B,momentum,kospi_return_1d,0.00017916070646606386
263,B,momentum,fx_level_z_252,0.0006471435772255063
263,B,persist,kospi_return_1d,0.004048386588692665
263,B,persist,fx_level_z_252,-0.0001802314363885671
263,B,underwater,kospi_return_1d,-0.0004000898916274309
263,B,underwater,fx_level_z_252,-0.02201499231159687
263,alpha,,kospi_return_1d,0.020220469683408737
263,alpha,,fx_level_z_252,0.03314468637108803
264,beta,momentum,,-0.014882857911288738
264,beta,persist,,0.08993121236562729
264,beta,underwater,,0.02144704945385456
264,B,momentum,kospi_return_1d,0.00028114233282394707
264,B,momentum,fx_level_z_252,0.00040766625897958875
264,B,persist,kospi_return_1d,0.004127726890146732
264,B,persist,fx_level_z_252,0.00016058915934991091
264,B,underwater,kospi_return_1d,-0.0005412486498244107
264,B,underwater,fx_level_z_252,-0.022185610607266426
264,alpha,,kospi_return_1d,0.020220069214701653
264,alpha,,fx_level_z_252,0.03339608013629913
265,beta,momentum,,-0.015114680863916874
265,beta,persist,,0.09018836170434952
265,beta,underwater,,0.02164039947092533
265,B,momentum,kospi_return_1d,0.0003589476109482348
265,B,momentum,fx_level_z_252,0.00023409018467646092
265,B,persist,kospi_return_1d,0.0040670884773135185
265,B,persist,fx_level_z_252,0.000495394691824913
265,B,underwater,kospi_return_1d,-0.0007747524068690836
265,B,underwater,fx_level_z_252,-0.0221454668790102
265,alpha,,kospi_return_1d,0.020077712833881378
265,alpha,,fx_level_z_252,0.03382861986756325
266,beta,momentum,,-0.015306739136576653
266,beta,persist,,0.09038755297660828
266,beta,underwater,,0.021760297939181328
266,B,momentum,kospi_return_1d,0.0004557918873615563
266,B,momentum,fx_level_z_252,0.00021157413721084595
266,B,persist,kospi_return_1d,0.0038537627551704645
266,B,persist,fx_level_z_252,0.000605020672082901
266,B,underwater,kospi_return_1d,-0.0009263068786822259
266,B,underwater,fx_level_z_252,-0.02216559275984764
266,alpha,,kospi_return_1d,0.01988132856786251
266,alpha,,fx_level_z_252,0.03425885736942291
267,beta,momentum,,-0.015450077131390572
267,beta,persist,,0.09057951718568802
267,beta,underwater,,0.021928437054157257
267,B,momentum,kospi_return_1d,0.0005470280302688479
267,B,momentum,fx_level_z_252,-6.85450213495642e-05
267,B,persist,kospi_return_1d,0.003599144285544753
267,B,persist,fx_level_z_252,0.0005664415657520294
267,B,underwater,kospi_return_1d,-0.0010472843423485756
267,B,underwater,fx_level_z_252,-0.022101065143942833
267,alpha,,kospi_return_1d,0.019798852503299713
267,alpha,,fx_level_z_252,0.03475513309240341
268,beta,momentum,,-0.015491076745092869
268,beta,persist,,0.09077998995780945
268,beta,underwater,,0.022162538021802902
268,B,momentum,kospi_return_1d,0.0007528404239565134
268,B,momentum,fx_level_z_252,-0.00016376393614336848
268,B,persist,kospi_return_1d,0.0033340035006403923
268,B,persist,fx_level_z_252,0.0003035273985005915
268,B,underwater,kospi_return_1d,-0.0011883241822943091
268,B,underwater,fx_level_z_252,-0.02200472541153431
268,alpha,,kospi_return_1d,0.019936859607696533
268,alpha,,fx_level_z_252,0.03534296900033951
269,beta,momentum,,-0.015335604548454285
269,beta,persist,,0.09096387773752213
269,beta,underwater,,0.022217804566025734
269,B,momentum,kospi_return_1d,0.0008149577770382166
269,B,momentum,fx_level_z_252,6.779292016290128e-05
269,B,persist,kospi_return_1d,0.0029020507354289293
269,B,persist,fx_level_z_252,-8.292949496535584e-05
269,B,underwater,kospi_return_1d,-0.0011176359839737415
269,B,underwater,fx_level_z_252,-0.02198604866862297
269,alpha,,kospi_return_1d,0.02023843675851822
269,alpha,,fx_level_z_252,0.03576584905385971
270,beta,momentum,,-0.0152210034430027
270,beta,persist,,0.09086202830076218
270,beta,underwater,,0.022201672196388245
270,B,momentum,kospi_return_1d,0.0008596797124482691
270,B,momentum,fx_level_z_252,0.00019550957949832082
270,B,persist,kospi_return_1d,0.00248918985016644
270,B,persist,fx_level_z_252,-0.00027205183869227767
270,B,underwater,kospi_return_1d,-0.0010997229255735874
270,B,underwater,fx_level_z_252,-0.02195744961500168
270,alpha,,kospi_return_1d,0.020752161741256714
270,alpha,,fx_level_z_252,0.03600145876407623
271,beta,momentum,,-0.015071691013872623
271,beta,persist,,0.09077703207731247
271,beta,underwater,,0.022133415564894676
271,B,momentum,kospi_return_1d,0.0005943815340287983
271,B,momentum,fx_level_z_252,0.0003540008619893342
271,B,persist,kospi_return_1d,0.0023428036365658045
271,B,persist,fx_level_z_252,-0.0006231103907339275
271,B,underwater,kospi_return_1d,-0.0007152366451919079
271,B,underwater,fx_level_z_252,-0.022099556401371956
271,alpha,,kospi_return_1d,0.021039260551333427
271,alpha,,fx_level_z_252,0.03616089001297951
272,beta,momentum,,-0.01499917358160019
272,beta,persist,,0.09075608849525452
272,beta,underwater,,0.02213251031935215
272,B,momentum,kospi_return_1d,0.00041728271753527224
272,B,momentum,fx_level_z_252,0.0005468913586810231
272,B,persist,kospi_return_1d,0.0022062037605792284
272,B,persist,fx_level_z_252,-0.0009180826600641012
272,B,underwater,kospi_return_1d,-0.00026647624326869845
272,B,underwater,fx_level_z_252,-0.022311918437480927
272,alpha,,kospi_return_1d,0.02127400040626526
272,alpha,,fx_level_z_252,0.0363830104470253
273,beta,momentum,,-0.01510802935808897
273,beta,persist,,0.09069841355085373
273,beta,underwater,,0.022364594042301178
273,B,momentum,kospi_return_1d,0.0002664088096935302
273,B,momentum,fx_level_z_252,0.0005480301333591342
273,B,persist,kospi_return_1d,0.002172790002077818
273,B,persist,fx_level_z_252,-0.0009616726893000305
273,B,underwater,kospi_return_1d,5.533680086955428e-05
273,B,underwater,fx_level_z_252,-0.02229391597211361
273,alpha,,kospi_return_1d,0.021595465019345284
273,alpha,,fx_level_z_252,0.03664674237370491
274,beta,momentum,,-0.015071246773004532
274,beta,persist,,0.0907353013753891
274,beta,underwater,,0.022581065073609352
274,B,momentum,kospi_return_1d,-1.3501601642929018e-05
274,B,momentum,fx_level_z_252,0.0005653375992551446
274,B,persist,kospi_return_1d,0.00208063842728734
274,B,persist,fx_level_z_252,-0.0011224776972085238
274,B,underwater,kospi_return_1d,0.0002824404800776392
274,B,underwater,fx_level_z_252,-0.022417040541768074
274,alpha,,kospi_return_1d,0.02168295532464981
274,alpha,,fx_level_z_252,0.03691474720835686
275,beta,momentum,,-0.014912594109773636
275,beta,persist,,0.09074563533067703
275,beta,underwater,,0.022701680660247803
275,B,momentum,kospi_return_1d,-0.00012728938600048423
275,B,momentum,fx_level_z_252,0.0006219092756509781
275,B,persist,kospi_return_1d,0.0020070045720785856
275,B,persist,fx_level_z_252,-0.00138616724871099
275,B,underwater,kospi_return_1d,0.0005606916965916753
275,B,underwater,fx_level_z_252,-0.022553520277142525
275,alpha,,kospi_return_1d,0.021751701831817627
275,alpha,,fx_level_z_252,0.036983903497457504
276,beta,momentum,,-0.014702463522553444
276,beta,persist,,0.09065976738929749
276,beta,underwater,,0.02269309014081955
276,B,momentum,kospi_return_1d,-0.0002913090283982456
276,B,momentum,fx_level_z_252,0.0007132554892450571
276,B,persist,kospi_return_1d,0.0019429632229730487
276,B,persist,fx_level_z_252,-0.0014366409741342068
276,B,underwater,kospi_return_1d,0.0007252655923366547
276,B,underwater,fx_level_z_252,-0.02261367253959179
276,alpha,,kospi_return_1d,0.02189982868731022
276,alpha,,fx_level_z_252,0.036933425813913345
277,beta,momentum,,-0.014513159170746803
277,beta,persist,,0.09067961573600769
277,beta,underwater,,0.022765861824154854
277,B,momentum,kospi_return_1d,-0.00021860329434275627
277,B,momentum,fx_level_z_252,0.0008035507635213435
277,B,persist,kospi_return_1d,0.0019185672281309962
277,B,persist,fx_level_z_252,-0.001532463589683175
277,B,underwater,kospi_return_1d,0.0008003442198969424
277,B,underwater,fx_level_z_252,-0.022575946524739265
277,alpha,,kospi_return_1d,0.021969251334667206
277,alpha,,fx_level_z_252,0.03695204108953476
278,beta,momentum,,-0.014401770196855068
278,beta,persist,,0.09073036164045334
278,beta,underwater,,0.022869495674967766
278,B,momentum,kospi_return_1d,-0.00018429179908707738
278,B,momentum,fx_level_z_252,0.000785867974627763
278,B,persist,kospi_return_1d,0.0019467119127511978
278,B,persist,fx_level_z_252,-0.0016625785501673818
278,B,underwater,kospi_return_1d,0.0008177420822903514
278,B,underwater,fx_level_z_252,-0.02249090187251568
278,alpha,,kospi_return_1d,0.02202487550675869
278,alpha,,fx_level_z_252,0.03687623515725136
279,beta,momentum,,-0.014323197305202484
279,beta,persist,,0.09077269583940506
279,beta,underwater,,0.022861802950501442
279,B,momentum,kospi_return_1d,-0.00017926242435351014
279,B,momentum,fx_level_z_252,0.0008113853400573134
279,B,persist,kospi_return_1d,0.0019974515307694674
279,B,persist,fx_level_z_252,-0.001619938062503934
279,B,underwater,kospi_return_1d,0.000795311585534364
279,B,underwater,fx_level_z_252,-0.02250891923904419
279,alpha,,kospi_return_1d,0.022035181522369385
279,alpha,,fx_level_z_252,0.03679797053337097
280,beta,momentum,,-0.014290605671703815
280,beta,persist,,0.09089118242263794
280,beta,underwater,,0.022988956421613693
280,B,momentum,kospi_return_1d,1.6487596440128982e-05
280,B,momentum,fx_level_z_252,0.0007546244887635112
280,B,persist,kospi_return_1d,0.0018330981256440282
280,B,persist,fx_level_z_252,-0.0016195605276152492
280,B,underwater,kospi_return_1d,0.0005401410162448883
280,B,underwater,fx_level_z_252,-0.022415518760681152
280,alpha,,kospi_return_1d,0.021937226876616478
280,alpha,,fx_level_z_252,0.036688465625047684
281,beta,momentum,,-0.014253023080527782
281,beta,persist,,0.09100975096225739
281,beta,underwater,,0.02319805510342121
281,B,momentum,kospi_return_1d,0.00018398698011878878
281,B,momentum,fx_level_z_252,0.0004950555739924312
281,B,persist,kospi_return_1d,0.0018101264722645283
281,B,persist,fx_level_z_252,-0.0014286752557381988
281,B,underwater,kospi_return_1d,0.0002178459253627807
281,B,underwater,fx_level_z_252,-0.022215859964489937
281,alpha,,kospi_return_1d,0.02173788845539093
281,alpha,,fx_level_z_252,0.036532316356897354
282,beta,momentum,,-0.01420826930552721
282,beta,persist,,0.09121233969926834
282,beta,underwater,,0.023328503593802452
282,B,momentum,kospi_return_1d,0.00013516590115614235
282,B,momentum,fx_level_z_252,0.000380044337362051
282,B,persist,kospi_return_1d,0.0019449166720733047
282,B,persist,fx_level_z_252,-0.0012161791091784835
282,B,underwater,kospi_return_1d,9.124029747908935e-05
282,B,underwater,fx_level_z_252,-0.02214767225086689
282,alpha,,kospi_return_1d,0.02140640653669834
282,alpha,,fx_level_z_252,0.03649821877479553
283,beta,momentum,,-0.01416133251041174
283,beta,persist,,0.09139422327280045
283,beta,underwater,,0.023499304428696632
283,B,momentum,kospi_return_1d,-9.050051448866725e-05
283,B,momentum,fx_level_z_252,0.0002050118346232921
283,B,persist,kospi_return_1d,0.001998688792809844
283,B,persist,fx_level_z_252,-0.0008701853221282363
283,B,underwater,kospi_return_1d,-0.00016237079398706555
283,B,underwater,fx_level_z_252,-0.021954301744699478
283,alpha,,kospi_return_1d,0.0210910364985466
283,alpha,,fx_level_z_252,0.036529291421175
284,beta,momentum,,-0.014162593521177769
284,beta,persist,,0.09151802957057953
284,beta,underwater,,0.023748774081468582
284,B,momentum,kospi_return_1d,-0.0002883935230784118
284,B,momentum,fx_level_z_252,0.00019107940897811204
284,B,persist,kospi_return_1d,0.002063516993075609
284,B,persist,fx_level_z_252,-0.0004683821171056479
284,B,underwater,kospi_return_1d,-0.0003655245527625084
284,B,underwater,fx_level_z_252,-0.0218120776116848
284,alpha,,kospi_return_1d,0.020818522199988365
284,alpha,,fx_level_z_252,0.036685116589069366
285,beta,momentum,,-0.01410319097340107
285,beta,persist,,0.09166119247674942
285,beta,underwater,,0.02396882325410843
285,B,momentum,kospi_return_1d,-0.0004173464549239725
285,B,momentum,fx_level_z_252,0.00028489099349826574
285,B,persist,kospi_return_1d,0.002050959039479494
285,B,persist,fx_level_z_252,-4.043860826641321e-05
285,B,underwater,kospi_return_1d,-0.00039257854223251343
285,B,underwater,fx_level_z_252,-0.021755671128630638
285,alpha,,kospi_return_1d,0.020599758252501488
285,alpha,,fx_level_z_252,0.036784276366233826
286,beta,momentum,,-0.013921053148806095
286,beta,persist,,0.09166015684604645
286,beta,underwater,,0.02407977543771267
286,B,momentum,kospi_return_1d,-0.0004981275997124612
286,B,momentum,fx_level_z_252,0.00035776899312622845
286,B,persist,kospi_return_1d,0.0020791965071111917
286,B,persist,fx_level_z_252,0.0004251560312695801
286,B,underwater,kospi_return_1d,-0.00021169926912989467
286,B,underwater,fx_level_z_252,-0.02170534059405327
286,alpha,,kospi_return_1d,0.020374562591314316
286,alpha,,fx_level_z_252,0.03673209622502327
287,beta,momentum,,-0.01360684260725975
287,beta,persist,,0.09149742871522903
287,beta,underwater,,0.023793118074536324
287,B,momentum,kospi_return_1d,-0.0008057961240410805
287,B,momentum,fx_level_z_252,0.00047321838792413473
287,B,persist,kospi_return_1d,0.002163285855203867
287,B,persist,fx_level_z_252,0.0007682469440624118
287,B,underwater,kospi_return_1d,0.00023379517369903624
287,B,underwater,fx_level_z_252,-0.02189355343580246
287,alpha,,kospi_return_1d,0.020444272086024284
287,alpha,,fx_level_z_252,0.03638673573732376
288,beta,momentum,,-0.013136524707078934
288,beta,persist,,0.09128232300281525
288,beta,underwater,,0.023402610793709755
288,B,momentum,kospi_return_1d,-0.0010576695203781128
288,B,momentum,fx_level_z_252,0.0005785141256637871
288,B,persist,kospi_return_1d,0.0022595671471208334
288,B,persist,fx_level_z_252,0.0010424742940813303
288,B,underwater,kospi_return_1d,0.0005648989463225007
288,B,underwater,fx_level_z_252,-0.022212067618966103
288,alpha,,kospi_return_1d,0.020404120907187462
288,alpha,,fx_level_z_252,0.03611338883638382
289,beta,momentum,,-0.0125918909907341
289,beta,persist,,0.09105349332094193
289,beta,underwater,,0.023084964603185654
289,B,momentum,kospi_return_1d,-0.0010760565055534244
289,B,momentum,fx_level_z_252,0.0006201858632266521
289,B,persist,kospi_return_1d,0.002474419306963682
289,B,persist,fx_level_z_252,0.0012545636855065823
289,B,underwater,kospi_return_1d,0.0007499847561120987
289,B,underwater,fx_level_z_252,-0.022449199110269547
289,alpha,,kospi_return_1d,0.020478127524256706
289,alpha,,fx_level_z_252,0.03588443994522095
290,beta,momentum,,-0.012102510780096054
290,beta,persist,,0.09079859405755997
290,beta,underwater,,0.022872181609272957
290,B,momentum,kospi_return_1d,-0.0009044609614647925
290,B,momentum,fx_level_z_252,0.0005967355100437999
290,B,persist,kospi_return_1d,0.002667077351361513
290,B,persist,fx_level_z_252,0.0013992562890052795
290,B,underwater,kospi_return_1d,0.0006141841877251863
290,B,underwater,fx_level_z_252,-0.022513162344694138
290,alpha,,kospi_return_1d,0.020447595044970512
290,alpha,,fx_level_z_252,0.03568495064973831
291,beta,momentum,,-0.01180657185614109
291,beta,persist,,0.09064057469367981
291,beta,underwater,,0.022788498550653458
291,B,momentum,kospi_return_1d,-0.0007016278686933219
291,B,momentum,fx_level_z_252,0.0005174598773010075
291,B,persist,kospi_return_1d,0.002666487591341138
291,B,persist,fx_level_z_252,0.0013666311278939247
291,B,underwater,kospi_return_1d,0.00038650076021440327
291,B,underwater,fx_level_z_252,-0.02252805046737194
291,alpha,,kospi_return_1d,0.020392198115587234
291,alpha,,fx_level_z_252,0.03557667136192322
292,beta,momentum,,-0.011527661234140396
292,beta,persist,,0.09055636823177338
292,beta,underwater,,0.022716201841831207
292,B,momentum,kospi_return_1d,-0.0005809036083519459
292,B,momentum,fx_level_z_252,0.00039430803735740483
292,B,persist,kospi_return_1d,0.0029171337373554707
292,B,persist,fx_level_z_252,0.0011570010101422668
292,B,underwater,kospi_return_1d,0.00026158016407862306
292,B,underwater,fx_level_z_252,-0.022543352097272873
292,alpha,,kospi_return_1d,0.020390257239341736
292,alpha,,fx_level_z_252,0.03551198169589043
293,beta,momentum,,-0.011437157168984413
293,beta,persist,,0.09052861481904984
293,beta,underwater,,0.022605719044804573
293,B,momentum,kospi_return_1d,-0.0004491295258048922
293,B,momentum,fx_level_z_252,0.0004366716311778873
293,B,persist,kospi_return_1d,0.0032104342244565487
293,B,persist,fx_level_z_252,0.0008517403621226549
293,B,underwater,kospi_return_1d,0.00010504137026146054
293,B,underwater,fx_level_z_252,-0.022666338831186295
293,alpha,,kospi_return_1d,0.020189668983221054
293,alpha,,fx_level_z_252,0.03528972342610359
294,beta,momentum,,-0.0110808489844203
294,beta,persist,,0.0904199481010437
294,beta,underwater,,0.02226763591170311
294,B,momentum,kospi_return_1d,-0.00023249324294738472
294,B,momentum,fx_level_z_252,0.0005047935992479324
294,B,persist,kospi_return_1d,0.0033763565588742495
294,B,persist,fx_level_z_252,0.0004208536120131612
294,B,underwater,kospi_return_1d,-1.6323319869115949e-06
294,B,underwater,fx_level_z_252,-0.02303181402385235
294,alpha,,kospi_return_1d,0.02008579485118389
294,alpha,,fx_level_z_252,0.03492768108844757
295,beta,momentum,,-0.010686821304261684
295,beta,persist,,0.09039200097322464
295,beta,underwater,,0.02206609956920147
295,B,momentum,kospi_return_1d,0.00011710633407346904
295,B,momentum,fx_level_z_252,0.0003386683529242873
295,B,persist,kospi_return_1d,0.003202129388228059
295,B,persist,fx_level_z_252,0.00010764962644316256
295,B,underwater,kospi_return_1d,-0.0003249262226745486
295,B,underwater,fx_level_z_252,-0.023266682401299477
295,alpha,,kospi_return_1d,0.020070910453796387
295,alpha,,fx_level_z_252,0.03469481319189072
296,beta,momentum,,-0.010611538775265217
296,beta,persist,,0.09037713706493378
296,beta,underwater,,0.021993422880768776
296,B,momentum,kospi_return_1d,0.0005221479805186391
296,B,momentum,fx_level_z_252,0.00016646512085571885
296,B,persist,kospi_return_1d,0.0029357783496379852
296,B,persist,fx_level_z_252,-0.00025856849970296025
296,B,underwater,kospi_return_1d,-0.0007203399436548352
296,B,underwater,fx_level_z_252,-0.023324748501181602
296,alpha,,kospi_return_1d,0.02015036717057228
296,alpha,,fx_level_z_252,0.03465132787823677
297,beta,momentum,,-0.010664990171790123
297,beta,persist,,0.09036661684513092
297,beta,underwater,,0.021997632458806038
297,B,momentum,kospi_return_1d,0.0007184533169493079
297,B,momentum,fx_level_z_252,1.5619305486325175e-05
297,B,persist,kospi_return_1d,0.0028400812298059464
297,B,persist,fx_level_z_252,-0.0005499558756127954
297,B,underwater,kospi_return_1d,-0.0009732713806442916
297,B,underwater,fx_level_z_252,-0.02331327460706234
297,alpha,,kospi_return_1d,0.02028907649219036
297,alpha,,fx_level_z_252,0.03465767577290535
298,beta,momentum,,-0.010779432952404022
298,beta,persist,,0.09031552821397781
298,beta,underwater,,0.022090574726462364
298,B,momentum,kospi_return_1d,0.0007599432719871402
298,B,momentum,fx_level_z_252,-0.0001434368605259806
298,B,persist,kospi_return_1d,0.0026553019415587187
298,B,persist,fx_level_z_252,-0.0005130936042405665
298,B,underwater,kospi_return_1d,-0.0012092272518202662
298,B,underwater,fx_level_z_252,-0.023116862401366234
298,alpha,,kospi_return_1d,0.020423732697963715
298,alpha,,fx_level_z_252,0.03484487161040306
299,beta,momentum,,-0.010972085408866405
299,beta,persist,,0.09035743772983551
299,beta,underwater,,0.02228943258523941
299,B,momentum,kospi_return_1d,0.0006689680158160627
299,B,momentum,fx_level_z_252,-0.0002953298098873347
299,B,persist,kospi_return_1d,0.0023740394972264767
299,B,persist,fx_level_z_252,-0.00047365485806949437
299,B,underwater,kospi_return_1d,-0.0012362372362986207
299,B,underwater,fx_level_z_252,-0.022721122950315475
299,alpha,,kospi_return_1d,0.020423805341124535
299,alpha,,fx_level_z_252,0.03497101739048958
300,beta,momentum,,-0.011289373971521854
300,beta,persist,,0.09032735973596573
300,beta,underwater,,0.02237667888402939
300,B,momentum,kospi_return_1d,0.0006025180337019265
300,B,momentum,fx_level_z_252,-8.912861812859774e-05
300,B,persist,kospi_return_1d,0.0022052559070289135
300,B,persist,fx_level_z_252,-0.0002650662208907306
300,B,underwater,kospi_return_1d,-0.0011609483044594526
300,B,underwater,fx_level_z_252,-0.022458551451563835
300,alpha,,kospi_return_1d,0.020450370386242867
300,alpha,,fx_level_z_252,0.034991417080163956
