epoch,parameter,feature,context,weight
0,beta,momentum,,0.0
0,beta,persist,,0.0
0,beta,underwater,,0.0
0,B,momentum,kospi_return_1d,0.0
0,B,momentum,fx_level_z_252,0.0
0,B,persist,kospi_return_1d,0.0
0,B,persist,fx_level_z_252,0.0
0,B,underwater,kospi_return_1d,0.0
0,B,underwater,fx_level_z_252,0.0
0,alpha,,kospi_return_1d,0.0
0,alpha,,fx_level_z_252,0.0
1,beta,momentum,,-0.001990687567740679
1,beta,persist,,0.001997303916141391
1,beta,underwater,,0.00199952838011086
1,B,momentum,kospi_return_1d,0.0004024112713523209
1,B,momentum,fx_level_z_252,0.0012527949875220656
1,B,persist,kospi_return_1d,0.001960308523848653
1,B,persist,fx_level_z_252,-0.001957562519237399
1,B,underwater,kospi_return_1d,-0.0012134963180869818
1,B,underwater,fx_level_z_252,0.0008506749290972948
1,alpha,,kospi_return_1d,-0.001862216042354703
1,alpha,,fx_level_z_252,0.0019981879740953445
2,beta,momentum,,-0.0039619156159460545
2,beta,persist,,0.003971361555159092
2,beta,underwater,,0.003937186673283577
2,B,momentum,kospi_return_1d,-0.0005166159244254231
2,B,momentum,fx_level_z_252,0.0018932328093796968
2,B,persist,kospi_return_1d,0.0035266410559415817
2,B,persist,fx_level_z_252,-0.003861980512738228
2,B,underwater,kospi_return_1d,-0.0018261324148625135
2,B,underwater,fx_level_z_252,0.0007030033739283681
2,alpha,,kospi_return_1d,-0.003552233800292015
2,alpha,,fx_level_z_252,0.003988186363130808
3,beta,momentum,,-0.0059114499017596245
3,beta,persist,,0.005925492383539677
3,beta,underwater,,0.005826100707054138
3,B,momentum,kospi_return_1d,-0.0006888817879371345
3,B,momentum,fx_level_z_252,0.002846969524398446
3,B,persist,kospi_return_1d,0.004607679322361946
3,B,persist,fx_level_z_252,-0.005505038425326347
3,B,underwater,kospi_return_1d,-0.002700773999094963
3,B,underwater,fx_level_z_252,-0.00015934783732518554
3,alpha,,kospi_return_1d,-0.005126387812197208
3,alpha,,fx_level_z_252,0.005970502272248268
4,beta,momentum,,-0.00784039031714201
4,beta,persist,,0.007868409156799316
4,beta,underwater,,0.0077157998457551
4,B,momentum,kospi_return_1d,-0.0004252687795087695
4,B,momentum,fx_level_z_252,0.003710258286446333
4,B,persist,kospi_return_1d,0.005489538423717022
4,B,persist,fx_level_z_252,-0.006730606313794851
4,B,underwater,kospi_return_1d,-0.0037147733382880688
4,B,underwater,fx_level_z_252,-0.0008799541392363608
4,alpha,,kospi_return_1d,-0.006709297187626362
4,alpha,,fx_level_z_252,0.007936703972518444
5,beta,momentum,,-0.009736868552863598
5,beta,persist,,0.009782306849956512
5,beta,underwater,,0.009579039178788662
5,B,momentum,kospi_return_1d,0.00010340346489101648
5,B,momentum,fx_level_z_252,0.0040830583311617374
5,B,persist,kospi_return_1d,0.006105510983616114
5,B,persist,fx_level_z_252,-0.0076759252697229385
5,B,underwater,kospi_return_1d,-0.004551420919597149
5,B,underwater,fx_level_z_252,-0.0011788982665166259
5,alpha,,kospi_return_1d,-0.008181234821677208
5,alpha,,fx_level_z_252,0.009875869378447533
6,beta,momentum,,-0.011578028090298176
6,beta,persist,,0.011681878939270973
6,beta,underwater,,0.011399751529097557
6,B,momentum,kospi_return_1d,0.00037177777267061174
6,B,momentum,fx_level_z_252,0.004131423309445381
6,B,persist,kospi_return_1d,0.006235008127987385
6,B,persist,fx_level_z_252,-0.008323936723172665
6,B,underwater,kospi_return_1d,-0.005087111610919237
6,B,underwater,fx_level_z_252,-0.001212833565659821
6,alpha,,kospi_return_1d,-0.009582864120602608
6,alpha,,fx_level_z_252,0.011795029044151306
7,beta,momentum,,-0.013405307196080685
7,beta,persist,,0.013566430658102036
7,beta,underwater,,0.01316047739237547
7,B,momentum,kospi_return_1d,0.0003213072195649147
7,B,momentum,fx_level_z_252,0.004491357132792473
7,B,persist,kospi_return_1d,0.006269443314522505
7,B,persist,fx_level_z_252,-0.009208222851157188
7,B,underwater,kospi_return_1d,-0.005164056550711393
7,B,underwater,fx_level_z_252,-0.001630923943594098
7,alpha,,kospi_return_1d,-0.01082476694136858
7,alpha,,fx_level_z_252,0.013683770783245564
8,beta,momentum,,-0.015147227793931961
8,beta,persist,,0.015397423878312111
8,beta,underwater,,0.014776412397623062
8,B,momentum,kospi_return_1d,0.00017055984062608331
8,B,momentum,fx_level_z_252,0.0048531582579016685
8,B,persist,kospi_return_1d,0.005992847494781017
8,B,persist,fx_level_z_252,-0.010006115771830082
8,B,underwater,kospi_return_1d,-0.005167677067220211
8,B,underwater,fx_level_z_252,-0.0020325593650341034
8,alpha,,kospi_return_1d,-0.011824503540992737
8,alpha,,fx_level_z_252,0.015522848814725876
9,beta,momentum,,-0.01677066832780838
9,beta,persist,,0.01715339720249176
9,beta,underwater,,0.01623036339879036
9,B,momentum,kospi_return_1d,-0.00016002083430066705
9,B,momentum,fx_level_z_252,0.005419678054749966
9,B,persist,kospi_return_1d,0.00597023731097579
9,B,persist,fx_level_z_252,-0.010795928537845612
9,B,underwater,kospi_return_1d,-0.004646535497158766
9,B,underwater,fx_level_z_252,-0.0028823870234191418
9,alpha,,kospi_return_1d,-0.012483668513596058
9,alpha,,fx_level_z_252,0.01730215921998024
10,beta,momentum,,-0.018344087526202202
10,beta,persist,,0.018905656412243843
10,beta,underwater,,0.017604045569896698
10,B,momentum,kospi_return_1d,-0.0003767399466596544
10,B,momentum,fx_level_z_252,0.0058686332777142525
10,B,persist,kospi_return_1d,0.0059521012008190155
10,B,persist,fx_level_z_252,-0.011452779173851013
10,B,underwater,kospi_return_1d,-0.003940824884921312
10,B,underwater,fx_level_z_252,-0.0038051079027354717
10,alpha,,kospi_return_1d,-0.013061805628240108
10,alpha,,fx_level_z_252,0.019043875858187675
11,beta,momentum,,-0.019853457808494568
11,beta,persist,,0.02063336782157421
11,beta,underwater,,0.018900057300925255
11,B,momentum,kospi_return_1d,-0.00017072781338356435
11,B,momentum,fx_level_z_252,0.00616728700697422
11,B,persist,kospi_return_1d,0.005570552311837673
11,B,persist,fx_level_z_252,-0.011991516686975956
11,B,underwater,kospi_return_1d,-0.003178034443408251
11,B,underwater,fx_level_z_252,-0.004755568690598011
11,alpha,,kospi_return_1d,-0.013532283715903759
11,alpha,,fx_level_z_252,0.020742662250995636
12,beta,momentum,,-0.021274948492646217
12,beta,persist,,0.022339647635817528
12,beta,underwater,,0.020103339105844498
12,B,momentum,kospi_return_1d,0.00028391642263159156
12,B,momentum,fx_level_z_252,0.006526470184326172
12,B,persist,kospi_return_1d,0.005073262378573418
12,B,persist,fx_level_z_252,-0.012377087958157063
12,B,underwater,kospi_return_1d,-0.002357238670811057
12,B,underwater,fx_level_z_252,-0.005810161121189594
12,alpha,,kospi_return_1d,-0.013855775818228722
12,alpha,,fx_level_z_252,0.022396305575966835
13,beta,momentum,,-0.02264557220041752
13,beta,persist,,0.024004394188523293
13,beta,underwater,,0.021243147552013397
13,B,momentum,kospi_return_1d,0.0007749189389869571
13,B,momentum,fx_level_z_252,0.006789923645555973
13,B,persist,kospi_return_1d,0.0043144309893250465
13,B,persist,fx_level_z_252,-0.012674111872911453
13,B,underwater,kospi_return_1d,-0.00161051528993994
13,B,underwater,fx_level_z_252,-0.006896165665239096
13,alpha,,kospi_return_1d,-0.013900130055844784
13,alpha,,fx_level_z_252,0.024023696780204773
14,beta,momentum,,-0.023906245827674866
14,beta,persist,,0.025601748377084732
14,beta,underwater,,0.02223392203450203
14,B,momentum,kospi_return_1d,0.0009036869159899652
14,B,momentum,fx_level_z_252,0.00695977034047246
14,B,persist,kospi_return_1d,0.003621845506131649
14,B,persist,fx_level_z_252,-0.01282344851642847
14,B,underwater,kospi_return_1d,-0.0007323358440771699
14,B,underwater,fx_level_z_252,-0.008051623590290546
14,alpha,,kospi_return_1d,-0.013730987906455994
14,alpha,,fx_level_z_252,0.025571422651410103
15,beta,momentum,,-0.025137504562735558
15,beta,persist,,0.027158087119460106
15,beta,underwater,,0.023123331367969513
15,B,momentum,kospi_return_1d,0.0007723771850578487
15,B,momentum,fx_level_z_252,0.0070054498501122
15,B,persist,kospi_return_1d,0.002872361335903406
15,B,persist,fx_level_z_252,-0.012843132019042969
15,B,underwater,kospi_return_1d,0.00026843464002013206
15,B,underwater,fx_level_z_252,-0.009163610637187958
15,alpha,,kospi_return_1d,-0.013429766520857811
15,alpha,,fx_level_z_252,0.02705625258386135
16,beta,momentum,,-0.026238344609737396
16,beta,persist,,0.028653696179389954
16,beta,underwater,,0.023889359086751938
16,B,momentum,kospi_return_1d,0.000756856519728899
16,B,momentum,fx_level_z_252,0.006959858350455761
16,B,persist,kospi_return_1d,0.0020591923967003822
16,B,persist,fx_level_z_252,-0.012695977464318275
16,B,underwater,kospi_return_1d,0.0010135617339983582
16,B,underwater,fx_level_z_252,-0.010352219454944134
16,alpha,,kospi_return_1d,-0.012929931282997131
16,alpha,,fx_level_z_252,0.028496017679572105
17,beta,momentum,,-0.027231745421886444
17,beta,persist,,0.03009900450706482
17,beta,underwater,,0.024572329595685005
17,B,momentum,kospi_return_1d,0.0009997142478823662
17,B,momentum,fx_level_z_252,0.006591360550373793
17,B,persist,kospi_return_1d,0.001046463381499052
17,B,persist,fx_level_z_252,-0.012311133556067944
17,B,underwater,kospi_return_1d,0.0015090499073266983
17,B,underwater,fx_level_z_252,-0.011419055052101612
17,alpha,,kospi_return_1d,-0.012254202738404274
17,alpha,,fx_level_z_252,0.029874533414840698
18,beta,momentum,,-0.028139403089880943
18,beta,persist,,0.03150663524866104
18,beta,underwater,,0.02515009231865406
18,B,momentum,kospi_return_1d,0.001326371100731194
18,B,momentum,fx_level_z_252,0.0062070912681519985
18,B,persist,kospi_return_1d,0.00015225779497995973
18,B,persist,fx_level_z_252,-0.011795458383858204
18,B,underwater,kospi_return_1d,0.0017052731709554791
18,B,underwater,fx_level_z_252,-0.01252541970461607
18,alpha,,kospi_return_1d,-0.011516633443534374
18,alpha,,fx_level_z_252,0.031223613768815994
19,beta,momentum,,-0.028971770778298378
19,beta,persist,,0.032858673483133316
19,beta,underwater,,0.025578230619430542
19,B,momentum,kospi_return_1d,0.0018206468084827065
19,B,momentum,fx_level_z_252,0.005895721726119518
19,B,persist,kospi_return_1d,-0.0009238070342689753
19,B,persist,fx_level_z_252,-0.011191374622285366
19,B,underwater,kospi_return_1d,0.0017325436929240823
19,B,underwater,fx_level_z_252,-0.013752872124314308
19,alpha,,kospi_return_1d,-0.010534955188632011
19,alpha,,fx_level_z_252,0.032522037625312805
20,beta,momentum,,-0.02977386862039566
20,beta,persist,,0.034220073372125626
20,beta,underwater,,0.02597542479634285
20,B,momentum,kospi_return_1d,0.0022206008434295654
20,B,momentum,fx_level_z_252,0.005456231534481049
20,B,persist,kospi_return_1d,-0.0017833678284659982
20,B,persist,fx_level_z_252,-0.010608973912894726
20,B,underwater,kospi_return_1d,0.0017694714479148388
20,B,underwater,fx_level_z_252,-0.014927071519196033
20,alpha,,kospi_return_1d,-0.00955114234238863
20,alpha,,fx_level_z_252,0.0337655171751976
21,beta,momentum,,-0.030468184500932693
21,beta,persist,,0.03554757684469223
21,beta,underwater,,0.026200512424111366
21,B,momentum,kospi_return_1d,0.0026001883670687675
21,B,momentum,fx_level_z_252,0.005096873734146357
21,B,persist,kospi_return_1d,-0.002296733669936657
21,B,persist,fx_level_z_252,-0.010111981071531773
21,B,underwater,kospi_return_1d,0.0018185526132583618
21,B,underwater,fx_level_z_252,-0.016178203746676445
21,alpha,,kospi_return_1d,-0.00849144160747528
21,alpha,,fx_level_z_252,0.03488186374306679
22,beta,momentum,,-0.03111991286277771
22,beta,persist,,0.036870937794446945
22,beta,underwater,,0.026426341384649277
22,B,momentum,kospi_return_1d,0.002939486876130104
22,B,momentum,fx_level_z_252,0.004712263587862253
22,B,persist,kospi_return_1d,-0.00254336791113019
22,B,persist,fx_level_z_252,-0.00963618140667677
22,B,underwater,kospi_return_1d,0.0018737424397841096
22,B,underwater,fx_level_z_252,-0.017434896901249886
22,alpha,,kospi_return_1d,-0.007491541560739279
22,alpha,,fx_level_z_252,0.035994306206703186
23,beta,momentum,,-0.031691256910562515
23,beta,persist,,0.03813346102833748
23,beta,underwater,,0.026505708694458008
23,B,momentum,kospi_return_1d,0.003163824789226055
23,B,momentum,fx_level_z_252,0.004316903650760651
23,B,persist,kospi_return_1d,-0.002728166291490197
23,B,persist,fx_level_z_252,-0.00908094085752964
23,B,underwater,kospi_return_1d,0.0020881134551018476
23,B,underwater,fx_level_z_252,-0.018779415637254715
23,alpha,,kospi_return_1d,-0.0063281916081905365
23,alpha,,fx_level_z_252,0.03703182563185692
24,beta,momentum,,-0.03220798075199127
24,beta,persist,,0.03938933461904526
24,beta,underwater,,0.026591463014483452
24,B,momentum,kospi_return_1d,0.0034699104726314545
24,B,momentum,fx_level_z_252,0.004004516638815403
24,B,persist,kospi_return_1d,-0.002691196044906974
24,B,persist,fx_level_z_252,-0.008468449115753174
24,B,underwater,kospi_return_1d,0.0022297753021121025
24,B,underwater,fx_level_z_252,-0.020155662670731544
24,alpha,,kospi_return_1d,-0.005203039385378361
24,alpha,,fx_level_z_252,0.03806901350617409
25,beta,momentum,,-0.03267015144228935
25,beta,persist,,0.04060501605272293
25,beta,underwater,,0.02660646289587021
25,B,momentum,kospi_return_1d,0.0036122750025242567
25,B,momentum,fx_level_z_252,0.0035518293734639883
25,B,persist,kospi_return_1d,-0.002439731266349554
25,B,persist,fx_level_z_252,-0.007885253988206387
25,B,underwater,kospi_return_1d,0.002459395444020629
25,B,underwater,fx_level_z_252,-0.021482815966010094
25,alpha,,kospi_return_1d,-0.004022563342005014
25,alpha,,fx_level_z_252,0.03908057510852814
26,beta,momentum,,-0.03299384191632271
26,beta,persist,,0.041780631989240646
26,beta,underwater,,0.026482347398996353
26,B,momentum,kospi_return_1d,0.003728204872459173
26,B,momentum,fx_level_z_252,0.003142169676721096
26,B,persist,kospi_return_1d,-0.0020886303391307592
26,B,persist,fx_level_z_252,-0.007338677998632193
26,B,underwater,kospi_return_1d,0.002771836007013917
26,B,underwater,fx_level_z_252,-0.02284948341548443
26,alpha,,kospi_return_1d,-0.0028640509117394686
26,alpha,,fx_level_z_252,0.040015265345573425
27,beta,momentum,,-0.033254336565732956
27,beta,persist,,0.0429094061255455
27,beta,underwater,,0.02630595490336418
27,B,momentum,kospi_return_1d,0.003829139517620206
27,B,momentum,fx_level_z_252,0.0028959244955331087
27,B,persist,kospi_return_1d,-0.0018623557407408953
27,B,persist,fx_level_z_252,-0.006672574207186699
27,B,underwater,kospi_return_1d,0.0028565030079334974
27,B,underwater,fx_level_z_252,-0.02417800761759281
27,alpha,,kospi_return_1d,-0.0016884333454072475
27,alpha,,fx_level_z_252,0.040875378996133804
28,beta,momentum,,-0.03348669782280922
28,beta,persist,,0.04403136670589447
28,beta,underwater,,0.0261702798306942
28,B,momentum,kospi_return_1d,0.004127134568989277
28,B,momentum,fx_level_z_252,0.0024001020938158035
28,B,persist,kospi_return_1d,-0.0016415956197306514
28,B,persist,fx_level_z_252,-0.005817711353302002
28,B,underwater,kospi_return_1d,0.002819846151396632
28,B,underwater,fx_level_z_252,-0.025279521942138672
28,alpha,,kospi_return_1d,-0.0005564270541071892
28,alpha,,fx_level_z_252,0.0417167991399765
29,beta,momentum,,-0.03370986133813858
29,beta,persist,,0.04514194279909134
29,beta,underwater,,0.026080677285790443
29,B,momentum,kospi_return_1d,0.00432574050500989
29,B,momentum,fx_level_z_252,0.0017240614397451282
29,B,persist,kospi_return_1d,-0.0015072462847456336
29,B,persist,fx_level_z_252,-0.005012769252061844
29,B,underwater,kospi_return_1d,0.002719317562878132
29,B,underwater,fx_level_z_252,-0.02614543028175831
29,alpha,,kospi_return_1d,0.0005322427023202181
29,alpha,,fx_level_z_252,0.04253421351313591
30,beta,momentum,,-0.03389713540673256
30,beta,persist,,0.04626299813389778
30,beta,underwater,,0.026035329326987267
30,B,momentum,kospi_return_1d,0.004523716866970062
30,B,momentum,fx_level_z_252,0.0009224818204529583
30,B,persist,kospi_return_1d,-0.0013906070962548256
30,B,persist,fx_level_z_252,-0.004237827379256487
30,B,underwater,kospi_return_1d,0.0025472822599112988
30,B,underwater,fx_level_z_252,-0.02695268578827381
30,alpha,,kospi_return_1d,0.0013606409775093198
30,alpha,,fx_level_z_252,0.04329976439476013
31,beta,momentum,,-0.03404143825173378
31,beta,persist,,0.04737866297364235
31,beta,underwater,,0.025951072573661804
31,B,momentum,kospi_return_1d,0.00475135026499629
31,B,momentum,fx_level_z_252,0.00014896091306582093
31,B,persist,kospi_return_1d,-0.0013525339309126139
31,B,persist,fx_level_z_252,-0.003552764654159546
31,B,underwater,kospi_return_1d,0.0023222945164889097
31,B,underwater,fx_level_z_252,-0.02774830162525177
31,alpha,,kospi_return_1d,0.0021458796691149473
31,alpha,,fx_level_z_252,0.04405419901013374
32,beta,momentum,,-0.03419690951704979
32,beta,persist,,0.04848860204219818
32,beta,underwater,,0.02587791159749031
32,B,momentum,kospi_return_1d,0.004875953774899244
32,B,momentum,fx_level_z_252,-0.0005984444869682193
32,B,persist,kospi_return_1d,-0.0012510765809565783
32,B,persist,fx_level_z_252,-0.0028784906025975943
32,B,underwater,kospi_return_1d,0.002100114244967699
32,B,underwater,fx_level_z_252,-0.028518391773104668
32,alpha,,kospi_return_1d,0.002873466582968831
32,alpha,,fx_level_z_252,0.044815901666879654
33,beta,momentum,,-0.03429242596030235
33,beta,persist,,0.049589961767196655
33,beta,underwater,,0.025662587955594063
33,B,momentum,kospi_return_1d,0.00495748920366168
33,B,momentum,fx_level_z_252,-0.0011171854566782713
33,B,persist,kospi_return_1d,-0.001291695749387145
33,B,persist,fx_level_z_252,-0.0021522599272429943
33,B,underwater,kospi_return_1d,0.0019721398130059242
33,B,underwater,fx_level_z_252,-0.029340103268623352
33,alpha,,kospi_return_1d,0.0035104050766676664
33,alpha,,fx_level_z_252,0.04552723839879036
34,beta,momentum,,-0.03434870392084122
34,beta,persist,,0.05066825821995735
34,beta,underwater,,0.025350401178002357
34,B,momentum,kospi_return_1d,0.004992492496967316
34,B,momentum,fx_level_z_252,-0.001513890689238906
34,B,persist,kospi_return_1d,-0.0013809341471642256
34,B,persist,fx_level_z_252,-0.0013650842010974884
34,B,underwater,kospi_return_1d,0.0018895994871854782
34,B,underwater,fx_level_z_252,-0.030219554901123047
34,alpha,,kospi_return_1d,0.004055816680192947
34,alpha,,fx_level_z_252,0.04618366062641144
35,beta,momentum,,-0.03434121608734131
35,beta,persist,,0.051665596663951874
35,beta,underwater,,0.02497049979865551
35,B,momentum,kospi_return_1d,0.004982174374163151
35,B,momentum,fx_level_z_252,-0.0018650731071829796
35,B,persist,kospi_return_1d,-0.0015167687088251114
35,B,persist,fx_level_z_252,-0.0004815329157281667
35,B,underwater,kospi_return_1d,0.0017058256780728698
35,B,underwater,fx_level_z_252,-0.031074728816747665
35,alpha,,kospi_return_1d,0.004658092744648457
35,alpha,,fx_level_z_252,0.04673955962061882
36,beta,momentum,,-0.03444213420152664
36,beta,persist,,0.0526835173368454
36,beta,underwater,,0.02466636151075363
36,B,momentum,kospi_return_1d,0.0047690486535429955
36,B,momentum,fx_level_z_252,-0.00202344823628664
36,B,persist,kospi_return_1d,-0.001568524050526321
36,B,persist,fx_level_z_252,0.0002677853044588119
36,B,underwater,kospi_return_1d,0.0016376927960664034
36,B,underwater,fx_level_z_252,-0.031820543110370636
36,alpha,,kospi_return_1d,0.005285128951072693
36,alpha,,fx_level_z_252,0.04732932895421982
37,beta,momentum,,-0.034538958221673965
37,beta,persist,,0.05370200425386429
37,beta,underwater,,0.024317827075719833
37,B,momentum,kospi_return_1d,0.0044389935210347176
37,B,momentum,fx_level_z_252,-0.0019708946347236633
37,B,persist,kospi_return_1d,-0.0015730757731944323
37,B,persist,fx_level_z_252,0.0007768006762489676
37,B,underwater,kospi_return_1d,0.0015785277355462313
37,B,underwater,fx_level_z_252,-0.032544977962970734
37,alpha,,kospi_return_1d,0.005918188951909542
37,alpha,,fx_level_z_252,0.047905776649713516
38,beta,momentum,,-0.034695979207754135
38,beta,persist,,0.05472797155380249
38,beta,underwater,,0.023969152942299843
38,B,momentum,kospi_return_1d,0.004094366915524006
38,B,momentum,fx_level_z_252,-0.0018130270764231682
38,B,persist,kospi_return_1d,-0.001720248139463365
38,B,persist,fx_level_z_252,0.0011949161998927593
38,B,underwater,kospi_return_1d,0.0013527245027944446
38,B,underwater,fx_level_z_252,-0.033163830637931824
38,alpha,,kospi_return_1d,0.00642331363633275
38,alpha,,fx_level_z_252,0.04848083481192589
39,beta,momentum,,-0.03479977324604988
39,beta,persist,,0.05575742945075035
39,beta,underwater,,0.023628273978829384
39,B,momentum,kospi_return_1d,0.00373490690253675
39,B,momentum,fx_level_z_252,-0.001510460046119988
39,B,persist,kospi_return_1d,-0.0017661290476098657
39,B,persist,fx_level_z_252,0.0014041089452803135
39,B,underwater,kospi_return_1d,0.001229904592037201
39,B,underwater,fx_level_z_252,-0.03375694155693054
39,alpha,,kospi_return_1d,0.006826928351074457
39,alpha,,fx_level_z_252,0.049021899700164795
40,beta,momentum,,-0.03485729917883873
40,beta,persist,,0.0567508265376091
40,beta,underwater,,0.023192469030618668
40,B,momentum,kospi_return_1d,0.0034714355133473873
40,B,momentum,fx_level_z_252,-0.0012556707952171564
40,B,persist,kospi_return_1d,-0.0017536724917590618
40,B,persist,fx_level_z_252,0.0014269150560721755
40,B,underwater,kospi_return_1d,0.0011242171749472618
40,B,underwater,fx_level_z_252,-0.034241776913404465
40,alpha,,kospi_return_1d,0.007216205354779959
40,alpha,,fx_level_z_252,0.04946703836321831
41,beta,momentum,,-0.03483658283948898
41,beta,persist,,0.057700302451848984
41,beta,underwater,,0.022710001096129417
41,B,momentum,kospi_return_1d,0.003153868019580841
41,B,momentum,fx_level_z_252,-0.00112733559217304
41,B,persist,kospi_return_1d,-0.001724112662486732
41,B,persist,fx_level_z_252,0.0015244949609041214
41,B,underwater,kospi_return_1d,0.001144604291766882
41,B,underwater,fx_level_z_252,-0.034616779536008835
41,alpha,,kospi_return_1d,0.007692851126194
41,alpha,,fx_level_z_252,0.04985123500227928
42,beta,momentum,,-0.03473075106739998
42,beta,persist,,0.05858248472213745
42,beta,underwater,,0.02224806323647499
42,B,momentum,kospi_return_1d,0.0030924086458981037
42,B,momentum,fx_level_z_252,-0.0011699027381837368
42,B,persist,kospi_return_1d,-0.0018762119580060244
42,B,persist,fx_level_z_252,0.0018239252967759967
42,B,underwater,kospi_return_1d,0.0009091640822589397
42,B,underwater,fx_level_z_252,-0.03483659401535988
42,alpha,,kospi_return_1d,0.008218785747885704
42,alpha,,fx_level_z_252,0.05017896741628647
43,beta,momentum,,-0.034596845507621765
43,beta,persist,,0.059469640254974365
43,beta,underwater,,0.02187316119670868
43,B,momentum,kospi_return_1d,0.003005020786076784
43,B,momentum,fx_level_z_252,-0.0013775440165773034
43,B,persist,kospi_return_1d,-0.00183888990432024
43,B,persist,fx_level_z_252,0.0020120982080698013
43,B,underwater,kospi_return_1d,0.0005198157159611583
43,B,underwater,fx_level_z_252,-0.034838199615478516
43,alpha,,kospi_return_1d,0.008776196278631687
43,alpha,,fx_level_z_252,0.05044097825884819
44,beta,momentum,,-0.0344158336520195
44,beta,persist,,0.06035284325480461
44,beta,underwater,,0.02151409722864628
44,B,momentum,kospi_return_1d,0.0027378671802580357
44,B,momentum,fx_level_z_252,-0.0016305720200762153
44,B,persist,kospi_return_1d,-0.0017636429984122515
44,B,persist,fx_level_z_252,0.0020779292099177837
44,B,underwater,kospi_return_1d,0.0001629740872886032
44,B,underwater,fx_level_z_252,-0.03475457429885864
44,alpha,,kospi_return_1d,0.009288663044571877
44,alpha,,fx_level_z_252,0.05070403590798378
45,beta,momentum,,-0.03418289124965668
45,beta,persist,,0.06118987128138542
45,beta,underwater,,0.021178804337978363
45,B,momentum,kospi_return_1d,0.0024256149772554636
45,B,momentum,fx_level_z_252,-0.001895798253826797
45,B,persist,kospi_return_1d,-0.0018499542493373156
45,B,persist,fx_level_z_252,0.0021603377535939217
45,B,underwater,kospi_return_1d,-0.00010351557284593582
45,B,underwater,fx_level_z_252,-0.03464922681450844
45,alpha,,kospi_return_1d,0.009771536104381084
45,alpha,,fx_level_z_252,0.05090852081775665
46,beta,momentum,,-0.033910468220710754
46,beta,persist,,0.06197899580001831
46,beta,underwater,,0.02080104686319828
46,B,momentum,kospi_return_1d,0.002291513839736581
46,B,momentum,fx_level_z_252,-0.0021366807632148266
46,B,persist,kospi_return_1d,-0.0017905071144923568
46,B,persist,fx_level_z_252,0.0022347522899508476
46,B,underwater,kospi_return_1d,-0.0002428195730317384
46,B,underwater,fx_level_z_252,-0.03460538014769554
46,alpha,,kospi_return_1d,0.010260540060698986
46,alpha,,fx_level_z_252,0.051096122711896896
47,beta,momentum,,-0.033664390444755554
47,beta,persist,,0.06282389163970947
47,beta,underwater,,0.02043319307267666
47,B,momentum,kospi_return_1d,0.0022488960530608892
47,B,momentum,fx_level_z_252,-0.002165407408028841
47,B,persist,kospi_return_1d,-0.0014775616582483053
47,B,persist,fx_level_z_252,0.0019829615484923124
47,B,underwater,kospi_return_1d,-0.00010285319876857102
47,B,underwater,fx_level_z_252,-0.034803297370672226
47,alpha,,kospi_return_1d,0.010668582282960415
47,alpha,,fx_level_z_252,0.05134683474898338
48,beta,momentum,,-0.033451031893491745
48,beta,persist,,0.06366784125566483
48,beta,underwater,,0.020143700763583183
48,B,momentum,kospi_return_1d,0.0022671055048704147
48,B,momentum,fx_level_z_252,-0.00237756478600204
48,B,persist,kospi_return_1d,-0.001231787959113717
48,B,persist,fx_level_z_252,0.0018327530706301332
48,B,underwater,kospi_return_1d,5.472786142490804e-06
48,B,underwater,fx_level_z_252,-0.03483070805668831
48,alpha,,kospi_return_1d,0.01102699339389801
48,alpha,,fx_level_z_252,0.051589664071798325
49,beta,momentum,,-0.03318403288722038
49,beta,persist,,0.06444770842790604
49,beta,underwater,,0.019853739067912102
49,B,momentum,kospi_return_1d,0.002214610343798995
49,B,momentum,fx_level_z_252,-0.00271868915297091
49,B,persist,kospi_return_1d,-0.0011263771448284388
49,B,persist,fx_level_z_252,0.0019258890533819795
49,B,underwater,kospi_return_1d,5.557577605941333e-05
49,B,underwater,fx_level_z_252,-0.034737568348646164
49,alpha,,kospi_return_1d,0.01143387146294117
49,alpha,,fx_level_z_252,0.05178264528512955
50,beta,momentum,,-0.03295110538601875
50,beta,persist,,0.06516262888908386
50,beta,underwater,,0.01959318481385708
50,B,momentum,kospi_return_1d,0.002056137891486287
50,B,momentum,fx_level_z_252,-0.003224000334739685
50,B,persist,kospi_return_1d,-0.0013318541459739208
50,B,persist,fx_level_z_252,0.002074195770546794
50,B,underwater,kospi_return_1d,-6.482090975623578e-05
50,B,underwater,fx_level_z_252,-0.03448621556162834
50,alpha,,kospi_return_1d,0.011845205910503864
50,alpha,,fx_level_z_252,0.05195597931742668
51,beta,momentum,,-0.03278191015124321
51,beta,persist,,0.06586236506700516
51,beta,underwater,,0.019257524982094765
51,B,momentum,kospi_return_1d,0.001838975353166461
51,B,momentum,fx_level_z_252,-0.003622797317802906
51,B,persist,kospi_return_1d,-0.0016849474050104618
51,B,persist,fx_level_z_252,0.0022749805357307196
51,B,underwater,kospi_return_1d,4.9544687499292195e-05
51,B,underwater,fx_level_z_252,-0.03423497825860977
51,alpha,,kospi_return_1d,0.012247007340192795
51,alpha,,fx_level_z_252,0.0520620234310627
52,beta,momentum,,-0.03257743641734123
52,beta,persist,,0.06658884882926941
52,beta,underwater,,0.018907340243458748
52,B,momentum,kospi_return_1d,0.0016093094600364566
52,B,momentum,fx_level_z_252,-0.004115911200642586
52,B,persist,kospi_return_1d,-0.0019239543471485376
52,B,persist,fx_level_z_252,0.0022813291288912296
52,B,underwater,kospi_return_1d,0.00013587471039500087
52,B,underwater,fx_level_z_252,-0.0340450257062912
52,alpha,,kospi_return_1d,0.012620331719517708
52,alpha,,fx_level_z_252,0.052176423370838165
53,beta,momentum,,-0.0324532650411129
53,beta,persist,,0.067291259765625
53,beta,underwater,,0.018505902960896492
53,B,momentum,kospi_return_1d,0.001483071711845696
53,B,momentum,fx_level_z_252,-0.004577326122671366
53,B,persist,kospi_return_1d,-0.002204418880864978
53,B,persist,fx_level_z_252,0.0021572590339928865
53,B,underwater,kospi_return_1d,2.3203814635053277e-05
53,B,underwater,fx_level_z_252,-0.03375428915023804
53,alpha,,kospi_return_1d,0.013086684048175812
53,alpha,,fx_level_z_252,0.05226724222302437
54,beta,momentum,,-0.03230549395084381
54,beta,persist,,0.0680079534649849
54,beta,underwater,,0.01815987564623356
54,B,momentum,kospi_return_1d,0.0013842525659129024
54,B,momentum,fx_level_z_252,-0.004953100346028805
54,B,persist,kospi_return_1d,-0.002351893577724695
54,B,persist,fx_level_z_252,0.001972563797608018
54,B,underwater,kospi_return_1d,-8.493689529132098e-05
54,B,underwater,fx_level_z_252,-0.033401213586330414
54,alpha,,kospi_return_1d,0.013609430752694607
54,alpha,,fx_level_z_252,0.05235563591122627
55,beta,momentum,,-0.032229162752628326
55,beta,persist,,0.06872335076332092
55,beta,underwater,,0.01788179576396942
55,B,momentum,kospi_return_1d,0.0016871383413672447
55,B,momentum,fx_level_z_252,-0.005189696326851845
55,B,persist,kospi_return_1d,-0.0025286825839430094
55,B,persist,fx_level_z_252,0.0018493349198251963
55,B,underwater,kospi_return_1d,-0.0003016109694726765
55,B,underwater,fx_level_z_252,-0.03305578604340553
55,alpha,,kospi_return_1d,0.014242645353078842
55,alpha,,fx_level_z_252,0.0524662584066391
56,beta,momentum,,-0.03219360485672951
56,beta,persist,,0.06947381049394608
56,beta,underwater,,0.017578039318323135
56,B,momentum,kospi_return_1d,0.0018290418665856123
56,B,momentum,fx_level_z_252,-0.005342579446732998
56,B,persist,kospi_return_1d,-0.002737152623012662
56,B,persist,fx_level_z_252,0.0016780607402324677
56,B,underwater,kospi_return_1d,-0.0003742121334653348
56,B,underwater,fx_level_z_252,-0.03270093351602554
56,alpha,,kospi_return_1d,0.01479511521756649
56,alpha,,fx_level_z_252,0.05251997709274292
57,beta,momentum,,-0.03219762444496155
57,beta,persist,,0.07022544741630554
57,beta,underwater,,0.017288140952587128
57,B,momentum,kospi_return_1d,0.00206941831856966
57,B,momentum,fx_level_z_252,-0.005381126422435045
57,B,persist,kospi_return_1d,-0.0029605308081954718
57,B,persist,fx_level_z_252,0.0014578212285414338
57,B,underwater,kospi_return_1d,-0.00043956912122666836
57,B,underwater,fx_level_z_252,-0.03241780772805214
57,alpha,,kospi_return_1d,0.015303535386919975
57,alpha,,fx_level_z_252,0.052525680512189865
58,beta,momentum,,-0.03208121657371521
58,beta,persist,,0.07094169408082962
58,beta,underwater,,0.01690845750272274
58,B,momentum,kospi_return_1d,0.002324864035472274
58,B,momentum,fx_level_z_252,-0.005446971859782934
58,B,persist,kospi_return_1d,-0.003245563944801688
58,B,persist,fx_level_z_252,0.0013715995009988546
58,B,underwater,kospi_return_1d,-0.000509568490087986
58,B,underwater,fx_level_z_252,-0.03220508247613907
58,alpha,,kospi_return_1d,0.01574936881661415
58,alpha,,fx_level_z_252,0.05248190835118294
59,beta,momentum,,-0.03207451105117798
59,beta,persist,,0.07170788943767548
59,beta,underwater,,0.01664341427385807
59,B,momentum,kospi_return_1d,0.0025671804323792458
59,B,momentum,fx_level_z_252,-0.0055475966073572636
59,B,persist,kospi_return_1d,-0.0035375270526856184
59,B,persist,fx_level_z_252,0.0012551748659461737
59,B,underwater,kospi_return_1d,-0.0006600757478736341
59,B,underwater,fx_level_z_252,-0.03188091143965721
59,alpha,,kospi_return_1d,0.016117524355649948
59,alpha,,fx_level_z_252,0.05250281095504761
60,beta,momentum,,-0.032086268067359924
60,beta,persist,,0.07249975949525833
60,beta,underwater,,0.01639566197991371
60,B,momentum,kospi_return_1d,0.002897176891565323
60,B,momentum,fx_level_z_252,-0.005617205519229174
60,B,persist,kospi_return_1d,-0.003635425353422761
60,B,persist,fx_level_z_252,0.0011719453614205122
60,B,underwater,kospi_return_1d,-0.0007444976945407689
60,B,underwater,fx_level_z_252,-0.03152209892868996
60,alpha,,kospi_return_1d,0.016466952860355377
60,alpha,,fx_level_z_252,0.05253898724913597
61,beta,momentum,,-0.03203803300857544
61,beta,persist,,0.0733097493648529
61,beta,underwater,,0.016088740900158882
61,B,momentum,kospi_return_1d,0.003137117950245738
61,B,momentum,fx_level_z_252,-0.005675452295690775
61,B,persist,kospi_return_1d,-0.0036387585569173098
61,B,persist,fx_level_z_252,0.0009969810489565134
61,B,underwater,kospi_return_1d,-0.0006715984782204032
61,B,underwater,fx_level_z_252,-0.031236054375767708
61,alpha,,kospi_return_1d,0.016759607940912247
61,alpha,,fx_level_z_252,0.052600108087062836
62,beta,momentum,,-0.0319107323884964
62,beta,persist,,0.07407246530056
62,beta,underwater,,0.015652818605303764
62,B,momentum,kospi_return_1d,0.002979635028168559
62,B,momentum,fx_level_z_252,-0.00573704345151782
62,B,persist,kospi_return_1d,-0.003606560407206416
62,B,persist,fx_level_z_252,0.0007721662987023592
62,B,underwater,kospi_return_1d,-0.00024618004681542516
62,B,underwater,fx_level_z_252,-0.031171981245279312
62,alpha,,kospi_return_1d,0.017147231847047806
62,alpha,,fx_level_z_252,0.05266401544213295
63,beta,momentum,,-0.031772430986166
63,beta,persist,,0.07481276243925095
63,beta,underwater,,0.01512828841805458
63,B,momentum,kospi_return_1d,0.002744853962212801
63,B,momentum,fx_level_z_252,-0.005721014458686113
63,B,persist,kospi_return_1d,-0.003560902550816536
63,B,persist,fx_level_z_252,0.0005742521025240421
63,B,underwater,kospi_return_1d,0.00022536865435540676
63,B,underwater,fx_level_z_252,-0.031217098236083984
63,alpha,,kospi_return_1d,0.017495527863502502
63,alpha,,fx_level_z_252,0.05269666388630867
64,beta,momentum,,-0.031679075211286545
64,beta,persist,,0.07555117458105087
64,beta,underwater,,0.014628343284130096
64,B,momentum,kospi_return_1d,0.002637961646541953
64,B,momentum,fx_level_z_252,-0.0055999536998569965
64,B,persist,kospi_return_1d,-0.0034845329355448484
64,B,persist,fx_level_z_252,0.00026368917315267026
64,B,underwater,kospi_return_1d,0.0006169611006043851
64,B,underwater,fx_level_z_252,-0.0313175767660141
64,alpha,,kospi_return_1d,0.017850879579782486
64,alpha,,fx_level_z_252,0.05271463841199875
65,beta,momentum,,-0.03158193081617355
65,beta,persist,,0.07623407244682312
65,beta,underwater,,0.01421554945409298
65,B,momentum,kospi_return_1d,0.0025096016470342875
65,B,momentum,fx_level_z_252,-0.005550955887883902
65,B,persist,kospi_return_1d,-0.003431793302297592
65,B,persist,fx_level_z_252,0.0001249739871127531
65,B,underwater,kospi_return_1d,0.0007976810447871685
65,B,underwater,fx_level_z_252,-0.031290873885154724
65,alpha,,kospi_return_1d,0.018317844718694687
65,alpha,,fx_level_z_252,0.052783168852329254
66,beta,momentum,,-0.03150807321071625
66,beta,persist,,0.07687730342149734
66,beta,underwater,,0.013941659592092037
66,B,momentum,kospi_return_1d,0.0023802537471055984
66,B,momentum,fx_level_z_252,-0.005538722965866327
66,B,persist,kospi_return_1d,-0.0032295924611389637
66,B,persist,fx_level_z_252,2.6165100280195475e-05
66,B,underwater,kospi_return_1d,0.0008638728759251535
66,B,underwater,fx_level_z_252,-0.031203510239720345
66,alpha,,kospi_return_1d,0.018784144893288612
66,alpha,,fx_level_z_252,0.05290406942367554
67,beta,momentum,,-0.031354598701000214
67,beta,persist,,0.07745010405778885
67,beta,underwater,,0.013645113445818424
67,B,momentum,kospi_return_1d,0.002315090037882328
67,B,momentum,fx_level_z_252,-0.005620360374450684
67,B,persist,kospi_return_1d,-0.0030822514090687037
67,B,persist,fx_level_z_252,-6.598709660465829e-06
67,B,underwater,kospi_return_1d,0.0006031470838934183
67,B,underwater,fx_level_z_252,-0.031202077865600586
67,alpha,,kospi_return_1d,0.019233129918575287
67,alpha,,fx_level_z_252,0.05299060046672821
68,beta,momentum,,-0.03126280754804611
68,beta,persist,,0.07803067564964294
68,beta,underwater,,0.013497636653482914
68,B,momentum,kospi_return_1d,0.0021129974629729986
68,B,momentum,fx_level_z_252,-0.00602344237267971
68,B,persist,kospi_return_1d,-0.002875973004847765
68,B,persist,fx_level_z_252,3.1700037652626634e-05
68,B,underwater,kospi_return_1d,0.0002673088456504047
68,B,underwater,fx_level_z_252,-0.031014379113912582
68,alpha,,kospi_return_1d,0.01958891749382019
68,alpha,,fx_level_z_252,0.053172726184129715
69,beta,momentum,,-0.031194761395454407
69,beta,persist,,0.0785522535443306
69,beta,underwater,,0.013290787115693092
69,B,momentum,kospi_return_1d,0.0019784073811024427
69,B,momentum,fx_level_z_252,-0.006253151688724756
69,B,persist,kospi_return_1d,-0.002605418674647808
69,B,persist,fx_level_z_252,0.00013301621947903186
69,B,underwater,kospi_return_1d,-0.0002311764401383698
69,B,underwater,fx_level_z_252,-0.030708415433764458
69,alpha,,kospi_return_1d,0.020092513412237167
69,alpha,,fx_level_z_252,0.05330454930663109
70,beta,momentum,,-0.03118942677974701
70,beta,persist,,0.07907377928495407
70,beta,underwater,,0.013239129446446896
70,B,momentum,kospi_return_1d,0.0019421845208853483
70,B,momentum,fx_level_z_252,-0.006614857818931341
70,B,persist,kospi_return_1d,-0.0023610256612300873
70,B,persist,fx_level_z_252,0.0004472452274058014
70,B,underwater,kospi_return_1d,-0.000871306867338717
70,B,underwater,fx_level_z_252,-0.030196798965334892
70,alpha,,kospi_return_1d,0.02058888040482998
70,alpha,,fx_level_z_252,0.053407736122608185
71,beta,momentum,,-0.031112777069211006
71,beta,persist,,0.07959749549627304
71,beta,underwater,,0.013072608970105648
71,B,momentum,kospi_return_1d,0.0018241265788674355
71,B,momentum,fx_level_z_252,-0.006899994798004627
71,B,persist,kospi_return_1d,-0.0022901424672454596
71,B,persist,fx_level_z_252,0.0006324698915705085
71,B,underwater,kospi_return_1d,-0.0013566163834184408
71,B,underwater,fx_level_z_252,-0.029863091185688972
71,alpha,,kospi_return_1d,0.021072618663311005
71,alpha,,fx_level_z_252,0.05354727432131767
72,beta,momentum,,-0.031098686158657074
72,beta,persist,,0.08013938367366791
72,beta,underwater,,0.01294857170432806
72,B,momentum,kospi_return_1d,0.0016745192697271705
72,B,momentum,fx_level_z_252,-0.006984562613070011
72,B,persist,kospi_return_1d,-0.0021663825027644634
72,B,persist,fx_level_z_252,0.0007120224763639271
72,B,underwater,kospi_return_1d,-0.0015928554348647594
72,B,underwater,fx_level_z_252,-0.029598822817206383
72,alpha,,kospi_return_1d,0.021523207426071167
72,alpha,,fx_level_z_252,0.05370951071381569
73,beta,momentum,,-0.031161343678832054
73,beta,persist,,0.08072186261415482
73,beta,underwater,,0.01278157252818346
73,B,momentum,kospi_return_1d,0.0013892949791625142
73,B,momentum,fx_level_z_252,-0.006976794451475143
73,B,persist,kospi_return_1d,-0.0017515475628897548
73,B,persist,fx_level_z_252,0.000668012595269829
73,B,underwater,kospi_return_1d,-0.0017084212740883231
73,B,underwater,fx_level_z_252,-0.02943594567477703
73,alpha,,kospi_return_1d,0.021917546167969704
73,alpha,,fx_level_z_252,0.05383956804871559
74,beta,momentum,,-0.031134260818362236
74,beta,persist,,0.08129961788654327
74,beta,underwater,,0.012620050460100174
74,B,momentum,kospi_return_1d,0.0012063634349033237
74,B,momentum,fx_level_z_252,-0.007107304874807596
74,B,persist,kospi_return_1d,-0.0013430200051516294
74,B,persist,fx_level_z_252,0.000646398460958153
74,B,underwater,kospi_return_1d,-0.0016423392808064818
74,B,underwater,fx_level_z_252,-0.029198182746767998
74,alpha,,kospi_return_1d,0.022334031760692596
74,alpha,,fx_level_z_252,0.0539083331823349
75,beta,momentum,,-0.03111935779452324
75,beta,persist,,0.08189064264297485
75,beta,underwater,,0.012396881356835365
75,B,momentum,kospi_return_1d,0.0011193148093298078
75,B,momentum,fx_level_z_252,-0.007167748641222715
75,B,persist,kospi_return_1d,-0.0010950240539386868
75,B,persist,fx_level_z_252,0.0004043113440275192
75,B,underwater,kospi_return_1d,-0.001597286551259458
75,B,underwater,fx_level_z_252,-0.029040269553661346
75,alpha,,kospi_return_1d,0.022716522216796875
75,alpha,,fx_level_z_252,0.053965017199516296
76,beta,momentum,,-0.03116992674767971
76,beta,persist,,0.08253603428602219
76,beta,underwater,,0.012244884856045246
76,B,momentum,kospi_return_1d,0.0011020374950021505
76,B,momentum,fx_level_z_252,-0.007103606592863798
76,B,persist,kospi_return_1d,-0.0008478206000290811
76,B,persist,fx_level_z_252,2.256064908578992e-05
76,B,underwater,kospi_return_1d,-0.0014848002465441823
76,B,underwater,fx_level_z_252,-0.028931492939591408
76,alpha,,kospi_return_1d,0.022859100252389908
76,alpha,,fx_level_z_252,0.05403725802898407
77,beta,momentum,,-0.031130127608776093
77,beta,persist,,0.08311896026134491
77,beta,underwater,,0.01203484833240509
77,B,momentum,kospi_return_1d,0.0011684889905154705
77,B,momentum,fx_level_z_252,-0.007169690914452076
77,B,persist,kospi_return_1d,-0.0007583255646750331
77,B,persist,fx_level_z_252,-3.5807868698611856e-05
77,B,underwater,kospi_return_1d,-0.0012741673272103071
77,B,underwater,fx_level_z_252,-0.028660299256443977
77,alpha,,kospi_return_1d,0.023098137229681015
77,alpha,,fx_level_z_252,0.054031483829021454
78,beta,momentum,,-0.031079620122909546
78,beta,persist,,0.08364879339933395
78,beta,underwater,,0.011736453510820866
78,B,momentum,kospi_return_1d,0.0013539197389036417
78,B,momentum,fx_level_z_252,-0.006953181233257055
78,B,persist,kospi_return_1d,-0.000901254650671035
78,B,persist,fx_level_z_252,0.00012292532483115792
78,B,underwater,kospi_return_1d,-0.0010382529580965638
78,B,underwater,fx_level_z_252,-0.028416624292731285
78,alpha,,kospi_return_1d,0.023310072720050812
78,alpha,,fx_level_z_252,0.05394655093550682
79,beta,momentum,,-0.031062258407473564
79,beta,persist,,0.08416342735290527
79,beta,underwater,,0.011471894569694996
79,B,momentum,kospi_return_1d,0.0015906257322058082
79,B,momentum,fx_level_z_252,-0.006823110859841108
79,B,persist,kospi_return_1d,-0.0012544505298137665
79,B,persist,fx_level_z_252,0.0004207197926007211
79,B,underwater,kospi_return_1d,-0.0010320976143702865
79,B,underwater,fx_level_z_252,-0.02819756604731083
79,alpha,,kospi_return_1d,0.02344062365591526
79,alpha,,fx_level_z_252,0.053963374346494675
80,beta,momentum,,-0.0310354121029377
80,beta,persist,,0.08461988717317581
80,beta,underwater,,0.01112511195242405
80,B,momentum,kospi_return_1d,0.0019259464461356401
80,B,momentum,fx_level_z_252,-0.0065583218820393085
80,B,persist,kospi_return_1d,-0.001737104495987296
80,B,persist,fx_level_z_252,0.0008039108361117542
80,B,underwater,kospi_return_1d,-0.0010721966391429305
80,B,underwater,fx_level_z_252,-0.028180254623293877
80,alpha,,kospi_return_1d,0.023753924295306206
80,alpha,,fx_level_z_252,0.05399287864565849
81,beta,momentum,,-0.031000103801488876
81,beta,persist,,0.08510403335094452
81,beta,underwater,,0.010938622057437897
81,B,momentum,kospi_return_1d,0.002318295417353511
81,B,momentum,fx_level_z_252,-0.00649628322571516
81,B,persist,kospi_return_1d,-0.0021040525753051043
81,B,persist,fx_level_z_252,0.001071782549843192
81,B,underwater,kospi_return_1d,-0.0011183852329850197
81,B,underwater,fx_level_z_252,-0.02799912914633751
81,alpha,,kospi_return_1d,0.024055885151028633
81,alpha,,fx_level_z_252,0.05400216579437256
82,beta,momentum,,-0.031050536781549454
82,beta,persist,,0.08556149154901505
82,beta,underwater,,0.010718698613345623
82,B,momentum,kospi_return_1d,0.002733367495238781
82,B,momentum,fx_level_z_252,-0.006418317556381226
82,B,persist,kospi_return_1d,-0.002649712609127164
82,B,persist,fx_level_z_252,0.0013701701536774635
82,B,underwater,kospi_return_1d,-0.0012468426721170545
82,B,underwater,fx_level_z_252,-0.02781795896589756
82,alpha,,kospi_return_1d,0.024425668641924858
82,alpha,,fx_level_z_252,0.05398286134004593
83,beta,momentum,,-0.031043851748108864
83,beta,persist,,0.08602513372898102
83,beta,underwater,,0.010501396842300892
83,B,momentum,kospi_return_1d,0.0028970963321626186
83,B,momentum,fx_level_z_252,-0.006258215289562941
83,B,persist,kospi_return_1d,-0.0028395100962370634
83,B,persist,fx_level_z_252,0.0014797940384596586
83,B,underwater,kospi_return_1d,-0.0012773653725162148
83,B,underwater,fx_level_z_252,-0.027738317847251892
83,alpha,,kospi_return_1d,0.024761511012911797
83,alpha,,fx_level_z_252,0.05397797003388405
84,beta,momentum,,-0.030952438712120056
84,beta,persist,,0.08645369112491608
84,beta,underwater,,0.01008528470993042
84,B,momentum,kospi_return_1d,0.0029182424768805504
84,B,momentum,fx_level_z_252,-0.006033626850694418
84,B,persist,kospi_return_1d,-0.0029379830230027437
84,B,persist,fx_level_z_252,0.0015196676831692457
84,B,underwater,kospi_return_1d,-0.0010550179285928607
84,B,underwater,fx_level_z_252,-0.02792402170598507
84,alpha,,kospi_return_1d,0.025100966915488243
84,alpha,,fx_level_z_252,0.05388959124684334
85,beta,momentum,,-0.03080160915851593
85,beta,persist,,0.08684134483337402
85,beta,underwater,,0.009529881179332733
85,B,momentum,kospi_return_1d,0.002793159568682313
85,B,momentum,fx_level_z_252,-0.005770191550254822
85,B,persist,kospi_return_1d,-0.0030026657041162252
85,B,persist,fx_level_z_252,0.0013934352900832891
85,B,underwater,kospi_return_1d,-0.0005642269970849156
85,B,underwater,fx_level_z_252,-0.028249384835362434
85,alpha,,kospi_return_1d,0.025446167215704918
85,alpha,,fx_level_z_252,0.05378692224621773
86,beta,momentum,,-0.03066663071513176
86,beta,persist,,0.08719636499881744
86,beta,underwater,,0.008998721837997437
86,B,momentum,kospi_return_1d,0.0027038489934056997
86,B,momentum,fx_level_z_252,-0.005494809243828058
86,B,persist,kospi_return_1d,-0.003102892078459263
86,B,persist,fx_level_z_252,0.0012483411701396108
86,B,underwater,kospi_return_1d,-0.00011308920511510223
86,B,underwater,fx_level_z_252,-0.0285449530929327
86,alpha,,kospi_return_1d,0.025885092094540596
86,alpha,,fx_level_z_252,0.05365600436925888
87,beta,momentum,,-0.030497482046484947
87,beta,persist,,0.08746426552534103
87,beta,underwater,,0.008486238308250904
87,B,momentum,kospi_return_1d,0.002588572446256876
87,B,momentum,fx_level_z_252,-0.005361712537705898
87,B,persist,kospi_return_1d,-0.0033507037442177534
87,B,persist,fx_level_z_252,0.0012328065931797028
87,B,underwater,kospi_return_1d,0.00018874289526138455
87,B,underwater,fx_level_z_252,-0.028593622148036957
87,alpha,,kospi_return_1d,0.026350896805524826
87,alpha,,fx_level_z_252,0.05349736288189888
88,beta,momentum,,-0.03035801835358143
88,beta,persist,,0.08779303729534149
88,beta,underwater,,0.008136246353387833
88,B,momentum,kospi_return_1d,0.002498347545042634
88,B,momentum,fx_level_z_252,-0.00540403975173831
88,B,persist,kospi_return_1d,-0.0032636532559990883
88,B,persist,fx_level_z_252,0.0011045911815017462
88,B,underwater,kospi_return_1d,0.00024175515864044428
88,B,underwater,fx_level_z_252,-0.02850787341594696
88,alpha,,kospi_return_1d,0.02669764868915081
88,alpha,,fx_level_z_252,0.05336228758096695
89,beta,momentum,,-0.03022650256752968
89,beta,persist,,0.08814455568790436
89,beta,underwater,,0.007768908049911261
89,B,momentum,kospi_return_1d,0.002322256099432707
89,B,momentum,fx_level_z_252,-0.005439502187073231
89,B,persist,kospi_return_1d,-0.0030648435931652784
89,B,persist,fx_level_z_252,0.0010611845646053553
89,B,underwater,kospi_return_1d,2.3095926735550165e-05
89,B,underwater,fx_level_z_252,-0.028458600863814354
89,alpha,,kospi_return_1d,0.02701246179640293
89,alpha,,fx_level_z_252,0.053229331970214844
90,beta,momentum,,-0.03005686216056347
90,beta,persist,,0.08852701634168625
90,beta,underwater,,0.007468618452548981
90,B,momentum,kospi_return_1d,0.002259772503748536
90,B,momentum,fx_level_z_252,-0.005553321447223425
90,B,persist,kospi_return_1d,-0.0030749263241887093
90,B,persist,fx_level_z_252,0.0011639298172667623
90,B,underwater,kospi_return_1d,-0.0004518133937381208
90,B,underwater,fx_level_z_252,-0.028320731595158577
90,alpha,,kospi_return_1d,0.027175290510058403
90,alpha,,fx_level_z_252,0.05309990048408508
91,beta,momentum,,-0.02989375777542591
91,beta,persist,,0.08893322199583054
91,beta,underwater,,0.0072585828602313995
91,B,momentum,kospi_return_1d,0.0021139606833457947
91,B,momentum,fx_level_z_252,-0.005887786392122507
91,B,persist,kospi_return_1d,-0.0031736530363559723
91,B,persist,fx_level_z_252,0.0013063777005299926
91,B,underwater,kospi_return_1d,-0.0009453070233576
91,B,underwater,fx_level_z_252,-0.028091302141547203
91,alpha,,kospi_return_1d,0.027258269488811493
91,alpha,,fx_level_z_252,0.05297801271080971
92,beta,momentum,,-0.029813149943947792
92,beta,persist,,0.08936161547899246
92,beta,underwater,,0.007134583313018084
92,B,momentum,kospi_return_1d,0.001946840318851173
92,B,momentum,fx_level_z_252,-0.006196021568030119
92,B,persist,kospi_return_1d,-0.003377184271812439
92,B,persist,fx_level_z_252,0.0012962223263457417
92,B,underwater,kospi_return_1d,-0.0015442930161952972
92,B,underwater,fx_level_z_252,-0.027827801182866096
92,alpha,,kospi_return_1d,0.027293484658002853
92,alpha,,fx_level_z_252,0.05293061584234238
93,beta,momentum,,-0.029723117128014565
93,beta,persist,,0.08985822647809982
93,beta,underwater,,0.00715559022501111
93,B,momentum,kospi_return_1d,0.0018637430621311069
93,B,momentum,fx_level_z_252,-0.006680850870907307
93,B,persist,kospi_return_1d,-0.003341142786666751
93,B,persist,fx_level_z_252,0.0011854011099785566
93,B,underwater,kospi_return_1d,-0.0021064914762973785
93,B,underwater,fx_level_z_252,-0.027415532618761063
93,alpha,,kospi_return_1d,0.02713697962462902
93,alpha,,fx_level_z_252,0.05294235423207283
94,beta,momentum,,-0.02955462783575058
94,beta,persist,,0.09035251289606094
94,beta,underwater,,0.007218157406896353
94,B,momentum,kospi_return_1d,0.0019015800207853317
94,B,momentum,fx_level_z_252,-0.007236383389681578
94,B,persist,kospi_return_1d,-0.0031972513534128666
94,B,persist,fx_level_z_252,0.001043722266331315
94,B,underwater,kospi_return_1d,-0.0024480249267071486
94,B,underwater,fx_level_z_252,-0.02694801799952984
94,alpha,,kospi_return_1d,0.027000997215509415
94,alpha,,fx_level_z_252,0.052953287959098816
95,beta,momentum,,-0.029290910810232162
95,beta,persist,,0.09080243855714798
95,beta,underwater,,0.007113106548786163
95,B,momentum,kospi_return_1d,0.0017003531102091074
95,B,momentum,fx_level_z_252,-0.007413260638713837
95,B,persist,kospi_return_1d,-0.0030010982882231474
95,B,persist,fx_level_z_252,0.0009276369819417596
95,B,underwater,kospi_return_1d,-0.002534637926146388
95,B,underwater,fx_level_z_252,-0.02686305344104767
95,alpha,,kospi_return_1d,0.02697727642953396
95,alpha,,fx_level_z_252,0.0528835766017437
96,beta,momentum,,-0.029101086780428886
96,beta,persist,,0.09122785180807114
96,beta,underwater,,0.006959208287298679
96,B,momentum,kospi_return_1d,0.0013746258337050676
96,B,momentum,fx_level_z_252,-0.007449829485267401
96,B,persist,kospi_return_1d,-0.0027907940093427896
96,B,persist,fx_level_z_252,0.0007314213435165584
96,B,underwater,kospi_return_1d,-0.0025563063099980354
96,B,underwater,fx_level_z_252,-0.026831138879060745
96,alpha,,kospi_return_1d,0.027063826099038124
96,alpha,,fx_level_z_252,0.05282445251941681
97,beta,momentum,,-0.028926126658916473
97,beta,persist,,0.09161068499088287
97,beta,underwater,,0.00680019985884428
97,B,momentum,kospi_return_1d,0.0011003020917996764
97,B,momentum,fx_level_z_252,-0.007445113733410835
97,B,persist,kospi_return_1d,-0.0025810948573052883
97,B,persist,fx_level_z_252,0.0006208129925653338
97,B,underwater,kospi_return_1d,-0.0026363832876086235
97,B,underwater,fx_level_z_252,-0.026685137301683426
97,alpha,,kospi_return_1d,0.027020415291190147
97,alpha,,fx_level_z_252,0.05273551866412163
98,beta,momentum,,-0.028910476714372635
98,beta,persist,,0.09203675389289856
98,beta,underwater,,0.0067286863923072815
98,B,momentum,kospi_return_1d,0.0009810059564188123
98,B,momentum,fx_level_z_252,-0.007333958521485329
98,B,persist,kospi_return_1d,-0.0023411745205521584
98,B,persist,fx_level_z_252,0.0005230768583714962
98,B,underwater,kospi_return_1d,-0.0027533003594726324
98,B,underwater,fx_level_z_252,-0.026544172316789627
98,alpha,,kospi_return_1d,0.02696419321000576
98,alpha,,fx_level_z_252,0.05267401412129402
99,beta,momentum,,-0.029005877673625946
99,beta,persist,,0.0924413800239563
99,beta,underwater,,0.006799474824219942
99,B,momentum,kospi_return_1d,0.0008675819844938815
99,B,momentum,fx_level_z_252,-0.007307338062673807
99,B,persist,kospi_return_1d,-0.002015587640926242
99,B,persist,fx_level_z_252,0.0005540655693039298
99,B,underwater,kospi_return_1d,-0.0028519337065517902
99,B,underwater,fx_level_z_252,-0.026205386966466904
99,alpha,,kospi_return_1d,0.026934834197163582
99,alpha,,fx_level_z_252,0.052678145468235016
100,beta,momentum,,-0.029142962768673897
100,beta,persist,,0.0927576795220375
100,beta,underwater,,0.006742224562913179
100,B,momentum,kospi_return_1d,0.00046209164429455996
100,B,momentum,fx_level_z_252,-0.007036506198346615
100,B,persist,kospi_return_1d,-0.0015696913469582796
100,B,persist,fx_level_z_252,0.00045553737436421216
100,B,underwater,kospi_return_1d,-0.0028742305003106594
100,B,underwater,fx_level_z_252,-0.026095528155565262
100,alpha,,kospi_return_1d,0.027025289833545685
100,alpha,,fx_level_z_252,0.052618060261011124
101,beta,momentum,,-0.02931820973753929
101,beta,persist,,0.09301000833511353
101,beta,underwater,,0.0066656386479735374
101,B,momentum,kospi_return_1d,5.631874955724925e-05
101,B,momentum,fx_level_z_252,-0.006730093155056238
101,B,persist,kospi_return_1d,-0.0012299303198233247
101,B,persist,fx_level_z_252,0.0004653714131563902
101,B,underwater,kospi_return_1d,-0.0029346919618546963
101,B,underwater,fx_level_z_252,-0.025943471118807793
101,alpha,,kospi_return_1d,0.027303725481033325
101,alpha,,fx_level_z_252,0.052579984068870544
102,beta,momentum,,-0.02945932373404503
102,beta,persist,,0.09327199310064316
102,beta,underwater,,0.006540566682815552
102,B,momentum,kospi_return_1d,-0.00029014775645919144
102,B,momentum,fx_level_z_252,-0.006392632611095905
102,B,persist,kospi_return_1d,-0.0009298938093706965
102,B,persist,fx_level_z_252,0.0006098734447732568
102,B,underwater,kospi_return_1d,-0.003011483931913972
102,B,underwater,fx_level_z_252,-0.02590612694621086
102,alpha,,kospi_return_1d,0.027619285508990288
102,alpha,,fx_level_z_252,0.05263253673911095
103,beta,momentum,,-0.02934448979794979
103,beta,persist,,0.0934697613120079
103,beta,underwater,,0.006108478643000126
103,B,momentum,kospi_return_1d,-0.0006036696722730994
103,B,momentum,fx_level_z_252,-0.005930917803198099
103,B,persist,kospi_return_1d,-0.0009250778239220381
103,B,persist,fx_level_z_252,0.0006470791413448751
103,B,underwater,kospi_return_1d,-0.003036336274817586
103,B,underwater,fx_level_z_252,-0.02609587088227272
103,alpha,,kospi_return_1d,0.02799702063202858
103,alpha,,fx_level_z_252,0.05255579203367233
104,beta,momentum,,-0.02917306497693062
104,beta,persist,,0.09369918704032898
104,beta,underwater,,0.005714319180697203
104,B,momentum,kospi_return_1d,-0.000822436879388988
104,B,momentum,fx_level_z_252,-0.005384412594139576
104,B,persist,kospi_return_1d,-0.0006863311864435673
104,B,persist,fx_level_z_252,0.0004945408436469734
104,B,underwater,kospi_return_1d,-0.00292072887532413
104,B,underwater,fx_level_z_252,-0.026419589295983315
104,alpha,,kospi_return_1d,0.02829267643392086
104,alpha,,fx_level_z_252,0.052500467747449875
105,beta,momentum,,-0.028995931148529053
105,beta,persist,,0.09395641833543777
105,beta,underwater,,0.005469242110848427
105,B,momentum,kospi_return_1d,-0.0006968905217945576
105,B,momentum,fx_level_z_252,-0.004933841526508331
105,B,persist,kospi_return_1d,-0.0005327583639882505
105,B,persist,fx_level_z_252,0.0003666842821985483
105,B,underwater,kospi_return_1d,-0.0030120338778942823
105,B,underwater,fx_level_z_252,-0.026709463447332382
105,alpha,,kospi_return_1d,0.02859378606081009
105,alpha,,fx_level_z_252,0.0525200329720974
106,beta,momentum,,-0.028870653361082077
106,beta,persist,,0.09420424699783325
106,beta,underwater,,0.0053132218308746815
106,B,momentum,kospi_return_1d,-0.00023975607473403215
106,B,momentum,fx_level_z_252,-0.0046551283448934555
106,B,persist,kospi_return_1d,-0.00040062592597678304
106,B,persist,fx_level_z_252,0.00033823520061559975
106,B,underwater,kospi_return_1d,-0.0031273681670427322
106,B,underwater,fx_level_z_252,-0.02681848034262657
106,alpha,,kospi_return_1d,0.02888200245797634
106,alpha,,fx_level_z_252,0.05257386714220047
107,beta,momentum,,-0.0288506131619215
107,beta,persist,,0.09449926018714905
107,beta,underwater,,0.005274537019431591
107,B,momentum,kospi_return_1d,0.00041942615644074976
107,B,momentum,fx_level_z_252,-0.004407187923789024
107,B,persist,kospi_return_1d,-0.000372887821868062
107,B,persist,fx_level_z_252,0.0004244245938025415
107,B,underwater,kospi_return_1d,-0.003349421313032508
107,B,underwater,fx_level_z_252,-0.026835443452000618
107,alpha,,kospi_return_1d,0.029112452641129494
107,alpha,,fx_level_z_252,0.05269794911146164
108,beta,momentum,,-0.02887197956442833
108,beta,persist,,0.09475136548280716
108,beta,underwater,,0.005082388408482075
108,B,momentum,kospi_return_1d,0.000978207215666771
108,B,momentum,fx_level_z_252,-0.003981534391641617
108,B,persist,kospi_return_1d,-0.0002510536287445575
108,B,persist,fx_level_z_252,0.0005864383419975638
108,B,underwater,kospi_return_1d,-0.003404391696676612
108,B,underwater,fx_level_z_252,-0.026936789974570274
108,alpha,,kospi_return_1d,0.02937019243836403
108,alpha,,fx_level_z_252,0.05272125452756882
109,beta,momentum,,-0.028812695294618607
109,beta,persist,,0.09506665170192719
109,beta,underwater,,0.0049278042279183865
109,B,momentum,kospi_return_1d,0.001539778197184205
109,B,momentum,fx_level_z_252,-0.0035846412647515535
109,B,persist,kospi_return_1d,-0.00013347898493520916
109,B,persist,fx_level_z_252,0.0006344160065054893
109,B,underwater,kospi_return_1d,-0.0034357463009655476
109,B,underwater,fx_level_z_252,-0.0271160788834095
109,alpha,,kospi_return_1d,0.029463043436408043
109,alpha,,fx_level_z_252,0.052847668528556824
110,beta,momentum,,-0.02871929481625557
110,beta,persist,,0.0953318178653717
110,beta,underwater,,0.004747649189084768
110,B,momentum,kospi_return_1d,0.0018746290588751435
110,B,momentum,fx_level_z_252,-0.0033062153961509466
110,B,persist,kospi_return_1d,-0.0002433016779832542
110,B,persist,fx_level_z_252,0.0007952496525831521
110,B,underwater,kospi_return_1d,-0.0035966725554317236
110,B,underwater,fx_level_z_252,-0.02713959477841854
110,alpha,,kospi_return_1d,0.029378561303019524
110,alpha,,fx_level_z_252,0.0528896301984787
111,beta,momentum,,-0.02876252681016922
111,beta,persist,,0.09560839831829071
111,beta,underwater,,0.0046576508320868015
111,B,momentum,kospi_return_1d,0.0021247263066470623
111,B,momentum,fx_level_z_252,-0.0030633234418928623
111,B,persist,kospi_return_1d,-0.00044857044122181833
111,B,persist,fx_level_z_252,0.001017236616462469
111,B,underwater,kospi_return_1d,-0.003866132814437151
111,B,underwater,fx_level_z_252,-0.02698245458304882
111,alpha,,kospi_return_1d,0.029377423226833344
111,alpha,,fx_level_z_252,0.05290769413113594
112,beta,momentum,,-0.02891349047422409
112,beta,persist,,0.09592704474925995
112,beta,underwater,,0.004725019447505474
112,B,momentum,kospi_return_1d,0.0021601724438369274
112,B,momentum,fx_level_z_252,-0.0029229633510112762
112,B,persist,kospi_return_1d,-0.0004589332384057343
112,B,persist,fx_level_z_252,0.001214455347508192
112,B,underwater,kospi_return_1d,-0.003967227414250374
112,B,underwater,fx_level_z_252,-0.026741456240415573
112,alpha,,kospi_return_1d,0.029203468933701515
112,alpha,,fx_level_z_252,0.05292709916830063
113,beta,momentum,,-0.029034500941634178
113,beta,persist,,0.09623865783214569
113,beta,underwater,,0.004802257753908634
113,B,momentum,kospi_return_1d,0.0021297354251146317
113,B,momentum,fx_level_z_252,-0.002750562271103263
113,B,persist,kospi_return_1d,-0.0004159687669016421
113,B,persist,fx_level_z_252,0.0012594906147569418
113,B,underwater,kospi_return_1d,-0.0040155514143407345
113,B,underwater,fx_level_z_252,-0.02647506259381771
113,alpha,,kospi_return_1d,0.029002664610743523
113,alpha,,fx_level_z_252,0.052882444113492966
114,beta,momentum,,-0.029048047959804535
114,beta,persist,,0.09648182988166809
114,beta,underwater,,0.004869337193667889
114,B,momentum,kospi_return_1d,0.0021213204599916935
114,B,momentum,fx_level_z_252,-0.0026082361582666636
114,B,persist,kospi_return_1d,-0.0003115071449428797
114,B,persist,fx_level_z_252,0.0012288574362173676
114,B,underwater,kospi_return_1d,-0.004050818737596273
114,B,underwater,fx_level_z_252,-0.02616247534751892
114,alpha,,kospi_return_1d,0.0289703868329525
114,alpha,,fx_level_z_252,0.05275748670101166
115,beta,momentum,,-0.02898496948182583
115,beta,persist,,0.09665891528129578
115,beta,underwater,,0.004876088351011276
115,B,momentum,kospi_return_1d,0.002100309357047081
115,B,momentum,fx_level_z_252,-0.002531559905037284
115,B,persist,kospi_return_1d,-0.00039449919131584466
115,B,persist,fx_level_z_252,0.0011642050230875611
115,B,underwater,kospi_return_1d,-0.0039630308747291565
115,B,underwater,fx_level_z_252,-0.0258391834795475
115,alpha,,kospi_return_1d,0.028917932882905006
115,alpha,,fx_level_z_252,0.05261772498488426
116,beta,momentum,,-0.028923140838742256
116,beta,persist,,0.0968949943780899
116,beta,underwater,,0.004856985993683338
116,B,momentum,kospi_return_1d,0.001900629373267293
116,B,momentum,fx_level_z_252,-0.0024602538906037807
116,B,persist,kospi_return_1d,-0.0003083385818172246
116,B,persist,fx_level_z_252,0.0011244909837841988
116,B,underwater,kospi_return_1d,-0.0038627872709184885
116,B,underwater,fx_level_z_252,-0.025583459064364433
116,alpha,,kospi_return_1d,0.028879068791866302
116,alpha,,fx_level_z_252,0.0524432435631752
117,beta,momentum,,-0.028864605352282524
117,beta,persist,,0.09711406379938126
117,beta,underwater,,0.004820225760340691
117,B,momentum,kospi_return_1d,0.0015927120111882687
117,B,momentum,fx_level_z_252,-0.002375129610300064
117,B,persist,kospi_return_1d,-0.00028034369461238384
117,B,persist,fx_level_z_252,0.0012285372940823436
117,B,underwater,kospi_return_1d,-0.0036264685913920403
117,B,underwater,fx_level_z_252,-0.025367911905050278
117,alpha,,kospi_return_1d,0.02875370904803276
117,alpha,,fx_level_z_252,0.05236872658133507
118,beta,momentum,,-0.02875664085149765
118,beta,persist,,0.09736771881580353
118,beta,underwater,,0.004782569129019976
118,B,momentum,kospi_return_1d,0.0016263119177892804
118,B,momentum,fx_level_z_252,-0.002576779806986451
118,B,persist,kospi_return_1d,-0.0003310528118163347
118,B,persist,fx_level_z_252,0.0013187049189582467
118,B,underwater,kospi_return_1d,-0.0034198809880763292
118,B,underwater,fx_level_z_252,-0.02502918615937233
118,alpha,,kospi_return_1d,0.028689024969935417
118,alpha,,fx_level_z_252,0.05226648971438408
119,beta,momentum,,-0.028642689809203148
119,beta,persist,,0.09752646088600159
119,beta,underwater,,0.004656437784433365
119,B,momentum,kospi_return_1d,0.001555560389533639
119,B,momentum,fx_level_z_252,-0.00276336376555264
119,B,persist,kospi_return_1d,-0.00034289428731426597
119,B,persist,fx_level_z_252,0.001488939393311739
119,B,underwater,kospi_return_1d,-0.0032443110831081867
119,B,underwater,fx_level_z_252,-0.024706585332751274
119,alpha,,kospi_return_1d,0.028959810733795166
119,alpha,,fx_level_z_252,0.05214012414216995
120,beta,momentum,,-0.028620218858122826
120,beta,persist,,0.0976899191737175
120,beta,underwater,,0.004614837467670441
120,B,momentum,kospi_return_1d,0.0015570658724755049
120,B,momentum,fx_level_z_252,-0.0029581645503640175
120,B,persist,kospi_return_1d,-0.0003888950450345874
120,B,persist,fx_level_z_252,0.0014877428766340017
120,B,underwater,kospi_return_1d,-0.0032044434919953346
120,B,underwater,fx_level_z_252,-0.02433324232697487
120,alpha,,kospi_return_1d,0.029191622510552406
120,alpha,,fx_level_z_252,0.05202999711036682
121,beta,momentum,,-0.028762854635715485
121,beta,persist,,0.09790516644716263
121,beta,underwater,,0.00466123316437006
121,B,momentum,kospi_return_1d,0.0014202453894540668
121,B,momentum,fx_level_z_252,-0.0031478984747081995
121,B,persist,kospi_return_1d,-0.0003236389020457864
121,B,persist,fx_level_z_252,0.0014589111087843776
121,B,underwater,kospi_return_1d,-0.0031452595721930265
121,B,underwater,fx_level_z_252,-0.023927584290504456
121,alpha,,kospi_return_1d,0.02938050776720047
121,alpha,,fx_level_z_252,0.05196109786629677
122,beta,momentum,,-0.02899773046374321
122,beta,persist,,0.09819568693637848
122,beta,underwater,,0.00484044523909688
122,B,momentum,kospi_return_1d,0.0014800543431192636
122,B,momentum,fx_level_z_252,-0.003297915682196617
122,B,persist,kospi_return_1d,-0.00026210746727883816
122,B,persist,fx_level_z_252,0.0015386021696031094
122,B,underwater,kospi_return_1d,-0.003197460202500224
122,B,underwater,fx_level_z_252,-0.023413626477122307
122,alpha,,kospi_return_1d,0.02945627272129059
122,alpha,,fx_level_z_252,0.05193938687443733
123,beta,momentum,,-0.029111653566360474
123,beta,persist,,0.0984259620308876
123,beta,underwater,,0.005001775920391083
123,B,momentum,kospi_return_1d,0.001558840274810791
123,B,momentum,fx_level_z_252,-0.00363167654722929
123,B,persist,kospi_return_1d,-0.00029570359038189054
123,B,persist,fx_level_z_252,0.001654081977903843
123,B,underwater,kospi_return_1d,-0.003257410367950797
123,B,underwater,fx_level_z_252,-0.02287152037024498
123,alpha,,kospi_return_1d,0.02967711351811886
123,alpha,,fx_level_z_252,0.05192829295992851
124,beta,momentum,,-0.029137257486581802
124,beta,persist,,0.09857606142759323
124,beta,underwater,,0.005132341757416725
124,B,momentum,kospi_return_1d,0.0013623855775222182
124,B,momentum,fx_level_z_252,-0.0037604770623147488
124,B,persist,kospi_return_1d,-0.00032361745252273977
124,B,persist,fx_level_z_252,0.0017811765428632498
124,B,underwater,kospi_return_1d,-0.0033074948005378246
124,B,underwater,fx_level_z_252,-0.022495070472359657
124,alpha,,kospi_return_1d,0.02997710183262825
124,alpha,,fx_level_z_252,0.051898885518312454
125,beta,momentum,,-0.029065145179629326
125,beta,persist,,0.09867747873067856
125,beta,underwater,,0.005156366620212793
125,B,momentum,kospi_return_1d,0.001354087726213038
125,B,momentum,fx_level_z_252,-0.0038215727545320988
125,B,persist,kospi_return_1d,-0.00040049394010566175
125,B,persist,fx_level_z_252,0.002040975959971547
125,B,underwater,kospi_return_1d,-0.0035266715567559004
125,B,underwater,fx_level_z_252,-0.022225849330425262
125,alpha,,kospi_return_1d,0.0303247831761837
125,alpha,,fx_level_z_252,0.0518411360681057
126,beta,momentum,,-0.029011936858296394
126,beta,persist,,0.09875331073999405
126,beta,underwater,,0.0050277323462069035
126,B,momentum,kospi_return_1d,0.0012029954232275486
126,B,momentum,fx_level_z_252,-0.0036510289646685123
126,B,persist,kospi_return_1d,-0.0004590650205500424
126,B,persist,fx_level_z_252,0.002443835139274597
126,B,underwater,kospi_return_1d,-0.0036278418265283108
126,B,underwater,fx_level_z_252,-0.022137869149446487
126,alpha,,kospi_return_1d,0.030624637380242348
126,alpha,,fx_level_z_252,0.05163741856813431
127,beta,momentum,,-0.02890256978571415
127,beta,persist,,0.09881407022476196
127,beta,underwater,,0.0046907695941627026
127,B,momentum,kospi_return_1d,0.000940513564273715
127,B,momentum,fx_level_z_252,-0.0032826149836182594
127,B,persist,kospi_return_1d,-0.0003338100796099752
127,B,persist,fx_level_z_252,0.0025882695335894823
127,B,underwater,kospi_return_1d,-0.0034623006358742714
127,B,underwater,fx_level_z_252,-0.02230382338166237
127,alpha,,kospi_return_1d,0.030979551374912262
127,alpha,,fx_level_z_252,0.05141202732920647
128,beta,momentum,,-0.028861286118626595
128,beta,persist,,0.09890106320381165
128,beta,underwater,,0.004451481159776449
128,B,momentum,kospi_return_1d,0.0007719647837802768
128,B,momentum,fx_level_z_252,-0.0030737840570509434
128,B,persist,kospi_return_1d,-0.00022746775357518345
128,B,persist,fx_level_z_252,0.0028223530389368534
128,B,underwater,kospi_return_1d,-0.0032268890645354986
128,B,underwater,fx_level_z_252,-0.022324100136756897
128,alpha,,kospi_return_1d,0.03133781999349594
128,alpha,,fx_level_z_252,0.05128641054034233
129,beta,momentum,,-0.0287482887506485
129,beta,persist,,0.0989985391497612
129,beta,underwater,,0.004141984041780233
129,B,momentum,kospi_return_1d,0.0007396814180538058
129,B,momentum,fx_level_z_252,-0.0028414574917405844
129,B,persist,kospi_return_1d,-9.137241431744769e-05
129,B,persist,fx_level_z_252,0.0029535400681197643
129,B,underwater,kospi_return_1d,-0.0029671990778297186
129,B,underwater,fx_level_z_252,-0.022469019517302513
129,alpha,,kospi_return_1d,0.03164507821202278
129,alpha,,fx_level_z_252,0.05122976377606392
130,beta,momentum,,-0.028799468651413918
130,beta,persist,,0.09911072254180908
130,beta,underwater,,0.0039125410839915276
130,B,momentum,kospi_return_1d,0.00047598162200301886
130,B,momentum,fx_level_z_252,-0.0027787250000983477
130,B,persist,kospi_return_1d,5.4455798817798495e-05
130,B,persist,fx_level_z_252,0.0030996419955044985
130,B,underwater,kospi_return_1d,-0.0026635148096829653
130,B,underwater,fx_level_z_252,-0.022473512217402458
130,alpha,,kospi_return_1d,0.03188812732696533
130,alpha,,fx_level_z_252,0.05114428699016571
131,beta,momentum,,-0.02902105264365673
131,beta,persist,,0.09932338446378708
131,beta,underwater,,0.0036998563446104527
131,B,momentum,kospi_return_1d,0.00028187877614982426
131,B,momentum,fx_level_z_252,-0.002652449067682028
131,B,persist,kospi_return_1d,1.5911376976873726e-05
131,B,persist,fx_level_z_252,0.0030934899114072323
131,B,underwater,kospi_return_1d,-0.002467919373884797
131,B,underwater,fx_level_z_252,-0.022539064288139343
131,alpha,,kospi_return_1d,0.03200910612940788
131,alpha,,fx_level_z_252,0.05114937946200371
132,beta,momentum,,-0.0291486494243145
132,beta,persist,,0.09953315556049347
132,beta,underwater,,0.0035376546438783407
132,B,momentum,kospi_return_1d,0.00020778330508619547
132,B,momentum,fx_level_z_252,-0.0026124799624085426
132,B,persist,kospi_return_1d,-2.5312525394838303e-05
132,B,persist,fx_level_z_252,0.0030420252587646246
132,B,underwater,kospi_return_1d,-0.002150745829567313
132,B,underwater,fx_level_z_252,-0.022552451118826866
132,alpha,,kospi_return_1d,0.0321476124227047
132,alpha,,fx_level_z_252,0.05112171173095703
133,beta,momentum,,-0.029349494725465775
133,beta,persist,,0.09973087161779404
133,beta,underwater,,0.0033631031401455402
133,B,momentum,kospi_return_1d,0.00017164007294923067
133,B,momentum,fx_level_z_252,-0.002525655785575509
133,B,persist,kospi_return_1d,-0.00018951819220092148
133,B,persist,fx_level_z_252,0.0030882370192557573
133,B,underwater,kospi_return_1d,-0.0022049611434340477
133,B,underwater,fx_level_z_252,-0.022472431883215904
133,alpha,,kospi_return_1d,0.03220374137163162
133,alpha,,fx_level_z_252,0.051120575517416
134,beta,momentum,,-0.029404517263174057
134,beta,persist,,0.09988429397344589
134,beta,underwater,,0.003166364273056388
134,B,momentum,kospi_return_1d,0.00017910364840645343
134,B,momentum,fx_level_z_252,-0.0025380842853337526
134,B,persist,kospi_return_1d,-0.0003796835953835398
134,B,persist,fx_level_z_252,0.003172516357153654
134,B,underwater,kospi_return_1d,-0.002391641493886709
134,B,underwater,fx_level_z_252,-0.022325357422232628
134,alpha,,kospi_return_1d,0.032190512865781784
134,alpha,,fx_level_z_252,0.05110141634941101
135,beta,momentum,,-0.029391387477517128
135,beta,persist,,0.10000544041395187
135,beta,underwater,,0.002907533198595047
135,B,momentum,kospi_return_1d,0.00023573396902065724
135,B,momentum,fx_level_z_252,-0.002443959005177021
135,B,persist,kospi_return_1d,-0.0006982026970945299
135,B,persist,fx_level_z_252,0.003265053266659379
135,B,underwater,kospi_return_1d,-0.0025592069141566753
135,B,underwater,fx_level_z_252,-0.022211065515875816
135,alpha,,kospi_return_1d,0.032138243317604065
135,alpha,,fx_level_z_252,0.05103917047381401
136,beta,momentum,,-0.029397524893283844
136,beta,persist,,0.1000804752111435
136,beta,underwater,,0.0026010251604020596
136,B,momentum,kospi_return_1d,0.00022243341663852334
136,B,momentum,fx_level_z_252,-0.0023464306723326445
136,B,persist,kospi_return_1d,-0.001141863875091076
136,B,persist,fx_level_z_252,0.003536138217896223
136,B,underwater,kospi_return_1d,-0.002759001450613141
136,B,underwater,fx_level_z_252,-0.022041887044906616
136,alpha,,kospi_return_1d,0.03205728158354759
136,alpha,,fx_level_z_252,0.0509721040725708
137,beta,momentum,,-0.02937682531774044
137,beta,persist,,0.10004440695047379
137,beta,underwater,,0.002397853648290038
137,B,momentum,kospi_return_1d,0.0004994815099053085
137,B,momentum,fx_level_z_252,-0.002456656424328685
137,B,persist,kospi_return_1d,-0.001526525360532105
137,B,persist,fx_level_z_252,0.003946753218770027
137,B,underwater,kospi_return_1d,-0.0031463964842259884
137,B,underwater,fx_level_z_252,-0.0217856727540493
137,alpha,,kospi_return_1d,0.03222393989562988
137,alpha,,fx_level_z_252,0.051000528037548065
138,beta,momentum,,-0.029261643067002296
138,beta,persist,,0.10001476109027863
138,beta,underwater,,0.0021743420511484146
138,B,momentum,kospi_return_1d,0.000722025113645941
138,B,momentum,fx_level_z_252,-0.0026240914594382048
138,B,persist,kospi_return_1d,-0.001624060794711113
138,B,persist,fx_level_z_252,0.004101715516299009
138,B,underwater,kospi_return_1d,-0.0033093232195824385
138,B,underwater,fx_level_z_252,-0.021587852388620377
138,alpha,,kospi_return_1d,0.03247310593724251
138,alpha,,fx_level_z_252,0.05100208893418312
139,beta,momentum,,-0.02924332581460476
139,beta,persist,,0.09995631873607635
139,beta,underwater,,0.0018351590260863304
139,B,momentum,kospi_return_1d,0.0006659484934061766
139,B,momentum,fx_level_z_252,-0.00252349441871047
139,B,persist,kospi_return_1d,-0.001824508304707706
139,B,persist,fx_level_z_252,0.004142742604017258
139,B,underwater,kospi_return_1d,-0.0034195634070783854
139,B,underwater,fx_level_z_252,-0.021627629175782204
139,alpha,,kospi_return_1d,0.03284711763262749
139,alpha,,fx_level_z_252,0.05099840462207794
140,beta,momentum,,-0.029201846569776535
140,beta,persist,,0.09993147104978561
140,beta,underwater,,0.0016483851941302419
140,B,momentum,kospi_return_1d,0.000692978035658598
140,B,momentum,fx_level_z_252,-0.00247911736369133
140,B,persist,kospi_return_1d,-0.001992348814383149
140,B,persist,fx_level_z_252,0.004157350864261389
140,B,underwater,kospi_return_1d,-0.003548433305695653
140,B,underwater,fx_level_z_252,-0.0216834619641304
140,alpha,,kospi_return_1d,0.03306964412331581
140,alpha,,fx_level_z_252,0.0511515773832798
141,beta,momentum,,-0.029225891456007957
141,beta,persist,,0.09991761296987534
141,beta,underwater,,0.0015110920649021864
141,B,momentum,kospi_return_1d,0.0006269302684813738
141,B,momentum,fx_level_z_252,-0.002493444597348571
141,B,persist,kospi_return_1d,-0.002100155223160982
141,B,persist,fx_level_z_252,0.004200742579996586
141,B,underwater,kospi_return_1d,-0.0036694479640573263
141,B,underwater,fx_level_z_252,-0.021669901907444
141,alpha,,kospi_return_1d,0.03331771120429039
141,alpha,,fx_level_z_252,0.05128190666437149
142,beta,momentum,,-0.029214873909950256
142,beta,persist,,0.0999915674328804
142,beta,underwater,,0.001562093966640532
142,B,momentum,kospi_return_1d,0.0005549981142394245
142,B,momentum,fx_level_z_252,-0.0025253156200051308
142,B,persist,kospi_return_1d,-0.0019453524146229029
142,B,persist,fx_level_z_252,0.004188984166830778
142,B,underwater,kospi_return_1d,-0.0037239412777125835
142,B,underwater,fx_level_z_252,-0.021496569737792015
142,alpha,,kospi_return_1d,0.03349282592535019
142,alpha,,fx_level_z_252,0.051456283777952194
143,beta,momentum,,-0.02915194071829319
143,beta,persist,,0.10004692524671555
143,beta,underwater,,0.0015246805269271135
143,B,momentum,kospi_return_1d,0.0004589576565194875
143,B,momentum,fx_level_z_252,-0.002500357339158654
143,B,persist,kospi_return_1d,-0.0017366049578413367
143,B,persist,fx_level_z_252,0.004159127362072468
143,B,underwater,kospi_return_1d,-0.0037478413432836533
143,B,underwater,fx_level_z_252,-0.021370574831962585
143,alpha,,kospi_return_1d,0.033653248101472855
143,alpha,,fx_level_z_252,0.05155322700738907
144,beta,momentum,,-0.029127059504389763
144,beta,persist,,0.10007420927286148
144,beta,underwater,,0.0014351597055792809
144,B,momentum,kospi_return_1d,0.0003861557925119996
144,B,momentum,fx_level_z_252,-0.0024574019480496645
144,B,persist,kospi_return_1d,-0.001362508861348033
144,B,persist,fx_level_z_252,0.003819054691120982
144,B,underwater,kospi_return_1d,-0.003578447038307786
144,B,underwater,fx_level_z_252,-0.021362299099564552
144,alpha,,kospi_return_1d,0.03375175967812538
144,alpha,,fx_level_z_252,0.05157734081149101
145,beta,momentum,,-0.029078803956508636
145,beta,persist,,0.10010417550802231
145,beta,underwater,,0.0011665240162983537
145,B,momentum,kospi_return_1d,0.00030432362109422684
145,B,momentum,fx_level_z_252,-0.002361261984333396
145,B,persist,kospi_return_1d,-0.0011437941575422883
145,B,persist,fx_level_z_252,0.0037489759270101786
145,B,underwater,kospi_return_1d,-0.003390838857740164
145,B,underwater,fx_level_z_252,-0.021373365074396133
145,alpha,,kospi_return_1d,0.03386509045958519
145,alpha,,fx_level_z_252,0.05146666243672371
146,beta,momentum,,-0.029047226533293724
146,beta,persist,,0.10015171766281128
146,beta,underwater,,0.0009066722705028951
146,B,momentum,kospi_return_1d,0.0002425308630336076
146,B,momentum,fx_level_z_252,-0.0022339269053190947
146,B,persist,kospi_return_1d,-0.0009629413834773004
146,B,persist,fx_level_z_252,0.003635261906310916
146,B,underwater,kospi_return_1d,-0.0033696885220706463
146,B,underwater,fx_level_z_252,-0.021405600011348724
146,alpha,,kospi_return_1d,0.034101758152246475
146,alpha,,fx_level_z_252,0.051458943635225296
147,beta,momentum,,-0.02912971004843712
147,beta,persist,,0.10017988830804825
147,beta,underwater,,0.0007113578030839562
147,B,momentum,kospi_return_1d,5.030681495554745e-05
147,B,momentum,fx_level_z_252,-0.0022276178933680058
147,B,persist,kospi_return_1d,-0.000802244059741497
147,B,persist,fx_level_z_252,0.003738191444426775
147,B,underwater,kospi_return_1d,-0.0034626552369445562
147,B,underwater,fx_level_z_252,-0.02132323570549488
147,alpha,,kospi_return_1d,0.03414393961429596
147,alpha,,fx_level_z_252,0.051495444029569626
148,beta,momentum,,-0.02926064096391201
148,beta,persist,,0.1002560630440712
148,beta,underwater,,0.0005826551932841539
148,B,momentum,kospi_return_1d,-3.933412881451659e-05
148,B,momentum,fx_level_z_252,-0.0023111598566174507
148,B,persist,kospi_return_1d,-0.0006366256275214255
148,B,persist,fx_level_z_252,0.0037421260494738817
148,B,underwater,kospi_return_1d,-0.0036266229581087828
148,B,underwater,fx_level_z_252,-0.02123338170349598
148,alpha,,kospi_return_1d,0.03421000391244888
148,alpha,,fx_level_z_252,0.05155397579073906
149,beta,momentum,,-0.029345743358135223
149,beta,persist,,0.10033515095710754
149,beta,underwater,,0.0005034792702645063
149,B,momentum,kospi_return_1d,-3.965022187912837e-06
149,B,momentum,fx_level_z_252,-0.0023154790978878736
149,B,persist,kospi_return_1d,-0.0003302372351754457
149,B,persist,fx_level_z_252,0.0035521434620022774
149,B,underwater,kospi_return_1d,-0.0035661975853145123
149,B,underwater,fx_level_z_252,-0.02128007635474205
149,alpha,,kospi_return_1d,0.0343264676630497
149,alpha,,fx_level_z_252,0.05172388255596161
150,beta,momentum,,-0.029324261471629143
150,beta,persist,,0.10034528374671936
150,beta,underwater,,0.0004030733834952116
150,B,momentum,kospi_return_1d,0.00011047561565646902
150,B,momentum,fx_level_z_252,-0.0023019975051283836
150,B,persist,kospi_return_1d,-0.00017034905613400042
150,B,persist,fx_level_z_252,0.003398594679310918
150,B,underwater,kospi_return_1d,-0.003545111045241356
150,B,underwater,fx_level_z_252,-0.021328061819076538
150,alpha,,kospi_return_1d,0.034310173243284225
150,alpha,,fx_level_z_252,0.0518462136387825
151,beta,momentum,,-0.029240991920232773
151,beta,persist,,0.10034680366516113
151,beta,underwater,,0.0003093116101808846
151,B,momentum,kospi_return_1d,4.138808435527608e-06
151,B,momentum,fx_level_z_252,-0.0024386721197515726
151,B,persist,kospi_return_1d,0.00011626545165199786
151,B,persist,fx_level_z_252,0.0032948930747807026
151,B,underwater,kospi_return_1d,-0.0034536863677203655
151,B,underwater,fx_level_z_252,-0.021358953788876534
151,alpha,,kospi_return_1d,0.03427686169743538
151,alpha,,fx_level_z_252,0.05194181203842163
152,beta,momentum,,-0.029072580859065056
152,beta,persist,,0.10032173991203308
152,beta,underwater,,0.00021565445058513433
152,B,momentum,kospi_return_1d,-4.143301703152247e-05
152,B,momentum,fx_level_z_252,-0.002757498063147068
152,B,persist,kospi_return_1d,0.0002680160105228424
152,B,persist,fx_level_z_252,0.0033876090310513973
152,B,underwater,kospi_return_1d,-0.0034203394316136837
152,B,underwater,fx_level_z_252,-0.02130984514951706
152,alpha,,kospi_return_1d,0.03419504314661026
152,alpha,,fx_level_z_252,0.0519525445997715
153,beta,momentum,,-0.02915569208562374
153,beta,persist,,0.10032279044389725
153,beta,underwater,,0.00028852245304733515
153,B,momentum,kospi_return_1d,9.681814117357135e-05
153,B,momentum,fx_level_z_252,-0.003181989537551999
153,B,persist,kospi_return_1d,0.0001704799651633948
153,B,persist,fx_level_z_252,0.0035351691767573357
153,B,underwater,kospi_return_1d,-0.003535286756232381
153,B,underwater,fx_level_z_252,-0.02098388597369194
153,alpha,,kospi_return_1d,0.03404797986149788
153,alpha,,fx_level_z_252,0.05207636207342148
154,beta,momentum,,-0.029274113476276398
154,beta,persist,,0.10040917992591858
154,beta,underwater,,0.0003889248182531446
154,B,momentum,kospi_return_1d,0.00010071370343212038
154,B,momentum,fx_level_z_252,-0.0035473310854285955
154,B,persist,kospi_return_1d,-1.5274228644557297e-05
154,B,persist,fx_level_z_252,0.0036124512553215027
154,B,underwater,kospi_return_1d,-0.003592046909034252
154,B,underwater,fx_level_z_252,-0.02074790559709072
154,alpha,,kospi_return_1d,0.033898696303367615
154,alpha,,fx_level_z_252,0.052305568009614944
155,beta,momentum,,-0.02949518896639347
155,beta,persist,,0.10053990036249161
155,beta,underwater,,0.0005607346538454294
155,B,momentum,kospi_return_1d,0.00023653979587834328
155,B,momentum,fx_level_z_252,-0.0039038588292896748
155,B,persist,kospi_return_1d,-0.00023028985015116632
155,B,persist,fx_level_z_252,0.00366006838157773
155,B,underwater,kospi_return_1d,-0.0037852420937269926
155,B,underwater,fx_level_z_252,-0.020398294553160667
155,alpha,,kospi_return_1d,0.03363363817334175
155,alpha,,fx_level_z_252,0.0525209978222847
156,beta,momentum,,-0.029694728553295135
156,beta,persist,,0.100705087184906
156,beta,underwater,,0.000724167563021183
156,B,momentum,kospi_return_1d,0.00035291354288347065
156,B,momentum,fx_level_z_252,-0.004119895864278078
156,B,persist,kospi_return_1d,-0.00025169100263155997
156,B,persist,fx_level_z_252,0.0035873427987098694
156,B,underwater,kospi_return_1d,-0.0040734438225626945
156,B,underwater,fx_level_z_252,-0.020032310858368874
156,alpha,,kospi_return_1d,0.03342917561531067
156,alpha,,fx_level_z_252,0.05272891744971275
157,beta,momentum,,-0.029939061030745506
157,beta,persist,,0.1008991226553917
157,beta,underwater,,0.0007479338091798127
157,B,momentum,kospi_return_1d,0.00038669866626150906
157,B,momentum,fx_level_z_252,-0.0038976462092250586
157,B,persist,kospi_return_1d,-6.448778003687039e-05
157,B,persist,fx_level_z_252,0.003294719848781824
157,B,underwater,kospi_return_1d,-0.0042406427673995495
157,B,underwater,fx_level_z_252,-0.020068055018782616
157,alpha,,kospi_return_1d,0.03322015702724457
157,alpha,,fx_level_z_252,0.05303128436207771
158,beta,momentum,,-0.030021879822015762
158,beta,persist,,0.10100901126861572
158,beta,underwater,,0.0005514636868610978
158,B,momentum,kospi_return_1d,0.0004078927158843726
158,B,momentum,fx_level_z_252,-0.003401985624805093
158,B,persist,kospi_return_1d,0.00011059232929255813
158,B,persist,fx_level_z_252,0.003017446491867304
158,B,underwater,kospi_return_1d,-0.004266026429831982
158,B,underwater,fx_level_z_252,-0.02031516470015049
158,alpha,,kospi_return_1d,0.03304878994822502
158,alpha,,fx_level_z_252,0.053234558552503586
159,beta,momentum,,-0.029999051243066788
159,beta,persist,,0.10106357932090759
159,beta,underwater,,0.00022877306037116796
159,B,momentum,kospi_return_1d,0.0003811951610259712
159,B,momentum,fx_level_z_252,-0.0029376926831901073
159,B,persist,kospi_return_1d,6.889687938382849e-05
159,B,persist,fx_level_z_252,0.0026278402656316757
159,B,underwater,kospi_return_1d,-0.004104309715330601
159,B,underwater,fx_level_z_252,-0.020683085545897484
159,alpha,,kospi_return_1d,0.03287569805979729
159,alpha,,fx_level_z_252,0.05334631726145744
160,beta,momentum,,-0.030042830854654312
160,beta,persist,,0.10115288943052292
160,beta,underwater,,-6.354057404678315e-07
160,B,momentum,kospi_return_1d,0.0003516692959237844
160,B,momentum,fx_level_z_252,-0.0024905046448111534
160,B,persist,kospi_return_1d,-0.00016518207849003375
160,B,persist,fx_level_z_252,0.002320116851478815
160,B,underwater,kospi_return_1d,-0.0038952219765633345
160,B,underwater,fx_level_z_252,-0.020961690694093704
160,alpha,,kospi_return_1d,0.03261847421526909
160,alpha,,fx_level_z_252,0.053386859595775604
161,beta,momentum,,-0.030027378350496292
161,beta,persist,,0.10126187652349472
161,beta,underwater,,4.05676692025736e-05
161,B,momentum,kospi_return_1d,0.0005272938869893551
161,B,momentum,fx_level_z_252,-0.002297609345987439
161,B,persist,kospi_return_1d,-0.0004962083185091615
161,B,persist,fx_level_z_252,0.0022473225835710764
161,B,underwater,kospi_return_1d,-0.003800267819315195
161,B,underwater,fx_level_z_252,-0.02100074663758278
161,alpha,,kospi_return_1d,0.03242884576320648
161,alpha,,fx_level_z_252,0.053448386490345
162,beta,momentum,,-0.030038511380553246
162,beta,persist,,0.10132339596748352
162,beta,underwater,,-7.5735297286883e-05
162,B,momentum,kospi_return_1d,0.0006751456530764699
162,B,momentum,fx_level_z_252,-0.0019490006379783154
162,B,persist,kospi_return_1d,-0.0005486284499056637
162,B,persist,fx_level_z_252,0.0020768416579812765
162,B,underwater,kospi_return_1d,-0.0036117418203502893
162,B,underwater,fx_level_z_252,-0.021144134923815727
162,alpha,,kospi_return_1d,0.032409925013780594
162,alpha,,fx_level_z_252,0.05342195928096771
163,beta,momentum,,-0.02999286539852619
163,beta,persist,,0.10135048627853394
163,beta,underwater,,-0.0001191375995404087
163,B,momentum,kospi_return_1d,0.0007869094260968268
163,B,momentum,fx_level_z_252,-0.001712251571007073
163,B,persist,kospi_return_1d,-0.0005267118103802204
163,B,persist,fx_level_z_252,0.001995568163692951
163,B,underwater,kospi_return_1d,-0.003505686530843377
163,B,underwater,fx_level_z_252,-0.02132268249988556
163,alpha,,kospi_return_1d,0.03243441879749298
163,alpha,,fx_level_z_252,0.05349404737353325
164,beta,momentum,,-0.030024928972125053
164,beta,persist,,0.10139098763465881
164,beta,underwater,,3.100821049883962e-05
164,B,momentum,kospi_return_1d,0.0007436768501065671
164,B,momentum,fx_level_z_252,-0.0014208256034180522
164,B,persist,kospi_return_1d,-0.0005373640451580286
164,B,persist,fx_level_z_252,0.002013691933825612
164,B,underwater,kospi_return_1d,-0.003493040334433317
164,B,underwater,fx_level_z_252,-0.021564535796642303
164,alpha,,kospi_return_1d,0.032419346272945404
164,alpha,,fx_level_z_252,0.05356687307357788
165,beta,momentum,,-0.03015012852847576
165,beta,persist,,0.10142230242490768
165,beta,underwater,,0.00022255867952480912
165,B,momentum,kospi_return_1d,0.0005693521816283464
165,B,momentum,fx_level_z_252,-0.0012396929087117314
165,B,persist,kospi_return_1d,-0.0003803030413109809
165,B,persist,fx_level_z_252,0.002176390727981925
165,B,underwater,kospi_return_1d,-0.0034438639413565397
165,B,underwater,fx_level_z_252,-0.021598108112812042
165,alpha,,kospi_return_1d,0.03234539553523064
165,alpha,,fx_level_z_252,0.05355241522192955
166,beta,momentum,,-0.03010822832584381
166,beta,persist,,0.10141736268997192
166,beta,underwater,,0.00031529206898994744
166,B,momentum,kospi_return_1d,0.0004811276448890567
166,B,momentum,fx_level_z_252,-0.001221540616825223
166,B,persist,kospi_return_1d,-0.0005166855407878757
166,B,persist,fx_level_z_252,0.002548864809796214
166,B,underwater,kospi_return_1d,-0.003466883907094598
166,B,underwater,fx_level_z_252,-0.02150995284318924
166,alpha,,kospi_return_1d,0.03224308043718338
166,alpha,,fx_level_z_252,0.0534784272313118
167,beta,momentum,,-0.03000038117170334
167,beta,persist,,0.10138198733329773
167,beta,underwater,,0.00036603931221179664
167,B,momentum,kospi_return_1d,0.00022933687432669103
167,B,momentum,fx_level_z_252,-0.0013732422376051545
167,B,persist,kospi_return_1d,-0.0005825658445246518
167,B,persist,fx_level_z_252,0.0029661469161510468
167,B,underwater,kospi_return_1d,-0.0034531615674495697
167,B,underwater,fx_level_z_252,-0.02126169204711914
167,alpha,,kospi_return_1d,0.03226018324494362
167,alpha,,fx_level_z_252,0.05329522117972374
168,beta,momentum,,-0.029856743291020393
168,beta,persist,,0.10131601989269257
168,beta,underwater,,0.00032690601074136794
168,B,momentum,kospi_return_1d,0.0001378926681354642
168,B,momentum,fx_level_z_252,-0.0017288837116211653
168,B,persist,kospi_return_1d,-0.0009154833387583494
168,B,persist,fx_level_z_252,0.003512331983074546
168,B,underwater,kospi_return_1d,-0.0036048556212335825
168,B,underwater,fx_level_z_252,-0.02097824215888977
168,alpha,,kospi_return_1d,0.03239940479397774
168,alpha,,fx_level_z_252,0.053136710077524185
169,beta,momentum,,-0.029652755707502365
169,beta,persist,,0.10134605318307877
169,beta,underwater,,0.00028800556901842356
169,B,momentum,kospi_return_1d,0.00039288110565394163
169,B,momentum,fx_level_z_252,-0.0019961197394877672
169,B,persist,kospi_return_1d,-0.0012437344994395971
169,B,persist,fx_level_z_252,0.004053882323205471
169,B,underwater,kospi_return_1d,-0.0037659720983356237
169,B,underwater,fx_level_z_252,-0.020686188712716103
169,alpha,,kospi_return_1d,0.03249919041991234
169,alpha,,fx_level_z_252,0.053005117923021317
170,beta,momentum,,-0.02930460497736931
170,beta,persist,,0.10142538696527481
170,beta,underwater,,9.103379852604121e-05
170,B,momentum,kospi_return_1d,0.00045447208685800433
170,B,momentum,fx_level_z_252,-0.002054169774055481
170,B,persist,kospi_return_1d,-0.0013163244584575295
170,B,persist,fx_level_z_252,0.004372297320514917
170,B,underwater,kospi_return_1d,-0.0037522611673921347
170,B,underwater,fx_level_z_252,-0.02059977687895298
170,alpha,,kospi_return_1d,0.03251320496201515
170,alpha,,fx_level_z_252,0.052830930799245834
171,beta,momentum,,-0.029042905196547508
171,beta,persist,,0.10152138769626617
171,beta,underwater,,-8.861086098477244e-05
171,B,momentum,kospi_return_1d,0.0004053674347233027
171,B,momentum,fx_level_z_252,-0.001971868332475424
171,B,persist,kospi_return_1d,-0.0015179335605353117
171,B,persist,fx_level_z_252,0.004464578349143267
171,B,underwater,kospi_return_1d,-0.0035924939438700676
171,B,underwater,fx_level_z_252,-0.020587094128131866
171,alpha,,kospi_return_1d,0.032488517463207245
171,alpha,,fx_level_z_252,0.052725620567798615
172,beta,momentum,,-0.028907503932714462
172,beta,persist,,0.10162550956010818
172,beta,underwater,,-0.00010581492824712768
172,B,momentum,kospi_return_1d,0.00046037224819883704
172,B,momentum,fx_level_z_252,-0.001891536870971322
172,B,persist,kospi_return_1d,-0.0018083174945786595
172,B,persist,fx_level_z_252,0.004522026516497135
172,B,underwater,kospi_return_1d,-0.0033852250780910254
172,B,underwater,fx_level_z_252,-0.0204424150288105
172,alpha,,kospi_return_1d,0.03249566629528999
172,alpha,,fx_level_z_252,0.052640676498413086
173,beta,momentum,,-0.02876110188663006
173,beta,persist,,0.10179039090871811
173,beta,underwater,,1.4009638107381761e-05
173,B,momentum,kospi_return_1d,0.0005332216387614608
173,B,momentum,fx_level_z_252,-0.001953641651198268
173,B,persist,kospi_return_1d,-0.0019308360060676932
173,B,persist,fx_level_z_252,0.004569714423269033
173,B,underwater,kospi_return_1d,-0.003093951614573598
173,B,underwater,fx_level_z_252,-0.02023692987859249
173,alpha,,kospi_return_1d,0.03255670145153999
173,alpha,,fx_level_z_252,0.05254187807440758
174,beta,momentum,,-0.02870277874171734
174,beta,persist,,0.1019834503531456
174,beta,underwater,,0.00019951080321334302
174,B,momentum,kospi_return_1d,0.0006908263312652707
174,B,momentum,fx_level_z_252,-0.002080056583508849
174,B,persist,kospi_return_1d,-0.00197595008648932
174,B,persist,fx_level_z_252,0.00453589390963316
174,B,underwater,kospi_return_1d,-0.0029739104211330414
174,B,underwater,fx_level_z_252,-0.02000226266682148
174,alpha,,kospi_return_1d,0.032774388790130615
174,alpha,,fx_level_z_252,0.05251934006810188
175,beta,momentum,,-0.028791524469852448
175,beta,persist,,0.1022062599658966
175,beta,underwater,,0.00036891555646434426
175,B,momentum,kospi_return_1d,0.0008745812810957432
175,B,momentum,fx_level_z_252,-0.002140350639820099
175,B,persist,kospi_return_1d,-0.0019373492104932666
175,B,persist,fx_level_z_252,0.004444699734449387
175,B,underwater,kospi_return_1d,-0.002872214652597904
175,B,underwater,fx_level_z_252,-0.01979084126651287
175,alpha,,kospi_return_1d,0.032960936427116394
175,alpha,,fx_level_z_252,0.0525868758559227
176,beta,momentum,,-0.028856689110398293
176,beta,persist,,0.10235831886529922
176,beta,underwater,,0.00036321592051535845
176,B,momentum,kospi_return_1d,0.0009835283271968365
176,B,momentum,fx_level_z_252,-0.002130307490006089
176,B,persist,kospi_return_1d,-0.0018889082130044699
176,B,persist,fx_level_z_252,0.0042706020176410675
176,B,underwater,kospi_return_1d,-0.0028302075807005167
176,B,underwater,fx_level_z_252,-0.019696170464158058
176,alpha,,kospi_return_1d,0.03322809189558029
176,alpha,,fx_level_z_252,0.052571866661310196
177,beta,momentum,,-0.02892068214714527
177,beta,persist,,0.1025618240237236
177,beta,underwater,,0.00037585513200610876
177,B,momentum,kospi_return_1d,0.0010195102076977491
177,B,momentum,fx_level_z_252,-0.0020928194280713797
177,B,persist,kospi_return_1d,-0.0017410485306754708
177,B,persist,fx_level_z_252,0.003924360498785973
177,B,underwater,kospi_return_1d,-0.0027079549618065357
177,B,underwater,fx_level_z_252,-0.019644930958747864
177,alpha,,kospi_return_1d,0.0332215279340744
177,alpha,,fx_level_z_252,0.05254841595888138
178,beta,momentum,,-0.028962332755327225
178,beta,persist,,0.10269252955913544
178,beta,underwater,,0.00027310167206451297
178,B,momentum,kospi_return_1d,0.0011525943409651518
178,B,momentum,fx_level_z_252,-0.0019398870645090938
178,B,persist,kospi_return_1d,-0.0016425520880147815
178,B,persist,fx_level_z_252,0.0034931814298033714
178,B,underwater,kospi_return_1d,-0.002640227321535349
178,B,underwater,fx_level_z_252,-0.019692882895469666
178,alpha,,kospi_return_1d,0.033296044915914536
178,alpha,,fx_level_z_252,0.05245494842529297
179,beta,momentum,,-0.028927886858582497
179,beta,persist,,0.10266387462615967
179,beta,underwater,,8.459623495582491e-05
179,B,momentum,kospi_return_1d,0.0012968267546966672
179,B,momentum,fx_level_z_252,-0.0017830206779763103
179,B,persist,kospi_return_1d,-0.001704616704955697
179,B,persist,fx_level_z_252,0.0032968802843242884
179,B,underwater,kospi_return_1d,-0.0028760877903550863
179,B,underwater,fx_level_z_252,-0.01982661336660385
179,alpha,,kospi_return_1d,0.0335865281522274
179,alpha,,fx_level_z_252,0.052276063710451126
180,beta,momentum,,-0.02900703437626362
180,beta,persist,,0.10264862328767776
180,beta,underwater,,-2.2838394215796143e-06
180,B,momentum,kospi_return_1d,0.0013655185466632247
180,B,momentum,fx_level_z_252,-0.0016858101589605212
180,B,persist,kospi_return_1d,-0.0016316261608153582
180,B,persist,fx_level_z_252,0.0032345636282116175
180,B,underwater,kospi_return_1d,-0.0031221741810441017
180,B,underwater,fx_level_z_252,-0.019806118682026863
180,alpha,,kospi_return_1d,0.03376417234539986
180,alpha,,fx_level_z_252,0.052170269191265106
181,beta,momentum,,-0.029046375304460526
181,beta,persist,,0.10260731726884842
181,beta,underwater,,2.0211937226122245e-05
181,B,momentum,kospi_return_1d,0.0014868956059217453
181,B,momentum,fx_level_z_252,-0.001540684956125915
181,B,persist,kospi_return_1d,-0.0015055985422804952
181,B,persist,fx_level_z_252,0.0030374692287296057
181,B,underwater,kospi_return_1d,-0.0034364548046141863
181,B,underwater,fx_level_z_252,-0.019790440797805786
181,alpha,,kospi_return_1d,0.03396187350153923
181,alpha,,fx_level_z_252,0.05206720158457756
182,beta,momentum,,-0.02910083532333374
182,beta,persist,,0.1025395393371582
182,beta,underwater,,3.47320492437575e-05
182,B,momentum,kospi_return_1d,0.0014219722943380475
182,B,momentum,fx_level_z_252,-0.0014641310553997755
182,B,persist,kospi_return_1d,-0.0015057107666507363
182,B,persist,fx_level_z_252,0.002909023780375719
182,B,underwater,kospi_return_1d,-0.003570570843294263
182,B,underwater,fx_level_z_252,-0.01961817778646946
182,alpha,,kospi_return_1d,0.03410639986395836
182,alpha,,fx_level_z_252,0.051805280148983
183,beta,momentum,,-0.029166122898459435
183,beta,persist,,0.10253037512302399
183,beta,underwater,,0.00016726541798561811
183,B,momentum,kospi_return_1d,0.0014172211522236466
183,B,momentum,fx_level_z_252,-0.0013805311173200607
183,B,persist,kospi_return_1d,-0.0015104301273822784
183,B,persist,fx_level_z_252,0.002871869131922722
183,B,underwater,kospi_return_1d,-0.0038098180666565895
183,B,underwater,fx_level_z_252,-0.01929605007171631
183,alpha,,kospi_return_1d,0.03424643352627754
183,alpha,,fx_level_z_252,0.051616232842206955
184,beta,momentum,,-0.029209785163402557
184,beta,persist,,0.10247653722763062
184,beta,underwater,,0.00032051061862148345
184,B,momentum,kospi_return_1d,0.0013247994938865304
184,B,momentum,fx_level_z_252,-0.001389973913319409
184,B,persist,kospi_return_1d,-0.001657775486819446
184,B,persist,fx_level_z_252,0.0027461114805191755
184,B,underwater,kospi_return_1d,-0.004153393674641848
184,B,underwater,fx_level_z_252,-0.018924707546830177
184,alpha,,kospi_return_1d,0.03440660238265991
184,alpha,,fx_level_z_252,0.051472343504428864
185,beta,momentum,,-0.029326189309358597
185,beta,persist,,0.10246611386537552
185,beta,underwater,,0.00048004917334765196
185,B,momentum,kospi_return_1d,0.0010387130314484239
185,B,momentum,fx_level_z_252,-0.0013813130790367723
185,B,persist,kospi_return_1d,-0.0015376267256215215
185,B,persist,fx_level_z_252,0.0025873109698295593
185,B,underwater,kospi_return_1d,-0.0043015871196985245
185,B,underwater,fx_level_z_252,-0.01856815442442894
185,alpha,,kospi_return_1d,0.03456471115350723
185,alpha,,fx_level_z_252,0.051299821585416794
186,beta,momentum,,-0.029315674677491188
186,beta,persist,,0.10253824293613434
186,beta,underwater,,0.0005468791932798922
186,B,momentum,kospi_return_1d,0.0006706408457830548
186,B,momentum,fx_level_z_252,-0.0012978704180568457
186,B,persist,kospi_return_1d,-0.0013459650799632072
186,B,persist,fx_level_z_252,0.0025110405404120684
186,B,underwater,kospi_return_1d,-0.004246068187057972
186,B,underwater,fx_level_z_252,-0.01849488914012909
186,alpha,,kospi_return_1d,0.03465167433023453
186,alpha,,fx_level_z_252,0.051302071660757065
187,beta,momentum,,-0.029291588813066483
187,beta,persist,,0.10265244543552399
187,beta,underwater,,0.000529931450728327
187,B,momentum,kospi_return_1d,0.00024886205210350454
187,B,momentum,fx_level_z_252,-0.0014176390832290053
187,B,persist,kospi_return_1d,-0.0012296618660911918
187,B,persist,fx_level_z_252,0.002479845890775323
187,B,underwater,kospi_return_1d,-0.004113279283046722
187,B,underwater,fx_level_z_252,-0.0184771828353405
187,alpha,,kospi_return_1d,0.03465795889496803
187,alpha,,fx_level_z_252,0.051327094435691833
188,beta,momentum,,-0.02930644154548645
188,beta,persist,,0.10283324867486954
188,beta,underwater,,0.0006210748106241226
188,B,momentum,kospi_return_1d,-9.10069647943601e-05
188,B,momentum,fx_level_z_252,-0.0015016301767900586
188,B,persist,kospi_return_1d,-0.0011757079046219587
188,B,persist,fx_level_z_252,0.0024366257712244987
188,B,underwater,kospi_return_1d,-0.0039240713231265545
188,B,underwater,fx_level_z_252,-0.01838587038218975
188,alpha,,kospi_return_1d,0.034612517803907394
188,alpha,,fx_level_z_252,0.05132158473134041
189,beta,momentum,,-0.02935560792684555
189,beta,persist,,0.10301177203655243
189,beta,underwater,,0.0006507221842184663
189,B,momentum,kospi_return_1d,-0.00024018171825446188
189,B,momentum,fx_level_z_252,-0.0015098678413778543
189,B,persist,kospi_return_1d,-0.001212728675454855
189,B,persist,fx_level_z_252,0.0024175355210900307
189,B,underwater,kospi_return_1d,-0.0038274917751550674
189,B,underwater,fx_level_z_252,-0.018432676792144775
189,alpha,,kospi_return_1d,0.034469421952962875
189,alpha,,fx_level_z_252,0.051382340490818024
190,beta,momentum,,-0.029292171820998192
190,beta,persist,,0.10321971774101257
190,beta,underwater,,0.0005625732010230422
190,B,momentum,kospi_return_1d,-0.00029437922057695687
190,B,momentum,fx_level_z_252,-0.0015332838520407677
190,B,persist,kospi_return_1d,-0.0014376688050106168
190,B,persist,fx_level_z_252,0.002474559238180518
190,B,underwater,kospi_return_1d,-0.0037008216604590416
190,B,underwater,fx_level_z_252,-0.018548639491200447
190,alpha,,kospi_return_1d,0.03424721211194992
190,alpha,,fx_level_z_252,0.05144667997956276
191,beta,momentum,,-0.029215872287750244
191,beta,persist,,0.10340675711631775
191,beta,underwater,,0.0004512197629082948
191,B,momentum,kospi_return_1d,-3.740294778253883e-05
191,B,momentum,fx_level_z_252,-0.00152588018681854
191,B,persist,kospi_return_1d,-0.0014035465428605676
191,B,persist,fx_level_z_252,0.002379106590524316
191,B,underwater,kospi_return_1d,-0.003607075661420822
191,B,underwater,fx_level_z_252,-0.018771106377243996
191,alpha,,kospi_return_1d,0.034022338688373566
191,alpha,,fx_level_z_252,0.05156794562935829
192,beta,momentum,,-0.02910165674984455
192,beta,persist,,0.10361219942569733
192,beta,underwater,,0.0002986580366268754
192,B,momentum,kospi_return_1d,0.0002926971355918795
192,B,momentum,fx_level_z_252,-0.001555238850414753
192,B,persist,kospi_return_1d,-0.0014807601692155004
192,B,persist,fx_level_z_252,0.002320738509297371
192,B,underwater,kospi_return_1d,-0.0036642858758568764
192,B,underwater,fx_level_z_252,-0.018854917958378792
192,alpha,,kospi_return_1d,0.033642448484897614
192,alpha,,fx_level_z_252,0.051668766885995865
193,beta,momentum,,-0.028925171121954918
193,beta,persist,,0.10378969460725784
193,beta,underwater,,0.0001984310947591439
193,B,momentum,kospi_return_1d,0.0006784996367059648
193,B,momentum,fx_level_z_252,-0.0016363076865673065
193,B,persist,kospi_return_1d,-0.0014678097795695066
193,B,persist,fx_level_z_252,0.002363795880228281
193,B,underwater,kospi_return_1d,-0.003769684350118041
193,B,underwater,fx_level_z_252,-0.01881868951022625
193,alpha,,kospi_return_1d,0.033449847251176834
193,alpha,,fx_level_z_252,0.05176454037427902
194,beta,momentum,,-0.028677716851234436
194,beta,persist,,0.10391845554113388
194,beta,underwater,,-4.37408743891865e-07
194,B,momentum,kospi_return_1d,0.0010217392118647695
194,B,momentum,fx_level_z_252,-0.0015764092095196247
194,B,persist,kospi_return_1d,-0.0012875155080109835
194,B,persist,fx_level_z_252,0.0022988684941083193
194,B,underwater,kospi_return_1d,-0.0037492564879357815
194,B,underwater,fx_level_z_252,-0.019154727458953857
194,alpha,,kospi_return_1d,0.03334936127066612
194,alpha,,fx_level_z_252,0.05188703164458275
195,beta,momentum,,-0.028529426082968712
195,beta,persist,,0.10403208434581757
195,beta,underwater,,-1.003756551654078e-05
195,B,momentum,kospi_return_1d,0.0011866934364661574
195,B,momentum,fx_level_z_252,-0.0015762250404804945
195,B,persist,kospi_return_1d,-0.0011243958724662662
195,B,persist,fx_level_z_252,0.002329680137336254
195,B,underwater,kospi_return_1d,-0.003970110323280096
195,B,underwater,fx_level_z_252,-0.019369034096598625
195,alpha,,kospi_return_1d,0.03333478793501854
195,alpha,,fx_level_z_252,0.05204073712229729
196,beta,momentum,,-0.028385572135448456
196,beta,persist,,0.10411945730447769
196,beta,underwater,,1.2834916560677812e-05
196,B,momentum,kospi_return_1d,0.001253447961062193
196,B,momentum,fx_level_z_252,-0.0016442020423710346
196,B,persist,kospi_return_1d,-0.0011029482120648026
196,B,persist,fx_level_z_252,0.002376711228862405
196,B,underwater,kospi_return_1d,-0.0042176018469035625
196,B,underwater,fx_level_z_252,-0.019571397453546524
196,alpha,,kospi_return_1d,0.03334392234683037
196,alpha,,fx_level_z_252,0.05227614939212799
197,beta,momentum,,-0.028131971135735512
197,beta,persist,,0.1041269525885582
197,beta,underwater,,-0.00011898156662937254
197,B,momentum,kospi_return_1d,0.0014019305817782879
197,B,momentum,fx_level_z_252,-0.0017613169038668275
197,B,persist,kospi_return_1d,-0.0013367108767852187
197,B,persist,fx_level_z_252,0.0026925799902528524
197,B,underwater,kospi_return_1d,-0.004420993849635124
197,B,underwater,fx_level_z_252,-0.019774606451392174
197,alpha,,kospi_return_1d,0.03341950848698616
197,alpha,,fx_level_z_252,0.052356090396642685
198,beta,momentum,,-0.027875708416104317
198,beta,persist,,0.10415329784154892
198,beta,underwater,,-0.00028292136266827583
198,B,momentum,kospi_return_1d,0.0014844012912362814
198,B,momentum,fx_level_z_252,-0.0017821426736190915
198,B,persist,kospi_return_1d,-0.001520584337413311
198,B,persist,fx_level_z_252,0.0028131159488111734
198,B,underwater,kospi_return_1d,-0.004522077273577452
198,B,underwater,fx_level_z_252,-0.02017677202820778
198,alpha,,kospi_return_1d,0.03347773849964142
198,alpha,,fx_level_z_252,0.05244095250964165
199,beta,momentum,,-0.027598099783062935
199,beta,persist,,0.10414063185453415
199,beta,underwater,,-0.00036319904029369354
199,B,momentum,kospi_return_1d,0.001412725541740656
199,B,momentum,fx_level_z_252,-0.001725689391605556
199,B,persist,kospi_return_1d,-0.001474302844144404
199,B,persist,fx_level_z_252,0.0028028893284499645
199,B,underwater,kospi_return_1d,-0.004326133523136377
199,B,underwater,fx_level_z_252,-0.020678864791989326
199,alpha,,kospi_return_1d,0.03364090994000435
199,alpha,,fx_level_z_252,0.05263226106762886
200,beta,momentum,,-0.027349945157766342
200,beta,persist,,0.10412786900997162
200,beta,underwater,,-0.0002435817732475698
200,B,momentum,kospi_return_1d,0.0013161501847207546
200,B,momentum,fx_level_z_252,-0.0017347262473776937
200,B,persist,kospi_return_1d,-0.0013208172749727964
200,B,persist,fx_level_z_252,0.0027673784643411636
200,B,underwater,kospi_return_1d,-0.003963437397032976
200,B,underwater,fx_level_z_252,-0.021088918671011925
200,alpha,,kospi_return_1d,0.03385035693645477
200,alpha,,fx_level_z_252,0.052869293838739395
201,beta,momentum,,-0.02715890482068062
201,beta,persist,,0.1040554940700531
201,beta,underwater,,-4.083551175426692e-05
201,B,momentum,kospi_return_1d,0.0014790156856179237
201,B,momentum,fx_level_z_252,-0.001808869419619441
201,B,persist,kospi_return_1d,-0.0012816042872145772
201,B,persist,fx_level_z_252,0.0028477138839662075
201,B,underwater,kospi_return_1d,-0.003842222038656473
201,B,underwater,fx_level_z_252,-0.02135363407433033
201,alpha,,kospi_return_1d,0.03415118157863617
201,alpha,,fx_level_z_252,0.05294019728899002
202,beta,momentum,,-0.02701808325946331
202,beta,persist,,0.10396917909383774
202,beta,underwater,,0.00018427055329084396
202,B,momentum,kospi_return_1d,0.0013943975791335106
202,B,momentum,fx_level_z_252,-0.0017400475917384028
202,B,persist,kospi_return_1d,-0.0011171255027875304
202,B,persist,fx_level_z_252,0.0028118507470935583
202,B,underwater,kospi_return_1d,-0.003758696373552084
202,B,underwater,fx_level_z_252,-0.021626822650432587
202,alpha,,kospi_return_1d,0.03452209383249283
202,alpha,,fx_level_z_252,0.05296152085065842
203,beta,momentum,,-0.026881465688347816
203,beta,persist,,0.10389765352010727
203,beta,underwater,,0.0006203719531185925
203,B,momentum,kospi_return_1d,0.0012552788248285651
203,B,momentum,fx_level_z_252,-0.0020097438246011734
203,B,persist,kospi_return_1d,-0.00096731330268085
203,B,persist,fx_level_z_252,0.002976783085614443
203,B,underwater,kospi_return_1d,-0.0038948829751461744
203,B,underwater,fx_level_z_252,-0.021522019058465958
203,alpha,,kospi_return_1d,0.034869492053985596
203,alpha,,fx_level_z_252,0.05295838415622711
204,beta,momentum,,-0.026749782264232635
204,beta,persist,,0.10375293344259262
204,beta,underwater,,0.0009252281161025167
204,B,momentum,kospi_return_1d,0.0010725690517574549
204,B,momentum,fx_level_z_252,-0.002488811267539859
204,B,persist,kospi_return_1d,-0.0008171453955583274
204,B,persist,fx_level_z_252,0.003446411108598113
204,B,underwater,kospi_return_1d,-0.004052951466292143
204,B,underwater,fx_level_z_252,-0.021318675950169563
204,alpha,,kospi_return_1d,0.03530154004693031
204,alpha,,fx_level_z_252,0.05300408974289894
205,beta,momentum,,-0.026643864810466766
205,beta,persist,,0.10366862267255783
205,beta,underwater,,0.0011315814917907119
205,B,momentum,kospi_return_1d,0.0008447280270047486
205,B,momentum,fx_level_z_252,-0.0030512227676808834
205,B,persist,kospi_return_1d,-0.0006420996505767107
205,B,persist,fx_level_z_252,0.003879999043419957
205,B,underwater,kospi_return_1d,-0.0042324126698076725
205,B,underwater,fx_level_z_252,-0.021100547164678574
205,alpha,,kospi_return_1d,0.035736311227083206
205,alpha,,fx_level_z_252,0.05303366109728813
206,beta,momentum,,-0.026611603796482086
206,beta,persist,,0.10362245887517929
206,beta,underwater,,0.0012288714060559869
206,B,momentum,kospi_return_1d,0.0006565565126948059
206,B,momentum,fx_level_z_252,-0.0035963603295385838
206,B,persist,kospi_return_1d,-0.0005304994410835207
206,B,persist,fx_level_z_252,0.004182239528745413
206,B,underwater,kospi_return_1d,-0.004285329021513462
206,B,underwater,fx_level_z_252,-0.020846547558903694
206,alpha,,kospi_return_1d,0.03616461530327797
206,alpha,,fx_level_z_252,0.05308714136481285
207,beta,momentum,,-0.026514900848269463
207,beta,persist,,0.10357480496168137
207,beta,underwater,,0.0011018950026482344
207,B,momentum,kospi_return_1d,0.0003936990397050977
207,B,momentum,fx_level_z_252,-0.0039923605509102345
207,B,persist,kospi_return_1d,-0.0003125363145954907
207,B,persist,fx_level_z_252,0.004473111592233181
207,B,underwater,kospi_return_1d,-0.004064911976456642
207,B,underwater,fx_level_z_252,-0.02062162756919861
207,alpha,,kospi_return_1d,0.0364433228969574
207,alpha,,fx_level_z_252,0.05295751988887787
208,beta,momentum,,-0.026449434459209442
208,beta,persist,,0.10351534187793732
208,beta,underwater,,0.0010362776229158044
208,B,momentum,kospi_return_1d,0.00021611795818898827
208,B,momentum,fx_level_z_252,-0.0043713804334402084
208,B,persist,kospi_return_1d,-1.2456352123990655e-05
208,B,persist,fx_level_z_252,0.004568814765661955
208,B,underwater,kospi_return_1d,-0.0038530626334249973
208,B,underwater,fx_level_z_252,-0.020420338958501816
208,alpha,,kospi_return_1d,0.036759715527296066
208,alpha,,fx_level_z_252,0.05292185768485069
209,beta,momentum,,-0.02638203836977482
209,beta,persist,,0.10350214689970016
209,beta,underwater,,0.0010280966525897384
209,B,momentum,kospi_return_1d,8.760410128161311e-05
209,B,momentum,fx_level_z_252,-0.004551340360194445
209,B,persist,kospi_return_1d,0.00038378959288820624
209,B,persist,fx_level_z_252,0.004469599109143019
209,B,underwater,kospi_return_1d,-0.0037537238094955683
209,B,underwater,fx_level_z_252,-0.020362090319395065
209,alpha,,kospi_return_1d,0.03695011883974075
209,alpha,,fx_level_z_252,0.05291140824556351
210,beta,momentum,,-0.026290997862815857
210,beta,persist,,0.10351810604333878
210,beta,underwater,,0.000966302293818444
210,B,momentum,kospi_return_1d,-1.4197576092556119e-05
210,B,momentum,fx_level_z_252,-0.004597490653395653
210,B,persist,kospi_return_1d,0.0004988996661268175
210,B,persist,fx_level_z_252,0.004286535549908876
210,B,underwater,kospi_return_1d,-0.0037343313451856375
210,B,underwater,fx_level_z_252,-0.020341088995337486
210,alpha,,kospi_return_1d,0.037144772708415985
210,alpha,,fx_level_z_252,0.052897196263074875
211,beta,momentum,,-0.026272015646100044
211,beta,persist,,0.10351566225290298
211,beta,underwater,,0.0008565926109440625
211,B,momentum,kospi_return_1d,-0.0003208015696145594
211,B,momentum,fx_level_z_252,-0.004679246339946985
211,B,persist,kospi_return_1d,0.0004469323030207306
211,B,persist,fx_level_z_252,0.004208317492157221
211,B,underwater,kospi_return_1d,-0.0036236427258700132
211,B,underwater,fx_level_z_252,-0.02027449943125248
211,alpha,,kospi_return_1d,0.03734135255217552
211,alpha,,fx_level_z_252,0.052912838757038116
212,beta,momentum,,-0.026248062029480934
212,beta,persist,,0.10351837426424026
212,beta,underwater,,0.0006747574079781771
212,B,momentum,kospi_return_1d,-0.0005265209474600852
212,B,momentum,fx_level_z_252,-0.0045165629126131535
212,B,persist,kospi_return_1d,0.00036065542371943593
212,B,persist,fx_level_z_252,0.00399725092574954
212,B,underwater,kospi_return_1d,-0.003484341548755765
212,B,underwater,fx_level_z_252,-0.02031240053474903
212,alpha,,kospi_return_1d,0.03755935654044151
212,alpha,,fx_level_z_252,0.0529058538377285
213,beta,momentum,,-0.026303742080926895
213,beta,persist,,0.1034904196858406
213,beta,underwater,,0.0006656290497630835
213,B,momentum,kospi_return_1d,-0.00048125837929546833
213,B,momentum,fx_level_z_252,-0.0043384013697505
213,B,persist,kospi_return_1d,0.00016905824304558337
213,B,persist,fx_level_z_252,0.0038153226487338543
213,B,underwater,kospi_return_1d,-0.003607883583754301
213,B,underwater,fx_level_z_252,-0.020127033814787865
213,alpha,,kospi_return_1d,0.03764403983950615
213,alpha,,fx_level_z_252,0.05285098776221275
214,beta,momentum,,-0.02645649015903473
214,beta,persist,,0.1034981906414032
214,beta,underwater,,0.0008237653528340161
214,B,momentum,kospi_return_1d,-0.000401990779209882
214,B,momentum,fx_level_z_252,-0.004165627062320709
214,B,persist,kospi_return_1d,2.4891782231861725e-05
214,B,persist,fx_level_z_252,0.0036029736511409283
214,B,underwater,kospi_return_1d,-0.0038373293355107307
214,B,underwater,fx_level_z_252,-0.019968487322330475
214,alpha,,kospi_return_1d,0.037727925926446915
214,alpha,,fx_level_z_252,0.05285612493753433
215,beta,momentum,,-0.026506181806325912
215,beta,persist,,0.10347894579172134
215,beta,underwater,,0.0009857231052592397
215,B,momentum,kospi_return_1d,-0.00015375517250504345
215,B,momentum,fx_level_z_252,-0.004011624492704868
215,B,persist,kospi_return_1d,-0.000143832789035514
215,B,persist,fx_level_z_252,0.003495624288916588
215,B,underwater,kospi_return_1d,-0.0040871333330869675
215,B,underwater,fx_level_z_252,-0.01984412781894207
215,alpha,,kospi_return_1d,0.03767755255103111
215,alpha,,fx_level_z_252,0.05287954583764076
216,beta,momentum,,-0.026631329208612442
216,beta,persist,,0.10348696261644363
216,beta,underwater,,0.001247286912985146
216,B,momentum,kospi_return_1d,0.0002210816601291299
216,B,momentum,fx_level_z_252,-0.003950750920921564
216,B,persist,kospi_return_1d,-0.0004131381574552506
216,B,persist,fx_level_z_252,0.0034279716201126575
216,B,underwater,kospi_return_1d,-0.004474550019949675
216,B,underwater,fx_level_z_252,-0.01972241885960102
216,alpha,,kospi_return_1d,0.03764127567410469
216,alpha,,fx_level_z_252,0.05299055203795433
217,beta,momentum,,-0.026696356013417244
217,beta,persist,,0.10349435359239578
217,beta,underwater,,0.0013497116742655635
217,B,momentum,kospi_return_1d,0.0005257658194750547
217,B,momentum,fx_level_z_252,-0.0038192488718777895
217,B,persist,kospi_return_1d,-0.0006265591946430504
217,B,persist,fx_level_z_252,0.0033516029361635447
217,B,underwater,kospi_return_1d,-0.004848003387451172
217,B,underwater,fx_level_z_252,-0.01969420164823532
217,alpha,,kospi_return_1d,0.03751581534743309
217,alpha,,fx_level_z_252,0.052989307790994644
218,beta,momentum,,-0.0267677903175354
218,beta,persist,,0.10343500226736069
218,beta,underwater,,0.001305917976424098
218,B,momentum,kospi_return_1d,0.0005761781940236688
218,B,momentum,fx_level_z_252,-0.003621906042098999
218,B,persist,kospi_return_1d,-0.0007206072332337499
218,B,persist,fx_level_z_252,0.003432476194575429
218,B,underwater,kospi_return_1d,-0.005091678351163864
218,B,underwater,fx_level_z_252,-0.019773421809077263
218,alpha,,kospi_return_1d,0.03742585703730583
218,alpha,,fx_level_z_252,0.05295974388718605
219,beta,momentum,,-0.026860032230615616
219,beta,persist,,0.10341183841228485
219,beta,underwater,,0.0011709796963259578
219,B,momentum,kospi_return_1d,0.0003335316141601652
219,B,momentum,fx_level_z_252,-0.0033129777293652296
219,B,persist,kospi_return_1d,-0.0006969791138544679
219,B,persist,fx_level_z_252,0.0034628387074917555
219,B,underwater,kospi_return_1d,-0.005228505469858646
219,B,underwater,fx_level_z_252,-0.02001769095659256
219,alpha,,kospi_return_1d,0.03730970621109009
219,alpha,,fx_level_z_252,0.052949223667383194
220,beta,momentum,,-0.026975484564900398
220,beta,persist,,0.10340528935194016
220,beta,underwater,,0.0010642268462106586
220,B,momentum,kospi_return_1d,-0.00018598142196424305
220,B,momentum,fx_level_z_252,-0.0030951432418078184
220,B,persist,kospi_return_1d,-0.0005246009095571935
220,B,persist,fx_level_z_252,0.0035725918132811785
220,B,underwater,kospi_return_1d,-0.005176395643502474
220,B,underwater,fx_level_z_252,-0.02018689177930355
220,alpha,,kospi_return_1d,0.03705663979053497
220,alpha,,fx_level_z_252,0.05294964462518692
221,beta,momentum,,-0.027016738429665565
221,beta,persist,,0.10340864211320877
221,beta,underwater,,0.0009513323311693966
221,B,momentum,kospi_return_1d,-0.000656273914501071
221,B,momentum,fx_level_z_252,-0.002976753283292055
221,B,persist,kospi_return_1d,-0.0001921123912325129
221,B,persist,fx_level_z_252,0.0036750673316419125
221,B,underwater,kospi_return_1d,-0.004979397170245647
221,B,underwater,fx_level_z_252,-0.020336709916591644
221,alpha,,kospi_return_1d,0.03672776371240616
221,alpha,,fx_level_z_252,0.05294056236743927
222,beta,momentum,,-0.027055731043219566
222,beta,persist,,0.10348474979400635
222,beta,underwater,,0.0008586040348745883
222,B,momentum,kospi_return_1d,-0.0009179044282063842
222,B,momentum,fx_level_z_252,-0.002974321134388447
222,B,persist,kospi_return_1d,0.00017593620577827096
222,B,persist,fx_level_z_252,0.003552614478394389
222,B,underwater,kospi_return_1d,-0.0047105709090828896
222,B,underwater,fx_level_z_252,-0.020353589206933975
222,alpha,,kospi_return_1d,0.036376889795064926
222,alpha,,fx_level_z_252,0.052898626774549484
223,beta,momentum,,-0.02714543230831623
223,beta,persist,,0.10358911007642746
223,beta,underwater,,0.000643016304820776
223,B,momentum,kospi_return_1d,-0.001002918230369687
223,B,momentum,fx_level_z_252,-0.002786884317174554
223,B,persist,kospi_return_1d,0.00028948610997758806
223,B,persist,fx_level_z_252,0.003303160658106208
223,B,underwater,kospi_return_1d,-0.004416394513100386
223,B,underwater,fx_level_z_252,-0.020463116466999054
223,alpha,,kospi_return_1d,0.036072518676519394
223,alpha,,fx_level_z_252,0.05288231372833252
224,beta,momentum,,-0.02717718295753002
224,beta,persist,,0.10352972894906998
224,beta,underwater,,0.000269986514467746
224,B,momentum,kospi_return_1d,-0.0011179849971085787
224,B,momentum,fx_level_z_252,-0.0023659910075366497
224,B,persist,kospi_return_1d,0.0003617484762798995
224,B,persist,fx_level_z_252,0.003214738331735134
224,B,underwater,kospi_return_1d,-0.004060638602823019
224,B,underwater,fx_level_z_252,-0.020698802545666695
224,alpha,,kospi_return_1d,0.0358886644244194
224,alpha,,fx_level_z_252,0.052742261439561844
225,beta,momentum,,-0.027312466874718666
225,beta,persist,,0.10358460992574692
225,beta,underwater,,4.3307132727932185e-05
225,B,momentum,kospi_return_1d,-0.0009485522750765085
225,B,momentum,fx_level_z_252,-0.0019984322134405375
225,B,persist,kospi_return_1d,0.00019696088565979153
225,B,persist,fx_level_z_252,0.003108527045696974
225,B,underwater,kospi_return_1d,-0.003845206694677472
225,B,underwater,fx_level_z_252,-0.020841579884290695
225,alpha,,kospi_return_1d,0.03580506518483162
225,alpha,,fx_level_z_252,0.05269060283899307
226,beta,momentum,,-0.02747972682118416
226,beta,persist,,0.10356786102056503
226,beta,underwater,,-9.114258136833087e-05
226,B,momentum,kospi_return_1d,-0.0006234148750081658
226,B,momentum,fx_level_z_252,-0.0019034616416320205
226,B,persist,kospi_return_1d,-0.00029925431590527296
226,B,persist,fx_level_z_252,0.00329301948659122
226,B,underwater,kospi_return_1d,-0.0038863590452820063
226,B,underwater,fx_level_z_252,-0.020826343446969986
226,alpha,,kospi_return_1d,0.03568952530622482
226,alpha,,fx_level_z_252,0.0525556243956089
227,beta,momentum,,-0.027687404304742813
227,beta,persist,,0.10350148379802704
227,beta,underwater,,4.8978567065205425e-05
227,B,momentum,kospi_return_1d,-4.8665315262041986e-05
227,B,momentum,fx_level_z_252,-0.0017893319018185139
227,B,persist,kospi_return_1d,-0.0007979358197189867
227,B,persist,fx_level_z_252,0.0035414458252489567
227,B,underwater,kospi_return_1d,-0.00414156774058938
227,B,underwater,fx_level_z_252,-0.020711809396743774
227,alpha,,kospi_return_1d,0.035706840455532074
227,alpha,,fx_level_z_252,0.052439797669649124
228,beta,momentum,,-0.027952302247285843
228,beta,persist,,0.10347197204828262
228,beta,underwater,,0.0001643251598579809
228,B,momentum,kospi_return_1d,0.00040348252514377236
228,B,momentum,fx_level_z_252,-0.0016217451775446534
228,B,persist,kospi_return_1d,-0.001229998772032559
228,B,persist,fx_level_z_252,0.0038579911924898624
228,B,underwater,kospi_return_1d,-0.004437747877091169
228,B,underwater,fx_level_z_252,-0.020693914964795113
228,alpha,,kospi_return_1d,0.035852689296007156
228,alpha,,fx_level_z_252,0.05231250822544098
229,beta,momentum,,-0.028202198445796967
229,beta,persist,,0.10346498340368271
229,beta,underwater,,0.00012023207818856463
229,B,momentum,kospi_return_1d,0.0006962142651900649
229,B,momentum,fx_level_z_252,-0.0013359712902456522
229,B,persist,kospi_return_1d,-0.0018013176741078496
229,B,persist,fx_level_z_252,0.004162946250289679
229,B,underwater,kospi_return_1d,-0.004572774283587933
229,B,underwater,fx_level_z_252,-0.02080678381025791
229,alpha,,kospi_return_1d,0.03600690886378288
229,alpha,,fx_level_z_252,0.05214572325348854
230,beta,momentum,,-0.028453757986426353
230,beta,persist,,0.10356096178293228
230,beta,underwater,,0.00013315380783751607
230,B,momentum,kospi_return_1d,0.000805349089205265
230,B,momentum,fx_level_z_252,-0.0010506577091291547
230,B,persist,kospi_return_1d,-0.0021976702846586704
230,B,persist,fx_level_z_252,0.004470236599445343
230,B,underwater,kospi_return_1d,-0.004594429861754179
230,B,underwater,fx_level_z_252,-0.020877394825220108
230,alpha,,kospi_return_1d,0.03591642528772354
230,alpha,,fx_level_z_252,0.052090443670749664
231,beta,momentum,,-0.028469577431678772
231,beta,persist,,0.10369687527418137
231,beta,underwater,,5.761830834671855e-07
231,B,momentum,kospi_return_1d,0.0007910629501566291
231,B,momentum,fx_level_z_252,-0.0008612084784545004
231,B,persist,kospi_return_1d,-0.002540240529924631
231,B,persist,fx_level_z_252,0.004525851458311081
231,B,underwater,kospi_return_1d,-0.0045000468380749226
231,B,underwater,fx_level_z_252,-0.020988723263144493
231,alpha,,kospi_return_1d,0.03566186502575874
231,alpha,,fx_level_z_252,0.05194295570254326
232,beta,momentum,,-0.028411952778697014
232,beta,persist,,0.10381311923265457
232,beta,underwater,,-0.00016889566904865205
232,B,momentum,kospi_return_1d,0.0008941710693761706
232,B,momentum,fx_level_z_252,-0.0007889294065535069
232,B,persist,kospi_return_1d,-0.002886987291276455
232,B,persist,fx_level_z_252,0.004626417998224497
232,B,underwater,kospi_return_1d,-0.004491238854825497
232,B,underwater,fx_level_z_252,-0.02103934995830059
232,alpha,,kospi_return_1d,0.03537280485033989
232,alpha,,fx_level_z_252,0.05183535814285278
233,beta,momentum,,-0.0282820425927639
233,beta,persist,,0.10392618924379349
233,beta,underwater,,-0.00013601771206595004
233,B,momentum,kospi_return_1d,0.0010905907256528735
233,B,momentum,fx_level_z_252,-0.0007878457545302808
233,B,persist,kospi_return_1d,-0.0031678846571594477
233,B,persist,fx_level_z_252,0.004629804752767086
233,B,underwater,kospi_return_1d,-0.004629145842045546
233,B,underwater,fx_level_z_252,-0.02102695219218731
233,alpha,,kospi_return_1d,0.03487681597471237
233,alpha,,fx_level_z_252,0.05178368091583252
234,beta,momentum,,-0.028342874720692635
234,beta,persist,,0.10408291220664978
234,beta,underwater,,0.00018319163064006716
234,B,momentum,kospi_return_1d,0.0009879108984023333
234,B,momentum,fx_level_z_252,-0.0008222729666158557
234,B,persist,kospi_return_1d,-0.0033120885491371155
234,B,persist,fx_level_z_252,0.004514487460255623
234,B,underwater,kospi_return_1d,-0.004704316146671772
234,B,underwater,fx_level_z_252,-0.020785873755812645
234,alpha,,kospi_return_1d,0.03432006388902664
234,alpha,,fx_level_z_252,0.05183371156454086
235,beta,momentum,,-0.028345733880996704
235,beta,persist,,0.10423573106527328
235,beta,underwater,,0.0003079536254517734
235,B,momentum,kospi_return_1d,0.0007867385866120458
235,B,momentum,fx_level_z_252,-0.000875291065312922
235,B,persist,kospi_return_1d,-0.0032579738181084394
235,B,persist,fx_level_z_252,0.004202098120003939
235,B,underwater,kospi_return_1d,-0.004571671597659588
235,B,underwater,fx_level_z_252,-0.02068568579852581
235,alpha,,kospi_return_1d,0.03398401290178299
235,alpha,,fx_level_z_252,0.05178751051425934
236,beta,momentum,,-0.02831665612757206
236,beta,persist,,0.10434376448392868
236,beta,underwater,,0.00034691026667132974
236,B,momentum,kospi_return_1d,0.0005197112914174795
236,B,momentum,fx_level_z_252,-0.0010412054834887385
236,B,persist,kospi_return_1d,-0.003143180161714554
236,B,persist,fx_level_z_252,0.0039023547433316708
236,B,underwater,kospi_return_1d,-0.004396229051053524
236,B,underwater,fx_level_z_252,-0.02050037495791912
236,alpha,,kospi_return_1d,0.03367549926042557
236,alpha,,fx_level_z_252,0.051565274596214294
237,beta,momentum,,-0.028328493237495422
237,beta,persist,,0.10429652035236359
237,beta,underwater,,0.00044771458487957716
237,B,momentum,kospi_return_1d,0.00031446194043383
237,B,momentum,fx_level_z_252,-0.0012981059262529016
237,B,persist,kospi_return_1d,-0.003027611877769232
237,B,persist,fx_level_z_252,0.0038089961744844913
237,B,underwater,kospi_return_1d,-0.004345228895545006
237,B,underwater,fx_level_z_252,-0.020418213680386543
237,alpha,,kospi_return_1d,0.03350197151303291
237,alpha,,fx_level_z_252,0.05145539343357086
238,beta,momentum,,-0.028259173035621643
238,beta,persist,,0.10415805876255035
238,beta,underwater,,0.0005213503609411418
238,B,momentum,kospi_return_1d,-4.656260716728866e-05
238,B,momentum,fx_level_z_252,-0.001597053138539195
238,B,persist,kospi_return_1d,-0.00282865297049284
238,B,persist,fx_level_z_252,0.003716688835993409
238,B,underwater,kospi_return_1d,-0.004306690767407417
238,B,underwater,fx_level_z_252,-0.02030838280916214
238,alpha,,kospi_return_1d,0.03348887339234352
238,alpha,,fx_level_z_252,0.051384832710027695
239,beta,momentum,,-0.0281975194811821
239,beta,persist,,0.10398487746715546
239,beta,underwater,,0.0003832854563370347
239,B,momentum,kospi_return_1d,-0.00040585006354376674
239,B,momentum,fx_level_z_252,-0.0016489432891830802
239,B,persist,kospi_return_1d,-0.002464659046381712
239,B,persist,fx_level_z_252,0.003520325990393758
239,B,underwater,kospi_return_1d,-0.004051342606544495
239,B,underwater,fx_level_z_252,-0.020466871559619904
239,alpha,,kospi_return_1d,0.03364131599664688
239,alpha,,fx_level_z_252,0.051254477351903915
240,beta,momentum,,-0.028194252401590347
240,beta,persist,,0.1038171648979187
240,beta,underwater,,0.0003492463438306004
240,B,momentum,kospi_return_1d,-0.0005964642623439431
240,B,momentum,fx_level_z_252,-0.0015950718661770225
240,B,persist,kospi_return_1d,-0.002239664550870657
240,B,persist,fx_level_z_252,0.0031816912814974785
240,B,underwater,kospi_return_1d,-0.003824727376922965
240,B,underwater,fx_level_z_252,-0.0206107497215271
240,alpha,,kospi_return_1d,0.03380776196718216
240,alpha,,fx_level_z_252,0.05118761211633682
241,beta,momentum,,-0.028174441307783127
241,beta,persist,,0.10359945148229599
241,beta,underwater,,0.0002992816735059023
241,B,momentum,kospi_return_1d,-0.0006203313823789358
241,B,momentum,fx_level_z_252,-0.0017678088042885065
241,B,persist,kospi_return_1d,-0.0020580582786351442
241,B,persist,fx_level_z_252,0.0032664048485457897
241,B,underwater,kospi_return_1d,-0.0036853784695267677
241,B,underwater,fx_level_z_252,-0.020608238875865936
241,alpha,,kospi_return_1d,0.03410891816020012
241,alpha,,fx_level_z_252,0.05121462419629097
242,beta,momentum,,-0.02822967804968357
242,beta,persist,,0.10343245416879654
242,beta,underwater,,0.0002618725993670523
242,B,momentum,kospi_return_1d,-0.0003230201546102762
242,B,momentum,fx_level_z_252,-0.0020002289675176144
242,B,persist,kospi_return_1d,-0.001889522303827107
242,B,persist,fx_level_z_252,0.0032203339505940676
242,B,underwater,kospi_return_1d,-0.003620184725150466
242,B,underwater,fx_level_z_252,-0.020538944751024246
242,alpha,,kospi_return_1d,0.034449439495801926
242,alpha,,fx_level_z_252,0.051353346556425095
243,beta,momentum,,-0.0282779261469841
243,beta,persist,,0.10334178060293198
243,beta,underwater,,0.0002753680746536702
243,B,momentum,kospi_return_1d,0.0001591656036907807
243,B,momentum,fx_level_z_252,-0.0022130522411316633
243,B,persist,kospi_return_1d,-0.0017052051844075322
243,B,persist,fx_level_z_252,0.003027824219316244
243,B,underwater,kospi_return_1d,-0.003649514401331544
243,B,underwater,fx_level_z_252,-0.020387090742588043
243,alpha,,kospi_return_1d,0.03465871885418892
243,alpha,,fx_level_z_252,0.051444362848997116
244,beta,momentum,,-0.028482921421527863
244,beta,persist,,0.10324476659297943
244,beta,underwater,,0.00033368266304023564
244,B,momentum,kospi_return_1d,0.0003775698132812977
244,B,momentum,fx_level_z_252,-0.002077532699331641
244,B,persist,kospi_return_1d,-0.0014393769670277834
244,B,persist,fx_level_z_252,0.0028039556927978992
244,B,underwater,kospi_return_1d,-0.0035862885415554047
244,B,underwater,fx_level_z_252,-0.020316453650593758
244,alpha,,kospi_return_1d,0.034823983907699585
244,alpha,,fx_level_z_252,0.05158236622810364
245,beta,momentum,,-0.028740791603922844
245,beta,persist,,0.10322346538305283
245,beta,underwater,,0.0004941503284499049
245,B,momentum,kospi_return_1d,0.0003039250150322914
245,B,momentum,fx_level_z_252,-0.001934706000611186
245,B,persist,kospi_return_1d,-0.0011593503877520561
245,B,persist,fx_level_z_252,0.002599098952487111
245,B,underwater,kospi_return_1d,-0.003525886684656143
245,B,underwater,fx_level_z_252,-0.02018498256802559
245,alpha,,kospi_return_1d,0.03486856445670128
245,alpha,,fx_level_z_252,0.051790252327919006
246,beta,momentum,,-0.028738494962453842
246,beta,persist,,0.10313910245895386
246,beta,underwater,,0.00033838488161563873
246,B,momentum,kospi_return_1d,0.0004757434071507305
246,B,momentum,fx_level_z_252,-0.0017465654527768493
246,B,persist,kospi_return_1d,-0.0010729895438998938
246,B,persist,fx_level_z_252,0.002456726972013712
246,B,underwater,kospi_return_1d,-0.00360224605537951
246,B,underwater,fx_level_z_252,-0.02033398672938347
246,alpha,,kospi_return_1d,0.034898582845926285
246,alpha,,fx_level_z_252,0.05183328315615654
247,beta,momentum,,-0.028696948662400246
247,beta,persist,,0.10302795469760895
247,beta,underwater,,0.00011519015242811292
247,B,momentum,kospi_return_1d,0.0007028018590062857
247,B,momentum,fx_level_z_252,-0.0017260098829865456
247,B,persist,kospi_return_1d,-0.001142183318734169
247,B,persist,fx_level_z_252,0.00237150932662189
247,B,underwater,kospi_return_1d,-0.0036634064745157957
247,B,underwater,fx_level_z_252,-0.020492693409323692
247,alpha,,kospi_return_1d,0.03501768037676811
247,alpha,,fx_level_z_252,0.051807135343551636
248,beta,momentum,,-0.028682146221399307
248,beta,persist,,0.10304570943117142
248,beta,underwater,,9.894889080896974e-05
248,B,momentum,kospi_return_1d,0.0008990849601104856
248,B,momentum,fx_level_z_252,-0.001928378944285214
248,B,persist,kospi_return_1d,-0.0012165288208052516
248,B,persist,fx_level_z_252,0.002349299378693104
248,B,underwater,kospi_return_1d,-0.0037460746243596077
248,B,underwater,fx_level_z_252,-0.020383574068546295
248,alpha,,kospi_return_1d,0.03497729450464249
248,alpha,,fx_level_z_252,0.05182529613375664
249,beta,momentum,,-0.02871698886156082
249,beta,persist,,0.10314173996448517
249,beta,underwater,,0.00023731439432594925
249,B,momentum,kospi_return_1d,0.0011414430337026715
249,B,momentum,fx_level_z_252,-0.002258967375382781
249,B,persist,kospi_return_1d,-0.0011995283421128988
249,B,persist,fx_level_z_252,0.002282610395923257
249,B,underwater,kospi_return_1d,-0.0038380343466997147
249,B,underwater,fx_level_z_252,-0.020075833424925804
249,alpha,,kospi_return_1d,0.03489076346158981
249,alpha,,fx_level_z_252,0.05178540199995041
250,beta,momentum,,-0.028655726462602615
250,beta,persist,,0.10318269580602646
250,beta,underwater,,6.86439307173714e-05
250,B,momentum,kospi_return_1d,0.0011710034450516105
250,B,momentum,fx_level_z_252,-0.0024477492552250624
250,B,persist,kospi_return_1d,-0.0011253159027546644
250,B,persist,fx_level_z_252,0.0021350663155317307
250,B,underwater,kospi_return_1d,-0.003622765652835369
250,B,underwater,fx_level_z_252,-0.019896740093827248
250,alpha,,kospi_return_1d,0.034670960158109665
250,alpha,,fx_level_z_252,0.05157320573925972
251,beta,momentum,,-0.028521856293082237
251,beta,persist,,0.10315979272127151
251,beta,underwater,,-0.00013767689233645797
251,B,momentum,kospi_return_1d,0.0010743687162175775
251,B,momentum,fx_level_z_252,-0.0026430864818394184
251,B,persist,kospi_return_1d,-0.0008784430683590472
251,B,persist,fx_level_z_252,0.001958986511453986
251,B,underwater,kospi_return_1d,-0.0032353298738598824
251,B,underwater,fx_level_z_252,-0.019685976207256317
251,alpha,,kospi_return_1d,0.03464110940694809
251,alpha,,fx_level_z_252,0.051358260214328766
252,beta,momentum,,-0.028373563662171364
252,beta,persist,,0.10305828601121902
252,beta,underwater,,-0.00024345589918084443
252,B,momentum,kospi_return_1d,0.0009920572629198432
252,B,momentum,fx_level_z_252,-0.0027514933608472347
252,B,persist,kospi_return_1d,-0.0007527628913521767
252,B,persist,fx_level_z_252,0.0017285034991800785
252,B,underwater,kospi_return_1d,-0.00308414688333869
252,B,underwater,fx_level_z_252,-0.01958225481212139
252,alpha,,kospi_return_1d,0.03481533005833626
252,alpha,,fx_level_z_252,0.05116870626807213
253,beta,momentum,,-0.02832595817744732
253,beta,persist,,0.102882020175457
253,beta,underwater,,-0.00025450100656598806
253,B,momentum,kospi_return_1d,0.0007421625778079033
253,B,momentum,fx_level_z_252,-0.0026562358252704144
253,B,persist,kospi_return_1d,-0.0005857202922925353
253,B,persist,fx_level_z_252,0.001489273039624095
253,B,underwater,kospi_return_1d,-0.0028670099563896656
253,B,underwater,fx_level_z_252,-0.01968843676149845
253,alpha,,kospi_return_1d,0.03521289303898811
253,alpha,,fx_level_z_252,0.05111255869269371
254,beta,momentum,,-0.028447749093174934
254,beta,persist,,0.10277649015188217
254,beta,underwater,,-1.4271630789153278e-05
254,B,momentum,kospi_return_1d,0.0003578795585781336
254,B,momentum,fx_level_z_252,-0.002561216941103339
254,B,persist,kospi_return_1d,-0.000554766389541328
254,B,persist,fx_level_z_252,0.0012787234736606479
254,B,underwater,kospi_return_1d,-0.002719863783568144
254,B,underwater,fx_level_z_252,-0.019637400284409523
254,alpha,,kospi_return_1d,0.03552145138382912
254,alpha,,fx_level_z_252,0.05113818496465683
255,beta,momentum,,-0.02836471050977707
255,beta,persist,,0.10274283587932587
255,beta,underwater,,0.0001970853190869093
255,B,momentum,kospi_return_1d,-1.394940773025155e-05
255,B,momentum,fx_level_z_252,-0.0023713677655905485
255,B,persist,kospi_return_1d,-0.0006048918003216386
255,B,persist,fx_level_z_252,0.0009875338291749358
255,B,underwater,kospi_return_1d,-0.0024001384153962135
255,B,underwater,fx_level_z_252,-0.019728973507881165
255,alpha,,kospi_return_1d,0.035699497908353806
255,alpha,,fx_level_z_252,0.051083486527204514
256,beta,momentum,,-0.02822105400264263
256,beta,persist,,0.1026725023984909
256,beta,underwater,,0.00038757844595238566
256,B,momentum,kospi_return_1d,-0.00011515799269545823
256,B,momentum,fx_level_z_252,-0.0022623143158853054
256,B,persist,kospi_return_1d,-0.000696848495863378
256,B,persist,fx_level_z_252,0.000823765411041677
256,B,underwater,kospi_return_1d,-0.0023732809349894524
256,B,underwater,fx_level_z_252,-0.01976926438510418
256,alpha,,kospi_return_1d,0.03593645244836807
256,alpha,,fx_level_z_252,0.05124139413237572
257,beta,momentum,,-0.02806898206472397
257,beta,persist,,0.10270249098539352
257,beta,underwater,,0.0007076780311763287
257,B,momentum,kospi_return_1d,-2.170613151974976e-05
257,B,momentum,fx_level_z_252,-0.0021532911341637373
257,B,persist,kospi_return_1d,-0.0008454296621493995
257,B,persist,fx_level_z_252,0.0007025753147900105
257,B,underwater,kospi_return_1d,-0.0025984584353864193
257,B,underwater,fx_level_z_252,-0.019618865102529526
257,alpha,,kospi_return_1d,0.0358891598880291
257,alpha,,fx_level_z_252,0.05138115957379341
258,beta,momentum,,-0.028047261759638786
258,beta,persist,,0.10283414274454117
258,beta,underwater,,0.001019297051243484
258,B,momentum,kospi_return_1d,0.00019774468091782182
258,B,momentum,fx_level_z_252,-0.002096787327900529
258,B,persist,kospi_return_1d,-0.0009023634484037757
258,B,persist,fx_level_z_252,0.000554958707652986
258,B,underwater,kospi_return_1d,-0.002704361919313669
258,B,underwater,fx_level_z_252,-0.019361795857548714
258,alpha,,kospi_return_1d,0.03577688708901405
258,alpha,,fx_level_z_252,0.05151769518852234
259,beta,momentum,,-0.028036784380674362
259,beta,persist,,0.10287713259458542
259,beta,underwater,,0.0011941168922930956
259,B,momentum,kospi_return_1d,0.00034704385325312614
259,B,momentum,fx_level_z_252,-0.0020774577278643847
259,B,persist,kospi_return_1d,-0.0007540092337876558
259,B,persist,fx_level_z_252,0.0005275658331811428
259,B,underwater,kospi_return_1d,-0.0028273984789848328
259,B,underwater,fx_level_z_252,-0.019160345196723938
259,alpha,,kospi_return_1d,0.03559698164463043
259,alpha,,fx_level_z_252,0.05156698077917099
260,beta,momentum,,-0.028038306161761284
260,beta,persist,,0.10294554382562637
260,beta,underwater,,0.0013799762818962336
260,B,momentum,kospi_return_1d,0.00038970046443864703
260,B,momentum,fx_level_z_252,-0.0021625817753374577
260,B,persist,kospi_return_1d,-0.000545967894140631
260,B,persist,fx_level_z_252,0.0006992812850512564
260,B,underwater,kospi_return_1d,-0.003014978254213929
260,B,underwater,fx_level_z_252,-0.018925007432699203
260,alpha,,kospi_return_1d,0.03547267988324165
260,alpha,,fx_level_z_252,0.051692672073841095
261,beta,momentum,,-0.028081661090254784
261,beta,persist,,0.10314536094665527
261,beta,underwater,,0.0014402867527678609
261,B,momentum,kospi_return_1d,0.0003140775370411575
261,B,momentum,fx_level_z_252,-0.002340940060093999
261,B,persist,kospi_return_1d,-0.0001702290028333664
261,B,persist,fx_level_z_252,0.0007136160274967551
261,B,underwater,kospi_return_1d,-0.00298792845569551
261,B,underwater,fx_level_z_252,-0.018725356087088585
261,alpha,,kospi_return_1d,0.035118307918310165
261,alpha,,fx_level_z_252,0.05174579471349716
262,beta,momentum,,-0.02803725190460682
262,beta,persist,,0.1032208651304245
262,beta,underwater,,0.0014322552597150207
262,B,momentum,kospi_return_1d,0.00027607750962488353
262,B,momentum,fx_level_z_252,-0.002630515955388546
262,B,persist,kospi_return_1d,8.400210208492354e-05
262,B,persist,fx_level_z_252,0.0007705122698098421
262,B,underwater,kospi_return_1d,-0.003044962417334318
262,B,underwater,fx_level_z_252,-0.018543584272265434
262,alpha,,kospi_return_1d,0.034995269030332565
262,alpha,,fx_level_z_252,0.051761604845523834
263,beta,momentum,,-0.027895675972104073
263,beta,persist,,0.10321333259344101
263,beta,underwater,,0.0013937401818111539
263,B,momentum,kospi_return_1d,0.0003265791747253388
263,B,momentum,fx_level_z_252,-0.002968978602439165
263,B,persist,kospi_return_1d,0.0001049231577781029
263,B,persist,fx_level_z_252,0.0008043222478590906
263,B,underwater,kospi_return_1d,-0.003123015398159623
263,B,underwater,fx_level_z_252,-0.018361128866672516
263,alpha,,kospi_return_1d,0.03501834347844124
263,alpha,,fx_level_z_252,0.05173801630735397
264,beta,momentum,,-0.02775597758591175
264,beta,persist,,0.10312806814908981
264,beta,underwater,,0.0012890438083559275
264,B,momentum,kospi_return_1d,0.0005146373296156526
264,B,momentum,fx_level_z_252,-0.0034615295007824898
264,B,persist,kospi_return_1d,-0.00013080768985673785
264,B,persist,fx_level_z_252,0.0009648447157815099
264,B,underwater,kospi_return_1d,-0.003410062287002802
264,B,underwater,fx_level_z_252,-0.01817048341035843
264,alpha,,kospi_return_1d,0.03514621779322624
264,alpha,,fx_level_z_252,0.051664020866155624
265,beta,momentum,,-0.027527406811714172
265,beta,persist,,0.10296599566936493
265,beta,underwater,,0.0010475163580849767
265,B,momentum,kospi_return_1d,0.0008183294557966292
265,B,momentum,fx_level_z_252,-0.003782621817663312
265,B,persist,kospi_return_1d,-0.0004382963525131345
265,B,persist,fx_level_z_252,0.0011803084053099155
265,B,underwater,kospi_return_1d,-0.0036720240022987127
265,B,underwater,fx_level_z_252,-0.0182504840195179
265,alpha,,kospi_return_1d,0.03540020063519478
265,alpha,,fx_level_z_252,0.051678407937288284
266,beta,momentum,,-0.027325784787535667
266,beta,persist,,0.10276977717876434
266,beta,underwater,,0.0008833907195366919
266,B,momentum,kospi_return_1d,0.0010089445859193802
266,B,momentum,fx_level_z_252,-0.004069589544087648
266,B,persist,kospi_return_1d,-0.0008187638013623655
266,B,persist,fx_level_z_252,0.0015021495055407286
266,B,underwater,kospi_return_1d,-0.003979969769716263
266,B,underwater,fx_level_z_252,-0.018354346975684166
266,alpha,,kospi_return_1d,0.03548740595579147
266,alpha,,fx_level_z_252,0.05185201019048691
267,beta,momentum,,-0.02717682160437107
267,beta,persist,,0.10259287804365158
267,beta,underwater,,0.0007320354343391955
267,B,momentum,kospi_return_1d,0.0009339274256490171
267,B,momentum,fx_level_z_252,-0.004148821346461773
267,B,persist,kospi_return_1d,-0.0009729718440212309
267,B,persist,fx_level_z_252,0.0019085704116150737
267,B,underwater,kospi_return_1d,-0.004063429310917854
267,B,underwater,fx_level_z_252,-0.018493369221687317
267,alpha,,kospi_return_1d,0.03538964316248894
267,alpha,,fx_level_z_252,0.05201634019613266
268,beta,momentum,,-0.026998167857527733
268,beta,persist,,0.10234779864549637
268,beta,underwater,,0.0005607218481600285
268,B,momentum,kospi_return_1d,0.0010420790640637279
268,B,momentum,fx_level_z_252,-0.004203631542623043
268,B,persist,kospi_return_1d,-0.0011440395610406995
268,B,persist,fx_level_z_252,0.002347577828913927
268,B,underwater,kospi_return_1d,-0.00418710196390748
268,B,underwater,fx_level_z_252,-0.018694590777158737
268,alpha,,kospi_return_1d,0.03538161888718605
268,alpha,,fx_level_z_252,0.052196573466062546
269,beta,momentum,,-0.026938891038298607
269,beta,persist,,0.10211364179849625
269,beta,underwater,,0.00020679310546256602
269,B,momentum,kospi_return_1d,0.0008139078272506595
269,B,momentum,fx_level_z_252,-0.003888235194608569
269,B,persist,kospi_return_1d,-0.0011513688368722796
269,B,persist,fx_level_z_252,0.002519916044548154
269,B,underwater,kospi_return_1d,-0.00397104024887085
269,B,underwater,fx_level_z_252,-0.019185839220881462
269,alpha,,kospi_return_1d,0.035368919372558594
269,alpha,,fx_level_z_252,0.05233999714255333
270,beta,momentum,,-0.0268526803702116
270,beta,persist,,0.10183343291282654
270,beta,underwater,,-0.00019766461628023535
270,B,momentum,kospi_return_1d,0.0005973333609290421
270,B,momentum,fx_level_z_252,-0.003473264165222645
270,B,persist,kospi_return_1d,-0.0011371596483513713
270,B,persist,fx_level_z_252,0.0026738347951322794
270,B,underwater,kospi_return_1d,-0.0036992342211306095
270,B,underwater,fx_level_z_252,-0.019696325063705444
270,alpha,,kospi_return_1d,0.035242654383182526
270,alpha,,fx_level_z_252,0.05241352692246437
271,beta,momentum,,-0.026911912485957146
271,beta,persist,,0.10161533206701279
271,beta,underwater,,-0.00040334099321626127
271,B,momentum,kospi_return_1d,0.0003659930662252009
271,B,momentum,fx_level_z_252,-0.00310434284619987
271,B,persist,kospi_return_1d,-0.00109703722409904
271,B,persist,fx_level_z_252,0.0027577895671129227
271,B,underwater,kospi_return_1d,-0.0036324395332485437
271,B,underwater,fx_level_z_252,-0.02004448138177395
271,alpha,,kospi_return_1d,0.0351225882768631
271,alpha,,fx_level_z_252,0.05244888737797737
272,beta,momentum,,-0.02719525620341301
272,beta,persist,,0.10154812037944794
272,beta,underwater,,-0.0002801724476739764
272,B,momentum,kospi_return_1d,0.0001548470463603735
272,B,momentum,fx_level_z_252,-0.002708517713472247
272,B,persist,kospi_return_1d,-0.0009075138950720429
272,B,persist,fx_level_z_252,0.0026861978694796562
272,B,underwater,kospi_return_1d,-0.0037310891784727573
272,B,underwater,fx_level_z_252,-0.020398112013936043
272,alpha,,kospi_return_1d,0.03502197563648224
272,alpha,,fx_level_z_252,0.052675798535346985
273,beta,momentum,,-0.027554042637348175
273,beta,persist,,0.10157947987318039
273,beta,underwater,,0.00011571084905881435
273,B,momentum,kospi_return_1d,-5.8615922171156853e-05
273,B,momentum,fx_level_z_252,-0.00235622376203537
273,B,persist,kospi_return_1d,-0.0007983332616277039
273,B,persist,fx_level_z_252,0.002618097234517336
273,B,underwater,kospi_return_1d,-0.003969079814851284
273,B,underwater,fx_level_z_252,-0.020531749352812767
273,alpha,,kospi_return_1d,0.03466104716062546
273,alpha,,fx_level_z_252,0.05294826254248619
274,beta,momentum,,-0.027937933802604675
274,beta,persist,,0.1016276627779007
274,beta,underwater,,0.000512468337547034
274,B,momentum,kospi_return_1d,-0.00020248687360435724
274,B,momentum,fx_level_z_252,-0.00218649092130363
274,B,persist,kospi_return_1d,-0.0007758967694826424
274,B,persist,fx_level_z_252,0.0026045788545161486
274,B,underwater,kospi_return_1d,-0.00421162648126483
274,B,underwater,fx_level_z_252,-0.020530249923467636
274,alpha,,kospi_return_1d,0.03438619524240494
274,alpha,,fx_level_z_252,0.05302915349602699
275,beta,momentum,,-0.028375115245580673
275,beta,persist,,0.10174059122800827
275,beta,underwater,,0.0007331932429224253
275,B,momentum,kospi_return_1d,-0.00019016332225874066
275,B,momentum,fx_level_z_252,-0.0019711500499397516
275,B,persist,kospi_return_1d,-0.0009339736425317824
275,B,persist,fx_level_z_252,0.0026081891264766455
275,B,underwater,kospi_return_1d,-0.004406358115375042
275,B,underwater,fx_level_z_252,-0.02038993313908577
275,alpha,,kospi_return_1d,0.03419879823923111
275,alpha,,fx_level_z_252,0.053032685071229935
276,beta,momentum,,-0.028662728145718575
276,beta,persist,,0.10188376903533936
276,beta,underwater,,0.0007499977946281433
276,B,momentum,kospi_return_1d,-5.525773303816095e-05
276,B,momentum,fx_level_z_252,-0.001696189632639289
276,B,persist,kospi_return_1d,-0.0011337418109178543
276,B,persist,fx_level_z_252,0.002506058197468519
276,B,underwater,kospi_return_1d,-0.004385378211736679
276,B,underwater,fx_level_z_252,-0.020345157012343407
276,alpha,,kospi_return_1d,0.03382081165909767
276,alpha,,fx_level_z_252,0.05297039449214935
277,beta,momentum,,-0.028796765953302383
277,beta,persist,,0.10208519548177719
277,beta,underwater,,0.0007266192114911973
277,B,momentum,kospi_return_1d,0.00015950096712913364
277,B,momentum,fx_level_z_252,-0.0013269130140542984
277,B,persist,kospi_return_1d,-0.001107961405068636
277,B,persist,fx_level_z_252,0.001973868580535054
277,B,underwater,kospi_return_1d,-0.004033006262034178
277,B,underwater,fx_level_z_252,-0.020485617220401764
277,alpha,,kospi_return_1d,0.033488377928733826
277,alpha,,fx_level_z_252,0.052954427897930145
278,beta,momentum,,-0.028813287615776062
278,beta,persist,,0.10230346769094467
278,beta,underwater,,0.0006681430386379361
278,B,momentum,kospi_return_1d,0.0004217647365294397
278,B,momentum,fx_level_z_252,-0.0009935374837368727
278,B,persist,kospi_return_1d,-0.0009616583120077848
278,B,persist,fx_level_z_252,0.00137814087793231
278,B,underwater,kospi_return_1d,-0.0037613536696881056
278,B,underwater,fx_level_z_252,-0.020579921081662178
278,alpha,,kospi_return_1d,0.03333349898457527
278,alpha,,fx_level_z_252,0.053017470985651016
279,beta,momentum,,-0.028821256011724472
279,beta,persist,,0.10246631503105164
279,beta,underwater,,0.0006528320373035967
279,B,momentum,kospi_return_1d,0.0005758696352131665
279,B,momentum,fx_level_z_252,-0.0008624051697552204
279,B,persist,kospi_return_1d,-0.0007696467800997198
279,B,persist,fx_level_z_252,0.0008203408215194941
279,B,underwater,kospi_return_1d,-0.003619503229856491
279,B,underwater,fx_level_z_252,-0.020588532090187073
279,alpha,,kospi_return_1d,0.03340936452150345
279,alpha,,fx_level_z_252,0.053126245737075806
280,beta,momentum,,-0.028735175728797913
280,beta,persist,,0.10249833017587662
280,beta,underwater,,0.0007559222867712379
280,B,momentum,kospi_return_1d,0.0006705785635858774
280,B,momentum,fx_level_z_252,-0.0008882555994205177
280,B,persist,kospi_return_1d,-0.00046568503603339195
280,B,persist,fx_level_z_252,0.0005395486950874329
280,B,underwater,kospi_return_1d,-0.003650910221040249
280,B,underwater,fx_level_z_252,-0.020409714430570602
280,alpha,,kospi_return_1d,0.03365439549088478
280,alpha,,fx_level_z_252,0.05321468040347099
281,beta,momentum,,-0.02859552577137947
281,beta,persist,,0.10237906873226166
281,beta,underwater,,0.0008327488321810961
281,B,momentum,kospi_return_1d,0.0007779212319292128
281,B,momentum,fx_level_z_252,-0.0008225455530919135
281,B,persist,kospi_return_1d,-0.00024633019347675145
281,B,persist,fx_level_z_252,0.00046359896077774465
281,B,underwater,kospi_return_1d,-0.003798668971285224
281,B,underwater,fx_level_z_252,-0.020202752202749252
281,alpha,,kospi_return_1d,0.033938825130462646
281,alpha,,fx_level_z_252,0.05320020765066147
282,beta,momentum,,-0.02843034453690052
282,beta,persist,,0.1021096408367157
282,beta,underwater,,0.0009136027656495571
282,B,momentum,kospi_return_1d,0.0010156832868233323
282,B,momentum,fx_level_z_252,-0.0009356701630167663
282,B,persist,kospi_return_1d,2.3370783310383558e-05
282,B,persist,fx_level_z_252,0.0006612040451727808
282,B,underwater,kospi_return_1d,-0.004078592173755169
282,B,underwater,fx_level_z_252,-0.01988336071372032
282,alpha,,kospi_return_1d,0.03447597846388817
282,alpha,,fx_level_z_252,0.053063713014125824
283,beta,momentum,,-0.028367092832922935
283,beta,persist,,0.101869598031044
283,beta,underwater,,0.0008918826933950186
283,B,momentum,kospi_return_1d,0.0011871472233906388
283,B,momentum,fx_level_z_252,-0.0010338978609070182
283,B,persist,kospi_return_1d,1.1157681001350284e-05
283,B,persist,fx_level_z_252,0.0009679324575699866
283,B,underwater,kospi_return_1d,-0.004434341564774513
283,B,underwater,fx_level_z_252,-0.019562209025025368
283,alpha,,kospi_return_1d,0.034826964139938354
283,alpha,,fx_level_z_252,0.052974116057157516
284,beta,momentum,,-0.028461581096053123
284,beta,persist,,0.10176819562911987
284,beta,underwater,,0.0009386601159349084
284,B,momentum,kospi_return_1d,0.0011958543909713626
284,B,momentum,fx_level_z_252,-0.001046484336256981
284,B,persist,kospi_return_1d,0.00011447982251411304
284,B,persist,fx_level_z_252,0.0010872967541217804
284,B,underwater,kospi_return_1d,-0.004679471720010042
284,B,underwater,fx_level_z_252,-0.019336402416229248
284,alpha,,kospi_return_1d,0.03486202657222748
284,alpha,,fx_level_z_252,0.05291237682104111
285,beta,momentum,,-0.028548864647746086
285,beta,persist,,0.10164029896259308
285,beta,underwater,,0.0009843572042882442
285,B,momentum,kospi_return_1d,0.0011649237712845206
285,B,momentum,fx_level_z_252,-0.001042613759636879
285,B,persist,kospi_return_1d,-2.3197702830657363e-05
285,B,persist,fx_level_z_252,0.0011873332550749183
285,B,underwater,kospi_return_1d,-0.004967260640114546
285,B,underwater,fx_level_z_252,-0.019218962639570236
285,alpha,,kospi_return_1d,0.03488460183143616
285,alpha,,fx_level_z_252,0.052866701036691666
286,beta,momentum,,-0.02862759493291378
286,beta,persist,,0.10164003074169159
286,beta,underwater,,0.0010626011062413454
286,B,momentum,kospi_return_1d,0.0011119121918454766
286,B,momentum,fx_level_z_252,-0.0011327045504003763
286,B,persist,kospi_return_1d,-0.00024398218374699354
286,B,persist,fx_level_z_252,0.0014120513806119561
286,B,underwater,kospi_return_1d,-0.005257401615381241
286,B,underwater,fx_level_z_252,-0.01910421811044216
286,alpha,,kospi_return_1d,0.03479467332363129
286,alpha,,fx_level_z_252,0.05294591560959816
287,beta,momentum,,-0.02868565171957016
287,beta,persist,,0.10170569270849228
287,beta,underwater,,0.0011295984731987119
287,B,momentum,kospi_return_1d,0.0010313850361853838
287,B,momentum,fx_level_z_252,-0.0012683086097240448
287,B,persist,kospi_return_1d,-0.00043185267713852227
287,B,persist,fx_level_z_252,0.0016937225591391325
287,B,underwater,kospi_return_1d,-0.005489307455718517
287,B,underwater,fx_level_z_252,-0.018920740112662315
287,alpha,,kospi_return_1d,0.034708719700574875
287,alpha,,fx_level_z_252,0.053056590259075165
288,beta,momentum,,-0.02850404754281044
288,beta,persist,,0.10181374847888947
288,beta,underwater,,0.0009976994479075074
288,B,momentum,kospi_return_1d,0.0009565902291797101
288,B,momentum,fx_level_z_252,-0.0012023020535707474
288,B,persist,kospi_return_1d,-0.00043328508036211133
288,B,persist,fx_level_z_252,0.00169471581466496
288,B,underwater,kospi_return_1d,-0.0054383659735322
288,B,underwater,fx_level_z_252,-0.01907062530517578
288,alpha,,kospi_return_1d,0.03467031568288803
288,alpha,,fx_level_z_252,0.053169481456279755
289,beta,momentum,,-0.028455382212996483
289,beta,persist,,0.10194655507802963
289,beta,underwater,,0.000931056565605104
289,B,momentum,kospi_return_1d,0.000796563399489969
289,B,momentum,fx_level_z_252,-0.0011782045476138592
289,B,persist,kospi_return_1d,-0.00029009650461375713
289,B,persist,fx_level_z_252,0.001626546261832118
289,B,underwater,kospi_return_1d,-0.0054406761191785336
289,B,underwater,fx_level_z_252,-0.019328966736793518
289,alpha,,kospi_return_1d,0.034577079117298126
289,alpha,,fx_level_z_252,0.05339532345533371
290,beta,momentum,,-0.028470641002058983
290,beta,persist,,0.10208448022603989
290,beta,underwater,,0.0008572103106416762
290,B,momentum,kospi_return_1d,0.0005329233244992793
290,B,momentum,fx_level_z_252,-0.0012147711822763085
290,B,persist,kospi_return_1d,-3.800904960371554e-05
290,B,persist,fx_level_z_252,0.0017001184169203043
290,B,underwater,kospi_return_1d,-0.0055298893712460995
290,B,underwater,fx_level_z_252,-0.019589221104979515
290,alpha,,kospi_return_1d,0.034488286823034286
290,alpha,,fx_level_z_252,0.05374135076999664
291,beta,momentum,,-0.02851262129843235
291,beta,persist,,0.10218969732522964
291,beta,underwater,,0.0007161524845287204
291,B,momentum,kospi_return_1d,0.00023586374300066382
291,B,momentum,fx_level_z_252,-0.0011955340160056949
291,B,persist,kospi_return_1d,0.00033839931711554527
291,B,persist,fx_level_z_252,0.0015707003185525537
291,B,underwater,kospi_return_1d,-0.005454220809042454
291,B,underwater,fx_level_z_252,-0.019898807629942894
291,alpha,,kospi_return_1d,0.03453328460454941
291,alpha,,fx_level_z_252,0.0540107786655426
292,beta,momentum,,-0.02837340533733368
292,beta,persist,,0.1023397222161293
292,beta,underwater,,0.00048336508916690946
292,B,momentum,kospi_return_1d,-9.336581570096314e-07
292,B,momentum,fx_level_z_252,-0.0011188493808731437
292,B,persist,kospi_return_1d,0.0006313112680800259
292,B,persist,fx_level_z_252,0.0013672473141923547
292,B,underwater,kospi_return_1d,-0.00508278701454401
292,B,underwater,fx_level_z_252,-0.020276397466659546
292,alpha,,kospi_return_1d,0.034573521465063095
292,alpha,,fx_level_z_252,0.054196108132600784
293,beta,momentum,,-0.02829701453447342
293,beta,persist,,0.10254646092653275
293,beta,underwater,,0.00026452052406966686
293,B,momentum,kospi_return_1d,-0.00010344403563067317
293,B,momentum,fx_level_z_252,-0.001092193997465074
293,B,persist,kospi_return_1d,0.0006313793128356338
293,B,persist,fx_level_z_252,0.0012490658555179834
293,B,underwater,kospi_return_1d,-0.004696904681622982
293,B,underwater,fx_level_z_252,-0.02053355798125267
293,alpha,,kospi_return_1d,0.03457409888505936
293,alpha,,fx_level_z_252,0.05435581132769585
294,beta,momentum,,-0.028170984238386154
294,beta,persist,,0.10284941643476486
294,beta,underwater,,0.00018013194494415075
294,B,momentum,kospi_return_1d,-0.00010488414409337565
294,B,momentum,fx_level_z_252,-0.0011224541813135147
294,B,persist,kospi_return_1d,0.000444037897977978
294,B,persist,fx_level_z_252,0.0009775185026228428
294,B,underwater,kospi_return_1d,-0.00443482818081975
294,B,underwater,fx_level_z_252,-0.020697375759482384
294,alpha,,kospi_return_1d,0.03436220437288284
294,alpha,,fx_level_z_252,0.054585427045822144
295,beta,momentum,,-0.027972321957349777
295,beta,persist,,0.10312123596668243
295,beta,underwater,,6.152294372441247e-05
295,B,momentum,kospi_return_1d,6.396518438123167e-05
295,B,momentum,fx_level_z_252,-0.0011320897610858083
295,B,persist,kospi_return_1d,0.00014889720478095114
295,B,persist,fx_level_z_252,0.000757334113586694
295,B,underwater,kospi_return_1d,-0.0043007791973650455
295,B,underwater,fx_level_z_252,-0.02068442478775978
295,alpha,,kospi_return_1d,0.034212227910757065
295,alpha,,fx_level_z_252,0.05477575957775116
296,beta,momentum,,-0.02762186899781227
296,beta,persist,,0.10337904095649719
296,beta,underwater,,-0.00010761537123471498
296,B,momentum,kospi_return_1d,0.0002825215633492917
296,B,momentum,fx_level_z_252,-0.001239163801074028
296,B,persist,kospi_return_1d,-0.00019580872321967036
296,B,persist,fx_level_z_252,0.0006906332564540207
296,B,underwater,kospi_return_1d,-0.004261818714439869
296,B,underwater,fx_level_z_252,-0.02056720480322838
296,alpha,,kospi_return_1d,0.03405038267374039
296,alpha,,fx_level_z_252,0.05477563664317131
297,beta,momentum,,-0.027317136526107788
297,beta,persist,,0.1036098450422287
297,beta,underwater,,-0.00016765299369581044
297,B,momentum,kospi_return_1d,0.0003228169516660273
297,B,momentum,fx_level_z_252,-0.00136737828142941
297,B,persist,kospi_return_1d,-0.0002554328821133822
297,B,persist,fx_level_z_252,0.000764718686696142
297,B,underwater,kospi_return_1d,-0.0040036714635789394
297,B,underwater,fx_level_z_252,-0.02044486254453659
297,alpha,,kospi_return_1d,0.03387914597988129
297,alpha,,fx_level_z_252,0.05464561656117439
298,beta,momentum,,-0.027031514793634415
298,beta,persist,,0.1038251742720604
298,beta,underwater,,-4.464078665478155e-05
298,B,momentum,kospi_return_1d,0.0003867129853460938
298,B,momentum,fx_level_z_252,-0.0013939299387857318
298,B,persist,kospi_return_1d,-0.00022488104877993464
298,B,persist,fx_level_z_252,0.0008242196636274457
298,B,underwater,kospi_return_1d,-0.0036910816561430693
298,B,underwater,fx_level_z_252,-0.020285990089178085
298,alpha,,kospi_return_1d,0.03362954035401344
298,alpha,,fx_level_z_252,0.0544542595744133
299,beta,momentum,,-0.026830315589904785
299,beta,persist,,0.10390293598175049
299,beta,underwater,,0.00010280423157382756
299,B,momentum,kospi_return_1d,0.00022236502263695002
299,B,momentum,fx_level_z_252,-0.001513991504907608
299,B,persist,kospi_return_1d,5.2098839660175145e-06
299,B,persist,fx_level_z_252,0.0010845053475350142
299,B,underwater,kospi_return_1d,-0.0034529906697571278
299,B,underwater,fx_level_z_252,-0.02028312161564827
299,alpha,,kospi_return_1d,0.03353220224380493
299,alpha,,fx_level_z_252,0.05430944636464119
300,beta,momentum,,-0.02677602879703045
300,beta,persist,,0.10379152745008469
300,beta,underwater,,0.00024027892504818738
300,B,momentum,kospi_return_1d,8.536852692486718e-05
300,B,momentum,fx_level_z_252,-0.0016274192603304982
300,B,persist,kospi_return_1d,7.226980233099312e-05
300,B,persist,fx_level_z_252,0.001367393764667213
300,B,underwater,kospi_return_1d,-0.003292329143732786
300,B,underwater,fx_level_z_252,-0.020296301692724228
300,alpha,,kospi_return_1d,0.033774327486753464
300,alpha,,fx_level_z_252,0.05425649881362915
