experiment,epochs,learning_rate,lambda_l1,investor,accuracy_mean,accuracy_std,macro_f1_mean,macro_f1_std,nll_mean,nll_std,accuracy_rank,nll_rank
ep_25_lr_0p001_l1_0p01,25,0.001,0.01,foreign,0.6348805972752805,0.029119131147047336,0.6209823221130909,0.035289249378506554,0.6567651006910536,0.01976776122963121,1.0,5.0
ep_25_lr_0p001_l1_0p001,25,0.001,0.001,institution,0.5361039882312582,0.03550586218834189,0.5268790283376745,0.033860789736679386,0.6954074051645067,0.00877284335541201,1.0,8.0
ep_25_lr_0p0005_l1_0p01,25,0.0005,0.01,retail,0.5992324733546147,0.04910452753218535,0.5851908634622052,0.05141978601787821,0.6797642628351848,0.010396534722325266,1.0,6.0
