experiment,epochs,batch_size,learning_rate,lambda_l1,investor,accuracy_mean,accuracy_std,macro_f1_mean,macro_f1_std,nll_mean,nll_std,accuracy_rank,nll_rank
ep_100_bs_256_lr_0p001_l1_0,100,256,0.001,0.0,foreign,0.6379210494182497,0.029823728101832026,0.62203865967559,0.03774908265357233,0.6497960209846496,0.03677358730422535,1.0,2.0
ep_100_bs_2048_lr_0p001_l1_0,100,2048,0.001,0.0,institution,0.5356492868398254,0.031925270151342076,0.5241527642043232,0.031123992198972016,0.6996354593171014,0.013344150661827656,1.0,1.0
ep_100_bs_512_lr_0p001_l1_0,100,512,0.001,0.0,retail,0.5917886278135376,0.04968561656633621,0.5764259490115795,0.05327887516329281,0.6818434900707668,0.02977026794641128,1.0,2.0
