epoch,parameter,feature,context,weight
0,beta,momentum,,0.0
0,beta,persist,,0.0
0,beta,underwater,,0.0
0,B,momentum,kospi_return_1d,0.0
0,B,momentum,fx_level_z_252,0.0
0,B,persist,kospi_return_1d,0.0
0,B,persist,fx_level_z_252,0.0
0,B,underwater,kospi_return_1d,0.0
0,B,underwater,fx_level_z_252,0.0
0,alpha,,kospi_return_1d,0.0
0,alpha,,fx_level_z_252,0.0
1,beta,momentum,,-0.001989965792745352
1,beta,persist,,0.0019802337046712637
1,beta,underwater,,0.0019874980207532644
1,B,momentum,kospi_return_1d,0.0005699432222172618
1,B,momentum,fx_level_z_252,0.0019937586039304733
1,B,persist,kospi_return_1d,-0.0018445211462676525
1,B,persist,fx_level_z_252,-0.001738835358992219
1,B,underwater,kospi_return_1d,-0.0019030338153243065
1,B,underwater,fx_level_z_252,-0.0018554170383140445
1,alpha,,kospi_return_1d,-0.0018764996202662587
1,alpha,,fx_level_z_252,0.0019687670283019543
2,beta,momentum,,-0.003933945205062628
2,beta,persist,,0.003931925632059574
2,beta,underwater,,0.0039417939260602
2,B,momentum,kospi_return_1d,-0.0001121086097555235
2,B,momentum,fx_level_z_252,0.00395197793841362
2,B,persist,kospi_return_1d,-0.0026387658435851336
2,B,persist,fx_level_z_252,-0.0033780927769839764
2,B,underwater,kospi_return_1d,-0.0035224156454205513
2,B,underwater,fx_level_z_252,-0.0036457786336541176
2,alpha,,kospi_return_1d,-0.0036020951811224222
2,alpha,,fx_level_z_252,0.003859467338770628
3,beta,momentum,,-0.0058679659850895405
3,beta,persist,,0.005875051487237215
3,beta,underwater,,0.005864078179001808
3,B,momentum,kospi_return_1d,-6.648240378126502e-05
3,B,momentum,fx_level_z_252,0.005883600562810898
3,B,persist,kospi_return_1d,-0.003236118471249938
3,B,persist,fx_level_z_252,-0.0050559332594275475
3,B,underwater,kospi_return_1d,-0.0047669196501374245
3,B,underwater,fx_level_z_252,-0.005491971038281918
3,alpha,,kospi_return_1d,-0.005301192402839661
3,alpha,,fx_level_z_252,0.0056450157426297665
4,beta,momentum,,-0.007778837811201811
4,beta,persist,,0.007800980471074581
4,beta,underwater,,0.007752452977001667
4,B,momentum,kospi_return_1d,-0.0003064728225581348
4,B,momentum,fx_level_z_252,0.007774763740599155
4,B,persist,kospi_return_1d,-0.0030936384573578835
4,B,persist,fx_level_z_252,-0.006726399064064026
4,B,underwater,kospi_return_1d,-0.00534916203469038
4,B,underwater,fx_level_z_252,-0.007307081017643213
4,alpha,,kospi_return_1d,-0.0069192214868962765
4,alpha,,fx_level_z_252,0.007374725770205259
5,beta,momentum,,-0.009647596627473831
5,beta,persist,,0.00968621764332056
5,beta,underwater,,0.009616303257644176
5,B,momentum,kospi_return_1d,-0.0005103235598653555
5,B,momentum,fx_level_z_252,0.009581358171999454
5,B,persist,kospi_return_1d,-0.0030387400183826685
5,B,persist,fx_level_z_252,-0.008286247961223125
5,B,underwater,kospi_return_1d,-0.0056559802033007145
5,B,underwater,fx_level_z_252,-0.008990933187305927
5,alpha,,kospi_return_1d,-0.008398259058594704
5,alpha,,fx_level_z_252,0.00913032703101635
6,beta,momentum,,-0.011489282362163067
6,beta,persist,,0.011545169167220592
6,beta,underwater,,0.011450075544416904
6,B,momentum,kospi_return_1d,-0.0006936592981219292
6,B,momentum,fx_level_z_252,0.011278938502073288
6,B,persist,kospi_return_1d,-0.0031823853496462107
6,B,persist,fx_level_z_252,-0.009761398658156395
6,B,underwater,kospi_return_1d,-0.005799672566354275
6,B,underwater,fx_level_z_252,-0.010633060708642006
6,alpha,,kospi_return_1d,-0.009778565727174282
6,alpha,,fx_level_z_252,0.010847294703125954
7,beta,momentum,,-0.013287871144711971
7,beta,persist,,0.013399011455476284
7,beta,underwater,,0.013251088559627533
7,B,momentum,kospi_return_1d,-0.0008014860795810819
7,B,momentum,fx_level_z_252,0.012886558659374714
7,B,persist,kospi_return_1d,-0.0031434388365596533
7,B,persist,fx_level_z_252,-0.01118248887360096
7,B,underwater,kospi_return_1d,-0.005476212594658136
7,B,underwater,fx_level_z_252,-0.012179027311503887
7,alpha,,kospi_return_1d,-0.011151236481964588
7,alpha,,fx_level_z_252,0.012476352043449879
8,beta,momentum,,-0.015007412061095238
8,beta,persist,,0.015224121510982513
8,beta,underwater,,0.0149971479550004
8,B,momentum,kospi_return_1d,-0.0006482734461314976
8,B,momentum,fx_level_z_252,0.014280177652835846
8,B,persist,kospi_return_1d,-0.003353003179654479
8,B,persist,fx_level_z_252,-0.012390953488647938
8,B,underwater,kospi_return_1d,-0.005197656340897083
8,B,underwater,fx_level_z_252,-0.013449065387248993
8,alpha,,kospi_return_1d,-0.012405090034008026
8,alpha,,fx_level_z_252,0.01402970775961876
9,beta,momentum,,-0.016629301011562347
9,beta,persist,,0.017022253945469856
9,beta,underwater,,0.016691045835614204
9,B,momentum,kospi_return_1d,-0.00025676164659671485
9,B,momentum,fx_level_z_252,0.01551375724375248
9,B,persist,kospi_return_1d,-0.003654204308986664
9,B,persist,fx_level_z_252,-0.013496323488652706
9,B,underwater,kospi_return_1d,-0.00490747531875968
9,B,underwater,fx_level_z_252,-0.014666600152850151
9,alpha,,kospi_return_1d,-0.013565348461270332
9,alpha,,fx_level_z_252,0.015615864656865597
10,beta,momentum,,-0.018165670335292816
10,beta,persist,,0.018780436366796494
10,beta,underwater,,0.018312843516469002
10,B,momentum,kospi_return_1d,0.000318909646011889
10,B,momentum,fx_level_z_252,0.01651667058467865
10,B,persist,kospi_return_1d,-0.00422178627923131
10,B,persist,fx_level_z_252,-0.014276393689215183
10,B,underwater,kospi_return_1d,-0.004627882968634367
10,B,underwater,fx_level_z_252,-0.01565227471292019
10,alpha,,kospi_return_1d,-0.014595530927181244
10,alpha,,fx_level_z_252,0.01712844707071781
11,beta,momentum,,-0.01962275244295597
11,beta,persist,,0.02049894817173481
11,beta,underwater,,0.019861742854118347
11,B,momentum,kospi_return_1d,0.0008547119214199483
11,B,momentum,fx_level_z_252,0.017246844246983528
11,B,persist,kospi_return_1d,-0.00468306802213192
11,B,persist,fx_level_z_252,-0.014829304069280624
11,B,underwater,kospi_return_1d,-0.004276884254068136
11,B,underwater,fx_level_z_252,-0.016348710283637047
11,alpha,,kospi_return_1d,-0.015428456477820873
11,alpha,,fx_level_z_252,0.018604541197419167
12,beta,momentum,,-0.021022459492087364
12,beta,persist,,0.022158393636345863
12,beta,underwater,,0.021277926862239838
12,B,momentum,kospi_return_1d,0.001092977006919682
12,B,momentum,fx_level_z_252,0.017801737412810326
12,B,persist,kospi_return_1d,-0.0051235477440059185
12,B,persist,fx_level_z_252,-0.015070745721459389
12,B,underwater,kospi_return_1d,-0.0037569699343293905
12,B,underwater,fx_level_z_252,-0.01700090803205967
12,alpha,,kospi_return_1d,-0.016079843044281006
12,alpha,,fx_level_z_252,0.019995592534542084
13,beta,momentum,,-0.02235395647585392
13,beta,persist,,0.02376268431544304
13,beta,underwater,,0.022594287991523743
13,B,momentum,kospi_return_1d,0.001338048605248332
13,B,momentum,fx_level_z_252,0.018186740577220917
13,B,persist,kospi_return_1d,-0.005769695155322552
13,B,persist,fx_level_z_252,-0.015069476328790188
13,B,underwater,kospi_return_1d,-0.003282882971689105
13,B,underwater,fx_level_z_252,-0.017565427348017693
13,alpha,,kospi_return_1d,-0.01650969311594963
13,alpha,,fx_level_z_252,0.021356230601668358
14,beta,momentum,,-0.02360237017273903
14,beta,persist,,0.025317717343568802
14,beta,underwater,,0.02381255477666855
14,B,momentum,kospi_return_1d,0.0016296925023198128
14,B,momentum,fx_level_z_252,0.018376996740698814
14,B,persist,kospi_return_1d,-0.006524854805320501
14,B,persist,fx_level_z_252,-0.014807500876486301
14,B,underwater,kospi_return_1d,-0.0029344428330659866
14,B,underwater,fx_level_z_252,-0.017997946590185165
14,alpha,,kospi_return_1d,-0.01674204133450985
14,alpha,,fx_level_z_252,0.02263461984694004
15,beta,momentum,,-0.024778828024864197
15,beta,persist,,0.026799539104104042
15,beta,underwater,,0.02493179216980934
15,B,momentum,kospi_return_1d,0.0019175037741661072
15,B,momentum,fx_level_z_252,0.018420791253447533
15,B,persist,kospi_return_1d,-0.007059087976813316
15,B,persist,fx_level_z_252,-0.014270858839154243
15,B,underwater,kospi_return_1d,-0.002686907071620226
15,B,underwater,fx_level_z_252,-0.018229616805911064
15,alpha,,kospi_return_1d,-0.01665232516825199
15,alpha,,fx_level_z_252,0.02384803630411625
16,beta,momentum,,-0.025828346610069275
16,beta,persist,,0.028204534202814102
16,beta,underwater,,0.025909405201673508
16,B,momentum,kospi_return_1d,0.0022777491249144077
16,B,momentum,fx_level_z_252,0.018178680911660194
16,B,persist,kospi_return_1d,-0.007812433876097202
16,B,persist,fx_level_z_252,-0.013522799126803875
16,B,underwater,kospi_return_1d,-0.002523051807656884
16,B,underwater,fx_level_z_252,-0.01828967034816742
16,alpha,,kospi_return_1d,-0.016316533088684082
16,alpha,,fx_level_z_252,0.024948664009571075
17,beta,momentum,,-0.02681014873087406
17,beta,persist,,0.02958700992166996
17,beta,underwater,,0.026758646592497826
17,B,momentum,kospi_return_1d,0.0022117639891803265
17,B,momentum,fx_level_z_252,0.01783745549619198
17,B,persist,kospi_return_1d,-0.008547822013497353
17,B,persist,fx_level_z_252,-0.012757263146340847
17,B,underwater,kospi_return_1d,-0.002152129774913192
17,B,underwater,fx_level_z_252,-0.018299976363778114
17,alpha,,kospi_return_1d,-0.015829574316740036
17,alpha,,fx_level_z_252,0.025954322889447212
18,beta,momentum,,-0.027748212218284607
18,beta,persist,,0.030923480167984962
18,beta,underwater,,0.027549592778086662
18,B,momentum,kospi_return_1d,0.0020579183474183083
18,B,momentum,fx_level_z_252,0.01743556745350361
18,B,persist,kospi_return_1d,-0.009266170673072338
18,B,persist,fx_level_z_252,-0.01198616810142994
18,B,underwater,kospi_return_1d,-0.001742730149999261
18,B,underwater,fx_level_z_252,-0.018283676356077194
18,alpha,,kospi_return_1d,-0.015101926401257515
18,alpha,,fx_level_z_252,0.026941897347569466
19,beta,momentum,,-0.028602737933397293
19,beta,persist,,0.03218846395611763
19,beta,underwater,,0.028191737830638885
19,B,momentum,kospi_return_1d,0.0018643444636836648
19,B,momentum,fx_level_z_252,0.016850830987095833
19,B,persist,kospi_return_1d,-0.010048014111816883
19,B,persist,fx_level_z_252,-0.011078333482146263
19,B,underwater,kospi_return_1d,-0.0012843359727412462
19,B,underwater,fx_level_z_252,-0.018252655863761902
19,alpha,,kospi_return_1d,-0.014153163880109787
19,alpha,,fx_level_z_252,0.02769065834581852
20,beta,momentum,,-0.029408875852823257
20,beta,persist,,0.03342798352241516
20,beta,underwater,,0.02876581810414791
20,B,momentum,kospi_return_1d,0.0015101372264325619
20,B,momentum,fx_level_z_252,0.01627439446747303
20,B,persist,kospi_return_1d,-0.010618280619382858
20,B,persist,fx_level_z_252,-0.010111531242728233
20,B,underwater,kospi_return_1d,-0.0005003770347684622
20,B,underwater,fx_level_z_252,-0.018249070271849632
20,alpha,,kospi_return_1d,-0.013118382543325424
20,alpha,,fx_level_z_252,0.028308605775237083
21,beta,momentum,,-0.03013220615684986
21,beta,persist,,0.03465499356389046
21,beta,underwater,,0.02924277074635029
21,B,momentum,kospi_return_1d,0.0010372212855145335
21,B,momentum,fx_level_z_252,0.01570635475218296
21,B,persist,kospi_return_1d,-0.011099274270236492
21,B,persist,fx_level_z_252,-0.009244604967534542
21,B,underwater,kospi_return_1d,0.00042723139631561935
21,B,underwater,fx_level_z_252,-0.01839042454957962
21,alpha,,kospi_return_1d,-0.012015740387141705
21,alpha,,fx_level_z_252,0.028884639963507652
22,beta,momentum,,-0.03077062778174877
22,beta,persist,,0.035903822630643845
22,beta,underwater,,0.02964053675532341
22,B,momentum,kospi_return_1d,0.0006416693795472383
22,B,momentum,fx_level_z_252,0.01507717277854681
22,B,persist,kospi_return_1d,-0.01155747752636671
22,B,persist,fx_level_z_252,-0.008505652658641338
22,B,underwater,kospi_return_1d,0.001274513779208064
22,B,underwater,fx_level_z_252,-0.018629232421517372
22,alpha,,kospi_return_1d,-0.010907599702477455
22,alpha,,fx_level_z_252,0.0295037180185318
23,beta,momentum,,-0.03132903575897217
23,beta,persist,,0.037134431302547455
23,beta,underwater,,0.029933268204331398
23,B,momentum,kospi_return_1d,0.00022753119992557913
23,B,momentum,fx_level_z_252,0.014459976926445961
23,B,persist,kospi_return_1d,-0.011945902369916439
23,B,persist,fx_level_z_252,-0.007750838529318571
23,B,underwater,kospi_return_1d,0.002105951774865389
23,B,underwater,fx_level_z_252,-0.01904873736202717
23,alpha,,kospi_return_1d,-0.00978840421885252
23,alpha,,fx_level_z_252,0.029978619888424873
24,beta,momentum,,-0.03184595704078674
24,beta,persist,,0.0383516326546669
24,beta,underwater,,0.030110511928796768
24,B,momentum,kospi_return_1d,0.00010982157255057245
24,B,momentum,fx_level_z_252,0.013992062769830227
24,B,persist,kospi_return_1d,-0.01229361817240715
24,B,persist,fx_level_z_252,-0.007069013547152281
24,B,underwater,kospi_return_1d,0.00285571301355958
24,B,underwater,fx_level_z_252,-0.019624242559075356
24,alpha,,kospi_return_1d,-0.00867368746548891
24,alpha,,fx_level_z_252,0.030266713351011276
25,beta,momentum,,-0.032321251928806305
25,beta,persist,,0.03954340144991875
25,beta,underwater,,0.03023199923336506
25,B,momentum,kospi_return_1d,0.00011045736027881503
25,B,momentum,fx_level_z_252,0.013556746765971184
25,B,persist,kospi_return_1d,-0.012727892957627773
25,B,persist,fx_level_z_252,-0.006554957013577223
25,B,underwater,kospi_return_1d,0.0032919824589043856
25,B,underwater,fx_level_z_252,-0.02029111050069332
25,alpha,,kospi_return_1d,-0.007481043227016926
25,alpha,,fx_level_z_252,0.030531365424394608
26,beta,momentum,,-0.03264949843287468
26,beta,persist,,0.04068182036280632
26,beta,underwater,,0.030281420797109604
26,B,momentum,kospi_return_1d,0.00045698118628934026
26,B,momentum,fx_level_z_252,0.013021063059568405
26,B,persist,kospi_return_1d,-0.013165757060050964
26,B,persist,fx_level_z_252,-0.005922024603933096
26,B,underwater,kospi_return_1d,0.0035552300978451967
26,B,underwater,fx_level_z_252,-0.02103275991976261
26,alpha,,kospi_return_1d,-0.0062525589019060135
26,alpha,,fx_level_z_252,0.030686989426612854
27,beta,momentum,,-0.03285922482609749
27,beta,persist,,0.04174722731113434
27,beta,underwater,,0.030179044231772423
27,B,momentum,kospi_return_1d,0.0009559706086292863
27,B,momentum,fx_level_z_252,0.012439478188753128
27,B,persist,kospi_return_1d,-0.013797848485410213
27,B,persist,fx_level_z_252,-0.005272548645734787
27,B,underwater,kospi_return_1d,0.0035852573346346617
27,B,underwater,fx_level_z_252,-0.021898509934544563
27,alpha,,kospi_return_1d,-0.004929482936859131
27,alpha,,fx_level_z_252,0.030722474679350853
28,beta,momentum,,-0.03310127183794975
28,beta,persist,,0.04281510412693024
28,beta,underwater,,0.03008192777633667
28,B,momentum,kospi_return_1d,0.0014141603605821729
28,B,momentum,fx_level_z_252,0.011848770081996918
28,B,persist,kospi_return_1d,-0.014359116554260254
28,B,persist,fx_level_z_252,-0.0048135677352547646
28,B,underwater,kospi_return_1d,0.003476979909464717
28,B,underwater,fx_level_z_252,-0.0226751621812582
28,alpha,,kospi_return_1d,-0.003713690908625722
28,alpha,,fx_level_z_252,0.030819563195109367
29,beta,momentum,,-0.03336329013109207
29,beta,persist,,0.04388172924518585
29,beta,underwater,,0.029922228306531906
29,B,momentum,kospi_return_1d,0.0017330790869891644
29,B,momentum,fx_level_z_252,0.01131892204284668
29,B,persist,kospi_return_1d,-0.01481865718960762
29,B,persist,fx_level_z_252,-0.004425995517522097
29,B,underwater,kospi_return_1d,0.003401839639991522
29,B,underwater,fx_level_z_252,-0.023432657122612
29,alpha,,kospi_return_1d,-0.002594774356111884
29,alpha,,fx_level_z_252,0.030858958140015602
30,beta,momentum,,-0.033698610961437225
30,beta,persist,,0.044965971261262894
30,beta,underwater,,0.029814528301358223
30,B,momentum,kospi_return_1d,0.0019409438828006387
30,B,momentum,fx_level_z_252,0.010844314470887184
30,B,persist,kospi_return_1d,-0.015182004310190678
30,B,persist,fx_level_z_252,-0.004113356117159128
30,B,underwater,kospi_return_1d,0.003124493407085538
30,B,underwater,fx_level_z_252,-0.024117445573210716
30,alpha,,kospi_return_1d,-0.0015021228464320302
30,alpha,,fx_level_z_252,0.03093467839062214
31,beta,momentum,,-0.034047070890665054
31,beta,persist,,0.046059075742959976
31,beta,underwater,,0.029769325628876686
31,B,momentum,kospi_return_1d,0.0019897164311259985
31,B,momentum,fx_level_z_252,0.010353460907936096
31,B,persist,kospi_return_1d,-0.015302605926990509
31,B,persist,fx_level_z_252,-0.00374427018687129
31,B,underwater,kospi_return_1d,0.0028965778183192015
31,B,underwater,fx_level_z_252,-0.024677790701389313
31,alpha,,kospi_return_1d,-0.0003823176375590265
31,alpha,,fx_level_z_252,0.031090520322322845
32,beta,momentum,,-0.03437134623527527
32,beta,persist,,0.04714874178171158
32,beta,underwater,,0.029671577736735344
32,B,momentum,kospi_return_1d,0.0018747246358543634
32,B,momentum,fx_level_z_252,0.009861676953732967
32,B,persist,kospi_return_1d,-0.015366873703897
32,B,persist,fx_level_z_252,-0.0032588192261755466
32,B,underwater,kospi_return_1d,0.00280284252949059
32,B,underwater,fx_level_z_252,-0.02522570826113224
32,alpha,,kospi_return_1d,0.0006918241851963103
32,alpha,,fx_level_z_252,0.031243618577718735
33,beta,momentum,,-0.034627847373485565
33,beta,persist,,0.048244114965200424
33,beta,underwater,,0.029525497928261757
33,B,momentum,kospi_return_1d,0.002012565266340971
33,B,momentum,fx_level_z_252,0.009393190033733845
33,B,persist,kospi_return_1d,-0.01554116141051054
33,B,persist,fx_level_z_252,-0.0028159108478575945
33,B,underwater,kospi_return_1d,0.0026047516148537397
33,B,underwater,fx_level_z_252,-0.02580968663096428
33,alpha,,kospi_return_1d,0.001647795201279223
33,alpha,,fx_level_z_252,0.03129439800977707
34,beta,momentum,,-0.03486286848783493
34,beta,persist,,0.04934537410736084
34,beta,underwater,,0.029301362112164497
34,B,momentum,kospi_return_1d,0.001898048329167068
34,B,momentum,fx_level_z_252,0.0089905746281147
34,B,persist,kospi_return_1d,-0.015703480690717697
34,B,persist,fx_level_z_252,-0.002423836151137948
34,B,underwater,kospi_return_1d,0.0025471034459769726
34,B,underwater,fx_level_z_252,-0.02648008055984974
34,alpha,,kospi_return_1d,0.0024249092675745487
34,alpha,,fx_level_z_252,0.03133475035429001
35,beta,momentum,,-0.03510177880525589
35,beta,persist,,0.05044151842594147
35,beta,underwater,,0.029083671048283577
35,B,momentum,kospi_return_1d,0.001784849097020924
35,B,momentum,fx_level_z_252,0.008586832322180271
35,B,persist,kospi_return_1d,-0.015686798840761185
35,B,persist,fx_level_z_252,-0.002130597596988082
35,B,underwater,kospi_return_1d,0.002503215568140149
35,B,underwater,fx_level_z_252,-0.027156485244631767
35,alpha,,kospi_return_1d,0.0030745563562959433
35,alpha,,fx_level_z_252,0.03139886260032654
36,beta,momentum,,-0.03525303304195404
36,beta,persist,,0.05149432271718979
36,beta,underwater,,0.028770167380571365
36,B,momentum,kospi_return_1d,0.0016548380954191089
36,B,momentum,fx_level_z_252,0.008125441148877144
36,B,persist,kospi_return_1d,-0.01575850322842598
36,B,persist,fx_level_z_252,-0.001825258368626237
36,B,underwater,kospi_return_1d,0.0024611882399767637
36,B,underwater,fx_level_z_252,-0.02780858799815178
36,alpha,,kospi_return_1d,0.0036047855392098427
36,alpha,,fx_level_z_252,0.03134739771485329
37,beta,momentum,,-0.035377196967601776
37,beta,persist,,0.052523281425237656
37,beta,underwater,,0.028456993401050568
37,B,momentum,kospi_return_1d,0.0014325991505756974
37,B,momentum,fx_level_z_252,0.007613295689225197
37,B,persist,kospi_return_1d,-0.01588735170662403
37,B,persist,fx_level_z_252,-0.001469707814976573
37,B,underwater,kospi_return_1d,0.0023057102225720882
37,B,underwater,fx_level_z_252,-0.02841995656490326
37,alpha,,kospi_return_1d,0.003993229009211063
37,alpha,,fx_level_z_252,0.03126927465200424
38,beta,momentum,,-0.03543775528669357
38,beta,persist,,0.05349007248878479
38,beta,underwater,,0.028096280992031097
38,B,momentum,kospi_return_1d,0.0013812697725370526
38,B,momentum,fx_level_z_252,0.007006654515862465
38,B,persist,kospi_return_1d,-0.0161554217338562
38,B,persist,fx_level_z_252,-0.0011337497271597385
38,B,underwater,kospi_return_1d,0.0020190950017422438
38,B,underwater,fx_level_z_252,-0.028858009725809097
38,alpha,,kospi_return_1d,0.0044583166018128395
38,alpha,,fx_level_z_252,0.031063392758369446
39,beta,momentum,,-0.03553227335214615
39,beta,persist,,0.05445915833115578
39,beta,underwater,,0.027785463258624077
39,B,momentum,kospi_return_1d,0.0012404804583638906
39,B,momentum,fx_level_z_252,0.0064585148356854916
39,B,persist,kospi_return_1d,-0.01624072715640068
39,B,persist,fx_level_z_252,-0.0007411642000079155
39,B,underwater,kospi_return_1d,0.001816584262996912
39,B,underwater,fx_level_z_252,-0.02932116389274597
39,alpha,,kospi_return_1d,0.004847997333854437
39,alpha,,fx_level_z_252,0.030853355303406715
40,beta,momentum,,-0.03562386706471443
40,beta,persist,,0.05544837936758995
40,beta,underwater,,0.027505317702889442
40,B,momentum,kospi_return_1d,0.0010633755009621382
40,B,momentum,fx_level_z_252,0.00597161240875721
40,B,persist,kospi_return_1d,-0.01625857502222061
40,B,persist,fx_level_z_252,-0.0004322934546507895
40,B,underwater,kospi_return_1d,0.001600933144800365
40,B,underwater,fx_level_z_252,-0.029810605570673943
40,alpha,,kospi_return_1d,0.005265435203909874
40,alpha,,fx_level_z_252,0.030647870153188705
41,beta,momentum,,-0.03571946173906326
41,beta,persist,,0.05648156628012657
41,beta,underwater,,0.027242716401815414
41,B,momentum,kospi_return_1d,0.0008793206070549786
41,B,momentum,fx_level_z_252,0.005512421019375324
41,B,persist,kospi_return_1d,-0.016085516661405563
41,B,persist,fx_level_z_252,-0.00015196140157058835
41,B,underwater,kospi_return_1d,0.0014653460821136832
41,B,underwater,fx_level_z_252,-0.030223816633224487
41,alpha,,kospi_return_1d,0.005660171154886484
41,alpha,,fx_level_z_252,0.03048262931406498
42,beta,momentum,,-0.03579680621623993
42,beta,persist,,0.057504910975694656
42,beta,underwater,,0.02695605345070362
42,B,momentum,kospi_return_1d,0.000841279630549252
42,B,momentum,fx_level_z_252,0.005119627807289362
42,B,persist,kospi_return_1d,-0.01596064120531082
42,B,persist,fx_level_z_252,9.39905148698017e-05
42,B,underwater,kospi_return_1d,0.0014470504829660058
42,B,underwater,fx_level_z_252,-0.030682796612381935
42,alpha,,kospi_return_1d,0.00603891396895051
42,alpha,,fx_level_z_252,0.030388012528419495
43,beta,momentum,,-0.03577176108956337
43,beta,persist,,0.058482229709625244
43,beta,underwater,,0.0266574677079916
43,B,momentum,kospi_return_1d,0.0008492023916915059
43,B,momentum,fx_level_z_252,0.004607751965522766
43,B,persist,kospi_return_1d,-0.015909923240542412
43,B,persist,fx_level_z_252,0.0004896747414022684
43,B,underwater,kospi_return_1d,0.0013058400945737958
43,B,underwater,fx_level_z_252,-0.031020713970065117
43,alpha,,kospi_return_1d,0.006535951513797045
43,alpha,,fx_level_z_252,0.030348848551511765
44,beta,momentum,,-0.03570008650422096
44,beta,persist,,0.059447940438985825
44,beta,underwater,,0.026300588622689247
44,B,momentum,kospi_return_1d,0.0007982887327671051
44,B,momentum,fx_level_z_252,0.004195683635771275
44,B,persist,kospi_return_1d,-0.01580587588250637
44,B,persist,fx_level_z_252,0.0006683998508378863
44,B,underwater,kospi_return_1d,0.0013238503597676754
44,B,underwater,fx_level_z_252,-0.03149599954485893
44,alpha,,kospi_return_1d,0.007066831458359957
44,alpha,,fx_level_z_252,0.03033139742910862
45,beta,momentum,,-0.035706330090761185
45,beta,persist,,0.060399387031793594
45,beta,underwater,,0.025966336950659752
45,B,momentum,kospi_return_1d,0.0005781552754342556
45,B,momentum,fx_level_z_252,0.0038444148376584053
45,B,persist,kospi_return_1d,-0.015821613371372223
45,B,persist,fx_level_z_252,0.0007596910581924021
45,B,underwater,kospi_return_1d,0.0011689718812704086
45,B,underwater,fx_level_z_252,-0.031903114169836044
45,alpha,,kospi_return_1d,0.007552761118859053
45,alpha,,fx_level_z_252,0.030295196920633316
46,beta,momentum,,-0.03572961688041687
46,beta,persist,,0.06137080863118172
46,beta,underwater,,0.025694340467453003
46,B,momentum,kospi_return_1d,0.0004069975111633539
46,B,momentum,fx_level_z_252,0.003430764190852642
46,B,persist,kospi_return_1d,-0.015798622742295265
46,B,persist,fx_level_z_252,0.0007057263283059001
46,B,underwater,kospi_return_1d,0.0008048770832829177
46,B,underwater,fx_level_z_252,-0.03218957409262657
46,alpha,,kospi_return_1d,0.007977812550961971
46,alpha,,fx_level_z_252,0.030331868678331375
47,beta,momentum,,-0.035769540816545486
47,beta,persist,,0.062334708869457245
47,beta,underwater,,0.02550777979195118
47,B,momentum,kospi_return_1d,0.00020396753097884357
47,B,momentum,fx_level_z_252,0.002837676089257002
47,B,persist,kospi_return_1d,-0.015697091817855835
47,B,persist,fx_level_z_252,0.0005888334126211703
47,B,underwater,kospi_return_1d,0.0006030830554664135
47,B,underwater,fx_level_z_252,-0.0323830284178257
47,alpha,,kospi_return_1d,0.008419766090810299
47,alpha,,fx_level_z_252,0.030408984050154686
48,beta,momentum,,-0.035768620669841766
48,beta,persist,,0.06324386596679688
48,beta,underwater,,0.025287050753831863
48,B,momentum,kospi_return_1d,7.0903857704252e-05
48,B,momentum,fx_level_z_252,0.002241354202851653
48,B,persist,kospi_return_1d,-0.015703976154327393
48,B,persist,fx_level_z_252,0.0004558160435408354
48,B,underwater,kospi_return_1d,0.00041973532643169165
48,B,underwater,fx_level_z_252,-0.03263571858406067
48,alpha,,kospi_return_1d,0.00887251365929842
48,alpha,,fx_level_z_252,0.030453693121671677
49,beta,momentum,,-0.03573381528258324
49,beta,persist,,0.06412103772163391
49,beta,underwater,,0.024979591369628906
49,B,momentum,kospi_return_1d,-1.3100358046358451e-05
49,B,momentum,fx_level_z_252,0.001541456556878984
49,B,persist,kospi_return_1d,-0.015848426148295403
49,B,persist,fx_level_z_252,0.0001927920093294233
49,B,underwater,kospi_return_1d,0.00021795433713123202
49,B,underwater,fx_level_z_252,-0.0328102745115757
49,alpha,,kospi_return_1d,0.009267490357160568
49,alpha,,fx_level_z_252,0.03046964667737484
50,beta,momentum,,-0.03573751449584961
50,beta,persist,,0.06502260267734528
50,beta,underwater,,0.024737494066357613
50,B,momentum,kospi_return_1d,0.00017968949396163225
50,B,momentum,fx_level_z_252,0.0008072923519648612
50,B,persist,kospi_return_1d,-0.01604883000254631
50,B,persist,fx_level_z_252,-0.00019739339768420905
50,B,underwater,kospi_return_1d,-1.5398734831251204e-05
50,B,underwater,fx_level_z_252,-0.032914675772190094
50,alpha,,kospi_return_1d,0.00967091042548418
50,alpha,,fx_level_z_252,0.030513817444443703
51,beta,momentum,,-0.03576977178454399
51,beta,persist,,0.06591179966926575
51,beta,underwater,,0.02454538829624653
51,B,momentum,kospi_return_1d,0.00039132212987169623
51,B,momentum,fx_level_z_252,0.00011946039739996195
51,B,persist,kospi_return_1d,-0.01642954908311367
51,B,persist,fx_level_z_252,-0.00047005590749904513
51,B,underwater,kospi_return_1d,-0.00017449121514800936
51,B,underwater,fx_level_z_252,-0.03285258635878563
51,alpha,,kospi_return_1d,0.010108932852745056
51,alpha,,fx_level_z_252,0.030539745464920998
52,beta,momentum,,-0.035813216120004654
52,beta,persist,,0.06680598855018616
52,beta,underwater,,0.024363670498132706
52,B,momentum,kospi_return_1d,0.0005791537696495652
52,B,momentum,fx_level_z_252,-0.0004428222600836307
52,B,persist,kospi_return_1d,-0.0167122520506382
52,B,persist,fx_level_z_252,-0.0006585470400750637
52,B,underwater,kospi_return_1d,-0.0002637189463712275
52,B,underwater,fx_level_z_252,-0.03288640081882477
52,alpha,,kospi_return_1d,0.010422937572002411
52,alpha,,fx_level_z_252,0.030604055151343346
53,beta,momentum,,-0.03584637865424156
53,beta,persist,,0.06764742732048035
53,beta,underwater,,0.024121591821312904
53,B,momentum,kospi_return_1d,0.0007086507976055145
53,B,momentum,fx_level_z_252,-0.0009098706650547683
53,B,persist,kospi_return_1d,-0.016941724345088005
53,B,persist,fx_level_z_252,-0.0006364174769259989
53,B,underwater,kospi_return_1d,-0.00018387235468253493
53,B,underwater,fx_level_z_252,-0.03272763639688492
53,alpha,,kospi_return_1d,0.010729947127401829
53,alpha,,fx_level_z_252,0.030530733987689018
54,beta,momentum,,-0.035833291709423065
54,beta,persist,,0.06850962340831757
54,beta,underwater,,0.023838631808757782
54,B,momentum,kospi_return_1d,0.0007114932523109019
54,B,momentum,fx_level_z_252,-0.0011990861967206001
54,B,persist,kospi_return_1d,-0.017114808782935143
54,B,persist,fx_level_z_252,-0.0007150057354010642
54,B,underwater,kospi_return_1d,8.305819937959313e-05
54,B,underwater,fx_level_z_252,-0.03255735710263252
54,alpha,,kospi_return_1d,0.010913963429629803
54,alpha,,fx_level_z_252,0.030375100672245026
55,beta,momentum,,-0.03589832782745361
55,beta,persist,,0.06936309486627579
55,beta,underwater,,0.023603029549121857
55,B,momentum,kospi_return_1d,0.000519699533469975
55,B,momentum,fx_level_z_252,-0.0012640419881790876
55,B,persist,kospi_return_1d,-0.017093565315008163
55,B,persist,fx_level_z_252,-0.0008522510761395097
55,B,underwater,kospi_return_1d,0.00047118926886469126
55,B,underwater,fx_level_z_252,-0.03249746933579445
55,alpha,,kospi_return_1d,0.011159146204590797
55,alpha,,fx_level_z_252,0.030263150110840797
56,beta,momentum,,-0.036083120852708817
56,beta,persist,,0.07022037357091904
56,beta,underwater,,0.023485315963625908
56,B,momentum,kospi_return_1d,0.00023301057808566839
56,B,momentum,fx_level_z_252,-0.0010906616225838661
56,B,persist,kospi_return_1d,-0.016971582546830177
56,B,persist,fx_level_z_252,-0.0010476489551365376
56,B,underwater,kospi_return_1d,0.000754506210796535
56,B,underwater,fx_level_z_252,-0.03249093517661095
56,alpha,,kospi_return_1d,0.011456781066954136
56,alpha,,fx_level_z_252,0.03025837242603302
57,beta,momentum,,-0.03622107580304146
57,beta,persist,,0.07106596231460571
57,beta,underwater,,0.02329414151608944
57,B,momentum,kospi_return_1d,3.741259570233524e-05
57,B,momentum,fx_level_z_252,-0.0008457302465103567
57,B,persist,kospi_return_1d,-0.01686299405992031
57,B,persist,fx_level_z_252,-0.0011370762949809432
57,B,underwater,kospi_return_1d,0.0009068453218787909
57,B,underwater,fx_level_z_252,-0.032518912106752396
57,alpha,,kospi_return_1d,0.011757902801036835
57,alpha,,fx_level_z_252,0.030213098973035812
58,beta,momentum,,-0.03635457903146744
58,beta,persist,,0.07189346849918365
58,beta,underwater,,0.023067019879817963
58,B,momentum,kospi_return_1d,-0.00020814183517359197
58,B,momentum,fx_level_z_252,-0.0006601198110729456
58,B,persist,kospi_return_1d,-0.016750147566199303
58,B,persist,fx_level_z_252,-0.00117991934530437
58,B,underwater,kospi_return_1d,0.0010433080606162548
58,B,underwater,fx_level_z_252,-0.03254079446196556
58,alpha,,kospi_return_1d,0.012101046741008759
58,alpha,,fx_level_z_252,0.030117211863398552
59,beta,momentum,,-0.03659344092011452
59,beta,persist,,0.07274449616670609
59,beta,underwater,,0.022945325821638107
59,B,momentum,kospi_return_1d,-0.00031508784741163254
59,B,momentum,fx_level_z_252,-0.00043467135401442647
59,B,persist,kospi_return_1d,-0.01659005880355835
59,B,persist,fx_level_z_252,-0.0013207641895860434
59,B,underwater,kospi_return_1d,0.0009834998054429889
59,B,underwater,fx_level_z_252,-0.032469380646944046
59,alpha,,kospi_return_1d,0.012497049756348133
59,alpha,,fx_level_z_252,0.030171236023306847
60,beta,momentum,,-0.036836545914411545
60,beta,persist,,0.07353395223617554
60,beta,underwater,,0.02283908799290657
60,B,momentum,kospi_return_1d,-0.00029149226611480117
60,B,momentum,fx_level_z_252,-8.762557990849018e-05
60,B,persist,kospi_return_1d,-0.01641928404569626
60,B,persist,fx_level_z_252,-0.0014180062571540475
60,B,underwater,kospi_return_1d,0.0008209241786971688
60,B,underwater,fx_level_z_252,-0.03243207186460495
60,alpha,,kospi_return_1d,0.012902839109301567
60,alpha,,fx_level_z_252,0.030211549252271652
61,beta,momentum,,-0.037042036652565
61,beta,persist,,0.0742802768945694
61,beta,underwater,,0.022737011313438416
61,B,momentum,kospi_return_1d,-0.0002786148397717625
61,B,momentum,fx_level_z_252,0.00023976223019417375
61,B,persist,kospi_return_1d,-0.016062282025814056
61,B,persist,fx_level_z_252,-0.001465342240408063
61,B,underwater,kospi_return_1d,0.0008434067131020129
61,B,underwater,fx_level_z_252,-0.03249901160597801
61,alpha,,kospi_return_1d,0.013308824971318245
61,alpha,,fx_level_z_252,0.03018154390156269
62,beta,momentum,,-0.03710343688726425
62,beta,persist,,0.07498257607221603
62,beta,underwater,,0.022448105737566948
62,B,momentum,kospi_return_1d,-0.00016149799921549857
62,B,momentum,fx_level_z_252,0.0003904817276634276
62,B,persist,kospi_return_1d,-0.01580849662423134
62,B,persist,fx_level_z_252,-0.0014103217981755733
62,B,underwater,kospi_return_1d,0.0007851721020415425
62,B,underwater,fx_level_z_252,-0.03271189332008362
62,alpha,,kospi_return_1d,0.013808239251375198
62,alpha,,fx_level_z_252,0.03016412816941738
63,beta,momentum,,-0.037054020911455154
63,beta,persist,,0.0756363496184349
63,beta,underwater,,0.02211904339492321
63,B,momentum,kospi_return_1d,5.086571036372334e-05
63,B,momentum,fx_level_z_252,0.0003139705222565681
63,B,persist,kospi_return_1d,-0.015527931973338127
63,B,persist,fx_level_z_252,-0.001264709746465087
63,B,underwater,kospi_return_1d,0.0006360251572914422
63,B,underwater,fx_level_z_252,-0.032968394458293915
63,alpha,,kospi_return_1d,0.014295625500380993
63,alpha,,fx_level_z_252,0.030004305765032768
64,beta,momentum,,-0.036975033581256866
64,beta,persist,,0.07626092433929443
64,beta,underwater,,0.021796878427267075
64,B,momentum,kospi_return_1d,0.0003192931762896478
64,B,momentum,fx_level_z_252,0.00010936322360066697
64,B,persist,kospi_return_1d,-0.015382645651698112
64,B,persist,fx_level_z_252,-0.0009293603943660855
64,B,underwater,kospi_return_1d,0.0003877575509250164
64,B,underwater,fx_level_z_252,-0.033161330968141556
64,alpha,,kospi_return_1d,0.014867225661873817
64,alpha,,fx_level_z_252,0.029677025973796844
65,beta,momentum,,-0.03692023828625679
65,beta,persist,,0.07686881721019745
65,beta,underwater,,0.021558085456490517
65,B,momentum,kospi_return_1d,0.0007012241403572261
65,B,momentum,fx_level_z_252,-0.00011526299203978851
65,B,persist,kospi_return_1d,-0.015465726144611835
65,B,persist,fx_level_z_252,-0.0005075250519439578
65,B,underwater,kospi_return_1d,2.3589785996591672e-05
65,B,underwater,fx_level_z_252,-0.03328542411327362
65,alpha,,kospi_return_1d,0.015494396910071373
65,alpha,,fx_level_z_252,0.02944508194923401
66,beta,momentum,,-0.036861851811409
66,beta,persist,,0.07744815945625305
66,beta,underwater,,0.02124338038265705
66,B,momentum,kospi_return_1d,0.0009698313660919666
66,B,momentum,fx_level_z_252,-0.00028668742743320763
66,B,persist,kospi_return_1d,-0.015533833764493465
66,B,persist,fx_level_z_252,-9.261511149816215e-05
66,B,underwater,kospi_return_1d,-0.0001385154901072383
66,B,underwater,fx_level_z_252,-0.033418573439121246
66,alpha,,kospi_return_1d,0.01611172780394554
66,alpha,,fx_level_z_252,0.029119862243533134
67,beta,momentum,,-0.03683602437376976
67,beta,persist,,0.07803427428007126
67,beta,underwater,,0.020923666656017303
67,B,momentum,kospi_return_1d,0.001324847456999123
67,B,momentum,fx_level_z_252,-0.00045651893015019596
67,B,persist,kospi_return_1d,-0.015803838148713112
67,B,persist,fx_level_z_252,0.00031558293267153203
67,B,underwater,kospi_return_1d,-0.00029945882852189243
67,B,underwater,fx_level_z_252,-0.03349441662430763
67,alpha,,kospi_return_1d,0.01658582128584385
67,alpha,,fx_level_z_252,0.028811348602175713
68,beta,momentum,,-0.0369282029569149
68,beta,persist,,0.0786348432302475
68,beta,underwater,,0.020793557167053223
68,B,momentum,kospi_return_1d,0.0016022357158362865
68,B,momentum,fx_level_z_252,-0.0004802111943718046
68,B,persist,kospi_return_1d,-0.01607024483382702
68,B,persist,fx_level_z_252,0.0005835386691614985
68,B,underwater,kospi_return_1d,-0.0005674117710441351
68,B,underwater,fx_level_z_252,-0.033473409712314606
68,alpha,,kospi_return_1d,0.017052892595529556
68,alpha,,fx_level_z_252,0.028687790036201477
69,beta,momentum,,-0.03693035989999771
69,beta,persist,,0.07918187230825424
69,beta,underwater,,0.0205485001206398
69,B,momentum,kospi_return_1d,0.001680222456343472
69,B,momentum,fx_level_z_252,-0.0004465675156097859
69,B,persist,kospi_return_1d,-0.016207711771130562
69,B,persist,fx_level_z_252,0.0007635264191776514
69,B,underwater,kospi_return_1d,-0.0005067617166787386
69,B,underwater,fx_level_z_252,-0.03356905281543732
69,alpha,,kospi_return_1d,0.017685439437627792
69,alpha,,fx_level_z_252,0.028545044362545013
70,beta,momentum,,-0.036995287984609604
70,beta,persist,,0.07976213097572327
70,beta,underwater,,0.020428230985999107
70,B,momentum,kospi_return_1d,0.0016735494136810303
70,B,momentum,fx_level_z_252,-0.00043821806320920587
70,B,persist,kospi_return_1d,-0.016430219635367393
70,B,persist,fx_level_z_252,0.0009637377806939185
70,B,underwater,kospi_return_1d,-0.0005515640950761735
70,B,underwater,fx_level_z_252,-0.03340953588485718
70,alpha,,kospi_return_1d,0.018170977011322975
70,alpha,,fx_level_z_252,0.028444873169064522
71,beta,momentum,,-0.03716224431991577
71,beta,persist,,0.08040294051170349
71,beta,underwater,,0.02039889618754387
71,B,momentum,kospi_return_1d,0.0015735868364572525
71,B,momentum,fx_level_z_252,-0.00034463609335944057
71,B,persist,kospi_return_1d,-0.01661231368780136
71,B,persist,fx_level_z_252,0.0009976300643756986
71,B,underwater,kospi_return_1d,-0.0005262729828245938
71,B,underwater,fx_level_z_252,-0.03316383436322212
71,alpha,,kospi_return_1d,0.018511967733502388
71,alpha,,fx_level_z_252,0.028432678431272507
72,beta,momentum,,-0.037246719002723694
72,beta,persist,,0.08103466033935547
72,beta,underwater,,0.02032937854528427
72,B,momentum,kospi_return_1d,0.0013864642241969705
72,B,momentum,fx_level_z_252,-0.0003127064264845103
72,B,persist,kospi_return_1d,-0.01664356142282486
72,B,persist,fx_level_z_252,0.0008308661635965109
72,B,underwater,kospi_return_1d,-0.00044918348430655897
72,B,underwater,fx_level_z_252,-0.032887618988752365
72,alpha,,kospi_return_1d,0.018883995711803436
72,alpha,,fx_level_z_252,0.028403697535395622
73,beta,momentum,,-0.0372634120285511
73,beta,persist,,0.08162254095077515
73,beta,underwater,,0.020215649157762527
73,B,momentum,kospi_return_1d,0.0013021711492910981
73,B,momentum,fx_level_z_252,-0.00028931297129020095
73,B,persist,kospi_return_1d,-0.016868723556399345
73,B,persist,fx_level_z_252,0.0006296460051089525
73,B,underwater,kospi_return_1d,-0.00025969548732973635
73,B,underwater,fx_level_z_252,-0.03266650438308716
73,alpha,,kospi_return_1d,0.01927279867231846
73,alpha,,fx_level_z_252,0.028396708890795708
74,beta,momentum,,-0.03723719343543053
74,beta,persist,,0.08221912384033203
74,beta,underwater,,0.020124215632677078
74,B,momentum,kospi_return_1d,0.001407224452123046
74,B,momentum,fx_level_z_252,-0.00013733666855841875
74,B,persist,kospi_return_1d,-0.017140917479991913
74,B,persist,fx_level_z_252,0.0003272122412454337
74,B,underwater,kospi_return_1d,-0.00018993127741850913
74,B,underwater,fx_level_z_252,-0.03249071165919304
74,alpha,,kospi_return_1d,0.01956051215529442
74,alpha,,fx_level_z_252,0.028378089889883995
75,beta,momentum,,-0.03722069412469864
75,beta,persist,,0.08282925933599472
75,beta,underwater,,0.0201348215341568
75,B,momentum,kospi_return_1d,0.0016477510798722506
75,B,momentum,fx_level_z_252,-2.2954453015699983e-05
75,B,persist,kospi_return_1d,-0.01731163263320923
75,B,persist,fx_level_z_252,-5.554540257435292e-05
75,B,underwater,kospi_return_1d,-0.0001821558689698577
75,B,underwater,fx_level_z_252,-0.03219328075647354
75,alpha,,kospi_return_1d,0.019836315885186195
75,alpha,,fx_level_z_252,0.028502725064754486
76,beta,momentum,,-0.0371830016374588
76,beta,persist,,0.0834621861577034
76,beta,underwater,,0.020125016570091248
76,B,momentum,kospi_return_1d,0.0018121825996786356
76,B,momentum,fx_level_z_252,0.00011456329229986295
76,B,persist,kospi_return_1d,-0.01731657050549984
76,B,persist,fx_level_z_252,-0.00048442307161167264
76,B,underwater,kospi_return_1d,-7.691358041483909e-05
76,B,underwater,fx_level_z_252,-0.032105669379234314
76,alpha,,kospi_return_1d,0.020036840811371803
76,alpha,,fx_level_z_252,0.02864866517484188
77,beta,momentum,,-0.03717627376317978
77,beta,persist,,0.08408767729997635
77,beta,underwater,,0.02008126862347126
77,B,momentum,kospi_return_1d,0.0019861108157783747
77,B,momentum,fx_level_z_252,3.238974022679031e-05
77,B,persist,kospi_return_1d,-0.01719130016863346
77,B,persist,fx_level_z_252,-0.000784567033406347
77,B,underwater,kospi_return_1d,6.1028731579426676e-05
77,B,underwater,fx_level_z_252,-0.032029662281274796
77,alpha,,kospi_return_1d,0.020300541073083878
77,alpha,,fx_level_z_252,0.02883446402847767
78,beta,momentum,,-0.03711293637752533
78,beta,persist,,0.08467154204845428
78,beta,underwater,,0.02000105381011963
78,B,momentum,kospi_return_1d,0.0020527164451777935
78,B,momentum,fx_level_z_252,-0.00021256471518427134
78,B,persist,kospi_return_1d,-0.017135154455900192
78,B,persist,fx_level_z_252,-0.0008911670884117484
78,B,underwater,kospi_return_1d,6.936598219908774e-05
78,B,underwater,fx_level_z_252,-0.03186463937163353
78,alpha,,kospi_return_1d,0.0205878634005785
78,alpha,,fx_level_z_252,0.029020899906754494
79,beta,momentum,,-0.03704989701509476
79,beta,persist,,0.08526469022035599
79,beta,underwater,,0.019896550104022026
79,B,momentum,kospi_return_1d,0.0021849286276847124
79,B,momentum,fx_level_z_252,-0.0004065026587340981
79,B,persist,kospi_return_1d,-0.01720072701573372
79,B,persist,fx_level_z_252,-0.0007967064157128334
79,B,underwater,kospi_return_1d,3.4907934605143964e-05
79,B,underwater,fx_level_z_252,-0.031662795692682266
79,alpha,,kospi_return_1d,0.02077116072177887
79,alpha,,fx_level_z_252,0.02922746166586876
80,beta,momentum,,-0.03689463809132576
80,beta,persist,,0.08581434190273285
80,beta,underwater,,0.019687630236148834
80,B,momentum,kospi_return_1d,0.00247295037843287
80,B,momentum,fx_level_z_252,-0.0004577572690322995
80,B,persist,kospi_return_1d,-0.017238980159163475
80,B,persist,fx_level_z_252,-0.0006761835538782179
80,B,underwater,kospi_return_1d,-0.0001830162073019892
80,B,underwater,fx_level_z_252,-0.03156011179089546
80,alpha,,kospi_return_1d,0.020984522998332977
80,alpha,,fx_level_z_252,0.029348935931921005
81,beta,momentum,,-0.0366707518696785
81,beta,persist,,0.08632121980190277
81,beta,underwater,,0.01945543847978115
81,B,momentum,kospi_return_1d,0.002805941039696336
81,B,momentum,fx_level_z_252,-0.0005141610163263977
81,B,persist,kospi_return_1d,-0.017317157238721848
81,B,persist,fx_level_z_252,-0.0005018638330511749
81,B,underwater,kospi_return_1d,-0.00016431752010248601
81,B,underwater,fx_level_z_252,-0.03143340349197388
81,alpha,,kospi_return_1d,0.02120707556605339
81,alpha,,fx_level_z_252,0.029298128560185432
82,beta,momentum,,-0.036458566784858704
82,beta,persist,,0.08677936345338821
82,beta,underwater,,0.019184285774827003
82,B,momentum,kospi_return_1d,0.002945400308817625
82,B,momentum,fx_level_z_252,-0.0003932566032744944
82,B,persist,kospi_return_1d,-0.017364492639899254
82,B,persist,fx_level_z_252,-0.0003820346319116652
82,B,underwater,kospi_return_1d,3.5423654480837286e-06
82,B,underwater,fx_level_z_252,-0.03135925531387329
82,alpha,,kospi_return_1d,0.021451298147439957
82,alpha,,fx_level_z_252,0.02916155569255352
83,beta,momentum,,-0.03629719465970993
83,beta,persist,,0.08728302270174026
83,beta,underwater,,0.01894405297935009
83,B,momentum,kospi_return_1d,0.003018277697265148
83,B,momentum,fx_level_z_252,-0.00026346780941821635
83,B,persist,kospi_return_1d,-0.0174108874052763
83,B,persist,fx_level_z_252,-0.00022749278286937624
83,B,underwater,kospi_return_1d,4.033063305541873e-06
83,B,underwater,fx_level_z_252,-0.03115561045706272
83,alpha,,kospi_return_1d,0.021657219156622887
83,alpha,,fx_level_z_252,0.028979096561670303
84,beta,momentum,,-0.03619373217225075
84,beta,persist,,0.08778631687164307
84,beta,underwater,,0.018780020996928215
84,B,momentum,kospi_return_1d,0.0030243692453950644
84,B,momentum,fx_level_z_252,-0.00016184522246476263
84,B,persist,kospi_return_1d,-0.017627984285354614
84,B,persist,fx_level_z_252,-1.2472228263504803e-05
84,B,underwater,kospi_return_1d,-0.00022773619275540113
84,B,underwater,fx_level_z_252,-0.03091166913509369
84,alpha,,kospi_return_1d,0.021861718967556953
84,alpha,,fx_level_z_252,0.02875087969005108
85,beta,momentum,,-0.03612416982650757
85,beta,persist,,0.0882309079170227
85,beta,underwater,,0.018572835251688957
85,B,momentum,kospi_return_1d,0.002828820375725627
85,B,momentum,fx_level_z_252,-7.158859079936519e-05
85,B,persist,kospi_return_1d,-0.0178219061344862
85,B,persist,fx_level_z_252,0.0003586728125810623
85,B,underwater,kospi_return_1d,-0.0002754769229795784
85,B,underwater,fx_level_z_252,-0.030765431001782417
85,alpha,,kospi_return_1d,0.022231515496969223
85,alpha,,fx_level_z_252,0.028583949431777
86,beta,momentum,,-0.036109112203121185
86,beta,persist,,0.0887032300233841
86,beta,underwater,,0.018398087471723557
86,B,momentum,kospi_return_1d,0.0025747704785317183
86,B,momentum,fx_level_z_252,2.5042594643309712e-05
86,B,persist,kospi_return_1d,-0.0178532674908638
86,B,persist,fx_level_z_252,0.0004813798004761338
86,B,underwater,kospi_return_1d,-0.00013663043500855565
86,B,underwater,fx_level_z_252,-0.030677737668156624
86,alpha,,kospi_return_1d,0.022761685773730278
86,alpha,,fx_level_z_252,0.02857225015759468
87,beta,momentum,,-0.03598179668188095
87,beta,persist,,0.08911658823490143
87,beta,underwater,,0.018125511705875397
87,B,momentum,kospi_return_1d,0.002517895307391882
87,B,momentum,fx_level_z_252,5.74853147554677e-05
87,B,persist,kospi_return_1d,-0.01794494315981865
87,B,persist,fx_level_z_252,0.0005374990869313478
87,B,underwater,kospi_return_1d,0.00013150542508810759
87,B,underwater,fx_level_z_252,-0.03082670457661152
87,alpha,,kospi_return_1d,0.02330937050282955
87,alpha,,fx_level_z_252,0.02851356752216816
88,beta,momentum,,-0.035881977528333664
88,beta,persist,,0.0894712284207344
88,beta,underwater,,0.017915772274136543
88,B,momentum,kospi_return_1d,0.002593019511550665
88,B,momentum,fx_level_z_252,2.1087807908770628e-05
88,B,persist,kospi_return_1d,-0.018061529844999313
88,B,persist,fx_level_z_252,0.0005292180576361716
88,B,underwater,kospi_return_1d,0.00013659175601787865
88,B,underwater,fx_level_z_252,-0.031017828732728958
88,alpha,,kospi_return_1d,0.023903971537947655
88,alpha,,fx_level_z_252,0.028458595275878906
89,beta,momentum,,-0.03586618974804878
89,beta,persist,,0.089823879301548
89,beta,underwater,,0.01776944287121296
89,B,momentum,kospi_return_1d,0.0025631629396229982
89,B,momentum,fx_level_z_252,-4.9020636652130634e-05
89,B,persist,kospi_return_1d,-0.01817801408469677
89,B,persist,fx_level_z_252,0.00039099808782339096
89,B,underwater,kospi_return_1d,-6.422233855118975e-05
89,B,underwater,fx_level_z_252,-0.031125592067837715
89,alpha,,kospi_return_1d,0.024378761649131775
89,alpha,,fx_level_z_252,0.028466273099184036
90,beta,momentum,,-0.03580118715763092
90,beta,persist,,0.09018073230981827
90,beta,underwater,,0.01760568656027317
90,B,momentum,kospi_return_1d,0.0023964017163962126
90,B,momentum,fx_level_z_252,-2.6152782083954662e-05
90,B,persist,kospi_return_1d,-0.01826123334467411
90,B,persist,fx_level_z_252,0.0003815406817011535
90,B,underwater,kospi_return_1d,-0.00019227215670980513
90,B,underwater,fx_level_z_252,-0.03125258907675743
90,alpha,,kospi_return_1d,0.02485572174191475
90,alpha,,fx_level_z_252,0.028594350442290306
91,beta,momentum,,-0.03568721562623978
91,beta,persist,,0.09055530279874802
91,beta,underwater,,0.01753094233572483
91,B,momentum,kospi_return_1d,0.002285062102600932
91,B,momentum,fx_level_z_252,-8.068345778156072e-06
91,B,persist,kospi_return_1d,-0.018052101135253906
91,B,persist,fx_level_z_252,0.00024001786368899047
91,B,underwater,kospi_return_1d,-0.00010012152779381722
91,B,underwater,fx_level_z_252,-0.03132130578160286
91,alpha,,kospi_return_1d,0.025217872112989426
91,alpha,,fx_level_z_252,0.02880040742456913
92,beta,momentum,,-0.035673633217811584
92,beta,persist,,0.09097201377153397
92,beta,underwater,,0.017506230622529984
92,B,momentum,kospi_return_1d,0.002095978707075119
92,B,momentum,fx_level_z_252,7.659662514925003e-05
92,B,persist,kospi_return_1d,-0.017856091260910034
92,B,persist,fx_level_z_252,-1.2307194992899895e-05
92,B,underwater,kospi_return_1d,4.697358963312581e-05
92,B,underwater,fx_level_z_252,-0.03120199777185917
92,alpha,,kospi_return_1d,0.025619754567742348
92,alpha,,fx_level_z_252,0.02895032986998558
93,beta,momentum,,-0.03566015884280205
93,beta,persist,,0.0913643166422844
93,beta,underwater,,0.01747555285692215
93,B,momentum,kospi_return_1d,0.0020794200245290995
93,B,momentum,fx_level_z_252,0.00010466018284205347
93,B,persist,kospi_return_1d,-0.017774414271116257
93,B,persist,fx_level_z_252,-0.00021953332179691643
93,B,underwater,kospi_return_1d,8.308741234941408e-05
93,B,underwater,fx_level_z_252,-0.031141091138124466
93,alpha,,kospi_return_1d,0.02594025433063507
93,alpha,,fx_level_z_252,0.029087472707033157
94,beta,momentum,,-0.03571813926100731
94,beta,persist,,0.09177867323160172
94,beta,underwater,,0.017472760751843452
94,B,momentum,kospi_return_1d,0.001987914554774761
94,B,momentum,fx_level_z_252,5.82438224228099e-05
94,B,persist,kospi_return_1d,-0.01781471259891987
94,B,persist,fx_level_z_252,-0.0003653197782114148
94,B,underwater,kospi_return_1d,-1.557596624479629e-05
94,B,underwater,fx_level_z_252,-0.031007520854473114
94,alpha,,kospi_return_1d,0.02608286775648594
94,alpha,,fx_level_z_252,0.029188523069024086
95,beta,momentum,,-0.03578608110547066
95,beta,persist,,0.09220963716506958
95,beta,underwater,,0.017504842951893806
95,B,momentum,kospi_return_1d,0.0017973266076296568
95,B,momentum,fx_level_z_252,-0.0001684898161329329
95,B,persist,kospi_return_1d,-0.01785687543451786
95,B,persist,fx_level_z_252,-0.0003588506951928139
95,B,underwater,kospi_return_1d,1.869275001809001e-05
95,B,underwater,fx_level_z_252,-0.030863594263792038
95,alpha,,kospi_return_1d,0.026181383058428764
95,alpha,,fx_level_z_252,0.029215408489108086
96,beta,momentum,,-0.03590282052755356
96,beta,persist,,0.0926593765616417
96,beta,underwater,,0.017445137724280357
96,B,momentum,kospi_return_1d,0.0016624771524220705
96,B,momentum,fx_level_z_252,-0.000348007888533175
96,B,persist,kospi_return_1d,-0.017961932346224785
96,B,persist,fx_level_z_252,-0.00034492299892008305
96,B,underwater,kospi_return_1d,-0.00012171750131528825
96,B,underwater,fx_level_z_252,-0.030787453055381775
96,alpha,,kospi_return_1d,0.026098821312189102
96,alpha,,fx_level_z_252,0.029187938198447227
97,beta,momentum,,-0.035974226891994476
97,beta,persist,,0.09307950735092163
97,beta,underwater,,0.01740216091275215
97,B,momentum,kospi_return_1d,0.0015884300228208303
97,B,momentum,fx_level_z_252,-0.00037921886541880667
97,B,persist,kospi_return_1d,-0.018023520708084106
97,B,persist,fx_level_z_252,-0.0004098350473213941
97,B,underwater,kospi_return_1d,-0.0002172930253436789
97,B,underwater,fx_level_z_252,-0.030670734122395515
97,alpha,,kospi_return_1d,0.02608584612607956
97,alpha,,fx_level_z_252,0.029208028689026833
98,beta,momentum,,-0.035969555377960205
98,beta,persist,,0.09344398230314255
98,beta,underwater,,0.01722721941769123
98,B,momentum,kospi_return_1d,0.0014352852012962103
98,B,momentum,fx_level_z_252,-0.0003357058740220964
98,B,persist,kospi_return_1d,-0.018195603042840958
98,B,persist,fx_level_z_252,-0.0003221850492991507
98,B,underwater,kospi_return_1d,-0.00026996745145879686
98,B,underwater,fx_level_z_252,-0.030498944222927094
98,alpha,,kospi_return_1d,0.026102149859070778
98,alpha,,fx_level_z_252,0.029078740626573563
99,beta,momentum,,-0.03602321073412895
99,beta,persist,,0.09383264929056168
99,beta,underwater,,0.01711355522274971
99,B,momentum,kospi_return_1d,0.0013540122890844941
99,B,momentum,fx_level_z_252,-0.0001343087642453611
99,B,persist,kospi_return_1d,-0.018419312313199043
99,B,persist,fx_level_z_252,-0.00018876942340284586
99,B,underwater,kospi_return_1d,-0.00026540705584920943
99,B,underwater,fx_level_z_252,-0.030483657494187355
99,alpha,,kospi_return_1d,0.026049064472317696
99,alpha,,fx_level_z_252,0.02907297946512699
100,beta,momentum,,-0.036095522344112396
100,beta,persist,,0.09415893256664276
100,beta,underwater,,0.017010092735290527
100,B,momentum,kospi_return_1d,0.0012113520642742515
100,B,momentum,fx_level_z_252,6.299470987869427e-05
100,B,persist,kospi_return_1d,-0.018636396154761314
100,B,persist,fx_level_z_252,9.32214388740249e-05
100,B,underwater,kospi_return_1d,-0.00033367416472174227
100,B,underwater,fx_level_z_252,-0.03038824535906315
100,alpha,,kospi_return_1d,0.02600260265171528
100,alpha,,fx_level_z_252,0.02907746471464634
101,beta,momentum,,-0.03609265387058258
101,beta,persist,,0.09446962922811508
101,beta,underwater,,0.016867365688085556
101,B,momentum,kospi_return_1d,0.0011744382791221142
101,B,momentum,fx_level_z_252,0.00016408544615842402
101,B,persist,kospi_return_1d,-0.018724067136645317
101,B,persist,fx_level_z_252,0.0001259950513485819
101,B,underwater,kospi_return_1d,-0.0003289874584879726
101,B,underwater,fx_level_z_252,-0.030380403622984886
101,alpha,,kospi_return_1d,0.02603387087583542
101,alpha,,fx_level_z_252,0.0290514025837183
102,beta,momentum,,-0.03604721650481224
102,beta,persist,,0.0947345495223999
102,beta,underwater,,0.016670487821102142
102,B,momentum,kospi_return_1d,0.000999951153062284
102,B,momentum,fx_level_z_252,0.00017666327767074108
102,B,persist,kospi_return_1d,-0.018797703087329865
102,B,persist,fx_level_z_252,0.00010339323489461094
102,B,underwater,kospi_return_1d,-0.00010454549919813871
102,B,underwater,fx_level_z_252,-0.030360877513885498
102,alpha,,kospi_return_1d,0.026088910177350044
102,alpha,,fx_level_z_252,0.029053086414933205
103,beta,momentum,,-0.03599467873573303
103,beta,persist,,0.09497959166765213
103,beta,underwater,,0.0165079478174448
103,B,momentum,kospi_return_1d,0.0010223791468888521
103,B,momentum,fx_level_z_252,-3.8541664252988994e-05
103,B,persist,kospi_return_1d,-0.019068608060479164
103,B,persist,fx_level_z_252,0.0001903061056509614
103,B,underwater,kospi_return_1d,-4.999500379199162e-05
103,B,underwater,fx_level_z_252,-0.030187450349330902
103,alpha,,kospi_return_1d,0.026085540652275085
103,alpha,,fx_level_z_252,0.02904960885643959
104,beta,momentum,,-0.035925786942243576
104,beta,persist,,0.09522850811481476
104,beta,underwater,,0.016351865604519844
104,B,momentum,kospi_return_1d,0.0011589016066864133
104,B,momentum,fx_level_z_252,-0.00016777313430793583
104,B,persist,kospi_return_1d,-0.019097167998552322
104,B,persist,fx_level_z_252,0.00025773991364985704
104,B,underwater,kospi_return_1d,2.842921094270423e-05
104,B,underwater,fx_level_z_252,-0.03018941357731819
104,alpha,,kospi_return_1d,0.026203135028481483
104,alpha,,fx_level_z_252,0.029055550694465637
105,beta,momentum,,-0.035859446972608566
105,beta,persist,,0.09543868154287338
105,beta,underwater,,0.01635100692510605
105,B,momentum,kospi_return_1d,0.0014425308909267187
105,B,momentum,fx_level_z_252,-0.0003175838210154325
105,B,persist,kospi_return_1d,-0.019159875810146332
105,B,persist,fx_level_z_252,0.00035873427987098694
105,B,underwater,kospi_return_1d,-0.00022231051116250455
105,B,underwater,fx_level_z_252,-0.030089251697063446
105,alpha,,kospi_return_1d,0.026347190141677856
105,alpha,,fx_level_z_252,0.02907087840139866
106,beta,momentum,,-0.03585171326994896
106,beta,persist,,0.09559711068868637
106,beta,underwater,,0.016331160441040993
106,B,momentum,kospi_return_1d,0.0014602600131183863
106,B,momentum,fx_level_z_252,-0.00041423033690080047
106,B,persist,kospi_return_1d,-0.019155198708176613
106,B,persist,fx_level_z_252,0.0004980156081728637
106,B,underwater,kospi_return_1d,-0.00034277915256097913
106,B,underwater,fx_level_z_252,-0.029835911467671394
106,alpha,,kospi_return_1d,0.02663426660001278
106,alpha,,fx_level_z_252,0.028957823291420937
107,beta,momentum,,-0.035894788801670074
107,beta,persist,,0.09580311179161072
107,beta,underwater,,0.016362128779292107
107,B,momentum,kospi_return_1d,0.0013366042403504252
107,B,momentum,fx_level_z_252,-0.0003651242586784065
107,B,persist,kospi_return_1d,-0.01909012533724308
107,B,persist,fx_level_z_252,0.0005009708693251014
107,B,underwater,kospi_return_1d,-0.0002981340803671628
107,B,underwater,fx_level_z_252,-0.029720889404416084
107,alpha,,kospi_return_1d,0.02686276100575924
107,alpha,,fx_level_z_252,0.028877127915620804
108,beta,momentum,,-0.03600633516907692
108,beta,persist,,0.0959857627749443
108,beta,underwater,,0.01641518995165825
108,B,momentum,kospi_return_1d,0.001093770144507289
108,B,momentum,fx_level_z_252,-0.00021211084094829857
108,B,persist,kospi_return_1d,-0.019038960337638855
108,B,persist,fx_level_z_252,0.0004626185691449791
108,B,underwater,kospi_return_1d,-0.00032313368865288794
108,B,underwater,fx_level_z_252,-0.029491260647773743
108,alpha,,kospi_return_1d,0.026967544108629227
108,alpha,,fx_level_z_252,0.028820080682635307
109,beta,momentum,,-0.036016691476106644
109,beta,persist,,0.09615005552768707
109,beta,underwater,,0.0162958987057209
109,B,momentum,kospi_return_1d,0.0009168813121505082
109,B,momentum,fx_level_z_252,-0.0001198809186462313
109,B,persist,kospi_return_1d,-0.019020747393369675
109,B,persist,fx_level_z_252,0.0004797079018317163
109,B,underwater,kospi_return_1d,-0.0003422705631237477
109,B,underwater,fx_level_z_252,-0.02925165556371212
109,alpha,,kospi_return_1d,0.02721356227993965
109,alpha,,fx_level_z_252,0.028713421896100044
110,beta,momentum,,-0.035993997007608414
110,beta,persist,,0.09639488905668259
110,beta,underwater,,0.016148701310157776
110,B,momentum,kospi_return_1d,0.0009390934719704092
110,B,momentum,fx_level_z_252,-0.00011923439160455018
110,B,persist,kospi_return_1d,-0.01905273087322712
110,B,persist,fx_level_z_252,0.00033694872399792075
110,B,underwater,kospi_return_1d,-0.0002918546088039875
110,B,underwater,fx_level_z_252,-0.029003962874412537
110,alpha,,kospi_return_1d,0.02739465795457363
110,alpha,,fx_level_z_252,0.028670595958828926
111,beta,momentum,,-0.03592026233673096
111,beta,persist,,0.09652981907129288
111,beta,underwater,,0.015965960919857025
111,B,momentum,kospi_return_1d,0.0009336338844150305
111,B,momentum,fx_level_z_252,-4.302196248318069e-05
111,B,persist,kospi_return_1d,-0.018934499472379684
111,B,persist,fx_level_z_252,0.00018803811690304428
111,B,underwater,kospi_return_1d,-6.69513683533296e-05
111,B,underwater,fx_level_z_252,-0.028737984597682953
111,alpha,,kospi_return_1d,0.02777137979865074
111,alpha,,fx_level_z_252,0.028530066832900047
112,beta,momentum,,-0.035805441439151764
112,beta,persist,,0.09659147262573242
112,beta,underwater,,0.01583552174270153
112,B,momentum,kospi_return_1d,0.0012583069037646055
112,B,momentum,fx_level_z_252,-8.472978515783325e-05
112,B,persist,kospi_return_1d,-0.019190572202205658
112,B,persist,fx_level_z_252,0.00015427320613525808
112,B,underwater,kospi_return_1d,-0.0002058007230516523
112,B,underwater,fx_level_z_252,-0.028319019824266434
112,alpha,,kospi_return_1d,0.02834569849073887
112,alpha,,fx_level_z_252,0.028365813195705414
113,beta,momentum,,-0.03566690534353256
113,beta,persist,,0.09666388481855392
113,beta,underwater,,0.015693452209234238
113,B,momentum,kospi_return_1d,0.0015408272156491876
113,B,momentum,fx_level_z_252,-5.1017384976148605e-05
113,B,persist,kospi_return_1d,-0.01946363039314747
113,B,persist,fx_level_z_252,1.0013871360570192e-05
113,B,underwater,kospi_return_1d,-0.00021111394744366407
113,B,underwater,fx_level_z_252,-0.027911491692066193
113,alpha,,kospi_return_1d,0.028819730505347252
113,alpha,,fx_level_z_252,0.028133070096373558
114,beta,momentum,,-0.03564583510160446
114,beta,persist,,0.0968921110033989
114,beta,underwater,,0.015583187341690063
114,B,momentum,kospi_return_1d,0.0016256391536444426
114,B,momentum,fx_level_z_252,0.0003086981305386871
114,B,persist,kospi_return_1d,-0.01946975663304329
114,B,persist,fx_level_z_252,-0.00031924282666295767
114,B,underwater,kospi_return_1d,6.507063517346978e-06
114,B,underwater,fx_level_z_252,-0.027806472033262253
114,alpha,,kospi_return_1d,0.029102539643645287
114,alpha,,fx_level_z_252,0.027996951714158058
115,beta,momentum,,-0.035653870552778244
115,beta,persist,,0.09710033982992172
115,beta,underwater,,0.015411200933158398
115,B,momentum,kospi_return_1d,0.0015306398272514343
115,B,momentum,fx_level_z_252,0.0004919949569739401
115,B,persist,kospi_return_1d,-0.01933106780052185
115,B,persist,fx_level_z_252,-0.0005678668385371566
115,B,underwater,kospi_return_1d,0.00029719783924520016
115,B,underwater,fx_level_z_252,-0.027785882353782654
115,alpha,,kospi_return_1d,0.029223300516605377
115,alpha,,fx_level_z_252,0.027765633538365364
116,beta,momentum,,-0.03570683300495148
116,beta,persist,,0.09729643166065216
116,beta,underwater,,0.015312053263187408
116,B,momentum,kospi_return_1d,0.0015763122355565429
116,B,momentum,fx_level_z_252,0.0004706846084445715
116,B,persist,kospi_return_1d,-0.019254980608820915
116,B,persist,fx_level_z_252,-0.0006485049379989505
116,B,underwater,kospi_return_1d,0.00027339174994267523
116,B,underwater,fx_level_z_252,-0.027649201452732086
116,alpha,,kospi_return_1d,0.029243970289826393
116,alpha,,fx_level_z_252,0.027732957154512405
117,beta,momentum,,-0.03580869361758232
117,beta,persist,,0.0975014790892601
117,beta,underwater,,0.015274656005203724
117,B,momentum,kospi_return_1d,0.0014769482659175992
117,B,momentum,fx_level_z_252,0.00037435279227793217
117,B,persist,kospi_return_1d,-0.019189627841114998
117,B,persist,fx_level_z_252,-0.0005823420360684395
117,B,underwater,kospi_return_1d,8.309185795951635e-05
117,B,underwater,fx_level_z_252,-0.027453288435935974
117,alpha,,kospi_return_1d,0.029223468154668808
117,alpha,,fx_level_z_252,0.027755578979849815
118,beta,momentum,,-0.035778556019067764
118,beta,persist,,0.0976317897439003
118,beta,underwater,,0.015160560607910156
118,B,momentum,kospi_return_1d,0.001257231691852212
118,B,momentum,fx_level_z_252,0.00020355591550469398
118,B,persist,kospi_return_1d,-0.019001707434654236
118,B,persist,fx_level_z_252,-0.0006583589129149914
118,B,underwater,kospi_return_1d,-3.087792720180005e-05
118,B,underwater,fx_level_z_252,-0.02751457877457142
118,alpha,,kospi_return_1d,0.029335353523492813
118,alpha,,fx_level_z_252,0.027877159416675568
119,beta,momentum,,-0.03580141440033913
119,beta,persist,,0.09783101081848145
119,beta,underwater,,0.015098841860890388
119,B,momentum,kospi_return_1d,0.0010121386731043458
119,B,momentum,fx_level_z_252,-4.318507853895426e-05
119,B,persist,kospi_return_1d,-0.018782492727041245
119,B,persist,fx_level_z_252,-0.0005481632542796433
119,B,underwater,kospi_return_1d,-9.949406376108527e-05
119,B,underwater,fx_level_z_252,-0.02745874784886837
119,alpha,,kospi_return_1d,0.029452530667185783
119,alpha,,fx_level_z_252,0.027887588366866112
120,beta,momentum,,-0.03590385988354683
120,beta,persist,,0.09803105145692825
120,beta,underwater,,0.015047535300254822
120,B,momentum,kospi_return_1d,0.0006122379563748837
120,B,momentum,fx_level_z_252,-6.100637256167829e-05
120,B,persist,kospi_return_1d,-0.018580546602606773
120,B,persist,fx_level_z_252,-0.00028289741021580994
120,B,underwater,kospi_return_1d,-4.5857595978304744e-05
120,B,underwater,fx_level_z_252,-0.027443012222647667
120,alpha,,kospi_return_1d,0.029509570449590683
120,alpha,,fx_level_z_252,0.027958884835243225
121,beta,momentum,,-0.0359848216176033
121,beta,persist,,0.09827489405870438
121,beta,underwater,,0.014996225014328957
121,B,momentum,kospi_return_1d,0.00015715660993009806
121,B,momentum,fx_level_z_252,0.00019861944019794464
121,B,persist,kospi_return_1d,-0.018289782106876373
121,B,persist,fx_level_z_252,-0.00027703316300176084
121,B,underwater,kospi_return_1d,8.734859875403345e-06
121,B,underwater,fx_level_z_252,-0.027643753215670586
121,alpha,,kospi_return_1d,0.029461251571774483
121,alpha,,fx_level_z_252,0.02803569845855236
122,beta,momentum,,-0.03597414866089821
122,beta,persist,,0.09846267104148865
122,beta,underwater,,0.014891483820974827
122,B,momentum,kospi_return_1d,-0.0001859576441347599
122,B,momentum,fx_level_z_252,0.00023961917031556368
122,B,persist,kospi_return_1d,-0.018037838861346245
122,B,persist,fx_level_z_252,-0.0001361614267807454
122,B,underwater,kospi_return_1d,-0.00011662048927973956
122,B,underwater,fx_level_z_252,-0.027753811329603195
122,alpha,,kospi_return_1d,0.029419954866170883
122,alpha,,fx_level_z_252,0.0279568899422884
123,beta,momentum,,-0.03593789041042328
123,beta,persist,,0.09864132851362228
123,beta,underwater,,0.014781155623495579
123,B,momentum,kospi_return_1d,-0.00043917549191974103
123,B,momentum,fx_level_z_252,7.525095134042203e-05
123,B,persist,kospi_return_1d,-0.01799723505973816
123,B,persist,fx_level_z_252,-4.499997157836333e-05
123,B,underwater,kospi_return_1d,-0.0001709552016109228
123,B,underwater,fx_level_z_252,-0.027803324162960052
123,alpha,,kospi_return_1d,0.029460791498422623
123,alpha,,fx_level_z_252,0.02798561193048954
124,beta,momentum,,-0.03600476682186127
124,beta,persist,,0.0989646315574646
124,beta,underwater,,0.014752186834812164
124,B,momentum,kospi_return_1d,-0.000542071764357388
124,B,momentum,fx_level_z_252,4.9204842071048915e-05
124,B,persist,kospi_return_1d,-0.01792180724442005
124,B,persist,fx_level_z_252,-0.00012774132483173162
124,B,underwater,kospi_return_1d,-0.00024686212418600917
124,B,underwater,fx_level_z_252,-0.027971012517809868
124,alpha,,kospi_return_1d,0.029382748529314995
124,alpha,,fx_level_z_252,0.028136596083641052
125,beta,momentum,,-0.03609529882669449
125,beta,persist,,0.09933595359325409
125,beta,underwater,,0.014841153286397457
125,B,momentum,kospi_return_1d,-0.00034123510704375803
125,B,momentum,fx_level_z_252,-2.1367282897699624e-05
125,B,persist,kospi_return_1d,-0.017937373369932175
125,B,persist,fx_level_z_252,-0.000256863801041618
125,B,underwater,kospi_return_1d,-0.0004782644100487232
125,B,underwater,fx_level_z_252,-0.02809496410191059
125,alpha,,kospi_return_1d,0.029242683202028275
125,alpha,,fx_level_z_252,0.028328297659754753
126,beta,momentum,,-0.03604385256767273
126,beta,persist,,0.09962563216686249
126,beta,underwater,,0.01476427260786295
126,B,momentum,kospi_return_1d,-8.948608592618257e-05
126,B,momentum,fx_level_z_252,9.740318637341261e-05
126,B,persist,kospi_return_1d,-0.017841260880231857
126,B,persist,fx_level_z_252,-0.0004244519514031708
126,B,underwater,kospi_return_1d,-0.0006340105319395661
126,B,underwater,fx_level_z_252,-0.02846071869134903
126,alpha,,kospi_return_1d,0.02920251525938511
126,alpha,,fx_level_z_252,0.028439795598387718
127,beta,momentum,,-0.035828571766614914
127,beta,persist,,0.09973830729722977
127,beta,underwater,,0.014574761502444744
127,B,momentum,kospi_return_1d,0.00014190305955708027
127,B,momentum,fx_level_z_252,-3.940948226954788e-05
127,B,persist,kospi_return_1d,-0.01799822226166725
127,B,persist,fx_level_z_252,-0.00029099558014422655
127,B,underwater,kospi_return_1d,-0.0006328164017759264
127,B,underwater,fx_level_z_252,-0.028707114979624748
127,alpha,,kospi_return_1d,0.029336055740714073
127,alpha,,fx_level_z_252,0.028429191559553146
128,beta,momentum,,-0.03572254255414009
128,beta,persist,,0.09986713528633118
128,beta,underwater,,0.014434093609452248
128,B,momentum,kospi_return_1d,0.00043067274964414537
128,B,momentum,fx_level_z_252,-1.852731656981632e-05
128,B,persist,kospi_return_1d,-0.01825057901442051
128,B,persist,fx_level_z_252,-7.647198799531907e-05
128,B,underwater,kospi_return_1d,-0.0006228148122318089
128,B,underwater,fx_level_z_252,-0.028930267319083214
128,alpha,,kospi_return_1d,0.02947109565138817
128,alpha,,fx_level_z_252,0.02844947576522827
129,beta,momentum,,-0.03558402135968208
129,beta,persist,,0.0999729186296463
129,beta,underwater,,0.014283215627074242
129,B,momentum,kospi_return_1d,0.0007364046177826822
129,B,momentum,fx_level_z_252,9.502527245786041e-05
129,B,persist,kospi_return_1d,-0.018456675112247467
129,B,persist,fx_level_z_252,0.00010074525198433548
129,B,underwater,kospi_return_1d,-0.0005438817897811532
129,B,underwater,fx_level_z_252,-0.02907518483698368
129,alpha,,kospi_return_1d,0.029690910130739212
129,alpha,,fx_level_z_252,0.028690114617347717
130,beta,momentum,,-0.035440050065517426
130,beta,persist,,0.10007788985967636
130,beta,underwater,,0.014141772873699665
130,B,momentum,kospi_return_1d,0.0011431711027398705
130,B,momentum,fx_level_z_252,-2.6126363081857562e-05
130,B,persist,kospi_return_1d,-0.018572285771369934
130,B,persist,fx_level_z_252,0.0001102585592889227
130,B,underwater,kospi_return_1d,-0.0004302547895349562
130,B,underwater,fx_level_z_252,-0.029225487262010574
130,alpha,,kospi_return_1d,0.030008533969521523
130,alpha,,fx_level_z_252,0.028969375416636467
131,beta,momentum,,-0.03528919816017151
131,beta,persist,,0.10016794502735138
131,beta,underwater,,0.01406873483210802
131,B,momentum,kospi_return_1d,0.0014947914751246572
131,B,momentum,fx_level_z_252,-0.0003769271424971521
131,B,persist,kospi_return_1d,-0.018716828897595406
131,B,persist,fx_level_z_252,0.0002300468913745135
131,B,underwater,kospi_return_1d,-0.00039376982022076845
131,B,underwater,fx_level_z_252,-0.02907436527311802
131,alpha,,kospi_return_1d,0.03048999048769474
131,alpha,,fx_level_z_252,0.029252123087644577
132,beta,momentum,,-0.03516560420393944
132,beta,persist,,0.10023453831672668
132,beta,underwater,,0.013970594853162766
132,B,momentum,kospi_return_1d,0.0019051944836974144
132,B,momentum,fx_level_z_252,-0.00067329645389691
132,B,persist,kospi_return_1d,-0.018985172733664513
132,B,persist,fx_level_z_252,0.00044569774763658643
132,B,underwater,kospi_return_1d,-0.00047588435700163245
132,B,underwater,fx_level_z_252,-0.028908776119351387
132,alpha,,kospi_return_1d,0.030867798253893852
132,alpha,,fx_level_z_252,0.02944694273173809
133,beta,momentum,,-0.03501424193382263
133,beta,persist,,0.10024658590555191
133,beta,underwater,,0.01384766586124897
133,B,momentum,kospi_return_1d,0.002023479901254177
133,B,momentum,fx_level_z_252,-0.0009201678331010044
133,B,persist,kospi_return_1d,-0.019160857424139977
133,B,persist,fx_level_z_252,0.000524406204931438
133,B,underwater,kospi_return_1d,-0.0005280351615510881
133,B,underwater,fx_level_z_252,-0.028796669095754623
133,alpha,,kospi_return_1d,0.031221885234117508
133,alpha,,fx_level_z_252,0.029641980305314064
134,beta,momentum,,-0.03495718911290169
134,beta,persist,,0.10031874477863312
134,beta,underwater,,0.013805118389427662
134,B,momentum,kospi_return_1d,0.0020251101814210415
134,B,momentum,fx_level_z_252,-0.0010818057926371694
134,B,persist,kospi_return_1d,-0.019356658682227135
134,B,persist,fx_level_z_252,0.0005266752559691668
134,B,underwater,kospi_return_1d,-0.0005024517304264009
134,B,underwater,fx_level_z_252,-0.02871089242398739
134,alpha,,kospi_return_1d,0.03142770379781723
134,alpha,,fx_level_z_252,0.029828408733010292
135,beta,momentum,,-0.03495412692427635
135,beta,persist,,0.10039852559566498
135,beta,underwater,,0.013763424009084702
135,B,momentum,kospi_return_1d,0.002113531343638897
135,B,momentum,fx_level_z_252,-0.0010881659109145403
135,B,persist,kospi_return_1d,-0.019450483843684196
135,B,persist,fx_level_z_252,0.0006005665054544806
135,B,underwater,kospi_return_1d,-0.0003529551613610238
135,B,underwater,fx_level_z_252,-0.028693117201328278
135,alpha,,kospi_return_1d,0.03174581751227379
135,alpha,,fx_level_z_252,0.029816802591085434
136,beta,momentum,,-0.03508979454636574
136,beta,persist,,0.10063835978507996
136,beta,underwater,,0.013761946000158787
136,B,momentum,kospi_return_1d,0.0019896812736988068
136,B,momentum,fx_level_z_252,-0.0009134107385762036
136,B,persist,kospi_return_1d,-0.01945560798048973
136,B,persist,fx_level_z_252,0.0005093181389383972
136,B,underwater,kospi_return_1d,-0.00016145172412507236
136,B,underwater,fx_level_z_252,-0.028708184137940407
136,alpha,,kospi_return_1d,0.03182365372776985
136,alpha,,fx_level_z_252,0.02977229841053486
137,beta,momentum,,-0.035248659551143646
137,beta,persist,,0.10090073943138123
137,beta,underwater,,0.013775226660072803
137,B,momentum,kospi_return_1d,0.0019218563102185726
137,B,momentum,fx_level_z_252,-0.0005705900839529932
137,B,persist,kospi_return_1d,-0.019559688866138458
137,B,persist,fx_level_z_252,0.0003256262862123549
137,B,underwater,kospi_return_1d,-6.939369632164016e-05
137,B,underwater,fx_level_z_252,-0.028709275647997856
137,alpha,,kospi_return_1d,0.03177594393491745
137,alpha,,fx_level_z_252,0.02961251139640808
138,beta,momentum,,-0.03551909700036049
138,beta,persist,,0.10115734487771988
138,beta,underwater,,0.0138716334477067
138,B,momentum,kospi_return_1d,0.0017915895441547036
138,B,momentum,fx_level_z_252,-0.0001388731470797211
138,B,persist,kospi_return_1d,-0.019628392532467842
138,B,persist,fx_level_z_252,0.00012054285616613925
138,B,underwater,kospi_return_1d,2.9801230994053185e-05
138,B,underwater,fx_level_z_252,-0.02876509167253971
138,alpha,,kospi_return_1d,0.03177990764379501
138,alpha,,fx_level_z_252,0.029499463737010956
139,beta,momentum,,-0.03583257645368576
139,beta,persist,,0.10134671628475189
139,beta,underwater,,0.014005453325808048
139,B,momentum,kospi_return_1d,0.001842860714532435
139,B,momentum,fx_level_z_252,0.0002579973079264164
139,B,persist,kospi_return_1d,-0.01980300061404705
139,B,persist,fx_level_z_252,3.294959606137127e-05
139,B,underwater,kospi_return_1d,-0.00023632595548406243
139,B,underwater,fx_level_z_252,-0.02873602882027626
139,alpha,,kospi_return_1d,0.03192723169922829
139,alpha,,fx_level_z_252,0.029266338795423508
140,beta,momentum,,-0.036049775779247284
140,beta,persist,,0.10151035338640213
140,beta,underwater,,0.014202777296304703
140,B,momentum,kospi_return_1d,0.0019708757754415274
140,B,momentum,fx_level_z_252,0.0004953344468958676
140,B,persist,kospi_return_1d,-0.019838863983750343
140,B,persist,fx_level_z_252,-4.111214366275817e-05
140,B,underwater,kospi_return_1d,-0.00039786554407328367
140,B,underwater,fx_level_z_252,-0.028664546087384224
140,alpha,,kospi_return_1d,0.03209804743528366
140,alpha,,fx_level_z_252,0.02907230705022812
141,beta,momentum,,-0.03619370982050896
141,beta,persist,,0.1016467809677124
141,beta,underwater,,0.0143123185262084
141,B,momentum,kospi_return_1d,0.0020059228409081697
141,B,momentum,fx_level_z_252,0.0006016030674800277
141,B,persist,kospi_return_1d,-0.019741127267479897
141,B,persist,fx_level_z_252,-0.00011072964844061062
141,B,underwater,kospi_return_1d,-0.0002799138310365379
141,B,underwater,fx_level_z_252,-0.02860221266746521
141,alpha,,kospi_return_1d,0.03215392678976059
141,alpha,,fx_level_z_252,0.02885437197983265
142,beta,momentum,,-0.036257304251194
142,beta,persist,,0.1017448902130127
142,beta,underwater,,0.014275112189352512
142,B,momentum,kospi_return_1d,0.002194193424656987
142,B,momentum,fx_level_z_252,0.0008157111005857587
142,B,persist,kospi_return_1d,-0.01976223848760128
142,B,persist,fx_level_z_252,-0.00010355532867833972
142,B,underwater,kospi_return_1d,-0.00018590010586194694
142,B,underwater,fx_level_z_252,-0.02877104841172695
142,alpha,,kospi_return_1d,0.032166097313165665
142,alpha,,fx_level_z_252,0.028521722182631493
143,beta,momentum,,-0.03624773025512695
143,beta,persist,,0.10179480910301208
143,beta,underwater,,0.014275837689638138
143,B,momentum,kospi_return_1d,0.002457684138789773
143,B,momentum,fx_level_z_252,0.0007160598179325461
143,B,persist,kospi_return_1d,-0.019918149337172508
143,B,persist,fx_level_z_252,4.145546699874103e-05
143,B,underwater,kospi_return_1d,-0.00016870447143446654
143,B,underwater,fx_level_z_252,-0.028798168525099754
143,alpha,,kospi_return_1d,0.03225339949131012
143,alpha,,fx_level_z_252,0.028278816491365433
144,beta,momentum,,-0.03624171391129494
144,beta,persist,,0.1018277034163475
144,beta,underwater,,0.014331518672406673
144,B,momentum,kospi_return_1d,0.002557378727942705
144,B,momentum,fx_level_z_252,0.00038587182643823326
144,B,persist,kospi_return_1d,-0.019925959408283234
144,B,persist,fx_level_z_252,1.8233928130939603e-05
144,B,underwater,kospi_return_1d,-0.0001012479915516451
144,B,underwater,fx_level_z_252,-0.02867160737514496
144,alpha,,kospi_return_1d,0.03248755633831024
144,alpha,,fx_level_z_252,0.028032762929797173
145,beta,momentum,,-0.03618780896067619
145,beta,persist,,0.10187945514917374
145,beta,underwater,,0.014321462251245975
145,B,momentum,kospi_return_1d,0.0025735178496688604
145,B,momentum,fx_level_z_252,-1.4019940863363445e-05
145,B,persist,kospi_return_1d,-0.019848214462399483
145,B,persist,fx_level_z_252,-0.00014751561684533954
145,B,underwater,kospi_return_1d,0.00013029768888372928
145,B,underwater,fx_level_z_252,-0.028524402529001236
145,alpha,,kospi_return_1d,0.03263632580637932
145,alpha,,fx_level_z_252,0.027701959013938904
146,beta,momentum,,-0.03615836054086685
146,beta,persist,,0.10189312696456909
146,beta,underwater,,0.014431211166083813
146,B,momentum,kospi_return_1d,0.0026482832618057728
146,B,momentum,fx_level_z_252,-0.0004141879908274859
146,B,persist,kospi_return_1d,-0.019657189026474953
146,B,persist,fx_level_z_252,-0.00013157972716726363
146,B,underwater,kospi_return_1d,0.00010503285011509433
146,B,underwater,fx_level_z_252,-0.028203319758176804
146,alpha,,kospi_return_1d,0.03288514167070389
146,alpha,,fx_level_z_252,0.027668271213769913
147,beta,momentum,,-0.03612571954727173
147,beta,persist,,0.10182835161685944
147,beta,underwater,,0.014460534788668156
147,B,momentum,kospi_return_1d,0.0024460116401314735
147,B,momentum,fx_level_z_252,-0.0006608442054130137
147,B,persist,kospi_return_1d,-0.01949053630232811
147,B,persist,fx_level_z_252,4.991510650143027e-05
147,B,underwater,kospi_return_1d,-9.235599281964824e-05
147,B,underwater,fx_level_z_252,-0.027944331988692284
147,alpha,,kospi_return_1d,0.03319254890084267
147,alpha,,fx_level_z_252,0.027690550312399864
148,beta,momentum,,-0.03607592359185219
148,beta,persist,,0.1017870083451271
148,beta,underwater,,0.014432349242269993
148,B,momentum,kospi_return_1d,0.00219529215246439
148,B,momentum,fx_level_z_252,-0.0008184887119568884
148,B,persist,kospi_return_1d,-0.019251693040132523
148,B,persist,fx_level_z_252,0.00030517083359882236
148,B,underwater,kospi_return_1d,-0.00016253176727332175
148,B,underwater,fx_level_z_252,-0.027714228257536888
148,alpha,,kospi_return_1d,0.03347044810652733
148,alpha,,fx_level_z_252,0.0276058167219162
149,beta,momentum,,-0.036099761724472046
149,beta,persist,,0.10178718715906143
149,beta,underwater,,0.014433953911066055
149,B,momentum,kospi_return_1d,0.0020443792454898357
149,B,momentum,fx_level_z_252,-0.0007562725804746151
149,B,persist,kospi_return_1d,-0.019097767770290375
149,B,persist,fx_level_z_252,0.0004454773443285376
149,B,underwater,kospi_return_1d,-0.00014435112825594842
149,B,underwater,fx_level_z_252,-0.027619685977697372
149,alpha,,kospi_return_1d,0.033704474568367004
149,alpha,,fx_level_z_252,0.027517836540937424
150,beta,momentum,,-0.03609628230333328
150,beta,persist,,0.10191172361373901
150,beta,underwater,,0.014415697194635868
150,B,momentum,kospi_return_1d,0.0018491368973627687
150,B,momentum,fx_level_z_252,-0.0007191796903498471
150,B,persist,kospi_return_1d,-0.018827589228749275
150,B,persist,fx_level_z_252,0.0003003163728863001
150,B,underwater,kospi_return_1d,6.21102808509022e-05
150,B,underwater,fx_level_z_252,-0.027507007122039795
150,alpha,,kospi_return_1d,0.033735524863004684
150,alpha,,fx_level_z_252,0.027516037225723267
151,beta,momentum,,-0.036194682121276855
151,beta,persist,,0.1021268218755722
151,beta,underwater,,0.0145108038559556
151,B,momentum,kospi_return_1d,0.0015922763850539923
151,B,momentum,fx_level_z_252,-0.0006053097313269973
151,B,persist,kospi_return_1d,-0.01846938207745552
151,B,persist,fx_level_z_252,1.614366192370653e-05
151,B,underwater,kospi_return_1d,0.00014984709559939802
151,B,underwater,fx_level_z_252,-0.027362219989299774
151,alpha,,kospi_return_1d,0.033629655838012695
151,alpha,,fx_level_z_252,0.027573661878705025
152,beta,momentum,,-0.0362778976559639
152,beta,persist,,0.10230066627264023
152,beta,underwater,,0.014526564627885818
152,B,momentum,kospi_return_1d,0.0012938759755343199
152,B,momentum,fx_level_z_252,-0.0003757644153665751
152,B,persist,kospi_return_1d,-0.018092170357704163
152,B,persist,fx_level_z_252,-0.00028673309134319425
152,B,underwater,kospi_return_1d,0.00024916307302191854
152,B,underwater,fx_level_z_252,-0.027368109673261642
152,alpha,,kospi_return_1d,0.03348158299922943
152,alpha,,fx_level_z_252,0.027752749621868134
153,beta,momentum,,-0.03630276769399643
153,beta,persist,,0.10241002589464188
153,beta,underwater,,0.014481719583272934
153,B,momentum,kospi_return_1d,0.0012187997344881296
153,B,momentum,fx_level_z_252,-0.00027791684260591865
153,B,persist,kospi_return_1d,-0.017951082438230515
153,B,persist,fx_level_z_252,-0.00043073814595118165
153,B,underwater,kospi_return_1d,0.0001513233728474006
153,B,underwater,fx_level_z_252,-0.027385102584958076
153,alpha,,kospi_return_1d,0.033371638506650925
153,alpha,,fx_level_z_252,0.027856063097715378
154,beta,momentum,,-0.0362875759601593
154,beta,persist,,0.10252907127141953
154,beta,underwater,,0.014441468752920628
154,B,momentum,kospi_return_1d,0.0011916097719222307
154,B,momentum,fx_level_z_252,-2.9084214475005865e-05
154,B,persist,kospi_return_1d,-0.017881173640489578
154,B,persist,fx_level_z_252,-0.000612393079791218
154,B,underwater,kospi_return_1d,-6.613500590901822e-05
154,B,underwater,fx_level_z_252,-0.027596306055784225
154,alpha,,kospi_return_1d,0.033331114798784256
154,alpha,,fx_level_z_252,0.027954986318945885
155,beta,momentum,,-0.03618946298956871
155,beta,persist,,0.10261626541614532
155,beta,underwater,,0.01440335065126419
155,B,momentum,kospi_return_1d,0.0011990373022854328
155,B,momentum,fx_level_z_252,7.28380837244913e-06
155,B,persist,kospi_return_1d,-0.017799893394112587
155,B,persist,fx_level_z_252,-0.0006143386126495898
155,B,underwater,kospi_return_1d,-0.00035798587487079203
155,B,underwater,fx_level_z_252,-0.02757694385945797
155,alpha,,kospi_return_1d,0.03334193304181099
155,alpha,,fx_level_z_252,0.028076384216547012
156,beta,momentum,,-0.036124613136053085
156,beta,persist,,0.1027490422129631
156,beta,underwater,,0.014300075359642506
156,B,momentum,kospi_return_1d,0.001156679936684668
156,B,momentum,fx_level_z_252,-7.736458064755425e-05
156,B,persist,kospi_return_1d,-0.017603939399123192
156,B,persist,fx_level_z_252,-0.0005237869336269796
156,B,underwater,kospi_return_1d,-0.0005059830727986991
156,B,underwater,fx_level_z_252,-0.02758512645959854
156,alpha,,kospi_return_1d,0.03320540115237236
156,alpha,,fx_level_z_252,0.028171449899673462
157,beta,momentum,,-0.03615386039018631
157,beta,persist,,0.10288091748952866
157,beta,underwater,,0.014232747256755829
157,B,momentum,kospi_return_1d,0.001041912822984159
157,B,momentum,fx_level_z_252,9.956159919966012e-05
157,B,persist,kospi_return_1d,-0.01747082732617855
157,B,persist,fx_level_z_252,-0.00031295689404942095
157,B,underwater,kospi_return_1d,-0.000575842394027859
157,B,underwater,fx_level_z_252,-0.02759535051882267
157,alpha,,kospi_return_1d,0.03312526270747185
157,alpha,,fx_level_z_252,0.02823673188686371
158,beta,momentum,,-0.03611110523343086
158,beta,persist,,0.10308154672384262
158,beta,underwater,,0.014145184308290482
158,B,momentum,kospi_return_1d,0.0011642478639259934
158,B,momentum,fx_level_z_252,0.0002535423554945737
158,B,persist,kospi_return_1d,-0.017428621649742126
158,B,persist,fx_level_z_252,-0.00015819813415873796
158,B,underwater,kospi_return_1d,-0.0007326783379539847
158,B,underwater,fx_level_z_252,-0.027661673724651337
158,alpha,,kospi_return_1d,0.032852694392204285
158,alpha,,fx_level_z_252,0.028344834223389626
159,beta,momentum,,-0.03619794547557831
159,beta,persist,,0.10324446111917496
159,beta,underwater,,0.01411604043096304
159,B,momentum,kospi_return_1d,0.0010837982408702374
159,B,momentum,fx_level_z_252,0.0004957803757861257
159,B,persist,kospi_return_1d,-0.01735987327992916
159,B,persist,fx_level_z_252,-0.00012629829871002585
159,B,underwater,kospi_return_1d,-0.00080632243771106
159,B,underwater,fx_level_z_252,-0.027763282880187035
159,alpha,,kospi_return_1d,0.0326920785009861
159,alpha,,fx_level_z_252,0.02832704409956932
160,beta,momentum,,-0.036272965371608734
160,beta,persist,,0.1033879742026329
160,beta,underwater,,0.014001049101352692
160,B,momentum,kospi_return_1d,0.0009327264269813895
160,B,momentum,fx_level_z_252,0.0007179553504101932
160,B,persist,kospi_return_1d,-0.017478298395872116
160,B,persist,fx_level_z_252,-9.430055069969967e-05
160,B,underwater,kospi_return_1d,-0.0008571184589527547
160,B,underwater,fx_level_z_252,-0.02778621017932892
160,alpha,,kospi_return_1d,0.0325230173766613
160,alpha,,fx_level_z_252,0.028216850012540817
161,beta,momentum,,-0.03618871048092842
161,beta,persist,,0.10349129140377045
161,beta,underwater,,0.013815592043101788
161,B,momentum,kospi_return_1d,0.0008365795365534723
161,B,momentum,fx_level_z_252,0.0006753770867362618
161,B,persist,kospi_return_1d,-0.01774156093597412
161,B,persist,fx_level_z_252,4.5285669330041856e-05
161,B,underwater,kospi_return_1d,-0.000795750820543617
161,B,underwater,fx_level_z_252,-0.027781181037425995
161,alpha,,kospi_return_1d,0.03228660300374031
161,alpha,,fx_level_z_252,0.028056228533387184
162,beta,momentum,,-0.03597850352525711
162,beta,persist,,0.1036115288734436
162,beta,underwater,,0.013646772131323814
162,B,momentum,kospi_return_1d,0.0007373919361270964
162,B,momentum,fx_level_z_252,0.00042354833567515016
162,B,persist,kospi_return_1d,-0.018133236095309258
162,B,persist,fx_level_z_252,-6.96534407325089e-05
162,B,underwater,kospi_return_1d,-0.000773955718614161
162,B,underwater,fx_level_z_252,-0.027719611302018166
162,alpha,,kospi_return_1d,0.03201322257518768
162,alpha,,fx_level_z_252,0.027915798127651215
163,beta,momentum,,-0.03580770269036293
163,beta,persist,,0.10374794900417328
163,beta,underwater,,0.013476982712745667
163,B,momentum,kospi_return_1d,0.0006649415590800345
163,B,momentum,fx_level_z_252,5.8627789258025587e-05
163,B,persist,kospi_return_1d,-0.018463624641299248
163,B,persist,fx_level_z_252,-8.220323798013851e-05
163,B,underwater,kospi_return_1d,-0.000708727864548564
163,B,underwater,fx_level_z_252,-0.027653096243739128
163,alpha,,kospi_return_1d,0.031862810254096985
163,alpha,,fx_level_z_252,0.027715809643268585
164,beta,momentum,,-0.03562038764357567
164,beta,persist,,0.10382862389087677
164,beta,underwater,,0.013302157633006573
164,B,momentum,kospi_return_1d,0.0004713438102044165
164,B,momentum,fx_level_z_252,-0.000246158306254074
164,B,persist,kospi_return_1d,-0.018594341352581978
164,B,persist,fx_level_z_252,-8.512697240803391e-05
164,B,underwater,kospi_return_1d,-0.0005917774979025126
164,B,underwater,fx_level_z_252,-0.02764987200498581
164,alpha,,kospi_return_1d,0.03155500069260597
164,alpha,,fx_level_z_252,0.027459485456347466
165,beta,momentum,,-0.035618215799331665
165,beta,persist,,0.10393957793712616
165,beta,underwater,,0.013240133412182331
165,B,momentum,kospi_return_1d,0.00038418633630499244
165,B,momentum,fx_level_z_252,-0.00028177653439342976
165,B,persist,kospi_return_1d,-0.01877780444920063
165,B,persist,fx_level_z_252,2.642491745064035e-05
165,B,underwater,kospi_return_1d,-0.0006110295653343201
165,B,underwater,fx_level_z_252,-0.02754885144531727
165,alpha,,kospi_return_1d,0.03126977011561394
165,alpha,,fx_level_z_252,0.02723502181470394
166,beta,momentum,,-0.035703144967556
166,beta,persist,,0.10406765341758728
166,beta,underwater,,0.013342814520001411
166,B,momentum,kospi_return_1d,0.00044489107676781714
166,B,momentum,fx_level_z_252,-0.00020796636817976832
166,B,persist,kospi_return_1d,-0.018958628177642822
166,B,persist,fx_level_z_252,8.05734598543495e-05
166,B,underwater,kospi_return_1d,-0.0007690516067668796
166,B,underwater,fx_level_z_252,-0.027404751628637314
166,alpha,,kospi_return_1d,0.03098003938794136
166,alpha,,fx_level_z_252,0.027201158925890923
167,beta,momentum,,-0.03581409528851509
167,beta,persist,,0.10413190722465515
167,beta,underwater,,0.013537943363189697
167,B,momentum,kospi_return_1d,0.00047492305748164654
167,B,momentum,fx_level_z_252,-0.00013185665011405945
167,B,persist,kospi_return_1d,-0.019249623641371727
167,B,persist,fx_level_z_252,0.0002104021841660142
167,B,underwater,kospi_return_1d,-0.0008992919465526938
167,B,underwater,fx_level_z_252,-0.027282467111945152
167,alpha,,kospi_return_1d,0.030895715579390526
167,alpha,,fx_level_z_252,0.02708515152335167
168,beta,momentum,,-0.03579014167189598
168,beta,persist,,0.10415983945131302
168,beta,underwater,,0.013603096827864647
168,B,momentum,kospi_return_1d,0.0003800976264756173
168,B,momentum,fx_level_z_252,7.037565956125036e-05
168,B,persist,kospi_return_1d,-0.01925492100417614
168,B,persist,fx_level_z_252,0.0002652113907970488
168,B,underwater,kospi_return_1d,-0.000718973926268518
168,B,underwater,fx_level_z_252,-0.027345599606633186
168,alpha,,kospi_return_1d,0.030963778495788574
168,alpha,,fx_level_z_252,0.027016259729862213
169,beta,momentum,,-0.03573200851678848
169,beta,persist,,0.10414105653762817
169,beta,underwater,,0.013540750369429588
169,B,momentum,kospi_return_1d,0.0003273401816841215
169,B,momentum,fx_level_z_252,0.00018588855164125562
169,B,persist,kospi_return_1d,-0.019125189632177353
169,B,persist,fx_level_z_252,0.0002823381801135838
169,B,underwater,kospi_return_1d,-0.0004885265370830894
169,B,underwater,fx_level_z_252,-0.02740834467113018
169,alpha,,kospi_return_1d,0.031170351430773735
169,alpha,,fx_level_z_252,0.02695782110095024
170,beta,momentum,,-0.03557540103793144
170,beta,persist,,0.10410945862531662
170,beta,underwater,,0.013396579772233963
170,B,momentum,kospi_return_1d,0.0003919288865290582
170,B,momentum,fx_level_z_252,-0.0001147425064118579
170,B,persist,kospi_return_1d,-0.01907479390501976
170,B,persist,fx_level_z_252,0.00032720909803174436
170,B,underwater,kospi_return_1d,-0.00032070314045995474
170,B,underwater,fx_level_z_252,-0.027193918824195862
170,alpha,,kospi_return_1d,0.03148511424660683
170,alpha,,fx_level_z_252,0.02687114290893078
171,beta,momentum,,-0.035451799631118774
171,beta,persist,,0.10416273772716522
171,beta,underwater,,0.013155100867152214
171,B,momentum,kospi_return_1d,0.0002631859388202429
171,B,momentum,fx_level_z_252,-0.00043703572009690106
171,B,persist,kospi_return_1d,-0.018935753032565117
171,B,persist,fx_level_z_252,0.00030823503038845956
171,B,underwater,kospi_return_1d,9.140466863755137e-05
171,B,underwater,fx_level_z_252,-0.0269610695540905
171,alpha,,kospi_return_1d,0.03169434145092964
171,alpha,,fx_level_z_252,0.026887094601988792
172,beta,momentum,,-0.03531675040721893
172,beta,persist,,0.10419053584337234
172,beta,underwater,,0.01288085337728262
172,B,momentum,kospi_return_1d,0.00018152927805203944
172,B,momentum,fx_level_z_252,-0.0004679585690610111
172,B,persist,kospi_return_1d,-0.018888574093580246
172,B,persist,fx_level_z_252,0.00015759290545247495
172,B,underwater,kospi_return_1d,0.00036913505755364895
172,B,underwater,fx_level_z_252,-0.026924284175038338
172,alpha,,kospi_return_1d,0.031927838921546936
172,alpha,,fx_level_z_252,0.0267721489071846
173,beta,momentum,,-0.035238590091466904
173,beta,persist,,0.1042272299528122
173,beta,underwater,,0.012701810337603092
173,B,momentum,kospi_return_1d,0.0002417707146378234
173,B,momentum,fx_level_z_252,-0.0003381753049325198
173,B,persist,kospi_return_1d,-0.018989529460668564
173,B,persist,fx_level_z_252,-3.461493906797841e-05
173,B,underwater,kospi_return_1d,0.0002575068501755595
173,B,underwater,fx_level_z_252,-0.026909202337265015
173,alpha,,kospi_return_1d,0.03211918845772743
173,alpha,,fx_level_z_252,0.026703113690018654
174,beta,momentum,,-0.03511777147650719
174,beta,persist,,0.10426616668701172
174,beta,underwater,,0.012527389451861382
174,B,momentum,kospi_return_1d,0.0003066834469791502
174,B,momentum,fx_level_z_252,-0.00019895308651030064
174,B,persist,kospi_return_1d,-0.019236300140619278
174,B,persist,fx_level_z_252,-0.0001198847166961059
174,B,underwater,kospi_return_1d,-8.298277680296451e-05
174,B,underwater,fx_level_z_252,-0.026924172416329384
174,alpha,,kospi_return_1d,0.032349009066820145
174,alpha,,fx_level_z_252,0.026635704562067986
175,beta,momentum,,-0.03510962426662445
175,beta,persist,,0.10437189042568207
175,beta,underwater,,0.012449081987142563
175,B,momentum,kospi_return_1d,0.00042741699144244194
175,B,momentum,fx_level_z_252,-1.3840563042322174e-05
175,B,persist,kospi_return_1d,-0.019465360790491104
175,B,persist,fx_level_z_252,-3.771358751691878e-05
175,B,underwater,kospi_return_1d,-0.00048459082609042525
175,B,underwater,fx_level_z_252,-0.026862040162086487
175,alpha,,kospi_return_1d,0.032368406653404236
175,alpha,,fx_level_z_252,0.026526829227805138
176,beta,momentum,,-0.03518028184771538
176,beta,persist,,0.10437479615211487
176,beta,underwater,,0.012306174263358116
176,B,momentum,kospi_return_1d,0.0006831299979239702
176,B,momentum,fx_level_z_252,8.683820487931371e-05
176,B,persist,kospi_return_1d,-0.019706491380929947
176,B,persist,fx_level_z_252,0.00012632005382329226
176,B,underwater,kospi_return_1d,-0.0009178431937471032
176,B,underwater,fx_level_z_252,-0.02669210359454155
176,alpha,,kospi_return_1d,0.03245095536112785
176,alpha,,fx_level_z_252,0.026370616629719734
177,beta,momentum,,-0.035295628011226654
177,beta,persist,,0.10440491139888763
177,beta,underwater,,0.012273726984858513
177,B,momentum,kospi_return_1d,0.0008376153418794274
177,B,momentum,fx_level_z_252,6.335866055451334e-05
177,B,persist,kospi_return_1d,-0.019719548523426056
177,B,persist,fx_level_z_252,0.0001330277882516384
177,B,underwater,kospi_return_1d,-0.0011158626293763518
177,B,underwater,fx_level_z_252,-0.026679521426558495
177,alpha,,kospi_return_1d,0.03260068967938423
177,alpha,,fx_level_z_252,0.026425426825881004
178,beta,momentum,,-0.03539501503109932
178,beta,persist,,0.10443764925003052
178,beta,underwater,,0.012135797180235386
178,B,momentum,kospi_return_1d,0.0008504982688464224
178,B,momentum,fx_level_z_252,8.223135955631733e-05
178,B,persist,kospi_return_1d,-0.019814003258943558
178,B,persist,fx_level_z_252,1.766029163263738e-05
178,B,underwater,kospi_return_1d,-0.0012600715272128582
178,B,underwater,fx_level_z_252,-0.026814939454197884
178,alpha,,kospi_return_1d,0.03277672454714775
178,alpha,,fx_level_z_252,0.02669306844472885
179,beta,momentum,,-0.035411641001701355
179,beta,persist,,0.10447806864976883
179,beta,underwater,,0.01200833823531866
179,B,momentum,kospi_return_1d,0.0009332506451755762
179,B,momentum,fx_level_z_252,7.298510172404349e-05
179,B,persist,kospi_return_1d,-0.01992017589509487
179,B,persist,fx_level_z_252,-0.00016682877321727574
179,B,underwater,kospi_return_1d,-0.0013438251335173845
179,B,underwater,fx_level_z_252,-0.027046503499150276
179,alpha,,kospi_return_1d,0.033010173588991165
179,alpha,,fx_level_z_252,0.026970351114869118
180,beta,momentum,,-0.03536646068096161
180,beta,persist,,0.10446179658174515
180,beta,underwater,,0.011918931268155575
180,B,momentum,kospi_return_1d,0.0010374309495091438
180,B,momentum,fx_level_z_252,3.728557567228563e-05
180,B,persist,kospi_return_1d,-0.019851138815283775
180,B,persist,fx_level_z_252,-0.00021505760378204286
180,B,underwater,kospi_return_1d,-0.001329349703155458
180,B,underwater,fx_level_z_252,-0.027179988101124763
180,alpha,,kospi_return_1d,0.033270448446273804
180,alpha,,fx_level_z_252,0.027160875499248505
181,beta,momentum,,-0.035301052033901215
181,beta,persist,,0.10447019338607788
181,beta,underwater,,0.011882953345775604
181,B,momentum,kospi_return_1d,0.0011073502246290445
181,B,momentum,fx_level_z_252,-6.448163912864402e-05
181,B,persist,kospi_return_1d,-0.01983943022787571
181,B,persist,fx_level_z_252,-6.056886923033744e-05
181,B,underwater,kospi_return_1d,-0.0012365016154944897
181,B,underwater,fx_level_z_252,-0.027260569855570793
181,alpha,,kospi_return_1d,0.03346296772360802
181,alpha,,fx_level_z_252,0.027252554893493652
182,beta,momentum,,-0.03522283211350441
182,beta,persist,,0.10448713600635529
182,beta,underwater,,0.011828538961708546
182,B,momentum,kospi_return_1d,0.0013376432470977306
182,B,momentum,fx_level_z_252,-2.2530028218170628e-05
182,B,persist,kospi_return_1d,-0.019962411373853683
182,B,persist,fx_level_z_252,0.00022704480215907097
182,B,underwater,kospi_return_1d,-0.0012188664404675364
182,B,underwater,fx_level_z_252,-0.027339991182088852
182,alpha,,kospi_return_1d,0.033546242862939835
182,alpha,,fx_level_z_252,0.027254285290837288
183,beta,momentum,,-0.03508011996746063
183,beta,persist,,0.10447722673416138
183,beta,underwater,,0.01177018042653799
183,B,momentum,kospi_return_1d,0.0017192807281389832
183,B,momentum,fx_level_z_252,3.705544804688543e-05
183,B,persist,kospi_return_1d,-0.020183324813842773
183,B,persist,fx_level_z_252,0.00036573578836396337
183,B,underwater,kospi_return_1d,-0.0011992031941190362
183,B,underwater,fx_level_z_252,-0.02754252403974533
183,alpha,,kospi_return_1d,0.03354942798614502
183,alpha,,fx_level_z_252,0.027095692232251167
184,beta,momentum,,-0.03492254763841629
184,beta,persist,,0.10435540229082108
184,beta,underwater,,0.011824358254671097
184,B,momentum,kospi_return_1d,0.0021414849907159805
184,B,momentum,fx_level_z_252,-0.0001445725793018937
184,B,persist,kospi_return_1d,-0.020502494648098946
184,B,persist,fx_level_z_252,0.0004438565520104021
184,B,underwater,kospi_return_1d,-0.0012308252044022083
184,B,underwater,fx_level_z_252,-0.027423297986388206
184,alpha,,kospi_return_1d,0.03368670120835304
184,alpha,,fx_level_z_252,0.026989441365003586
185,beta,momentum,,-0.0347602404654026
185,beta,persist,,0.10418432950973511
185,beta,underwater,,0.011804136447608471
185,B,momentum,kospi_return_1d,0.0024660611525177956
185,B,momentum,fx_level_z_252,-0.0002912932832259685
185,B,persist,kospi_return_1d,-0.020825283601880074
185,B,persist,fx_level_z_252,0.0005480012623593211
185,B,underwater,kospi_return_1d,-0.0013540632789954543
185,B,underwater,fx_level_z_252,-0.027301641181111336
185,alpha,,kospi_return_1d,0.033831093460321426
185,alpha,,fx_level_z_252,0.02704640105366707
186,beta,momentum,,-0.0345243401825428
186,beta,persist,,0.1040305495262146
186,beta,underwater,,0.011691880412399769
186,B,momentum,kospi_return_1d,0.0026425174437463284
186,B,momentum,fx_level_z_252,-0.00037911260733380914
186,B,persist,kospi_return_1d,-0.02116759680211544
186,B,persist,fx_level_z_252,0.0006369780749082565
186,B,underwater,kospi_return_1d,-0.001475578872486949
186,B,underwater,fx_level_z_252,-0.027188589796423912
186,alpha,,kospi_return_1d,0.03396155685186386
186,alpha,,fx_level_z_252,0.027033017948269844
187,beta,momentum,,-0.034399740397930145
187,beta,persist,,0.10392650961875916
187,beta,underwater,,0.011595447547733784
187,B,momentum,kospi_return_1d,0.0026098662056028843
187,B,momentum,fx_level_z_252,-0.00027352702454663813
187,B,persist,kospi_return_1d,-0.02127125672996044
187,B,persist,fx_level_z_252,0.0006684763357043266
187,B,underwater,kospi_return_1d,-0.0014132069190964103
187,B,underwater,fx_level_z_252,-0.027186553925275803
187,alpha,,kospi_return_1d,0.0341983400285244
187,alpha,,fx_level_z_252,0.0270258579403162
188,beta,momentum,,-0.03432094678282738
188,beta,persist,,0.10394521057605743
188,beta,underwater,,0.011562197469174862
188,B,momentum,kospi_return_1d,0.0025283540599048138
188,B,momentum,fx_level_z_252,-4.2584426410030574e-05
188,B,persist,kospi_return_1d,-0.021249007433652878
188,B,persist,fx_level_z_252,0.0005215230048634112
188,B,underwater,kospi_return_1d,-0.0013063872465863824
188,B,underwater,fx_level_z_252,-0.027322499081492424
188,alpha,,kospi_return_1d,0.03425714001059532
188,alpha,,fx_level_z_252,0.027100736275315285
189,beta,momentum,,-0.03428409621119499
189,beta,persist,,0.1038917824625969
189,beta,underwater,,0.01145921926945448
189,B,momentum,kospi_return_1d,0.0023303015623241663
189,B,momentum,fx_level_z_252,0.00017170875798910856
189,B,persist,kospi_return_1d,-0.021186845377087593
189,B,persist,fx_level_z_252,0.0004207463935017586
189,B,underwater,kospi_return_1d,-0.0010501234792172909
189,B,underwater,fx_level_z_252,-0.02741042710840702
189,alpha,,kospi_return_1d,0.03429459035396576
189,alpha,,fx_level_z_252,0.02705778367817402
190,beta,momentum,,-0.034218791872262955
190,beta,persist,,0.10397020727396011
190,beta,underwater,,0.011340895667672157
190,B,momentum,kospi_return_1d,0.0020825685933232307
190,B,momentum,fx_level_z_252,0.00025920767802745104
190,B,persist,kospi_return_1d,-0.021046213805675507
190,B,persist,fx_level_z_252,0.00014477517106570303
190,B,underwater,kospi_return_1d,-0.0007799254381097853
190,B,underwater,fx_level_z_252,-0.027555322274565697
190,alpha,,kospi_return_1d,0.03410019353032112
190,alpha,,fx_level_z_252,0.02706279419362545
191,beta,momentum,,-0.03413106128573418
191,beta,persist,,0.10410907864570618
191,beta,underwater,,0.011272535659372807
191,B,momentum,kospi_return_1d,0.0017981117125600576
191,B,momentum,fx_level_z_252,0.0002873135672416538
191,B,persist,kospi_return_1d,-0.020870421081781387
191,B,persist,fx_level_z_252,-4.2684609070420265e-05
191,B,underwater,kospi_return_1d,-0.0004114211769774556
191,B,underwater,fx_level_z_252,-0.027660390362143517
191,alpha,,kospi_return_1d,0.03385544195771217
191,alpha,,fx_level_z_252,0.027167869731783867
192,beta,momentum,,-0.034150175750255585
192,beta,persist,,0.10435135662555695
192,beta,underwater,,0.011392436921596527
192,B,momentum,kospi_return_1d,0.0015274101169779897
192,B,momentum,fx_level_z_252,0.00020032067550346255
192,B,persist,kospi_return_1d,-0.020687829703092575
192,B,persist,fx_level_z_252,-0.000349519366864115
192,B,underwater,kospi_return_1d,-4.314338730182499e-05
192,B,underwater,fx_level_z_252,-0.02774595282971859
192,alpha,,kospi_return_1d,0.033512283116579056
192,alpha,,fx_level_z_252,0.027516290545463562
193,beta,momentum,,-0.03417592495679855
193,beta,persist,,0.1045786440372467
193,beta,underwater,,0.011511842720210552
193,B,momentum,kospi_return_1d,0.0013853305717930198
193,B,momentum,fx_level_z_252,-1.797369623091072e-05
193,B,persist,kospi_return_1d,-0.020520344376564026
193,B,persist,fx_level_z_252,-0.0005653586704283953
193,B,underwater,kospi_return_1d,0.0002375436743022874
193,B,underwater,fx_level_z_252,-0.027706116437911987
193,alpha,,kospi_return_1d,0.033097583800554276
193,alpha,,fx_level_z_252,0.0278629120439291
194,beta,momentum,,-0.03420712426304817
194,beta,persist,,0.10481709986925125
194,beta,underwater,,0.011682437732815742
194,B,momentum,kospi_return_1d,0.001459446270018816
194,B,momentum,fx_level_z_252,-0.00029538129456341267
194,B,persist,kospi_return_1d,-0.02060399018228054
194,B,persist,fx_level_z_252,-0.0006648426060564816
194,B,underwater,kospi_return_1d,0.00023574996157549322
194,B,underwater,fx_level_z_252,-0.027430931106209755
194,alpha,,kospi_return_1d,0.03251684084534645
194,alpha,,fx_level_z_252,0.028056856244802475
195,beta,momentum,,-0.03436357155442238
195,beta,persist,,0.10507702827453613
195,beta,underwater,,0.011840367689728737
195,B,momentum,kospi_return_1d,0.0015703729586675763
195,B,momentum,fx_level_z_252,-0.00039052212378010154
195,B,persist,kospi_return_1d,-0.020528582856059074
195,B,persist,fx_level_z_252,-0.0008110618218779564
195,B,underwater,kospi_return_1d,2.6588182663545012e-05
195,B,underwater,fx_level_z_252,-0.02717902511358261
195,alpha,,kospi_return_1d,0.03197010979056358
195,alpha,,fx_level_z_252,0.028239266946911812
196,beta,momentum,,-0.03452559560537338
196,beta,persist,,0.105295829474926
196,beta,underwater,,0.012026363983750343
196,B,momentum,kospi_return_1d,0.0015525276539847255
196,B,momentum,fx_level_z_252,-0.0004018524778075516
196,B,persist,kospi_return_1d,-0.020370058715343475
196,B,persist,fx_level_z_252,-0.0007465166854672134
196,B,underwater,kospi_return_1d,-0.00027419289108365774
196,B,underwater,fx_level_z_252,-0.026963092386722565
196,alpha,,kospi_return_1d,0.0315825492143631
196,alpha,,fx_level_z_252,0.028401415795087814
197,beta,momentum,,-0.03465641289949417
197,beta,persist,,0.10543209314346313
197,beta,underwater,,0.012170825153589249
197,B,momentum,kospi_return_1d,0.0015705102123320103
197,B,momentum,fx_level_z_252,-0.00025766209000721574
197,B,persist,kospi_return_1d,-0.02019297145307064
197,B,persist,fx_level_z_252,-0.0005458341911435127
197,B,underwater,kospi_return_1d,-0.0007777913706377149
197,B,underwater,fx_level_z_252,-0.026901626959443092
197,alpha,,kospi_return_1d,0.031408317387104034
197,alpha,,fx_level_z_252,0.028602441772818565
198,beta,momentum,,-0.03478340432047844
198,beta,persist,,0.10552095621824265
198,beta,underwater,,0.012227963656187057
198,B,momentum,kospi_return_1d,0.001567431609146297
198,B,momentum,fx_level_z_252,0.0001448315888410434
198,B,persist,kospi_return_1d,-0.020058847963809967
198,B,persist,fx_level_z_252,-0.00035380112240090966
198,B,underwater,kospi_return_1d,-0.0012784532736986876
198,B,underwater,fx_level_z_252,-0.027116354554891586
198,alpha,,kospi_return_1d,0.03132285177707672
198,alpha,,fx_level_z_252,0.028743349015712738
199,beta,momentum,,-0.03489171713590622
199,beta,persist,,0.10552067309617996
199,beta,underwater,,0.01224589440971613
199,B,momentum,kospi_return_1d,0.0014633744722232223
199,B,momentum,fx_level_z_252,0.0005452171317301691
199,B,persist,kospi_return_1d,-0.0199136920273304
199,B,persist,fx_level_z_252,-0.00016012736887205392
199,B,underwater,kospi_return_1d,-0.0015103556215763092
199,B,underwater,fx_level_z_252,-0.02739408239722252
199,alpha,,kospi_return_1d,0.03142417594790459
199,alpha,,fx_level_z_252,0.02875949628651142
200,beta,momentum,,-0.03513098880648613
200,beta,persist,,0.10554195940494537
200,beta,underwater,,0.012300260365009308
200,B,momentum,kospi_return_1d,0.0011769687989726663
200,B,momentum,fx_level_z_252,0.000808462908025831
200,B,persist,kospi_return_1d,-0.019618825986981392
200,B,persist,fx_level_z_252,-0.00010320610454073176
200,B,underwater,kospi_return_1d,-0.001423349604010582
200,B,underwater,fx_level_z_252,-0.027657564729452133
200,alpha,,kospi_return_1d,0.031582046300172806
200,alpha,,fx_level_z_252,0.028833691030740738
201,beta,momentum,,-0.03530358895659447
201,beta,persist,,0.105565145611763
201,beta,underwater,,0.012414873577654362
201,B,momentum,kospi_return_1d,0.0008999088313430548
201,B,momentum,fx_level_z_252,0.0007154939230531454
201,B,persist,kospi_return_1d,-0.019343316555023193
201,B,persist,fx_level_z_252,1.6361058442271315e-05
201,B,underwater,kospi_return_1d,-0.001375005580484867
201,B,underwater,fx_level_z_252,-0.02775973454117775
201,alpha,,kospi_return_1d,0.03169914707541466
201,alpha,,fx_level_z_252,0.02890622615814209
202,beta,momentum,,-0.03534109145402908
202,beta,persist,,0.10559051483869553
202,beta,underwater,,0.012418716214597225
202,B,momentum,kospi_return_1d,0.0006341409753076732
202,B,momentum,fx_level_z_252,0.0007005154620856047
202,B,persist,kospi_return_1d,-0.019068658351898193
202,B,persist,fx_level_z_252,7.501237632823177e-06
202,B,underwater,kospi_return_1d,-0.00120910897385329
202,B,underwater,fx_level_z_252,-0.028069404885172844
202,alpha,,kospi_return_1d,0.03165820240974426
202,alpha,,fx_level_z_252,0.028912564739584923
203,beta,momentum,,-0.035251177847385406
203,beta,persist,,0.10555388033390045
203,beta,underwater,,0.012317851185798645
203,B,momentum,kospi_return_1d,0.0004763655597344041
203,B,momentum,fx_level_z_252,0.0005837948410771787
203,B,persist,kospi_return_1d,-0.018824763596057892
203,B,persist,fx_level_z_252,4.2669122194638476e-05
203,B,underwater,kospi_return_1d,-0.0010518121998757124
203,B,underwater,fx_level_z_252,-0.02842022478580475
203,alpha,,kospi_return_1d,0.03177689388394356
203,alpha,,fx_level_z_252,0.028711684048175812
204,beta,momentum,,-0.03506331518292427
204,beta,persist,,0.10556461662054062
204,beta,underwater,,0.012344229966402054
204,B,momentum,kospi_return_1d,0.0004451547865755856
204,B,momentum,fx_level_z_252,0.00022553598682861775
204,B,persist,kospi_return_1d,-0.018714945763349533
204,B,persist,fx_level_z_252,-2.932480492745526e-05
204,B,underwater,kospi_return_1d,-0.001074128202162683
204,B,underwater,fx_level_z_252,-0.028455525636672974
204,alpha,,kospi_return_1d,0.03175634145736694
204,alpha,,fx_level_z_252,0.028560567647218704
205,beta,momentum,,-0.034924671053886414
205,beta,persist,,0.10550934821367264
205,beta,underwater,,0.012316538020968437
205,B,momentum,kospi_return_1d,0.0004504725511651486
205,B,momentum,fx_level_z_252,-0.00017354552983306348
205,B,persist,kospi_return_1d,-0.018679697066545486
205,B,persist,fx_level_z_252,-9.511835378361866e-05
205,B,underwater,kospi_return_1d,-0.0012097914004698396
205,B,underwater,fx_level_z_252,-0.02845890074968338
205,alpha,,kospi_return_1d,0.03178315982222557
205,alpha,,fx_level_z_252,0.028302781283855438
206,beta,momentum,,-0.03492642566561699
206,beta,persist,,0.10546449571847916
206,beta,underwater,,0.012381719425320625
206,B,momentum,kospi_return_1d,0.0006437161355279386
206,B,momentum,fx_level_z_252,-0.00040386131149716675
206,B,persist,kospi_return_1d,-0.018993983045220375
206,B,persist,fx_level_z_252,-4.573186015477404e-05
206,B,underwater,kospi_return_1d,-0.0014362576184794307
206,B,underwater,fx_level_z_252,-0.02839401364326477
206,alpha,,kospi_return_1d,0.03186817467212677
206,alpha,,fx_level_z_252,0.02813061885535717
207,beta,momentum,,-0.03495736047625542
207,beta,persist,,0.10546624660491943
207,beta,underwater,,0.012509031221270561
207,B,momentum,kospi_return_1d,0.000848256575409323
207,B,momentum,fx_level_z_252,-0.0003977015148848295
207,B,persist,kospi_return_1d,-0.01934821531176567
207,B,persist,fx_level_z_252,5.140434222994372e-05
207,B,underwater,kospi_return_1d,-0.0016383036272600293
207,B,underwater,fx_level_z_252,-0.02845640294253826
207,alpha,,kospi_return_1d,0.031922657042741776
207,alpha,,fx_level_z_252,0.028032949194312096
208,beta,momentum,,-0.034996259957551956
208,beta,persist,,0.10544822365045547
208,beta,underwater,,0.012739233672618866
208,B,momentum,kospi_return_1d,0.0010738471755757928
208,B,momentum,fx_level_z_252,-0.00023195498215500265
208,B,persist,kospi_return_1d,-0.019649667665362358
208,B,persist,fx_level_z_252,0.00011587141489144415
208,B,underwater,kospi_return_1d,-0.0018969838274642825
208,B,underwater,fx_level_z_252,-0.028437376022338867
208,alpha,,kospi_return_1d,0.03200863301753998
208,alpha,,fx_level_z_252,0.028007475659251213
209,beta,momentum,,-0.0350409671664238
209,beta,persist,,0.10537707060575485
209,beta,underwater,,0.013018494471907616
209,B,momentum,kospi_return_1d,0.001258912612684071
209,B,momentum,fx_level_z_252,-0.00014476440264843404
209,B,persist,kospi_return_1d,-0.019792862236499786
209,B,persist,fx_level_z_252,4.4648812036029994e-05
209,B,underwater,kospi_return_1d,-0.002109791152179241
209,B,underwater,fx_level_z_252,-0.028278237208724022
209,alpha,,kospi_return_1d,0.032165635377168655
209,alpha,,fx_level_z_252,0.028068907558918
210,beta,momentum,,-0.03506898134946823
210,beta,persist,,0.10521633177995682
210,beta,underwater,,0.01322849653661251
210,B,momentum,kospi_return_1d,0.00123920280020684
210,B,momentum,fx_level_z_252,1.1779242413467728e-05
210,B,persist,kospi_return_1d,-0.0198714267462492
210,B,persist,fx_level_z_252,-0.00012296138447709382
210,B,underwater,kospi_return_1d,-0.0022439714521169662
210,B,underwater,fx_level_z_252,-0.02811717428267002
210,alpha,,kospi_return_1d,0.032523658126592636
210,alpha,,fx_level_z_252,0.02814779244363308
211,beta,momentum,,-0.03498813509941101
211,beta,persist,,0.10497988015413284
211,beta,underwater,,0.013276302255690098
211,B,momentum,kospi_return_1d,0.0012121937470510602
211,B,momentum,fx_level_z_252,-4.3863619794137776e-05
211,B,persist,kospi_return_1d,-0.020150942727923393
211,B,persist,fx_level_z_252,9.896777919493616e-05
211,B,underwater,kospi_return_1d,-0.0023041334934532642
211,B,underwater,fx_level_z_252,-0.027851197868585587
211,alpha,,kospi_return_1d,0.0328349769115448
211,alpha,,fx_level_z_252,0.028141168877482414
212,beta,momentum,,-0.034888774156570435
212,beta,persist,,0.10480151325464249
212,beta,underwater,,0.013222802430391312
212,B,momentum,kospi_return_1d,0.0011724221985787153
212,B,momentum,fx_level_z_252,1.6604488337179646e-05
212,B,persist,kospi_return_1d,-0.020303696393966675
212,B,persist,fx_level_z_252,9.23388943192549e-05
212,B,underwater,kospi_return_1d,-0.002201189985498786
212,B,underwater,fx_level_z_252,-0.027848321944475174
212,alpha,,kospi_return_1d,0.033103033900260925
212,alpha,,fx_level_z_252,0.028139136731624603
213,beta,momentum,,-0.03477559983730316
213,beta,persist,,0.10469210892915726
213,beta,underwater,,0.01313124131411314
213,B,momentum,kospi_return_1d,0.0009351243497803807
213,B,momentum,fx_level_z_252,-4.836803418584168e-05
213,B,persist,kospi_return_1d,-0.020417513325810432
213,B,persist,fx_level_z_252,8.654418343212456e-05
213,B,underwater,kospi_return_1d,-0.001981169218197465
213,B,underwater,fx_level_z_252,-0.027876440435647964
213,alpha,,kospi_return_1d,0.03329422324895859
213,alpha,,fx_level_z_252,0.02825179137289524
214,beta,momentum,,-0.03461335226893425
214,beta,persist,,0.10463044047355652
214,beta,underwater,,0.012988423928618431
214,B,momentum,kospi_return_1d,0.0007650215411558747
214,B,momentum,fx_level_z_252,-7.511521107517183e-05
214,B,persist,kospi_return_1d,-0.02046283520758152
214,B,persist,fx_level_z_252,2.312880678800866e-05
214,B,underwater,kospi_return_1d,-0.001625796314328909
214,B,underwater,fx_level_z_252,-0.027945656329393387
214,alpha,,kospi_return_1d,0.033426109701395035
214,alpha,,fx_level_z_252,0.028281405568122864
215,beta,momentum,,-0.03441905230283737
215,beta,persist,,0.10457746684551239
215,beta,underwater,,0.01280831079930067
215,B,momentum,kospi_return_1d,0.0005530019989237189
215,B,momentum,fx_level_z_252,0.00015083493781276047
215,B,persist,kospi_return_1d,-0.020210009068250656
215,B,persist,fx_level_z_252,-0.0001188672540592961
215,B,underwater,kospi_return_1d,-0.001044882694259286
215,B,underwater,fx_level_z_252,-0.02813437394797802
215,alpha,,kospi_return_1d,0.03359619528055191
215,alpha,,fx_level_z_252,0.028149133548140526
216,beta,momentum,,-0.034343235194683075
216,beta,persist,,0.1044435054063797
216,beta,underwater,,0.01261043269187212
216,B,momentum,kospi_return_1d,0.0004494964377954602
216,B,momentum,fx_level_z_252,0.00044558054651133716
216,B,persist,kospi_return_1d,-0.020097654312849045
216,B,persist,fx_level_z_252,-0.0001542925019748509
216,B,underwater,kospi_return_1d,-0.00048257457092404366
216,B,underwater,fx_level_z_252,-0.028431978076696396
216,alpha,,kospi_return_1d,0.03382837772369385
216,alpha,,fx_level_z_252,0.028124840930104256
217,beta,momentum,,-0.03442719578742981
217,beta,persist,,0.10437621176242828
217,beta,underwater,,0.012496955692768097
217,B,momentum,kospi_return_1d,0.00039449031464755535
217,B,momentum,fx_level_z_252,0.0006814380176365376
217,B,persist,kospi_return_1d,-0.020148396492004395
217,B,persist,fx_level_z_252,-2.6843939849641174e-05
217,B,underwater,kospi_return_1d,-0.00017680837481748313
217,B,underwater,fx_level_z_252,-0.028528615832328796
217,alpha,,kospi_return_1d,0.033952534198760986
217,alpha,,fx_level_z_252,0.028184620663523674
218,beta,momentum,,-0.03436792641878128
218,beta,persist,,0.10430286079645157
218,beta,underwater,,0.0122606186196208
218,B,momentum,kospi_return_1d,0.00024388462770730257
218,B,momentum,fx_level_z_252,0.0006308148731477559
218,B,persist,kospi_return_1d,-0.020180024206638336
218,B,persist,fx_level_z_252,0.000198204506887123
218,B,underwater,kospi_return_1d,8.809746213955805e-05
218,B,underwater,fx_level_z_252,-0.028476657345891
218,alpha,,kospi_return_1d,0.03405322879552841
218,alpha,,fx_level_z_252,0.028006847947835922
219,beta,momentum,,-0.03424756973981857
219,beta,persist,,0.10419464856386185
219,beta,underwater,,0.012088322080671787
219,B,momentum,kospi_return_1d,0.0004631153424270451
219,B,momentum,fx_level_z_252,0.0004698868724517524
219,B,persist,kospi_return_1d,-0.020371828228235245
219,B,persist,fx_level_z_252,0.00038314569974318147
219,B,underwater,kospi_return_1d,-5.526292079593986e-05
219,B,underwater,fx_level_z_252,-0.02835649624466896
219,alpha,,kospi_return_1d,0.03423495590686798
219,alpha,,fx_level_z_252,0.028009820729494095
220,beta,momentum,,-0.03414718806743622
220,beta,persist,,0.10415726155042648
220,beta,underwater,,0.012053106911480427
220,B,momentum,kospi_return_1d,0.0009436543914489448
220,B,momentum,fx_level_z_252,0.0002555280807428062
220,B,persist,kospi_return_1d,-0.020543297752738
220,B,persist,fx_level_z_252,0.0005603179452009499
220,B,underwater,kospi_return_1d,-0.0003907714271917939
220,B,underwater,fx_level_z_252,-0.028236744925379753
220,alpha,,kospi_return_1d,0.03423761576414108
220,alpha,,fx_level_z_252,0.02796427719295025
221,beta,momentum,,-0.03411370888352394
221,beta,persist,,0.10410536080598831
221,beta,underwater,,0.01219672616571188
221,B,momentum,kospi_return_1d,0.0014198834542185068
221,B,momentum,fx_level_z_252,-5.7731769629754126e-05
221,B,persist,kospi_return_1d,-0.02080374024808407
221,B,persist,fx_level_z_252,0.0008567383629269898
221,B,underwater,kospi_return_1d,-0.0008334695594385266
221,B,underwater,fx_level_z_252,-0.028048912063241005
221,alpha,,kospi_return_1d,0.03408191353082657
221,alpha,,fx_level_z_252,0.02804245613515377
222,beta,momentum,,-0.03404812514781952
222,beta,persist,,0.10398947447538376
222,beta,underwater,,0.012262657284736633
222,B,momentum,kospi_return_1d,0.0019680520053952932
222,B,momentum,fx_level_z_252,-0.0002950988127849996
222,B,persist,kospi_return_1d,-0.021188056096434593
222,B,persist,fx_level_z_252,0.001137921353802085
222,B,underwater,kospi_return_1d,-0.0012912375386804342
222,B,underwater,fx_level_z_252,-0.027849551290273666
222,alpha,,kospi_return_1d,0.03400313854217529
222,alpha,,fx_level_z_252,0.028088824823498726
223,beta,momentum,,-0.03406985104084015
223,beta,persist,,0.10384924709796906
223,beta,underwater,,0.012419793754816055
223,B,momentum,kospi_return_1d,0.002473438624292612
223,B,momentum,fx_level_z_252,-0.0004268659104127437
223,B,persist,kospi_return_1d,-0.021473662927746773
223,B,persist,fx_level_z_252,0.0013291386421769857
223,B,underwater,kospi_return_1d,-0.0017575084930285811
223,B,underwater,fx_level_z_252,-0.027645396068692207
223,alpha,,kospi_return_1d,0.034019097685813904
223,alpha,,fx_level_z_252,0.0280276108533144
224,beta,momentum,,-0.034217383712530136
224,beta,persist,,0.10385721176862717
224,beta,underwater,,0.012661699205636978
224,B,momentum,kospi_return_1d,0.0028242573607712984
224,B,momentum,fx_level_z_252,-0.0003862397570628673
224,B,persist,kospi_return_1d,-0.021584687754511833
224,B,persist,fx_level_z_252,0.0012841728748753667
224,B,underwater,kospi_return_1d,-0.001987312687560916
224,B,underwater,fx_level_z_252,-0.027547677978873253
224,alpha,,kospi_return_1d,0.03377809002995491
224,alpha,,fx_level_z_252,0.02814854495227337
225,beta,momentum,,-0.03429858759045601
225,beta,persist,,0.10390780121088028
225,beta,underwater,,0.012825981713831425
225,B,momentum,kospi_return_1d,0.0028076847083866596
225,B,momentum,fx_level_z_252,-0.00038285457412712276
225,B,persist,kospi_return_1d,-0.021467404440045357
225,B,persist,fx_level_z_252,0.001095052808523178
225,B,underwater,kospi_return_1d,-0.0018634434090927243
225,B,underwater,fx_level_z_252,-0.02753816917538643
225,alpha,,kospi_return_1d,0.033498555421829224
225,alpha,,fx_level_z_252,0.028327716514468193
226,beta,momentum,,-0.034362297505140305
226,beta,persist,,0.10392685979604721
226,beta,underwater,,0.012893269769847393
226,B,momentum,kospi_return_1d,0.0025682360865175724
226,B,momentum,fx_level_z_252,-0.0004289975040592253
226,B,persist,kospi_return_1d,-0.02140641212463379
226,B,persist,fx_level_z_252,0.0009808673057705164
226,B,underwater,kospi_return_1d,-0.0015997504815459251
226,B,underwater,fx_level_z_252,-0.02733371965587139
226,alpha,,kospi_return_1d,0.033306799829006195
226,alpha,,fx_level_z_252,0.028417980298399925
227,beta,momentum,,-0.03457508236169815
227,beta,persist,,0.1039513349533081
227,beta,underwater,,0.01288281474262476
227,B,momentum,kospi_return_1d,0.002229129895567894
227,B,momentum,fx_level_z_252,-0.00025921285850927234
227,B,persist,kospi_return_1d,-0.021203041076660156
227,B,persist,fx_level_z_252,0.000733502209186554
227,B,underwater,kospi_return_1d,-0.0009753977647051215
227,B,underwater,fx_level_z_252,-0.027217146009206772
227,alpha,,kospi_return_1d,0.03313932567834854
227,alpha,,fx_level_z_252,0.028275873512029648
228,beta,momentum,,-0.03477446734905243
228,beta,persist,,0.10408643633127213
228,beta,underwater,,0.012957381084561348
228,B,momentum,kospi_return_1d,0.0017055182252079248
228,B,momentum,fx_level_z_252,-0.00010467421088833362
228,B,persist,kospi_return_1d,-0.020904215052723885
228,B,persist,fx_level_z_252,0.0005114414379931986
228,B,underwater,kospi_return_1d,-0.00035871530417352915
228,B,underwater,fx_level_z_252,-0.027044376358389854
228,alpha,,kospi_return_1d,0.0328027568757534
228,alpha,,fx_level_z_252,0.02827404998242855
229,beta,momentum,,-0.035026777535676956
229,beta,persist,,0.10416271537542343
229,beta,underwater,,0.012952633202075958
229,B,momentum,kospi_return_1d,0.0011833213502541184
229,B,momentum,fx_level_z_252,-6.419111741706729e-06
229,B,persist,kospi_return_1d,-0.02068363130092621
229,B,persist,fx_level_z_252,0.00038284948095679283
229,B,underwater,kospi_return_1d,0.00021127185027580708
229,B,underwater,fx_level_z_252,-0.02678709477186203
229,alpha,,kospi_return_1d,0.03249982371926308
229,alpha,,fx_level_z_252,0.028179790824651718
230,beta,momentum,,-0.03524838760495186
230,beta,persist,,0.10414878278970718
230,beta,underwater,,0.01293479185551405
230,B,momentum,kospi_return_1d,0.0007070641731843352
230,B,momentum,fx_level_z_252,-7.913833542261273e-06
230,B,persist,kospi_return_1d,-0.02044544741511345
230,B,persist,fx_level_z_252,0.00025196964270435274
230,B,underwater,kospi_return_1d,0.0006782908458262682
230,B,underwater,fx_level_z_252,-0.02650671824812889
230,alpha,,kospi_return_1d,0.03244929015636444
230,alpha,,fx_level_z_252,0.02817545086145401
231,beta,momentum,,-0.03541034460067749
231,beta,persist,,0.1040986031293869
231,beta,underwater,,0.013022912666201591
231,B,momentum,kospi_return_1d,0.0003984654904343188
231,B,momentum,fx_level_z_252,-1.2823205906897783e-05
231,B,persist,kospi_return_1d,-0.020054558292031288
231,B,persist,fx_level_z_252,6.842435686849058e-05
231,B,underwater,kospi_return_1d,0.0009469619835726917
231,B,underwater,fx_level_z_252,-0.02632809616625309
231,alpha,,kospi_return_1d,0.03254053741693497
231,alpha,,fx_level_z_252,0.02828282117843628
232,beta,momentum,,-0.03565458953380585
232,beta,persist,,0.10411249846220016
232,beta,underwater,,0.013306215405464172
232,B,momentum,kospi_return_1d,0.0003228082205168903
232,B,momentum,fx_level_z_252,0.00012104860797990113
232,B,persist,kospi_return_1d,-0.019890110939741135
232,B,persist,fx_level_z_252,-0.00023533360217697918
232,B,underwater,kospi_return_1d,0.0007018847391009331
232,B,underwater,fx_level_z_252,-0.026127580553293228
232,alpha,,kospi_return_1d,0.032551359385252
232,alpha,,fx_level_z_252,0.028415793552994728
233,beta,momentum,,-0.03575010225176811
233,beta,persist,,0.10415380448102951
233,beta,underwater,,0.01347257848829031
233,B,momentum,kospi_return_1d,0.00027582873008213937
233,B,momentum,fx_level_z_252,3.6826939322054386e-05
233,B,persist,kospi_return_1d,-0.019689803943037987
233,B,persist,fx_level_z_252,-0.0004905348177999258
233,B,underwater,kospi_return_1d,0.0003372550127096474
233,B,underwater,fx_level_z_252,-0.025874216109514236
233,alpha,,kospi_return_1d,0.032416194677352905
233,alpha,,fx_level_z_252,0.028526969254016876
234,beta,momentum,,-0.03576897084712982
234,beta,persist,,0.10421566665172577
234,beta,underwater,,0.013626541011035442
234,B,momentum,kospi_return_1d,0.0004634070792235434
234,B,momentum,fx_level_z_252,-0.0001920025097206235
234,B,persist,kospi_return_1d,-0.019589349627494812
234,B,persist,fx_level_z_252,-0.0005207674694247544
234,B,underwater,kospi_return_1d,-0.00035638350527733564
234,B,underwater,fx_level_z_252,-0.02555355615913868
234,alpha,,kospi_return_1d,0.03222188726067543
234,alpha,,fx_level_z_252,0.028660956770181656
235,beta,momentum,,-0.03568601608276367
235,beta,persist,,0.10416117310523987
235,beta,underwater,,0.013679691590368748
235,B,momentum,kospi_return_1d,0.0007408031378872693
235,B,momentum,fx_level_z_252,-0.0002493287611287087
235,B,persist,kospi_return_1d,-0.01945900171995163
235,B,persist,fx_level_z_252,-0.0005612295935861766
235,B,underwater,kospi_return_1d,-0.000928239431232214
235,B,underwater,fx_level_z_252,-0.02543662302196026
235,alpha,,kospi_return_1d,0.032202690839767456
235,alpha,,fx_level_z_252,0.02869550511240959
236,beta,momentum,,-0.03549326956272125
236,beta,persist,,0.10406292229890823
236,beta,underwater,,0.013603349216282368
236,B,momentum,kospi_return_1d,0.0009229315910488367
236,B,momentum,fx_level_z_252,-0.00012768738088198006
236,B,persist,kospi_return_1d,-0.019221892580389977
236,B,persist,fx_level_z_252,-0.0006548064993694425
236,B,underwater,kospi_return_1d,-0.0012187011307105422
236,B,underwater,fx_level_z_252,-0.025611288845539093
236,alpha,,kospi_return_1d,0.032162971794605255
236,alpha,,fx_level_z_252,0.02864321507513523
237,beta,momentum,,-0.035112414509058
237,beta,persist,,0.10390105843544006
237,beta,underwater,,0.013358470052480698
237,B,momentum,kospi_return_1d,0.0012335007777437568
237,B,momentum,fx_level_z_252,-5.185389454709366e-05
237,B,persist,kospi_return_1d,-0.019004689529538155
237,B,persist,fx_level_z_252,-0.0006702879909425974
237,B,underwater,kospi_return_1d,-0.0012054445687681437
237,B,underwater,fx_level_z_252,-0.025828039273619652
237,alpha,,kospi_return_1d,0.03225647658109665
237,alpha,,fx_level_z_252,0.02844427525997162
238,beta,momentum,,-0.034847669303417206
238,beta,persist,,0.10388515144586563
238,beta,underwater,,0.01318930834531784
238,B,momentum,kospi_return_1d,0.0014619146240875125
238,B,momentum,fx_level_z_252,0.00010390551324235275
238,B,persist,kospi_return_1d,-0.018749162554740906
238,B,persist,fx_level_z_252,-0.0007613789057359099
238,B,underwater,kospi_return_1d,-0.0011497390223667026
238,B,underwater,fx_level_z_252,-0.026041246950626373
238,alpha,,kospi_return_1d,0.032147955149412155
238,alpha,,fx_level_z_252,0.02839569002389908
239,beta,momentum,,-0.03467078506946564
239,beta,persist,,0.10390957444906235
239,beta,underwater,,0.01311451755464077
239,B,momentum,kospi_return_1d,0.0017176874680444598
239,B,momentum,fx_level_z_252,0.0001682630681898445
239,B,persist,kospi_return_1d,-0.0185585618019104
239,B,persist,fx_level_z_252,-0.0009044004837051034
239,B,underwater,kospi_return_1d,-0.001112240133807063
239,B,underwater,fx_level_z_252,-0.026276111602783203
239,alpha,,kospi_return_1d,0.03220825269818306
239,alpha,,fx_level_z_252,0.028531309217214584
240,beta,momentum,,-0.034519411623477936
240,beta,persist,,0.103886678814888
240,beta,underwater,,0.012943233363330364
240,B,momentum,kospi_return_1d,0.0019469424150884151
240,B,momentum,fx_level_z_252,9.616676834411919e-06
240,B,persist,kospi_return_1d,-0.01854654587805271
240,B,persist,fx_level_z_252,-0.0008953080396167934
240,B,underwater,kospi_return_1d,-0.0010523777455091476
240,B,underwater,fx_level_z_252,-0.026387687772512436
240,alpha,,kospi_return_1d,0.03235482797026634
240,alpha,,fx_level_z_252,0.02850293181836605
241,beta,momentum,,-0.03435373678803444
241,beta,persist,,0.10381083190441132
241,beta,underwater,,0.01280516479164362
241,B,momentum,kospi_return_1d,0.0022158618085086346
241,B,momentum,fx_level_z_252,-0.00017309756367467344
241,B,persist,kospi_return_1d,-0.018636727705597878
241,B,persist,fx_level_z_252,-0.0007438532775267959
241,B,underwater,kospi_return_1d,-0.0010524742538109422
241,B,underwater,fx_level_z_252,-0.02637573331594467
241,alpha,,kospi_return_1d,0.03253808245062828
241,alpha,,fx_level_z_252,0.028493139892816544
242,beta,momentum,,-0.034229278564453125
242,beta,persist,,0.10378452390432358
242,beta,underwater,,0.012678474187850952
242,B,momentum,kospi_return_1d,0.002349515911191702
242,B,momentum,fx_level_z_252,-0.0001158719533123076
242,B,persist,kospi_return_1d,-0.018577849492430687
242,B,persist,fx_level_z_252,-0.0006891070515848696
242,B,underwater,kospi_return_1d,-0.0008898238884285092
242,B,underwater,fx_level_z_252,-0.02655813843011856
242,alpha,,kospi_return_1d,0.032808348536491394
242,alpha,,fx_level_z_252,0.028557799756526947
243,beta,momentum,,-0.03432184085249901
243,beta,persist,,0.10377636551856995
243,beta,underwater,,0.012521964497864246
243,B,momentum,kospi_return_1d,0.002390173962339759
243,B,momentum,fx_level_z_252,6.778696115361527e-05
243,B,persist,kospi_return_1d,-0.018574025481939316
243,B,persist,fx_level_z_252,-0.0005018325755372643
243,B,underwater,kospi_return_1d,-0.0008075252408161759
243,B,underwater,fx_level_z_252,-0.02669379487633705
243,alpha,,kospi_return_1d,0.03320563957095146
243,alpha,,fx_level_z_252,0.02848050184547901
244,beta,momentum,,-0.03467500954866409
244,beta,persist,,0.10387732088565826
244,beta,underwater,,0.012610113248229027
244,B,momentum,kospi_return_1d,0.00247388263233006
244,B,momentum,fx_level_z_252,0.00028083930374123156
244,B,persist,kospi_return_1d,-0.01849103905260563
244,B,persist,fx_level_z_252,-0.00034622574457898736
244,B,underwater,kospi_return_1d,-0.0007705414900556207
244,B,underwater,fx_level_z_252,-0.026632679626345634
244,alpha,,kospi_return_1d,0.033422667533159256
244,alpha,,fx_level_z_252,0.02830689027905464
245,beta,momentum,,-0.03485354408621788
245,beta,persist,,0.1038624569773674
245,beta,underwater,,0.012640832923352718
245,B,momentum,kospi_return_1d,0.0025881766341626644
245,B,momentum,fx_level_z_252,0.0003650786529760808
245,B,persist,kospi_return_1d,-0.018580885604023933
245,B,persist,fx_level_z_252,-0.00010106548143085092
245,B,underwater,kospi_return_1d,-0.0009034362155944109
245,B,underwater,fx_level_z_252,-0.026665333658456802
245,alpha,,kospi_return_1d,0.033660609275102615
245,alpha,,fx_level_z_252,0.02802511490881443
246,beta,momentum,,-0.03498802334070206
246,beta,persist,,0.10380718857049942
246,beta,underwater,,0.012664461508393288
246,B,momentum,kospi_return_1d,0.002606174210086465
246,B,momentum,fx_level_z_252,0.00041507850983180106
246,B,persist,kospi_return_1d,-0.018717680126428604
246,B,persist,fx_level_z_252,0.00019816099666059017
246,B,underwater,kospi_return_1d,-0.0008189489599317312
246,B,underwater,fx_level_z_252,-0.026742562651634216
246,alpha,,kospi_return_1d,0.0340031273663044
246,alpha,,fx_level_z_252,0.027851419523358345
247,beta,momentum,,-0.03497444465756416
247,beta,persist,,0.10372540354728699
247,beta,underwater,,0.012553312815725803
247,B,momentum,kospi_return_1d,0.0025631864555180073
247,B,momentum,fx_level_z_252,0.00038734785630367696
247,B,persist,kospi_return_1d,-0.018771560862660408
247,B,persist,fx_level_z_252,0.0004396149597596377
247,B,underwater,kospi_return_1d,-0.000726729107555002
247,B,underwater,fx_level_z_252,-0.026837211102247238
247,alpha,,kospi_return_1d,0.03426676243543625
247,alpha,,fx_level_z_252,0.027688533067703247
248,beta,momentum,,-0.034974727779626846
248,beta,persist,,0.10373637080192566
248,beta,underwater,,0.01244467031210661
248,B,momentum,kospi_return_1d,0.002427860628813505
248,B,momentum,fx_level_z_252,0.0004179513780400157
248,B,persist,kospi_return_1d,-0.01880917325615883
248,B,persist,fx_level_z_252,0.00041119629167951643
248,B,underwater,kospi_return_1d,-0.0005678851157426834
248,B,underwater,fx_level_z_252,-0.027084898203611374
248,alpha,,kospi_return_1d,0.03448581323027611
248,alpha,,fx_level_z_252,0.027555592358112335
249,beta,momentum,,-0.03513718023896217
249,beta,persist,,0.10377197712659836
249,beta,underwater,,0.01263398490846157
249,B,momentum,kospi_return_1d,0.002288554795086384
249,B,momentum,fx_level_z_252,0.0003766952140722424
249,B,persist,kospi_return_1d,-0.018803583458065987
249,B,persist,fx_level_z_252,0.0003986117953900248
249,B,underwater,kospi_return_1d,-0.0006114234565757215
249,B,underwater,fx_level_z_252,-0.02715481072664261
249,alpha,,kospi_return_1d,0.03460974618792534
249,alpha,,fx_level_z_252,0.027618177235126495
250,beta,momentum,,-0.035355664789676666
250,beta,persist,,0.10389728844165802
250,beta,underwater,,0.01283730287104845
250,B,momentum,kospi_return_1d,0.0019315883982926607
250,B,momentum,fx_level_z_252,0.0003533491399139166
250,B,persist,kospi_return_1d,-0.018629036843776703
250,B,persist,fx_level_z_252,0.0003474244731478393
250,B,underwater,kospi_return_1d,-0.000567117880564183
250,B,underwater,fx_level_z_252,-0.02723066508769989
250,alpha,,kospi_return_1d,0.0344882495701313
250,alpha,,fx_level_z_252,0.027595901861786842
251,beta,momentum,,-0.03558821976184845
251,beta,persist,,0.10408228635787964
251,beta,underwater,,0.013055738992989063
251,B,momentum,kospi_return_1d,0.0016969781136140227
251,B,momentum,fx_level_z_252,0.00039850009488873184
251,B,persist,kospi_return_1d,-0.018532991409301758
251,B,persist,fx_level_z_252,0.0002779143687803298
251,B,underwater,kospi_return_1d,-0.0006200578645803034
251,B,underwater,fx_level_z_252,-0.027313267812132835
251,alpha,,kospi_return_1d,0.0343284048140049
251,alpha,,fx_level_z_252,0.02748776227235794
252,beta,momentum,,-0.0356718972325325
252,beta,persist,,0.1041780412197113
252,beta,underwater,,0.013087812811136246
252,B,momentum,kospi_return_1d,0.0014014259213581681
252,B,momentum,fx_level_z_252,0.000416296737967059
252,B,persist,kospi_return_1d,-0.018564367666840553
252,B,persist,fx_level_z_252,0.0003297026560176164
252,B,underwater,kospi_return_1d,-0.0005381227238103747
252,B,underwater,fx_level_z_252,-0.02728198654949665
252,alpha,,kospi_return_1d,0.03427349776029587
252,alpha,,fx_level_z_252,0.02737831138074398
253,beta,momentum,,-0.03561593219637871
253,beta,persist,,0.10422872751951218
253,beta,underwater,,0.013021386228501797
253,B,momentum,kospi_return_1d,0.0010518439812585711
253,B,momentum,fx_level_z_252,0.0003289396408945322
253,B,persist,kospi_return_1d,-0.018636811524629593
253,B,persist,fx_level_z_252,0.0004564921837300062
253,B,underwater,kospi_return_1d,-0.0003541715850587934
253,B,underwater,fx_level_z_252,-0.027226945385336876
253,alpha,,kospi_return_1d,0.03431999683380127
253,alpha,,fx_level_z_252,0.027320103719830513
254,beta,momentum,,-0.035529155284166336
254,beta,persist,,0.10424946248531342
254,beta,underwater,,0.012904038652777672
254,B,momentum,kospi_return_1d,0.000764855882152915
254,B,momentum,fx_level_z_252,0.00014359041233547032
254,B,persist,kospi_return_1d,-0.01868114434182644
254,B,persist,fx_level_z_252,0.00042211293475702405
254,B,underwater,kospi_return_1d,-0.00019086174143012613
254,B,underwater,fx_level_z_252,-0.027192631736397743
254,alpha,,kospi_return_1d,0.03434358909726143
254,alpha,,fx_level_z_252,0.02724863402545452
255,beta,momentum,,-0.03554911911487579
255,beta,persist,,0.10429980605840683
255,beta,underwater,,0.012893980368971825
255,B,momentum,kospi_return_1d,0.0005586971528828144
255,B,momentum,fx_level_z_252,-0.00020069150195922703
255,B,persist,kospi_return_1d,-0.019038774073123932
255,B,persist,fx_level_z_252,0.0003512751136440784
255,B,underwater,kospi_return_1d,-0.0002025458961725235
255,B,underwater,fx_level_z_252,-0.027025682851672173
255,alpha,,kospi_return_1d,0.034290462732315063
255,alpha,,fx_level_z_252,0.027242187410593033
256,beta,momentum,,-0.035682279616594315
256,beta,persist,,0.10438618808984756
256,beta,underwater,,0.012915032915771008
256,B,momentum,kospi_return_1d,0.0004798725713044405
256,B,momentum,fx_level_z_252,-0.00022396209533326328
256,B,persist,kospi_return_1d,-0.0193951316177845
256,B,persist,fx_level_z_252,0.00025849000667221844
256,B,underwater,kospi_return_1d,-0.0002234220883110538
256,B,underwater,fx_level_z_252,-0.026909135282039642
256,alpha,,kospi_return_1d,0.034176986664533615
256,alpha,,fx_level_z_252,0.027199890464544296
257,beta,momentum,,-0.035981323570013046
257,beta,persist,,0.1045122742652893
257,beta,underwater,,0.013077379204332829
257,B,momentum,kospi_return_1d,0.0003376522508915514
257,B,momentum,fx_level_z_252,-0.00011574366362765431
257,B,persist,kospi_return_1d,-0.019752684980630875
257,B,persist,fx_level_z_252,3.5464749089442194e-05
257,B,underwater,kospi_return_1d,-0.00026385398814454675
257,B,underwater,fx_level_z_252,-0.02682335674762726
257,alpha,,kospi_return_1d,0.03403482958674431
257,alpha,,fx_level_z_252,0.027192270383238792
258,beta,momentum,,-0.03624109551310539
258,beta,persist,,0.10457471758127213
258,beta,underwater,,0.013055848889052868
258,B,momentum,kospi_return_1d,0.00033906270982697606
258,B,momentum,fx_level_z_252,0.0001474218734074384
258,B,persist,kospi_return_1d,-0.02024218440055847
258,B,persist,fx_level_z_252,-0.0003741382679436356
258,B,underwater,kospi_return_1d,-0.0003330521867610514
258,B,underwater,fx_level_z_252,-0.026953749358654022
258,alpha,,kospi_return_1d,0.03399399667978287
258,alpha,,fx_level_z_252,0.02717754617333412
259,beta,momentum,,-0.03643959388136864
259,beta,persist,,0.10457801818847656
259,beta,underwater,,0.012985743582248688
259,B,momentum,kospi_return_1d,0.0006397971883416176
259,B,momentum,fx_level_z_252,0.00022977522166911513
259,B,persist,kospi_return_1d,-0.020633187144994736
259,B,persist,fx_level_z_252,-0.0005188879440538585
259,B,underwater,kospi_return_1d,-0.0005299590411596
259,B,underwater,fx_level_z_252,-0.027018509805202484
259,alpha,,kospi_return_1d,0.034144893288612366
259,alpha,,fx_level_z_252,0.02717624045908451
260,beta,momentum,,-0.036493055522441864
260,beta,persist,,0.10455301403999329
260,beta,underwater,,0.012790040113031864
260,B,momentum,kospi_return_1d,0.0008129593916237354
260,B,momentum,fx_level_z_252,0.00023375646560452878
260,B,persist,kospi_return_1d,-0.020729931071400642
260,B,persist,fx_level_z_252,-0.0005058356910012662
260,B,underwater,kospi_return_1d,-0.00048186792992055416
260,B,underwater,fx_level_z_252,-0.027013642713427544
260,alpha,,kospi_return_1d,0.03428239747881889
260,alpha,,fx_level_z_252,0.027107130736112595
261,beta,momentum,,-0.03661363199353218
261,beta,persist,,0.10462851822376251
261,beta,underwater,,0.01260069664567709
261,B,momentum,kospi_return_1d,0.0010831226827576756
261,B,momentum,fx_level_z_252,0.00029323995113372803
261,B,persist,kospi_return_1d,-0.02083168737590313
261,B,persist,fx_level_z_252,-0.0004562371177598834
261,B,underwater,kospi_return_1d,-0.00047490245196968317
261,B,underwater,fx_level_z_252,-0.02703973464667797
261,alpha,,kospi_return_1d,0.03444060683250427
261,alpha,,fx_level_z_252,0.027104778215289116
262,beta,momentum,,-0.036721132695674896
262,beta,persist,,0.10471319407224655
262,beta,underwater,,0.0124415447935462
262,B,momentum,kospi_return_1d,0.0011104990262538195
262,B,momentum,fx_level_z_252,0.00026098283706232905
262,B,persist,kospi_return_1d,-0.020625947043299675
262,B,persist,fx_level_z_252,-0.00041763277840800583
262,B,underwater,kospi_return_1d,-0.0002687183441594243
262,B,underwater,fx_level_z_252,-0.02703922614455223
262,alpha,,kospi_return_1d,0.03449399024248123
262,alpha,,fx_level_z_252,0.02714024856686592
263,beta,momentum,,-0.036862220615148544
263,beta,persist,,0.10472000390291214
263,beta,underwater,,0.01227259635925293
263,B,momentum,kospi_return_1d,0.0012205877574160695
263,B,momentum,fx_level_z_252,0.00033786334097385406
263,B,persist,kospi_return_1d,-0.02052127756178379
263,B,persist,fx_level_z_252,-0.0003188041737303138
263,B,underwater,kospi_return_1d,-0.00016929215053096414
263,B,underwater,fx_level_z_252,-0.026968281716108322
263,alpha,,kospi_return_1d,0.03435150906443596
263,alpha,,fx_level_z_252,0.027088677510619164
264,beta,momentum,,-0.03682544082403183
264,beta,persist,,0.1046348512172699
264,beta,underwater,,0.0119988564401865
264,B,momentum,kospi_return_1d,0.00147325883153826
264,B,momentum,fx_level_z_252,0.0002686512307263911
264,B,persist,kospi_return_1d,-0.020344147458672523
264,B,persist,fx_level_z_252,-0.00016225065337494016
264,B,underwater,kospi_return_1d,-6.423622107831761e-05
264,B,underwater,fx_level_z_252,-0.026922637596726418
264,alpha,,kospi_return_1d,0.0342964306473732
264,alpha,,fx_level_z_252,0.027048684656620026
265,beta,momentum,,-0.03672364354133606
265,beta,persist,,0.10459916293621063
265,beta,underwater,,0.011805681511759758
265,B,momentum,kospi_return_1d,0.0019225312862545252
265,B,momentum,fx_level_z_252,9.514368139207363e-05
265,B,persist,kospi_return_1d,-0.0202674251049757
265,B,persist,fx_level_z_252,9.489885997027159e-06
265,B,underwater,kospi_return_1d,-0.00012806567247025669
265,B,underwater,fx_level_z_252,-0.026836242526769638
265,alpha,,kospi_return_1d,0.0341796912252903
265,alpha,,fx_level_z_252,0.026974797248840332
266,beta,momentum,,-0.03664937615394592
266,beta,persist,,0.1045246347784996
266,beta,underwater,,0.011668747290968895
266,B,momentum,kospi_return_1d,0.0024453771766275167
266,B,momentum,fx_level_z_252,-0.00011770702985813841
266,B,persist,kospi_return_1d,-0.020182965323328972
266,B,persist,fx_level_z_252,0.00014801003271713853
266,B,underwater,kospi_return_1d,-0.0003207761328667402
266,B,underwater,fx_level_z_252,-0.026807161048054695
266,alpha,,kospi_return_1d,0.03423066437244415
266,alpha,,fx_level_z_252,0.026974491775035858
267,beta,momentum,,-0.03676426410675049
267,beta,persist,,0.10447730123996735
267,beta,underwater,,0.011717179790139198
267,B,momentum,kospi_return_1d,0.002825658768415451
267,B,momentum,fx_level_z_252,-0.00021332544565666467
267,B,persist,kospi_return_1d,-0.020050466060638428
267,B,persist,fx_level_z_252,0.0002579002466518432
267,B,underwater,kospi_return_1d,-0.0005474698264151812
267,B,underwater,fx_level_z_252,-0.026724817231297493
267,alpha,,kospi_return_1d,0.0342266745865345
267,alpha,,fx_level_z_252,0.027178853750228882
268,beta,momentum,,-0.036879200488328934
268,beta,persist,,0.10444693267345428
268,beta,underwater,,0.011810505762696266
268,B,momentum,kospi_return_1d,0.003068347694352269
268,B,momentum,fx_level_z_252,-0.00021438486874103546
268,B,persist,kospi_return_1d,-0.019899919629096985
268,B,persist,fx_level_z_252,0.00027368395240046084
268,B,underwater,kospi_return_1d,-0.0006228717393241823
268,B,underwater,fx_level_z_252,-0.026662347838282585
268,alpha,,kospi_return_1d,0.03416343778371811
268,alpha,,fx_level_z_252,0.027430687099695206
269,beta,momentum,,-0.03692622110247612
269,beta,persist,,0.10439722239971161
269,beta,underwater,,0.011815984733402729
269,B,momentum,kospi_return_1d,0.003195160999894142
269,B,momentum,fx_level_z_252,-0.0002115484094247222
269,B,persist,kospi_return_1d,-0.01965617947280407
269,B,persist,fx_level_z_252,0.00027233929722569883
269,B,underwater,kospi_return_1d,-0.000381284742616117
269,B,underwater,fx_level_z_252,-0.026561511680483818
269,alpha,,kospi_return_1d,0.034340616315603256
269,alpha,,fx_level_z_252,0.02752135507762432
270,beta,momentum,,-0.036826085299253464
270,beta,persist,,0.10432688891887665
270,beta,underwater,,0.011719303205609322
270,B,momentum,kospi_return_1d,0.0032770223915576935
270,B,momentum,fx_level_z_252,2.4365552235394716e-05
270,B,persist,kospi_return_1d,-0.019437270238995552
270,B,persist,fx_level_z_252,0.00014792950241826475
270,B,underwater,kospi_return_1d,-0.00028598352218978107
270,B,underwater,fx_level_z_252,-0.026552285999059677
270,alpha,,kospi_return_1d,0.034614719450473785
270,alpha,,fx_level_z_252,0.027453290298581123
271,beta,momentum,,-0.036670953035354614
271,beta,persist,,0.10419103503227234
271,beta,underwater,,0.011636762879788876
271,B,momentum,kospi_return_1d,0.003387420903891325
271,B,momentum,fx_level_z_252,8.468527812510729e-05
271,B,persist,kospi_return_1d,-0.01924281194806099
271,B,persist,fx_level_z_252,0.00018606192315928638
271,B,underwater,kospi_return_1d,-0.0002448644663672894
271,B,underwater,fx_level_z_252,-0.026569534093141556
271,alpha,,kospi_return_1d,0.03488696366548538
271,alpha,,fx_level_z_252,0.027403146028518677
272,beta,momentum,,-0.03658277168869972
272,beta,persist,,0.1039806678891182
272,beta,underwater,,0.011551822535693645
272,B,momentum,kospi_return_1d,0.003647831967100501
272,B,momentum,fx_level_z_252,6.714867777191103e-05
272,B,persist,kospi_return_1d,-0.01911921612918377
272,B,persist,fx_level_z_252,0.0002950275084003806
272,B,underwater,kospi_return_1d,-0.00030140465241856873
272,B,underwater,fx_level_z_252,-0.026524588465690613
272,alpha,,kospi_return_1d,0.035402409732341766
272,alpha,,fx_level_z_252,0.027233077213168144
273,beta,momentum,,-0.03654595464468002
273,beta,persist,,0.1038236916065216
273,beta,underwater,,0.011276216246187687
273,B,momentum,kospi_return_1d,0.0037918149027973413
273,B,momentum,fx_level_z_252,0.00011133369844174013
273,B,persist,kospi_return_1d,-0.019096802920103073
273,B,persist,fx_level_z_252,0.00024080832372419536
273,B,underwater,kospi_return_1d,-9.77169256657362e-05
273,B,underwater,fx_level_z_252,-0.026566186919808388
273,alpha,,kospi_return_1d,0.03577589616179466
273,alpha,,fx_level_z_252,0.027106549590826035
274,beta,momentum,,-0.03655023127794266
274,beta,persist,,0.1037454828619957
274,beta,underwater,,0.011062451638281345
274,B,momentum,kospi_return_1d,0.003843389917165041
274,B,momentum,fx_level_z_252,8.682130282977596e-05
274,B,persist,kospi_return_1d,-0.019092749804258347
274,B,persist,fx_level_z_252,0.0001312588865403086
274,B,underwater,kospi_return_1d,8.220503514166921e-05
274,B,underwater,fx_level_z_252,-0.026679834350943565
274,alpha,,kospi_return_1d,0.03592696413397789
274,alpha,,fx_level_z_252,0.026863006874918938
275,beta,momentum,,-0.03652114048600197
275,beta,persist,,0.10373449325561523
275,beta,underwater,,0.011000208556652069
275,B,momentum,kospi_return_1d,0.003856134368106723
275,B,momentum,fx_level_z_252,-5.17797379870899e-05
275,B,persist,kospi_return_1d,-0.019258039072155952
275,B,persist,fx_level_z_252,5.077321839053184e-05
275,B,underwater,kospi_return_1d,5.6268469052156433e-05
275,B,underwater,fx_level_z_252,-0.026593947783112526
275,alpha,,kospi_return_1d,0.03582184761762619
275,alpha,,fx_level_z_252,0.02677740901708603
276,beta,momentum,,-0.03648291900753975
276,beta,persist,,0.10378311574459076
276,beta,underwater,,0.010900921188294888
276,B,momentum,kospi_return_1d,0.0037494953721761703
276,B,momentum,fx_level_z_252,2.7768452127929777e-05
276,B,persist,kospi_return_1d,-0.019278280436992645
276,B,persist,fx_level_z_252,-0.00015746228746138513
276,B,underwater,kospi_return_1d,1.1300293408567086e-05
276,B,underwater,fx_level_z_252,-0.026706326752901077
276,alpha,,kospi_return_1d,0.03569283336400986
276,alpha,,fx_level_z_252,0.026769453659653664
277,beta,momentum,,-0.0365370474755764
277,beta,persist,,0.10389713943004608
277,beta,underwater,,0.010880876332521439
277,B,momentum,kospi_return_1d,0.003392323851585388
277,B,momentum,fx_level_z_252,0.0001405974617227912
277,B,persist,kospi_return_1d,-0.01926734298467636
277,B,persist,fx_level_z_252,-0.0002051802002824843
277,B,underwater,kospi_return_1d,1.6474623407702893e-05
277,B,underwater,fx_level_z_252,-0.026843739673495293
277,alpha,,kospi_return_1d,0.03541448712348938
277,alpha,,fx_level_z_252,0.026998871937394142
278,beta,momentum,,-0.03655771538615227
278,beta,persist,,0.1039293110370636
278,beta,underwater,,0.010831223800778389
278,B,momentum,kospi_return_1d,0.0030475351959466934
278,B,momentum,fx_level_z_252,0.00011740189074771479
278,B,persist,kospi_return_1d,-0.019140299409627914
278,B,persist,fx_level_z_252,-0.00020389359269756824
278,B,underwater,kospi_return_1d,-1.618016540305689e-06
278,B,underwater,fx_level_z_252,-0.026991944760084152
278,alpha,,kospi_return_1d,0.03519166260957718
278,alpha,,fx_level_z_252,0.027213776484131813
279,beta,momentum,,-0.036640655249357224
279,beta,persist,,0.10399578511714935
279,beta,underwater,,0.010919682681560516
279,B,momentum,kospi_return_1d,0.0026829370763152838
279,B,momentum,fx_level_z_252,-3.5899123759008944e-05
279,B,persist,kospi_return_1d,-0.018904566764831543
279,B,persist,fx_level_z_252,-0.00011644385813269764
279,B,underwater,kospi_return_1d,-0.0001227246248163283
279,B,underwater,fx_level_z_252,-0.027012327685952187
279,alpha,,kospi_return_1d,0.034875474870204926
279,alpha,,fx_level_z_252,0.02733028307557106
280,beta,momentum,,-0.036748357117176056
280,beta,persist,,0.10404343903064728
280,beta,underwater,,0.011053469032049179
280,B,momentum,kospi_return_1d,0.0023552016355097294
280,B,momentum,fx_level_z_252,-0.00012056480045430362
280,B,persist,kospi_return_1d,-0.018937768414616585
280,B,persist,fx_level_z_252,6.371447670971975e-05
280,B,underwater,kospi_return_1d,-0.00041237426921725273
280,B,underwater,fx_level_z_252,-0.02695007063448429
280,alpha,,kospi_return_1d,0.03453632816672325
280,alpha,,fx_level_z_252,0.027581680566072464
281,beta,momentum,,-0.03692242503166199
281,beta,persist,,0.10407749563455582
281,beta,underwater,,0.011258386075496674
281,B,momentum,kospi_return_1d,0.001982202986255288
281,B,momentum,fx_level_z_252,-0.00017970596672967076
281,B,persist,kospi_return_1d,-0.01885572262108326
281,B,persist,fx_level_z_252,0.00017068450688384473
281,B,underwater,kospi_return_1d,-0.0006747333100065589
281,B,underwater,fx_level_z_252,-0.026722580194473267
281,alpha,,kospi_return_1d,0.03435643017292023
281,alpha,,fx_level_z_252,0.0278570968657732
282,beta,momentum,,-0.03726013004779816
282,beta,persist,,0.10412026941776276
282,beta,underwater,,0.011570872738957405
282,B,momentum,kospi_return_1d,0.0017435721820220351
282,B,momentum,fx_level_z_252,-5.1781236834358424e-05
282,B,persist,kospi_return_1d,-0.01889241859316826
282,B,persist,fx_level_z_252,0.00012563115160446614
282,B,underwater,kospi_return_1d,-0.0010612967889755964
282,B,underwater,fx_level_z_252,-0.026515915989875793
282,alpha,,kospi_return_1d,0.034158919006586075
282,alpha,,fx_level_z_252,0.028198549523949623
283,beta,momentum,,-0.037659525871276855
283,beta,persist,,0.10429099202156067
283,beta,underwater,,0.01199105940759182
283,B,momentum,kospi_return_1d,0.0014849987346678972
283,B,momentum,fx_level_z_252,6.531587860081345e-05
283,B,persist,kospi_return_1d,-0.018954837694764137
283,B,persist,fx_level_z_252,8.603146125096828e-05
283,B,underwater,kospi_return_1d,-0.0013262021820992231
283,B,underwater,fx_level_z_252,-0.026212768629193306
283,alpha,,kospi_return_1d,0.033901963382959366
283,alpha,,fx_level_z_252,0.028529617935419083
284,beta,momentum,,-0.038004711270332336
284,beta,persist,,0.10439711809158325
284,beta,underwater,,0.012278524227440357
284,B,momentum,kospi_return_1d,0.0012532214168459177
284,B,momentum,fx_level_z_252,9.795978985494003e-05
284,B,persist,kospi_return_1d,-0.019188856706023216
284,B,persist,fx_level_z_252,-3.2572061172686517e-06
284,B,underwater,kospi_return_1d,-0.0014514626236632466
284,B,underwater,fx_level_z_252,-0.025943176820874214
284,alpha,,kospi_return_1d,0.033594101667404175
284,alpha,,fx_level_z_252,0.028691047802567482
285,beta,momentum,,-0.0381445437669754
285,beta,persist,,0.10447844117879868
285,beta,underwater,,0.012345376424491405
285,B,momentum,kospi_return_1d,0.0010570017620921135
285,B,momentum,fx_level_z_252,0.0002882618282455951
285,B,persist,kospi_return_1d,-0.019140107557177544
285,B,persist,fx_level_z_252,-0.00010848489182535559
285,B,underwater,kospi_return_1d,-0.0014557956019416451
285,B,underwater,fx_level_z_252,-0.025968559086322784
285,alpha,,kospi_return_1d,0.033350542187690735
285,alpha,,fx_level_z_252,0.02878035046160221
286,beta,momentum,,-0.03811029717326164
286,beta,persist,,0.10452041029930115
286,beta,underwater,,0.012356804683804512
286,B,momentum,kospi_return_1d,0.0011348029365763068
286,B,momentum,fx_level_z_252,0.00027137447614222765
286,B,persist,kospi_return_1d,-0.019167214632034302
286,B,persist,fx_level_z_252,-0.00019615230849012733
286,B,underwater,kospi_return_1d,-0.0013455365551635623
286,B,underwater,fx_level_z_252,-0.0261186882853508
286,alpha,,kospi_return_1d,0.033165015280246735
286,alpha,,fx_level_z_252,0.028888866305351257
287,beta,momentum,,-0.0378604456782341
287,beta,persist,,0.10448025912046432
287,beta,underwater,,0.012179569341242313
287,B,momentum,kospi_return_1d,0.0010652962373569608
287,B,momentum,fx_level_z_252,0.00019191742467228323
287,B,persist,kospi_return_1d,-0.019027933478355408
287,B,persist,fx_level_z_252,-7.273290248122066e-05
287,B,underwater,kospi_return_1d,-0.0010111078154295683
287,B,underwater,fx_level_z_252,-0.026476910337805748
287,alpha,,kospi_return_1d,0.03314438462257385
287,alpha,,fx_level_z_252,0.028844216838479042
288,beta,momentum,,-0.037631887942552567
288,beta,persist,,0.10449208319187164
288,beta,underwater,,0.012004752643406391
288,B,momentum,kospi_return_1d,0.0011969925835728645
288,B,momentum,fx_level_z_252,3.630449646152556e-05
288,B,persist,kospi_return_1d,-0.018988989293575287
288,B,persist,fx_level_z_252,5.416311614681035e-05
288,B,underwater,kospi_return_1d,-0.0008189587388187647
288,B,underwater,fx_level_z_252,-0.026706015691161156
288,alpha,,kospi_return_1d,0.03317124769091606
288,alpha,,fx_level_z_252,0.0286382008343935
289,beta,momentum,,-0.03734069690108299
289,beta,persist,,0.10441117733716965
289,beta,underwater,,0.011827423237264156
289,B,momentum,kospi_return_1d,0.0014133002841845155
289,B,momentum,fx_level_z_252,-0.0002978855336550623
289,B,persist,kospi_return_1d,-0.019163332879543304
289,B,persist,fx_level_z_252,0.0004008270916529
289,B,underwater,kospi_return_1d,-0.0007586796418763697
289,B,underwater,fx_level_z_252,-0.026676693931221962
289,alpha,,kospi_return_1d,0.0332266166806221
289,alpha,,fx_level_z_252,0.028329527005553246
290,beta,momentum,,-0.03703612834215164
290,beta,persist,,0.10436557978391647
290,beta,underwater,,0.011612885631620884
290,B,momentum,kospi_return_1d,0.0015957896830514073
290,B,momentum,fx_level_z_252,-0.00041549414163455367
290,B,persist,kospi_return_1d,-0.019187645986676216
290,B,persist,fx_level_z_252,0.000529426266439259
290,B,underwater,kospi_return_1d,-0.0005748063558712602
290,B,underwater,fx_level_z_252,-0.02684042789041996
290,alpha,,kospi_return_1d,0.03332469239830971
290,alpha,,fx_level_z_252,0.028192946687340736
291,beta,momentum,,-0.03678912669420242
291,beta,persist,,0.10429646819829941
291,beta,underwater,,0.011519253253936768
291,B,momentum,kospi_return_1d,0.00160214863717556
291,B,momentum,fx_level_z_252,-0.00046246149577200413
291,B,persist,kospi_return_1d,-0.019024938344955444
291,B,persist,fx_level_z_252,0.0005198123399168253
291,B,underwater,kospi_return_1d,-0.00035113145713694394
291,B,underwater,fx_level_z_252,-0.027082882821559906
291,alpha,,kospi_return_1d,0.033337708562612534
291,alpha,,fx_level_z_252,0.02804993838071823
292,beta,momentum,,-0.036542486399412155
292,beta,persist,,0.1041804850101471
292,beta,underwater,,0.011543627828359604
292,B,momentum,kospi_return_1d,0.0017233594553545117
292,B,momentum,fx_level_z_252,-0.0003965355863329023
292,B,persist,kospi_return_1d,-0.01898559369146824
292,B,persist,fx_level_z_252,0.00039810684393160045
292,B,underwater,kospi_return_1d,-0.00036180324968881905
292,B,underwater,fx_level_z_252,-0.027241608127951622
292,alpha,,kospi_return_1d,0.033476460725069046
292,alpha,,fx_level_z_252,0.027873842045664787
293,beta,momentum,,-0.03635091334581375
293,beta,persist,,0.10406169295310974
293,beta,underwater,,0.011624477803707123
293,B,momentum,kospi_return_1d,0.001859848271124065
293,B,momentum,fx_level_z_252,-0.00020597042748704553
293,B,persist,kospi_return_1d,-0.019008547067642212
293,B,persist,fx_level_z_252,0.0002525150775909424
293,B,underwater,kospi_return_1d,-0.0004090809670742601
293,B,underwater,fx_level_z_252,-0.02735101990401745
293,alpha,,kospi_return_1d,0.03355531021952629
293,alpha,,fx_level_z_252,0.02779979631304741
294,beta,momentum,,-0.03620808944106102
294,beta,persist,,0.10403597354888916
294,beta,underwater,,0.011759292334318161
294,B,momentum,kospi_return_1d,0.0019268497126176953
294,B,momentum,fx_level_z_252,5.4185904446057975e-05
294,B,persist,kospi_return_1d,-0.019120901823043823
294,B,persist,fx_level_z_252,-3.917899448424578e-05
294,B,underwater,kospi_return_1d,-0.0005108756013214588
294,B,underwater,fx_level_z_252,-0.027440305799245834
294,alpha,,kospi_return_1d,0.03356365114450455
294,alpha,,fx_level_z_252,0.027827206999063492
295,beta,momentum,,-0.03598473221063614
295,beta,persist,,0.10406012088060379
295,beta,underwater,,0.011879182420670986
295,B,momentum,kospi_return_1d,0.0020242712926119566
295,B,momentum,fx_level_z_252,0.00035169621696695685
295,B,persist,kospi_return_1d,-0.019302306696772575
295,B,persist,fx_level_z_252,-0.0001507468259660527
295,B,underwater,kospi_return_1d,-0.0006402473081834614
295,B,underwater,fx_level_z_252,-0.02754717320203781
295,alpha,,kospi_return_1d,0.03359093889594078
295,alpha,,fx_level_z_252,0.02770902030169964
296,beta,momentum,,-0.035858068615198135
296,beta,persist,,0.10415283590555191
296,beta,underwater,,0.012164846993982792
296,B,momentum,kospi_return_1d,0.0019135406473651528
296,B,momentum,fx_level_z_252,0.0004957609926350415
296,B,persist,kospi_return_1d,-0.019404148682951927
296,B,persist,fx_level_z_252,-7.305550388991833e-05
296,B,underwater,kospi_return_1d,-0.0007528808782808483
296,B,underwater,fx_level_z_252,-0.027609320357441902
296,alpha,,kospi_return_1d,0.03349895402789116
296,alpha,,fx_level_z_252,0.027522550895810127
297,beta,momentum,,-0.03590286895632744
297,beta,persist,,0.10432069003582001
297,beta,underwater,,0.01255311630666256
297,B,momentum,kospi_return_1d,0.0016836829017847776
297,B,momentum,fx_level_z_252,0.0005753823788836598
297,B,persist,kospi_return_1d,-0.019551105797290802
297,B,persist,fx_level_z_252,0.00020434160251170397
297,B,underwater,kospi_return_1d,-0.0009133811108767986
297,B,underwater,fx_level_z_252,-0.027483992278575897
297,alpha,,kospi_return_1d,0.033310141414403915
297,alpha,,fx_level_z_252,0.027419734746217728
298,beta,momentum,,-0.03592095896601677
298,beta,persist,,0.10440173745155334
298,beta,underwater,,0.012812910601496696
298,B,momentum,kospi_return_1d,0.0014576573157683015
298,B,momentum,fx_level_z_252,0.0005015663919039071
298,B,persist,kospi_return_1d,-0.01978040486574173
298,B,persist,fx_level_z_252,0.0003474306140560657
298,B,underwater,kospi_return_1d,-0.001104273134842515
298,B,underwater,fx_level_z_252,-0.02747357450425625
298,alpha,,kospi_return_1d,0.033229123800992966
298,alpha,,fx_level_z_252,0.02725069597363472
299,beta,momentum,,-0.035698551684617996
299,beta,persist,,0.10435814410448074
299,beta,underwater,,0.012821576558053493
299,B,momentum,kospi_return_1d,0.0013630404137074947
299,B,momentum,fx_level_z_252,0.00023401547514367849
299,B,persist,kospi_return_1d,-0.020020589232444763
299,B,persist,fx_level_z_252,0.0005024961428716779
299,B,underwater,kospi_return_1d,-0.0012484717881307006
299,B,underwater,fx_level_z_252,-0.02752639725804329
299,alpha,,kospi_return_1d,0.03303109481930733
299,alpha,,fx_level_z_252,0.0269462913274765
300,beta,momentum,,-0.03556113317608833
300,beta,persist,,0.10436275601387024
300,beta,underwater,,0.012833782471716404
300,B,momentum,kospi_return_1d,0.0012632192810997367
300,B,momentum,fx_level_z_252,-7.758966239634901e-05
300,B,persist,kospi_return_1d,-0.020090222358703613
300,B,persist,fx_level_z_252,0.000510403246153146
300,B,underwater,kospi_return_1d,-0.0012435175012797117
300,B,underwater,fx_level_z_252,-0.027643974870443344
300,alpha,,kospi_return_1d,0.0328654982149601
300,alpha,,fx_level_z_252,0.026745514944195747
